"term","df","sumsq","meansq","statistic","p.value"
"treatment",3,1982.11398696925,660.704662323084,0.914543253717438,0.440381337898436
"Residuals",52,37566.9956572829,722.442224178518,NA,NA
