"term","contrast","null.value","estimate","conf.low","conf.high","adj.p.value"
"treatment","OA-control",0,-15.7646080319696,-45.7708005798825,14.2415845159433,0.508503128602874
"treatment","OW-control",0,-15.467571019935,-42.6746738891968,11.7395318493268,0.439633736372119
"treatment","DO-control",0,-8.85593575793968,-40.0255878426503,22.3137163267709,0.874507895434097
"treatment","OW-OA",0,0.297037012034643,-24.6586572033233,25.2527312273926,0.999988518675436
"treatment","DO-OA",0,6.90867227402994,-22.316444292269,36.1337888403289,0.922784433997911
"treatment","DO-OW",0,6.6116352619953,-19.7315288158054,32.954799339796,0.909332466315491
