"effect","term","estimate","std.error","statistic","df","p.value"
"fixed","(Intercept)",79.2410674491424,7.20673440627622,10.9954194204982,83.8628165633123,6.22100953383488e-18
"fixed","mussel_trtOA",-5.47842306845277,9.56380792660743,-0.572828637974971,91.4826025570227,0.568165998081793
"fixed","mussel_trtOW",-2.99821062933425,9.56980737287335,-0.313298952895646,106.526190479627,0.754666144972989
"fixed","mussel_trtDO",-12.4930524947351,9.61442182249519,-1.29940756973078,93.1048267090724,0.197012451498456
"fixed","timepointpost",-7.5119014719437,10.4607960588382,-0.718100365372954,83.8500484111532,0.474691505303268
"fixed","mussel_trtOA:timepointpost",-8.40589182908987,12.8814973913417,-0.652555488986853,151.365623150839,0.515032696452979
"fixed","mussel_trtOW:timepointpost",-12.1301746313222,12.3433294366607,-0.982731174240115,135.323707075943,0.327493501243503
"fixed","mussel_trtDO:timepointpost",12.1955264828369,13.1754711029878,0.925623561200123,157.329503015625,0.35605927567177
