"contrast","estimate","SE","df","t.ratio","p.value"
"control - OA",13.8843148975426,10.3229017060898,108.985652000438,1.3450011724273,0.536506139756638
"control - OW",15.1283852606564,9.15582042626667,89.6223732392245,1.65232437469561,0.355018581201664
"control - DO",0.297526011898238,10.6486645333919,113.495933076854,0.0279402183217681,0.99999211653358
"OA - OW",1.24407036311378,8.67941552327389,126.045228163162,0.143335730358547,0.998944357957378
"OA - DO",-13.5867888856444,10.2419364620331,149.272562279817,-1.32658398497302,0.547520876379641
"OW - DO",-14.8308592487582,9.06443658132007,131.863720592248,-1.63615897311494,0.362031244982207
