"code","direction","GO.ID","Annotated","Significant","p_weight01","p_classic"
"FOA_TC","up","GO:0031526",13,1,0.233036082371217,0.233036082371217
"FOA_TC","up","GO:0045177",124,2,1,0.72048292609171
"FOA_TC","up","GO:0045178",64,1,1,0.731200152895188
"FOA_TC","up","GO:0030672",50,1,0.641115172074138,0.641115172074138
"FOA_TC","up","GO:0048475",36,1,1,0.521282471560462
"FOA_TC","up","GO:0005615",166,4,1,0.432620806219093
"FOA_TC","up","GO:0005852",13,1,0.233036082371217,0.233036082371217
"FOA_TC","up","GO:0097729",123,2,1,0.716276502854035
"FOA_TC","up","GO:0099512",258,2,1,0.970514073389618
"FOA_TC","up","GO:0016528",31,1,1,0.469519215780338
"FOA_TC","up","GO:0072686",42,1,0.576840884861652,0.576840884861652
"FOA_TC","up","GO:0097038",11,1,0.201041923732059,0.201041923732059
"FOA_TC","up","GO:0140168",153,4,1,0.372630994989545
"FOA_TC","up","GO:0099513",167,2,1,0.857558714169121
"FOA_TC","up","GO:0016529",29,1,0.447297341268964,0.447297341268964
"FOA_TC","up","GO:0005856",760,5,0.956677784753354,0.999740462847556
"FOA_TC","up","GO:0000785",234,5,0.514128135369567,0.514128135369567
"FOA_TC","up","GO:0008021",91,1,1,0.846468112791593
"FOA_TC","up","GO:0031514",145,2,1,0.797425289726553
"FOA_TC","up","GO:0043226",3605,67,1,0.94995360785628
"FOA_TC","up","GO:0032279",120,1,1,0.916198070422532
"FOA_TC","up","GO:0043227",3259,66,1,0.530943234998903
"FOA_TC","up","GO:0031981",1025,23,1,0.316381343497587
"FOA_TC","up","GO:0043228",1634,30,1,0.776909046940708
"FOA_TC","up","GO:0031982",719,8,1,0.984643045487688
"FOA_TC","up","GO:0016323",49,1,0.633641864690212,0.633641864690212
"FOA_TC","up","GO:0043229",3505,66,1,0.909301437293988
"FOA_TC","up","GO:0098862",42,1,1,0.576840884861652
"FOA_TC","up","GO:0031984",468,5,1,0.9669280272495
"FOA_TC","up","GO:0016324",94,2,0.808375749728724,0.570523132356967
"FOA_TC","up","GO:0005881",59,1,0.701938382643638,0.701938382643638
"FOA_TC","up","GO:0001650",32,2,0.135424094341769,0.135424094341769
"FOA_TC","up","GO:0005740",193,6,1,0.192902988434836
"FOA_TC","up","GO:0005741",61,1,0.714003036616808,0.714003036616808
"FOA_TC","up","GO:0016020",1936,33,0.068481946281653,0.921469315419612
"FOA_TC","up","GO:0120025",747,9,1,0.975798933296109
"FOA_TC","up","GO:0005743",116,5,0.582490835021155,0.0838365972561206
"FOA_TC","up","GO:0030863",28,1,1,0.435843682672189
"FOA_TC","up","GO:0005886",996,11,0.992489454016255,0.995431588839382
"FOA_TC","up","GO:0030864",21,1,0.348824595832833,0.348824595832833
"FOA_TC","up","GO:1905368",60,1,0.708032327569143,0.708032327569143
"FOA_TC","up","GO:0005938",136,1,1,0.940100894097361
"FOA_TC","up","GO:0043025",135,3,0.516596864427611,0.516596864427611
"FOA_TC","up","GO:0098590",309,5,1,0.757699960256205
"FOA_TC","up","GO:0034702",56,1,0.68289173369979,0.68289173369979
"FOA_TC","up","GO:0005634",1867,42,0.433264247766219,0.203524400842787
"FOA_TC","up","GO:0045495",21,1,1,0.348824595832833
"FOA_TC","up","GO:0005635",129,3,0.68713237911308,0.485918745103822
"FOA_TC","up","GO:0031974",1229,34,1,0.0212458236361417
"FOA_TC","up","GO:0030424",193,3,0.75530150681447,0.75530150681447
"FOA_TC","up","GO:0043197",48,1,0.626014700179946,0.626014700179946
"FOA_TC","up","GO:0030425",179,2,0.933429651556422,0.883101243536622
"FOA_TC","up","GO:0005730",278,14,0.0224908662171762,0.00117880413805174
"FOA_TC","up","GO:0060293",19,1,1,0.321610143378751
"FOA_TC","up","GO:0071944",1115,12,1,0.997979560757004
"FOA_TC","up","GO:0005874",126,2,1,0.728740587502672
"FOA_TC","up","GO:0005732",11,2,0.019668730541217,0.019668730541217
"FOA_TC","up","GO:1990904",323,8,1,0.326001863889897
"FOA_TC","up","GO:0005876",15,1,0.263762709798331,0.263762709798331
"FOA_TC","up","GO:0044322",11,1,0.201041923732059,0.201041923732059
"FOA_TC","up","GO:0042470",40,2,0.192644771654046,0.192644771654046
"FOA_TC","up","GO:0098858",57,1,1,0.689370676711599
"FOA_TC","up","GO:0097447",179,2,1,0.883101243536622
"FOA_TC","up","GO:0005737",3214,64,0.91067030516403,0.630526268016138
"FOA_TC","up","GO:0005739",408,14,0.562220796857294,0.0325463997907377
"FOA_TC","up","GO:0015629",175,1,1,0.97371824663973
"FOA_TC","up","GO:0070993",16,2,1,0.0402088767411438
"FOA_TC","up","GO:0015030",16,1,0.27866629866881,0.27866629866881
"FOA_TC","up","GO:1990351",114,3,1,0.405713971053129
"FOA_TC","up","GO:0009986",115,2,0.680719012756835,0.680719012756835
"FOA_TC","up","GO:0043230",166,4,1,0.432620806219093
"FOA_TC","up","GO:0043231",3020,65,1,0.209315266212484
"FOA_TC","up","GO:0043232",1634,30,0.796675835854541,0.776909046940708
"FOA_TC","up","GO:0005829",1264,30,0.171812539239181,0.171812539239181
"FOA_TC","up","GO:0043233",1229,34,1,0.0212458236361417
"FOA_TC","up","GO:0043235",68,2,0.548231168548865,0.400688803020701
"FOA_TC","up","GO:0070062",164,4,0.423461853386815,0.423461853386815
"FOA_TC","up","GO:0005694",382,11,0.100851440257973,0.144324304367242
"FOA_TC","up","GO:0005813",208,2,0.975938103898055,0.928489234775786
"FOA_TC","up","GO:0000932",44,2,0.222337216592071,0.222337216592071
"FOA_TC","up","GO:0005790",11,1,0.201041923732059,0.201041923732059
"FOA_TC","up","GO:0005902",19,1,0.321610143378751,0.321610143378751
"FOA_TC","up","GO:0032040",32,4,0.00361742501640774,0.00361742501640774
"FOA_TC","up","GO:0005903",27,1,1,0.424155361180591
"FOA_TC","up","GO:0005815",275,2,1,0.978388212836474
"FOA_TC","up","GO:0036126",114,2,1,0.676031486226992
"FOA_TC","up","GO:0005905",27,2,0.102106460759149,0.102106460759149
"FOA_TC","up","GO:0005794",452,7,0.869435720764743,0.821011958463892
"FOA_TC","up","GO:0005819",118,1,1,0.912613362543005
"FOA_TC","up","GO:0005798",34,1,1,0.501205603954978
"FOA_TC","up","GO:0044232",23,1,0.37495895449907,0.37495895449907
"FOA_TC","up","GO:0097060",110,3,1,0.383695695683466
"FOA_TC","up","GO:0005840",109,1,0.894512751918502,0.894512751918502
"FOA_TC","up","GO:0009925",57,1,1,0.689370676711599
"FOA_TC","up","GO:0099501",50,1,1,0.641115172074138
"FOA_TC","up","GO:0015630",479,3,1,0.997637583046939
"FOA_TC","up","GO:0031410",605,6,1,0.987989277572793
"FOA_TC","up","GO:0045211",69,2,0.407817304015592,0.407817304015592
"FOA_TC","up","GO:0099503",209,3,1,0.801788158398591
"FOA_TC","up","GO:0098827",357,5,1,0.858321323055029
"FOA_TC","up","GO:0070382",98,1,1,0.867293870400196
"FOA_TC","up","GO:0034451",28,1,0.435843682672189,0.435843682672189
"FOA_TC","up","GO:0030120",29,1,1,0.447297341268964
"FOA_TC","up","GO:0043296",43,1,1,0.58545919677893
"FOA_TC","up","GO:0030125",12,1,0.217200626398152,0.217200626398152
"FOA_TC","up","GO:0031090",992,18,1,0.7355821192822
"FOA_TC","up","GO:0014069",110,1,0.896694243721658,0.896694243721658
"FOA_TC","up","GO:1903293",25,1,1,0.400055623707217
"FOA_TC","up","GO:0097708",607,6,1,0.988340918418538
"FOA_TC","up","GO:0042734",47,2,0.244846782031948,0.244846782031948
"FOA_TC","up","GO:0005575",4461,90,1,1
"FOA_TC","up","GO:0005576",410,7,0.872029327611842,0.733750068279843
"FOA_TC","up","GO:0098793",218,5,0.507560522107392,0.451052343377611
"FOA_TC","up","GO:0098794",232,6,0.121209461564898,0.325957789558052
"FOA_TC","up","GO:0098796",320,9,0.609067195126477,0.194333299554066
"FOA_TC","up","GO:0042175",362,5,1,0.866498301470037
"FOA_TC","up","GO:0098797",106,2,0.793133067651777,0.636536614346732
"FOA_TC","up","GO:0098798",43,3,1,0.0549115363323102
"FOA_TC","up","GO:0019898",33,2,0.142354246097114,0.142354246097114
"FOA_TC","up","GO:0110165",4449,90,1,0.782799373601849
"FOA_TC","up","GO:0043209",21,2,0.0659651350477374,0.0659651350477374
"FOA_TC","up","GO:0090575",58,2,0.327534067159034,0.327534067159034
"FOA_TC","up","GO:0043186",19,1,0.321610143378751,0.321610143378751
"FOA_TC","up","GO:0030117",36,1,1,0.521282471560462
"FOA_TC","up","GO:0030118",16,1,1,0.27866629866881
"FOA_TC","up","GO:0005667",104,3,0.60682972066912,0.350381967428444
"FOA_TC","up","GO:0098588",605,9,0.835817501248691,0.878736640467473
"FOA_TC","up","GO:0042995",749,10,0.043148836968482,0.95137833947693
"FOA_TC","up","GO:0044297",155,3,1,0.611379149506442
"FOA_TC","up","GO:0005764",165,2,0.852841995769852,0.852841995769852
"FOA_TC","up","GO:0030140",12,1,0.217200626398152,0.217200626398152
"FOA_TC","up","GO:0030141",130,2,0.744645276755686,0.744645276755686
"FOA_TC","up","GO:0043005",363,5,1,0.868086188067528
"FOA_TC","up","GO:0030054",639,12,1,0.653027463096838
"FOA_TC","up","GO:0005768",296,3,0.742321450824772,0.944483767595097
"FOA_TC","up","GO:0033290",14,2,0.0312942245417037,0.0312942245417037
"FOA_TC","up","GO:0005769",120,2,0.737171660472082,0.70334274600187
"FOA_TC","up","GO:0005654",888,14,0.917352838582967,0.882966338714026
"FOA_TC","up","GO:0065010",166,4,1,0.432620806219093
"FOA_TC","up","GO:0000118",30,1,0.458520996342473,0.458520996342473
"FOA_TC","up","GO:0005657",13,1,0.233036082371217,0.233036082371217
"FOA_TC","up","GO:0097225",41,2,0.200021332839242,0.200021332839242
"FOA_TC","up","GO:0061695",91,1,0.846468112791593,0.846468112791593
"FOA_TC","up","GO:0140513",430,9,0.982903958186033,0.506344066181702
"FOA_TC","up","GO:1903561",166,4,1,0.432620806219093
"FOA_TC","up","GO:0036464",113,3,1,0.400227912595107
"FOA_TC","up","GO:1990234",296,2,0.986711885953552,0.985362012694165
"FOA_TC","up","GO:0030133",140,1,1,0.944934860912606
"FOA_TC","up","GO:0031901",55,1,0.676279188758405,0.676279188758405
"FOA_TC","up","GO:0005681",110,1,1,0.896694243721658
"FOA_TC","up","GO:0044309",49,1,1,0.633641864690212
"FOA_TC","up","GO:0005759",96,7,0.00298752191655093,0.00298752191655093
"FOA_TC","up","GO:0031902",46,1,0.610286211884401,0.610286211884401
"FOA_TC","up","GO:0030660",21,1,0.348824595832833,0.348824595832833
"FOA_TC","up","GO:0070013",1229,34,1,0.0212458236361417
"FOA_TC","up","GO:0030135",92,3,0.232095985385891,0.283555939077199
"FOA_TC","up","GO:0030662",55,2,1,0.30509132319299
"FOA_TC","up","GO:0030136",52,2,1,0.282525901633833
"FOA_TC","up","GO:0016363",34,1,0.501205603954978,0.501205603954978
"FOA_TC","up","GO:0005801",16,1,0.27866629866881,0.27866629866881
"FOA_TC","up","GO:1902494",673,10,0.706434185427799,0.8913041033721
"FOA_TC","up","GO:0031253",84,2,0.76462465089067,0.509324824589594
"FOA_TC","up","GO:1902495",106,3,0.268000010983535,0.361514358155944
"FOA_TC","up","GO:0030665",27,2,0.261838199568168,0.102106460759149
"FOA_TC","up","GO:0030139",67,1,0.747374002347752,0.747374002347752
"FOA_TC","up","GO:0032991",1679,33,0.902581632161183,0.615505211519622
"FOA_TC","up","GO:0120111",30,3,0.0217598115166755,0.0217598115166755
"FOA_TC","up","GO:0035770",260,7,1,0.269657025468434
"FOA_TC","up","GO:0010008",154,1,1,0.959007500318511
"FOA_TC","up","GO:0032993",32,1,0.480296477762227,0.480296477762227
"FOA_TC","up","GO:0005783",546,13,0.473045512147379,0.304251859396357
"FOA_TC","up","GO:0019866",130,5,1,0.120815844022983
"FOA_TC","up","GO:0019867",66,1,1,0.742092622605892
"FOA_TC","up","GO:0005788",62,6,0.00141490827226835,0.00141490827226835
"FOA_TC","up","GO:0042383",30,1,1,0.458520996342473
"FOA_TC","up","GO:0005789",355,5,0.854937889376639,0.854937889376639
"FOA_TC","up","GO:0016604",223,4,1,0.666575365943888
"FOA_TC","up","GO:0008287",25,1,0.400055623707217,0.400055623707217
"FOA_TC","up","GO:0016607",139,3,0.536512836912508,0.536512836912508
"FOA_TC","up","GO:0000139",207,3,0.796404536586806,0.796404536586806
"FOA_TC","up","GO:0005770",88,1,1,0.836582312635434
"FOA_TC","up","GO:0098982",25,1,0.400055623707217,0.400055623707217
"FOA_TC","up","GO:0005771",16,1,0.27866629866881,0.27866629866881
"FOA_TC","up","GO:0099572",116,1,1,0.90887709095929
"FOA_TC","up","GO:0030658",85,1,1,0.826067493920226
"FOA_TC","up","GO:0045202",486,10,0.104410739965442,0.524345038537117
"FOA_TC","up","GO:0098984",126,1,1,0.926102433885304
"FOA_TC","up","GO:0140535",331,6,0.667671159057902,0.667671159057902
"FOA_TC","up","GO:0005923",26,1,0.412227624127945,0.412227624127945
"FOA_TC","up","GO:0030659",307,4,0.68534410048036,0.876863092303497
"FOA_TC","up","GO:0005773",204,3,1,0.788105053965979
"FOA_TC","up","GO:0016282",15,1,0.263762709798331,0.263762709798331
"FOA_TC","up","GO:0005774",107,1,0.890012197301951,0.890012197301951
"FOA_TC","up","GO:0048786",29,2,0.115141241962493,0.115141241962493
"FOA_TC","up","GO:0099080",542,9,1,0.78197914311822
"FOA_TC","up","GO:0005929",336,2,1,0.993143755650019
"FOA_TC","up","GO:0099081",258,2,1,0.970514073389618
"FOA_TC","up","GO:0005622",3967,84,1,0.115304339720124
"FOA_TC","up","GO:0098800",17,3,0.00440002879137616,0.00440002879137616
"FOA_TC","up","GO:0000228",58,1,0.695718687405504,0.695718687405504
"FOA_TC","up","GO:0098685",33,1,0.490857172501762,0.490857172501762
"FOA_TC","up","GO:0070160",39,1,1,0.549908620808647
"FOA_TC","up","GO:0098802",29,1,0.447297341268964,0.447297341268964
"FOA_TC","up","GO:0070161",209,2,1,0.929713399764938
"FOA_TC","up","GO:0000323",165,2,1,0.852841995769852
"FOA_TC","up","GO:0030684",56,5,1,0.0050789564622109
"FOA_TC","up","GO:0031965",72,2,0.428957127586704,0.428957127586704
"FOA_TC","up","GO:0031966",183,6,0.302628219847605,0.162835382189532
"FOA_TC","up","GO:0030686",15,2,0.035642365117988,0.035642365117988
"FOA_TC","up","GO:0097470",10,1,0.1845534516238,0.1845534516238
"FOA_TC","up","GO:0048770",40,2,1,0.192644771654046
"FOA_TC","up","GO:0031967",320,8,1,0.316780275601972
"FOA_TC","up","GO:0005911",139,2,0.698376222484137,0.777566163363266
"FOA_TC","up","GO:0030315",13,1,0.233036082371217,0.233036082371217
"FOA_TC","up","GO:0030687",13,1,0.233036082371217,0.233036082371217
"FOA_TC","up","GO:0071011",48,1,0.626014700179946,0.626014700179946
"FOA_TC","up","GO:0031968",66,1,1,0.742092622605892
"FOA_TC","up","GO:0005912",52,1,0.65561243278424,0.65561243278424
"FOA_TC","up","GO:0030688",12,1,0.217200626398152,0.217200626398152
"FOA_TC","up","GO:0012505",1221,24,0.380482168980494,0.600361242228051
"FOA_TC","up","GO:0012506",318,4,1,0.893527295638667
"FOA_TC","up","GO:0010494",50,3,0.0789748231108964,0.0789748231108964
"FOA_TC","up","GO:0098978",171,4,0.455350416422837,0.455350416422837
"FOA_TC","up","GO:0036477",236,3,1,0.863594322065738
"FOA_TC","up","GO:0048471",231,1,1,0.992054095755029
"FOA_TC","up","GO:0000123",37,0,1,1
"FOA_TC","up","GO:0000151",100,0,1,1
"FOA_TC","up","GO:0000152",10,0,1,1
"FOA_TC","up","GO:0000307",13,0,1,1
"FOA_TC","up","GO:0000313",12,0,1,1
"FOA_TC","up","GO:0000407",17,0,1,1
"FOA_TC","up","GO:0000421",17,0,1,1
"FOA_TC","up","GO:0000428",30,0,1,1
"FOA_TC","up","GO:0000502",40,0,1,1
"FOA_TC","up","GO:0000775",62,0,1,1
"FOA_TC","up","GO:0000776",41,0,1,1
"FOA_TC","up","GO:0000779",42,0,1,1
"FOA_TC","up","GO:0000781",26,0,1,1
"FOA_TC","up","GO:0000786",13,0,1,1
"FOA_TC","up","GO:0000791",13,0,1,1
"FOA_TC","up","GO:0000792",25,0,1,1
"FOA_TC","up","GO:0000793",61,0,1,1
"FOA_TC","up","GO:0000794",14,0,1,1
"FOA_TC","up","GO:0000922",50,0,1,1
"FOA_TC","up","GO:0001669",31,0,1,1
"FOA_TC","up","GO:0001725",18,0,1,1
"FOA_TC","up","GO:0001726",54,0,1,1
"FOA_TC","up","GO:0001750",15,0,1,1
"FOA_TC","up","GO:0001917",15,0,1,1
"FOA_TC","up","GO:0002102",15,0,1,1
"FOA_TC","up","GO:0002177",12,0,1,1
"FOA_TC","up","GO:0005581",11,0,1,1
"FOA_TC","up","GO:0005604",33,0,1,1
"FOA_TC","up","GO:0005637",13,0,1,1
"FOA_TC","up","GO:0005643",22,0,1,1
"FOA_TC","up","GO:0005669",11,0,1,1
"FOA_TC","up","GO:0005682",12,0,1,1
"FOA_TC","up","GO:0005684",68,0,1,1
"FOA_TC","up","GO:0005685",15,0,1,1
"FOA_TC","up","GO:0005686",16,0,1,1
"FOA_TC","up","GO:0005689",26,0,1,1
"FOA_TC","up","GO:0005758",20,0,1,1
"FOA_TC","up","GO:0005761",12,0,1,1
"FOA_TC","up","GO:0005765",86,0,1,1
"FOA_TC","up","GO:0005766",19,0,1,1
"FOA_TC","up","GO:0005775",17,0,1,1
"FOA_TC","up","GO:0005776",40,0,1,1
"FOA_TC","up","GO:0005777",32,0,1,1
"FOA_TC","up","GO:0005778",15,0,1,1
"FOA_TC","up","GO:0005791",34,0,1,1
"FOA_TC","up","GO:0005793",43,0,1,1
"FOA_TC","up","GO:0005795",60,0,1,1
"FOA_TC","up","GO:0005796",13,0,1,1
"FOA_TC","up","GO:0005802",90,0,1,1
"FOA_TC","up","GO:0005811",34,0,1,1
"FOA_TC","up","GO:0005814",67,0,1,1
"FOA_TC","up","GO:0005838",13,0,1,1
"FOA_TC","up","GO:0005839",14,0,1,1
"FOA_TC","up","GO:0005849",10,0,1,1
"FOA_TC","up","GO:0005858",22,0,1,1
"FOA_TC","up","GO:0005868",14,0,1,1
"FOA_TC","up","GO:0005871",17,0,1,1
"FOA_TC","up","GO:0005875",76,0,1,1
"FOA_TC","up","GO:0005879",40,0,1,1
"FOA_TC","up","GO:0005884",34,0,1,1
"FOA_TC","up","GO:0005901",12,0,1,1
"FOA_TC","up","GO:0005918",11,0,1,1
"FOA_TC","up","GO:0005925",72,0,1,1
"FOA_TC","up","GO:0005930",146,0,1,1
"FOA_TC","up","GO:0008023",18,0,1,1
"FOA_TC","up","GO:0008076",10,0,1,1
"FOA_TC","up","GO:0009897",33,0,1,1
"FOA_TC","up","GO:0009898",35,0,1,1
"FOA_TC","up","GO:0012507",18,0,1,1
"FOA_TC","up","GO:0014704",10,0,1,1
"FOA_TC","up","GO:0015934",47,0,1,1
"FOA_TC","up","GO:0015935",31,0,1,1
"FOA_TC","up","GO:0016234",15,0,1,1
"FOA_TC","up","GO:0016328",31,0,1,1
"FOA_TC","up","GO:0016459",40,0,1,1
"FOA_TC","up","GO:0016460",23,0,1,1
"FOA_TC","up","GO:0016469",23,0,1,1
"FOA_TC","up","GO:0016471",10,0,1,1
"FOA_TC","up","GO:0016514",11,0,1,1
"FOA_TC","up","GO:0016591",27,0,1,1
"FOA_TC","up","GO:0016605",17,0,1,1
"FOA_TC","up","GO:0017053",15,0,1,1
"FOA_TC","up","GO:0019005",17,0,1,1
"FOA_TC","up","GO:0019897",16,0,1,1
"FOA_TC","up","GO:0022624",21,0,1,1
"FOA_TC","up","GO:0022625",40,0,1,1
"FOA_TC","up","GO:0022626",79,0,1,1
"FOA_TC","up","GO:0022627",23,0,1,1
"FOA_TC","up","GO:0030014",10,0,1,1
"FOA_TC","up","GO:0030016",79,0,1,1
"FOA_TC","up","GO:0030017",67,0,1,1
"FOA_TC","up","GO:0030018",48,0,1,1
"FOA_TC","up","GO:0030027",79,0,1,1
"FOA_TC","up","GO:0030055",79,0,1,1
"FOA_TC","up","GO:0030119",12,0,1,1
"FOA_TC","up","GO:0030127",10,0,1,1
"FOA_TC","up","GO:0030134",28,0,1,1
"FOA_TC","up","GO:0030137",14,0,1,1
"FOA_TC","up","GO:0030175",33,0,1,1
"FOA_TC","up","GO:0030286",39,0,1,1
"FOA_TC","up","GO:0030312",95,0,1,1
"FOA_TC","up","GO:0030426",46,0,1,1
"FOA_TC","up","GO:0030427",51,0,1,1
"FOA_TC","up","GO:0030496",59,0,1,1
"FOA_TC","up","GO:0030532",44,0,1,1
"FOA_TC","up","GO:0030663",11,0,1,1
"FOA_TC","up","GO:0030666",23,0,1,1
"FOA_TC","up","GO:0030667",41,0,1,1
"FOA_TC","up","GO:0030670",15,0,1,1
"FOA_TC","up","GO:0030867",24,0,1,1
"FOA_TC","up","GO:0030880",39,0,1,1
"FOA_TC","up","GO:0030964",20,0,1,1
"FOA_TC","up","GO:0030990",13,0,1,1
"FOA_TC","up","GO:0030991",10,0,1,1
"FOA_TC","up","GO:0030992",10,0,1,1
"FOA_TC","up","GO:0031010",10,0,1,1
"FOA_TC","up","GO:0031011",10,0,1,1
"FOA_TC","up","GO:0031012",90,0,1,1
"FOA_TC","up","GO:0031045",14,0,1,1
"FOA_TC","up","GO:0031201",12,0,1,1
"FOA_TC","up","GO:0031248",42,0,1,1
"FOA_TC","up","GO:0031252",146,0,1,1
"FOA_TC","up","GO:0031256",48,0,1,1
"FOA_TC","up","GO:0031430",16,0,1,1
"FOA_TC","up","GO:0031461",53,0,1,1
"FOA_TC","up","GO:0031463",16,0,1,1
"FOA_TC","up","GO:0031466",11,0,1,1
"FOA_TC","up","GO:0031519",11,0,1,1
"FOA_TC","up","GO:0031594",30,0,1,1
"FOA_TC","up","GO:0031672",21,0,1,1
"FOA_TC","up","GO:0031674",51,0,1,1
"FOA_TC","up","GO:0031903",15,0,1,1
"FOA_TC","up","GO:0031941",10,0,1,1
"FOA_TC","up","GO:0031970",24,0,1,1
"FOA_TC","up","GO:0031983",24,0,1,1
"FOA_TC","up","GO:0031985",44,0,1,1
"FOA_TC","up","GO:0032153",38,0,1,1
"FOA_TC","up","GO:0032154",34,0,1,1
"FOA_TC","up","GO:0032391",14,0,1,1
"FOA_TC","up","GO:0032420",15,0,1,1
"FOA_TC","up","GO:0032421",18,0,1,1
"FOA_TC","up","GO:0032432",21,0,1,1
"FOA_TC","up","GO:0032580",29,0,1,1
"FOA_TC","up","GO:0032587",26,0,1,1
"FOA_TC","up","GO:0032588",28,0,1,1
"FOA_TC","up","GO:0032589",15,0,1,1
"FOA_TC","up","GO:0033017",15,0,1,1
"FOA_TC","up","GO:0033116",25,0,1,1
"FOA_TC","up","GO:0033176",15,0,1,1
"FOA_TC","up","GO:0034399",10,0,1,1
"FOA_TC","up","GO:0034703",44,0,1,1
"FOA_TC","up","GO:0034704",13,0,1,1
"FOA_TC","up","GO:0034705",11,0,1,1
"FOA_TC","up","GO:0034708",41,0,1,1
"FOA_TC","up","GO:0034719",10,0,1,1
"FOA_TC","up","GO:0034774",24,0,1,1
"FOA_TC","up","GO:0035097",25,0,1,1
"FOA_TC","up","GO:0035267",11,0,1,1
"FOA_TC","up","GO:0035861",28,0,1,1
"FOA_TC","up","GO:0035869",27,0,1,1
"FOA_TC","up","GO:0036064",92,0,1,1
"FOA_TC","up","GO:0036452",11,0,1,1
"FOA_TC","up","GO:0042579",32,0,1,1
"FOA_TC","up","GO:0042582",19,0,1,1
"FOA_TC","up","GO:0042641",23,0,1,1
"FOA_TC","up","GO:0043189",11,0,1,1
"FOA_TC","up","GO:0043195",16,0,1,1
"FOA_TC","up","GO:0043198",13,0,1,1
"FOA_TC","up","GO:0043202",10,0,1,1
"FOA_TC","up","GO:0043204",42,0,1,1
"FOA_TC","up","GO:0043292",85,0,1,1
"FOA_TC","up","GO:0043679",32,0,1,1
"FOA_TC","up","GO:0044291",12,0,1,1
"FOA_TC","up","GO:0044304",13,0,1,1
"FOA_TC","up","GO:0044306",40,0,1,1
"FOA_TC","up","GO:0044391",78,0,1,1
"FOA_TC","up","GO:0044665",15,0,1,1
"FOA_TC","up","GO:0044853",18,0,1,1
"FOA_TC","up","GO:0045111",14,0,1,1
"FOA_TC","up","GO:0045121",49,0,1,1
"FOA_TC","up","GO:0045171",19,0,1,1
"FOA_TC","up","GO:0045179",10,0,1,1
"FOA_TC","up","GO:0045240",10,0,1,1
"FOA_TC","up","GO:0045271",20,0,1,1
"FOA_TC","up","GO:0045335",29,0,1,1
"FOA_TC","up","GO:0046540",22,0,1,1
"FOA_TC","up","GO:0055029",27,0,1,1
"FOA_TC","up","GO:0055037",51,0,1,1
"FOA_TC","up","GO:0055038",26,0,1,1
"FOA_TC","up","GO:0060076",18,0,1,1
"FOA_TC","up","GO:0060077",11,0,1,1
"FOA_TC","up","GO:0060170",15,0,1,1
"FOA_TC","up","GO:0060205",24,0,1,1
"FOA_TC","up","GO:0070461",12,0,1,1
"FOA_TC","up","GO:0070603",46,0,1,1
"FOA_TC","up","GO:0071004",11,0,1,1
"FOA_TC","up","GO:0071005",31,0,1,1
"FOA_TC","up","GO:0071006",36,0,1,1
"FOA_TC","up","GO:0071007",26,0,1,1
"FOA_TC","up","GO:0071010",11,0,1,1
"FOA_TC","up","GO:0071012",36,0,1,1
"FOA_TC","up","GO:0071013",64,0,1,1
"FOA_TC","up","GO:0071014",15,0,1,1
"FOA_TC","up","GO:0071016",16,0,1,1
"FOA_TC","up","GO:0071018",15,0,1,1
"FOA_TC","up","GO:0071020",17,0,1,1
"FOA_TC","up","GO:0071339",15,0,1,1
"FOA_TC","up","GO:0071782",12,0,1,1
"FOA_TC","up","GO:0090533",16,0,1,1
"FOA_TC","up","GO:0090543",12,0,1,1
"FOA_TC","up","GO:0090734",38,0,1,1
"FOA_TC","up","GO:0097014",146,0,1,1
"FOA_TC","up","GO:0097228",28,0,1,1
"FOA_TC","up","GO:0097229",14,0,1,1
"FOA_TC","up","GO:0097346",15,0,1,1
"FOA_TC","up","GO:0097386",10,0,1,1
"FOA_TC","up","GO:0097431",11,0,1,1
"FOA_TC","up","GO:0097440",11,0,1,1
"FOA_TC","up","GO:0097517",18,0,1,1
"FOA_TC","up","GO:0097525",42,0,1,1
"FOA_TC","up","GO:0097526",23,0,1,1
"FOA_TC","up","GO:0097542",15,0,1,1
"FOA_TC","up","GO:0097545",25,0,1,1
"FOA_TC","up","GO:0097546",15,0,1,1
"FOA_TC","up","GO:0097649",24,0,1,1
"FOA_TC","up","GO:0097730",45,0,1,1
"FOA_TC","up","GO:0097731",31,0,1,1
"FOA_TC","up","GO:0097733",24,0,1,1
"FOA_TC","up","GO:0098533",17,0,1,1
"FOA_TC","up","GO:0098552",87,0,1,1
"FOA_TC","up","GO:0098554",14,0,1,1
"FOA_TC","up","GO:0098562",52,0,1,1
"FOA_TC","up","GO:0098687",86,0,1,1
"FOA_TC","up","GO:0098791",137,0,1,1
"FOA_TC","up","GO:0098803",40,0,1,1
"FOA_TC","up","GO:0098839",21,0,1,1
"FOA_TC","up","GO:0098852",86,0,1,1
"FOA_TC","up","GO:0098857",49,0,1,1
"FOA_TC","up","GO:0099023",21,0,1,1
"FOA_TC","up","GO:0099091",11,0,1,1
"FOA_TC","up","GO:0099568",22,0,1,1
"FOA_TC","up","GO:0099634",23,0,1,1
"FOA_TC","up","GO:0099738",20,0,1,1
"FOA_TC","up","GO:0101002",11,0,1,1
"FOA_TC","up","GO:0101031",16,0,1,1
"FOA_TC","up","GO:0120114",47,0,1,1
"FOA_TC","up","GO:0120212",12,0,1,1
"FOA_TC","up","GO:0140139",15,0,1,1
"FOA_TC","up","GO:0140144",13,0,1,1
"FOA_TC","up","GO:0140534",58,0,1,1
"FOA_TC","up","GO:0150034",77,0,1,1
"FOA_TC","up","GO:0160110",24,0,1,1
"FOA_TC","up","GO:0160111",15,0,1,1
"FOA_TC","up","GO:1902493",49,0,1,1
"FOA_TC","up","GO:1902554",39,0,1,1
"FOA_TC","up","GO:1902562",17,0,1,1
"FOA_TC","up","GO:1902911",42,0,1,1
"FOA_TC","up","GO:1904115",19,0,1,1
"FOA_TC","up","GO:1904813",11,0,1,1
"FOA_TC","up","GO:1904949",65,0,1,1
"FOA_TC","up","GO:1905369",50,0,1,1
"FOA_TC","up","GO:1990204",53,0,1,1
"FOA_TC","down","GO:0005783",546,4,0.286478626070632,0.366724586570561
"FOA_TC","down","GO:0045121",49,2,0.0301939873398515,0.0301939873398515
"FOA_TC","down","GO:0030139",67,1,1,0.315696521780268
"FOA_TC","down","GO:0009897",33,1,0.16983148100175,0.16983148100175
"FOA_TC","down","GO:0031410",605,4,1,0.445833691782831
"FOA_TC","down","GO:0030312",95,1,1,0.41702511587001
"FOA_TC","down","GO:0005789",355,2,0.603023597011573,0.603023597011573
"FOA_TC","down","GO:0044232",23,1,0.121534019876245,0.121534019876245
"FOA_TC","down","GO:0016323",49,2,0.0301939873398515,0.0301939873398515
"FOA_TC","down","GO:0010008",154,2,0.381979850828444,0.212916664664465
"FOA_TC","down","GO:0000139",207,2,0.324347376434448,0.324347376434448
"FOA_TC","down","GO:0031253",84,1,1,0.379065910888739
"FOA_TC","down","GO:0036477",236,2,1,0.384488202476245
"FOA_TC","down","GO:0070013",1229,3,1,0.983146545793033
"FOA_TC","down","GO:0016328",31,1,0.160380640345038,0.160380640345038
"FOA_TC","down","GO:0016020",1936,10,0.764330654125293,0.704846592105908
"FOA_TC","down","GO:0000151",100,1,0.433533300297285,0.433533300297285
"FOA_TC","down","GO:0043230",166,1,1,0.613507928458515
"FOA_TC","down","GO:0005773",204,3,1,0.103645829562018
"FOA_TC","down","GO:0043231",3020,11,1,0.996088971468916
"FOA_TC","down","GO:0005774",107,1,1,0.455892612244042
"FOA_TC","down","GO:0043232",1634,7,1,0.866842600439479
"FOA_TC","down","GO:0043233",1229,3,1,0.983146545793033
"FOA_TC","down","GO:0005776",40,1,0.202111754650009,0.202111754650009
"FOA_TC","down","GO:0045202",486,2,1,0.773960794304633
"FOA_TC","down","GO:0005929",336,6,0.117495167915964,0.00905819587273295
"FOA_TC","down","GO:0043235",68,1,0.319589918902592,0.319589918902592
"FOA_TC","down","GO:0005856",760,5,0.682060014722883,0.426086735348192
"FOA_TC","down","GO:0005622",3967,20,1,0.949214562265049
"FOA_TC","down","GO:0150034",77,2,1,0.0683302941497764
"FOA_TC","down","GO:0005858",22,1,0.11655856688506,0.11655856688506
"FOA_TC","down","GO:0005694",382,2,0.575886408865215,0.644369460153946
"FOA_TC","down","GO:0120025",747,8,1,0.0453602923742866
"FOA_TC","down","GO:0030424",193,2,1,0.294879985119934
"FOA_TC","down","GO:0030425",179,2,0.265328294389005,0.265328294389005
"FOA_TC","down","GO:0030426",46,1,0.228818339166752,0.228818339166752
"FOA_TC","down","GO:0140535",331,1,1,0.855257513665228
"FOA_TC","down","GO:0030427",51,1,1,0.250416273831621
"FOA_TC","down","GO:0097228",28,1,0.14601046705937,0.14601046705937
"FOA_TC","down","GO:0048471",231,1,0.736304549823042,0.736304549823042
"FOA_TC","down","GO:0009986",115,2,0.362238862870561,0.134776106521634
"FOA_TC","down","GO:0098852",86,1,1,0.386139606854107
"FOA_TC","down","GO:0005794",452,3,0.745373915077599,0.47219344105043
"FOA_TC","down","GO:0098857",49,2,1,0.0301939873398515
"FOA_TC","down","GO:0005798",34,1,1,0.174518520968994
"FOA_TC","down","GO:0005886",996,6,0.706018023259168,0.497662687771548
"FOA_TC","down","GO:0031981",1025,3,1,0.948995155131488
"FOA_TC","down","GO:0031982",719,4,1,0.590443899570358
"FOA_TC","down","GO:0005615",166,1,1,0.613507928458515
"FOA_TC","down","GO:0070062",164,1,0.608970610225925,0.608970610225925
"FOA_TC","down","GO:0034702",56,2,1,0.0386106912249944
"FOA_TC","down","GO:0031984",468,2,1,0.754754567772445
"FOA_TC","down","GO:0012505",1221,6,1,0.719115396700986
"FOA_TC","down","GO:0034703",44,2,1,0.0247054790591283
"FOA_TC","down","GO:0012506",318,3,1,0.262037574559933
"FOA_TC","down","GO:0098793",218,1,1,0.715217051580487
"FOA_TC","down","GO:0042175",362,2,1,0.61405549691079
"FOA_TC","down","GO:0034704",13,2,0.00226487709043471,0.00226487709043471
"FOA_TC","down","GO:0098794",232,1,1,0.737863033571133
"FOA_TC","down","GO:0097708",607,4,1,0.448491035337288
"FOA_TC","down","GO:0098796",320,3,1,0.265137764476464
"FOA_TC","down","GO:0043195",16,1,0.0861329147039223,0.0861329147039223
"FOA_TC","down","GO:0030660",21,1,0.111556067263797,0.111556067263797
"FOA_TC","down","GO:0045211",69,1,0.323462045473827,0.323462045473827
"FOA_TC","down","GO:0005874",126,1,0.512393034225697,0.512393034225697
"FOA_TC","down","GO:0005875",76,1,1,0.349980642775938
"FOA_TC","down","GO:1903561",166,1,1,0.613507928458515
"FOA_TC","down","GO:0031901",55,1,0.267275333945222,0.267275333945222
"FOA_TC","down","GO:0097014",146,2,1,0.196401336781608
"FOA_TC","down","GO:1990234",296,1,1,0.821151200804525
"FOA_TC","down","GO:0031974",1229,3,1,0.983146545793033
"FOA_TC","down","GO:0032991",1679,8,0.904168876225649,0.783107357871163
"FOA_TC","down","GO:0036126",114,1,1,0.477403325698144
"FOA_TC","down","GO:0005930",146,2,0.494272052955652,0.196401336781608
"FOA_TC","down","GO:0009925",57,2,1,0.0398791889231307
"FOA_TC","down","GO:0030054",639,2,1,0.892086278682733
"FOA_TC","down","GO:0030286",39,1,1,0.197575205608902
"FOA_TC","down","GO:0097729",123,2,0.0486499080968454,0.150218177147296
"FOA_TC","down","GO:0098552",87,1,1,0.389647380529226
"FOA_TC","down","GO:0031514",145,4,0.00582446745711938,0.0079568158148529
"FOA_TC","down","GO:0044306",40,1,1,0.202111754650009
"FOA_TC","down","GO:0043204",42,1,0.211111099062124,0.211111099062124
"FOA_TC","down","GO:1902494",673,2,1,0.909380930386827
"FOA_TC","down","GO:0099080",542,1,1,0.961138379579814
"FOA_TC","down","GO:0031090",992,5,1,0.682630650464294
"FOA_TC","down","GO:0005634",1867,6,0.933653929599169,0.981186143498702
"FOA_TC","down","GO:0005829",1264,4,0.952183552006174,0.952183552006174
"FOA_TC","down","GO:0099081",258,1,1,0.775415609825387
"FOA_TC","down","GO:1902495",106,3,0.231428442701389,0.0205147611366741
"FOA_TC","down","GO:0044297",155,1,1,0.587912149398116
"FOA_TC","down","GO:0030659",307,3,1,0.245102352788105
"FOA_TC","down","GO:0055037",51,1,1,0.250416273831621
"FOA_TC","down","GO:0055038",26,1,0.136299497293181,0.136299497293181
"FOA_TC","down","GO:0005730",278,1,0.800729670937792,0.800729670937792
"FOA_TC","down","GO:1990351",114,3,1,0.0248300384193538
"FOA_TC","down","GO:0015630",479,3,1,0.512532813759087
"FOA_TC","down","GO:0005764",165,2,0.3549943533952,0.235868330013287
"FOA_TC","down","GO:0005765",86,1,0.386139606854107,0.386139606854107
"FOA_TC","down","GO:0005813",208,1,0.697903819388091,0.697903819388091
"FOA_TC","down","GO:0065010",166,1,1,0.613507928458515
"FOA_TC","down","GO:0098827",357,2,1,0.60619785379854
"FOA_TC","down","GO:0005814",67,1,0.315696521780268,0.315696521780268
"FOA_TC","down","GO:0110165",4449,25,1,0.93470700396392
"FOA_TC","down","GO:0043226",3605,17,1,0.963551651263949
"FOA_TC","down","GO:0005737",3214,18,0.624445307680765,0.60224407217041
"FOA_TC","down","GO:0005768",296,3,0.348103427203307,0.22839415337855
"FOA_TC","down","GO:0097060",110,1,1,0.465213571757399
"FOA_TC","down","GO:0005815",275,1,1,0.797115423213796
"FOA_TC","down","GO:0005769",120,1,1,0.495189127590855
"FOA_TC","down","GO:0043227",3259,16,1,0.891711922001318
"FOA_TC","down","GO:0005575",4461,25,1,1
"FOA_TC","down","GO:0043005",363,3,1,0.332810596467034
"FOA_TC","down","GO:0098588",605,3,1,0.678771788094143
"FOA_TC","down","GO:0043228",1634,7,1,0.866842600439479
"FOA_TC","down","GO:0005576",410,4,0.150173434672482,0.192485969363374
"FOA_TC","down","GO:0005654",888,3,0.900486750552031,0.900486750552031
"FOA_TC","down","GO:0043229",3505,15,1,0.990650486626935
"FOA_TC","down","GO:0031012",90,1,0.400055623707217,0.400055623707217
"FOA_TC","down","GO:0099512",258,1,1,0.775415609825387
"FOA_TC","down","GO:0045335",29,1,0.150826559620506,0.150826559620506
"FOA_TC","down","GO:0099513",167,1,1,0.615757591273076
"FOA_TC","down","GO:0043679",32,1,1,0.165118898582369
"FOA_TC","down","GO:0060170",15,1,0.0809651524029943,0.0809651524029943
"FOA_TC","down","GO:0097447",179,2,1,0.265328294389005
"FOA_TC","down","GO:0043025",135,1,1,0.537147654459469
"FOA_TC","down","GO:0045178",64,2,1,0.0491928982197702
"FOA_TC","down","GO:0071944",1115,7,1,0.438641459745509
"FOA_TC","down","GO:0000785",234,1,0.740953515525329,0.740953515525329
"FOA_TC","down","GO:0000323",165,2,1,0.235868330013287
"FOA_TC","down","GO:0042995",749,8,1,0.0459957256007694
"FOA_TC","down","GO:0098590",309,3,1,0.2481658573601
"FOA_TC","down","GO:0000118",30,0,1,1
"FOA_TC","down","GO:0000123",37,0,1,1
"FOA_TC","down","GO:0000152",10,0,1,1
"FOA_TC","down","GO:0000228",58,0,1,1
"FOA_TC","down","GO:0000307",13,0,1,1
"FOA_TC","down","GO:0000313",12,0,1,1
"FOA_TC","down","GO:0000407",17,0,1,1
"FOA_TC","down","GO:0000421",17,0,1,1
"FOA_TC","down","GO:0000428",30,0,1,1
"FOA_TC","down","GO:0000502",40,0,1,1
"FOA_TC","down","GO:0000775",62,0,1,1
"FOA_TC","down","GO:0000776",41,0,1,1
"FOA_TC","down","GO:0000779",42,0,1,1
"FOA_TC","down","GO:0000781",26,0,1,1
"FOA_TC","down","GO:0000786",13,0,1,1
"FOA_TC","down","GO:0000791",13,0,1,1
"FOA_TC","down","GO:0000792",25,0,1,1
"FOA_TC","down","GO:0000793",61,0,1,1
"FOA_TC","down","GO:0000794",14,0,1,1
"FOA_TC","down","GO:0000922",50,0,1,1
"FOA_TC","down","GO:0000932",44,0,1,1
"FOA_TC","down","GO:0001650",32,0,1,1
"FOA_TC","down","GO:0001669",31,0,1,1
"FOA_TC","down","GO:0001725",18,0,1,1
"FOA_TC","down","GO:0001726",54,0,1,1
"FOA_TC","down","GO:0001750",15,0,1,1
"FOA_TC","down","GO:0001917",15,0,1,1
"FOA_TC","down","GO:0002102",15,0,1,1
"FOA_TC","down","GO:0002177",12,0,1,1
"FOA_TC","down","GO:0005581",11,0,1,1
"FOA_TC","down","GO:0005604",33,0,1,1
"FOA_TC","down","GO:0005635",129,0,1,1
"FOA_TC","down","GO:0005637",13,0,1,1
"FOA_TC","down","GO:0005643",22,0,1,1
"FOA_TC","down","GO:0005657",13,0,1,1
"FOA_TC","down","GO:0005667",104,0,1,1
"FOA_TC","down","GO:0005669",11,0,1,1
"FOA_TC","down","GO:0005681",110,0,1,1
"FOA_TC","down","GO:0005682",12,0,1,1
"FOA_TC","down","GO:0005684",68,0,1,1
"FOA_TC","down","GO:0005685",15,0,1,1
"FOA_TC","down","GO:0005686",16,0,1,1
"FOA_TC","down","GO:0005689",26,0,1,1
"FOA_TC","down","GO:0005732",11,0,1,1
"FOA_TC","down","GO:0005739",408,0,1,1
"FOA_TC","down","GO:0005740",193,0,1,1
"FOA_TC","down","GO:0005741",61,0,1,1
"FOA_TC","down","GO:0005743",116,0,1,1
"FOA_TC","down","GO:0005758",20,0,1,1
"FOA_TC","down","GO:0005759",96,0,1,1
"FOA_TC","down","GO:0005761",12,0,1,1
"FOA_TC","down","GO:0005766",19,0,1,1
"FOA_TC","down","GO:0005770",88,0,1,1
"FOA_TC","down","GO:0005771",16,0,1,1
"FOA_TC","down","GO:0005775",17,0,1,1
"FOA_TC","down","GO:0005777",32,0,1,1
"FOA_TC","down","GO:0005778",15,0,1,1
"FOA_TC","down","GO:0005788",62,0,1,1
"FOA_TC","down","GO:0005790",11,0,1,1
"FOA_TC","down","GO:0005791",34,0,1,1
"FOA_TC","down","GO:0005793",43,0,1,1
"FOA_TC","down","GO:0005795",60,0,1,1
"FOA_TC","down","GO:0005796",13,0,1,1
"FOA_TC","down","GO:0005801",16,0,1,1
"FOA_TC","down","GO:0005802",90,0,1,1
"FOA_TC","down","GO:0005811",34,0,1,1
"FOA_TC","down","GO:0005819",118,0,1,1
"FOA_TC","down","GO:0005838",13,0,1,1
"FOA_TC","down","GO:0005839",14,0,1,1
"FOA_TC","down","GO:0005840",109,0,1,1
"FOA_TC","down","GO:0005849",10,0,1,1
"FOA_TC","down","GO:0005852",13,0,1,1
"FOA_TC","down","GO:0005868",14,0,1,1
"FOA_TC","down","GO:0005871",17,0,1,1
"FOA_TC","down","GO:0005876",15,0,1,1
"FOA_TC","down","GO:0005879",40,0,1,1
"FOA_TC","down","GO:0005881",59,0,1,1
"FOA_TC","down","GO:0005884",34,0,1,1
"FOA_TC","down","GO:0005901",12,0,1,1
"FOA_TC","down","GO:0005902",19,0,1,1
"FOA_TC","down","GO:0005903",27,0,1,1
"FOA_TC","down","GO:0005905",27,0,1,1
"FOA_TC","down","GO:0005911",139,0,1,1
"FOA_TC","down","GO:0005912",52,0,1,1
"FOA_TC","down","GO:0005918",11,0,1,1
"FOA_TC","down","GO:0005923",26,0,1,1
"FOA_TC","down","GO:0005925",72,0,1,1
"FOA_TC","down","GO:0005938",136,0,1,1
"FOA_TC","down","GO:0008021",91,0,1,1
"FOA_TC","down","GO:0008023",18,0,1,1
"FOA_TC","down","GO:0008076",10,0,1,1
"FOA_TC","down","GO:0008287",25,0,1,1
"FOA_TC","down","GO:0009898",35,0,1,1
"FOA_TC","down","GO:0010494",50,0,1,1
"FOA_TC","down","GO:0012507",18,0,1,1
"FOA_TC","down","GO:0014069",110,0,1,1
"FOA_TC","down","GO:0014704",10,0,1,1
"FOA_TC","down","GO:0015030",16,0,1,1
"FOA_TC","down","GO:0015629",175,0,1,1
"FOA_TC","down","GO:0015934",47,0,1,1
"FOA_TC","down","GO:0015935",31,0,1,1
"FOA_TC","down","GO:0016234",15,0,1,1
"FOA_TC","down","GO:0016282",15,0,1,1
"FOA_TC","down","GO:0016324",94,0,1,1
"FOA_TC","down","GO:0016363",34,0,1,1
"FOA_TC","down","GO:0016459",40,0,1,1
"FOA_TC","down","GO:0016460",23,0,1,1
"FOA_TC","down","GO:0016469",23,0,1,1
"FOA_TC","down","GO:0016471",10,0,1,1
"FOA_TC","down","GO:0016514",11,0,1,1
"FOA_TC","down","GO:0016528",31,0,1,1
"FOA_TC","down","GO:0016529",29,0,1,1
"FOA_TC","down","GO:0016591",27,0,1,1
"FOA_TC","down","GO:0016604",223,0,1,1
"FOA_TC","down","GO:0016605",17,0,1,1
"FOA_TC","down","GO:0016607",139,0,1,1
"FOA_TC","down","GO:0017053",15,0,1,1
"FOA_TC","down","GO:0019005",17,0,1,1
"FOA_TC","down","GO:0019866",130,0,1,1
"FOA_TC","down","GO:0019867",66,0,1,1
"FOA_TC","down","GO:0019897",16,0,1,1
"FOA_TC","down","GO:0019898",33,0,1,1
"FOA_TC","down","GO:0022624",21,0,1,1
"FOA_TC","down","GO:0022625",40,0,1,1
"FOA_TC","down","GO:0022626",79,0,1,1
"FOA_TC","down","GO:0022627",23,0,1,1
"FOA_TC","down","GO:0030014",10,0,1,1
"FOA_TC","down","GO:0030016",79,0,1,1
"FOA_TC","down","GO:0030017",67,0,1,1
"FOA_TC","down","GO:0030018",48,0,1,1
"FOA_TC","down","GO:0030027",79,0,1,1
"FOA_TC","down","GO:0030055",79,0,1,1
"FOA_TC","down","GO:0030117",36,0,1,1
"FOA_TC","down","GO:0030118",16,0,1,1
"FOA_TC","down","GO:0030119",12,0,1,1
"FOA_TC","down","GO:0030120",29,0,1,1
"FOA_TC","down","GO:0030125",12,0,1,1
"FOA_TC","down","GO:0030127",10,0,1,1
"FOA_TC","down","GO:0030133",140,0,1,1
"FOA_TC","down","GO:0030134",28,0,1,1
"FOA_TC","down","GO:0030135",92,0,1,1
"FOA_TC","down","GO:0030136",52,0,1,1
"FOA_TC","down","GO:0030137",14,0,1,1
"FOA_TC","down","GO:0030140",12,0,1,1
"FOA_TC","down","GO:0030141",130,0,1,1
"FOA_TC","down","GO:0030175",33,0,1,1
"FOA_TC","down","GO:0030315",13,0,1,1
"FOA_TC","down","GO:0030496",59,0,1,1
"FOA_TC","down","GO:0030532",44,0,1,1
"FOA_TC","down","GO:0030658",85,0,1,1
"FOA_TC","down","GO:0030662",55,0,1,1
"FOA_TC","down","GO:0030663",11,0,1,1
"FOA_TC","down","GO:0030665",27,0,1,1
"FOA_TC","down","GO:0030666",23,0,1,1
"FOA_TC","down","GO:0030667",41,0,1,1
"FOA_TC","down","GO:0030670",15,0,1,1
"FOA_TC","down","GO:0030672",50,0,1,1
"FOA_TC","down","GO:0030684",56,0,1,1
"FOA_TC","down","GO:0030686",15,0,1,1
"FOA_TC","down","GO:0030687",13,0,1,1
"FOA_TC","down","GO:0030688",12,0,1,1
"FOA_TC","down","GO:0030863",28,0,1,1
"FOA_TC","down","GO:0030864",21,0,1,1
"FOA_TC","down","GO:0030867",24,0,1,1
"FOA_TC","down","GO:0030880",39,0,1,1
"FOA_TC","down","GO:0030964",20,0,1,1
"FOA_TC","down","GO:0030990",13,0,1,1
"FOA_TC","down","GO:0030991",10,0,1,1
"FOA_TC","down","GO:0030992",10,0,1,1
"FOA_TC","down","GO:0031010",10,0,1,1
"FOA_TC","down","GO:0031011",10,0,1,1
"FOA_TC","down","GO:0031045",14,0,1,1
"FOA_TC","down","GO:0031201",12,0,1,1
"FOA_TC","down","GO:0031248",42,0,1,1
"FOA_TC","down","GO:0031252",146,0,1,1
"FOA_TC","down","GO:0031256",48,0,1,1
"FOA_TC","down","GO:0031430",16,0,1,1
"FOA_TC","down","GO:0031461",53,0,1,1
"FOA_TC","down","GO:0031463",16,0,1,1
"FOA_TC","down","GO:0031466",11,0,1,1
"FOA_TC","down","GO:0031519",11,0,1,1
"FOA_TC","down","GO:0031526",13,0,1,1
"FOA_TC","down","GO:0031594",30,0,1,1
"FOA_TC","down","GO:0031672",21,0,1,1
"FOA_TC","down","GO:0031674",51,0,1,1
"FOA_TC","down","GO:0031902",46,0,1,1
"FOA_TC","down","GO:0031903",15,0,1,1
"FOA_TC","down","GO:0031941",10,0,1,1
"FOA_TC","down","GO:0031965",72,0,1,1
"FOA_TC","down","GO:0031966",183,0,1,1
"FOA_TC","down","GO:0031967",320,0,1,1
"FOA_TC","down","GO:0031968",66,0,1,1
"FOA_TC","down","GO:0031970",24,0,1,1
"FOA_TC","down","GO:0031983",24,0,1,1
"FOA_TC","down","GO:0031985",44,0,1,1
"FOA_TC","down","GO:0032040",32,0,1,1
"FOA_TC","down","GO:0032153",38,0,1,1
"FOA_TC","down","GO:0032154",34,0,1,1
"FOA_TC","down","GO:0032279",120,0,1,1
"FOA_TC","down","GO:0032391",14,0,1,1
"FOA_TC","down","GO:0032420",15,0,1,1
"FOA_TC","down","GO:0032421",18,0,1,1
"FOA_TC","down","GO:0032432",21,0,1,1
"FOA_TC","down","GO:0032580",29,0,1,1
"FOA_TC","down","GO:0032587",26,0,1,1
"FOA_TC","down","GO:0032588",28,0,1,1
"FOA_TC","down","GO:0032589",15,0,1,1
"FOA_TC","down","GO:0032993",32,0,1,1
"FOA_TC","down","GO:0033017",15,0,1,1
"FOA_TC","down","GO:0033116",25,0,1,1
"FOA_TC","down","GO:0033176",15,0,1,1
"FOA_TC","down","GO:0033290",14,0,1,1
"FOA_TC","down","GO:0034399",10,0,1,1
"FOA_TC","down","GO:0034451",28,0,1,1
"FOA_TC","down","GO:0034705",11,0,1,1
"FOA_TC","down","GO:0034708",41,0,1,1
"FOA_TC","down","GO:0034719",10,0,1,1
"FOA_TC","down","GO:0034774",24,0,1,1
"FOA_TC","down","GO:0035097",25,0,1,1
"FOA_TC","down","GO:0035267",11,0,1,1
"FOA_TC","down","GO:0035770",260,0,1,1
"FOA_TC","down","GO:0035861",28,0,1,1
"FOA_TC","down","GO:0035869",27,0,1,1
"FOA_TC","down","GO:0036064",92,0,1,1
"FOA_TC","down","GO:0036452",11,0,1,1
"FOA_TC","down","GO:0036464",113,0,1,1
"FOA_TC","down","GO:0042383",30,0,1,1
"FOA_TC","down","GO:0042470",40,0,1,1
"FOA_TC","down","GO:0042579",32,0,1,1
"FOA_TC","down","GO:0042582",19,0,1,1
"FOA_TC","down","GO:0042641",23,0,1,1
"FOA_TC","down","GO:0042734",47,0,1,1
"FOA_TC","down","GO:0043186",19,0,1,1
"FOA_TC","down","GO:0043189",11,0,1,1
"FOA_TC","down","GO:0043197",48,0,1,1
"FOA_TC","down","GO:0043198",13,0,1,1
"FOA_TC","down","GO:0043202",10,0,1,1
"FOA_TC","down","GO:0043209",21,0,1,1
"FOA_TC","down","GO:0043292",85,0,1,1
"FOA_TC","down","GO:0043296",43,0,1,1
"FOA_TC","down","GO:0044291",12,0,1,1
"FOA_TC","down","GO:0044304",13,0,1,1
"FOA_TC","down","GO:0044309",49,0,1,1
"FOA_TC","down","GO:0044322",11,0,1,1
"FOA_TC","down","GO:0044391",78,0,1,1
"FOA_TC","down","GO:0044665",15,0,1,1
"FOA_TC","down","GO:0044853",18,0,1,1
"FOA_TC","down","GO:0045111",14,0,1,1
"FOA_TC","down","GO:0045171",19,0,1,1
"FOA_TC","down","GO:0045177",124,0,1,1
"FOA_TC","down","GO:0045179",10,0,1,1
"FOA_TC","down","GO:0045240",10,0,1,1
"FOA_TC","down","GO:0045271",20,0,1,1
"FOA_TC","down","GO:0045495",21,0,1,1
"FOA_TC","down","GO:0046540",22,0,1,1
"FOA_TC","down","GO:0048475",36,0,1,1
"FOA_TC","down","GO:0048770",40,0,1,1
"FOA_TC","down","GO:0048786",29,0,1,1
"FOA_TC","down","GO:0055029",27,0,1,1
"FOA_TC","down","GO:0060076",18,0,1,1
"FOA_TC","down","GO:0060077",11,0,1,1
"FOA_TC","down","GO:0060205",24,0,1,1
"FOA_TC","down","GO:0060293",19,0,1,1
"FOA_TC","down","GO:0061695",91,0,1,1
"FOA_TC","down","GO:0070160",39,0,1,1
"FOA_TC","down","GO:0070161",209,0,1,1
"FOA_TC","down","GO:0070382",98,0,1,1
"FOA_TC","down","GO:0070461",12,0,1,1
"FOA_TC","down","GO:0070603",46,0,1,1
"FOA_TC","down","GO:0070993",16,0,1,1
"FOA_TC","down","GO:0071004",11,0,1,1
"FOA_TC","down","GO:0071005",31,0,1,1
"FOA_TC","down","GO:0071006",36,0,1,1
"FOA_TC","down","GO:0071007",26,0,1,1
"FOA_TC","down","GO:0071010",11,0,1,1
"FOA_TC","down","GO:0071011",48,0,1,1
"FOA_TC","down","GO:0071012",36,0,1,1
"FOA_TC","down","GO:0071013",64,0,1,1
"FOA_TC","down","GO:0071014",15,0,1,1
"FOA_TC","down","GO:0071016",16,0,1,1
"FOA_TC","down","GO:0071018",15,0,1,1
"FOA_TC","down","GO:0071020",17,0,1,1
"FOA_TC","down","GO:0071339",15,0,1,1
"FOA_TC","down","GO:0071782",12,0,1,1
"FOA_TC","down","GO:0072686",42,0,1,1
"FOA_TC","down","GO:0090533",16,0,1,1
"FOA_TC","down","GO:0090543",12,0,1,1
"FOA_TC","down","GO:0090575",58,0,1,1
"FOA_TC","down","GO:0090734",38,0,1,1
"FOA_TC","down","GO:0097038",11,0,1,1
"FOA_TC","down","GO:0097225",41,0,1,1
"FOA_TC","down","GO:0097229",14,0,1,1
"FOA_TC","down","GO:0097346",15,0,1,1
"FOA_TC","down","GO:0097386",10,0,1,1
"FOA_TC","down","GO:0097431",11,0,1,1
"FOA_TC","down","GO:0097440",11,0,1,1
"FOA_TC","down","GO:0097470",10,0,1,1
"FOA_TC","down","GO:0097517",18,0,1,1
"FOA_TC","down","GO:0097525",42,0,1,1
"FOA_TC","down","GO:0097526",23,0,1,1
"FOA_TC","down","GO:0097542",15,0,1,1
"FOA_TC","down","GO:0097545",25,0,1,1
"FOA_TC","down","GO:0097546",15,0,1,1
"FOA_TC","down","GO:0097649",24,0,1,1
"FOA_TC","down","GO:0097730",45,0,1,1
"FOA_TC","down","GO:0097731",31,0,1,1
"FOA_TC","down","GO:0097733",24,0,1,1
"FOA_TC","down","GO:0098533",17,0,1,1
"FOA_TC","down","GO:0098554",14,0,1,1
"FOA_TC","down","GO:0098562",52,0,1,1
"FOA_TC","down","GO:0098685",33,0,1,1
"FOA_TC","down","GO:0098687",86,0,1,1
"FOA_TC","down","GO:0098791",137,0,1,1
"FOA_TC","down","GO:0098797",106,0,1,1
"FOA_TC","down","GO:0098798",43,0,1,1
"FOA_TC","down","GO:0098800",17,0,1,1
"FOA_TC","down","GO:0098802",29,0,1,1
"FOA_TC","down","GO:0098803",40,0,1,1
"FOA_TC","down","GO:0098839",21,0,1,1
"FOA_TC","down","GO:0098858",57,0,1,1
"FOA_TC","down","GO:0098862",42,0,1,1
"FOA_TC","down","GO:0098978",171,0,1,1
"FOA_TC","down","GO:0098982",25,0,1,1
"FOA_TC","down","GO:0098984",126,0,1,1
"FOA_TC","down","GO:0099023",21,0,1,1
"FOA_TC","down","GO:0099091",11,0,1,1
"FOA_TC","down","GO:0099501",50,0,1,1
"FOA_TC","down","GO:0099503",209,0,1,1
"FOA_TC","down","GO:0099568",22,0,1,1
"FOA_TC","down","GO:0099572",116,0,1,1
"FOA_TC","down","GO:0099634",23,0,1,1
"FOA_TC","down","GO:0099738",20,0,1,1
"FOA_TC","down","GO:0101002",11,0,1,1
"FOA_TC","down","GO:0101031",16,0,1,1
"FOA_TC","down","GO:0120111",30,0,1,1
"FOA_TC","down","GO:0120114",47,0,1,1
"FOA_TC","down","GO:0120212",12,0,1,1
"FOA_TC","down","GO:0140139",15,0,1,1
"FOA_TC","down","GO:0140144",13,0,1,1
"FOA_TC","down","GO:0140168",153,0,1,1
"FOA_TC","down","GO:0140513",430,0,1,1
"FOA_TC","down","GO:0140534",58,0,1,1
"FOA_TC","down","GO:0160110",24,0,1,1
"FOA_TC","down","GO:0160111",15,0,1,1
"FOA_TC","down","GO:1902493",49,0,1,1
"FOA_TC","down","GO:1902554",39,0,1,1
"FOA_TC","down","GO:1902562",17,0,1,1
"FOA_TC","down","GO:1902911",42,0,1,1
"FOA_TC","down","GO:1903293",25,0,1,1
"FOA_TC","down","GO:1904115",19,0,1,1
"FOA_TC","down","GO:1904813",11,0,1,1
"FOA_TC","down","GO:1904949",65,0,1,1
"FOA_TC","down","GO:1905368",60,0,1,1
"FOA_TC","down","GO:1905369",50,0,1,1
"FOA_TC","down","GO:1990204",53,0,1,1
"FOA_TC","down","GO:1990904",323,0,1,1
"FOW_TC","up","GO:0031526",13,1,0.179467471760776,0.179467471760776
"FOW_TC","up","GO:0030016",85,1,1,0.728213754895372
"FOW_TC","up","GO:0045177",133,1,1,0.871057850214526
"FOW_TC","up","GO:0030017",73,1,1,0.672891677716797
"FOW_TC","up","GO:0030018",54,1,0.561778893328585,0.561778893328585
"FOW_TC","up","GO:0000313",20,1,1,0.262525648989144
"FOW_TC","up","GO:0048475",43,1,1,0.481202534386481
"FOW_TC","up","GO:0005615",184,3,1,0.529440704311977
"FOW_TC","up","GO:0030532",50,1,1,0.534018866049141
"FOW_TC","up","GO:0000781",31,2,0.0788336999046363,0.0788336999046363
"FOW_TC","up","GO:0097729",135,1,1,0.875022254156039
"FOW_TC","up","GO:0099512",275,6,1,0.233245187298467
"FOW_TC","up","GO:0016528",34,1,1,0.404538839528666
"FOW_TC","up","GO:0072686",53,1,0.554995837502307,0.554995837502307
"FOW_TC","up","GO:0140168",168,3,1,0.468125337901018
"FOW_TC","up","GO:0099513",178,4,1,0.28064088187198
"FOW_TC","up","GO:0016529",32,1,1,0.386040174012622
"FOW_TC","up","GO:0005856",839,8,0.493170263168566,0.952248043837859
"FOW_TC","up","GO:0000785",259,8,0.367513075644673,0.0400434218787537
"FOW_TC","up","GO:0045121",58,1,0.587905638214471,0.587905638214471
"FOW_TC","up","GO:0008023",18,1,0.239680549292377,0.239680549292377
"FOW_TC","up","GO:0031514",160,1,1,0.915504601374332
"FOW_TC","up","GO:0001669",38,1,0.439901572409526,0.439901572409526
"FOW_TC","up","GO:0043226",4071,63,1,0.383755314228382
"FOW_TC","up","GO:0032279",129,3,1,0.308229562078087
"FOW_TC","up","GO:0005643",29,1,0.357223924722229,0.357223924722229
"FOW_TC","up","GO:0043227",3704,62,1,0.0662278825323668
"FOW_TC","up","GO:0031981",1138,31,1,0.000263178997992319
"FOW_TC","up","GO:0043228",1813,27,1,0.576348900647887
"FOW_TC","up","GO:0031982",818,8,1,0.942249991574935
"FOW_TC","up","GO:0043229",3960,63,1,0.220320690422355
"FOW_TC","up","GO:0031983",28,2,1,0.0659449155486383
"FOW_TC","up","GO:0098862",52,1,1,0.548109191941357
"FOW_TC","up","GO:0031984",515,7,1,0.671487190195676
"FOW_TC","up","GO:0016324",102,1,1,0.791118587344515
"FOW_TC","up","GO:0005881",63,3,0.0354856702909043,0.0688075449874285
"FOW_TC","up","GO:0005740",226,7,1,0.0528202144715067
"FOW_TC","up","GO:0005930",159,1,1,0.914167871504317
"FOW_TC","up","GO:0005741",74,3,0.100105561092858,0.100105561092858
"FOW_TC","up","GO:0016020",2195,25,0.954647185646949,0.978730570302568
"FOW_TC","up","GO:0120025",833,4,1,0.99931533172365
"FOW_TC","up","GO:0005743",133,4,0.238137135807436,0.14010804711185
"FOW_TC","up","GO:0005886",1113,9,0.966575962304557,0.993014924831102
"FOW_TC","up","GO:0043025",147,2,0.656135937665097,0.656135937665097
"FOW_TC","up","GO:0098590",342,1,1,0.995406762065629
"FOW_TC","up","GO:0005634",2108,45,0.133078539821589,0.00156873062810918
"FOW_TC","up","GO:0005635",150,4,1,0.189581938156179
"FOW_TC","up","GO:0031974",1368,37,1,4.50672998509382e-05
"FOW_TC","up","GO:0030424",216,1,1,0.965099930231885
"FOW_TC","up","GO:0043197",53,1,0.554995837502307,0.554995837502307
"FOW_TC","up","GO:0030425",199,2,0.89416831091751,0.809268328622077
"FOW_TC","up","GO:0005730",309,8,0.113045571457028,0.0921126390494732
"FOW_TC","up","GO:0071944",1238,9,1,0.99833623618276
"FOW_TC","up","GO:0005874",137,4,0.597255818884769,0.151235093260941
"FOW_TC","up","GO:0005732",14,1,0.191875046799809,0.191875046799809
"FOW_TC","up","GO:0098857",58,1,1,0.587905638214471
"FOW_TC","up","GO:1990904",355,6,1,0.448544238187505
"FOW_TC","up","GO:0005876",18,1,0.239680549292377,0.239680549292377
"FOW_TC","up","GO:0031248",52,2,1,0.184535805653133
"FOW_TC","up","GO:0042470",41,1,0.465055812909289,0.465055812909289
"FOW_TC","up","GO:0031674",57,1,1,0.581521787522318
"FOW_TC","up","GO:0005879",43,1,0.481202534386481,0.481202534386481
"FOW_TC","up","GO:0097447",199,2,1,0.809268328622077
"FOW_TC","up","GO:0005737",3636,55,0.199383212037899,0.54215892170584
"FOW_TC","up","GO:0005739",479,10,0.734596301769435,0.181610146896014
"FOW_TC","up","GO:0015629",186,1,1,0.943882325347682
"FOW_TC","up","GO:1990351",120,1,1,0.842088500965922
"FOW_TC","up","GO:0090734",48,1,1,0.519495150594366
"FOW_TC","up","GO:0060205",28,2,1,0.0659449155486383
"FOW_TC","up","GO:1902911",45,1,1,0.496868105571695
"FOW_TC","up","GO:0043679",34,1,0.404538839528666,0.404538839528666
"FOW_TC","up","GO:0045271",20,1,0.262525648989144,0.262525648989144
"FOW_TC","up","GO:0043230",184,3,1,0.529440704311977
"FOW_TC","up","GO:0043231",3435,61,1,0.0129976142565324
"FOW_TC","up","GO:0043232",1813,27,1,0.576348900647887
"FOW_TC","up","GO:0005829",1394,20,0.635653250895279,0.647138274164306
"FOW_TC","up","GO:0000151",115,1,0.829311305428864,0.829311305428864
"FOW_TC","up","GO:0043233",1368,37,1,4.50672998509382e-05
"FOW_TC","up","GO:0150034",87,1,1,0.736489639602308
"FOW_TC","up","GO:0070062",180,3,0.514457877796475,0.514457877796475
"FOW_TC","up","GO:0005694",428,11,0.348304948539517,0.0545227151597232
"FOW_TC","up","GO:0005811",37,1,0.43126018375811,0.43126018375811
"FOW_TC","up","GO:0005813",233,3,0.690442583859187,0.690442583859187
"FOW_TC","up","GO:0070603",46,2,0.152312422963603,0.152312422963603
"FOW_TC","up","GO:0005697",11,1,0.154085646205278,0.154085646205278
"FOW_TC","up","GO:0032040",36,1,0.422487253773458,0.422487253773458
"FOW_TC","up","GO:0005903",30,1,1,0.366974619676543
"FOW_TC","up","GO:0005815",310,3,1,0.855780227791774
"FOW_TC","up","GO:0002102",15,1,0.204097434151692,0.204097434151692
"FOW_TC","up","GO:0036126",125,1,0.853920886316385,0.853920886316385
"FOW_TC","up","GO:0005794",510,4,0.80488359685251,0.957201826032216
"FOW_TC","up","GO:0005819",139,2,1,0.625540717729773
"FOW_TC","up","GO:0005840",118,2,1,0.535623375820874
"FOW_TC","up","GO:0001917",17,1,0.227997516891693,0.227997516891693
"FOW_TC","up","GO:0015935",34,1,0.404538839528666,0.404538839528666
"FOW_TC","up","GO:0033017",16,1,0.216137361501309,0.216137361501309
"FOW_TC","up","GO:0000307",14,1,0.191875046799809,0.191875046799809
"FOW_TC","up","GO:0101031",16,2,0.0234985239074506,0.0234985239074506
"FOW_TC","up","GO:0015630",539,5,1,0.921156259010248
"FOW_TC","up","GO:0031410",694,7,1,0.914763068030406
"FOW_TC","up","GO:0099503",236,4,1,0.47985581677507
"FOW_TC","up","GO:0098827",392,7,1,0.37872647869285
"FOW_TC","up","GO:0030120",36,1,1,0.422487253773458
"FOW_TC","up","GO:0043292",91,2,0.0875088391918558,0.400757938475118
"FOW_TC","up","GO:0099091",13,1,1,0.179467471760776
"FOW_TC","up","GO:0099092",11,1,0.154085646205278,0.154085646205278
"FOW_TC","up","GO:0031090",1132,17,1,0.553391508382178
"FOW_TC","up","GO:0030127",14,1,0.191875046799809,0.191875046799809
"FOW_TC","up","GO:0014069",118,3,0.477283940202186,0.262731499293616
"FOW_TC","up","GO:0097708",696,7,1,0.916243124482971
"FOW_TC","up","GO:0005575",5039,76,1,1
"FOW_TC","up","GO:0005576",457,3,1,0.973918634328984
"FOW_TC","up","GO:0098793",237,1,1,0.975015880656924
"FOW_TC","up","GO:0098794",260,3,1,0.760070547532258
"FOW_TC","up","GO:0098796",355,3,1,0.911928003286852
"FOW_TC","up","GO:0042175",399,6,1,0.565132271657341
"FOW_TC","up","GO:0098798",56,2,0.419536830620413,0.206534208986335
"FOW_TC","up","GO:0000123",45,2,0.324540760286501,0.147058981980557
"FOW_TC","up","GO:0110165",5026,76,1,0.820532528239224
"FOW_TC","up","GO:0043209",23,2,0.0463049815031971,0.0463049815031971
"FOW_TC","up","GO:0090575",64,2,0.251239537647903,0.251239537647903
"FOW_TC","up","GO:0030117",43,1,1,0.481202534386481
"FOW_TC","up","GO:1902562",19,1,0.251189069159689,0.251189069159689
"FOW_TC","up","GO:0034774",28,2,0.0659449155486383,0.0659449155486383
"FOW_TC","up","GO:0005667",113,3,0.521888731965703,0.242357454386464
"FOW_TC","up","GO:0030496",66,1,0.635633393974089,0.635633393974089
"FOW_TC","up","GO:0022626",79,1,0.701816193917106,0.701816193917106
"FOW_TC","up","GO:0098588",693,6,1,0.960467690455324
"FOW_TC","up","GO:0042995",835,4,1,0.999334521707775
"FOW_TC","up","GO:0044297",169,3,0.285418557542646,0.472059778917841
"FOW_TC","up","GO:0005761",20,1,0.262525648989144,0.262525648989144
"FOW_TC","up","GO:0000792",28,1,0.347325042914507,0.347325042914507
"FOW_TC","up","GO:0044391",86,1,1,0.73238326531684
"FOW_TC","up","GO:0005764",196,1,1,0.952083508213894
"FOW_TC","up","GO:1904949",66,2,1,0.262488662282384
"FOW_TC","up","GO:0005766",23,1,1,0.295528915175257
"FOW_TC","up","GO:0030141",148,4,1,0.183483031487585
"FOW_TC","up","GO:0097525",48,1,1,0.519495150594366
"FOW_TC","up","GO:0043005",411,2,1,0.988382006582126
"FOW_TC","up","GO:0030054",694,8,1,0.840583910025511
"FOW_TC","up","GO:0005768",340,2,1,0.968735415089655
"FOW_TC","up","GO:0005769",143,1,1,0.889712063051301
"FOW_TC","up","GO:0030055",83,1,1,0.71968148096604
"FOW_TC","up","GO:0005654",985,28,0.000544194101716865,0.000302565142842098
"FOW_TC","up","GO:0065010",184,3,1,0.529440704311977
"FOW_TC","up","GO:0000118",32,1,0.386040174012622,0.386040174012622
"FOW_TC","up","GO:0061695",102,1,1,0.791118587344515
"FOW_TC","up","GO:1902554",42,1,1,0.47319021831523
"FOW_TC","up","GO:0101002",14,2,1,0.0181689962533436
"FOW_TC","up","GO:0140513",478,11,0.862104546672785,0.101558339779661
"FOW_TC","up","GO:1903561",184,3,1,0.529440704311977
"FOW_TC","up","GO:0036464",119,1,1,0.839610946480664
"FOW_TC","up","GO:0044306",43,1,1,0.481202534386481
"FOW_TC","up","GO:1990234",337,4,1,0.758269410059184
"FOW_TC","up","GO:0030964",20,1,1,0.262525648989144
"FOW_TC","up","GO:0042582",23,1,0.295528915175257,0.295528915175257
"FOW_TC","up","GO:0030133",159,1,1,0.914167871504317
"FOW_TC","up","GO:0031901",70,1,0.657408163154627,0.657408163154627
"FOW_TC","up","GO:0005681",120,2,1,0.544781962734958
"FOW_TC","up","GO:0044309",54,1,1,0.561778893328585
"FOW_TC","up","GO:0005759",118,3,0.432896347776306,0.262731499293616
"FOW_TC","up","GO:0030134",33,1,1,0.395359316568053
"FOW_TC","up","GO:0070013",1368,37,0.400450444437441,4.50672998509382e-05
"FOW_TC","up","GO:0030135",107,1,1,0.806714843444861
"FOW_TC","up","GO:0030662",64,1,1,0.62423942385034
"FOW_TC","up","GO:0005685",15,1,0.204097434151692,0.204097434151692
"FOW_TC","up","GO:0016363",38,2,0.111528803655712,0.111528803655712
"FOW_TC","up","GO:1902493",60,2,1,0.228804420617741
"FOW_TC","up","GO:1902494",737,11,0.964761046235748,0.565342834994277
"FOW_TC","up","GO:0031253",94,1,1,0.763543971916834
"FOW_TC","up","GO:1902495",112,1,1,0.821160781175326
"FOW_TC","up","GO:0032991",1866,31,0.360526138493435,0.284177150242279
"FOW_TC","up","GO:0035770",280,4,1,0.616975351814303
"FOW_TC","up","GO:0010008",182,2,0.821440475351061,0.76733247170784
"FOW_TC","up","GO:0032993",37,1,0.43126018375811,0.43126018375811
"FOW_TC","up","GO:0005783",603,9,0.902031615894656,0.566962007710238
"FOW_TC","up","GO:0120114",55,1,1,0.56845989716149
"FOW_TC","up","GO:0019866",149,4,1,0.186524089263605
"FOW_TC","up","GO:0019867",82,3,1,0.12585254453395
"FOW_TC","up","GO:0005788",61,1,0.606486144518563,0.606486144518563
"FOW_TC","up","GO:0042383",35,1,1,0.413580807200159
"FOW_TC","up","GO:0005789",390,6,0.666610173983907,0.542084631998199
"FOW_TC","up","GO:0016604",252,5,0.612635972734164,0.330869605143727
"FOW_TC","up","GO:0016605",24,1,0.306202719490784,0.306202719490784
"FOW_TC","up","GO:0016607",149,3,0.39135807672509,0.39135807672509
"FOW_TC","up","GO:0000139",239,1,0.975800537816047,0.975800537816047
"FOW_TC","up","GO:0097014",159,1,1,0.914167871504317
"FOW_TC","up","GO:0042579",39,1,1,0.448413366150153
"FOW_TC","up","GO:0035861",34,1,0.404538839528666,0.404538839528666
"FOW_TC","up","GO:0099572",124,3,1,0.287465053990176
"FOW_TC","up","GO:0030658",96,1,1,0.770757056472844
"FOW_TC","up","GO:0140534",62,1,0.612493989640417,0.612493989640417
"FOW_TC","up","GO:0045202",530,7,0.0629535234070018,0.701292309876998
"FOW_TC","up","GO:0098984",137,3,1,0.341567042852527
"FOW_TC","up","GO:0140535",374,6,0.943312074307481,0.499978287901776
"FOW_TC","up","GO:0030659",359,3,1,0.915825615996579
"FOW_TC","up","GO:0005773",241,2,1,0.885662882140124
"FOW_TC","up","GO:0005925",76,1,0.687684206719126,0.687684206719126
"FOW_TC","up","GO:0005776",48,1,0.519495150594366,0.519495150594366
"FOW_TC","up","GO:0005777",39,1,0.448413366150153,0.448413366150153
"FOW_TC","up","GO:0099080",580,10,1,0.376749659426674
"FOW_TC","up","GO:0005929",378,1,1,0.997452520417898
"FOW_TC","up","GO:0099081",275,6,1,0.233245187298467
"FOW_TC","up","GO:0005622",4488,72,1,0.0700363667541827
"FOW_TC","up","GO:0098800",20,1,0.262525648989144,0.262525648989144
"FOW_TC","up","GO:0098803",40,1,1,0.456797482984671
"FOW_TC","up","GO:0070161",224,1,1,0.96926723430404
"FOW_TC","up","GO:0000323",197,1,1,0.952835449856624
"FOW_TC","up","GO:1904813",12,2,0.0134364020182475,0.0134364020182475
"FOW_TC","up","GO:0098687",96,2,1,0.427175192057452
"FOW_TC","up","GO:0030684",61,2,1,0.234401658691122
"FOW_TC","up","GO:0031965",88,4,0.0430394619371689,0.0430394619371689
"FOW_TC","up","GO:0031966",214,7,1,0.0413408006989109
"FOW_TC","up","GO:0030686",18,1,0.239680549292377,0.239680549292377
"FOW_TC","up","GO:0048770",41,1,1,0.465055812909289
"FOW_TC","up","GO:0071782",12,1,0.166871941131371,0.166871941131371
"FOW_TC","up","GO:0031967",372,10,1,0.0512231210781547
"FOW_TC","up","GO:0030315",15,1,0.204097434151692,0.204097434151692
"FOW_TC","up","GO:0030687",14,1,0.191875046799809,0.191875046799809
"FOW_TC","up","GO:0071011",54,1,0.561778893328585,0.561778893328585
"FOW_TC","up","GO:0031968",81,3,1,0.122510953228421
"FOW_TC","up","GO:0071013",66,1,0.635633393974089,0.635633393974089
"FOW_TC","up","GO:0045171",21,1,0.27369282386,0.27369282386
"FOW_TC","up","GO:0012505",1388,16,1,0.923384049314341
"FOW_TC","up","GO:1990204",54,2,0.401666470106385,0.195493878709546
"FOW_TC","up","GO:0012506",370,3,1,0.92576085827893
"FOW_TC","up","GO:0010494",51,1,0.541117396051199,0.541117396051199
"FOW_TC","up","GO:0098978",188,3,0.544172742367419,0.544172742367419
"FOW_TC","up","GO:0036477",262,3,1,0.764697413175027
"FOW_TC","up","GO:0012507",23,1,1,0.295528915175257
"FOW_TC","up","GO:0048471",254,4,0.538433197729535,0.538433197729535
"FOW_TC","up","GO:0000152",11,0,1,1
"FOW_TC","up","GO:0000228",61,0,1,1
"FOW_TC","up","GO:0000315",12,0,1,1
"FOW_TC","up","GO:0000407",19,0,1,1
"FOW_TC","up","GO:0000421",20,0,1,1
"FOW_TC","up","GO:0000428",36,0,1,1
"FOW_TC","up","GO:0000502",40,0,1,1
"FOW_TC","up","GO:0000775",68,0,1,1
"FOW_TC","up","GO:0000776",44,0,1,1
"FOW_TC","up","GO:0000779",46,0,1,1
"FOW_TC","up","GO:0000786",15,0,1,1
"FOW_TC","up","GO:0000791",15,0,1,1
"FOW_TC","up","GO:0000793",67,0,1,1
"FOW_TC","up","GO:0000794",15,0,1,1
"FOW_TC","up","GO:0000922",58,0,1,1
"FOW_TC","up","GO:0000932",47,0,1,1
"FOW_TC","up","GO:0001650",32,0,1,1
"FOW_TC","up","GO:0001725",19,0,1,1
"FOW_TC","up","GO:0001726",57,0,1,1
"FOW_TC","up","GO:0001750",17,0,1,1
"FOW_TC","up","GO:0002080",10,0,1,1
"FOW_TC","up","GO:0002177",13,0,1,1
"FOW_TC","up","GO:0005581",11,0,1,1
"FOW_TC","up","GO:0005604",36,0,1,1
"FOW_TC","up","GO:0005637",15,0,1,1
"FOW_TC","up","GO:0005657",14,0,1,1
"FOW_TC","up","GO:0005669",13,0,1,1
"FOW_TC","up","GO:0005677",10,0,1,1
"FOW_TC","up","GO:0005682",12,0,1,1
"FOW_TC","up","GO:0005684",76,0,1,1
"FOW_TC","up","GO:0005686",18,0,1,1
"FOW_TC","up","GO:0005689",28,0,1,1
"FOW_TC","up","GO:0005700",10,0,1,1
"FOW_TC","up","GO:0005721",10,0,1,1
"FOW_TC","up","GO:0005758",24,0,1,1
"FOW_TC","up","GO:0005762",12,0,1,1
"FOW_TC","up","GO:0005765",106,0,1,1
"FOW_TC","up","GO:0005770",103,0,1,1
"FOW_TC","up","GO:0005771",17,0,1,1
"FOW_TC","up","GO:0005774",130,0,1,1
"FOW_TC","up","GO:0005775",20,0,1,1
"FOW_TC","up","GO:0005778",17,0,1,1
"FOW_TC","up","GO:0005790",11,0,1,1
"FOW_TC","up","GO:0005791",35,0,1,1
"FOW_TC","up","GO:0005793",45,0,1,1
"FOW_TC","up","GO:0005795",67,0,1,1
"FOW_TC","up","GO:0005796",14,0,1,1
"FOW_TC","up","GO:0005798",43,0,1,1
"FOW_TC","up","GO:0005801",17,0,1,1
"FOW_TC","up","GO:0005802",101,0,1,1
"FOW_TC","up","GO:0005814",80,0,1,1
"FOW_TC","up","GO:0005838",13,0,1,1
"FOW_TC","up","GO:0005839",14,0,1,1
"FOW_TC","up","GO:0005849",11,0,1,1
"FOW_TC","up","GO:0005852",13,0,1,1
"FOW_TC","up","GO:0005858",22,0,1,1
"FOW_TC","up","GO:0005868",16,0,1,1
"FOW_TC","up","GO:0005871",23,0,1,1
"FOW_TC","up","GO:0005875",86,0,1,1
"FOW_TC","up","GO:0005884",34,0,1,1
"FOW_TC","up","GO:0005901",14,0,1,1
"FOW_TC","up","GO:0005902",24,0,1,1
"FOW_TC","up","GO:0005905",29,0,1,1
"FOW_TC","up","GO:0005911",148,0,1,1
"FOW_TC","up","GO:0005912",54,0,1,1
"FOW_TC","up","GO:0005918",12,0,1,1
"FOW_TC","up","GO:0005923",30,0,1,1
"FOW_TC","up","GO:0005938",143,0,1,1
"FOW_TC","up","GO:0008021",100,0,1,1
"FOW_TC","up","GO:0008076",10,0,1,1
"FOW_TC","up","GO:0008287",25,0,1,1
"FOW_TC","up","GO:0009507",10,0,1,1
"FOW_TC","up","GO:0009536",12,0,1,1
"FOW_TC","up","GO:0009897",33,0,1,1
"FOW_TC","up","GO:0009898",41,0,1,1
"FOW_TC","up","GO:0009925",64,0,1,1
"FOW_TC","up","GO:0009986",124,0,1,1
"FOW_TC","up","GO:0014704",11,0,1,1
"FOW_TC","up","GO:0015030",19,0,1,1
"FOW_TC","up","GO:0015934",52,0,1,1
"FOW_TC","up","GO:0016234",17,0,1,1
"FOW_TC","up","GO:0016282",15,0,1,1
"FOW_TC","up","GO:0016323",55,0,1,1
"FOW_TC","up","GO:0016328",32,0,1,1
"FOW_TC","up","GO:0016459",45,0,1,1
"FOW_TC","up","GO:0016460",25,0,1,1
"FOW_TC","up","GO:0016469",24,0,1,1
"FOW_TC","up","GO:0016471",11,0,1,1
"FOW_TC","up","GO:0016514",11,0,1,1
"FOW_TC","up","GO:0016591",32,0,1,1
"FOW_TC","up","GO:0016592",10,0,1,1
"FOW_TC","up","GO:0017053",17,0,1,1
"FOW_TC","up","GO:0019005",19,0,1,1
"FOW_TC","up","GO:0019897",18,0,1,1
"FOW_TC","up","GO:0019898",38,0,1,1
"FOW_TC","up","GO:0022624",21,0,1,1
"FOW_TC","up","GO:0022625",40,0,1,1
"FOW_TC","up","GO:0022627",23,0,1,1
"FOW_TC","up","GO:0030014",11,0,1,1
"FOW_TC","up","GO:0030027",80,0,1,1
"FOW_TC","up","GO:0030118",18,0,1,1
"FOW_TC","up","GO:0030119",14,0,1,1
"FOW_TC","up","GO:0030125",14,0,1,1
"FOW_TC","up","GO:0030131",11,0,1,1
"FOW_TC","up","GO:0030136",58,0,1,1
"FOW_TC","up","GO:0030137",18,0,1,1
"FOW_TC","up","GO:0030139",78,0,1,1
"FOW_TC","up","GO:0030140",15,0,1,1
"FOW_TC","up","GO:0030175",34,0,1,1
"FOW_TC","up","GO:0030286",41,0,1,1
"FOW_TC","up","GO:0030312",100,0,1,1
"FOW_TC","up","GO:0030426",55,0,1,1
"FOW_TC","up","GO:0030427",61,0,1,1
"FOW_TC","up","GO:0030660",24,0,1,1
"FOW_TC","up","GO:0030663",13,0,1,1
"FOW_TC","up","GO:0030665",29,0,1,1
"FOW_TC","up","GO:0030666",28,0,1,1
"FOW_TC","up","GO:0030667",50,0,1,1
"FOW_TC","up","GO:0030670",18,0,1,1
"FOW_TC","up","GO:0030672",53,0,1,1
"FOW_TC","up","GO:0030688",12,0,1,1
"FOW_TC","up","GO:0030863",29,0,1,1
"FOW_TC","up","GO:0030864",22,0,1,1
"FOW_TC","up","GO:0030867",25,0,1,1
"FOW_TC","up","GO:0030880",45,0,1,1
"FOW_TC","up","GO:0030990",17,0,1,1
"FOW_TC","up","GO:0030991",10,0,1,1
"FOW_TC","up","GO:0030992",14,0,1,1
"FOW_TC","up","GO:0031010",10,0,1,1
"FOW_TC","up","GO:0031011",10,0,1,1
"FOW_TC","up","GO:0031012",94,0,1,1
"FOW_TC","up","GO:0031045",14,0,1,1
"FOW_TC","up","GO:0031201",16,0,1,1
"FOW_TC","up","GO:0031252",157,0,1,1
"FOW_TC","up","GO:0031256",55,0,1,1
"FOW_TC","up","GO:0031430",19,0,1,1
"FOW_TC","up","GO:0031461",60,0,1,1
"FOW_TC","up","GO:0031462",10,0,1,1
"FOW_TC","up","GO:0031463",19,0,1,1
"FOW_TC","up","GO:0031466",11,0,1,1
"FOW_TC","up","GO:0031519",12,0,1,1
"FOW_TC","up","GO:0031594",33,0,1,1
"FOW_TC","up","GO:0031672",24,0,1,1
"FOW_TC","up","GO:0031902",59,0,1,1
"FOW_TC","up","GO:0031903",17,0,1,1
"FOW_TC","up","GO:0031941",10,0,1,1
"FOW_TC","up","GO:0031970",29,0,1,1
"FOW_TC","up","GO:0031985",51,0,1,1
"FOW_TC","up","GO:0032153",42,0,1,1
"FOW_TC","up","GO:0032154",37,0,1,1
"FOW_TC","up","GO:0032391",19,0,1,1
"FOW_TC","up","GO:0032420",21,0,1,1
"FOW_TC","up","GO:0032421",25,0,1,1
"FOW_TC","up","GO:0032432",22,0,1,1
"FOW_TC","up","GO:0032580",32,0,1,1
"FOW_TC","up","GO:0032587",28,0,1,1
"FOW_TC","up","GO:0032588",30,0,1,1
"FOW_TC","up","GO:0032589",21,0,1,1
"FOW_TC","up","GO:0033116",25,0,1,1
"FOW_TC","up","GO:0033176",16,0,1,1
"FOW_TC","up","GO:0033290",14,0,1,1
"FOW_TC","up","GO:0034399",12,0,1,1
"FOW_TC","up","GO:0034451",33,0,1,1
"FOW_TC","up","GO:0034702",60,0,1,1
"FOW_TC","up","GO:0034703",46,0,1,1
"FOW_TC","up","GO:0034704",14,0,1,1
"FOW_TC","up","GO:0034705",11,0,1,1
"FOW_TC","up","GO:0034708",44,0,1,1
"FOW_TC","up","GO:0034709",10,0,1,1
"FOW_TC","up","GO:0034719",11,0,1,1
"FOW_TC","up","GO:0035097",27,0,1,1
"FOW_TC","up","GO:0035267",12,0,1,1
"FOW_TC","up","GO:0035578",12,0,1,1
"FOW_TC","up","GO:0035869",34,0,1,1
"FOW_TC","up","GO:0036064",109,0,1,1
"FOW_TC","up","GO:0036452",13,0,1,1
"FOW_TC","up","GO:0042583",10,0,1,1
"FOW_TC","up","GO:0042584",10,0,1,1
"FOW_TC","up","GO:0042641",25,0,1,1
"FOW_TC","up","GO:0042734",50,0,1,1
"FOW_TC","up","GO:0043186",20,0,1,1
"FOW_TC","up","GO:0043189",12,0,1,1
"FOW_TC","up","GO:0043195",17,0,1,1
"FOW_TC","up","GO:0043198",16,0,1,1
"FOW_TC","up","GO:0043202",11,0,1,1
"FOW_TC","up","GO:0043204",49,0,1,1
"FOW_TC","up","GO:0043235",72,0,1,1
"FOW_TC","up","GO:0043296",49,0,1,1
"FOW_TC","up","GO:0044232",25,0,1,1
"FOW_TC","up","GO:0044233",11,0,1,1
"FOW_TC","up","GO:0044291",13,0,1,1
"FOW_TC","up","GO:0044304",16,0,1,1
"FOW_TC","up","GO:0044322",11,0,1,1
"FOW_TC","up","GO:0044665",17,0,1,1
"FOW_TC","up","GO:0044853",21,0,1,1
"FOW_TC","up","GO:0045111",14,0,1,1
"FOW_TC","up","GO:0045178",71,0,1,1
"FOW_TC","up","GO:0045179",10,0,1,1
"FOW_TC","up","GO:0045211",79,0,1,1
"FOW_TC","up","GO:0045240",11,0,1,1
"FOW_TC","up","GO:0045334",10,0,1,1
"FOW_TC","up","GO:0045335",34,0,1,1
"FOW_TC","up","GO:0045495",22,0,1,1
"FOW_TC","up","GO:0046540",26,0,1,1
"FOW_TC","up","GO:0048786",34,0,1,1
"FOW_TC","up","GO:0055029",32,0,1,1
"FOW_TC","up","GO:0055037",61,0,1,1
"FOW_TC","up","GO:0055038",30,0,1,1
"FOW_TC","up","GO:0060076",18,0,1,1
"FOW_TC","up","GO:0060077",11,0,1,1
"FOW_TC","up","GO:0060170",16,0,1,1
"FOW_TC","up","GO:0060293",20,0,1,1
"FOW_TC","up","GO:0070160",44,0,1,1
"FOW_TC","up","GO:0070382",107,0,1,1
"FOW_TC","up","GO:0070461",19,0,1,1
"FOW_TC","up","GO:0070971",11,0,1,1
"FOW_TC","up","GO:0070993",16,0,1,1
"FOW_TC","up","GO:0071004",11,0,1,1
"FOW_TC","up","GO:0071005",37,0,1,1
"FOW_TC","up","GO:0071006",38,0,1,1
"FOW_TC","up","GO:0071007",27,0,1,1
"FOW_TC","up","GO:0071010",11,0,1,1
"FOW_TC","up","GO:0071012",38,0,1,1
"FOW_TC","up","GO:0071014",16,0,1,1
"FOW_TC","up","GO:0071016",16,0,1,1
"FOW_TC","up","GO:0071018",16,0,1,1
"FOW_TC","up","GO:0071020",18,0,1,1
"FOW_TC","up","GO:0071339",17,0,1,1
"FOW_TC","up","GO:0080008",10,0,1,1
"FOW_TC","up","GO:0090443",10,0,1,1
"FOW_TC","up","GO:0090533",18,0,1,1
"FOW_TC","up","GO:0090543",15,0,1,1
"FOW_TC","up","GO:0097038",11,0,1,1
"FOW_TC","up","GO:0097060",122,0,1,1
"FOW_TC","up","GO:0097225",46,0,1,1
"FOW_TC","up","GO:0097228",29,0,1,1
"FOW_TC","up","GO:0097229",17,0,1,1
"FOW_TC","up","GO:0097346",15,0,1,1
"FOW_TC","up","GO:0097386",13,0,1,1
"FOW_TC","up","GO:0097431",12,0,1,1
"FOW_TC","up","GO:0097440",12,0,1,1
"FOW_TC","up","GO:0097470",10,0,1,1
"FOW_TC","up","GO:0097517",19,0,1,1
"FOW_TC","up","GO:0097526",27,0,1,1
"FOW_TC","up","GO:0097542",16,0,1,1
"FOW_TC","up","GO:0097545",27,0,1,1
"FOW_TC","up","GO:0097546",18,0,1,1
"FOW_TC","up","GO:0097649",25,0,1,1
"FOW_TC","up","GO:0097730",57,0,1,1
"FOW_TC","up","GO:0097731",41,0,1,1
"FOW_TC","up","GO:0097733",31,0,1,1
"FOW_TC","up","GO:0098533",19,0,1,1
"FOW_TC","up","GO:0098552",94,0,1,1
"FOW_TC","up","GO:0098554",14,0,1,1
"FOW_TC","up","GO:0098562",59,0,1,1
"FOW_TC","up","GO:0098685",37,0,1,1
"FOW_TC","up","GO:0098791",152,0,1,1
"FOW_TC","up","GO:0098797",112,0,1,1
"FOW_TC","up","GO:0098802",31,0,1,1
"FOW_TC","up","GO:0098839",23,0,1,1
"FOW_TC","up","GO:0098852",106,0,1,1
"FOW_TC","up","GO:0098858",67,0,1,1
"FOW_TC","up","GO:0098982",25,0,1,1
"FOW_TC","up","GO:0099023",27,0,1,1
"FOW_TC","up","GO:0099501",53,0,1,1
"FOW_TC","up","GO:0099568",22,0,1,1
"FOW_TC","up","GO:0099634",25,0,1,1
"FOW_TC","up","GO:0099738",20,0,1,1
"FOW_TC","up","GO:0120111",33,0,1,1
"FOW_TC","up","GO:0120212",13,0,1,1
"FOW_TC","up","GO:0120293",10,0,1,1
"FOW_TC","up","GO:0140139",17,0,1,1
"FOW_TC","up","GO:0140144",15,0,1,1
"FOW_TC","up","GO:0160110",25,0,1,1
"FOW_TC","up","GO:0160111",16,0,1,1
"FOW_TC","up","GO:1903293",25,0,1,1
"FOW_TC","up","GO:1904115",21,0,1,1
"FOW_TC","up","GO:1905368",65,0,1,1
"FOW_TC","up","GO:1905369",51,0,1,1
"FOW_TC","down","GO:0030016",85,3,1,0.106472013960581
"FOW_TC","down","GO:0030670",18,1,0.217276305148783,0.217276305148783
"FOW_TC","down","GO:0045177",133,3,0.341965715799969,0.266797960607249
"FOW_TC","down","GO:0030017",73,3,1,0.0749713276754127
"FOW_TC","down","GO:0045178",71,2,1,0.248578396843543
"FOW_TC","down","GO:0030018",54,3,0.035748599499618,0.035748599499618
"FOW_TC","down","GO:0030672",53,2,0.15986701096499,0.15986701096499
"FOW_TC","down","GO:0005615",184,5,1,0.101417755867355
"FOW_TC","down","GO:0033116",25,1,0.28857312341593,0.28857312341593
"FOW_TC","down","GO:0099512",275,8,0.186023156984287,0.0305204483196306
"FOW_TC","down","GO:0016528",34,1,0.370906221024552,0.370906221024552
"FOW_TC","down","GO:0097038",11,1,0.138949708545711,0.138949708545711
"FOW_TC","down","GO:0140168",168,2,1,0.668529568523041
"FOW_TC","down","GO:0099513",178,5,1,0.0911149882593066
"FOW_TC","down","GO:0005856",839,12,0.582430901687959,0.46258811504541
"FOW_TC","down","GO:0000785",259,3,0.789389060810184,0.687415403703154
"FOW_TC","down","GO:0008021",100,3,0.466994260463116,0.151784688397214
"FOW_TC","down","GO:0055037",61,3,0.337956672048372,0.0485534292041994
"FOW_TC","down","GO:0055038",30,2,0.0612620658808924,0.0612620658808924
"FOW_TC","down","GO:0043226",4071,54,1,0.680767577377831
"FOW_TC","down","GO:0032279",129,3,1,0.252147812398182
"FOW_TC","down","GO:0043227",3704,50,1,0.561481135820049
"FOW_TC","down","GO:0031981",1138,8,1,0.992825709810244
"FOW_TC","down","GO:0043228",1813,18,1,0.964378753474712
"FOW_TC","down","GO:0031982",818,14,1,0.203917763364546
"FOW_TC","down","GO:0016323",55,2,0.16944025640015,0.16944025640015
"FOW_TC","down","GO:0043229",3960,52,1,0.724164779090257
"FOW_TC","down","GO:0031984",515,18,1,0.000106752032155564
"FOW_TC","down","GO:0016324",102,2,0.402198747841075,0.402198747841075
"FOW_TC","down","GO:0031985",51,1,1,0.501624986931771
"FOW_TC","down","GO:0005740",226,2,1,0.81688296499739
"FOW_TC","down","GO:0005741",74,1,0.636804872318882,0.636804872318882
"FOW_TC","down","GO:0016020",2195,46,0.00406437141239603,4.73537204402843e-05
"FOW_TC","down","GO:0000922",58,1,0.54730929976446,0.54730929976446
"FOW_TC","down","GO:0120025",833,10,1,0.707848643941569
"FOW_TC","down","GO:0005743",133,1,0.839791550612069,0.839791550612069
"FOW_TC","down","GO:0005886",1113,20,0.312115312446412,0.0963268360935851
"FOW_TC","down","GO:0045111",14,1,0.173421343811648,0.173421343811648
"FOW_TC","down","GO:0000775",68,1,1,0.605497806946891
"FOW_TC","down","GO:0000776",44,1,0.45140481215656,0.45140481215656
"FOW_TC","down","GO:0005938",143,3,0.807649341820082,0.303833275893261
"FOW_TC","down","GO:0043025",147,3,0.732270409054605,0.318744337134807
"FOW_TC","down","GO:0000779",46,1,1,0.466241341693082
"FOW_TC","down","GO:0098590",342,8,1,0.0875759523949484
"FOW_TC","down","GO:0005634",2108,16,0.999160743902059,0.999537964644393
"FOW_TC","down","GO:0045495",22,1,1,0.258836916963759
"FOW_TC","down","GO:0005635",150,5,0.0094873305933389,0.0508833085385087
"FOW_TC","down","GO:0031974",1368,12,1,0.97618832836819
"FOW_TC","down","GO:0098852",106,2,1,0.421156335615958
"FOW_TC","down","GO:0031012",94,5,0.00724574776072971,0.00838407287484691
"FOW_TC","down","GO:0030424",216,6,0.351777508714993,0.069888424705867
"FOW_TC","down","GO:0043197",53,2,0.15986701096499,0.15986701096499
"FOW_TC","down","GO:0030425",199,5,0.304615927401399,0.129611897839166
"FOW_TC","down","GO:0030426",55,1,0.528258951220924,0.528258951220924
"FOW_TC","down","GO:0030427",61,1,1,0.565601198496671
"FOW_TC","down","GO:0060293",20,1,1,0.238335864235482
"FOW_TC","down","GO:0071944",1238,23,1,0.0536292225784449
"FOW_TC","down","GO:0005874",137,5,0.0366853710844863,0.0366853710844863
"FOW_TC","down","GO:0005875",86,2,0.456664740393703,0.323920035494903
"FOW_TC","down","GO:0044322",11,1,0.138949708545711,0.138949708545711
"FOW_TC","down","GO:0031672",24,2,0.0650005736615201,0.0409185354926022
"FOW_TC","down","GO:0031248",52,1,1,0.508419193204553
"FOW_TC","down","GO:0031674",57,3,1,0.0409917800631829
"FOW_TC","down","GO:0097447",199,5,1,0.129611897839166
"FOW_TC","down","GO:0005737",3636,50,0.954549763828939,0.460838142886199
"FOW_TC","down","GO:0005739",479,5,0.682750922408526,0.787997563907692
"FOW_TC","down","GO:0015629",186,2,0.884798231073014,0.72259532940157
"FOW_TC","down","GO:1990351",120,1,1,0.807967719686748
"FOW_TC","down","GO:0009986",124,3,0.234027151462886,0.234027151462886
"FOW_TC","down","GO:0009898",41,2,0.105192477473946,0.105192477473946
"FOW_TC","down","GO:0031045",14,1,0.173421343811648,0.173421343811648
"FOW_TC","down","GO:0043679",34,1,0.370906221024552,0.370906221024552
"FOW_TC","down","GO:0043230",184,5,1,0.101417755867355
"FOW_TC","down","GO:0043231",3435,48,1,0.387560219262162
"FOW_TC","down","GO:0043232",1813,18,1,0.964378753474712
"FOW_TC","down","GO:0005829",1394,14,0.930095778479773,0.930095778479773
"FOW_TC","down","GO:0000151",115,1,0.79413456778222,0.79413456778222
"FOW_TC","down","GO:0043233",1368,12,1,0.97618832836819
"FOW_TC","down","GO:0043235",72,1,0.626651278271554,0.626651278271554
"FOW_TC","down","GO:0150034",87,2,1,0.328902569984515
"FOW_TC","down","GO:0070062",180,5,0.0944853166638513,0.0944853166638513
"FOW_TC","down","GO:0005694",428,5,1,0.696871957514652
"FOW_TC","down","GO:0005813",233,3,0.615747675299522,0.615747675299522
"FOW_TC","down","GO:0005814",80,1,0.665661116465485,0.665661116465485
"FOW_TC","down","GO:0005791",35,1,0.379453349290352,0.379453349290352
"FOW_TC","down","GO:0005815",310,5,0.0195954870490941,0.408190825442633
"FOW_TC","down","GO:0005793",45,1,1,0.458873175074148
"FOW_TC","down","GO:0042641",25,1,1,0.28857312341593
"FOW_TC","down","GO:0005794",510,19,0.0570403687876317,2.64544078384254e-05
"FOW_TC","down","GO:0005795",67,3,0.0188926249095892,0.0610828475270528
"FOW_TC","down","GO:0005819",139,1,1,0.852668143790743
"FOW_TC","down","GO:0005796",14,1,0.173421343811648,0.173421343811648
"FOW_TC","down","GO:0031594",33,1,0.362243123217681,0.362243123217681
"FOW_TC","down","GO:0097060",122,6,1,0.00572644973816711
"FOW_TC","down","GO:0005604",36,1,0.387886037589365,0.387886037589365
"FOW_TC","down","GO:0098562",59,3,1,0.0446918963758466
"FOW_TC","down","GO:0005581",11,1,0.138949708545711,0.138949708545711
"FOW_TC","down","GO:0001725",19,1,0.227876825214484,0.227876825214484
"FOW_TC","down","GO:0009925",64,2,1,0.213549804771024
"FOW_TC","down","GO:0036064",109,1,0.776234199296865,0.776234199296865
"FOW_TC","down","GO:0005700",10,1,0.127147366312514,0.127147366312514
"FOW_TC","down","GO:0099501",53,2,1,0.15986701096499
"FOW_TC","down","GO:0015630",539,9,1,0.300570045412605
"FOW_TC","down","GO:0031410",694,10,0.700092108131707,0.464271889805817
"FOW_TC","down","GO:0045211",79,3,0.0901330315839517,0.0901330315839517
"FOW_TC","down","GO:0099503",236,4,1,0.395256296192419
"FOW_TC","down","GO:0098827",392,14,1,0.00059237033317379
"FOW_TC","down","GO:0070382",107,3,1,0.174752263220683
"FOW_TC","down","GO:0043292",91,3,1,0.123885368108001
"FOW_TC","down","GO:0098552",94,3,1,0.132961534618736
"FOW_TC","down","GO:0031090",1132,28,1,0.000391513659799538
"FOW_TC","down","GO:0098554",14,1,0.173421343811648,0.173421343811648
"FOW_TC","down","GO:0014069",118,3,0.212637747358103,0.212637747358103
"FOW_TC","down","GO:0097708",696,10,1,0.468104495375347
"FOW_TC","down","GO:0042734",50,4,0.00438114448792302,0.00438114448792302
"FOW_TC","down","GO:0005575",5039,68,1,1
"FOW_TC","down","GO:0098791",152,5,1,0.0533195356386233
"FOW_TC","down","GO:0005576",457,11,0.134430811479036,0.0406301580915027
"FOW_TC","down","GO:0098793",237,6,0.605700709149407,0.0988130117697158
"FOW_TC","down","GO:0098794",260,6,0.602295200097007,0.13681910078718
"FOW_TC","down","GO:0098796",355,4,0.649843824966362,0.716121366005805
"FOW_TC","down","GO:0014704",11,2,0.00912394398054098,0.00912394398054098
"FOW_TC","down","GO:0042175",399,15,0.0998929658446271,0.000207110463225618
"FOW_TC","down","GO:0043204",49,2,0.141060496101819,0.141060496101819
"FOW_TC","down","GO:0000123",45,1,0.458873175074148,0.458873175074148
"FOW_TC","down","GO:0110165",5026,68,1,0.837915354175609
"FOW_TC","down","GO:0044291",13,2,1,0.0127163915208567
"FOW_TC","down","GO:0090575",64,1,0.583164410563303,0.583164410563303
"FOW_TC","down","GO:0099738",20,2,0.0291550838155024,0.0291550838155024
"FOW_TC","down","GO:0043186",20,1,0.238335864235482,0.238335864235482
"FOW_TC","down","GO:0005667",113,1,1,0.788330415736458
"FOW_TC","down","GO:0098588",693,17,1,0.00895208985954086
"FOW_TC","down","GO:0031430",19,1,0.227876825214484,0.227876825214484
"FOW_TC","down","GO:0042995",835,10,1,0.710838063465334
"FOW_TC","down","GO:0044297",169,3,1,0.40052565390336
"FOW_TC","down","GO:0000793",67,1,1,0.600027548152517
"FOW_TC","down","GO:0005764",196,3,0.705774506656681,0.4970224522004
"FOW_TC","down","GO:0005765",106,2,0.421156335615958,0.421156335615958
"FOW_TC","down","GO:0030141",148,2,1,0.59907939536663
"FOW_TC","down","GO:0043005",411,10,0.614963591938045,0.0473130040512579
"FOW_TC","down","GO:0030054",694,12,1,0.21927993447526
"FOW_TC","down","GO:0005768",340,5,1,0.489095240264579
"FOW_TC","down","GO:0099568",22,2,1,0.0348409629794734
"FOW_TC","down","GO:0005769",143,4,0.252856163249868,0.126417973060077
"FOW_TC","down","GO:0030055",83,2,1,0.308923787529188
"FOW_TC","down","GO:0030286",41,1,1,0.428385037754117
"FOW_TC","down","GO:0005654",985,8,0.952004990723601,0.969327097950785
"FOW_TC","down","GO:0065010",184,5,1,0.101417755867355
"FOW_TC","down","GO:0045335",34,1,1,0.370906221024552
"FOW_TC","down","GO:0140513",478,2,0.997154204009865,0.991057843856236
"FOW_TC","down","GO:1903561",184,5,1,0.101417755867355
"FOW_TC","down","GO:0044304",16,1,0.195643257594021,0.195643257594021
"FOW_TC","down","GO:0036464",119,1,1,0.805276418148969
"FOW_TC","down","GO:1990234",337,2,1,0.94803790043094
"FOW_TC","down","GO:0044306",43,1,1,0.443834911025603
"FOW_TC","down","GO:0032432",22,1,1,0.258836916963759
"FOW_TC","down","GO:0030133",159,3,1,0.363504945743893
"FOW_TC","down","GO:0031901",70,2,0.24355353735628,0.24355353735628
"FOW_TC","down","GO:0097517",19,1,1,0.227876825214484
"FOW_TC","down","GO:0044309",54,2,1,0.16464079602135
"FOW_TC","down","GO:0042583",10,1,1,0.127147366312514
"FOW_TC","down","GO:0031902",59,1,0.553489377583376,0.553489377583376
"FOW_TC","down","GO:0042584",10,1,0.127147366312514,0.127147366312514
"FOW_TC","down","GO:0031903",17,1,1,0.206532419147596
"FOW_TC","down","GO:0070013",1368,12,1,0.97618832836819
"FOW_TC","down","GO:0016363",38,1,0.40441411347571,0.40441411347571
"FOW_TC","down","GO:1902493",60,1,1,0.559586309777016
"FOW_TC","down","GO:1902494",737,4,0.994738561512627,0.993184450937967
"FOW_TC","down","GO:0031252",157,3,0.400346626414578,0.35605784813252
"FOW_TC","down","GO:0005802",101,2,0.618211824066484,0.39741530045869
"FOW_TC","down","GO:0031253",94,1,1,0.724497434360954
"FOW_TC","down","GO:1902495",112,1,0.785368174178541,0.785368174178541
"FOW_TC","down","GO:0030139",78,1,1,0.656302694588768
"FOW_TC","down","GO:0030666",28,1,1,0.317133132165786
"FOW_TC","down","GO:0032991",1866,12,0.999751619294896,0.999870490872306
"FOW_TC","down","GO:0120111",33,2,0.149117066093225,0.0724827604925292
"FOW_TC","down","GO:0030667",50,1,1,0.4947382767329
"FOW_TC","down","GO:0031256",55,1,1,0.528258951220924
"FOW_TC","down","GO:0035770",280,3,1,0.737831697064395
"FOW_TC","down","GO:0060076",18,1,0.217276305148783,0.217276305148783
"FOW_TC","down","GO:0010008",182,3,0.575263153544361,0.447778294992599
"FOW_TC","down","GO:0005783",603,19,0.252964371228215,0.000261154579756446
"FOW_TC","down","GO:0019866",149,1,1,0.871900063411771
"FOW_TC","down","GO:0019867",82,2,1,0.303911193079815
"FOW_TC","down","GO:0005788",61,3,0.0485534292041994,0.0485534292041994
"FOW_TC","down","GO:0042383",35,3,0.0285210074280592,0.0113019830500947
"FOW_TC","down","GO:0005789",390,14,0.00115145143538711,0.000562536803075381
"FOW_TC","down","GO:0016604",252,2,1,0.861931634330273
"FOW_TC","down","GO:0016607",149,2,0.60279192376592,0.60279192376592
"FOW_TC","down","GO:0000139",239,11,0.000301497972470119,0.000301497972470119
"FOW_TC","down","GO:0042579",39,1,1,0.412512461862763
"FOW_TC","down","GO:0005770",103,2,0.450415033399521,0.406964975706955
"FOW_TC","down","GO:0045202",530,11,0.663794110155338,0.0961631717113448
"FOW_TC","down","GO:0099572",124,3,1,0.234027151462886
"FOW_TC","down","GO:0030658",96,2,1,0.373255034835576
"FOW_TC","down","GO:0140534",62,2,0.203631285150788,0.203631285150788
"FOW_TC","down","GO:0098984",137,4,0.101195881391276,0.112688997565174
"FOW_TC","down","GO:0140535",374,3,0.944157437387598,0.890291903330419
"FOW_TC","down","GO:0030659",359,6,1,0.355407143465325
"FOW_TC","down","GO:0005773",241,3,1,0.638884949752574
"FOW_TC","down","GO:0005774",130,2,1,0.527950224143909
"FOW_TC","down","GO:0005925",76,2,0.27374402196842,0.27374402196842
"FOW_TC","down","GO:0048786",34,2,0.0763608955909281,0.0763608955909281
"FOW_TC","down","GO:0005777",39,1,1,0.412512461862763
"FOW_TC","down","GO:0099080",580,11,1,0.152905334357621
"FOW_TC","down","GO:0005778",17,1,0.206532419147596,0.206532419147596
"FOW_TC","down","GO:0099081",275,8,1,0.0305204483196306
"FOW_TC","down","GO:0005929",378,1,1,0.995201662540568
"FOW_TC","down","GO:0005622",4488,57,1,0.937369079540542
"FOW_TC","down","GO:0032580",32,1,0.353462506165404,0.353462506165404
"FOW_TC","down","GO:0070161",224,4,0.184155171829172,0.357923327747216
"FOW_TC","down","GO:0000323",197,3,1,0.500461220662851
"FOW_TC","down","GO:0098687",96,1,1,0.732023110299743
"FOW_TC","down","GO:0030312",100,5,1,0.0108091601098849
"FOW_TC","down","GO:0031965",88,1,0.700648666632397,0.700648666632397
"FOW_TC","down","GO:0031966",214,2,1,0.792044255108404
"FOW_TC","down","GO:0097470",10,1,0.127147366312514,0.127147366312514
"FOW_TC","down","GO:0031967",372,7,1,0.233977163831503
"FOW_TC","down","GO:0005911",148,2,1,0.59907939536663
"FOW_TC","down","GO:0030315",15,1,0.184606885825739,0.184606885825739
"FOW_TC","down","GO:0031968",81,2,0.0907746272183344,0.298892911902517
"FOW_TC","down","GO:0032588",30,1,0.335542413288938,0.335542413288938
"FOW_TC","down","GO:0032589",21,1,0.248655282691746,0.248655282691746
"FOW_TC","down","GO:0045171",21,1,0.248655282691746,0.248655282691746
"FOW_TC","down","GO:0012505",1388,39,1,1.950789648228e-07
"FOW_TC","down","GO:0012506",370,6,1,0.382585796078394
"FOW_TC","down","GO:0005868",16,1,0.195643257594021,0.195643257594021
"FOW_TC","down","GO:0098978",188,2,0.728129176355961,0.728129176355961
"FOW_TC","down","GO:0036477",262,6,1,0.140418904815552
"FOW_TC","down","GO:1904115",21,1,0.248655282691746,0.248655282691746
"FOW_TC","down","GO:0048471",254,5,0.407514938435983,0.257314189580386
"FOW_TC","down","GO:0000118",32,0,1,1
"FOW_TC","down","GO:0000152",11,0,1,1
"FOW_TC","down","GO:0000228",61,0,1,1
"FOW_TC","down","GO:0000307",14,0,1,1
"FOW_TC","down","GO:0000313",20,0,1,1
"FOW_TC","down","GO:0000315",12,0,1,1
"FOW_TC","down","GO:0000407",19,0,1,1
"FOW_TC","down","GO:0000421",20,0,1,1
"FOW_TC","down","GO:0000428",36,0,1,1
"FOW_TC","down","GO:0000502",40,0,1,1
"FOW_TC","down","GO:0000781",31,0,1,1
"FOW_TC","down","GO:0000786",15,0,1,1
"FOW_TC","down","GO:0000791",15,0,1,1
"FOW_TC","down","GO:0000792",28,0,1,1
"FOW_TC","down","GO:0000794",15,0,1,1
"FOW_TC","down","GO:0000932",47,0,1,1
"FOW_TC","down","GO:0001650",32,0,1,1
"FOW_TC","down","GO:0001669",38,0,1,1
"FOW_TC","down","GO:0001726",57,0,1,1
"FOW_TC","down","GO:0001750",17,0,1,1
"FOW_TC","down","GO:0001917",17,0,1,1
"FOW_TC","down","GO:0002080",10,0,1,1
"FOW_TC","down","GO:0002102",15,0,1,1
"FOW_TC","down","GO:0002177",13,0,1,1
"FOW_TC","down","GO:0005637",15,0,1,1
"FOW_TC","down","GO:0005643",29,0,1,1
"FOW_TC","down","GO:0005657",14,0,1,1
"FOW_TC","down","GO:0005669",13,0,1,1
"FOW_TC","down","GO:0005677",10,0,1,1
"FOW_TC","down","GO:0005681",120,0,1,1
"FOW_TC","down","GO:0005682",12,0,1,1
"FOW_TC","down","GO:0005684",76,0,1,1
"FOW_TC","down","GO:0005685",15,0,1,1
"FOW_TC","down","GO:0005686",18,0,1,1
"FOW_TC","down","GO:0005689",28,0,1,1
"FOW_TC","down","GO:0005697",11,0,1,1
"FOW_TC","down","GO:0005721",10,0,1,1
"FOW_TC","down","GO:0005730",309,0,1,1
"FOW_TC","down","GO:0005732",14,0,1,1
"FOW_TC","down","GO:0005758",24,0,1,1
"FOW_TC","down","GO:0005759",118,0,1,1
"FOW_TC","down","GO:0005761",20,0,1,1
"FOW_TC","down","GO:0005762",12,0,1,1
"FOW_TC","down","GO:0005766",23,0,1,1
"FOW_TC","down","GO:0005771",17,0,1,1
"FOW_TC","down","GO:0005775",20,0,1,1
"FOW_TC","down","GO:0005776",48,0,1,1
"FOW_TC","down","GO:0005790",11,0,1,1
"FOW_TC","down","GO:0005798",43,0,1,1
"FOW_TC","down","GO:0005801",17,0,1,1
"FOW_TC","down","GO:0005811",37,0,1,1
"FOW_TC","down","GO:0005838",13,0,1,1
"FOW_TC","down","GO:0005839",14,0,1,1
"FOW_TC","down","GO:0005840",118,0,1,1
"FOW_TC","down","GO:0005849",11,0,1,1
"FOW_TC","down","GO:0005852",13,0,1,1
"FOW_TC","down","GO:0005858",22,0,1,1
"FOW_TC","down","GO:0005871",23,0,1,1
"FOW_TC","down","GO:0005876",18,0,1,1
"FOW_TC","down","GO:0005879",43,0,1,1
"FOW_TC","down","GO:0005881",63,0,1,1
"FOW_TC","down","GO:0005884",34,0,1,1
"FOW_TC","down","GO:0005901",14,0,1,1
"FOW_TC","down","GO:0005902",24,0,1,1
"FOW_TC","down","GO:0005903",30,0,1,1
"FOW_TC","down","GO:0005905",29,0,1,1
"FOW_TC","down","GO:0005912",54,0,1,1
"FOW_TC","down","GO:0005918",12,0,1,1
"FOW_TC","down","GO:0005923",30,0,1,1
"FOW_TC","down","GO:0005930",159,0,1,1
"FOW_TC","down","GO:0008023",18,0,1,1
"FOW_TC","down","GO:0008076",10,0,1,1
"FOW_TC","down","GO:0008287",25,0,1,1
"FOW_TC","down","GO:0009507",10,0,1,1
"FOW_TC","down","GO:0009536",12,0,1,1
"FOW_TC","down","GO:0009897",33,0,1,1
"FOW_TC","down","GO:0010494",51,0,1,1
"FOW_TC","down","GO:0012507",23,0,1,1
"FOW_TC","down","GO:0015030",19,0,1,1
"FOW_TC","down","GO:0015934",52,0,1,1
"FOW_TC","down","GO:0015935",34,0,1,1
"FOW_TC","down","GO:0016234",17,0,1,1
"FOW_TC","down","GO:0016282",15,0,1,1
"FOW_TC","down","GO:0016328",32,0,1,1
"FOW_TC","down","GO:0016459",45,0,1,1
"FOW_TC","down","GO:0016460",25,0,1,1
"FOW_TC","down","GO:0016469",24,0,1,1
"FOW_TC","down","GO:0016471",11,0,1,1
"FOW_TC","down","GO:0016514",11,0,1,1
"FOW_TC","down","GO:0016529",32,0,1,1
"FOW_TC","down","GO:0016591",32,0,1,1
"FOW_TC","down","GO:0016592",10,0,1,1
"FOW_TC","down","GO:0016605",24,0,1,1
"FOW_TC","down","GO:0017053",17,0,1,1
"FOW_TC","down","GO:0019005",19,0,1,1
"FOW_TC","down","GO:0019897",18,0,1,1
"FOW_TC","down","GO:0019898",38,0,1,1
"FOW_TC","down","GO:0022624",21,0,1,1
"FOW_TC","down","GO:0022625",40,0,1,1
"FOW_TC","down","GO:0022626",79,0,1,1
"FOW_TC","down","GO:0022627",23,0,1,1
"FOW_TC","down","GO:0030014",11,0,1,1
"FOW_TC","down","GO:0030027",80,0,1,1
"FOW_TC","down","GO:0030117",43,0,1,1
"FOW_TC","down","GO:0030118",18,0,1,1
"FOW_TC","down","GO:0030119",14,0,1,1
"FOW_TC","down","GO:0030120",36,0,1,1
"FOW_TC","down","GO:0030125",14,0,1,1
"FOW_TC","down","GO:0030127",14,0,1,1
"FOW_TC","down","GO:0030131",11,0,1,1
"FOW_TC","down","GO:0030134",33,0,1,1
"FOW_TC","down","GO:0030135",107,0,1,1
"FOW_TC","down","GO:0030136",58,0,1,1
"FOW_TC","down","GO:0030137",18,0,1,1
"FOW_TC","down","GO:0030140",15,0,1,1
"FOW_TC","down","GO:0030175",34,0,1,1
"FOW_TC","down","GO:0030496",66,0,1,1
"FOW_TC","down","GO:0030532",50,0,1,1
"FOW_TC","down","GO:0030660",24,0,1,1
"FOW_TC","down","GO:0030662",64,0,1,1
"FOW_TC","down","GO:0030663",13,0,1,1
"FOW_TC","down","GO:0030665",29,0,1,1
"FOW_TC","down","GO:0030684",61,0,1,1
"FOW_TC","down","GO:0030686",18,0,1,1
"FOW_TC","down","GO:0030687",14,0,1,1
"FOW_TC","down","GO:0030688",12,0,1,1
"FOW_TC","down","GO:0030863",29,0,1,1
"FOW_TC","down","GO:0030864",22,0,1,1
"FOW_TC","down","GO:0030867",25,0,1,1
"FOW_TC","down","GO:0030880",45,0,1,1
"FOW_TC","down","GO:0030964",20,0,1,1
"FOW_TC","down","GO:0030990",17,0,1,1
"FOW_TC","down","GO:0030991",10,0,1,1
"FOW_TC","down","GO:0030992",14,0,1,1
"FOW_TC","down","GO:0031010",10,0,1,1
"FOW_TC","down","GO:0031011",10,0,1,1
"FOW_TC","down","GO:0031201",16,0,1,1
"FOW_TC","down","GO:0031461",60,0,1,1
"FOW_TC","down","GO:0031462",10,0,1,1
"FOW_TC","down","GO:0031463",19,0,1,1
"FOW_TC","down","GO:0031466",11,0,1,1
"FOW_TC","down","GO:0031514",160,0,1,1
"FOW_TC","down","GO:0031519",12,0,1,1
"FOW_TC","down","GO:0031526",13,0,1,1
"FOW_TC","down","GO:0031941",10,0,1,1
"FOW_TC","down","GO:0031970",29,0,1,1
"FOW_TC","down","GO:0031983",28,0,1,1
"FOW_TC","down","GO:0032040",36,0,1,1
"FOW_TC","down","GO:0032153",42,0,1,1
"FOW_TC","down","GO:0032154",37,0,1,1
"FOW_TC","down","GO:0032391",19,0,1,1
"FOW_TC","down","GO:0032420",21,0,1,1
"FOW_TC","down","GO:0032421",25,0,1,1
"FOW_TC","down","GO:0032587",28,0,1,1
"FOW_TC","down","GO:0032993",37,0,1,1
"FOW_TC","down","GO:0033017",16,0,1,1
"FOW_TC","down","GO:0033176",16,0,1,1
"FOW_TC","down","GO:0033290",14,0,1,1
"FOW_TC","down","GO:0034399",12,0,1,1
"FOW_TC","down","GO:0034451",33,0,1,1
"FOW_TC","down","GO:0034702",60,0,1,1
"FOW_TC","down","GO:0034703",46,0,1,1
"FOW_TC","down","GO:0034704",14,0,1,1
"FOW_TC","down","GO:0034705",11,0,1,1
"FOW_TC","down","GO:0034708",44,0,1,1
"FOW_TC","down","GO:0034709",10,0,1,1
"FOW_TC","down","GO:0034719",11,0,1,1
"FOW_TC","down","GO:0034774",28,0,1,1
"FOW_TC","down","GO:0035097",27,0,1,1
"FOW_TC","down","GO:0035267",12,0,1,1
"FOW_TC","down","GO:0035578",12,0,1,1
"FOW_TC","down","GO:0035861",34,0,1,1
"FOW_TC","down","GO:0035869",34,0,1,1
"FOW_TC","down","GO:0036126",125,0,1,1
"FOW_TC","down","GO:0036452",13,0,1,1
"FOW_TC","down","GO:0042470",41,0,1,1
"FOW_TC","down","GO:0042582",23,0,1,1
"FOW_TC","down","GO:0043189",12,0,1,1
"FOW_TC","down","GO:0043195",17,0,1,1
"FOW_TC","down","GO:0043198",16,0,1,1
"FOW_TC","down","GO:0043202",11,0,1,1
"FOW_TC","down","GO:0043209",23,0,1,1
"FOW_TC","down","GO:0043296",49,0,1,1
"FOW_TC","down","GO:0044232",25,0,1,1
"FOW_TC","down","GO:0044233",11,0,1,1
"FOW_TC","down","GO:0044391",86,0,1,1
"FOW_TC","down","GO:0044665",17,0,1,1
"FOW_TC","down","GO:0044853",21,0,1,1
"FOW_TC","down","GO:0045121",58,0,1,1
"FOW_TC","down","GO:0045179",10,0,1,1
"FOW_TC","down","GO:0045240",11,0,1,1
"FOW_TC","down","GO:0045271",20,0,1,1
"FOW_TC","down","GO:0045334",10,0,1,1
"FOW_TC","down","GO:0046540",26,0,1,1
"FOW_TC","down","GO:0048475",43,0,1,1
"FOW_TC","down","GO:0048770",41,0,1,1
"FOW_TC","down","GO:0055029",32,0,1,1
"FOW_TC","down","GO:0060077",11,0,1,1
"FOW_TC","down","GO:0060170",16,0,1,1
"FOW_TC","down","GO:0060205",28,0,1,1
"FOW_TC","down","GO:0061695",102,0,1,1
"FOW_TC","down","GO:0070160",44,0,1,1
"FOW_TC","down","GO:0070461",19,0,1,1
"FOW_TC","down","GO:0070603",46,0,1,1
"FOW_TC","down","GO:0070971",11,0,1,1
"FOW_TC","down","GO:0070993",16,0,1,1
"FOW_TC","down","GO:0071004",11,0,1,1
"FOW_TC","down","GO:0071005",37,0,1,1
"FOW_TC","down","GO:0071006",38,0,1,1
"FOW_TC","down","GO:0071007",27,0,1,1
"FOW_TC","down","GO:0071010",11,0,1,1
"FOW_TC","down","GO:0071011",54,0,1,1
"FOW_TC","down","GO:0071012",38,0,1,1
"FOW_TC","down","GO:0071013",66,0,1,1
"FOW_TC","down","GO:0071014",16,0,1,1
"FOW_TC","down","GO:0071016",16,0,1,1
"FOW_TC","down","GO:0071018",16,0,1,1
"FOW_TC","down","GO:0071020",18,0,1,1
"FOW_TC","down","GO:0071339",17,0,1,1
"FOW_TC","down","GO:0071782",12,0,1,1
"FOW_TC","down","GO:0072686",53,0,1,1
"FOW_TC","down","GO:0080008",10,0,1,1
"FOW_TC","down","GO:0090443",10,0,1,1
"FOW_TC","down","GO:0090533",18,0,1,1
"FOW_TC","down","GO:0090543",15,0,1,1
"FOW_TC","down","GO:0090734",48,0,1,1
"FOW_TC","down","GO:0097014",159,0,1,1
"FOW_TC","down","GO:0097225",46,0,1,1
"FOW_TC","down","GO:0097228",29,0,1,1
"FOW_TC","down","GO:0097229",17,0,1,1
"FOW_TC","down","GO:0097346",15,0,1,1
"FOW_TC","down","GO:0097386",13,0,1,1
"FOW_TC","down","GO:0097431",12,0,1,1
"FOW_TC","down","GO:0097440",12,0,1,1
"FOW_TC","down","GO:0097525",48,0,1,1
"FOW_TC","down","GO:0097526",27,0,1,1
"FOW_TC","down","GO:0097542",16,0,1,1
"FOW_TC","down","GO:0097545",27,0,1,1
"FOW_TC","down","GO:0097546",18,0,1,1
"FOW_TC","down","GO:0097649",25,0,1,1
"FOW_TC","down","GO:0097729",135,0,1,1
"FOW_TC","down","GO:0097730",57,0,1,1
"FOW_TC","down","GO:0097731",41,0,1,1
"FOW_TC","down","GO:0097733",31,0,1,1
"FOW_TC","down","GO:0098533",19,0,1,1
"FOW_TC","down","GO:0098685",37,0,1,1
"FOW_TC","down","GO:0098797",112,0,1,1
"FOW_TC","down","GO:0098798",56,0,1,1
"FOW_TC","down","GO:0098800",20,0,1,1
"FOW_TC","down","GO:0098802",31,0,1,1
"FOW_TC","down","GO:0098803",40,0,1,1
"FOW_TC","down","GO:0098839",23,0,1,1
"FOW_TC","down","GO:0098857",58,0,1,1
"FOW_TC","down","GO:0098858",67,0,1,1
"FOW_TC","down","GO:0098862",52,0,1,1
"FOW_TC","down","GO:0098982",25,0,1,1
"FOW_TC","down","GO:0099023",27,0,1,1
"FOW_TC","down","GO:0099091",13,0,1,1
"FOW_TC","down","GO:0099092",11,0,1,1
"FOW_TC","down","GO:0099634",25,0,1,1
"FOW_TC","down","GO:0101002",14,0,1,1
"FOW_TC","down","GO:0101031",16,0,1,1
"FOW_TC","down","GO:0120114",55,0,1,1
"FOW_TC","down","GO:0120212",13,0,1,1
"FOW_TC","down","GO:0120293",10,0,1,1
"FOW_TC","down","GO:0140139",17,0,1,1
"FOW_TC","down","GO:0140144",15,0,1,1
"FOW_TC","down","GO:0160110",25,0,1,1
"FOW_TC","down","GO:0160111",16,0,1,1
"FOW_TC","down","GO:1902554",42,0,1,1
"FOW_TC","down","GO:1902562",19,0,1,1
"FOW_TC","down","GO:1902911",45,0,1,1
"FOW_TC","down","GO:1903293",25,0,1,1
"FOW_TC","down","GO:1904813",12,0,1,1
"FOW_TC","down","GO:1904949",66,0,1,1
"FOW_TC","down","GO:1905368",65,0,1,1
"FOW_TC","down","GO:1905369",51,0,1,1
"FOW_TC","down","GO:1990204",54,0,1,1
"FOW_TC","down","GO:1990904",355,0,1,1
"FDO_TC","up","GO:0120025",881,24,1,0.972835499107547
"FDO_TC","up","GO:0030424",233,7,0.841224072140275,0.782215501648395
"FDO_TC","up","GO:0097708",745,28,1,0.534594257517396
"FDO_TC","up","GO:0030425",213,7,0.809451295364156,0.697919864182321
"FDO_TC","up","GO:0030426",58,1,0.893145438134819,0.893145438134819
"FDO_TC","up","GO:0030014",11,1,0.344437604853397,0.344437604853397
"FDO_TC","up","GO:0005740",253,17,1,0.0139278977609487
"FDO_TC","up","GO:0030427",64,1,1,0.915332074273948
"FDO_TC","up","GO:0005741",78,7,0.0266172412835131,0.0266172412835131
"FDO_TC","up","GO:1990234",370,8,0.996027250728633,0.973321301443361
"FDO_TC","up","GO:0030016",85,6,0.365864700597557,0.099615505262259
"FDO_TC","up","GO:0030017",73,5,0.290129312764574,0.139089370299345
"FDO_TC","up","GO:0005743",154,12,0.119125019613435,0.012761912263275
"FDO_TC","up","GO:0030018",54,2,0.609134884731299,0.609134884731299
"FDO_TC","up","GO:0005667",122,1,1,0.991194876295875
"FDO_TC","up","GO:0008076",11,1,0.344437604853397,0.344437604853397
"FDO_TC","up","GO:0098590",378,16,1,0.34821561810819
"FDO_TC","up","GO:0031901",76,3,0.549856033799717,0.549856033799717
"FDO_TC","up","GO:0031902",66,4,0.235964973861432,0.235964973861432
"FDO_TC","up","GO:0033116",28,2,0.284271835522436,0.284271835522436
"FDO_TC","up","GO:0044297",184,3,1,0.972624071328554
"FDO_TC","up","GO:0098687",103,2,1,0.905363843233479
"FDO_TC","up","GO:0031907",11,2,1,0.061968620749537
"FDO_TC","up","GO:0042995",883,24,1,0.973694417477169
"FDO_TC","up","GO:0015630",560,9,1,0.999446912418341
"FDO_TC","up","GO:0005730",331,12,0.668949630417489,0.597237643355398
"FDO_TC","up","GO:0005654",1055,29,0.976676634643038,0.981123394604546
"FDO_TC","up","GO:0008021",104,4,0.847255045887561,0.554570464389592
"FDO_TC","up","GO:0005732",14,1,0.415836575372965,0.415836575372965
"FDO_TC","up","GO:0008023",19,1,0.51804566793196,0.51804566793196
"FDO_TC","up","GO:0005657",15,2,0.107334960902289,0.107334960902289
"FDO_TC","up","GO:1904115",21,1,0.553755734825123,0.553755734825123
"FDO_TC","up","GO:0005737",3928,155,0.875267264202908,0.144696943843732
"FDO_TC","up","GO:0005739",531,31,0.535915873514089,0.00828999125000459
"FDO_TC","up","GO:0044322",11,1,0.344437604853397,0.344437604853397
"FDO_TC","up","GO:0005681",125,1,0.992172979128643,0.992172979128643
"FDO_TC","up","GO:0000123",47,2,1,0.533113267581464
"FDO_TC","up","GO:0032040",38,2,0.421691068469817,0.421691068469817
"FDO_TC","up","GO:0099091",12,1,1,0.369153170995454
"FDO_TC","up","GO:0099092",10,1,0.318758606298501,0.318758606298501
"FDO_TC","up","GO:0070993",16,2,1,0.119745249553483
"FDO_TC","up","GO:0043195",19,1,0.51804566793196,0.51804566793196
"FDO_TC","up","GO:0043197",57,2,0.638725148857222,0.638725148857222
"FDO_TC","up","GO:0110165",5459,206,1,0.540919117993689
"FDO_TC","up","GO:0035861",38,1,0.768322179956668,0.768322179956668
"FDO_TC","up","GO:0045334",10,1,0.318758606298501,0.318758606298501
"FDO_TC","up","GO:1990204",58,3,0.373658611752455,0.373658611752455
"FDO_TC","up","GO:0045335",37,2,0.408469322964935,0.408469322964935
"FDO_TC","up","GO:0001917",18,2,0.145521546497805,0.145521546497805
"FDO_TC","up","GO:0000118",33,1,0.718997378865661,0.718997378865661
"FDO_TC","up","GO:0035869",35,1,0.739870604640635,0.739870604640635
"FDO_TC","up","GO:0072686",54,1,0.875229348761227,0.875229348761227
"FDO_TC","up","GO:0000922",64,1,0.915332074273948,0.915332074273948
"FDO_TC","up","GO:0048471",263,9,0.664842763214974,0.664842763214974
"FDO_TC","up","GO:0098562",67,1,0.924640330123631,0.924640330123631
"FDO_TC","up","GO:0016234",19,1,0.51804566793196,0.51804566793196
"FDO_TC","up","GO:0070160",49,2,1,0.555825332171914
"FDO_TC","up","GO:0097060",130,6,1,0.364263251338073
"FDO_TC","up","GO:0070161",247,11,0.43576073818569,0.325471914551045
"FDO_TC","up","GO:0042641",26,1,1,0.631926257087007
"FDO_TC","up","GO:0048475",45,2,1,0.50962538494049
"FDO_TC","up","GO:0005622",4861,181,1,0.711796631826954
"FDO_TC","up","GO:0031312",10,1,0.318758606298501,0.318758606298501
"FDO_TC","up","GO:0032432",24,1,1,0.602443053506625
"FDO_TC","up","GO:1904949",68,3,0.205944574005308,0.474665601661603
"FDO_TC","up","GO:0043226",4401,158,1,0.923755777178307
"FDO_TC","up","GO:0036126",125,4,1,0.699021057989509
"FDO_TC","up","GO:0043679",36,2,0.479013269764901,0.395103519982359
"FDO_TC","up","GO:0012505",1502,61,0.648113967836698,0.260747297395909
"FDO_TC","up","GO:0044665",17,2,1,0.132488206991262
"FDO_TC","up","GO:0043227",4011,153,1,0.403913066667758
"FDO_TC","up","GO:0012506",393,14,1,0.626064048088844
"FDO_TC","up","GO:0043228",1910,55,1,0.995802131776068
"FDO_TC","up","GO:0098552",107,1,1,0.984151334536394
"FDO_TC","up","GO:0012507",24,1,1,0.602443053506625
"FDO_TC","up","GO:0036064",113,2,0.93090712023669,0.93090712023669
"FDO_TC","up","GO:0043229",4278,156,1,0.82654297256996
"FDO_TC","up","GO:0014069",126,5,0.639120108267476,0.517065189976106
"FDO_TC","up","GO:0034451",35,1,0.739870604640635,0.739870604640635
"FDO_TC","up","GO:0098644",10,1,0.318758606298501,0.318758606298501
"FDO_TC","up","GO:0090734",52,1,1,0.865180367145518
"FDO_TC","up","GO:0042582",22,1,0.570610578724284,0.570610578724284
"FDO_TC","up","GO:0099572",133,5,1,0.565753057830288
"FDO_TC","up","GO:0033017",16,1,0.459080882006316,0.459080882006316
"FDO_TC","up","GO:1905368",69,1,0.930272653797919,0.930272653797919
"FDO_TC","up","GO:0005614",10,1,0.318758606298501,0.318758606298501
"FDO_TC","up","GO:0005615",198,8,0.142459494605944,0.470401055573067
"FDO_TC","up","GO:0042175",430,19,1,0.262987280624889
"FDO_TC","up","GO:0000139",256,10,0.498723750584487,0.498723750584487
"FDO_TC","up","GO:0036464",124,4,0.708795777056373,0.692970000374144
"FDO_TC","up","GO:0097517",21,1,1,0.553755734825123
"FDO_TC","up","GO:0000791",16,1,0.459080882006316,0.459080882006316
"FDO_TC","up","GO:1905354",10,1,0.318758606298501,0.318758606298501
"FDO_TC","up","GO:0030312",114,5,1,0.429075771475577
"FDO_TC","up","GO:0098636",10,1,0.318758606298501,0.318758606298501
"FDO_TC","up","GO:0000793",73,2,1,0.767595927626797
"FDO_TC","up","GO:0031252",170,5,0.203704684256783,0.774198463831014
"FDO_TC","up","GO:0030315",15,4,0.00191609751107433,0.00191609751107433
"FDO_TC","up","GO:1903293",25,2,1,0.241863060209387
"FDO_TC","up","GO:0031253",105,3,1,0.762986971206963
"FDO_TC","up","GO:0150034",92,3,1,0.679554349157874
"FDO_TC","up","GO:0098588",755,34,1,0.147389159737735
"FDO_TC","up","GO:0031256",61,1,1,0.904880344305853
"FDO_TC","up","GO:0036452",14,1,0.415836575372965,0.415836575372965
"FDO_TC","up","GO:0042579",47,3,1,0.259382787281427
"FDO_TC","up","GO:0140268",10,1,0.318758606298501,0.318758606298501
"FDO_TC","up","GO:0098982",28,2,0.284271835522436,0.284271835522436
"FDO_TC","up","GO:0000932",49,1,0.848577476935655,0.848577476935655
"FDO_TC","up","GO:0016460",23,1,0.586831781875356,0.586831781875356
"FDO_TC","up","GO:0010008",196,8,0.565770793047558,0.458894060314464
"FDO_TC","up","GO:0098984",147,5,1,0.65502379627033
"FDO_TC","up","GO:0016528",35,4,1,0.0409684230168776
"FDO_TC","up","GO:0045211",85,4,0.398184421631885,0.398184421631885
"FDO_TC","up","GO:0016529",33,4,0.0240499628964425,0.0339196759376609
"FDO_TC","up","GO:0000421",20,1,0.536242624018107,0.536242624018107
"FDO_TC","up","GO:0099512",278,14,0.130073730915917,0.161661185467337
"FDO_TC","up","GO:0099513",180,5,1,0.815142876877353
"FDO_TC","up","GO:0005581",12,1,0.369153170995454,0.369153170995454
"FDO_TC","up","GO:0016469",24,1,1,0.602443053506625
"FDO_TC","up","GO:0015934",58,1,1,0.893145438134819
"FDO_TC","up","GO:0015935",36,1,1,0.749721092773729
"FDO_TC","up","GO:0005634",2262,77,0.320553126844714,0.893277010863382
"FDO_TC","up","GO:0043230",198,7,1,0.622470564736922
"FDO_TC","up","GO:0005635",163,5,0.460335368352266,0.741672016338963
"FDO_TC","up","GO:0043231",3728,151,1,0.0578939671418655
"FDO_TC","up","GO:0099080",595,22,1,0.569717864073842
"FDO_TC","up","GO:0043232",1910,55,0.50115732294126,0.995802131776068
"FDO_TC","up","GO:0030660",27,1,0.64584132242745,0.64584132242745
"FDO_TC","up","GO:0099081",278,14,1,0.161661185467337
"FDO_TC","up","GO:0043233",1479,59,1,0.32097386512102
"FDO_TC","up","GO:0016604",262,7,0.446196578917071,0.871711491819638
"FDO_TC","up","GO:0030662",65,3,1,0.445026364965655
"FDO_TC","up","GO:0043235",78,7,0.511325771257434,0.0266172412835131
"FDO_TC","up","GO:0097470",10,1,0.318758606298501,0.318758606298501
"FDO_TC","up","GO:0016605",27,1,0.64584132242745,0.64584132242745
"FDO_TC","up","GO:0016607",155,3,0.936337159014823,0.936337159014823
"FDO_TC","up","GO:0030665",29,2,0.437112732986442,0.298383639198498
"FDO_TC","up","GO:0043189",13,2,1,0.083695846942876
"FDO_TC","up","GO:0098978",196,9,0.317525603448971,0.317525603448971
"FDO_TC","up","GO:0044306",45,2,1,0.50962538494049
"FDO_TC","up","GO:0031594",33,1,0.718997378865661,0.718997378865661
"FDO_TC","up","GO:0016459",44,1,1,0.8162659858994
"FDO_TC","up","GO:0044309",58,2,1,0.648191810896678
"FDO_TC","up","GO:0070062",194,7,0.600725332903781,0.600725332903781
"FDO_TC","up","GO:0005575",5475,206,1,1
"FDO_TC","up","GO:0033290",14,2,0.0953024588158182,0.0953024588158182
"FDO_TC","up","GO:0005576",509,18,0.726055990967515,0.647127476790604
"FDO_TC","up","GO:0070971",11,1,0.344437604853397,0.344437604853397
"FDO_TC","up","GO:0036477",282,9,0.0381209087408548,0.743269248810709
"FDO_TC","up","GO:0098862",58,2,1,0.648191810896678
"FDO_TC","up","GO:0048786",38,2,0.421691068469817,0.421691068469817
"FDO_TC","up","GO:0031672",24,1,0.602443053506625,0.602443053506625
"FDO_TC","up","GO:0030658",100,4,1,0.523248426520958
"FDO_TC","up","GO:0030659",381,14,0.731837222913334,0.578233077893052
"FDO_TC","up","GO:0031674",57,4,0.00412325144769436,0.165754537986528
"FDO_TC","up","GO:1990351",120,9,0.0330982888674187,0.0361325409479437
"FDO_TC","up","GO:0048770",42,4,1,0.0716565057328672
"FDO_TC","up","GO:0002102",15,1,0.437872404978014,0.437872404978014
"FDO_TC","up","GO:0065010",198,7,1,0.622470564736922
"FDO_TC","up","GO:0030684",66,5,1,0.101482329439771
"FDO_TC","up","GO:0019898",41,1,1,0.79367532042734
"FDO_TC","up","GO:0070603",46,1,1,0.8299410888762
"FDO_TC","up","GO:0030686",19,2,0.15880566493933,0.15880566493933
"FDO_TC","up","GO:0016020",2406,97,0.585591196706197,0.196180081836409
"FDO_TC","up","GO:0098852",126,6,1,0.337145191814601
"FDO_TC","up","GO:1990904",382,10,1,0.919011806112857
"FDO_TC","up","GO:0030687",16,1,0.459080882006316,0.459080882006316
"FDO_TC","up","GO:0030688",13,2,0.083695846942876,0.083695846942876
"FDO_TC","up","GO:0071944",1354,53,1,0.394402642475761
"FDO_TC","up","GO:0005923",33,2,0.354235908850149,0.354235908850149
"FDO_TC","up","GO:0042470",42,4,0.0716565057328672,0.0716565057328672
"FDO_TC","up","GO:0098857",64,4,1,0.219738685207159
"FDO_TC","up","GO:0005925",80,4,0.354984626891653,0.354984626891653
"FDO_TC","up","GO:0005604",40,1,1,0.78554701979778
"FDO_TC","up","GO:0045177",151,5,1,0.67828341175503
"FDO_TC","up","GO:0043202",14,1,0.415836575372965,0.415836575372965
"FDO_TC","up","GO:0045178",81,5,1,0.188366548058344
"FDO_TC","up","GO:0005929",389,7,0.994625640966319,0.992994383600018
"FDO_TC","up","GO:0043204",51,1,0.85985785960086,0.85985785960086
"FDO_TC","up","GO:0030672",55,3,0.342475933275371,0.342475933275371
"FDO_TC","up","GO:0044232",28,1,1,0.659232784905414
"FDO_TC","up","GO:0097440",12,1,0.369153170995454,0.369153170995454
"FDO_TC","up","GO:0043209",23,1,0.586831781875356,0.586831781875356
"FDO_TC","up","GO:0098791",168,2,1,0.98881764944177
"FDO_TC","up","GO:0098533",19,1,1,0.51804566793196
"FDO_TC","up","GO:0035770",291,8,0.0752797476776169,0.865386012739879
"FDO_TC","up","GO:0098793",246,14,0.133867428543531,0.0786774176455198
"FDO_TC","up","GO:0005911",167,6,0.208522082954744,0.605473782374229
"FDO_TC","up","GO:0045121",64,4,0.218442686314289,0.219738685207159
"FDO_TC","up","GO:0098794",274,13,0.523114757335588,0.230786477505899
"FDO_TC","up","GO:0005912",66,2,0.716976365184868,0.716976365184868
"FDO_TC","up","GO:0097447",213,7,1,0.697919864182321
"FDO_TC","up","GO:0098796",374,23,0.214192195161431,0.0126499260836796
"FDO_TC","up","GO:0000785",272,10,0.421222410793509,0.577700569248218
"FDO_TC","up","GO:0098797",122,9,0.561484557341295,0.0395467245451877
"FDO_TC","up","GO:0000786",15,1,0.437872404978014,0.437872404978014
"FDO_TC","up","GO:0098798",67,6,1,0.0392060994994163
"FDO_TC","up","GO:0031090",1248,56,1,0.0759885321912684
"FDO_TC","up","GO:0005852",13,2,0.083695846942876,0.083695846942876
"FDO_TC","up","GO:0008287",25,2,0.241863060209387,0.241863060209387
"FDO_TC","up","GO:0001725",21,1,0.553755734825123,0.553755734825123
"FDO_TC","up","GO:0031248",55,2,1,0.619197486673032
"FDO_TC","up","GO:0001726",59,1,1,0.897208949256145
"FDO_TC","up","GO:0005856",874,20,0.608003696612429,0.996952899024962
"FDO_TC","up","GO:0140168",174,3,1,0.963178514224671
"FDO_TC","up","GO:1902562",20,2,1,0.172303502295174
"FDO_TC","up","GO:0032279",138,5,1,0.598970254031816
"FDO_TC","up","GO:0016363",42,1,0.801496977400466,0.801496977400466
"FDO_TC","up","GO:0090575",70,1,0.932929670689823,0.932929670689823
"FDO_TC","up","GO:0032991",2009,65,0.981890242457555,0.950089950639275
"FDO_TC","up","GO:0031965",97,2,0.886068905066548,0.886068905066548
"FDO_TC","up","GO:0045202",558,27,0.255524381566948,0.100903017549233
"FDO_TC","up","GO:0031966",241,17,0.571933436652419,0.00883515696585837
"FDO_TC","up","GO:0099501",55,3,1,0.342475933275371
"FDO_TC","up","GO:0032993",39,1,1,0.777100114650235
"FDO_TC","up","GO:0031967",413,21,1,0.0947461549595324
"FDO_TC","up","GO:0031968",86,7,1,0.0422019053521281
"FDO_TC","up","GO:0000775",71,2,1,0.75399273291873
"FDO_TC","up","GO:0099503",247,9,1,0.58926857335336
"FDO_TC","up","GO:0005790",11,1,0.344437604853397,0.344437604853397
"FDO_TC","up","GO:0000323",224,12,1,0.13656391986513
"FDO_TC","up","GO:0000776",45,2,0.50962538494049,0.50962538494049
"FDO_TC","up","GO:0005881",63,2,0.692603957469833,0.692603957469833
"FDO_TC","up","GO:0005791",37,2,1,0.408469322964935
"FDO_TC","up","GO:0005793",48,3,0.534565274156555,0.269670373497567
"FDO_TC","up","GO:0000779",48,2,1,0.544567306454677
"FDO_TC","up","GO:0005884",36,1,0.749721092773729,0.749721092773729
"FDO_TC","up","GO:0005794",552,19,0.75674178746174,0.696390007727701
"FDO_TC","up","GO:0005886",1218,49,0.624951938765652,0.319992373159849
"FDO_TC","up","GO:0005796",15,1,0.437872404978014,0.437872404978014
"FDO_TC","up","GO:0019866",173,12,1,0.0291266057694056
"FDO_TC","up","GO:0005798",47,1,1,0.836393867599999
"FDO_TC","up","GO:0019867",87,7,1,0.0444924831922985
"FDO_TC","up","GO:1902493",63,2,1,0.692603957469833
"FDO_TC","up","GO:1902494",789,20,0.999692981332683,0.984129922217522
"FDO_TC","up","GO:0098827",422,19,1,0.23693510566251
"FDO_TC","up","GO:1902495",112,7,0.713539195149765,0.128008581168773
"FDO_TC","up","GO:0000313",28,2,1,0.284271835522436
"FDO_TC","up","GO:0000314",10,1,1,0.318758606298501
"FDO_TC","up","GO:0070013",1479,59,1,0.32097386512102
"FDO_TC","up","GO:0000315",18,1,1,0.499138299353401
"FDO_TC","up","GO:0000407",20,1,0.536242624018107,0.536242624018107
"FDO_TC","up","GO:0005874",137,4,0.904740246151376,0.765019037416123
"FDO_TC","up","GO:0005938",151,2,0.990872726333891,0.9800938891158
"FDO_TC","up","GO:0035267",13,2,0.083695846942876,0.083695846942876
"FDO_TC","up","GO:0005876",18,2,0.145521546497805,0.145521546497805
"FDO_TC","up","GO:0001669",38,1,0.768322179956668,0.768322179956668
"FDO_TC","up","GO:0031981",1220,37,1,0.948553943839692
"FDO_TC","up","GO:0031982",877,34,0.343808355458246,0.453281127615525
"FDO_TC","up","GO:0031984",558,20,1,0.627468027245268
"FDO_TC","up","GO:0043025",161,3,0.925225848001401,0.946318648522238
"FDO_TC","up","GO:0030496",69,3,0.484386291305963,0.484386291305963
"FDO_TC","up","GO:0042383",36,4,1,0.0447812629333184
"FDO_TC","up","GO:0032153",46,1,1,0.8299410888762
"FDO_TC","up","GO:0032154",41,1,0.79367532042734,0.79367532042734
"FDO_TC","up","GO:0005829",1474,63,0.130385134706878,0.130385134706878
"FDO_TC","up","GO:0031974",1479,59,1,0.32097386512102
"FDO_TC","up","GO:0017101",10,2,0.0519606460275717,0.0519606460275717
"FDO_TC","up","GO:1903561",198,7,1,0.622470564736922
"FDO_TC","up","GO:0031201",18,1,0.499138299353401,0.499138299353401
"FDO_TC","up","GO:0097729",136,4,1,0.75998021936518
"FDO_TC","up","GO:0031461",69,3,1,0.484386291305963
"FDO_TC","up","GO:0031462",11,1,0.344437604853397,0.344437604853397
"FDO_TC","up","GO:0031526",17,2,0.132488206991262,0.132488206991262
"FDO_TC","up","GO:0005811",39,2,0.434760661601104,0.434760661601104
"FDO_TC","up","GO:0031463",22,2,0.199804012942739,0.199804012942739
"FDO_TC","up","GO:0005761",28,2,1,0.284271835522436
"FDO_TC","up","GO:0010494",52,2,0.588409974823324,0.588409974823324
"FDO_TC","up","GO:0005813",250,5,0.96560840380945,0.963183879838772
"FDO_TC","up","GO:0005762",18,1,0.499138299353401,0.499138299353401
"FDO_TC","up","GO:0005814",84,1,0.961097465680742,0.961097465680742
"FDO_TC","up","GO:0005763",10,1,0.318758606298501,0.318758606298501
"FDO_TC","up","GO:0031466",12,1,0.369153170995454,0.369153170995454
"FDO_TC","up","GO:0005815",328,7,1,0.968583989493974
"FDO_TC","up","GO:0005764",223,12,0.320731319992656,0.133442754404989
"FDO_TC","up","GO:0005765",126,6,0.337145191814601,0.337145191814601
"FDO_TC","up","GO:0005766",22,1,1,0.570610578724284
"FDO_TC","up","GO:0044853",21,1,1,0.553755734825123
"FDO_TC","up","GO:0005819",145,3,1,0.915855437531752
"FDO_TC","up","GO:0030120",36,2,1,0.395103519982359
"FDO_TC","up","GO:0005768",372,15,0.58152092983777,0.428995586333073
"FDO_TC","up","GO:0044391",94,2,1,0.875115576392947
"FDO_TC","up","GO:0090533",18,1,1,0.499138299353401
"FDO_TC","up","GO:0005769",158,6,0.601481364420322,0.550560985914785
"FDO_TC","up","GO:0016323",64,4,0.219738685207159,0.219738685207159
"FDO_TC","up","GO:0016324",118,5,0.735239746440885,0.458892561607131
"FDO_TC","up","GO:0005901",14,1,0.415836575372965,0.415836575372965
"FDO_TC","up","GO:0030125",14,1,0.415836575372965,0.415836575372965
"FDO_TC","up","GO:0070382",111,4,1,0.606647220700875
"FDO_TC","up","GO:0031514",161,4,1,0.86279338191091
"FDO_TC","up","GO:0005903",34,2,1,0.367976464041839
"FDO_TC","up","GO:0097346",15,1,1,0.437872404978014
"FDO_TC","up","GO:0005840",127,3,0.721763205283197,0.86354269058637
"FDO_TC","up","GO:0030127",14,1,0.415836575372965,0.415836575372965
"FDO_TC","up","GO:0016328",32,1,0.707944000986403,0.707944000986403
"FDO_TC","up","GO:0005905",31,2,0.326460117364618,0.326460117364618
"FDO_TC","up","GO:0009986",143,6,0.452539662289099,0.452539662289099
"FDO_TC","up","GO:0031519",13,1,0.39294128133317,0.39294128133317
"FDO_TC","up","GO:0032587",30,1,0.684522609810782,0.684522609810782
"FDO_TC","up","GO:0005759",138,10,0.0531654947120603,0.0343780933013613
"FDO_TC","up","GO:0140513",518,9,0.991371563910135,0.998283565493351
"FDO_TC","up","GO:0030117",45,2,1,0.50962538494049
"FDO_TC","up","GO:0030054",745,36,1,0.0643484315310793
"FDO_TC","up","GO:0030118",19,1,1,0.51804566793196
"FDO_TC","up","GO:0030055",90,4,1,0.440902541326341
"FDO_TC","up","GO:0140144",18,1,0.499138299353401,0.499138299353401
"FDO_TC","up","GO:0005782",11,2,0.061968620749537,0.061968620749537
"FDO_TC","up","GO:0005783",657,33,0.838749495742463,0.0485413020479685
"FDO_TC","up","GO:0120111",33,2,0.36885125657801,0.354235908850149
"FDO_TC","up","GO:0005788",65,10,0.000133740126881973,0.000133740126881973
"FDO_TC","up","GO:0030140",16,1,0.459080882006316,0.459080882006316
"FDO_TC","up","GO:0030863",30,1,1,0.684522609810782
"FDO_TC","up","GO:0005789",420,19,0.337792264126627,0.230604143064071
"FDO_TC","up","GO:0030141",155,5,0.820503990912659,0.700485621670739
"FDO_TC","up","GO:0030864",23,1,0.586831781875356,0.586831781875356
"FDO_TC","up","GO:0030867",26,2,0.255991290069083,0.255991290069083
"FDO_TC","up","GO:0101031",16,1,0.459080882006316,0.459080882006316
"FDO_TC","up","GO:0005770",113,6,0.405698435676162,0.251546731072717
"FDO_TC","up","GO:0009925",73,5,0.290129312764574,0.139089370299345
"FDO_TC","up","GO:0005771",19,1,0.51804566793196,0.51804566793196
"FDO_TC","up","GO:0005694",451,13,0.932665985469392,0.878797401601548
"FDO_TC","up","GO:0000228",66,2,0.883761614185921,0.716976365184868
"FDO_TC","up","GO:0005773",270,14,1,0.137631198090329
"FDO_TC","up","GO:0043292",91,7,0.20306124131061,0.0544488449593668
"FDO_TC","up","GO:0005774",152,8,0.390221141210563,0.212624302903306
"FDO_TC","up","GO:0005775",23,1,1,0.586831781875356
"FDO_TC","up","GO:0005776",48,2,0.658784923167651,0.544567306454677
"FDO_TC","up","GO:0140139",20,1,1,0.536242624018107
"FDO_TC","up","GO:0005777",47,3,0.746982088995285,0.259382787281427
"FDO_TC","up","GO:0043296",54,2,1,0.609134884731299
"FDO_TC","up","GO:0098800",21,4,0.00703850559547211,0.00703850559547211
"FDO_TC","up","GO:0098802",32,5,0.00631188473625271,0.00631188473625271
"FDO_TC","up","GO:0030133",166,5,1,0.756010135508151
"FDO_TC","up","GO:0030134",34,2,0.318633505959996,0.367976464041839
"FDO_TC","up","GO:0030135",111,6,0.173745140445383,0.238940132012572
"FDO_TC","up","GO:0030136",61,3,0.552871336156147,0.404553764198041
"FDO_TC","up","GO:0140534",62,6,0.0281450038068362,0.0281450038068362
"FDO_TC","up","GO:0140535",405,11,0.999280262686852,0.90582889218357
"FDO_TC","up","GO:0030139",82,3,1,0.601931766427827
"FDO_TC","up","GO:0031011",10,1,0.318758606298501,0.318758606298501
"FDO_TC","up","GO:0031012",108,5,0.635820143267188,0.383841259298561
"FDO_TC","up","GO:0015629",194,6,0.921499709319285,0.74584186108797
"FDO_TC","up","GO:0016282",15,2,0.107334960902289,0.107334960902289
"FDO_TC","up","GO:0034702",60,5,0.0113181717893178,0.0739748406448423
"FDO_TC","up","GO:0035097",29,2,1,0.298383639198498
"FDO_TC","up","GO:0034703",47,2,1,0.533113267581464
"FDO_TC","up","GO:0071339",17,2,0.132488206991262,0.132488206991262
"FDO_TC","up","GO:0033176",16,1,0.459080882006316,0.459080882006316
"FDO_TC","up","GO:0043005",440,15,0.96758346683763,0.695738674572689
"FDO_TC","up","GO:0034704",14,1,0.415836575372965,0.415836575372965
"FDO_TC","up","GO:0097225",46,3,0.249150288822079,0.249150288822079
"FDO_TC","up","GO:0034705",12,1,1,0.369153170995454
"FDO_TC","up","GO:0000151",126,4,1,0.704986824153882
"FDO_TC","up","GO:0031410",743,28,1,0.528394477661499
"FDO_TC","up","GO:0097228",29,1,0.672120254394947,0.672120254394947
"FDO_TC","up","GO:0000152",11,1,0.344437604853397,0.344437604853397
"FDO_TC","up","GO:0034708",47,2,1,0.533113267581464
"FDO_TC","up","GO:0005802",112,2,0.928679004079241,0.928679004079241
"FDO_TC","up","GO:0042734",50,4,0.117540390320925,0.117540390320925
"FDO_TC","up","GO:0030027",85,3,0.626447728628475,0.626447728628475
"FDO_TC","up","GO:0031045",15,1,0.437872404978014,0.437872404978014
"FDO_TC","up","GO:0000153",11,0,1,1
"FDO_TC","up","GO:0000307",18,0,1,1
"FDO_TC","up","GO:0000428",41,0,1,1
"FDO_TC","up","GO:0000502",42,0,1,1
"FDO_TC","up","GO:0000781",35,0,1,1
"FDO_TC","up","GO:0000792",29,0,1,1
"FDO_TC","up","GO:0000794",20,0,1,1
"FDO_TC","up","GO:0001650",36,0,1,1
"FDO_TC","up","GO:0001750",18,0,1,1
"FDO_TC","up","GO:0002080",10,0,1,1
"FDO_TC","up","GO:0002177",14,0,1,1
"FDO_TC","up","GO:0005637",18,0,1,1
"FDO_TC","up","GO:0005643",34,0,1,1
"FDO_TC","up","GO:0005669",14,0,1,1
"FDO_TC","up","GO:0005677",10,0,1,1
"FDO_TC","up","GO:0005682",12,0,1,1
"FDO_TC","up","GO:0005684",78,0,1,1
"FDO_TC","up","GO:0005685",15,0,1,1
"FDO_TC","up","GO:0005686",18,0,1,1
"FDO_TC","up","GO:0005689",29,0,1,1
"FDO_TC","up","GO:0005697",12,0,1,1
"FDO_TC","up","GO:0005700",10,0,1,1
"FDO_TC","up","GO:0005721",10,0,1,1
"FDO_TC","up","GO:0005758",26,0,1,1
"FDO_TC","up","GO:0005778",20,0,1,1
"FDO_TC","up","GO:0005795",73,0,1,1
"FDO_TC","up","GO:0005801",20,0,1,1
"FDO_TC","up","GO:0005838",14,0,1,1
"FDO_TC","up","GO:0005839",14,0,1,1
"FDO_TC","up","GO:0005849",13,0,1,1
"FDO_TC","up","GO:0005858",22,0,1,1
"FDO_TC","up","GO:0005868",16,0,1,1
"FDO_TC","up","GO:0005871",22,0,1,1
"FDO_TC","up","GO:0005875",86,0,1,1
"FDO_TC","up","GO:0005879",43,0,1,1
"FDO_TC","up","GO:0005902",26,0,1,1
"FDO_TC","up","GO:0005918",14,0,1,1
"FDO_TC","up","GO:0005930",161,0,1,1
"FDO_TC","up","GO:0009295",11,0,1,1
"FDO_TC","up","GO:0009536",11,0,1,1
"FDO_TC","up","GO:0009897",38,0,1,1
"FDO_TC","up","GO:0009898",44,0,1,1
"FDO_TC","up","GO:0014704",10,0,1,1
"FDO_TC","up","GO:0015030",19,0,1,1
"FDO_TC","up","GO:0016471",11,0,1,1
"FDO_TC","up","GO:0016514",11,0,1,1
"FDO_TC","up","GO:0016591",37,0,1,1
"FDO_TC","up","GO:0016592",10,0,1,1
"FDO_TC","up","GO:0017053",18,0,1,1
"FDO_TC","up","GO:0019005",22,0,1,1
"FDO_TC","up","GO:0019897",20,0,1,1
"FDO_TC","up","GO:0022624",23,0,1,1
"FDO_TC","up","GO:0022625",40,0,1,1
"FDO_TC","up","GO:0022626",80,0,1,1
"FDO_TC","up","GO:0022627",23,0,1,1
"FDO_TC","up","GO:0030119",15,0,1,1
"FDO_TC","up","GO:0030131",11,0,1,1
"FDO_TC","up","GO:0030137",19,0,1,1
"FDO_TC","up","GO:0030175",38,0,1,1
"FDO_TC","up","GO:0030286",41,0,1,1
"FDO_TC","up","GO:0030532",50,0,1,1
"FDO_TC","up","GO:0030663",14,0,1,1
"FDO_TC","up","GO:0030666",30,0,1,1
"FDO_TC","up","GO:0030667",52,0,1,1
"FDO_TC","up","GO:0030670",20,0,1,1
"FDO_TC","up","GO:0030880",50,0,1,1
"FDO_TC","up","GO:0030964",20,0,1,1
"FDO_TC","up","GO:0030990",16,0,1,1
"FDO_TC","up","GO:0030991",10,0,1,1
"FDO_TC","up","GO:0030992",13,0,1,1
"FDO_TC","up","GO:0031010",10,0,1,1
"FDO_TC","up","GO:0031430",19,0,1,1
"FDO_TC","up","GO:0031903",20,0,1,1
"FDO_TC","up","GO:0031941",10,0,1,1
"FDO_TC","up","GO:0031970",31,0,1,1
"FDO_TC","up","GO:0031983",31,0,1,1
"FDO_TC","up","GO:0031985",55,0,1,1
"FDO_TC","up","GO:0032045",11,0,1,1
"FDO_TC","up","GO:0032391",19,0,1,1
"FDO_TC","up","GO:0032420",23,0,1,1
"FDO_TC","up","GO:0032421",27,0,1,1
"FDO_TC","up","GO:0032426",10,0,1,1
"FDO_TC","up","GO:0032580",36,0,1,1
"FDO_TC","up","GO:0032588",36,0,1,1
"FDO_TC","up","GO:0032589",25,0,1,1
"FDO_TC","up","GO:0034399",13,0,1,1
"FDO_TC","up","GO:0034709",10,0,1,1
"FDO_TC","up","GO:0034719",11,0,1,1
"FDO_TC","up","GO:0034774",31,0,1,1
"FDO_TC","up","GO:0035578",12,0,1,1
"FDO_TC","up","GO:0042581",10,0,1,1
"FDO_TC","up","GO:0042583",11,0,1,1
"FDO_TC","up","GO:0042584",11,0,1,1
"FDO_TC","up","GO:0042645",11,0,1,1
"FDO_TC","up","GO:0043186",22,0,1,1
"FDO_TC","up","GO:0043198",17,0,1,1
"FDO_TC","up","GO:0044233",12,0,1,1
"FDO_TC","up","GO:0044291",12,0,1,1
"FDO_TC","up","GO:0044304",18,0,1,1
"FDO_TC","up","GO:0045111",14,0,1,1
"FDO_TC","up","GO:0045171",21,0,1,1
"FDO_TC","up","GO:0045179",10,0,1,1
"FDO_TC","up","GO:0045240",12,0,1,1
"FDO_TC","up","GO:0045271",20,0,1,1
"FDO_TC","up","GO:0045495",24,0,1,1
"FDO_TC","up","GO:0046540",26,0,1,1
"FDO_TC","up","GO:0055029",37,0,1,1
"FDO_TC","up","GO:0055037",64,0,1,1
"FDO_TC","up","GO:0055038",31,0,1,1
"FDO_TC","up","GO:0060076",22,0,1,1
"FDO_TC","up","GO:0060077",12,0,1,1
"FDO_TC","up","GO:0060170",17,0,1,1
"FDO_TC","up","GO:0060205",31,0,1,1
"FDO_TC","up","GO:0060293",22,0,1,1
"FDO_TC","up","GO:0061695",111,0,1,1
"FDO_TC","up","GO:0070461",20,0,1,1
"FDO_TC","up","GO:0071004",11,0,1,1
"FDO_TC","up","GO:0071005",38,0,1,1
"FDO_TC","up","GO:0071006",39,0,1,1
"FDO_TC","up","GO:0071007",28,0,1,1
"FDO_TC","up","GO:0071010",11,0,1,1
"FDO_TC","up","GO:0071011",55,0,1,1
"FDO_TC","up","GO:0071012",39,0,1,1
"FDO_TC","up","GO:0071013",68,0,1,1
"FDO_TC","up","GO:0071014",17,0,1,1
"FDO_TC","up","GO:0071016",16,0,1,1
"FDO_TC","up","GO:0071018",16,0,1,1
"FDO_TC","up","GO:0071020",19,0,1,1
"FDO_TC","up","GO:0071782",14,0,1,1
"FDO_TC","up","GO:0072379",10,0,1,1
"FDO_TC","up","GO:0080008",12,0,1,1
"FDO_TC","up","GO:0090443",10,0,1,1
"FDO_TC","up","GO:0090543",16,0,1,1
"FDO_TC","up","GO:0097014",161,0,1,1
"FDO_TC","up","GO:0097038",11,0,1,1
"FDO_TC","up","GO:0097229",17,0,1,1
"FDO_TC","up","GO:0097386",14,0,1,1
"FDO_TC","up","GO:0097431",13,0,1,1
"FDO_TC","up","GO:0097525",48,0,1,1
"FDO_TC","up","GO:0097526",27,0,1,1
"FDO_TC","up","GO:0097542",17,0,1,1
"FDO_TC","up","GO:0097545",27,0,1,1
"FDO_TC","up","GO:0097546",19,0,1,1
"FDO_TC","up","GO:0097649",25,0,1,1
"FDO_TC","up","GO:0097730",59,0,1,1
"FDO_TC","up","GO:0097731",43,0,1,1
"FDO_TC","up","GO:0097733",32,0,1,1
"FDO_TC","up","GO:0098554",18,0,1,1
"FDO_TC","up","GO:0098685",38,0,1,1
"FDO_TC","up","GO:0098686",11,0,1,1
"FDO_TC","up","GO:0098803",40,0,1,1
"FDO_TC","up","GO:0098839",27,0,1,1
"FDO_TC","up","GO:0098858",72,0,1,1
"FDO_TC","up","GO:0099023",30,0,1,1
"FDO_TC","up","GO:0099568",22,0,1,1
"FDO_TC","up","GO:0099634",30,0,1,1
"FDO_TC","up","GO:0099738",20,0,1,1
"FDO_TC","up","GO:0101002",16,0,1,1
"FDO_TC","up","GO:0120114",55,0,1,1
"FDO_TC","up","GO:0120212",13,0,1,1
"FDO_TC","up","GO:0160110",25,0,1,1
"FDO_TC","up","GO:0160111",16,0,1,1
"FDO_TC","up","GO:1902554",48,0,1,1
"FDO_TC","up","GO:1902555",10,0,1,1
"FDO_TC","up","GO:1902911",52,0,1,1
"FDO_TC","up","GO:1904813",14,0,1,1
"FDO_TC","up","GO:1905348",10,0,1,1
"FDO_TC","up","GO:1905369",54,0,1,1
"FDO_TC","up","GO:1990716",10,0,1,1
"FDO_TC","down","GO:0097060",130,3,0.888096929570305,0.948402400126768
"FDO_TC","down","GO:0098588",755,25,1,0.982246948563199
"FDO_TC","down","GO:0097708",745,33,1,0.671475430837952
"FDO_TC","down","GO:0005938",151,6,0.927178375722543,0.72025994690189
"FDO_TC","down","GO:0070062",194,10,0.427067854893216,0.427067854893216
"FDO_TC","down","GO:0098852",126,2,1,0.983981390618579
"FDO_TC","down","GO:0060205",31,2,1,0.431165753211539
"FDO_TC","down","GO:0097447",213,9,1,0.676880900834259
"FDO_TC","down","GO:0098857",64,6,1,0.0782828298099954
"FDO_TC","down","GO:0030990",16,2,1,0.171335908324612
"FDO_TC","down","GO:0098858",72,3,1,0.664536279579909
"FDO_TC","down","GO:0005868",16,2,0.171335908324612,0.171335908324612
"FDO_TC","down","GO:0030991",10,1,0.381950165308741,0.381950165308741
"FDO_TC","down","GO:0042579",47,1,1,0.896631142345865
"FDO_TC","down","GO:0120111",33,2,0.438700708534592,0.463304638459712
"FDO_TC","down","GO:0030992",13,1,0.465122715823515,0.465122715823515
"FDO_TC","down","GO:0099503",247,17,0.171952446827803,0.0711259789792917
"FDO_TC","down","GO:0036064",113,25,3.74486170458116e-11,3.74486170458116e-11
"FDO_TC","down","GO:0097431",13,1,0.465122715823515,0.465122715823515
"FDO_TC","down","GO:0005622",4861,226,1,0.711914107578193
"FDO_TC","down","GO:0030175",38,1,0.840118321825465,0.840118321825465
"FDO_TC","down","GO:0005856",874,120,0.0988191326998648,9.5132434279352e-33
"FDO_TC","down","GO:0005858",22,14,4.07233084224516e-14,4.07233084224516e-14
"FDO_TC","down","GO:0042641",26,2,1,0.346778845995661
"FDO_TC","down","GO:0005764",223,4,0.977363875712115,0.994333463907771
"FDO_TC","down","GO:0005575",5475,257,1,1
"FDO_TC","down","GO:0005765",126,2,0.983981390618579,0.983981390618579
"FDO_TC","down","GO:0042645",11,1,0.411014905933746,0.411014905933746
"FDO_TC","down","GO:0005576",509,24,0.582934241369518,0.523654022168696
"FDO_TC","down","GO:0005766",22,1,1,0.653475447129756
"FDO_TC","down","GO:0019866",173,3,1,0.989724245664319
"FDO_TC","down","GO:0019867",87,4,1,0.589353141591264
"FDO_TC","down","GO:0005768",372,17,0.20190019098159,0.584130061703156
"FDO_TC","down","GO:0043230",198,10,1,0.45281783778399
"FDO_TC","down","GO:0005769",158,9,0.187450803835581,0.323345633586302
"FDO_TC","down","GO:0032391",19,3,0.0567975379319514,0.0567975379319514
"FDO_TC","down","GO:0043231",3728,118,1,0.999999999999984
"FDO_TC","down","GO:0005881",63,19,0.220389146087498,2.84826739156398e-11
"FDO_TC","down","GO:0043232",1910,133,1,1.01214632788634e-08
"FDO_TC","down","GO:0043233",1479,30,1,0.999999999750787
"FDO_TC","down","GO:0005884",36,1,0.823864880146066,0.823864880146066
"FDO_TC","down","GO:0043235",78,1,0.97711719981864,0.97711719981864
"FDO_TC","down","GO:0005615",198,10,1,0.45281783778399
"FDO_TC","down","GO:0000785",272,6,0.997080550875884,0.990349925496991
"FDO_TC","down","GO:0000786",15,1,0.514277408422156,0.514277408422156
"FDO_TC","down","GO:0005886",1218,45,0.963371913252458,0.976601577590681
"FDO_TC","down","GO:0016020",2406,88,0.195357994484268,0.999530985225069
"FDO_TC","down","GO:0005902",26,1,0.714342951347829,0.714342951347829
"FDO_TC","down","GO:0005758",26,1,0.714342951347829,0.714342951347829
"FDO_TC","down","GO:0044291",12,2,1,0.10628195188446
"FDO_TC","down","GO:0048471",263,11,0.752540587147812,0.699180610846347
"FDO_TC","down","GO:0005871",22,4,0.0177791449989233,0.0177791449989233
"FDO_TC","down","GO:0005759",138,3,0.984487674556238,0.961361732454957
"FDO_TC","down","GO:0032153",46,2,1,0.643524462273845
"FDO_TC","down","GO:1902494",789,31,0.994718371148718,0.884671069631616
"FDO_TC","down","GO:0032154",41,2,0.580385560196931,0.580385560196931
"FDO_TC","down","GO:0005874",137,27,0.0166173242929181,1.02062332621545e-10
"FDO_TC","down","GO:0000775",71,1,1,0.967809945562053
"FDO_TC","down","GO:1902495",112,3,0.919578059707799,0.903312380004478
"FDO_TC","down","GO:0005875",86,22,0.642142014303849,2.80214906944193e-11
"FDO_TC","down","GO:0009986",143,6,0.960192297189741,0.669883345360592
"FDO_TC","down","GO:0000776",45,1,0.886104020602941,0.886104020602941
"FDO_TC","down","GO:0005876",18,1,0.579699348962375,0.579699348962375
"FDO_TC","down","GO:0071006",39,1,0.84767572320322,0.84767572320322
"FDO_TC","down","GO:0044297",184,5,1,0.939079595990264
"FDO_TC","down","GO:0008287",25,1,0.700205870372745,0.700205870372745
"FDO_TC","down","GO:0098827",422,11,1,0.991575123307024
"FDO_TC","down","GO:0045171",21,1,0.63633925123065,0.63633925123065
"FDO_TC","down","GO:0000779",48,1,1,0.901525356866335
"FDO_TC","down","GO:0005879",43,17,9.34193637138284e-05,2.17535781013064e-12
"FDO_TC","down","GO:0031012",108,3,0.889366707120106,0.889366707120106
"FDO_TC","down","GO:0005783",657,18,0.846221209974339,0.997383977976712
"FDO_TC","down","GO:0030424",233,9,0.514466341339497,0.774497986421422
"FDO_TC","down","GO:0150034",92,2,1,0.935198679319413
"FDO_TC","down","GO:0030425",213,9,0.676880900834259,0.676880900834259
"FDO_TC","down","GO:0030426",58,2,0.764386051690727,0.764386051690727
"FDO_TC","down","GO:1990716",10,5,4.55098607164461e-05,4.55098607164461e-05
"FDO_TC","down","GO:0045177",151,6,0.46652677844564,0.72025994690189
"FDO_TC","down","GO:0030427",64,2,1,0.810319336645837
"FDO_TC","down","GO:0045178",81,7,1,0.0845926054555904
"FDO_TC","down","GO:0005788",65,1,0.956887367307302,0.956887367307302
"FDO_TC","down","GO:0032279",138,4,1,0.895357441556561
"FDO_TC","down","GO:0000151",126,3,0.760250937259672,0.940505560801781
"FDO_TC","down","GO:0030141",155,16,0.574141061346724,0.00232216647575679
"FDO_TC","down","GO:0005789",420,11,0.991091489450022,0.991091489450022
"FDO_TC","down","GO:0045211",85,2,0.93020335434437,0.914558375724491
"FDO_TC","down","GO:0031672",24,2,0.213668451438681,0.311815612068973
"FDO_TC","down","GO:0090543",16,3,0.0363735347274231,0.0363735347274231
"FDO_TC","down","GO:0005634",2262,74,0.83858595425976,0.999992373722733
"FDO_TC","down","GO:0031674",57,3,1,0.505220093116635
"FDO_TC","down","GO:0012505",1502,58,1,0.970591316735035
"FDO_TC","down","GO:0005635",163,11,0.0873441852966612,0.142670612679895
"FDO_TC","down","GO:0012506",393,16,0.442735810188543,0.762552248044713
"FDO_TC","down","GO:0005637",18,1,0.579699348962375,0.579699348962375
"FDO_TC","down","GO:0005770",113,2,1,0.972410046719033
"FDO_TC","down","GO:0032991",2009,67,0.948949470653943,0.99991937328001
"FDO_TC","down","GO:0045121",64,6,0.0782828298099954,0.0782828298099954
"FDO_TC","down","GO:0005829",1474,51,0.997169180999883,0.997169180999883
"FDO_TC","down","GO:0005771",19,1,0.599493607220881,0.599493607220881
"FDO_TC","down","GO:0032993",39,2,0.684943568622835,0.552937069470764
"FDO_TC","down","GO:0060293",22,1,1,0.653475447129756
"FDO_TC","down","GO:0005773",270,5,1,0.996554199079676
"FDO_TC","down","GO:0005774",152,2,1,0.994745586143135
"FDO_TC","down","GO:0005775",23,1,1,0.669807156296756
"FDO_TC","down","GO:0005776",48,1,0.901525356866335,0.901525356866335
"FDO_TC","down","GO:0005777",47,1,0.896631142345865,0.896631142345865
"FDO_TC","down","GO:0005811",39,1,0.84767572320322,0.84767572320322
"FDO_TC","down","GO:0043202",14,1,0.490289955302343,0.490289955302343
"FDO_TC","down","GO:0070013",1479,30,1,0.999999999750787
"FDO_TC","down","GO:0005813",250,25,0.0094956605168971,0.000240038061890827
"FDO_TC","down","GO:0030133",166,2,1,0.997153037095282
"FDO_TC","down","GO:0043204",51,1,0.914865685715432,0.914865685715432
"FDO_TC","down","GO:0005814",84,13,0.000124842519367436,0.000124842519367436
"FDO_TC","down","GO:0097014",161,65,1,2.72572813165397e-46
"FDO_TC","down","GO:0009925",73,7,1,0.0540483534611315
"FDO_TC","down","GO:0005815",328,44,0.156055878397518,8.98729148823186e-11
"FDO_TC","down","GO:0030135",111,1,1,0.995448766485892
"FDO_TC","down","GO:0030136",61,1,0.947626328424151,0.947626328424151
"FDO_TC","down","GO:0065010",198,10,1,0.45281783778399
"FDO_TC","down","GO:1990351",120,3,1,0.926554838696955
"FDO_TC","down","GO:0043209",23,2,0.294177845455749,0.294177845455749
"FDO_TC","down","GO:0045111",14,1,0.490289955302343,0.490289955302343
"FDO_TC","down","GO:0005819",145,11,0.59724694648575,0.077600803851791
"FDO_TC","down","GO:0030139",82,4,1,0.541909929377506
"FDO_TC","down","GO:0042995",883,122,1,9.98551794760819e-34
"FDO_TC","down","GO:0009897",38,4,0.100700580347366,0.100700580347366
"FDO_TC","down","GO:0099080",595,34,1,0.127626171897621
"FDO_TC","down","GO:0009898",44,2,0.619208122229513,0.619208122229513
"FDO_TC","down","GO:0000228",66,2,0.823764164140664,0.823764164140664
"FDO_TC","down","GO:0099081",278,31,1,4.55517270318792e-06
"FDO_TC","down","GO:0030312",114,5,0.0294934440418888,0.62638779997134
"FDO_TC","down","GO:0030315",15,1,0.514277408422156,0.514277408422156
"FDO_TC","down","GO:0042175",430,12,0.393070636996183,0.985707604095809
"FDO_TC","down","GO:0019005",22,1,0.653475447129756,0.653475447129756
"FDO_TC","down","GO:0001669",38,9,0.00150783855156242,4.72735107189544e-05
"FDO_TC","down","GO:0098839",27,1,0.727815856743976,0.727815856743976
"FDO_TC","down","GO:0031901",76,3,0.700159944426063,0.700159944426063
"FDO_TC","down","GO:0031902",66,1,0.958935416586789,0.958935416586789
"FDO_TC","down","GO:0030054",745,22,1,0.995917809392462
"FDO_TC","down","GO:0034774",31,2,0.598855105029534,0.431165753211539
"FDO_TC","down","GO:0030055",90,3,1,0.802313461354814
"FDO_TC","down","GO:0001917",18,3,0.0494902939680344,0.0494902939680344
"FDO_TC","down","GO:0055037",64,3,0.795645185804748,0.584448738532555
"FDO_TC","down","GO:0001650",36,1,0.823864880146066,0.823864880146066
"FDO_TC","down","GO:0016528",35,1,1,0.815131188113949
"FDO_TC","down","GO:0055038",31,2,0.431165753211539,0.431165753211539
"FDO_TC","down","GO:0016529",33,1,0.796348712596185,0.796348712596185
"FDO_TC","down","GO:0034399",13,2,0.12186013295113,0.12186013295113
"FDO_TC","down","GO:1990234",370,5,0.998852166832453,0.999927313848511
"FDO_TC","down","GO:0120025",881,122,1,7.86582800515459e-34
"FDO_TC","down","GO:0042470",42,1,0.868278515550004,0.868278515550004
"FDO_TC","down","GO:0032420",23,2,0.464413801756092,0.294177845455749
"FDO_TC","down","GO:0005740",253,6,1,0.982201370493055
"FDO_TC","down","GO:0097038",11,1,0.411014905933746,0.411014905933746
"FDO_TC","down","GO:0032421",27,2,1,0.364047411047993
"FDO_TC","down","GO:0005741",78,3,0.716867302190101,0.716867302190101
"FDO_TC","down","GO:0005743",154,2,0.995183643419237,0.995183643419237
"FDO_TC","down","GO:0031514",161,59,2.63343390097918e-06,5.45760731144854e-39
"FDO_TC","down","GO:0032426",10,1,0.381950165308741,0.381950165308741
"FDO_TC","down","GO:0031252",170,2,0.99562321992827,0.997613700729213
"FDO_TC","down","GO:0031253",105,2,1,0.961654723441154
"FDO_TC","down","GO:0042383",36,2,0.635905821743827,0.509451966989864
"FDO_TC","down","GO:0090734",52,1,0.91889952029713,0.91889952029713
"FDO_TC","down","GO:0043025",161,5,0.770597800570484,0.881743906568747
"FDO_TC","down","GO:0030666",30,1,1,0.764553213701013
"FDO_TC","down","GO:0030667",52,7,0.423152462053076,0.0101305924214402
"FDO_TC","down","GO:0000118",33,1,0.796348712596185,0.796348712596185
"FDO_TC","down","GO:0005730",331,6,0.998671872421532,0.998745481380181
"FDO_TC","down","GO:0009295",11,1,1,0.411014905933746
"FDO_TC","down","GO:0072686",54,5,0.123725800661058,0.107642796787524
"FDO_TC","down","GO:0005737",3928,194,0.434549725656288,0.0966639187421294
"FDO_TC","down","GO:0005739",531,14,0.916168916984704,0.995861102491263
"FDO_TC","down","GO:0034451",35,7,0.00100380842803454,0.00100380842803454
"FDO_TC","down","GO:0097649",25,11,0.00641786506035869,4.90047561455457e-09
"FDO_TC","down","GO:0045202",558,16,0.300424011352278,0.991567470398778
"FDO_TC","down","GO:0061695",111,1,1,0.995448766485892
"FDO_TC","down","GO:0097517",21,2,1,0.258756130586522
"FDO_TC","down","GO:0030658",100,2,0.953005607463623,0.953005607463623
"FDO_TC","down","GO:1903561",198,10,1,0.45281783778399
"FDO_TC","down","GO:0030659",381,15,1,0.799884970396937
"FDO_TC","down","GO:0043292",91,4,0.251558800962174,0.625174914554461
"FDO_TC","down","GO:0043296",54,1,1,0.92640487741091
"FDO_TC","down","GO:0070160",49,1,1,0.906188703703511
"FDO_TC","down","GO:0016460",23,2,0.294177845455749,0.294177845455749
"FDO_TC","down","GO:0070161",247,9,0.158388456561794,0.829092995276496
"FDO_TC","down","GO:0031461",69,1,1,0.964516044924733
"FDO_TC","down","GO:0097542",17,1,0.558930791508679,0.558930791508679
"FDO_TC","down","GO:0005802",112,4,0.87854235614781,0.778990014865603
"FDO_TC","down","GO:0000323",224,4,1,0.994541560072916
"FDO_TC","down","GO:1990204",58,1,0.939402821187813,0.939402821187813
"FDO_TC","down","GO:0097545",27,12,0.0882457348457171,8.23201084907036e-10
"FDO_TC","down","GO:0097546",19,2,0.223402700309259,0.223402700309259
"FDO_TC","down","GO:0002177",14,4,0.0032683061765649,0.0032683061765649
"FDO_TC","down","GO:0000139",256,6,0.98381455292888,0.98381455292888
"FDO_TC","down","GO:0032432",24,2,1,0.311815612068973
"FDO_TC","down","GO:0045335",37,4,0.0426512430315264,0.0933620431488784
"FDO_TC","down","GO:0030016",85,3,1,0.769699702030154
"FDO_TC","down","GO:0030017",73,3,1,0.673719753216487
"FDO_TC","down","GO:0030018",54,3,0.468980723130421,0.468980723130421
"FDO_TC","down","GO:0030670",20,1,0.618359102628549,0.618359102628549
"FDO_TC","down","GO:0098982",28,2,0.381140788819316,0.381140788819316
"FDO_TC","down","GO:0099572",133,4,1,0.878347081927321
"FDO_TC","down","GO:1903293",25,1,1,0.700205870372745
"FDO_TC","down","GO:0030863",30,3,1,0.164508372346046
"FDO_TC","down","GO:0098984",147,4,1,0.920784078307887
"FDO_TC","down","GO:0030864",23,3,0.0906427022330675,0.0906427022330675
"FDO_TC","down","GO:0001750",18,4,0.00861579304052322,0.00861579304052322
"FDO_TC","down","GO:0097729",136,51,3.46318595610152e-05,3.55285947983636e-34
"FDO_TC","down","GO:0016459",44,4,0.257418649045386,0.149852162594223
"FDO_TC","down","GO:0016363",42,1,0.868278515550004,0.868278515550004
"FDO_TC","down","GO:0014704",10,2,0.077018686108024,0.077018686108024
"FDO_TC","down","GO:0005694",451,8,0.969710509628882,0.999823292065017
"FDO_TC","down","GO:0060170",17,2,0.188490312481656,0.188490312481656
"FDO_TC","down","GO:0098590",378,15,0.584223347647773,0.790119810842332
"FDO_TC","down","GO:0015629",194,12,0.956196754162489,0.199327031610719
"FDO_TC","down","GO:0010494",52,1,0.91889952029713,0.91889952029713
"FDO_TC","down","GO:0036464",124,3,1,0.936152025041987
"FDO_TC","down","GO:0110165",5459,256,1,0.828664091675389
"FDO_TC","down","GO:0098978",196,3,0.995876747744476,0.995876747744476
"FDO_TC","down","GO:0160110",25,11,0.00641786506035869,4.90047561455457e-09
"FDO_TC","down","GO:0014069",126,4,0.851793137236747,0.850567337785284
"FDO_TC","down","GO:0160111",16,8,1.96341900936739e-07,1.96341900936739e-07
"FDO_TC","down","GO:0000922",64,6,0.0888491369124391,0.0782828298099954
"FDO_TC","down","GO:0097225",46,13,1.00785938218728e-07,1.00785938218728e-07
"FDO_TC","down","GO:0031090",1248,36,1,0.99989027049577
"FDO_TC","down","GO:0097228",29,9,4.21503292903812e-06,4.21503292903812e-06
"FDO_TC","down","GO:0030880",50,1,0.910632032702441,0.910632032702441
"FDO_TC","down","GO:0035869",35,4,0.534125996527329,0.0794900041638014
"FDO_TC","down","GO:0097229",17,6,8.06320428629888e-05,8.06320428629888e-05
"FDO_TC","down","GO:0099512",278,31,1,4.55517270318792e-06
"FDO_TC","down","GO:0044232",28,1,1,0.740655674074519
"FDO_TC","down","GO:0099513",180,28,0.32920662522997,1.29149791179346e-08
"FDO_TC","down","GO:0044233",12,1,0.438717901756409,0.438717901756409
"FDO_TC","down","GO:0034702",60,2,1,0.780674623793491
"FDO_TC","down","GO:0034703",47,2,0.79590670262078,0.655217292461043
"FDO_TC","down","GO:0099634",30,1,1,0.764553213701013
"FDO_TC","down","GO:0034704",14,1,0.490289955302343,0.490289955302343
"FDO_TC","down","GO:0097730",59,10,0.034582619086453,0.00035681004427643
"FDO_TC","down","GO:0010008",196,7,0.611343765230722,0.82228075565946
"FDO_TC","down","GO:0097731",43,7,0.0891566104950093,0.00349137039334846
"FDO_TC","down","GO:0097733",32,5,1,0.0155963551116822
"FDO_TC","down","GO:0005923",33,1,0.796348712596185,0.796348712596185
"FDO_TC","down","GO:0140513",518,6,0.99999756021441,0.999999271946093
"FDO_TC","down","GO:0005925",80,3,0.73284821497469,0.73284821497469
"FDO_TC","down","GO:0031965",97,5,0.511678247231828,0.481350310766671
"FDO_TC","down","GO:0043005",440,20,0.914272989047023,0.596030540095016
"FDO_TC","down","GO:1904115",21,1,0.63633925123065,0.63633925123065
"FDO_TC","down","GO:0030496",69,4,0.920946746501373,0.407655643673312
"FDO_TC","down","GO:0031966",241,6,0.677696542581923,0.974142168603236
"FDO_TC","down","GO:0009536",11,2,0.0913027590586889,0.0913027590586889
"FDO_TC","down","GO:0031967",413,17,1,0.75245449947152
"FDO_TC","down","GO:0035578",12,1,0.438717901756409,0.438717901756409
"FDO_TC","down","GO:0015630",560,87,0.571589523818289,2.76318354977199e-26
"FDO_TC","down","GO:0031968",86,4,0.320168213370759,0.580093404643595
"FDO_TC","down","GO:0005929",389,108,0.00295601024627299,2.70353153216796e-60
"FDO_TC","down","GO:0000791",16,1,0.537140175095325,0.537140175095325
"FDO_TC","down","GO:0000793",73,1,1,0.970799159414801
"FDO_TC","down","GO:0071944",1354,50,0.187010548550837,0.983208510304762
"FDO_TC","down","GO:0001725",21,2,0.258756130586522,0.258756130586522
"FDO_TC","down","GO:0001726",59,1,0.942277747337847,0.942277747337847
"FDO_TC","down","GO:0036126",125,46,1.76587680741025e-20,2.2622426395836e-30
"FDO_TC","down","GO:0031410",743,33,0.911296526599859,0.665181245353243
"FDO_TC","down","GO:0005911",167,5,0.916112596263408,0.899992456610252
"FDO_TC","down","GO:0098791",168,5,1,0.902785228469968
"FDO_TC","down","GO:0070382",111,1,0.995448766485892,0.995448766485892
"FDO_TC","down","GO:0005912",66,2,0.823764164140664,0.823764164140664
"FDO_TC","down","GO:0098562",67,2,1,0.830161620348135
"FDO_TC","down","GO:0098793",246,2,0.999924286502605,0.999924286502605
"FDO_TC","down","GO:0098794",274,7,0.949722283945426,0.977143474898297
"FDO_TC","down","GO:0098796",374,9,0.998695489306299,0.993512112521775
"FDO_TC","down","GO:0036477",282,11,1,0.781361522412912
"FDO_TC","down","GO:0098797",122,4,0.832414619222896,0.832414619222896
"FDO_TC","down","GO:0071012",39,1,1,0.84767572320322
"FDO_TC","down","GO:0000932",49,1,0.906188703703511,0.906188703703511
"FDO_TC","down","GO:0071013",68,1,0.962745292215152,0.962745292215152
"FDO_TC","down","GO:0016323",64,7,0.0292955586230925,0.0292955586230925
"FDO_TC","down","GO:0016324",118,4,0.812472100999725,0.812472100999725
"FDO_TC","down","GO:0005654",1055,18,0.999999996345517,0.999999996195806
"FDO_TC","down","GO:0098685",38,1,0.840118321825465,0.840118321825465
"FDO_TC","down","GO:0098687",103,1,1,0.993261458770192
"FDO_TC","down","GO:0005657",15,1,0.514277408422156,0.514277408422156
"FDO_TC","down","GO:0032588",36,2,0.509451966989864,0.509451966989864
"FDO_TC","down","GO:0048770",42,1,1,0.868278515550004
"FDO_TC","down","GO:0005790",11,1,0.411014905933746,0.411014905933746
"FDO_TC","down","GO:0016328",32,2,0.447365623934319,0.447365623934319
"FDO_TC","down","GO:0031981",1220,25,1,0.999999978809188
"FDO_TC","down","GO:0031982",877,40,1,0.607877696020248
"FDO_TC","down","GO:0098552",107,6,1,0.388027811859163
"FDO_TC","down","GO:0031983",31,2,1,0.431165753211539
"FDO_TC","down","GO:0005794",552,21,0.199682954493532,0.87666542863088
"FDO_TC","down","GO:0031984",558,15,1,0.995810700104587
"FDO_TC","down","GO:0140535",405,10,0.967052178771382,0.993908999334962
"FDO_TC","down","GO:0005795",73,3,0.580557818615756,0.673719753216487
"FDO_TC","down","GO:0031985",55,2,0.73799810535937,0.73799810535937
"FDO_TC","down","GO:0030286",41,17,0.12719282028492,8.52309792545732e-13
"FDO_TC","down","GO:0043186",22,1,0.653475447129756,0.653475447129756
"FDO_TC","down","GO:0019897",20,1,0.618359102628549,0.618359102628549
"FDO_TC","down","GO:0019898",41,1,1,0.861739511975801
"FDO_TC","down","GO:0002080",10,3,0.00959429761680978,0.00959429761680978
"FDO_TC","down","GO:0005681",125,2,1,0.983291298081805
"FDO_TC","down","GO:0042581",10,1,0.381950165308741,0.381950165308741
"FDO_TC","down","GO:0098862",58,2,1,0.764386051690727
"FDO_TC","down","GO:0120212",13,3,0.0206019560177746,0.0206019560177746
"FDO_TC","down","GO:0042582",22,1,1,0.653475447129756
"FDO_TC","down","GO:0042583",11,2,1,0.0913027590586889
"FDO_TC","down","GO:0005684",78,1,1,0.97711719981864
"FDO_TC","down","GO:0042584",11,2,0.0913027590586889,0.0913027590586889
"FDO_TC","down","GO:0045495",24,1,1,0.68537200604579
"FDO_TC","down","GO:0043226",4401,218,1,0.0366265911812192
"FDO_TC","down","GO:0043227",4011,201,1,0.0368594504342875
"FDO_TC","down","GO:0043228",1910,133,1,1.01214632788634e-08
"FDO_TC","down","GO:0005930",161,65,6.59453600239706e-19,2.72572813165397e-46
"FDO_TC","down","GO:0035770",291,3,1,0.999926155249999
"FDO_TC","down","GO:0031970",31,1,1,0.775666129050662
"FDO_TC","down","GO:0031430",19,1,0.599493607220881,0.599493607220881
"FDO_TC","down","GO:0043229",4278,202,1,0.462842909027163
"FDO_TC","down","GO:0002102",15,1,0.514277408422156,0.514277408422156
"FDO_TC","down","GO:1990904",382,3,0.999997424049741,0.999998800202219
"FDO_TC","down","GO:0031974",1479,30,1,0.999999999750787
"FDO_TC","down","GO:0031594",33,2,0.463304638459712,0.463304638459712
"FDO_TC","down","GO:0000123",47,0,1,1
"FDO_TC","down","GO:0000152",11,0,1,1
"FDO_TC","down","GO:0000153",11,0,1,1
"FDO_TC","down","GO:0000307",18,0,1,1
"FDO_TC","down","GO:0000313",28,0,1,1
"FDO_TC","down","GO:0000314",10,0,1,1
"FDO_TC","down","GO:0000315",18,0,1,1
"FDO_TC","down","GO:0000407",20,0,1,1
"FDO_TC","down","GO:0000421",20,0,1,1
"FDO_TC","down","GO:0000428",41,0,1,1
"FDO_TC","down","GO:0000502",42,0,1,1
"FDO_TC","down","GO:0000781",35,0,1,1
"FDO_TC","down","GO:0000792",29,0,1,1
"FDO_TC","down","GO:0000794",20,0,1,1
"FDO_TC","down","GO:0005581",12,0,1,1
"FDO_TC","down","GO:0005604",40,0,1,1
"FDO_TC","down","GO:0005614",10,0,1,1
"FDO_TC","down","GO:0005643",34,0,1,1
"FDO_TC","down","GO:0005667",122,0,1,1
"FDO_TC","down","GO:0005669",14,0,1,1
"FDO_TC","down","GO:0005677",10,0,1,1
"FDO_TC","down","GO:0005682",12,0,1,1
"FDO_TC","down","GO:0005685",15,0,1,1
"FDO_TC","down","GO:0005686",18,0,1,1
"FDO_TC","down","GO:0005689",29,0,1,1
"FDO_TC","down","GO:0005697",12,0,1,1
"FDO_TC","down","GO:0005700",10,0,1,1
"FDO_TC","down","GO:0005721",10,0,1,1
"FDO_TC","down","GO:0005732",14,0,1,1
"FDO_TC","down","GO:0005761",28,0,1,1
"FDO_TC","down","GO:0005762",18,0,1,1
"FDO_TC","down","GO:0005763",10,0,1,1
"FDO_TC","down","GO:0005778",20,0,1,1
"FDO_TC","down","GO:0005782",11,0,1,1
"FDO_TC","down","GO:0005791",37,0,1,1
"FDO_TC","down","GO:0005793",48,0,1,1
"FDO_TC","down","GO:0005796",15,0,1,1
"FDO_TC","down","GO:0005798",47,0,1,1
"FDO_TC","down","GO:0005801",20,0,1,1
"FDO_TC","down","GO:0005838",14,0,1,1
"FDO_TC","down","GO:0005839",14,0,1,1
"FDO_TC","down","GO:0005840",127,0,1,1
"FDO_TC","down","GO:0005849",13,0,1,1
"FDO_TC","down","GO:0005852",13,0,1,1
"FDO_TC","down","GO:0005901",14,0,1,1
"FDO_TC","down","GO:0005903",34,0,1,1
"FDO_TC","down","GO:0005905",31,0,1,1
"FDO_TC","down","GO:0005918",14,0,1,1
"FDO_TC","down","GO:0008021",104,0,1,1
"FDO_TC","down","GO:0008023",19,0,1,1
"FDO_TC","down","GO:0008076",11,0,1,1
"FDO_TC","down","GO:0012507",24,0,1,1
"FDO_TC","down","GO:0015030",19,0,1,1
"FDO_TC","down","GO:0015934",58,0,1,1
"FDO_TC","down","GO:0015935",36,0,1,1
"FDO_TC","down","GO:0016234",19,0,1,1
"FDO_TC","down","GO:0016282",15,0,1,1
"FDO_TC","down","GO:0016469",24,0,1,1
"FDO_TC","down","GO:0016471",11,0,1,1
"FDO_TC","down","GO:0016514",11,0,1,1
"FDO_TC","down","GO:0016591",37,0,1,1
"FDO_TC","down","GO:0016592",10,0,1,1
"FDO_TC","down","GO:0016604",262,0,1,1
"FDO_TC","down","GO:0016605",27,0,1,1
"FDO_TC","down","GO:0016607",155,0,1,1
"FDO_TC","down","GO:0017053",18,0,1,1
"FDO_TC","down","GO:0017101",10,0,1,1
"FDO_TC","down","GO:0022624",23,0,1,1
"FDO_TC","down","GO:0022625",40,0,1,1
"FDO_TC","down","GO:0022626",80,0,1,1
"FDO_TC","down","GO:0022627",23,0,1,1
"FDO_TC","down","GO:0030014",11,0,1,1
"FDO_TC","down","GO:0030027",85,0,1,1
"FDO_TC","down","GO:0030117",45,0,1,1
"FDO_TC","down","GO:0030118",19,0,1,1
"FDO_TC","down","GO:0030119",15,0,1,1
"FDO_TC","down","GO:0030120",36,0,1,1
"FDO_TC","down","GO:0030125",14,0,1,1
"FDO_TC","down","GO:0030127",14,0,1,1
"FDO_TC","down","GO:0030131",11,0,1,1
"FDO_TC","down","GO:0030134",34,0,1,1
"FDO_TC","down","GO:0030137",19,0,1,1
"FDO_TC","down","GO:0030140",16,0,1,1
"FDO_TC","down","GO:0030532",50,0,1,1
"FDO_TC","down","GO:0030660",27,0,1,1
"FDO_TC","down","GO:0030662",65,0,1,1
"FDO_TC","down","GO:0030663",14,0,1,1
"FDO_TC","down","GO:0030665",29,0,1,1
"FDO_TC","down","GO:0030672",55,0,1,1
"FDO_TC","down","GO:0030684",66,0,1,1
"FDO_TC","down","GO:0030686",19,0,1,1
"FDO_TC","down","GO:0030687",16,0,1,1
"FDO_TC","down","GO:0030688",13,0,1,1
"FDO_TC","down","GO:0030867",26,0,1,1
"FDO_TC","down","GO:0030964",20,0,1,1
"FDO_TC","down","GO:0031010",10,0,1,1
"FDO_TC","down","GO:0031011",10,0,1,1
"FDO_TC","down","GO:0031045",15,0,1,1
"FDO_TC","down","GO:0031201",18,0,1,1
"FDO_TC","down","GO:0031248",55,0,1,1
"FDO_TC","down","GO:0031256",61,0,1,1
"FDO_TC","down","GO:0031312",10,0,1,1
"FDO_TC","down","GO:0031462",11,0,1,1
"FDO_TC","down","GO:0031463",22,0,1,1
"FDO_TC","down","GO:0031466",12,0,1,1
"FDO_TC","down","GO:0031519",13,0,1,1
"FDO_TC","down","GO:0031526",17,0,1,1
"FDO_TC","down","GO:0031903",20,0,1,1
"FDO_TC","down","GO:0031907",11,0,1,1
"FDO_TC","down","GO:0031941",10,0,1,1
"FDO_TC","down","GO:0032040",38,0,1,1
"FDO_TC","down","GO:0032045",11,0,1,1
"FDO_TC","down","GO:0032580",36,0,1,1
"FDO_TC","down","GO:0032587",30,0,1,1
"FDO_TC","down","GO:0032589",25,0,1,1
"FDO_TC","down","GO:0033017",16,0,1,1
"FDO_TC","down","GO:0033116",28,0,1,1
"FDO_TC","down","GO:0033176",16,0,1,1
"FDO_TC","down","GO:0033290",14,0,1,1
"FDO_TC","down","GO:0034705",12,0,1,1
"FDO_TC","down","GO:0034708",47,0,1,1
"FDO_TC","down","GO:0034709",10,0,1,1
"FDO_TC","down","GO:0034719",11,0,1,1
"FDO_TC","down","GO:0035097",29,0,1,1
"FDO_TC","down","GO:0035267",13,0,1,1
"FDO_TC","down","GO:0035861",38,0,1,1
"FDO_TC","down","GO:0036452",14,0,1,1
"FDO_TC","down","GO:0042734",50,0,1,1
"FDO_TC","down","GO:0043189",13,0,1,1
"FDO_TC","down","GO:0043195",19,0,1,1
"FDO_TC","down","GO:0043197",57,0,1,1
"FDO_TC","down","GO:0043198",17,0,1,1
"FDO_TC","down","GO:0043679",36,0,1,1
"FDO_TC","down","GO:0044304",18,0,1,1
"FDO_TC","down","GO:0044306",45,0,1,1
"FDO_TC","down","GO:0044309",58,0,1,1
"FDO_TC","down","GO:0044322",11,0,1,1
"FDO_TC","down","GO:0044391",94,0,1,1
"FDO_TC","down","GO:0044665",17,0,1,1
"FDO_TC","down","GO:0044853",21,0,1,1
"FDO_TC","down","GO:0045179",10,0,1,1
"FDO_TC","down","GO:0045240",12,0,1,1
"FDO_TC","down","GO:0045271",20,0,1,1
"FDO_TC","down","GO:0045334",10,0,1,1
"FDO_TC","down","GO:0046540",26,0,1,1
"FDO_TC","down","GO:0048475",45,0,1,1
"FDO_TC","down","GO:0048786",38,0,1,1
"FDO_TC","down","GO:0055029",37,0,1,1
"FDO_TC","down","GO:0060076",22,0,1,1
"FDO_TC","down","GO:0060077",12,0,1,1
"FDO_TC","down","GO:0070461",20,0,1,1
"FDO_TC","down","GO:0070603",46,0,1,1
"FDO_TC","down","GO:0070971",11,0,1,1
"FDO_TC","down","GO:0070993",16,0,1,1
"FDO_TC","down","GO:0071004",11,0,1,1
"FDO_TC","down","GO:0071005",38,0,1,1
"FDO_TC","down","GO:0071007",28,0,1,1
"FDO_TC","down","GO:0071010",11,0,1,1
"FDO_TC","down","GO:0071011",55,0,1,1
"FDO_TC","down","GO:0071014",17,0,1,1
"FDO_TC","down","GO:0071016",16,0,1,1
"FDO_TC","down","GO:0071018",16,0,1,1
"FDO_TC","down","GO:0071020",19,0,1,1
"FDO_TC","down","GO:0071339",17,0,1,1
"FDO_TC","down","GO:0071782",14,0,1,1
"FDO_TC","down","GO:0072379",10,0,1,1
"FDO_TC","down","GO:0080008",12,0,1,1
"FDO_TC","down","GO:0090443",10,0,1,1
"FDO_TC","down","GO:0090533",18,0,1,1
"FDO_TC","down","GO:0090575",70,0,1,1
"FDO_TC","down","GO:0097346",15,0,1,1
"FDO_TC","down","GO:0097386",14,0,1,1
"FDO_TC","down","GO:0097440",12,0,1,1
"FDO_TC","down","GO:0097470",10,0,1,1
"FDO_TC","down","GO:0097525",48,0,1,1
"FDO_TC","down","GO:0097526",27,0,1,1
"FDO_TC","down","GO:0098533",19,0,1,1
"FDO_TC","down","GO:0098554",18,0,1,1
"FDO_TC","down","GO:0098636",10,0,1,1
"FDO_TC","down","GO:0098644",10,0,1,1
"FDO_TC","down","GO:0098686",11,0,1,1
"FDO_TC","down","GO:0098798",67,0,1,1
"FDO_TC","down","GO:0098800",21,0,1,1
"FDO_TC","down","GO:0098802",32,0,1,1
"FDO_TC","down","GO:0098803",40,0,1,1
"FDO_TC","down","GO:0099023",30,0,1,1
"FDO_TC","down","GO:0099091",12,0,1,1
"FDO_TC","down","GO:0099092",10,0,1,1
"FDO_TC","down","GO:0099501",55,0,1,1
"FDO_TC","down","GO:0099568",22,0,1,1
"FDO_TC","down","GO:0099738",20,0,1,1
"FDO_TC","down","GO:0101002",16,0,1,1
"FDO_TC","down","GO:0101031",16,0,1,1
"FDO_TC","down","GO:0120114",55,0,1,1
"FDO_TC","down","GO:0140139",20,0,1,1
"FDO_TC","down","GO:0140144",18,0,1,1
"FDO_TC","down","GO:0140168",174,0,1,1
"FDO_TC","down","GO:0140268",10,0,1,1
"FDO_TC","down","GO:0140534",62,0,1,1
"FDO_TC","down","GO:1902493",63,0,1,1
"FDO_TC","down","GO:1902554",48,0,1,1
"FDO_TC","down","GO:1902555",10,0,1,1
"FDO_TC","down","GO:1902562",20,0,1,1
"FDO_TC","down","GO:1902911",52,0,1,1
"FDO_TC","down","GO:1904813",14,0,1,1
"FDO_TC","down","GO:1904949",68,0,1,1
"FDO_TC","down","GO:1905348",10,0,1,1
"FDO_TC","down","GO:1905354",10,0,1,1
"FDO_TC","down","GO:1905368",69,0,1,1
"FDO_TC","down","GO:1905369",54,0,1,1
"GOA_TC","up","GO:0097060",173,1,1,0.990653136825514
"GOA_TC","up","GO:0098588",862,22,0.923192217504302,0.596148648042038
"GOA_TC","up","GO:0097708",858,26,1,0.247639529635047
"GOA_TC","up","GO:0005938",174,2,0.94700266903105,0.94700266903105
"GOA_TC","up","GO:0070062",234,13,0.00854671675826308,0.00854671675826308
"GOA_TC","up","GO:0098852",149,2,1,0.907859097770806
"GOA_TC","up","GO:0060205",40,1,1,0.656876570463425
"GOA_TC","up","GO:0044665",20,1,1,0.413766968580591
"GOA_TC","up","GO:0097447",230,3,1,0.94547265644419
"GOA_TC","up","GO:0098857",76,2,1,0.599014770778795
"GOA_TC","up","GO:0098858",85,2,1,0.660006537695346
"GOA_TC","up","GO:0042579",78,4,1,0.149036597932951
"GOA_TC","up","GO:0120111",35,1,0.60765304857116,0.60765304857116
"GOA_TC","up","GO:0099503",273,10,1,0.181899039231923
"GOA_TC","up","GO:0036064",153,3,0.772824582813573,0.772824582813573
"GOA_TC","up","GO:0033116",25,1,0.487162028552122,0.487162028552122
"GOA_TC","up","GO:0005622",5993,167,1,0.0167665897988242
"GOA_TC","up","GO:0005852",13,1,0.293155333446781,0.293155333446781
"GOA_TC","up","GO:0030175",40,1,0.656876570463425,0.656876570463425
"GOA_TC","up","GO:0005856",1078,16,0.92556518099423,0.997781294161972
"GOA_TC","up","GO:0005764",288,3,0.977337223305303,0.983624967365164
"GOA_TC","up","GO:0005575",6841,180,1,1
"GOA_TC","up","GO:0005765",149,2,0.907859097770806,0.907859097770806
"GOA_TC","up","GO:0042645",16,1,0.347603965368421,0.347603965368421
"GOA_TC","up","GO:0019866",225,12,1,0.0152999136225188
"GOA_TC","up","GO:0005576",654,30,0.0280739080064645,0.0016779602090679
"GOA_TC","up","GO:0019867",109,3,1,0.55090460860089
"GOA_TC","up","GO:0005768",438,9,0.179979828438987,0.823677923147008
"GOA_TC","up","GO:0043230",240,13,1,0.0104517344797204
"GOA_TC","up","GO:0005769",184,1,0.993084331829889,0.993084331829889
"GOA_TC","up","GO:0045271",20,1,0.413766968580591,0.413766968580591
"GOA_TC","up","GO:0043231",4580,130,1,0.0729226301958729
"GOA_TC","up","GO:0000781",49,2,0.371077728264934,0.371077728264934
"GOA_TC","up","GO:0005881",67,1,0.833922283143848,0.833922283143848
"GOA_TC","up","GO:0043232",2325,44,0.0836251823782496,0.998066898489481
"GOA_TC","up","GO:0043233",1826,58,1,0.0551779712425884
"GOA_TC","up","GO:0005884",43,3,0.582462163900217,0.102987913653653
"GOA_TC","up","GO:0043235",104,3,0.463278382960047,0.518981838092989
"GOA_TC","up","GO:0005615",241,13,1,0.0107991890566824
"GOA_TC","up","GO:0000785",312,8,0.940269592393509,0.581857235910463
"GOA_TC","up","GO:0005886",1507,34,0.859769571746512,0.869957934398837
"GOA_TC","up","GO:0016020",2924,75,0.408416821170568,0.643861041440477
"GOA_TC","up","GO:0031941",10,2,0.0269651192028132,0.0269651192028132
"GOA_TC","up","GO:0005901",18,1,0.38156473288753,0.38156473288753
"GOA_TC","up","GO:0005902",34,2,0.22488058072951,0.22488058072951
"GOA_TC","up","GO:0005903",34,3,0.0590872940614256,0.0590872940614256
"GOA_TC","up","GO:0005905",30,3,0.0432332224414532,0.0432332224414532
"GOA_TC","up","GO:0048471",294,13,0.0457415049772799,0.0457415049772799
"GOA_TC","up","GO:0005871",28,1,0.52673392494653,0.52673392494653
"GOA_TC","up","GO:0005759",205,9,0.123126206195327,0.0908450058710373
"GOA_TC","up","GO:0032153",60,2,1,0.471481990772767
"GOA_TC","up","GO:1902494",965,29,0.760704148397199,0.245711689798199
"GOA_TC","up","GO:0032154",54,2,0.417807613411279,0.417807613411279
"GOA_TC","up","GO:0005874",160,2,1,0.927597131828923
"GOA_TC","up","GO:0000775",85,1,1,0.897785939499122
"GOA_TC","up","GO:1902495",126,6,0.59158186659749,0.114306964185778
"GOA_TC","up","GO:0005875",105,1,1,0.940486027096823
"GOA_TC","up","GO:0009986",174,12,0.00196492544881698,0.00203790256864341
"GOA_TC","up","GO:0000776",52,1,0.751374642532029,0.751374642532029
"GOA_TC","up","GO:0044297",205,5,0.474756177907336,0.632082461295991
"GOA_TC","up","GO:0008287",25,1,0.487162028552122,0.487162028552122
"GOA_TC","up","GO:0098827",462,19,1,0.0341080793787384
"GOA_TC","up","GO:0031010",12,2,0.0382127217337696,0.0382127217337696
"GOA_TC","up","GO:0000779",56,1,1,0.776717474315391
"GOA_TC","up","GO:0044309",59,1,1,0.794023150294271
"GOA_TC","up","GO:1904949",77,4,1,0.14416204928786
"GOA_TC","up","GO:0031012",159,5,0.523269351371003,0.407810068003503
"GOA_TC","up","GO:0005782",17,3,0.00928219017261335,0.00928219017261335
"GOA_TC","up","GO:0005783",743,37,0.0423779190392964,8.32605070168106e-05
"GOA_TC","up","GO:0030424",254,4,0.907410845323693,0.907410845323693
"GOA_TC","up","GO:0140144",29,1,0.539237652160625,0.539237652160625
"GOA_TC","up","GO:0030964",20,1,1,0.413766968580591
"GOA_TC","up","GO:0030425",230,3,0.945213800260941,0.94547265644419
"GOA_TC","up","GO:0045177",194,9,1,0.0695912055446356
"GOA_TC","up","GO:0045178",118,4,1,0.376687710766391
"GOA_TC","up","GO:0005788",71,11,1.99990392654624e-06,1.99990392654624e-06
"GOA_TC","up","GO:0032279",148,3,1,0.75303977216071
"GOA_TC","up","GO:0000151",170,5,0.295885929098134,0.465050371949402
"GOA_TC","up","GO:0030141",181,7,0.113491452750793,0.199285312858073
"GOA_TC","up","GO:0005789",460,19,0.108818350422978,0.0328316307351335
"GOA_TC","up","GO:0045211",124,1,0.96445192056295,0.96445192056295
"GOA_TC","up","GO:0031672",38,1,1,0.63797084957097
"GOA_TC","up","GO:0044853",29,1,1,0.539237652160625
"GOA_TC","up","GO:0005634",2795,63,0.964620951695217,0.956066884986687
"GOA_TC","up","GO:0031674",76,1,1,0.86968870425092
"GOA_TC","up","GO:0012505",1724,59,1,0.0126601059859937
"GOA_TC","up","GO:0005635",205,4,0.898022209565527,0.794064599675849
"GOA_TC","up","GO:0012506",439,10,0.277146983438965,0.727709707101057
"GOA_TC","up","GO:0035097",37,1,1,0.628133100918007
"GOA_TC","up","GO:0005770",136,1,1,0.974347119184443
"GOA_TC","up","GO:0032991",2475,59,0.988561586407232,0.851213786618943
"GOA_TC","up","GO:1990229",13,1,0.293155333446781,0.293155333446781
"GOA_TC","up","GO:0045121",76,2,0.715165001311076,0.599014770778795
"GOA_TC","up","GO:0005829",1767,59,0.013812996058318,0.0209496236085782
"GOA_TC","up","GO:0005771",21,1,0.429237126278216,0.429237126278216
"GOA_TC","up","GO:0005773",342,4,1,0.982061908236552
"GOA_TC","up","GO:0005774",177,3,1,0.850508303395069
"GOA_TC","up","GO:0005776",56,1,1,0.776717474315391
"GOA_TC","up","GO:0005777",78,4,1,0.149036597932951
"GOA_TC","up","GO:0005778",35,2,0.234665905972444,0.234665905972444
"GOA_TC","up","GO:0140139",31,1,1,0.563268006057783
"GOA_TC","up","GO:0005811",50,1,0.737650459031484,0.737650459031484
"GOA_TC","up","GO:0070013",1826,58,1,0.0551779712425884
"GOA_TC","up","GO:0005813",318,5,0.976410673482476,0.927045388760655
"GOA_TC","up","GO:0030133",173,5,0.780856655265787,0.480404295671363
"GOA_TC","up","GO:0005814",110,4,0.328525804392042,0.328525804392042
"GOA_TC","up","GO:0009925",110,4,0.233761091184536,0.328525804392042
"GOA_TC","up","GO:0005815",414,6,1,0.965941649560369
"GOA_TC","up","GO:0030135",116,3,0.59733595023917,0.593446589007697
"GOA_TC","up","GO:0030136",64,1,1,0.819951454492607
"GOA_TC","up","GO:0030137",19,1,0.397879894558385,0.397879894558385
"GOA_TC","up","GO:1905368",83,3,0.397334849615392,0.373871477314992
"GOA_TC","up","GO:0065010",240,13,1,0.0104517344797204
"GOA_TC","up","GO:1990351",136,6,1,0.148318757371598
"GOA_TC","up","GO:0043209",23,1,0.458969935827862,0.458969935827862
"GOA_TC","up","GO:1905369",64,2,1,0.505589641178698
"GOA_TC","up","GO:0005819",185,2,0.958677402312976,0.958677402312976
"GOA_TC","up","GO:0030139",90,2,1,0.690573520515008
"GOA_TC","up","GO:0042995",1042,14,1,0.999212714023624
"GOA_TC","up","GO:0009897",45,2,0.332662966790122,0.332662966790122
"GOA_TC","up","GO:0099080",701,14,1,0.894690956408674
"GOA_TC","up","GO:0000228",90,1,1,0.910699507150212
"GOA_TC","up","GO:0005840",149,3,0.541716585354715,0.757103367717254
"GOA_TC","up","GO:0099081",332,5,1,0.942267754301054
"GOA_TC","up","GO:0030312",167,6,0.191377720507846,0.27636249988182
"GOA_TC","up","GO:0042175",470,19,1,0.0395865606314056
"GOA_TC","up","GO:0019005",31,1,0.563268006057783,0.563268006057783
"GOA_TC","up","GO:0001669",44,1,1,0.691792497470439
"GOA_TC","up","GO:0031902",79,1,0.879817638728904,0.879817638728904
"GOA_TC","up","GO:0031903",35,2,1,0.234665905972444
"GOA_TC","up","GO:0030054",871,17,1,0.931905624054944
"GOA_TC","up","GO:0034774",39,1,0.64754974815648,0.64754974815648
"GOA_TC","up","GO:0030055",107,4,1,0.310538686727475
"GOA_TC","up","GO:0031907",17,3,1,0.00928219017261335
"GOA_TC","up","GO:0055037",69,1,1,0.842631749603309
"GOA_TC","up","GO:0016528",47,4,1,0.0343456787439397
"GOA_TC","up","GO:0055038",31,1,0.563268006057783,0.563268006057783
"GOA_TC","up","GO:0016529",45,4,0.0428700057579348,0.0298652156768173
"GOA_TC","up","GO:0000502",42,2,1,0.303424002994446
"GOA_TC","up","GO:0005604",54,2,0.458625806757293,0.417807613411279
"GOA_TC","up","GO:0042734",49,1,0.730508457008748,0.730508457008748
"GOA_TC","up","GO:1990234",479,12,0.188688318307891,0.613973112554612
"GOA_TC","up","GO:0120025",1041,14,1,0.999198916349978
"GOA_TC","up","GO:0042470",44,7,0.000130692264088674,0.000130692264088674
"GOA_TC","up","GO:0005740",337,14,1,0.0599053243037779
"GOA_TC","up","GO:0005839",14,1,0.311789199876128,0.311789199876128
"GOA_TC","up","GO:0005741",100,3,0.492595802238081,0.492595802238081
"GOA_TC","up","GO:0005743",201,12,0.0138673032594736,0.00656616140431715
"GOA_TC","up","GO:0031514",190,3,1,0.882121814704261
"GOA_TC","up","GO:0016514",12,2,0.0382127217337696,0.0382127217337696
"GOA_TC","up","GO:0043020",12,2,0.0382127217337696,0.0382127217337696
"GOA_TC","up","GO:0031252",195,4,0.115625670213708,0.760708155802545
"GOA_TC","up","GO:0031253",130,2,0.925960415095282,0.861612200848036
"GOA_TC","up","GO:0090734",64,1,1,0.819951454492607
"GOA_TC","up","GO:0043025",181,4,0.707264542540502,0.707264542540502
"GOA_TC","up","GO:0031256",77,1,1,0.873155967108989
"GOA_TC","up","GO:0033017",15,1,0.329934497081679,0.329934497081679
"GOA_TC","up","GO:0030667",63,3,0.406578949492664,0.22996609764751
"GOA_TC","up","GO:0033290",14,1,0.311789199876128,0.311789199876128
"GOA_TC","up","GO:0005730",399,3,0.998657267972776,0.998657267972776
"GOA_TC","up","GO:0000421",23,1,0.458969935827862,0.458969935827862
"GOA_TC","up","GO:0009295",16,1,1,0.347603965368421
"GOA_TC","up","GO:0005737",4823,149,0.145130519543251,9.04097686867898e-05
"GOA_TC","up","GO:0098800",30,2,0.186157872988349,0.186157872988349
"GOA_TC","up","GO:0005739",737,29,0.255742407990624,0.016901326753462
"GOA_TC","up","GO:0034451",46,2,0.342337067764057,0.342337067764057
"GOA_TC","up","GO:0101031",16,1,0.347603965368421,0.347603965368421
"GOA_TC","up","GO:0098802",45,1,0.699954532258628,0.699954532258628
"GOA_TC","up","GO:0016282",15,1,0.329934497081679,0.329934497081679
"GOA_TC","up","GO:0045202",640,9,0.952110049497388,0.990034723895769
"GOA_TC","up","GO:0098803",40,6,0.000132453209857943,0.000556734816950258
"GOA_TC","up","GO:0061695",142,1,1,0.978212884819032
"GOA_TC","up","GO:1903561",240,13,1,0.0104517344797204
"GOA_TC","up","GO:0030659",427,9,0.7538528288948,0.800421765355629
"GOA_TC","up","GO:0043292",108,2,1,0.782383957626862
"GOA_TC","up","GO:1904813",17,1,0.364810014633429,0.364810014633429
"GOA_TC","up","GO:0043296",65,1,0.824733620375937,0.824733620375937
"GOA_TC","up","GO:0030027",94,1,0.919851256988221,0.919851256988221
"GOA_TC","up","GO:0016460",39,1,0.64754974815648,0.64754974815648
"GOA_TC","up","GO:0070161",301,9,0.380613635367517,0.39574902536113
"GOA_TC","up","GO:0005801",23,1,0.458969935827862,0.458969935827862
"GOA_TC","up","GO:0031461",98,2,1,0.734765555753349
"GOA_TC","up","GO:0005802",126,3,0.649559478424606,0.649559478424606
"GOA_TC","up","GO:0000323",289,3,1,0.983972818306318
"GOA_TC","up","GO:1990204",68,5,0.240222581448688,0.0327748595489477
"GOA_TC","up","GO:0000139",275,7,0.590788101838052,0.590788101838052
"GOA_TC","up","GO:0016469",24,3,0.0241567549111829,0.0241567549111829
"GOA_TC","up","GO:0045334",11,1,0.254369226951379,0.254369226951379
"GOA_TC","up","GO:0045335",45,1,0.699954532258628,0.699954532258628
"GOA_TC","up","GO:0030016",103,2,1,0.759586589949783
"GOA_TC","up","GO:0030017",93,1,1,0.917654732362441
"GOA_TC","up","GO:0030018",74,1,0.862468923195625,0.862468923195625
"GOA_TC","up","GO:0098982",27,1,0.513892819503415,0.513892819503415
"GOA_TC","up","GO:0099572",144,3,1,0.73624255751201
"GOA_TC","up","GO:1903293",25,1,1,0.487162028552122
"GOA_TC","up","GO:0098984",156,3,1,0.78406555781273
"GOA_TC","up","GO:0016604",314,7,0.55639294703726,0.727050159586605
"GOA_TC","up","GO:0043034",14,1,0.311789199876128,0.311789199876128
"GOA_TC","up","GO:0043197",58,1,0.788408152119649,0.788408152119649
"GOA_TC","up","GO:0016607",185,4,0.723353681237621,0.723353681237621
"GOA_TC","up","GO:0030867",24,2,0.130447720270125,0.130447720270125
"GOA_TC","up","GO:0005700",14,1,0.311789199876128,0.311789199876128
"GOA_TC","up","GO:0080008",21,1,0.429237126278216,0.429237126278216
"GOA_TC","up","GO:1905348",17,2,1,0.0723071771282816
"GOA_TC","up","GO:0097729",158,3,1,0.791303298879059
"GOA_TC","up","GO:0016459",61,3,0.112916661088713,0.21605564854736
"GOA_TC","up","GO:0016363",50,3,0.143734617151355,0.143734617151355
"GOA_TC","up","GO:0000974",10,1,0.234189774365489,0.234189774365489
"GOA_TC","up","GO:0005694",554,11,1,0.873398493794841
"GOA_TC","up","GO:0098590",481,12,1,0.619852547888497
"GOA_TC","up","GO:0015629",234,6,0.962024686304503,0.584730980516782
"GOA_TC","up","GO:0101002",22,1,1,0.444301249045066
"GOA_TC","up","GO:0010494",57,4,0.0623077145193688,0.0623077145193688
"GOA_TC","up","GO:0036464",138,5,0.882577668363576,0.297753545808251
"GOA_TC","up","GO:0110165",6816,179,1,0.860550924817691
"GOA_TC","up","GO:0098978",226,4,0.852008006986976,0.852008006986976
"GOA_TC","up","GO:0035861",46,1,0.707901587025175,0.707901587025175
"GOA_TC","up","GO:0014069",136,3,0.699986623137295,0.699986623137295
"GOA_TC","up","GO:0070993",16,1,1,0.347603965368421
"GOA_TC","up","GO:0070603",53,4,1,0.050013377810297
"GOA_TC","up","GO:0097225",55,2,0.426948219147311,0.426948219147311
"GOA_TC","up","GO:0031090",1461,48,1,0.0501443373585095
"GOA_TC","up","GO:0097228",34,1,0.596996273068339,0.596996273068339
"GOA_TC","up","GO:0097229",19,1,0.397879894558385,0.397879894558385
"GOA_TC","up","GO:0099512",332,5,1,0.942267754301054
"GOA_TC","up","GO:0044232",32,2,1,0.205417121153588
"GOA_TC","up","GO:0099513",210,4,1,0.809300344169519
"GOA_TC","up","GO:0044233",14,1,0.311789199876128,0.311789199876128
"GOA_TC","up","GO:0071339",20,1,0.413766968580591,0.413766968580591
"GOA_TC","up","GO:0034702",72,4,0.39509428273981,0.120794187591608
"GOA_TC","up","GO:0034703",53,3,0.162607228601601,0.162607228601601
"GOA_TC","up","GO:0140268",11,1,0.254369226951379,0.254369226951379
"GOA_TC","up","GO:0010008",226,4,0.850948121773427,0.852008006986976
"GOA_TC","up","GO:0034708",60,1,1,0.799489949608195
"GOA_TC","up","GO:0005921",12,1,0.274019818334798,0.274019818334798
"GOA_TC","up","GO:0008021",111,3,0.563322918409228,0.563322918409228
"GOA_TC","up","GO:0140513",657,8,0.999904772567748,0.997040416027643
"GOA_TC","up","GO:0005925",90,3,0.423813510391363,0.423813510391363
"GOA_TC","up","GO:0031965",120,3,0.616565170820946,0.616565170820946
"GOA_TC","up","GO:0043005",510,5,1,0.998089489167768
"GOA_TC","up","GO:0030496",86,2,0.666306495203173,0.666306495203173
"GOA_TC","up","GO:0031966",320,14,0.563104627022208,0.0420168677445124
"GOA_TC","up","GO:0009536",14,1,1,0.311789199876128
"GOA_TC","up","GO:0005927",16,1,0.347603965368421,0.347603965368421
"GOA_TC","up","GO:0031967",533,17,1,0.23661425263534
"GOA_TC","up","GO:0015630",681,9,1,0.995041563106786
"GOA_TC","up","GO:0031968",109,3,1,0.55090460860089
"GOA_TC","up","GO:0005929",477,7,0.950566199819233,0.972278264699556
"GOA_TC","up","GO:0044322",11,2,0.0323952485065929,0.0323952485065929
"GOA_TC","up","GO:0000792",36,1,0.618029547433516,0.618029547433516
"GOA_TC","up","GO:0000793",88,2,1,0.678625421600834
"GOA_TC","up","GO:0071944",1677,40,1,0.790244996665957
"GOA_TC","up","GO:0000794",23,1,0.458969935827862,0.458969935827862
"GOA_TC","up","GO:0001726",66,1,1,0.829389456906683
"GOA_TC","up","GO:0036126",145,3,1,0.740523884334643
"GOA_TC","up","GO:0031410",856,26,0.811780152825902,0.243776665945716
"GOA_TC","up","GO:1902911",61,1,1,0.804812440254195
"GOA_TC","up","GO:0005911",209,6,1,0.473354498949739
"GOA_TC","up","GO:0098791",186,3,1,0.873086546622428
"GOA_TC","up","GO:0070382",116,4,0.124798445065477,0.36464714358265
"GOA_TC","up","GO:0005912",87,5,0.078557019260358,0.078557019260358
"GOA_TC","up","GO:0098562",94,1,1,0.919851256988221
"GOA_TC","up","GO:0098793",263,6,0.923418496835244,0.697212850492133
"GOA_TC","up","GO:0022624",23,1,0.458969935827862,0.458969935827862
"GOA_TC","up","GO:0098794",321,4,1,0.972932688609919
"GOA_TC","up","GO:0022626",81,1,0.886131290449673,0.886131290449673
"GOA_TC","up","GO:0098796",443,17,0.230331810491437,0.0740211577364966
"GOA_TC","up","GO:0048786",39,3,0.0821648033391765,0.0821648033391765
"GOA_TC","up","GO:0036477",309,5,1,0.915482403432103
"GOA_TC","up","GO:0098797",150,3,1,0.761113307936849
"GOA_TC","up","GO:0098798",106,6,0.136913921721009,0.0601338100176174
"GOA_TC","up","GO:0140168",205,4,1,0.794064599675849
"GOA_TC","up","GO:0071013",75,1,0.866127205126287,0.866127205126287
"GOA_TC","up","GO:0016323",100,3,0.492595802238081,0.492595802238081
"GOA_TC","up","GO:0016324",146,6,0.186350919056911,0.186350919056911
"GOA_TC","up","GO:0005654",1292,32,0.624701342443376,0.679610102176937
"GOA_TC","up","GO:0098685",39,1,0.64754974815648,0.64754974815648
"GOA_TC","up","GO:0032587",33,1,0.586051693881903,0.586051693881903
"GOA_TC","up","GO:0098687",131,3,1,0.675487749635536
"GOA_TC","up","GO:0048770",44,7,1,0.000130692264088674
"GOA_TC","up","GO:0005790",12,4,0.000194502231090026,0.000194502231090026
"GOA_TC","up","GO:0005791",34,3,0.232608807486272,0.0590872940614256
"GOA_TC","up","GO:0031981",1489,36,1,0.746720522732039
"GOA_TC","up","GO:0031982",1029,35,0.316882975943146,0.0618220126206998
"GOA_TC","up","GO:0098552",143,3,1,0.731906081611121
"GOA_TC","up","GO:0005793",47,4,0.0189995445491656,0.0343456787439397
"GOA_TC","up","GO:0031983",40,1,1,0.656876570463425
"GOA_TC","up","GO:0005794",611,17,0.33097851474901,0.441905959543327
"GOA_TC","up","GO:0031984",614,22,1,0.0830767050870043
"GOA_TC","up","GO:0140534",64,9,3.91652722002817e-05,3.91652722002817e-05
"GOA_TC","up","GO:0098554",20,1,0.413766968580591,0.413766968580591
"GOA_TC","up","GO:0140535",504,12,0.99180184431693,0.68419522085083
"GOA_TC","up","GO:0005796",17,1,0.364810014633429,0.364810014633429
"GOA_TC","up","GO:0000307",22,1,0.444301249045066,0.444301249045066
"GOA_TC","up","GO:0005798",45,1,1,0.699954532258628
"GOA_TC","up","GO:0002080",10,1,0.234189774365489,0.234189774365489
"GOA_TC","up","GO:0005681",143,1,1,0.978798297676559
"GOA_TC","up","GO:0098862",62,3,1,0.222988849946999
"GOA_TC","up","GO:0120212",14,1,0.311789199876128,0.311789199876128
"GOA_TC","up","GO:0043226",5409,140,1,0.704033887568057
"GOA_TC","up","GO:0043227",4934,135,1,0.216728003145533
"GOA_TC","up","GO:0035770",336,8,1,0.665730454267299
"GOA_TC","up","GO:0043228",2325,44,1,0.998066898489481
"GOA_TC","up","GO:0031430",33,1,0.586051693881903,0.586051693881903
"GOA_TC","up","GO:0043229",5249,137,1,0.618583901459846
"GOA_TC","up","GO:1990752",10,1,0.234189774365489,0.234189774365489
"GOA_TC","up","GO:0002102",14,1,0.311789199876128,0.311789199876128
"GOA_TC","up","GO:1990904",438,8,0.760507951553658,0.89845294188795
"GOA_TC","up","GO:0031974",1826,58,1,0.0551779712425884
"GOA_TC","up","GO:1902554",57,1,1,0.782640960626847
"GOA_TC","up","GO:1902555",16,2,0.064892472780556,0.064892472780556
"GOA_TC","up","GO:0009507",13,1,0.293155333446781,0.293155333446781
"GOA_TC","up","GO:0000109",12,0,1,1
"GOA_TC","up","GO:0000118",36,0,1,1
"GOA_TC","up","GO:0000123",55,0,1,1
"GOA_TC","up","GO:0000124",13,0,1,1
"GOA_TC","up","GO:0000152",22,0,1,1
"GOA_TC","up","GO:0000153",12,0,1,1
"GOA_TC","up","GO:0000178",11,0,1,1
"GOA_TC","up","GO:0000242",10,0,1,1
"GOA_TC","up","GO:0000313",48,0,1,1
"GOA_TC","up","GO:0000314",19,0,1,1
"GOA_TC","up","GO:0000315",30,0,1,1
"GOA_TC","up","GO:0000407",25,0,1,1
"GOA_TC","up","GO:0000428",53,0,1,1
"GOA_TC","up","GO:0000786",16,0,1,1
"GOA_TC","up","GO:0000791",20,0,1,1
"GOA_TC","up","GO:0000922",84,0,1,1
"GOA_TC","up","GO:0000932",52,0,1,1
"GOA_TC","up","GO:0001534",10,0,1,1
"GOA_TC","up","GO:0001650",40,0,1,1
"GOA_TC","up","GO:0001725",23,0,1,1
"GOA_TC","up","GO:0001750",25,0,1,1
"GOA_TC","up","GO:0001891",10,0,1,1
"GOA_TC","up","GO:0001917",21,0,1,1
"GOA_TC","up","GO:0002116",12,0,1,1
"GOA_TC","up","GO:0002177",14,0,1,1
"GOA_TC","up","GO:0005581",18,0,1,1
"GOA_TC","up","GO:0005589",12,0,1,1
"GOA_TC","up","GO:0005614",19,0,1,1
"GOA_TC","up","GO:0005637",23,0,1,1
"GOA_TC","up","GO:0005643",45,0,1,1
"GOA_TC","up","GO:0005657",27,0,1,1
"GOA_TC","up","GO:0005665",10,0,1,1
"GOA_TC","up","GO:0005667",154,0,1,1
"GOA_TC","up","GO:0005669",15,0,1,1
"GOA_TC","up","GO:0005677",10,0,1,1
"GOA_TC","up","GO:0005680",10,0,1,1
"GOA_TC","up","GO:0005682",15,0,1,1
"GOA_TC","up","GO:0005684",92,0,1,1
"GOA_TC","up","GO:0005685",15,0,1,1
"GOA_TC","up","GO:0005686",19,0,1,1
"GOA_TC","up","GO:0005687",11,0,1,1
"GOA_TC","up","GO:0005689",35,0,1,1
"GOA_TC","up","GO:0005697",13,0,1,1
"GOA_TC","up","GO:0005721",13,0,1,1
"GOA_TC","up","GO:0005732",16,0,1,1
"GOA_TC","up","GO:0005758",35,0,1,1
"GOA_TC","up","GO:0005761",48,0,1,1
"GOA_TC","up","GO:0005762",30,0,1,1
"GOA_TC","up","GO:0005763",19,0,1,1
"GOA_TC","up","GO:0005766",27,0,1,1
"GOA_TC","up","GO:0005767",10,0,1,1
"GOA_TC","up","GO:0005775",25,0,1,1
"GOA_TC","up","GO:0005795",78,0,1,1
"GOA_TC","up","GO:0005838",14,0,1,1
"GOA_TC","up","GO:0005847",11,0,1,1
"GOA_TC","up","GO:0005849",16,0,1,1
"GOA_TC","up","GO:0005858",27,0,1,1
"GOA_TC","up","GO:0005868",20,0,1,1
"GOA_TC","up","GO:0005876",25,0,1,1
"GOA_TC","up","GO:0005879",45,0,1,1
"GOA_TC","up","GO:0005891",12,0,1,1
"GOA_TC","up","GO:0005892",15,0,1,1
"GOA_TC","up","GO:0005918",18,0,1,1
"GOA_TC","up","GO:0005923",39,0,1,1
"GOA_TC","up","GO:0005930",190,0,1,1
"GOA_TC","up","GO:0008023",26,0,1,1
"GOA_TC","up","GO:0008180",10,0,1,1
"GOA_TC","up","GO:0008305",10,0,1,1
"GOA_TC","up","GO:0009898",61,0,1,1
"GOA_TC","up","GO:0012507",25,0,1,1
"GOA_TC","up","GO:0014704",16,0,1,1
"GOA_TC","up","GO:0014731",20,0,1,1
"GOA_TC","up","GO:0015030",23,0,1,1
"GOA_TC","up","GO:0015934",70,0,1,1
"GOA_TC","up","GO:0015935",45,0,1,1
"GOA_TC","up","GO:0016234",23,0,1,1
"GOA_TC","up","GO:0016328",39,0,1,1
"GOA_TC","up","GO:0016471",11,0,1,1
"GOA_TC","up","GO:0016591",44,0,1,1
"GOA_TC","up","GO:0016592",18,0,1,1
"GOA_TC","up","GO:0016605",31,0,1,1
"GOA_TC","up","GO:0017053",23,0,1,1
"GOA_TC","up","GO:0017101",11,0,1,1
"GOA_TC","up","GO:0019897",18,0,1,1
"GOA_TC","up","GO:0019898",42,0,1,1
"GOA_TC","up","GO:0019908",11,0,1,1
"GOA_TC","up","GO:0022625",40,0,1,1
"GOA_TC","up","GO:0022627",23,0,1,1
"GOA_TC","up","GO:0030117",46,0,1,1
"GOA_TC","up","GO:0030118",19,0,1,1
"GOA_TC","up","GO:0030119",15,0,1,1
"GOA_TC","up","GO:0030120",37,0,1,1
"GOA_TC","up","GO:0030125",14,0,1,1
"GOA_TC","up","GO:0030127",14,0,1,1
"GOA_TC","up","GO:0030131",11,0,1,1
"GOA_TC","up","GO:0030134",35,0,1,1
"GOA_TC","up","GO:0030140",15,0,1,1
"GOA_TC","up","GO:0030286",51,0,1,1
"GOA_TC","up","GO:0030315",19,0,1,1
"GOA_TC","up","GO:0030426",59,0,1,1
"GOA_TC","up","GO:0030427",66,0,1,1
"GOA_TC","up","GO:0030532",61,0,1,1
"GOA_TC","up","GO:0030658",100,0,1,1
"GOA_TC","up","GO:0030660",26,0,1,1
"GOA_TC","up","GO:0030662",67,0,1,1
"GOA_TC","up","GO:0030663",14,0,1,1
"GOA_TC","up","GO:0030665",29,0,1,1
"GOA_TC","up","GO:0030666",35,0,1,1
"GOA_TC","up","GO:0030670",25,0,1,1
"GOA_TC","up","GO:0030672",54,0,1,1
"GOA_TC","up","GO:0030673",19,0,1,1
"GOA_TC","up","GO:0030684",76,0,1,1
"GOA_TC","up","GO:0030686",22,0,1,1
"GOA_TC","up","GO:0030687",18,0,1,1
"GOA_TC","up","GO:0030688",14,0,1,1
"GOA_TC","up","GO:0030863",35,0,1,1
"GOA_TC","up","GO:0030864",28,0,1,1
"GOA_TC","up","GO:0030880",64,0,1,1
"GOA_TC","up","GO:0030904",10,0,1,1
"GOA_TC","up","GO:0030990",21,0,1,1
"GOA_TC","up","GO:0030991",14,0,1,1
"GOA_TC","up","GO:0030992",15,0,1,1
"GOA_TC","up","GO:0031011",11,0,1,1
"GOA_TC","up","GO:0031045",19,0,1,1
"GOA_TC","up","GO:0031201",20,0,1,1
"GOA_TC","up","GO:0031248",65,0,1,1
"GOA_TC","up","GO:0031312",12,0,1,1
"GOA_TC","up","GO:0031379",11,0,1,1
"GOA_TC","up","GO:0031380",11,0,1,1
"GOA_TC","up","GO:0031414",10,0,1,1
"GOA_TC","up","GO:0031462",13,0,1,1
"GOA_TC","up","GO:0031463",25,0,1,1
"GOA_TC","up","GO:0031464",10,0,1,1
"GOA_TC","up","GO:0031466",13,0,1,1
"GOA_TC","up","GO:0031519",18,0,1,1
"GOA_TC","up","GO:0031526",16,0,1,1
"GOA_TC","up","GO:0031594",36,0,1,1
"GOA_TC","up","GO:0031901",87,0,1,1
"GOA_TC","up","GO:0031970",40,0,1,1
"GOA_TC","up","GO:0031985",59,0,1,1
"GOA_TC","up","GO:0032039",10,0,1,1
"GOA_TC","up","GO:0032040",45,0,1,1
"GOA_TC","up","GO:0032045",16,0,1,1
"GOA_TC","up","GO:0032391",28,0,1,1
"GOA_TC","up","GO:0032420",26,0,1,1
"GOA_TC","up","GO:0032421",31,0,1,1
"GOA_TC","up","GO:0032426",14,0,1,1
"GOA_TC","up","GO:0032432",26,0,1,1
"GOA_TC","up","GO:0032580",38,0,1,1
"GOA_TC","up","GO:0032588",41,0,1,1
"GOA_TC","up","GO:0032589",34,0,1,1
"GOA_TC","up","GO:0032806",11,0,1,1
"GOA_TC","up","GO:0032993",52,0,1,1
"GOA_TC","up","GO:0033176",16,0,1,1
"GOA_TC","up","GO:0034045",10,0,1,1
"GOA_TC","up","GO:0034399",15,0,1,1
"GOA_TC","up","GO:0034693",10,0,1,1
"GOA_TC","up","GO:0034704",20,0,1,1
"GOA_TC","up","GO:0034705",10,0,1,1
"GOA_TC","up","GO:0034709",10,0,1,1
"GOA_TC","up","GO:0034719",13,0,1,1
"GOA_TC","up","GO:0035102",10,0,1,1
"GOA_TC","up","GO:0035267",14,0,1,1
"GOA_TC","up","GO:0035578",14,0,1,1
"GOA_TC","up","GO:0035869",51,0,1,1
"GOA_TC","up","GO:0036156",11,0,1,1
"GOA_TC","up","GO:0036452",16,0,1,1
"GOA_TC","up","GO:0042383",53,0,1,1
"GOA_TC","up","GO:0042581",14,0,1,1
"GOA_TC","up","GO:0042582",27,0,1,1
"GOA_TC","up","GO:0042583",10,0,1,1
"GOA_TC","up","GO:0042584",10,0,1,1
"GOA_TC","up","GO:0042641",29,0,1,1
"GOA_TC","up","GO:0043186",25,0,1,1
"GOA_TC","up","GO:0043189",14,0,1,1
"GOA_TC","up","GO:0043195",17,0,1,1
"GOA_TC","up","GO:0043198",17,0,1,1
"GOA_TC","up","GO:0043202",15,0,1,1
"GOA_TC","up","GO:0043204",57,0,1,1
"GOA_TC","up","GO:0043596",17,0,1,1
"GOA_TC","up","GO:0043679",38,0,1,1
"GOA_TC","up","GO:0044217",13,0,1,1
"GOA_TC","up","GO:0044291",18,0,1,1
"GOA_TC","up","GO:0044304",32,0,1,1
"GOA_TC","up","GO:0044306",46,0,1,1
"GOA_TC","up","GO:0044391",114,0,1,1
"GOA_TC","up","GO:0044615",10,0,1,1
"GOA_TC","up","GO:0045111",14,0,1,1
"GOA_TC","up","GO:0045171",26,0,1,1
"GOA_TC","up","GO:0045179",11,0,1,1
"GOA_TC","up","GO:0045240",14,0,1,1
"GOA_TC","up","GO:0045495",27,0,1,1
"GOA_TC","up","GO:0046540",34,0,1,1
"GOA_TC","up","GO:0048475",46,0,1,1
"GOA_TC","up","GO:0051233",12,0,1,1
"GOA_TC","up","GO:0055029",45,0,1,1
"GOA_TC","up","GO:0060076",17,0,1,1
"GOA_TC","up","GO:0060170",25,0,1,1
"GOA_TC","up","GO:0060293",25,0,1,1
"GOA_TC","up","GO:0070160",59,0,1,1
"GOA_TC","up","GO:0070461",25,0,1,1
"GOA_TC","up","GO:0070820",13,0,1,1
"GOA_TC","up","GO:0070822",10,0,1,1
"GOA_TC","up","GO:0070847",10,0,1,1
"GOA_TC","up","GO:0070852",12,0,1,1
"GOA_TC","up","GO:0070971",11,0,1,1
"GOA_TC","up","GO:0071004",12,0,1,1
"GOA_TC","up","GO:0071005",48,0,1,1
"GOA_TC","up","GO:0071006",43,0,1,1
"GOA_TC","up","GO:0071007",31,0,1,1
"GOA_TC","up","GO:0071010",12,0,1,1
"GOA_TC","up","GO:0071011",67,0,1,1
"GOA_TC","up","GO:0071012",43,0,1,1
"GOA_TC","up","GO:0071014",21,0,1,1
"GOA_TC","up","GO:0071016",21,0,1,1
"GOA_TC","up","GO:0071018",17,0,1,1
"GOA_TC","up","GO:0071020",22,0,1,1
"GOA_TC","up","GO:0071782",14,0,1,1
"GOA_TC","up","GO:0072379",10,0,1,1
"GOA_TC","up","GO:0072562",10,0,1,1
"GOA_TC","up","GO:0072686",71,0,1,1
"GOA_TC","up","GO:0090443",11,0,1,1
"GOA_TC","up","GO:0090533",18,0,1,1
"GOA_TC","up","GO:0090543",17,0,1,1
"GOA_TC","up","GO:0090575",89,0,1,1
"GOA_TC","up","GO:0097014",191,0,1,1
"GOA_TC","up","GO:0097038",13,0,1,1
"GOA_TC","up","GO:0097346",16,0,1,1
"GOA_TC","up","GO:0097386",14,0,1,1
"GOA_TC","up","GO:0097431",15,0,1,1
"GOA_TC","up","GO:0097440",12,0,1,1
"GOA_TC","up","GO:0097449",10,0,1,1
"GOA_TC","up","GO:0097517",23,0,1,1
"GOA_TC","up","GO:0097525",59,0,1,1
"GOA_TC","up","GO:0097526",35,0,1,1
"GOA_TC","up","GO:0097542",20,0,1,1
"GOA_TC","up","GO:0097545",28,0,1,1
"GOA_TC","up","GO:0097546",23,0,1,1
"GOA_TC","up","GO:0097649",26,0,1,1
"GOA_TC","up","GO:0097730",73,0,1,1
"GOA_TC","up","GO:0097731",54,0,1,1
"GOA_TC","up","GO:0097733",45,0,1,1
"GOA_TC","up","GO:0098533",19,0,1,1
"GOA_TC","up","GO:0098636",15,0,1,1
"GOA_TC","up","GO:0098644",16,0,1,1
"GOA_TC","up","GO:0098647",12,0,1,1
"GOA_TC","up","GO:0098686",11,0,1,1
"GOA_TC","up","GO:0098839",32,0,1,1
"GOA_TC","up","GO:0099023",33,0,1,1
"GOA_TC","up","GO:0099091",13,0,1,1
"GOA_TC","up","GO:0099092",10,0,1,1
"GOA_TC","up","GO:0099501",54,0,1,1
"GOA_TC","up","GO:0099568",23,0,1,1
"GOA_TC","up","GO:0099634",36,0,1,1
"GOA_TC","up","GO:0099738",21,0,1,1
"GOA_TC","up","GO:0106139",10,0,1,1
"GOA_TC","up","GO:0120114",68,0,1,1
"GOA_TC","up","GO:0120293",12,0,1,1
"GOA_TC","up","GO:0140086",12,0,1,1
"GOA_TC","up","GO:0140149",14,0,1,1
"GOA_TC","up","GO:0140151",17,0,1,1
"GOA_TC","up","GO:0140158",12,0,1,1
"GOA_TC","up","GO:0140672",10,0,1,1
"GOA_TC","up","GO:0150034",93,0,1,1
"GOA_TC","up","GO:0160110",26,0,1,1
"GOA_TC","up","GO:0160111",17,0,1,1
"GOA_TC","up","GO:0170014",15,0,1,1
"GOA_TC","up","GO:1902493",74,0,1,1
"GOA_TC","up","GO:1902562",22,0,1,1
"GOA_TC","up","GO:1904115",22,0,1,1
"GOA_TC","up","GO:1905286",11,0,1,1
"GOA_TC","up","GO:1905354",13,0,1,1
"GOA_TC","up","GO:1905370",11,0,1,1
"GOA_TC","up","GO:1990716",10,0,1,1
"GOA_TC","down","GO:0097060",173,4,0.724928829174247,0.660143739186916
"GOA_TC","down","GO:0098588",862,20,1,0.734654181387529
"GOA_TC","down","GO:0097708",858,16,1,0.943609464941857
"GOA_TC","down","GO:0005938",174,9,0.0900032347997481,0.0362178788076772
"GOA_TC","down","GO:0070062",234,5,0.730371798688703,0.730371798688703
"GOA_TC","down","GO:0098852",149,3,1,0.746901098667595
"GOA_TC","down","GO:0060205",40,1,1,0.650622004478419
"GOA_TC","down","GO:0097447",230,2,1,0.984114881144874
"GOA_TC","down","GO:0098857",76,6,1,0.0134993935396485
"GOA_TC","down","GO:0030990",21,1,1,0.423806251549728
"GOA_TC","down","GO:0005868",20,1,0.408456117071146,0.408456117071146
"GOA_TC","down","GO:0005581",18,7,0.000302122166967676,1.72538440889666e-07
"GOA_TC","down","GO:0030992",15,1,0.325388613524808,0.325388613524808
"GOA_TC","down","GO:0099503",273,7,1,0.564927975215268
"GOA_TC","down","GO:0120114",68,2,1,0.529113264906596
"GOA_TC","down","GO:0099738",21,2,0.229903458475148,0.101453427499509
"GOA_TC","down","GO:0005589",12,4,0.000182270649034135,0.000182270649034135
"GOA_TC","down","GO:0005622",5993,129,1,0.999999977046721
"GOA_TC","down","GO:0090575",89,4,0.492504550948278,0.198347488788959
"GOA_TC","down","GO:0005856",1078,27,0.599727581466893,0.606334763995466
"GOA_TC","down","GO:0005761",48,2,1,0.353873319157072
"GOA_TC","down","GO:0005762",30,2,0.181400385635666,0.181400385635666
"GOA_TC","down","GO:0005764",288,7,0.617575562275039,0.622115800006551
"GOA_TC","down","GO:0005575",6841,177,1,1
"GOA_TC","down","GO:0005765",149,3,0.746901098667595,0.746901098667595
"GOA_TC","down","GO:0005766",27,1,1,0.507935148632986
"GOA_TC","down","GO:0019866",225,3,1,0.935165612950532
"GOA_TC","down","GO:0005576",654,37,1.19974779552905e-07,3.17913634038082e-06
"GOA_TC","down","GO:0019867",109,3,1,0.539430618319585
"GOA_TC","down","GO:0005768",438,11,0.167533196852554,0.586257125785251
"GOA_TC","down","GO:0043230",240,5,1,0.750513486293351
"GOA_TC","down","GO:0030120",37,1,1,0.621868665348637
"GOA_TC","down","GO:0005769",184,4,0.721669961402923,0.706992185232802
"GOA_TC","down","GO:0043231",4580,89,1,0.999998820355134
"GOA_TC","down","GO:0000781",49,1,0.724474366757397,0.724474366757397
"GOA_TC","down","GO:0043232",2325,48,1,0.980537136516911
"GOA_TC","down","GO:0071782",14,1,0.307432791659228,0.307432791659228
"GOA_TC","down","GO:0043233",1826,35,1,0.987827392783496
"GOA_TC","down","GO:0098644",16,6,0.00370223102441668,1.77994220654308e-06
"GOA_TC","down","GO:0005614",19,4,1,0.00123837184356087
"GOA_TC","down","GO:0005884",43,1,0.677200334997958,0.677200334997958
"GOA_TC","down","GO:0043235",104,1,1,0.935897221526121
"GOA_TC","down","GO:0005615",241,7,0.0129830130517216,0.432552242796275
"GOA_TC","down","GO:0000785",312,2,1,0.997761121275465
"GOA_TC","down","GO:0000786",16,1,0.342881466646125,0.342881466646125
"GOA_TC","down","GO:0005886",1507,38,0.719090163528946,0.602086134866299
"GOA_TC","down","GO:0098647",12,4,1,0.000182270649034135
"GOA_TC","down","GO:0030127",14,1,0.307432791659228,0.307432791659228
"GOA_TC","down","GO:0016020",2924,63,0.904868271079361,0.979280314357464
"GOA_TC","down","GO:0005901",18,4,0.000997639896762373,0.000997639896762373
"GOA_TC","down","GO:0005758",35,1,0.601404654416395,0.601404654416395
"GOA_TC","down","GO:0048471",294,8,0.493977706636571,0.493977706636571
"GOA_TC","down","GO:0005759",205,3,0.984173036957292,0.905162173387243
"GOA_TC","down","GO:0032153",60,3,0.00936456407001216,0.202353663129994
"GOA_TC","down","GO:1902494",965,12,0.998927718833492,0.999334020376474
"GOA_TC","down","GO:0032154",54,1,0.758561931127282,0.758561931127282
"GOA_TC","down","GO:0005874",160,3,0.788905847236508,0.788905847236508
"GOA_TC","down","GO:0071004",12,2,0.0370539934743133,0.0370539934743133
"GOA_TC","down","GO:0000775",85,2,1,0.650884849433194
"GOA_TC","down","GO:0048475",46,1,1,0.701767318513913
"GOA_TC","down","GO:1902495",126,2,0.842748934368218,0.842748934368218
"GOA_TC","down","GO:0005875",105,1,1,0.937581382397411
"GOA_TC","down","GO:0071005",48,1,0.717103139870465,0.717103139870465
"GOA_TC","down","GO:0000776",52,2,0.391193920044313,0.391193920044313
"GOA_TC","down","GO:0009986",174,3,0.833886264759323,0.833886264759323
"GOA_TC","down","GO:0071006",43,2,0.306190330417689,0.306190330417689
"GOA_TC","down","GO:0044297",205,6,0.466910144153975,0.438658365822058
"GOA_TC","down","GO:0098827",462,7,1,0.960079243856701
"GOA_TC","down","GO:0030117",46,1,1,0.701767318513913
"GOA_TC","down","GO:0045171",26,1,0.494814407642934,0.494814407642934
"GOA_TC","down","GO:0000779",56,2,1,0.427531183274884
"GOA_TC","down","GO:0031012",159,18,0.0547900000912743,1.15773705437663e-07
"GOA_TC","down","GO:0005783",743,18,0.38237499678721,0.65410105396195
"GOA_TC","down","GO:0030424",254,1,0.99887088812961,0.99887088812961
"GOA_TC","down","GO:0140144",29,6,7.97795544905948e-05,7.97795544905948e-05
"GOA_TC","down","GO:0030425",230,2,0.984114881144874,0.984114881144874
"GOA_TC","down","GO:0030427",66,2,0.513035083512078,0.513035083512078
"GOA_TC","down","GO:0045177",194,3,0.361141775957937,0.883791594076111
"GOA_TC","down","GO:0045178",118,3,1,0.593624566124862
"GOA_TC","down","GO:0005788",71,4,0.111177312389972,0.111177312389972
"GOA_TC","down","GO:0055029",45,1,1,0.693792218857917
"GOA_TC","down","GO:0045179",11,1,0.250664096551163,0.250664096551163
"GOA_TC","down","GO:0140149",14,2,0.0493991813346997,0.0493991813346997
"GOA_TC","down","GO:0032279",148,2,1,0.90065689819125
"GOA_TC","down","GO:0000151",170,2,0.938240121518587,0.938240121518587
"GOA_TC","down","GO:0030141",181,7,0.503815183946428,0.18826519635068
"GOA_TC","down","GO:0106139",10,1,0.230731356107754,0.230731356107754
"GOA_TC","down","GO:0005789",460,7,0.958817904679371,0.958817904679371
"GOA_TC","down","GO:0045211",124,3,0.627401183345856,0.627401183345856
"GOA_TC","down","GO:0044853",29,5,0.246266453070191,0.000785682620337778
"GOA_TC","down","GO:0005634",2795,48,0.996187956558104,0.999958738701954
"GOA_TC","down","GO:0031674",76,2,1,0.58976907771817
"GOA_TC","down","GO:0012505",1724,33,1,0.985392538741374
"GOA_TC","down","GO:0005635",205,1,1,0.995732533927268
"GOA_TC","down","GO:0012506",439,10,1,0.708152808312585
"GOA_TC","down","GO:0012507",25,1,1,0.481345835591842
"GOA_TC","down","GO:0005637",23,1,0.453328289179833,0.453328289179833
"GOA_TC","down","GO:0005770",136,3,1,0.689041589424884
"GOA_TC","down","GO:0032991",2475,59,0.56817947513698,0.809439850522197
"GOA_TC","down","GO:1990229",13,1,0.289001819493189,0.289001819493189
"GOA_TC","down","GO:0045121",76,6,0.700636963812025,0.0134993935396485
"GOA_TC","down","GO:0005829",1767,21,0.999998416612499,0.999998920012592
"GOA_TC","down","GO:0005771",21,1,0.423806251549728,0.423806251549728
"GOA_TC","down","GO:0032993",52,2,0.610535853725795,0.391193920044313
"GOA_TC","down","GO:0005773",342,9,0.123377503644876,0.528612348514792
"GOA_TC","down","GO:0005774",177,4,1,0.677736799202301
"GOA_TC","down","GO:0031045",19,1,0.39269941770645,0.39269941770645
"GOA_TC","down","GO:0005775",25,1,1,0.481345835591842
"GOA_TC","down","GO:0005776",56,1,1,0.77099168272282
"GOA_TC","down","GO:0140139",31,6,1,0.000118454796910583
"GOA_TC","down","GO:0070013",1826,35,1,0.987827392783496
"GOA_TC","down","GO:0005813",318,2,0.998067227578751,0.998067227578751
"GOA_TC","down","GO:0030133",173,2,1,0.942178575657877
"GOA_TC","down","GO:0043204",57,1,0.776965812738746,0.776965812738746
"GOA_TC","down","GO:0030134",35,1,1,0.601404654416395
"GOA_TC","down","GO:0009925",110,3,1,0.5456522159067
"GOA_TC","down","GO:0005815",414,3,0.927931997713701,0.998892791588855
"GOA_TC","down","GO:0030135",116,2,1,0.80746967882661
"GOA_TC","down","GO:0030136",64,1,1,0.814661914624674
"GOA_TC","down","GO:0065010",240,5,1,0.750513486293351
"GOA_TC","down","GO:1990351",136,2,1,0.872093181736374
"GOA_TC","down","GO:0005819",185,3,0.801821273271758,0.863242835312328
"GOA_TC","down","GO:0030139",90,2,1,0.681612756398879
"GOA_TC","down","GO:0042995",1042,16,1,0.994984371922092
"GOA_TC","down","GO:0099080",701,23,1,0.137546508405431
"GOA_TC","down","GO:0009898",61,1,0.79935191714318,0.79935191714318
"GOA_TC","down","GO:0005840",149,3,1,0.746901098667595
"GOA_TC","down","GO:0099081",332,12,1,0.150982882991717
"GOA_TC","down","GO:0030312",167,18,1,2.45837176718671e-07
"GOA_TC","down","GO:1905354",13,1,1,0.289001819493189
"GOA_TC","down","GO:0042175",470,7,1,0.964785729618378
"GOA_TC","down","GO:0000178",11,1,0.250664096551163,0.250664096551163
"GOA_TC","down","GO:0001669",44,2,1,0.315795767429476
"GOA_TC","down","GO:0031901",87,2,0.663448311237321,0.663448311237321
"GOA_TC","down","GO:0031902",79,2,0.610979795560519,0.610979795560519
"GOA_TC","down","GO:0030054",871,17,1,0.920472610398369
"GOA_TC","down","GO:0034774",39,1,1,0.641287679164106
"GOA_TC","down","GO:0030055",107,4,1,0.29989862972045
"GOA_TC","down","GO:0055037",69,2,1,0.537017274229279
"GOA_TC","down","GO:0001650",40,1,0.650622004478419,0.650622004478419
"GOA_TC","down","GO:0055038",31,2,0.190803715911916,0.190803715911916
"GOA_TC","down","GO:0005604",54,9,0.0190478018139745,8.27226718773054e-06
"GOA_TC","down","GO:1990234",479,4,1,0.998836347917557
"GOA_TC","down","GO:0120025",1041,16,0.506685225319198,0.994909744632434
"GOA_TC","down","GO:0140086",12,4,1,0.000182270649034135
"GOA_TC","down","GO:0042470",44,1,0.685605092383272,0.685605092383272
"GOA_TC","down","GO:0005740",337,5,1,0.941697785597664
"GOA_TC","down","GO:0005741",100,3,0.481380558225887,0.481380558225887
"GOA_TC","down","GO:0044391",114,2,1,0.799623613547205
"GOA_TC","down","GO:0005743",201,2,0.969076530649557,0.969076530649557
"GOA_TC","down","GO:0031514",190,3,0.573061659127766,0.875020842417459
"GOA_TC","down","GO:0031252",195,7,1,0.240472006658146
"GOA_TC","down","GO:0072562",10,1,0.230731356107754,0.230731356107754
"GOA_TC","down","GO:0030662",67,2,1,0.521118934417523
"GOA_TC","down","GO:0031253",130,3,1,0.659215557500225
"GOA_TC","down","GO:0042383",53,3,0.156998436263624,0.156998436263624
"GOA_TC","down","GO:0090734",64,2,1,0.496602555265228
"GOA_TC","down","GO:0043025",181,5,0.402278134803378,0.505576200889029
"GOA_TC","down","GO:0097525",59,2,1,0.454032238357164
"GOA_TC","down","GO:0030665",29,1,0.533168641854345,0.533168641854345
"GOA_TC","down","GO:0031256",77,3,1,0.321128261316906
"GOA_TC","down","GO:0097526",35,1,1,0.601404654416395
"GOA_TC","down","GO:0030666",35,2,1,0.228961492140312
"GOA_TC","down","GO:0030667",63,4,0.395579600747151,0.0795469939329299
"GOA_TC","down","GO:0005730",399,8,0.915891753885396,0.819114378272286
"GOA_TC","down","GO:0099568",23,2,1,0.118263469133326
"GOA_TC","down","GO:0000421",23,1,0.453328289179833,0.453328289179833
"GOA_TC","down","GO:0072686",71,1,0.846016669955106,0.846016669955106
"GOA_TC","down","GO:0005737",4823,98,0.986989636270929,0.999994543563387
"GOA_TC","down","GO:0000428",53,2,0.189432199997783,0.400378056663163
"GOA_TC","down","GO:0005739",737,9,0.995638987733236,0.997738450479066
"GOA_TC","down","GO:0045202",640,11,0.29591089260001,0.950387057147248
"GOA_TC","down","GO:0098803",40,1,0.650622004478419,0.650622004478419
"GOA_TC","down","GO:0061695",142,2,1,0.88720523423763
"GOA_TC","down","GO:0030658",100,1,1,0.928696589952022
"GOA_TC","down","GO:1903561",240,5,1,0.750513486293351
"GOA_TC","down","GO:0030659",427,10,1,0.674681331304369
"GOA_TC","down","GO:0043292",108,2,1,0.774375103789627
"GOA_TC","down","GO:0030027",94,4,0.225541286991307,0.225541286991307
"GOA_TC","down","GO:0016460",39,4,0.0175982659926277,0.0175982659926277
"GOA_TC","down","GO:0070161",301,6,0.380613635367517,0.798325925183773
"GOA_TC","down","GO:0005802",126,3,0.651083730699097,0.638225992529026
"GOA_TC","down","GO:0000323",289,7,1,0.625782252551235
"GOA_TC","down","GO:0030684",76,5,1,0.0463748676655958
"GOA_TC","down","GO:0015934",70,2,1,0.544830262215321
"GOA_TC","down","GO:0030686",22,1,0.438760253525637,0.438760253525637
"GOA_TC","down","GO:0030687",18,1,0.376525447940281,0.376525447940281
"GOA_TC","down","GO:0030688",14,2,0.0493991813346997,0.0493991813346997
"GOA_TC","down","GO:0000139",275,9,0.281950104299184,0.281950104299184
"GOA_TC","down","GO:0017053",23,1,0.453328289179833,0.453328289179833
"GOA_TC","down","GO:0045335",45,2,1,0.325371527498899
"GOA_TC","down","GO:0030016",103,2,1,0.751268563962116
"GOA_TC","down","GO:0030017",93,2,1,0.698973361010665
"GOA_TC","down","GO:0030018",74,2,0.575161263989333,0.575161263989333
"GOA_TC","down","GO:0030670",25,2,0.135706576931285,0.135706576931285
"GOA_TC","down","GO:0099572",144,2,1,0.891865481955124
"GOA_TC","down","GO:0000313",48,2,1,0.353873319157072
"GOA_TC","down","GO:0030863",35,1,1,0.601404654416395
"GOA_TC","down","GO:0098984",156,2,1,0.916284638464313
"GOA_TC","down","GO:0016604",314,6,0.944218896374049,0.829788971003087
"GOA_TC","down","GO:0030864",28,1,0.520716991704891,0.520716991704891
"GOA_TC","down","GO:0000315",30,2,1,0.181400385635666
"GOA_TC","down","GO:0044217",13,1,1,0.289001819493189
"GOA_TC","down","GO:0016607",185,4,0.711011724743208,0.711011724743208
"GOA_TC","down","GO:0005700",14,1,0.307432791659228,0.307432791659228
"GOA_TC","down","GO:0046540",34,1,0.590763421208507,0.590763421208507
"GOA_TC","down","GO:0097729",158,2,1,0.919816234224219
"GOA_TC","down","GO:0016459",61,5,0.433154270772172,0.0202785133245353
"GOA_TC","down","GO:0000974",10,1,0.230731356107754,0.230731356107754
"GOA_TC","down","GO:0005694",554,8,0.763351814905511,0.979232737980228
"GOA_TC","down","GO:0070847",10,1,0.230731356107754,0.230731356107754
"GOA_TC","down","GO:0005697",13,1,0.289001819493189,0.289001819493189
"GOA_TC","down","GO:0098590",481,15,1,0.26192182103288
"GOA_TC","down","GO:0015030",23,1,0.453328289179833,0.453328289179833
"GOA_TC","down","GO:0017101",11,1,0.250664096551163,0.250664096551163
"GOA_TC","down","GO:0015629",234,13,0.0377071990265461,0.00745904814965563
"GOA_TC","down","GO:0010494",57,2,0.43644040183094,0.43644040183094
"GOA_TC","down","GO:0036464",138,2,1,0.877325343332907
"GOA_TC","down","GO:0110165",6816,177,1,0.518654164408151
"GOA_TC","down","GO:0002116",12,1,0.270083196830877,0.270083196830877
"GOA_TC","down","GO:0098978",226,2,0.982569379160733,0.982569379160733
"GOA_TC","down","GO:0035861",46,2,0.334912734338097,0.334912734338097
"GOA_TC","down","GO:0014069",136,2,0.872093181736374,0.872093181736374
"GOA_TC","down","GO:0031090",1461,28,1,0.975411613674942
"GOA_TC","down","GO:0030880",64,2,1,0.496602555265228
"GOA_TC","down","GO:0036452",16,1,0.342881466646125,0.342881466646125
"GOA_TC","down","GO:0099512",332,12,0.0363570226929101,0.150982882991717
"GOA_TC","down","GO:0099513",210,4,1,0.798744985274147
"GOA_TC","down","GO:0010008",226,4,1,0.842763849692578
"GOA_TC","down","GO:0008021",111,1,0.946801259789209,0.946801259789209
"GOA_TC","down","GO:0008023",26,1,0.494814407642934,0.494814407642934
"GOA_TC","down","GO:0140513",657,14,0.999782521123494,0.815699763169584
"GOA_TC","down","GO:0005925",90,3,0.41319991351271,0.41319991351271
"GOA_TC","down","GO:0031965",120,1,1,0.958152985522138
"GOA_TC","down","GO:0043005",510,4,1,0.999415523457147
"GOA_TC","down","GO:0031966",320,5,1,0.922972812422499
"GOA_TC","down","GO:0005927",16,1,0.342881466646125,0.342881466646125
"GOA_TC","down","GO:0031967",533,6,1,0.995407968221899
"GOA_TC","down","GO:0035578",14,1,0.307432791659228,0.307432791659228
"GOA_TC","down","GO:0015630",681,10,1,0.986223496225221
"GOA_TC","down","GO:0071020",22,1,0.438760253525637,0.438760253525637
"GOA_TC","down","GO:0031968",109,3,1,0.539430618319585
"GOA_TC","down","GO:0005929",477,6,0.982722729278812,0.987064549792406
"GOA_TC","down","GO:0000791",20,1,0.408456117071146,0.408456117071146
"GOA_TC","down","GO:0000793",88,2,1,0.669593390604728
"GOA_TC","down","GO:0071944",1677,58,1,0.00744876138503128
"GOA_TC","down","GO:0001726",66,4,0.207746972281463,0.090814158558218
"GOA_TC","down","GO:0036126",145,2,0.894128355941048,0.894128355941048
"GOA_TC","down","GO:0005667",154,5,1,0.367982874213989
"GOA_TC","down","GO:0031410",856,16,1,0.942309913433826
"GOA_TC","down","GO:0005911",209,2,1,0.974224256279018
"GOA_TC","down","GO:0098791",186,3,1,0.86567318795535
"GOA_TC","down","GO:0005669",15,1,0.325388613524808,0.325388613524808
"GOA_TC","down","GO:0070382",116,1,1,0.953440379846958
"GOA_TC","down","GO:0005912",87,2,0.663448311237321,0.663448311237321
"GOA_TC","down","GO:0098562",94,2,0.581062773714036,0.70458446388136
"GOA_TC","down","GO:0098793",263,1,1,0.999116503833461
"GOA_TC","down","GO:0098794",321,6,0.765334707908266,0.845052545945057
"GOA_TC","down","GO:0022626",81,1,0.881875439657742,0.881875439657742
"GOA_TC","down","GO:0098796",443,7,0.991833575668516,0.946578817000068
"GOA_TC","down","GO:0036477",309,5,1,0.908207725944907
"GOA_TC","down","GO:0098797",150,3,0.750976614231492,0.750976614231492
"GOA_TC","down","GO:0071010",12,2,1,0.0370539934743133
"GOA_TC","down","GO:0098798",106,2,1,0.765364932257249
"GOA_TC","down","GO:0140168",205,5,1,0.617184147019946
"GOA_TC","down","GO:0032040",45,2,0.325371527498899,0.325371527498899
"GOA_TC","down","GO:0071011",67,2,0.393124561518497,0.521118934417523
"GOA_TC","down","GO:0071012",43,2,1,0.306190330417689
"GOA_TC","down","GO:0000932",52,1,0.745461553597587,0.745461553597587
"GOA_TC","down","GO:0071013",75,1,0.861502798255633,0.861502798255633
"GOA_TC","down","GO:0016323",100,3,0.481380558225887,0.481380558225887
"GOA_TC","down","GO:0016324",146,1,0.979119577813728,0.979119577813728
"GOA_TC","down","GO:0005654",1292,23,0.987453835317238,0.986377856660114
"GOA_TC","down","GO:0032587",33,2,0.20979209615406,0.20979209615406
"GOA_TC","down","GO:0098687",131,3,1,0.664324863142672
"GOA_TC","down","GO:0032588",41,1,0.659714771013828,0.659714771013828
"GOA_TC","down","GO:0048770",44,1,1,0.685605092383272
"GOA_TC","down","GO:0032589",34,1,0.590763421208507,0.590763421208507
"GOA_TC","down","GO:0031981",1489,27,1,0.989196143152676
"GOA_TC","down","GO:0140151",17,4,0.00192712841194845,0.000791811065558595
"GOA_TC","down","GO:0031982",1029,20,0.3382360513692,0.939914597451669
"GOA_TC","down","GO:0098552",143,3,0.725381453283122,0.721333414878858
"GOA_TC","down","GO:0031983",40,1,1,0.650622004478419
"GOA_TC","down","GO:0005794",611,15,0.939025399350806,0.624843839545127
"GOA_TC","down","GO:0031984",614,9,1,0.982102219260075
"GOA_TC","down","GO:0140535",504,5,1,0.997428007277006
"GOA_TC","down","GO:0030286",51,1,1,0.738648714490794
"GOA_TC","down","GO:0140158",12,4,1,0.000182270649034135
"GOA_TC","down","GO:0002080",10,2,0.0261324831266459,0.0261324831266459
"GOA_TC","down","GO:0005681",143,5,0.422251155760304,0.311300966809695
"GOA_TC","down","GO:0030532",61,2,1,0.471308708390139
"GOA_TC","down","GO:0005682",15,1,0.325388613524808,0.325388613524808
"GOA_TC","down","GO:0042582",27,1,1,0.507935148632986
"GOA_TC","down","GO:0005684",92,4,0.287660486428688,0.214544340211109
"GOA_TC","down","GO:0043226",5409,113,1,0.999999274798263
"GOA_TC","down","GO:0005686",19,1,0.39269941770645,0.39269941770645
"GOA_TC","down","GO:0043227",4934,92,1,0.999999997447521
"GOA_TC","down","GO:0035770",336,7,1,0.774187134366029
"GOA_TC","down","GO:0031970",40,1,1,0.650622004478419
"GOA_TC","down","GO:0043228",2325,48,1,0.980537136516911
"GOA_TC","down","GO:0016591",44,1,1,0.685605092383272
"GOA_TC","down","GO:0043229",5249,110,1,0.99999654570236
"GOA_TC","down","GO:0016592",18,1,0.376525447940281,0.376525447940281
"GOA_TC","down","GO:0002102",14,1,0.307432791659228,0.307432791659228
"GOA_TC","down","GO:1990904",438,17,0.234141488751588,0.0600960560186599
"GOA_TC","down","GO:0031974",1826,35,1,0.987827392783496
"GOA_TC","down","GO:0031594",36,1,0.611770710274211,0.611770710274211
"GOA_TC","down","GO:0000109",12,0,1,1
"GOA_TC","down","GO:0000118",36,0,1,1
"GOA_TC","down","GO:0000123",55,0,1,1
"GOA_TC","down","GO:0000124",13,0,1,1
"GOA_TC","down","GO:0000152",22,0,1,1
"GOA_TC","down","GO:0000153",12,0,1,1
"GOA_TC","down","GO:0000228",90,0,1,1
"GOA_TC","down","GO:0000242",10,0,1,1
"GOA_TC","down","GO:0000307",22,0,1,1
"GOA_TC","down","GO:0000314",19,0,1,1
"GOA_TC","down","GO:0000407",25,0,1,1
"GOA_TC","down","GO:0000502",42,0,1,1
"GOA_TC","down","GO:0000792",36,0,1,1
"GOA_TC","down","GO:0000794",23,0,1,1
"GOA_TC","down","GO:0000922",84,0,1,1
"GOA_TC","down","GO:0001534",10,0,1,1
"GOA_TC","down","GO:0001725",23,0,1,1
"GOA_TC","down","GO:0001750",25,0,1,1
"GOA_TC","down","GO:0001891",10,0,1,1
"GOA_TC","down","GO:0001917",21,0,1,1
"GOA_TC","down","GO:0002177",14,0,1,1
"GOA_TC","down","GO:0005643",45,0,1,1
"GOA_TC","down","GO:0005657",27,0,1,1
"GOA_TC","down","GO:0005665",10,0,1,1
"GOA_TC","down","GO:0005677",10,0,1,1
"GOA_TC","down","GO:0005680",10,0,1,1
"GOA_TC","down","GO:0005685",15,0,1,1
"GOA_TC","down","GO:0005687",11,0,1,1
"GOA_TC","down","GO:0005689",35,0,1,1
"GOA_TC","down","GO:0005721",13,0,1,1
"GOA_TC","down","GO:0005732",16,0,1,1
"GOA_TC","down","GO:0005763",19,0,1,1
"GOA_TC","down","GO:0005767",10,0,1,1
"GOA_TC","down","GO:0005777",78,0,1,1
"GOA_TC","down","GO:0005778",35,0,1,1
"GOA_TC","down","GO:0005782",17,0,1,1
"GOA_TC","down","GO:0005790",12,0,1,1
"GOA_TC","down","GO:0005791",34,0,1,1
"GOA_TC","down","GO:0005793",47,0,1,1
"GOA_TC","down","GO:0005795",78,0,1,1
"GOA_TC","down","GO:0005796",17,0,1,1
"GOA_TC","down","GO:0005798",45,0,1,1
"GOA_TC","down","GO:0005801",23,0,1,1
"GOA_TC","down","GO:0005811",50,0,1,1
"GOA_TC","down","GO:0005814",110,0,1,1
"GOA_TC","down","GO:0005838",14,0,1,1
"GOA_TC","down","GO:0005839",14,0,1,1
"GOA_TC","down","GO:0005847",11,0,1,1
"GOA_TC","down","GO:0005849",16,0,1,1
"GOA_TC","down","GO:0005852",13,0,1,1
"GOA_TC","down","GO:0005858",27,0,1,1
"GOA_TC","down","GO:0005871",28,0,1,1
"GOA_TC","down","GO:0005876",25,0,1,1
"GOA_TC","down","GO:0005879",45,0,1,1
"GOA_TC","down","GO:0005881",67,0,1,1
"GOA_TC","down","GO:0005891",12,0,1,1
"GOA_TC","down","GO:0005892",15,0,1,1
"GOA_TC","down","GO:0005902",34,0,1,1
"GOA_TC","down","GO:0005903",34,0,1,1
"GOA_TC","down","GO:0005905",30,0,1,1
"GOA_TC","down","GO:0005918",18,0,1,1
"GOA_TC","down","GO:0005921",12,0,1,1
"GOA_TC","down","GO:0005923",39,0,1,1
"GOA_TC","down","GO:0005930",190,0,1,1
"GOA_TC","down","GO:0008180",10,0,1,1
"GOA_TC","down","GO:0008287",25,0,1,1
"GOA_TC","down","GO:0008305",10,0,1,1
"GOA_TC","down","GO:0009295",16,0,1,1
"GOA_TC","down","GO:0009507",13,0,1,1
"GOA_TC","down","GO:0009536",14,0,1,1
"GOA_TC","down","GO:0009897",45,0,1,1
"GOA_TC","down","GO:0014704",16,0,1,1
"GOA_TC","down","GO:0014731",20,0,1,1
"GOA_TC","down","GO:0015935",45,0,1,1
"GOA_TC","down","GO:0016234",23,0,1,1
"GOA_TC","down","GO:0016282",15,0,1,1
"GOA_TC","down","GO:0016328",39,0,1,1
"GOA_TC","down","GO:0016363",50,0,1,1
"GOA_TC","down","GO:0016469",24,0,1,1
"GOA_TC","down","GO:0016471",11,0,1,1
"GOA_TC","down","GO:0016514",12,0,1,1
"GOA_TC","down","GO:0016528",47,0,1,1
"GOA_TC","down","GO:0016529",45,0,1,1
"GOA_TC","down","GO:0016605",31,0,1,1
"GOA_TC","down","GO:0019005",31,0,1,1
"GOA_TC","down","GO:0019897",18,0,1,1
"GOA_TC","down","GO:0019898",42,0,1,1
"GOA_TC","down","GO:0019908",11,0,1,1
"GOA_TC","down","GO:0022624",23,0,1,1
"GOA_TC","down","GO:0022625",40,0,1,1
"GOA_TC","down","GO:0022627",23,0,1,1
"GOA_TC","down","GO:0030118",19,0,1,1
"GOA_TC","down","GO:0030119",15,0,1,1
"GOA_TC","down","GO:0030125",14,0,1,1
"GOA_TC","down","GO:0030131",11,0,1,1
"GOA_TC","down","GO:0030137",19,0,1,1
"GOA_TC","down","GO:0030140",15,0,1,1
"GOA_TC","down","GO:0030175",40,0,1,1
"GOA_TC","down","GO:0030315",19,0,1,1
"GOA_TC","down","GO:0030426",59,0,1,1
"GOA_TC","down","GO:0030496",86,0,1,1
"GOA_TC","down","GO:0030660",26,0,1,1
"GOA_TC","down","GO:0030663",14,0,1,1
"GOA_TC","down","GO:0030672",54,0,1,1
"GOA_TC","down","GO:0030673",19,0,1,1
"GOA_TC","down","GO:0030867",24,0,1,1
"GOA_TC","down","GO:0030904",10,0,1,1
"GOA_TC","down","GO:0030964",20,0,1,1
"GOA_TC","down","GO:0030991",14,0,1,1
"GOA_TC","down","GO:0031010",12,0,1,1
"GOA_TC","down","GO:0031011",11,0,1,1
"GOA_TC","down","GO:0031201",20,0,1,1
"GOA_TC","down","GO:0031248",65,0,1,1
"GOA_TC","down","GO:0031312",12,0,1,1
"GOA_TC","down","GO:0031379",11,0,1,1
"GOA_TC","down","GO:0031380",11,0,1,1
"GOA_TC","down","GO:0031414",10,0,1,1
"GOA_TC","down","GO:0031430",33,0,1,1
"GOA_TC","down","GO:0031461",98,0,1,1
"GOA_TC","down","GO:0031462",13,0,1,1
"GOA_TC","down","GO:0031463",25,0,1,1
"GOA_TC","down","GO:0031464",10,0,1,1
"GOA_TC","down","GO:0031466",13,0,1,1
"GOA_TC","down","GO:0031519",18,0,1,1
"GOA_TC","down","GO:0031526",16,0,1,1
"GOA_TC","down","GO:0031672",38,0,1,1
"GOA_TC","down","GO:0031903",35,0,1,1
"GOA_TC","down","GO:0031907",17,0,1,1
"GOA_TC","down","GO:0031941",10,0,1,1
"GOA_TC","down","GO:0031985",59,0,1,1
"GOA_TC","down","GO:0032039",10,0,1,1
"GOA_TC","down","GO:0032045",16,0,1,1
"GOA_TC","down","GO:0032391",28,0,1,1
"GOA_TC","down","GO:0032420",26,0,1,1
"GOA_TC","down","GO:0032421",31,0,1,1
"GOA_TC","down","GO:0032426",14,0,1,1
"GOA_TC","down","GO:0032432",26,0,1,1
"GOA_TC","down","GO:0032580",38,0,1,1
"GOA_TC","down","GO:0032806",11,0,1,1
"GOA_TC","down","GO:0033017",15,0,1,1
"GOA_TC","down","GO:0033116",25,0,1,1
"GOA_TC","down","GO:0033176",16,0,1,1
"GOA_TC","down","GO:0033290",14,0,1,1
"GOA_TC","down","GO:0034045",10,0,1,1
"GOA_TC","down","GO:0034399",15,0,1,1
"GOA_TC","down","GO:0034451",46,0,1,1
"GOA_TC","down","GO:0034693",10,0,1,1
"GOA_TC","down","GO:0034702",72,0,1,1
"GOA_TC","down","GO:0034703",53,0,1,1
"GOA_TC","down","GO:0034704",20,0,1,1
"GOA_TC","down","GO:0034705",10,0,1,1
"GOA_TC","down","GO:0034708",60,0,1,1
"GOA_TC","down","GO:0034709",10,0,1,1
"GOA_TC","down","GO:0034719",13,0,1,1
"GOA_TC","down","GO:0035097",37,0,1,1
"GOA_TC","down","GO:0035102",10,0,1,1
"GOA_TC","down","GO:0035267",14,0,1,1
"GOA_TC","down","GO:0035869",51,0,1,1
"GOA_TC","down","GO:0036064",153,0,1,1
"GOA_TC","down","GO:0036156",11,0,1,1
"GOA_TC","down","GO:0042579",78,0,1,1
"GOA_TC","down","GO:0042581",14,0,1,1
"GOA_TC","down","GO:0042583",10,0,1,1
"GOA_TC","down","GO:0042584",10,0,1,1
"GOA_TC","down","GO:0042641",29,0,1,1
"GOA_TC","down","GO:0042645",16,0,1,1
"GOA_TC","down","GO:0042734",49,0,1,1
"GOA_TC","down","GO:0043020",12,0,1,1
"GOA_TC","down","GO:0043034",14,0,1,1
"GOA_TC","down","GO:0043186",25,0,1,1
"GOA_TC","down","GO:0043189",14,0,1,1
"GOA_TC","down","GO:0043195",17,0,1,1
"GOA_TC","down","GO:0043197",58,0,1,1
"GOA_TC","down","GO:0043198",17,0,1,1
"GOA_TC","down","GO:0043202",15,0,1,1
"GOA_TC","down","GO:0043209",23,0,1,1
"GOA_TC","down","GO:0043296",65,0,1,1
"GOA_TC","down","GO:0043596",17,0,1,1
"GOA_TC","down","GO:0043679",38,0,1,1
"GOA_TC","down","GO:0044232",32,0,1,1
"GOA_TC","down","GO:0044233",14,0,1,1
"GOA_TC","down","GO:0044291",18,0,1,1
"GOA_TC","down","GO:0044304",32,0,1,1
"GOA_TC","down","GO:0044306",46,0,1,1
"GOA_TC","down","GO:0044309",59,0,1,1
"GOA_TC","down","GO:0044322",11,0,1,1
"GOA_TC","down","GO:0044615",10,0,1,1
"GOA_TC","down","GO:0044665",20,0,1,1
"GOA_TC","down","GO:0045111",14,0,1,1
"GOA_TC","down","GO:0045240",14,0,1,1
"GOA_TC","down","GO:0045271",20,0,1,1
"GOA_TC","down","GO:0045334",11,0,1,1
"GOA_TC","down","GO:0045495",27,0,1,1
"GOA_TC","down","GO:0048786",39,0,1,1
"GOA_TC","down","GO:0051233",12,0,1,1
"GOA_TC","down","GO:0060076",17,0,1,1
"GOA_TC","down","GO:0060170",25,0,1,1
"GOA_TC","down","GO:0060293",25,0,1,1
"GOA_TC","down","GO:0070160",59,0,1,1
"GOA_TC","down","GO:0070461",25,0,1,1
"GOA_TC","down","GO:0070603",53,0,1,1
"GOA_TC","down","GO:0070820",13,0,1,1
"GOA_TC","down","GO:0070822",10,0,1,1
"GOA_TC","down","GO:0070852",12,0,1,1
"GOA_TC","down","GO:0070971",11,0,1,1
"GOA_TC","down","GO:0070993",16,0,1,1
"GOA_TC","down","GO:0071007",31,0,1,1
"GOA_TC","down","GO:0071014",21,0,1,1
"GOA_TC","down","GO:0071016",21,0,1,1
"GOA_TC","down","GO:0071018",17,0,1,1
"GOA_TC","down","GO:0071339",20,0,1,1
"GOA_TC","down","GO:0072379",10,0,1,1
"GOA_TC","down","GO:0080008",21,0,1,1
"GOA_TC","down","GO:0090443",11,0,1,1
"GOA_TC","down","GO:0090533",18,0,1,1
"GOA_TC","down","GO:0090543",17,0,1,1
"GOA_TC","down","GO:0097014",191,0,1,1
"GOA_TC","down","GO:0097038",13,0,1,1
"GOA_TC","down","GO:0097225",55,0,1,1
"GOA_TC","down","GO:0097228",34,0,1,1
"GOA_TC","down","GO:0097229",19,0,1,1
"GOA_TC","down","GO:0097346",16,0,1,1
"GOA_TC","down","GO:0097386",14,0,1,1
"GOA_TC","down","GO:0097431",15,0,1,1
"GOA_TC","down","GO:0097440",12,0,1,1
"GOA_TC","down","GO:0097449",10,0,1,1
"GOA_TC","down","GO:0097517",23,0,1,1
"GOA_TC","down","GO:0097542",20,0,1,1
"GOA_TC","down","GO:0097545",28,0,1,1
"GOA_TC","down","GO:0097546",23,0,1,1
"GOA_TC","down","GO:0097649",26,0,1,1
"GOA_TC","down","GO:0097730",73,0,1,1
"GOA_TC","down","GO:0097731",54,0,1,1
"GOA_TC","down","GO:0097733",45,0,1,1
"GOA_TC","down","GO:0098533",19,0,1,1
"GOA_TC","down","GO:0098554",20,0,1,1
"GOA_TC","down","GO:0098636",15,0,1,1
"GOA_TC","down","GO:0098685",39,0,1,1
"GOA_TC","down","GO:0098686",11,0,1,1
"GOA_TC","down","GO:0098800",30,0,1,1
"GOA_TC","down","GO:0098802",45,0,1,1
"GOA_TC","down","GO:0098839",32,0,1,1
"GOA_TC","down","GO:0098858",85,0,1,1
"GOA_TC","down","GO:0098862",62,0,1,1
"GOA_TC","down","GO:0098982",27,0,1,1
"GOA_TC","down","GO:0099023",33,0,1,1
"GOA_TC","down","GO:0099091",13,0,1,1
"GOA_TC","down","GO:0099092",10,0,1,1
"GOA_TC","down","GO:0099501",54,0,1,1
"GOA_TC","down","GO:0099634",36,0,1,1
"GOA_TC","down","GO:0101002",22,0,1,1
"GOA_TC","down","GO:0101031",16,0,1,1
"GOA_TC","down","GO:0120111",35,0,1,1
"GOA_TC","down","GO:0120212",14,0,1,1
"GOA_TC","down","GO:0120293",12,0,1,1
"GOA_TC","down","GO:0140268",11,0,1,1
"GOA_TC","down","GO:0140534",64,0,1,1
"GOA_TC","down","GO:0140672",10,0,1,1
"GOA_TC","down","GO:0150034",93,0,1,1
"GOA_TC","down","GO:0160110",26,0,1,1
"GOA_TC","down","GO:0160111",17,0,1,1
"GOA_TC","down","GO:0170014",15,0,1,1
"GOA_TC","down","GO:1902493",74,0,1,1
"GOA_TC","down","GO:1902554",57,0,1,1
"GOA_TC","down","GO:1902555",16,0,1,1
"GOA_TC","down","GO:1902562",22,0,1,1
"GOA_TC","down","GO:1902911",61,0,1,1
"GOA_TC","down","GO:1903293",25,0,1,1
"GOA_TC","down","GO:1904115",22,0,1,1
"GOA_TC","down","GO:1904813",17,0,1,1
"GOA_TC","down","GO:1904949",77,0,1,1
"GOA_TC","down","GO:1905286",11,0,1,1
"GOA_TC","down","GO:1905348",17,0,1,1
"GOA_TC","down","GO:1905368",83,0,1,1
"GOA_TC","down","GO:1905369",64,0,1,1
"GOA_TC","down","GO:1905370",11,0,1,1
"GOA_TC","down","GO:1990204",68,0,1,1
"GOA_TC","down","GO:1990716",10,0,1,1
"GOA_TC","down","GO:1990752",10,0,1,1
"GOW_TC","up","GO:1990904",441,8,0.606259457488076,0.0866390456432366
"GOW_TC","up","GO:0097014",190,1,1,0.867213362722564
"GOW_TC","up","GO:0043292",108,1,1,0.680371973899946
"GOW_TC","up","GO:0030120",37,1,1,0.32206255645575
"GOW_TC","up","GO:0046540",34,1,0.300300713297503,0.300300713297503
"GOW_TC","up","GO:0005694",544,6,0.696758421011535,0.505211804439481
"GOW_TC","up","GO:0005938",177,4,0.112457954726699,0.112457954726699
"GOW_TC","up","GO:0098862",64,2,1,0.143274648912432
"GOW_TC","up","GO:0030127",14,1,0.136555470260846,0.136555470260846
"GOW_TC","up","GO:0005783",741,11,0.571680130355527,0.144139623198611
"GOW_TC","up","GO:0097708",854,15,1,0.0277780326344724
"GOW_TC","up","GO:0030867",24,1,0.222667643259431,0.222667643259431
"GOW_TC","up","GO:0036477",305,3,1,0.6226478558599
"GOW_TC","up","GO:0045211",121,1,0.721722181702323,0.721722181702323
"GOW_TC","up","GO:0005788",70,1,0.521540357582321,0.521540357582321
"GOW_TC","up","GO:0140513",653,8,1,0.370560020554718
"GOW_TC","up","GO:0005789",459,9,0.0775526533199407,0.047683999333948
"GOW_TC","up","GO:0000792",36,1,0.314883800528585,0.314883800528585
"GOW_TC","up","GO:0098852",146,2,1,0.452177789238541
"GOW_TC","up","GO:0000974",10,1,0.0995354231865719,0.0995354231865719
"GOW_TC","up","GO:0005856",1070,6,1,0.975956089298791
"GOW_TC","up","GO:0016528",46,1,1,0.383422723035426
"GOW_TC","up","GO:1990234",472,1,1,0.994057652101181
"GOW_TC","up","GO:0030117",46,1,1,0.383422723035426
"GOW_TC","up","GO:0015934",70,1,1,0.521540357582321
"GOW_TC","up","GO:0016529",44,1,0.370278823734891,0.370278823734891
"GOW_TC","up","GO:0005770",132,1,1,0.752556062851779
"GOW_TC","up","GO:0098857",82,1,1,0.578666180455225
"GOW_TC","up","GO:0098858",85,5,1,0.00183412867155107
"GOW_TC","up","GO:0098562",94,2,1,0.256661402815714
"GOW_TC","up","GO:0005773",333,3,1,0.682038753063664
"GOW_TC","up","GO:0042995",1037,10,1,0.656378008906194
"GOW_TC","up","GO:0005774",173,2,1,0.542394968455037
"GOW_TC","up","GO:0120111",34,2,0.11702183893011,0.0485007612850066
"GOW_TC","up","GO:0071005",48,2,0.0889427540850951,0.0889427540850951
"GOW_TC","up","GO:0071944",1678,25,1,0.0293817288176998
"GOW_TC","up","GO:0071006",43,1,0.363603666446921,0.363603666446921
"GOW_TC","up","GO:0071007",31,2,0.0410077966182445,0.0410077966182445
"GOW_TC","up","GO:0120114",70,1,1,0.521540357582321
"GOW_TC","up","GO:0030141",181,4,0.191182860304233,0.119420761151406
"GOW_TC","up","GO:0005881",68,1,0.511303903392984,0.511303903392984
"GOW_TC","up","GO:0031901",89,3,0.0653147224907885,0.0653147224907885
"GOW_TC","up","GO:0031902",77,1,0.55573075275931,0.55573075275931
"GOW_TC","up","GO:1904949",78,1,1,0.560414214756947
"GOW_TC","up","GO:0005884",43,2,0.289776291784401,0.0735726160905167
"GOW_TC","up","GO:0030880",65,1,1,0.495543095232694
"GOW_TC","up","GO:0070603",53,1,0.427331458453809,0.427331458453809
"GOW_TC","up","GO:0005886",1504,22,0.453107100306175,0.0508557263722131
"GOW_TC","up","GO:0000323",281,3,1,0.566251575152864
"GOW_TC","up","GO:0032040",46,1,0.383422723035426,0.383422723035426
"GOW_TC","up","GO:0016020",2909,39,0.59143105785293,0.0248214888379031
"GOW_TC","up","GO:0065010",238,4,1,0.235649879983069
"GOW_TC","up","GO:0001917",21,1,0.197764002483324,0.197764002483324
"GOW_TC","up","GO:0098552",144,3,1,0.189323373182113
"GOW_TC","up","GO:0005902",35,4,1,0.000444557390441669
"GOW_TC","up","GO:0005903",36,1,1,0.314883800528585
"GOW_TC","up","GO:0016363",46,1,0.383422723035426,0.383422723035426
"GOW_TC","up","GO:0005871",28,1,0.254690348401442,0.254690348401442
"GOW_TC","up","GO:0140534",65,2,0.146873241181306,0.146873241181306
"GOW_TC","up","GO:0140535",500,5,0.983881056273754,0.604593204463815
"GOW_TC","up","GO:0030133",172,5,1,0.0330644982139409
"GOW_TC","up","GO:0030134",35,2,1,0.0511012329050825
"GOW_TC","up","GO:0005874",160,1,1,0.816653688071498
"GOW_TC","up","GO:0005667",153,1,0.802359966296574,0.802359966296574
"GOW_TC","up","GO:0030662",67,2,1,0.154126211237415
"GOW_TC","up","GO:0030135",113,3,1,0.11330678660005
"GOW_TC","up","GO:0005875",105,1,1,0.670000927951556
"GOW_TC","up","GO:0008021",111,2,0.443208288182878,0.322484884570122
"GOW_TC","up","GO:0036126",144,1,1,0.78235828496442
"GOW_TC","up","GO:0030137",19,1,0.180726261746882,0.180726261746882
"GOW_TC","up","GO:0008023",26,2,0.0296293893335543,0.0296293893335543
"GOW_TC","up","GO:0030139",87,1,0.600433388934314,0.600433388934314
"GOW_TC","up","GO:0030667",62,1,0.479281375532513,0.479281375532513
"GOW_TC","up","GO:0043186",24,1,0.222667643259431,0.222667643259431
"GOW_TC","up","GO:0099572",143,2,1,0.4415567039737
"GOW_TC","up","GO:0140047",10,1,0.0995354231865719,0.0995354231865719
"GOW_TC","up","GO:1904115",22,1,0.206151391059923,0.206151391059923
"GOW_TC","up","GO:0044391",113,1,1,0.696947498073025
"GOW_TC","up","GO:0098588",846,16,1,0.011954083966113
"GOW_TC","up","GO:0005654",1288,13,0.948413028251167,0.599605332258138
"GOW_TC","up","GO:0000428",55,1,1,0.439300355971132
"GOW_TC","up","GO:0001750",25,1,0.230798255712081,0.230798255712081
"GOW_TC","up","GO:0099080",700,14,1,0.0120221239207017
"GOW_TC","up","GO:0034702",72,1,1,0.531565351770415
"GOW_TC","up","GO:0099081",333,4,1,0.460087915934113
"GOW_TC","up","GO:0034703",53,1,1,0.427331458453809
"GOW_TC","up","GO:0034704",20,1,1,0.189289258275068
"GOW_TC","up","GO:0043005",506,6,0.52912614819755,0.433971412608732
"GOW_TC","up","GO:0098827",461,9,1,0.0487907327868513
"GOW_TC","up","GO:0005829",1750,25,0.0471364918083525,0.0469432926393241
"GOW_TC","up","GO:0005740",327,2,1,0.862079791623633
"GOW_TC","up","GO:0030054",867,14,1,0.0611118890308707
"GOW_TC","up","GO:0005741",96,1,0.636855949727569,0.636855949727569
"GOW_TC","up","GO:0030658",101,3,1,0.0878956144237985
"GOW_TC","up","GO:0030055",109,2,1,0.314783115884551
"GOW_TC","up","GO:0005575",6812,71,1,1
"GOW_TC","up","GO:0030659",423,9,1,0.0305860640056295
"GOW_TC","up","GO:0005743",198,2,0.83057104085852,0.616515396911713
"GOW_TC","up","GO:0032153",63,2,1,0.139695688879791
"GOW_TC","up","GO:0005576",663,10,0.251036638601441,0.148592950675996
"GOW_TC","up","GO:0032154",57,2,0.118679734096919,0.118679734096919
"GOW_TC","up","GO:0009986",177,2,0.747335935320107,0.554881216797228
"GOW_TC","up","GO:0005681",146,3,1,0.194626727642359
"GOW_TC","up","GO:0101031",16,1,0.154498654773129,0.154498654773129
"GOW_TC","up","GO:0045495",26,1,1,0.238845010367222
"GOW_TC","up","GO:0005811",50,2,0.0953374329319151,0.0953374329319151
"GOW_TC","up","GO:0005684",92,2,1,0.248905645616387
"GOW_TC","up","GO:0000932",52,1,0.42125290165163,0.42125290165163
"GOW_TC","up","GO:0005813",315,1,0.965929527998573,0.965929527998573
"GOW_TC","up","GO:0140168",204,5,1,0.0608726108325837
"GOW_TC","up","GO:0005814",106,1,0.6734942832692,0.6734942832692
"GOW_TC","up","GO:0005815",410,2,1,0.93336975164208
"GOW_TC","up","GO:0031526",17,1,0.163331879539331,0.163331879539331
"GOW_TC","up","GO:0030684",77,1,1,0.55573075275931
"GOW_TC","up","GO:0031528",10,4,2.170860538811e-06,2.170860538811e-06
"GOW_TC","up","GO:1990351",136,2,1,0.416359837028741
"GOW_TC","up","GO:0031672",37,1,0.32206255645575,0.32206255645575
"GOW_TC","up","GO:0005730",405,4,0.726272454006104,0.616573744046693
"GOW_TC","up","GO:0016459",64,2,0.143274648912432,0.143274648912432
"GOW_TC","up","GO:0099512",333,4,1,0.460087915934113
"GOW_TC","up","GO:0099513",210,3,1,0.375280943692014
"GOW_TC","up","GO:0010008",222,5,0.221886002371951,0.0810145991747474
"GOW_TC","up","GO:0014069",134,1,0.75778853444732,0.75778853444732
"GOW_TC","up","GO:0005840",148,2,0.172878590565982,0.459196537891619
"GOW_TC","up","GO:0005737",4773,54,0.974593335077617,0.164305142715052
"GOW_TC","up","GO:0045202",631,11,0.0179436971662901,0.060641758887949
"GOW_TC","up","GO:0005739",717,3,0.98287458015317,0.984112083142233
"GOW_TC","up","GO:0032420",26,2,0.116891730457282,0.0296293893335543
"GOW_TC","up","GO:0031514",189,1,1,0.86577443548711
"GOW_TC","up","GO:0032421",31,2,1,0.0410077966182445
"GOW_TC","up","GO:0000785",312,4,0.686876487723682,0.410547226660947
"GOW_TC","up","GO:0030672",55,1,0.439300355971132,0.439300355971132
"GOW_TC","up","GO:0032426",14,1,0.136555470260846,0.136555470260846
"GOW_TC","up","GO:0000118",35,1,0.307630109779633,0.307630109779633
"GOW_TC","up","GO:0036064",150,1,0.795902832902778,0.795902832902778
"GOW_TC","up","GO:1902494",952,8,1,0.794262332815756
"GOW_TC","up","GO:0048471",293,5,0.18934876495833,0.18934876495833
"GOW_TC","up","GO:1902495",126,2,0.432209986274928,0.3794506321081
"GOW_TC","up","GO:0009925",108,2,1,0.310925530708024
"GOW_TC","up","GO:0097447",227,2,1,0.690778707259357
"GOW_TC","up","GO:0005622",5942,66,1,0.0946971454955861
"GOW_TC","up","GO:0031965",117,1,0.709595198009823,0.709595198009823
"GOW_TC","up","GO:0016323",98,2,0.272186705298552,0.272186705298552
"GOW_TC","up","GO:0031966",312,2,1,0.843479293693494
"GOW_TC","up","GO:0070062",232,3,0.437422201422905,0.437422201422905
"GOW_TC","up","GO:0016324",145,5,0.0424615469391901,0.0172470630875763
"GOW_TC","up","GO:0031967",521,5,1,0.641748735591523
"GOW_TC","up","GO:0048475",46,1,1,0.383422723035426
"GOW_TC","up","GO:0031968",105,1,1,0.670000927951556
"GOW_TC","up","GO:0043226",5366,59,1,0.230335584552433
"GOW_TC","up","GO:0043227",4894,54,1,0.258017812911238
"GOW_TC","up","GO:0043228",2309,28,1,0.192510481980013
"GOW_TC","up","GO:0060205",40,1,1,0.343156808815465
"GOW_TC","up","GO:0009897",46,1,0.383422723035426,0.383422723035426
"GOW_TC","up","GO:0043229",5210,58,1,0.185419680426938
"GOW_TC","up","GO:0009898",62,2,0.136137156235226,0.136137156235226
"GOW_TC","up","GO:0001726",69,1,0.516448835608152,0.516448835608152
"GOW_TC","up","GO:0097225",54,1,0.433347062307897,0.433347062307897
"GOW_TC","up","GO:0031012",165,2,1,0.5167223246857
"GOW_TC","up","GO:0110165",6789,71,1,0.78554768828695
"GOW_TC","up","GO:0030027",93,1,0.625094427677435,0.625094427677435
"GOW_TC","up","GO:0101002",22,1,1,0.206151391059923
"GOW_TC","up","GO:0005615",240,3,1,0.459503441967855
"GOW_TC","up","GO:1904813",17,1,0.163331879539331,0.163331879539331
"GOW_TC","up","GO:0070993",16,2,1,0.0116961676815849
"GOW_TC","up","GO:0016591",45,1,0.376884941275497,0.376884941275497
"GOW_TC","up","GO:0120025",1036,10,1,0.655117494481129
"GOW_TC","up","GO:0016604",314,5,1,0.228526634912936
"GOW_TC","up","GO:0030014",10,1,0.0995354231865719,0.0995354231865719
"GOW_TC","up","GO:0032279",146,1,1,0.78696879482475
"GOW_TC","up","GO:0000139",275,6,0.0659842802522525,0.0659842802522525
"GOW_TC","up","GO:0044297",204,2,1,0.632906546636102
"GOW_TC","up","GO:0016607",184,4,0.124764646552983,0.124764646552983
"GOW_TC","up","GO:0031981",1483,15,1,0.599212970160703
"GOW_TC","up","GO:0030016",103,1,1,0.662903301769687
"GOW_TC","up","GO:0060293",24,1,1,0.222667643259431
"GOW_TC","up","GO:0031982",1026,18,1,0.0157873794719449
"GOW_TC","up","GO:0030017",93,1,1,0.625094427677435
"GOW_TC","up","GO:0031983",40,1,1,0.343156808815465
"GOW_TC","up","GO:0030532",63,1,1,0.484758564026912
"GOW_TC","up","GO:0031984",614,10,1,0.102811167364832
"GOW_TC","up","GO:0015629",238,3,1,0.454014696399087
"GOW_TC","up","GO:0031985",61,2,1,0.13259986025288
"GOW_TC","up","GO:0005643",46,1,0.383422723035426,0.383422723035426
"GOW_TC","up","GO:0042470",44,2,0.0765719030642127,0.0765719030642127
"GOW_TC","up","GO:0016282",15,1,0.145573499329907,0.145573499329907
"GOW_TC","up","GO:0097060",171,1,1,0.837081819932834
"GOW_TC","up","GO:0097729",157,1,1,0.810657109416792
"GOW_TC","up","GO:0098982",28,1,0.254690348401442,0.254690348401442
"GOW_TC","up","GO:0098984",154,1,1,0.804467256038719
"GOW_TC","up","GO:0017101",11,2,0.00554397221075068,0.00554397221075068
"GOW_TC","up","GO:0043230",238,4,1,0.235649879983069
"GOW_TC","up","GO:0031974",1809,17,1,0.733412439751352
"GOW_TC","up","GO:0043231",4546,51,1,0.21654440221533
"GOW_TC","up","GO:0035869",50,1,1,0.408904325442333
"GOW_TC","up","GO:0120293",12,1,0.118236971703037,0.118236971703037
"GOW_TC","up","GO:0043232",2309,28,1,0.192510481980013
"GOW_TC","up","GO:0043233",1809,17,1,0.733412439751352
"GOW_TC","up","GO:0098800",29,1,0.262490611559387,0.262490611559387
"GOW_TC","up","GO:0005802",124,1,0.730488451346089,0.730488451346089
"GOW_TC","up","GO:0005634",2785,31,0.404377771990445,0.358186016542661
"GOW_TC","up","GO:1905368",81,1,0.574174483580198,0.574174483580198
"GOW_TC","up","GO:0005791",34,1,1,0.300300713297503
"GOW_TC","up","GO:0005635",203,3,0.476701764597315,0.35521835170931
"GOW_TC","up","GO:0098791",186,2,1,0.582106586578092
"GOW_TC","up","GO:0005793",46,2,0.0826847620786907,0.0826847620786907
"GOW_TC","up","GO:0005794",612,9,0.675837238604196,0.184125954629151
"GOW_TC","up","GO:0098793",263,3,0.796348662067192,0.520860266363776
"GOW_TC","up","GO:0005795",80,2,1,0.202708252001444
"GOW_TC","up","GO:0033290",14,1,0.136555470260846,0.136555470260846
"GOW_TC","up","GO:0098794",315,4,0.288977397567502,0.417685281586817
"GOW_TC","up","GO:0098796",444,9,0.205396255225766,0.0399213854115356
"GOW_TC","up","GO:0005798",45,1,1,0.376884941275497
"GOW_TC","up","GO:1903561",238,4,0.0604483801792333,0.235649879983069
"GOW_TC","up","GO:0098797",150,3,0.417449718282383,0.205344700404924
"GOW_TC","up","GO:0098798",103,1,1,0.662903301769687
"GOW_TC","up","GO:0098978",223,3,0.412216044491434,0.412216044491434
"GOW_TC","up","GO:0099501",55,1,1,0.439300355971132
"GOW_TC","up","GO:0042175",469,9,1,0.053390162562105
"GOW_TC","up","GO:0140144",28,1,0.254690348401442,0.254690348401442
"GOW_TC","up","GO:0099503",273,6,1,0.0641493985474631
"GOW_TC","up","GO:0035770",335,10,1,0.00229363137500202
"GOW_TC","up","GO:0048770",44,2,1,0.0765719030642127
"GOW_TC","up","GO:0044322",11,1,0.108934568284154,0.108934568284154
"GOW_TC","up","GO:0071011",68,2,1,0.15777906754961
"GOW_TC","up","GO:0022625",40,1,0.343156808815465,0.343156808815465
"GOW_TC","up","GO:0071012",43,1,1,0.363603666446921
"GOW_TC","up","GO:0022626",81,1,1,0.574174483580198
"GOW_TC","up","GO:0071013",75,3,0.363299167434562,0.0429931307757532
"GOW_TC","up","GO:0032580",40,2,0.0648168113573805,0.0648168113573805
"GOW_TC","up","GO:0015630",673,3,1,0.976545829119239
"GOW_TC","up","GO:0005925",91,1,0.617045580654509,0.617045580654509
"GOW_TC","up","GO:0005927",17,1,0.163331879539331,0.163331879539331
"GOW_TC","up","GO:0005891",12,1,0.118236971703037,0.118236971703037
"GOW_TC","up","GO:0015030",23,1,0.214452311713051,0.214452311713051
"GOW_TC","up","GO:0005929",473,3,0.571891968555292,0.879713907904131
"GOW_TC","up","GO:0012505",1719,25,0.289477697154057,0.0386001691441065
"GOW_TC","up","GO:0097730",71,1,1,0.526579015934688
"GOW_TC","up","GO:0012506",435,9,1,0.0357076634693339
"GOW_TC","up","GO:0019866",221,2,1,0.676430627886234
"GOW_TC","up","GO:0097731",53,1,1,0.427331458453809
"GOW_TC","up","GO:0012507",25,2,0.107688577432421,0.0275329443958594
"GOW_TC","up","GO:0019867",105,1,1,0.670000927951556
"GOW_TC","up","GO:0097525",61,1,1,0.473746791350299
"GOW_TC","up","GO:0097733",44,1,1,0.370278823734891
"GOW_TC","up","GO:0097526",35,1,1,0.307630109779633
"GOW_TC","up","GO:0034774",39,1,0.336198308879013,0.336198308879013
"GOW_TC","up","GO:0070013",1809,17,1,0.733412439751352
"GOW_TC","up","GO:0032991",2460,30,0.754619293971361,0.168599861325601
"GOW_TC","up","GO:0005911",210,2,1,0.64875784737588
"GOW_TC","up","GO:0140139",30,1,1,0.270210376645527
"GOW_TC","up","GO:0031252",198,2,1,0.616515396911713
"GOW_TC","up","GO:0005912",88,2,0.233426257848404,0.233426257848404
"GOW_TC","up","GO:0031253",133,4,1,0.0494844160548991
"GOW_TC","up","GO:0036464",136,6,1,0.00280348458935031
"GOW_TC","up","GO:0032391",27,1,0.246808759890347,0.246808759890347
"GOW_TC","up","GO:0045177",194,5,1,0.0510848132120336
"GOW_TC","up","GO:0045178",116,2,1,0.341646450850021
"GOW_TC","up","GO:0055029",46,1,1,0.383422723035426
"GOW_TC","up","GO:0031941",10,1,0.0995354231865719,0.0995354231865719
"GOW_TC","up","GO:0031594",37,1,0.32206255645575,0.32206255645575
"GOW_TC","up","GO:0030312",173,2,1,0.542394968455037
"GOW_TC","up","GO:0010494",56,5,0.00026972884528156,0.00026972884528156
"GOW_TC","up","GO:0005604",53,1,1,0.427331458453809
"GOW_TC","up","GO:0098590",484,9,0.213104570709737,0.0627717266948081
"GOW_TC","up","GO:0043025",181,2,0.567130630618404,0.567130630618404
"GOW_TC","up","GO:0045121",82,1,0.578666180455225,0.578666180455225
"GOW_TC","up","GO:0031410",852,15,1,0.0272615129400515
"GOW_TC","up","GO:0005764",280,3,0.755475464511659,0.563796696224164
"GOW_TC","up","GO:0070382",116,3,0.0504501881543213,0.12005797195848
"GOW_TC","up","GO:0030424",251,1,1,0.931408642750187
"GOW_TC","up","GO:0043209",23,1,0.214452311713051,0.214452311713051
"GOW_TC","up","GO:0005765",146,2,0.452177789238541,0.452177789238541
"GOW_TC","up","GO:0030425",227,2,0.690778707259357,0.690778707259357
"GOW_TC","up","GO:0005768",438,5,1,0.484262899689708
"GOW_TC","up","GO:0005769",189,3,1,0.314959384274988
"GOW_TC","up","GO:0061695",137,1,1,0.765433343963532
"GOW_TC","up","GO:0030175",39,1,0.336198308879013,0.336198308879013
"GOW_TC","up","GO:0099091",13,1,0.127443615086726,0.127443615086726
"GOW_TC","up","GO:0070971",11,1,0.108934568284154,0.108934568284154
"GOW_TC","up","GO:0031090",1444,22,1,0.0338908416697461
"GOW_TC","up","GO:0070161",303,4,0.172014517293632,0.389051586505363
"GOW_TC","up","GO:0005930",189,1,0.86577443548711,0.86577443548711
"GOW_TC","up","GO:0000109",12,0,1,1
"GOW_TC","up","GO:0000123",56,0,1,1
"GOW_TC","up","GO:0000124",13,0,1,1
"GOW_TC","up","GO:0000151",168,0,1,1
"GOW_TC","up","GO:0000152",22,0,1,1
"GOW_TC","up","GO:0000153",12,0,1,1
"GOW_TC","up","GO:0000178",12,0,1,1
"GOW_TC","up","GO:0000228",86,0,1,1
"GOW_TC","up","GO:0000307",23,0,1,1
"GOW_TC","up","GO:0000313",47,0,1,1
"GOW_TC","up","GO:0000314",18,0,1,1
"GOW_TC","up","GO:0000315",30,0,1,1
"GOW_TC","up","GO:0000407",23,0,1,1
"GOW_TC","up","GO:0000421",22,0,1,1
"GOW_TC","up","GO:0000502",41,0,1,1
"GOW_TC","up","GO:0000775",81,0,1,1
"GOW_TC","up","GO:0000776",50,0,1,1
"GOW_TC","up","GO:0000779",54,0,1,1
"GOW_TC","up","GO:0000781",47,0,1,1
"GOW_TC","up","GO:0000786",16,0,1,1
"GOW_TC","up","GO:0000791",20,0,1,1
"GOW_TC","up","GO:0000793",84,0,1,1
"GOW_TC","up","GO:0000794",21,0,1,1
"GOW_TC","up","GO:0000922",81,0,1,1
"GOW_TC","up","GO:0001534",10,0,1,1
"GOW_TC","up","GO:0001650",43,0,1,1
"GOW_TC","up","GO:0001669",46,0,1,1
"GOW_TC","up","GO:0001725",23,0,1,1
"GOW_TC","up","GO:0002080",11,0,1,1
"GOW_TC","up","GO:0002102",14,0,1,1
"GOW_TC","up","GO:0002116",10,0,1,1
"GOW_TC","up","GO:0002177",14,0,1,1
"GOW_TC","up","GO:0005581",19,0,1,1
"GOW_TC","up","GO:0005589",13,0,1,1
"GOW_TC","up","GO:0005614",22,0,1,1
"GOW_TC","up","GO:0005637",22,0,1,1
"GOW_TC","up","GO:0005657",25,0,1,1
"GOW_TC","up","GO:0005665",10,0,1,1
"GOW_TC","up","GO:0005669",15,0,1,1
"GOW_TC","up","GO:0005677",10,0,1,1
"GOW_TC","up","GO:0005680",10,0,1,1
"GOW_TC","up","GO:0005682",16,0,1,1
"GOW_TC","up","GO:0005685",15,0,1,1
"GOW_TC","up","GO:0005686",19,0,1,1
"GOW_TC","up","GO:0005687",11,0,1,1
"GOW_TC","up","GO:0005689",36,0,1,1
"GOW_TC","up","GO:0005697",12,0,1,1
"GOW_TC","up","GO:0005700",11,0,1,1
"GOW_TC","up","GO:0005721",13,0,1,1
"GOW_TC","up","GO:0005732",16,0,1,1
"GOW_TC","up","GO:0005758",34,0,1,1
"GOW_TC","up","GO:0005759",199,0,1,1
"GOW_TC","up","GO:0005761",47,0,1,1
"GOW_TC","up","GO:0005762",30,0,1,1
"GOW_TC","up","GO:0005763",18,0,1,1
"GOW_TC","up","GO:0005766",27,0,1,1
"GOW_TC","up","GO:0005767",10,0,1,1
"GOW_TC","up","GO:0005771",20,0,1,1
"GOW_TC","up","GO:0005775",24,0,1,1
"GOW_TC","up","GO:0005776",55,0,1,1
"GOW_TC","up","GO:0005777",72,0,1,1
"GOW_TC","up","GO:0005778",33,0,1,1
"GOW_TC","up","GO:0005782",14,0,1,1
"GOW_TC","up","GO:0005790",12,0,1,1
"GOW_TC","up","GO:0005796",17,0,1,1
"GOW_TC","up","GO:0005801",23,0,1,1
"GOW_TC","up","GO:0005819",182,0,1,1
"GOW_TC","up","GO:0005838",14,0,1,1
"GOW_TC","up","GO:0005839",14,0,1,1
"GOW_TC","up","GO:0005847",11,0,1,1
"GOW_TC","up","GO:0005849",16,0,1,1
"GOW_TC","up","GO:0005852",13,0,1,1
"GOW_TC","up","GO:0005858",27,0,1,1
"GOW_TC","up","GO:0005868",20,0,1,1
"GOW_TC","up","GO:0005876",24,0,1,1
"GOW_TC","up","GO:0005879",45,0,1,1
"GOW_TC","up","GO:0005892",16,0,1,1
"GOW_TC","up","GO:0005901",21,0,1,1
"GOW_TC","up","GO:0005905",29,0,1,1
"GOW_TC","up","GO:0005918",18,0,1,1
"GOW_TC","up","GO:0005921",12,0,1,1
"GOW_TC","up","GO:0005923",40,0,1,1
"GOW_TC","up","GO:0008287",25,0,1,1
"GOW_TC","up","GO:0008305",10,0,1,1
"GOW_TC","up","GO:0009295",14,0,1,1
"GOW_TC","up","GO:0009507",13,0,1,1
"GOW_TC","up","GO:0009536",14,0,1,1
"GOW_TC","up","GO:0014704",14,0,1,1
"GOW_TC","up","GO:0014731",19,0,1,1
"GOW_TC","up","GO:0015935",44,0,1,1
"GOW_TC","up","GO:0016234",23,0,1,1
"GOW_TC","up","GO:0016328",38,0,1,1
"GOW_TC","up","GO:0016460",42,0,1,1
"GOW_TC","up","GO:0016469",24,0,1,1
"GOW_TC","up","GO:0016471",11,0,1,1
"GOW_TC","up","GO:0016514",12,0,1,1
"GOW_TC","up","GO:0016592",18,0,1,1
"GOW_TC","up","GO:0016605",32,0,1,1
"GOW_TC","up","GO:0017053",23,0,1,1
"GOW_TC","up","GO:0019005",32,0,1,1
"GOW_TC","up","GO:0019897",18,0,1,1
"GOW_TC","up","GO:0019898",41,0,1,1
"GOW_TC","up","GO:0019908",12,0,1,1
"GOW_TC","up","GO:0022624",22,0,1,1
"GOW_TC","up","GO:0022627",23,0,1,1
"GOW_TC","up","GO:0030018",74,0,1,1
"GOW_TC","up","GO:0030118",19,0,1,1
"GOW_TC","up","GO:0030119",15,0,1,1
"GOW_TC","up","GO:0030125",14,0,1,1
"GOW_TC","up","GO:0030131",11,0,1,1
"GOW_TC","up","GO:0030136",61,0,1,1
"GOW_TC","up","GO:0030140",15,0,1,1
"GOW_TC","up","GO:0030286",51,0,1,1
"GOW_TC","up","GO:0030315",17,0,1,1
"GOW_TC","up","GO:0030426",58,0,1,1
"GOW_TC","up","GO:0030427",65,0,1,1
"GOW_TC","up","GO:0030496",86,0,1,1
"GOW_TC","up","GO:0030660",26,0,1,1
"GOW_TC","up","GO:0030663",14,0,1,1
"GOW_TC","up","GO:0030665",29,0,1,1
"GOW_TC","up","GO:0030666",33,0,1,1
"GOW_TC","up","GO:0030670",23,0,1,1
"GOW_TC","up","GO:0030673",19,0,1,1
"GOW_TC","up","GO:0030686",22,0,1,1
"GOW_TC","up","GO:0030687",18,0,1,1
"GOW_TC","up","GO:0030688",14,0,1,1
"GOW_TC","up","GO:0030863",35,0,1,1
"GOW_TC","up","GO:0030864",28,0,1,1
"GOW_TC","up","GO:0030904",11,0,1,1
"GOW_TC","up","GO:0030964",20,0,1,1
"GOW_TC","up","GO:0030990",21,0,1,1
"GOW_TC","up","GO:0030991",14,0,1,1
"GOW_TC","up","GO:0030992",15,0,1,1
"GOW_TC","up","GO:0031010",12,0,1,1
"GOW_TC","up","GO:0031011",11,0,1,1
"GOW_TC","up","GO:0031045",19,0,1,1
"GOW_TC","up","GO:0031201",20,0,1,1
"GOW_TC","up","GO:0031248",66,0,1,1
"GOW_TC","up","GO:0031256",80,0,1,1
"GOW_TC","up","GO:0031312",12,0,1,1
"GOW_TC","up","GO:0031379",10,0,1,1
"GOW_TC","up","GO:0031380",10,0,1,1
"GOW_TC","up","GO:0031414",10,0,1,1
"GOW_TC","up","GO:0031430",32,0,1,1
"GOW_TC","up","GO:0031461",97,0,1,1
"GOW_TC","up","GO:0031462",13,0,1,1
"GOW_TC","up","GO:0031463",24,0,1,1
"GOW_TC","up","GO:0031466",13,0,1,1
"GOW_TC","up","GO:0031519",18,0,1,1
"GOW_TC","up","GO:0031674",76,0,1,1
"GOW_TC","up","GO:0031903",33,0,1,1
"GOW_TC","up","GO:0031907",14,0,1,1
"GOW_TC","up","GO:0031970",39,0,1,1
"GOW_TC","up","GO:0032039",10,0,1,1
"GOW_TC","up","GO:0032045",17,0,1,1
"GOW_TC","up","GO:0032432",26,0,1,1
"GOW_TC","up","GO:0032587",34,0,1,1
"GOW_TC","up","GO:0032588",40,0,1,1
"GOW_TC","up","GO:0032589",35,0,1,1
"GOW_TC","up","GO:0032806",12,0,1,1
"GOW_TC","up","GO:0032993",52,0,1,1
"GOW_TC","up","GO:0033017",15,0,1,1
"GOW_TC","up","GO:0033116",25,0,1,1
"GOW_TC","up","GO:0033176",16,0,1,1
"GOW_TC","up","GO:0034399",15,0,1,1
"GOW_TC","up","GO:0034451",44,0,1,1
"GOW_TC","up","GO:0034693",11,0,1,1
"GOW_TC","up","GO:0034705",10,0,1,1
"GOW_TC","up","GO:0034708",60,0,1,1
"GOW_TC","up","GO:0034709",11,0,1,1
"GOW_TC","up","GO:0034719",13,0,1,1
"GOW_TC","up","GO:0035097",37,0,1,1
"GOW_TC","up","GO:0035102",10,0,1,1
"GOW_TC","up","GO:0035267",14,0,1,1
"GOW_TC","up","GO:0035578",14,0,1,1
"GOW_TC","up","GO:0035861",46,0,1,1
"GOW_TC","up","GO:0036156",11,0,1,1
"GOW_TC","up","GO:0036452",16,0,1,1
"GOW_TC","up","GO:0042383",53,0,1,1
"GOW_TC","up","GO:0042579",72,0,1,1
"GOW_TC","up","GO:0042581",14,0,1,1
"GOW_TC","up","GO:0042582",27,0,1,1
"GOW_TC","up","GO:0042583",10,0,1,1
"GOW_TC","up","GO:0042584",10,0,1,1
"GOW_TC","up","GO:0042641",29,0,1,1
"GOW_TC","up","GO:0042645",14,0,1,1
"GOW_TC","up","GO:0042734",52,0,1,1
"GOW_TC","up","GO:0043020",11,0,1,1
"GOW_TC","up","GO:0043034",12,0,1,1
"GOW_TC","up","GO:0043189",14,0,1,1
"GOW_TC","up","GO:0043195",16,0,1,1
"GOW_TC","up","GO:0043197",56,0,1,1
"GOW_TC","up","GO:0043198",17,0,1,1
"GOW_TC","up","GO:0043202",14,0,1,1
"GOW_TC","up","GO:0043204",56,0,1,1
"GOW_TC","up","GO:0043235",104,0,1,1
"GOW_TC","up","GO:0043296",66,0,1,1
"GOW_TC","up","GO:0043596",16,0,1,1
"GOW_TC","up","GO:0043679",35,0,1,1
"GOW_TC","up","GO:0044217",13,0,1,1
"GOW_TC","up","GO:0044232",31,0,1,1
"GOW_TC","up","GO:0044233",14,0,1,1
"GOW_TC","up","GO:0044291",16,0,1,1
"GOW_TC","up","GO:0044304",31,0,1,1
"GOW_TC","up","GO:0044306",43,0,1,1
"GOW_TC","up","GO:0044309",57,0,1,1
"GOW_TC","up","GO:0044615",10,0,1,1
"GOW_TC","up","GO:0044665",20,0,1,1
"GOW_TC","up","GO:0044853",33,0,1,1
"GOW_TC","up","GO:0045111",14,0,1,1
"GOW_TC","up","GO:0045171",26,0,1,1
"GOW_TC","up","GO:0045179",11,0,1,1
"GOW_TC","up","GO:0045240",13,0,1,1
"GOW_TC","up","GO:0045271",20,0,1,1
"GOW_TC","up","GO:0045334",11,0,1,1
"GOW_TC","up","GO:0045335",43,0,1,1
"GOW_TC","up","GO:0048786",38,0,1,1
"GOW_TC","up","GO:0051233",12,0,1,1
"GOW_TC","up","GO:0055037",67,0,1,1
"GOW_TC","up","GO:0055038",29,0,1,1
"GOW_TC","up","GO:0060076",15,0,1,1
"GOW_TC","up","GO:0060170",25,0,1,1
"GOW_TC","up","GO:0070160",60,0,1,1
"GOW_TC","up","GO:0070461",26,0,1,1
"GOW_TC","up","GO:0070820",13,0,1,1
"GOW_TC","up","GO:0070822",10,0,1,1
"GOW_TC","up","GO:0070847",11,0,1,1
"GOW_TC","up","GO:0070852",12,0,1,1
"GOW_TC","up","GO:0071004",12,0,1,1
"GOW_TC","up","GO:0071010",12,0,1,1
"GOW_TC","up","GO:0071014",21,0,1,1
"GOW_TC","up","GO:0071016",22,0,1,1
"GOW_TC","up","GO:0071018",17,0,1,1
"GOW_TC","up","GO:0071020",22,0,1,1
"GOW_TC","up","GO:0071339",20,0,1,1
"GOW_TC","up","GO:0071782",15,0,1,1
"GOW_TC","up","GO:0072379",10,0,1,1
"GOW_TC","up","GO:0072562",10,0,1,1
"GOW_TC","up","GO:0072686",70,0,1,1
"GOW_TC","up","GO:0080008",20,0,1,1
"GOW_TC","up","GO:0090443",11,0,1,1
"GOW_TC","up","GO:0090533",18,0,1,1
"GOW_TC","up","GO:0090543",18,0,1,1
"GOW_TC","up","GO:0090575",89,0,1,1
"GOW_TC","up","GO:0090734",64,0,1,1
"GOW_TC","up","GO:0097038",12,0,1,1
"GOW_TC","up","GO:0097228",33,0,1,1
"GOW_TC","up","GO:0097229",19,0,1,1
"GOW_TC","up","GO:0097346",16,0,1,1
"GOW_TC","up","GO:0097386",12,0,1,1
"GOW_TC","up","GO:0097431",15,0,1,1
"GOW_TC","up","GO:0097440",11,0,1,1
"GOW_TC","up","GO:0097517",23,0,1,1
"GOW_TC","up","GO:0097542",21,0,1,1
"GOW_TC","up","GO:0097545",28,0,1,1
"GOW_TC","up","GO:0097546",23,0,1,1
"GOW_TC","up","GO:0097649",26,0,1,1
"GOW_TC","up","GO:0098533",19,0,1,1
"GOW_TC","up","GO:0098554",21,0,1,1
"GOW_TC","up","GO:0098636",15,0,1,1
"GOW_TC","up","GO:0098644",17,0,1,1
"GOW_TC","up","GO:0098647",13,0,1,1
"GOW_TC","up","GO:0098685",38,0,1,1
"GOW_TC","up","GO:0098686",10,0,1,1
"GOW_TC","up","GO:0098687",125,0,1,1
"GOW_TC","up","GO:0098802",47,0,1,1
"GOW_TC","up","GO:0098803",40,0,1,1
"GOW_TC","up","GO:0098839",32,0,1,1
"GOW_TC","up","GO:0099023",33,0,1,1
"GOW_TC","up","GO:0099092",10,0,1,1
"GOW_TC","up","GO:0099568",23,0,1,1
"GOW_TC","up","GO:0099634",37,0,1,1
"GOW_TC","up","GO:0099738",21,0,1,1
"GOW_TC","up","GO:0106139",10,0,1,1
"GOW_TC","up","GO:0120212",14,0,1,1
"GOW_TC","up","GO:0140086",13,0,1,1
"GOW_TC","up","GO:0140149",16,0,1,1
"GOW_TC","up","GO:0140151",19,0,1,1
"GOW_TC","up","GO:0140158",13,0,1,1
"GOW_TC","up","GO:0140268",10,0,1,1
"GOW_TC","up","GO:0140672",11,0,1,1
"GOW_TC","up","GO:0150034",90,0,1,1
"GOW_TC","up","GO:0160110",26,0,1,1
"GOW_TC","up","GO:0160111",17,0,1,1
"GOW_TC","up","GO:0170014",15,0,1,1
"GOW_TC","up","GO:1902493",74,0,1,1
"GOW_TC","up","GO:1902554",57,0,1,1
"GOW_TC","up","GO:1902555",16,0,1,1
"GOW_TC","up","GO:1902562",22,0,1,1
"GOW_TC","up","GO:1902911",61,0,1,1
"GOW_TC","up","GO:1903293",25,0,1,1
"GOW_TC","up","GO:1905286",11,0,1,1
"GOW_TC","up","GO:1905348",17,0,1,1
"GOW_TC","up","GO:1905354",14,0,1,1
"GOW_TC","up","GO:1905369",61,0,1,1
"GOW_TC","up","GO:1905370",11,0,1,1
"GOW_TC","up","GO:1990204",63,0,1,1
"GOW_TC","up","GO:1990229",13,0,1,1
"GOW_TC","up","GO:1990716",10,0,1,1
"GOW_TC","up","GO:1990752",10,0,1,1
"GOW_TC","down","GO:0140086",13,1,1,0.137495109165838
"GOW_TC","down","GO:1990904",441,6,0.696953859978059,0.381145957234388
"GOW_TC","down","GO:0043292",108,3,1,0.122673549712502
"GOW_TC","down","GO:0005759",199,2,0.663369001569422,0.663369001569422
"GOW_TC","down","GO:0046540",34,1,0.321217863024066,0.321217863024066
"GOW_TC","down","GO:0005694",544,7,1,0.418629549393886
"GOW_TC","down","GO:0005938",177,1,0.869806387522869,0.869806387522869
"GOW_TC","down","GO:0043296",66,1,1,0.529475994388531
"GOW_TC","down","GO:0090734",64,1,1,0.518550438984662
"GOW_TC","down","GO:0005783",741,10,0.710615511169614,0.325499413381255
"GOW_TC","down","GO:0097708",854,6,1,0.932970499775232
"GOW_TC","down","GO:0044853",33,3,0.00758677486242153,0.0059382959215888
"GOW_TC","down","GO:0036477",305,4,1,0.454744858432588
"GOW_TC","down","GO:0045211",121,2,1,0.398821639693023
"GOW_TC","down","GO:0005788",70,1,0.550598159805441,0.550598159805441
"GOW_TC","down","GO:0140513",653,8,1,0.46093790103314
"GOW_TC","down","GO:0000791",20,1,0.203619789384163,0.203619789384163
"GOW_TC","down","GO:0055037",67,2,1,0.175013646846656
"GOW_TC","down","GO:0005789",459,6,0.54836991718683,0.418272949923463
"GOW_TC","down","GO:0055038",29,2,0.0420599913001631,0.0420599913001631
"GOW_TC","down","GO:0000793",84,1,1,0.617416080936141
"GOW_TC","down","GO:0098852",146,1,1,0.813205254641107
"GOW_TC","down","GO:0005856",1070,7,1,0.968673166795269
"GOW_TC","down","GO:1990234",472,2,1,0.973856223083832
"GOW_TC","down","GO:0005770",132,1,0.78025143203909,0.78025143203909
"GOW_TC","down","GO:0098857",82,4,1,0.0135766589676787
"GOW_TC","down","GO:0098562",94,2,1,0.287486174087266
"GOW_TC","down","GO:0005773",333,2,1,0.896802695302717
"GOW_TC","down","GO:0005774",173,1,1,0.863585650892305
"GOW_TC","down","GO:0042995",1037,11,1,0.639809848604241
"GOW_TC","down","GO:0005775",24,1,1,0.239131827192474
"GOW_TC","down","GO:0120111",34,1,0.321217863024066,0.321217863024066
"GOW_TC","down","GO:0071005",48,1,0.421642910962669,0.421642910962669
"GOW_TC","down","GO:0071944",1678,23,1,0.172916180469013
"GOW_TC","down","GO:0005777",72,1,0.560805479363305,0.560805479363305
"GOW_TC","down","GO:0120114",70,2,1,0.187220434235583
"GOW_TC","down","GO:0030141",181,2,0.743194880103094,0.611564730585222
"GOW_TC","down","GO:0031901",89,1,0.63881969503377,0.63881969503377
"GOW_TC","down","GO:0072686",70,1,0.550598159805441,0.550598159805441
"GOW_TC","down","GO:0042579",72,1,1,0.560805479363305
"GOW_TC","down","GO:0030880",65,1,1,0.524044158041892
"GOW_TC","down","GO:0005886",1504,21,0.705507016837134,0.166181105745351
"GOW_TC","down","GO:0000323",281,2,1,0.833318765266915
"GOW_TC","down","GO:0032040",46,1,0.408249822070813,0.408249822070813
"GOW_TC","down","GO:0016020",2909,31,0.636254609156482,0.708033771631064
"GOW_TC","down","GO:0065010",238,2,1,0.756764897138361
"GOW_TC","down","GO:0044304",31,1,0.297555804070336,0.297555804070336
"GOW_TC","down","GO:0098552",144,2,1,0.487234216687546
"GOW_TC","down","GO:0005901",21,1,0.212648245835491,0.212648245835491
"GOW_TC","down","GO:0032045",17,1,0.175916834193571,0.175916834193571
"GOW_TC","down","GO:0098554",21,1,0.212648245835491,0.212648245835491
"GOW_TC","down","GO:0042734",52,1,0.44753785823719,0.44753785823719
"GOW_TC","down","GO:0140535",500,2,1,0.980430983157955
"GOW_TC","down","GO:0030133",172,2,1,0.583516514615072
"GOW_TC","down","GO:0005874",160,3,0.270713479460408,0.270713479460408
"GOW_TC","down","GO:0005667",153,5,1,0.0290012899687428
"GOW_TC","down","GO:0008021",111,2,0.358278311117195,0.358278311117195
"GOW_TC","down","GO:1902554",57,1,1,0.478302274587382
"GOW_TC","down","GO:0005581",19,1,1,0.194489164575137
"GOW_TC","down","GO:1903293",25,1,1,0.247762771403756
"GOW_TC","down","GO:0030666",33,1,1,0.313419261927804
"GOW_TC","down","GO:0030139",87,1,1,0.63040391328975
"GOW_TC","down","GO:0030667",62,1,0.507374562528357,0.507374562528357
"GOW_TC","down","GO:0071782",15,1,0.156921976830211,0.156921976830211
"GOW_TC","down","GO:0099572",143,5,1,0.0224442702546453
"GOW_TC","down","GO:0005589",13,1,0.137495109165838,0.137495109165838
"GOW_TC","down","GO:0098588",846,3,1,0.997498542681328
"GOW_TC","down","GO:0005654",1288,20,0.255653704912459,0.0778176106585799
"GOW_TC","down","GO:0009536",14,1,1,0.147263145140868
"GOW_TC","down","GO:0000428",55,1,1,0.466204882475911
"GOW_TC","down","GO:0099080",700,13,1,0.0487048500521754
"GOW_TC","down","GO:0034702",72,1,1,0.560805479363305
"GOW_TC","down","GO:0099081",333,8,1,0.0335217603719465
"GOW_TC","down","GO:0034703",53,1,1,0.453830696242476
"GOW_TC","down","GO:0034704",20,1,1,0.203619789384163
"GOW_TC","down","GO:0043005",506,7,0.733822236653359,0.346581670740852
"GOW_TC","down","GO:0098827",461,6,1,0.422392165958602
"GOW_TC","down","GO:0005829",1750,15,0.927263260104405,0.920515732636968
"GOW_TC","down","GO:0005740",327,1,1,0.977846514005493
"GOW_TC","down","GO:0030054",867,10,1,0.524338458628048
"GOW_TC","down","GO:0000178",12,1,0.127616650651153,0.127616650651153
"GOW_TC","down","GO:0030055",109,3,1,0.12517114303223
"GOW_TC","down","GO:0005575",6812,77,1,1
"GOW_TC","down","GO:0030659",423,3,1,0.865581713275517
"GOW_TC","down","GO:0005576",663,7,0.700537387345131,0.632747795136156
"GOW_TC","down","GO:0032153",63,1,1,0.512994141592849
"GOW_TC","down","GO:0032154",57,1,0.478302274587382,0.478302274587382
"GOW_TC","down","GO:0009986",177,2,0.599276010262492,0.599276010262492
"GOW_TC","down","GO:0005681",146,1,1,0.813205254641107
"GOW_TC","down","GO:0005684",92,1,1,0.651089939929536
"GOW_TC","down","GO:0005685",15,1,0.156921976830211,0.156921976830211
"GOW_TC","down","GO:0005813",315,1,0.974435981903931,0.974435981903931
"GOW_TC","down","GO:0140168",204,4,1,0.198826652752746
"GOW_TC","down","GO:0098685",38,1,0.35154745452302,0.35154745452302
"GOW_TC","down","GO:0005815",410,1,1,0.991831930653778
"GOW_TC","down","GO:0030684",77,2,1,0.21612508527083
"GOW_TC","down","GO:0098687",125,2,1,0.414721078999326
"GOW_TC","down","GO:0005689",36,1,1,0.3365537017168
"GOW_TC","down","GO:1990351",136,2,1,0.457348123948075
"GOW_TC","down","GO:0031672",37,1,0.344092864197292,0.344092864197292
"GOW_TC","down","GO:0030686",22,1,0.221575662279412,0.221575662279412
"GOW_TC","down","GO:0005819",182,1,1,0.877189806864061
"GOW_TC","down","GO:0005730",405,4,0.776200209203771,0.680091675901842
"GOW_TC","down","GO:0031674",76,3,1,0.054268091049915
"GOW_TC","down","GO:0030688",14,1,0.147263145140868,0.147263145140868
"GOW_TC","down","GO:0140151",19,1,1,0.194489164575137
"GOW_TC","down","GO:0099512",333,8,0.122101046100965,0.0335217603719465
"GOW_TC","down","GO:0099513",210,3,1,0.425466216804544
"GOW_TC","down","GO:0010008",222,2,1,0.721446471924933
"GOW_TC","down","GO:0014069",134,5,0.0836121631203443,0.0174453399175369
"GOW_TC","down","GO:0005840",148,1,1,0.817496040923051
"GOW_TC","down","GO:0005737",4773,48,0.745365048109374,0.944411449224572
"GOW_TC","down","GO:0045202",631,8,1,0.421931418827083
"GOW_TC","down","GO:0005739",717,3,1,0.990633098464549
"GOW_TC","down","GO:0140158",13,1,1,0.137495109165838
"GOW_TC","down","GO:0030670",23,1,0.230403154769027,0.230403154769027
"GOW_TC","down","GO:0042641",29,1,1,0.281330689222617
"GOW_TC","down","GO:0000785",312,4,0.816628076305433,0.47237144412231
"GOW_TC","down","GO:0060076",15,1,0.156921976830211,0.156921976830211
"GOW_TC","down","GO:0000786",16,1,0.166472809224513,0.166472809224513
"GOW_TC","down","GO:0000118",35,1,0.328929020378322,0.328929020378322
"GOW_TC","down","GO:1902494",952,7,0.984304594795855,0.927700015670781
"GOW_TC","down","GO:0048471",293,2,0.850476668333817,0.850476668333817
"GOW_TC","down","GO:0042383",53,2,0.333669910244351,0.120310281962294
"GOW_TC","down","GO:1902495",126,2,0.459248479073316,0.418664442821634
"GOW_TC","down","GO:0009925",108,3,1,0.122673549712502
"GOW_TC","down","GO:0097447",227,4,1,0.254386435655233
"GOW_TC","down","GO:0005622",5942,65,1,0.822214367114719
"GOW_TC","down","GO:0016323",98,3,0.0987849656646833,0.0987849656646833
"GOW_TC","down","GO:0031966",312,1,0.973505372145573,0.973505372145573
"GOW_TC","down","GO:0070062",232,2,0.743989300788257,0.743989300788257
"GOW_TC","down","GO:0016324",145,2,0.490899503758028,0.490899503758028
"GOW_TC","down","GO:0031967",521,2,1,0.984291385960195
"GOW_TC","down","GO:0043226",5366,53,1,0.986026295891568
"GOW_TC","down","GO:0009507",13,1,0.137495109165838,0.137495109165838
"GOW_TC","down","GO:0000775",81,2,0.263578544875825,0.232830071203508
"GOW_TC","down","GO:0016328",38,1,0.35154745452302,0.35154745452302
"GOW_TC","down","GO:0043227",4894,50,1,0.928523649918118
"GOW_TC","down","GO:0000776",50,1,0.43473672251892,0.43473672251892
"GOW_TC","down","GO:0043228",2309,24,1,0.732808212736013
"GOW_TC","down","GO:0009898",62,1,0.507374562528357,0.507374562528357
"GOW_TC","down","GO:0043229",5210,51,1,0.985777581591993
"GOW_TC","down","GO:0001725",23,1,0.230403154769027,0.230403154769027
"GOW_TC","down","GO:0001726",69,1,1,0.545407049440157
"GOW_TC","down","GO:0000779",54,1,1,0.460052775897652
"GOW_TC","down","GO:0098839",32,2,0.0502863311778265,0.0502863311778265
"GOW_TC","down","GO:0031012",165,5,0.619136029285811,0.0383364021058174
"GOW_TC","down","GO:0110165",6789,77,1,0.769596845230973
"GOW_TC","down","GO:0030027",93,1,0.655087867701177,0.655087867701177
"GOW_TC","down","GO:0005614",22,1,1,0.221575662279412
"GOW_TC","down","GO:0017053",23,1,0.230403154769027,0.230403154769027
"GOW_TC","down","GO:0005615",240,3,0.0876742462977973,0.513601509282381
"GOW_TC","down","GO:0016591",45,1,0.401438945583437,0.401438945583437
"GOW_TC","down","GO:0120025",1036,11,1,0.638471519167689
"GOW_TC","down","GO:0016604",314,6,0.343903162676087,0.143140763240738
"GOW_TC","down","GO:0005700",11,1,0.117626537935528,0.117626537935528
"GOW_TC","down","GO:0032279",146,5,1,0.0242979925260951
"GOW_TC","down","GO:0000139",275,1,0.958876697663863,0.958876697663863
"GOW_TC","down","GO:0000307",23,1,0.230403154769027,0.230403154769027
"GOW_TC","down","GO:0044297",204,2,1,0.676755679378832
"GOW_TC","down","GO:0016607",184,4,0.154162393361477,0.154162393361477
"GOW_TC","down","GO:0031981",1483,23,0.324828453138288,0.0592742896438424
"GOW_TC","down","GO:0030016",103,3,1,0.110474839006154
"GOW_TC","down","GO:0031982",1026,8,1,0.911074715959252
"GOW_TC","down","GO:0030017",93,3,1,0.0876396667359991
"GOW_TC","down","GO:0030532",63,2,1,0.158960660529895
"GOW_TC","down","GO:0030018",74,3,0.0508382387521676,0.0508382387521676
"GOW_TC","down","GO:0031984",614,6,1,0.704963179413209
"GOW_TC","down","GO:0015629",238,3,0.677550563878179,0.507932125880612
"GOW_TC","down","GO:0042470",44,1,0.394550707474025,0.394550707474025
"GOW_TC","down","GO:0098644",17,1,1,0.175916834193571
"GOW_TC","down","GO:0032432",26,1,1,0.256297067352174
"GOW_TC","down","GO:0097060",171,4,0.0189058819399555,0.127508544833585
"GOW_TC","down","GO:0099634",37,2,1,0.0651438524191278
"GOW_TC","down","GO:0098647",13,1,1,0.137495109165838
"GOW_TC","down","GO:0035861",46,1,0.408249822070813,0.408249822070813
"GOW_TC","down","GO:0098984",154,5,1,0.0297171695738942
"GOW_TC","down","GO:0043230",238,2,1,0.756764897138361
"GOW_TC","down","GO:0031974",1809,27,1,0.061004511929656
"GOW_TC","down","GO:0043231",4546,49,1,0.760677333700423
"GOW_TC","down","GO:0043232",2309,24,1,0.732808212736013
"GOW_TC","down","GO:0043233",1809,27,1,0.061004511929656
"GOW_TC","down","GO:0005802",124,1,0.758909495956362,0.758909495956362
"GOW_TC","down","GO:0005790",12,1,0.127616650651153,0.127616650651153
"GOW_TC","down","GO:0005634",2785,35,0.556147353793848,0.239756163452473
"GOW_TC","down","GO:0008287",25,1,0.247762771403756,0.247762771403756
"GOW_TC","down","GO:0098791",186,1,1,0.882797641092341
"GOW_TC","down","GO:0005794",612,6,0.465565239380488,0.701906859165188
"GOW_TC","down","GO:0098793",263,4,0.726192054970484,0.34644575982306
"GOW_TC","down","GO:0098794",315,6,0.676226823715434,0.144671219462437
"GOW_TC","down","GO:0005796",17,1,0.175916834193571,0.175916834193571
"GOW_TC","down","GO:0098796",444,4,1,0.748632595939799
"GOW_TC","down","GO:1903561",238,2,1,0.756764897138361
"GOW_TC","down","GO:0098797",150,3,0.459060696288232,0.240188996427534
"GOW_TC","down","GO:0098978",223,5,0.107090364362163,0.107090364362163
"GOW_TC","down","GO:0042175",469,6,1,0.438837123564785
"GOW_TC","down","GO:1905354",14,1,1,0.147263145140868
"GOW_TC","down","GO:0140144",28,1,0.273079975501153,0.273079975501153
"GOW_TC","down","GO:0099503",273,3,1,0.601927883043912
"GOW_TC","down","GO:0035770",335,5,1,0.328171416074521
"GOW_TC","down","GO:0048770",44,1,1,0.394550707474025
"GOW_TC","down","GO:0071011",68,1,1,0.540156763375494
"GOW_TC","down","GO:0022626",81,1,0.603977980442084,0.603977980442084
"GOW_TC","down","GO:0140149",16,1,0.166472809224513,0.166472809224513
"GOW_TC","down","GO:0071013",75,1,0.575688864932939,0.575688864932939
"GOW_TC","down","GO:0005923",40,1,0.366206653925047,0.366206653925047
"GOW_TC","down","GO:0015630",673,6,0.634843971222334,0.785859095134956
"GOW_TC","down","GO:0071016",22,1,0.221575662279412,0.221575662279412
"GOW_TC","down","GO:0005925",91,2,0.274864683003681,0.274864683003681
"GOW_TC","down","GO:0005927",17,1,0.175916834193571,0.175916834193571
"GOW_TC","down","GO:0005891",12,1,0.127616650651153,0.127616650651153
"GOW_TC","down","GO:0015030",23,1,0.230403154769027,0.230403154769027
"GOW_TC","down","GO:0005929",473,2,0.974123544798517,0.974123544798517
"GOW_TC","down","GO:0012505",1719,16,1,0.850742713230661
"GOW_TC","down","GO:0032587",34,1,0.321217863024066,0.321217863024066
"GOW_TC","down","GO:0012506",435,3,1,0.877981672988944
"GOW_TC","down","GO:0019866",221,1,0.922232027128822,0.922232027128822
"GOW_TC","down","GO:0032589",35,1,0.328929020378322,0.328929020378322
"GOW_TC","down","GO:0097525",61,2,1,0.151045684752712
"GOW_TC","down","GO:0097526",35,1,1,0.328929020378322
"GOW_TC","down","GO:0045171",26,1,0.256297067352174,0.256297067352174
"GOW_TC","down","GO:0070013",1809,27,1,0.061004511929656
"GOW_TC","down","GO:0032991",2460,24,0.752537415227473,0.848132859422265
"GOW_TC","down","GO:0005911",210,2,1,0.69225513375139
"GOW_TC","down","GO:0140139",30,1,1,0.289488957972412
"GOW_TC","down","GO:0031252",198,3,1,0.388734575890697
"GOW_TC","down","GO:0032993",52,1,1,0.44753785823719
"GOW_TC","down","GO:0005912",88,2,0.262236748253026,0.262236748253026
"GOW_TC","down","GO:0031253",133,4,0.162744328806746,0.0631314876837112
"GOW_TC","down","GO:0036464",136,1,0.790211903588173,0.790211903588173
"GOW_TC","down","GO:0045177",194,2,1,0.649549271702272
"GOW_TC","down","GO:0045178",116,3,1,0.143158337656443
"GOW_TC","down","GO:0031256",80,2,1,0.228644523794004
"GOW_TC","down","GO:0055029",46,1,1,0.408249822070813
"GOW_TC","down","GO:0031594",37,3,0.00818829299934757,0.00818829299934757
"GOW_TC","down","GO:0030312",173,5,1,0.0454798906577789
"GOW_TC","down","GO:0030315",17,1,0.175916834193571,0.175916834193571
"GOW_TC","down","GO:0043202",14,1,0.147263145140868,0.147263145140868
"GOW_TC","down","GO:1902911",61,1,1,0.501690990654621
"GOW_TC","down","GO:0072562",10,1,0.107523525804827,0.107523525804827
"GOW_TC","down","GO:0097517",23,1,1,0.230403154769027
"GOW_TC","down","GO:0043204",56,1,0.47228779265045,0.47228779265045
"GOW_TC","down","GO:0005604",53,3,0.0269330975519171,0.0217111888118397
"GOW_TC","down","GO:0098590",484,12,1,0.00761815573195242
"GOW_TC","down","GO:0043025",181,2,0.760053935600266,0.611564730585222
"GOW_TC","down","GO:0045121",82,4,0.417107103803935,0.0135766589676787
"GOW_TC","down","GO:0031410",852,6,1,0.932014510385678
"GOW_TC","down","GO:0005764",280,2,1,0.831812841885675
"GOW_TC","down","GO:0070382",116,2,1,0.3786818842312
"GOW_TC","down","GO:0030424",251,2,0.919604601507515,0.782596818721034
"GOW_TC","down","GO:0043209",23,1,0.230403154769027,0.230403154769027
"GOW_TC","down","GO:0005765",146,1,0.813205254641107,0.813205254641107
"GOW_TC","down","GO:0030425",227,4,0.418767219157276,0.254386435655233
"GOW_TC","down","GO:0045335",43,1,1,0.387584240719019
"GOW_TC","down","GO:0043198",17,1,0.175916834193571,0.175916834193571
"GOW_TC","down","GO:0005768",438,3,1,0.880921734218179
"GOW_TC","down","GO:0005769",189,1,1,0.886836931050555
"GOW_TC","down","GO:0061695",137,2,1,0.461137465957159
"GOW_TC","down","GO:0099091",13,1,1,0.137495109165838
"GOW_TC","down","GO:0099092",10,1,0.107523525804827,0.107523525804827
"GOW_TC","down","GO:0070160",60,1,1,0.495942706951311
"GOW_TC","down","GO:0090575",89,4,0.0178674122335742,0.0178674122335742
"GOW_TC","down","GO:0031090",1444,10,1,0.977483799465985
"GOW_TC","down","GO:0070161",303,4,1,0.449675656906612
"GOW_TC","down","GO:0000109",12,0,1,1
"GOW_TC","down","GO:0000123",56,0,1,1
"GOW_TC","down","GO:0000124",13,0,1,1
"GOW_TC","down","GO:0000151",168,0,1,1
"GOW_TC","down","GO:0000152",22,0,1,1
"GOW_TC","down","GO:0000153",12,0,1,1
"GOW_TC","down","GO:0000228",86,0,1,1
"GOW_TC","down","GO:0000313",47,0,1,1
"GOW_TC","down","GO:0000314",18,0,1,1
"GOW_TC","down","GO:0000315",30,0,1,1
"GOW_TC","down","GO:0000407",23,0,1,1
"GOW_TC","down","GO:0000421",22,0,1,1
"GOW_TC","down","GO:0000502",41,0,1,1
"GOW_TC","down","GO:0000781",47,0,1,1
"GOW_TC","down","GO:0000792",36,0,1,1
"GOW_TC","down","GO:0000794",21,0,1,1
"GOW_TC","down","GO:0000922",81,0,1,1
"GOW_TC","down","GO:0000932",52,0,1,1
"GOW_TC","down","GO:0000974",10,0,1,1
"GOW_TC","down","GO:0001534",10,0,1,1
"GOW_TC","down","GO:0001650",43,0,1,1
"GOW_TC","down","GO:0001669",46,0,1,1
"GOW_TC","down","GO:0001750",25,0,1,1
"GOW_TC","down","GO:0001917",21,0,1,1
"GOW_TC","down","GO:0002080",11,0,1,1
"GOW_TC","down","GO:0002102",14,0,1,1
"GOW_TC","down","GO:0002116",10,0,1,1
"GOW_TC","down","GO:0002177",14,0,1,1
"GOW_TC","down","GO:0005635",203,0,1,1
"GOW_TC","down","GO:0005637",22,0,1,1
"GOW_TC","down","GO:0005643",46,0,1,1
"GOW_TC","down","GO:0005657",25,0,1,1
"GOW_TC","down","GO:0005665",10,0,1,1
"GOW_TC","down","GO:0005669",15,0,1,1
"GOW_TC","down","GO:0005677",10,0,1,1
"GOW_TC","down","GO:0005680",10,0,1,1
"GOW_TC","down","GO:0005682",16,0,1,1
"GOW_TC","down","GO:0005686",19,0,1,1
"GOW_TC","down","GO:0005687",11,0,1,1
"GOW_TC","down","GO:0005697",12,0,1,1
"GOW_TC","down","GO:0005721",13,0,1,1
"GOW_TC","down","GO:0005732",16,0,1,1
"GOW_TC","down","GO:0005741",96,0,1,1
"GOW_TC","down","GO:0005743",198,0,1,1
"GOW_TC","down","GO:0005758",34,0,1,1
"GOW_TC","down","GO:0005761",47,0,1,1
"GOW_TC","down","GO:0005762",30,0,1,1
"GOW_TC","down","GO:0005763",18,0,1,1
"GOW_TC","down","GO:0005766",27,0,1,1
"GOW_TC","down","GO:0005767",10,0,1,1
"GOW_TC","down","GO:0005771",20,0,1,1
"GOW_TC","down","GO:0005776",55,0,1,1
"GOW_TC","down","GO:0005778",33,0,1,1
"GOW_TC","down","GO:0005782",14,0,1,1
"GOW_TC","down","GO:0005791",34,0,1,1
"GOW_TC","down","GO:0005793",46,0,1,1
"GOW_TC","down","GO:0005795",80,0,1,1
"GOW_TC","down","GO:0005798",45,0,1,1
"GOW_TC","down","GO:0005801",23,0,1,1
"GOW_TC","down","GO:0005811",50,0,1,1
"GOW_TC","down","GO:0005814",106,0,1,1
"GOW_TC","down","GO:0005838",14,0,1,1
"GOW_TC","down","GO:0005839",14,0,1,1
"GOW_TC","down","GO:0005847",11,0,1,1
"GOW_TC","down","GO:0005849",16,0,1,1
"GOW_TC","down","GO:0005852",13,0,1,1
"GOW_TC","down","GO:0005858",27,0,1,1
"GOW_TC","down","GO:0005868",20,0,1,1
"GOW_TC","down","GO:0005871",28,0,1,1
"GOW_TC","down","GO:0005875",105,0,1,1
"GOW_TC","down","GO:0005876",24,0,1,1
"GOW_TC","down","GO:0005879",45,0,1,1
"GOW_TC","down","GO:0005881",68,0,1,1
"GOW_TC","down","GO:0005884",43,0,1,1
"GOW_TC","down","GO:0005892",16,0,1,1
"GOW_TC","down","GO:0005902",35,0,1,1
"GOW_TC","down","GO:0005903",36,0,1,1
"GOW_TC","down","GO:0005905",29,0,1,1
"GOW_TC","down","GO:0005918",18,0,1,1
"GOW_TC","down","GO:0005921",12,0,1,1
"GOW_TC","down","GO:0005930",189,0,1,1
"GOW_TC","down","GO:0008023",26,0,1,1
"GOW_TC","down","GO:0008305",10,0,1,1
"GOW_TC","down","GO:0009295",14,0,1,1
"GOW_TC","down","GO:0009897",46,0,1,1
"GOW_TC","down","GO:0010494",56,0,1,1
"GOW_TC","down","GO:0012507",25,0,1,1
"GOW_TC","down","GO:0014704",14,0,1,1
"GOW_TC","down","GO:0014731",19,0,1,1
"GOW_TC","down","GO:0015934",70,0,1,1
"GOW_TC","down","GO:0015935",44,0,1,1
"GOW_TC","down","GO:0016234",23,0,1,1
"GOW_TC","down","GO:0016282",15,0,1,1
"GOW_TC","down","GO:0016363",46,0,1,1
"GOW_TC","down","GO:0016459",64,0,1,1
"GOW_TC","down","GO:0016460",42,0,1,1
"GOW_TC","down","GO:0016469",24,0,1,1
"GOW_TC","down","GO:0016471",11,0,1,1
"GOW_TC","down","GO:0016514",12,0,1,1
"GOW_TC","down","GO:0016528",46,0,1,1
"GOW_TC","down","GO:0016529",44,0,1,1
"GOW_TC","down","GO:0016592",18,0,1,1
"GOW_TC","down","GO:0016605",32,0,1,1
"GOW_TC","down","GO:0017101",11,0,1,1
"GOW_TC","down","GO:0019005",32,0,1,1
"GOW_TC","down","GO:0019867",105,0,1,1
"GOW_TC","down","GO:0019897",18,0,1,1
"GOW_TC","down","GO:0019898",41,0,1,1
"GOW_TC","down","GO:0019908",12,0,1,1
"GOW_TC","down","GO:0022624",22,0,1,1
"GOW_TC","down","GO:0022625",40,0,1,1
"GOW_TC","down","GO:0022627",23,0,1,1
"GOW_TC","down","GO:0030014",10,0,1,1
"GOW_TC","down","GO:0030117",46,0,1,1
"GOW_TC","down","GO:0030118",19,0,1,1
"GOW_TC","down","GO:0030119",15,0,1,1
"GOW_TC","down","GO:0030120",37,0,1,1
"GOW_TC","down","GO:0030125",14,0,1,1
"GOW_TC","down","GO:0030127",14,0,1,1
"GOW_TC","down","GO:0030131",11,0,1,1
"GOW_TC","down","GO:0030134",35,0,1,1
"GOW_TC","down","GO:0030135",113,0,1,1
"GOW_TC","down","GO:0030136",61,0,1,1
"GOW_TC","down","GO:0030137",19,0,1,1
"GOW_TC","down","GO:0030140",15,0,1,1
"GOW_TC","down","GO:0030175",39,0,1,1
"GOW_TC","down","GO:0030286",51,0,1,1
"GOW_TC","down","GO:0030426",58,0,1,1
"GOW_TC","down","GO:0030427",65,0,1,1
"GOW_TC","down","GO:0030496",86,0,1,1
"GOW_TC","down","GO:0030658",101,0,1,1
"GOW_TC","down","GO:0030660",26,0,1,1
"GOW_TC","down","GO:0030662",67,0,1,1
"GOW_TC","down","GO:0030663",14,0,1,1
"GOW_TC","down","GO:0030665",29,0,1,1
"GOW_TC","down","GO:0030672",55,0,1,1
"GOW_TC","down","GO:0030673",19,0,1,1
"GOW_TC","down","GO:0030687",18,0,1,1
"GOW_TC","down","GO:0030863",35,0,1,1
"GOW_TC","down","GO:0030864",28,0,1,1
"GOW_TC","down","GO:0030867",24,0,1,1
"GOW_TC","down","GO:0030904",11,0,1,1
"GOW_TC","down","GO:0030964",20,0,1,1
"GOW_TC","down","GO:0030990",21,0,1,1
"GOW_TC","down","GO:0030991",14,0,1,1
"GOW_TC","down","GO:0030992",15,0,1,1
"GOW_TC","down","GO:0031010",12,0,1,1
"GOW_TC","down","GO:0031011",11,0,1,1
"GOW_TC","down","GO:0031045",19,0,1,1
"GOW_TC","down","GO:0031201",20,0,1,1
"GOW_TC","down","GO:0031248",66,0,1,1
"GOW_TC","down","GO:0031312",12,0,1,1
"GOW_TC","down","GO:0031379",10,0,1,1
"GOW_TC","down","GO:0031380",10,0,1,1
"GOW_TC","down","GO:0031414",10,0,1,1
"GOW_TC","down","GO:0031430",32,0,1,1
"GOW_TC","down","GO:0031461",97,0,1,1
"GOW_TC","down","GO:0031462",13,0,1,1
"GOW_TC","down","GO:0031463",24,0,1,1
"GOW_TC","down","GO:0031466",13,0,1,1
"GOW_TC","down","GO:0031514",189,0,1,1
"GOW_TC","down","GO:0031519",18,0,1,1
"GOW_TC","down","GO:0031526",17,0,1,1
"GOW_TC","down","GO:0031528",10,0,1,1
"GOW_TC","down","GO:0031902",77,0,1,1
"GOW_TC","down","GO:0031903",33,0,1,1
"GOW_TC","down","GO:0031907",14,0,1,1
"GOW_TC","down","GO:0031941",10,0,1,1
"GOW_TC","down","GO:0031965",117,0,1,1
"GOW_TC","down","GO:0031968",105,0,1,1
"GOW_TC","down","GO:0031970",39,0,1,1
"GOW_TC","down","GO:0031983",40,0,1,1
"GOW_TC","down","GO:0031985",61,0,1,1
"GOW_TC","down","GO:0032039",10,0,1,1
"GOW_TC","down","GO:0032391",27,0,1,1
"GOW_TC","down","GO:0032420",26,0,1,1
"GOW_TC","down","GO:0032421",31,0,1,1
"GOW_TC","down","GO:0032426",14,0,1,1
"GOW_TC","down","GO:0032580",40,0,1,1
"GOW_TC","down","GO:0032588",40,0,1,1
"GOW_TC","down","GO:0032806",12,0,1,1
"GOW_TC","down","GO:0033017",15,0,1,1
"GOW_TC","down","GO:0033116",25,0,1,1
"GOW_TC","down","GO:0033176",16,0,1,1
"GOW_TC","down","GO:0033290",14,0,1,1
"GOW_TC","down","GO:0034399",15,0,1,1
"GOW_TC","down","GO:0034451",44,0,1,1
"GOW_TC","down","GO:0034693",11,0,1,1
"GOW_TC","down","GO:0034705",10,0,1,1
"GOW_TC","down","GO:0034708",60,0,1,1
"GOW_TC","down","GO:0034709",11,0,1,1
"GOW_TC","down","GO:0034719",13,0,1,1
"GOW_TC","down","GO:0034774",39,0,1,1
"GOW_TC","down","GO:0035097",37,0,1,1
"GOW_TC","down","GO:0035102",10,0,1,1
"GOW_TC","down","GO:0035267",14,0,1,1
"GOW_TC","down","GO:0035578",14,0,1,1
"GOW_TC","down","GO:0035869",50,0,1,1
"GOW_TC","down","GO:0036064",150,0,1,1
"GOW_TC","down","GO:0036126",144,0,1,1
"GOW_TC","down","GO:0036156",11,0,1,1
"GOW_TC","down","GO:0036452",16,0,1,1
"GOW_TC","down","GO:0042581",14,0,1,1
"GOW_TC","down","GO:0042582",27,0,1,1
"GOW_TC","down","GO:0042583",10,0,1,1
"GOW_TC","down","GO:0042584",10,0,1,1
"GOW_TC","down","GO:0042645",14,0,1,1
"GOW_TC","down","GO:0043020",11,0,1,1
"GOW_TC","down","GO:0043034",12,0,1,1
"GOW_TC","down","GO:0043186",24,0,1,1
"GOW_TC","down","GO:0043189",14,0,1,1
"GOW_TC","down","GO:0043195",16,0,1,1
"GOW_TC","down","GO:0043197",56,0,1,1
"GOW_TC","down","GO:0043235",104,0,1,1
"GOW_TC","down","GO:0043596",16,0,1,1
"GOW_TC","down","GO:0043679",35,0,1,1
"GOW_TC","down","GO:0044217",13,0,1,1
"GOW_TC","down","GO:0044232",31,0,1,1
"GOW_TC","down","GO:0044233",14,0,1,1
"GOW_TC","down","GO:0044291",16,0,1,1
"GOW_TC","down","GO:0044306",43,0,1,1
"GOW_TC","down","GO:0044309",57,0,1,1
"GOW_TC","down","GO:0044322",11,0,1,1
"GOW_TC","down","GO:0044391",113,0,1,1
"GOW_TC","down","GO:0044615",10,0,1,1
"GOW_TC","down","GO:0044665",20,0,1,1
"GOW_TC","down","GO:0045111",14,0,1,1
"GOW_TC","down","GO:0045179",11,0,1,1
"GOW_TC","down","GO:0045240",13,0,1,1
"GOW_TC","down","GO:0045271",20,0,1,1
"GOW_TC","down","GO:0045334",11,0,1,1
"GOW_TC","down","GO:0045495",26,0,1,1
"GOW_TC","down","GO:0048475",46,0,1,1
"GOW_TC","down","GO:0048786",38,0,1,1
"GOW_TC","down","GO:0051233",12,0,1,1
"GOW_TC","down","GO:0060170",25,0,1,1
"GOW_TC","down","GO:0060205",40,0,1,1
"GOW_TC","down","GO:0060293",24,0,1,1
"GOW_TC","down","GO:0070461",26,0,1,1
"GOW_TC","down","GO:0070603",53,0,1,1
"GOW_TC","down","GO:0070820",13,0,1,1
"GOW_TC","down","GO:0070822",10,0,1,1
"GOW_TC","down","GO:0070847",11,0,1,1
"GOW_TC","down","GO:0070852",12,0,1,1
"GOW_TC","down","GO:0070971",11,0,1,1
"GOW_TC","down","GO:0070993",16,0,1,1
"GOW_TC","down","GO:0071004",12,0,1,1
"GOW_TC","down","GO:0071006",43,0,1,1
"GOW_TC","down","GO:0071007",31,0,1,1
"GOW_TC","down","GO:0071010",12,0,1,1
"GOW_TC","down","GO:0071012",43,0,1,1
"GOW_TC","down","GO:0071014",21,0,1,1
"GOW_TC","down","GO:0071018",17,0,1,1
"GOW_TC","down","GO:0071020",22,0,1,1
"GOW_TC","down","GO:0071339",20,0,1,1
"GOW_TC","down","GO:0072379",10,0,1,1
"GOW_TC","down","GO:0080008",20,0,1,1
"GOW_TC","down","GO:0090443",11,0,1,1
"GOW_TC","down","GO:0090533",18,0,1,1
"GOW_TC","down","GO:0090543",18,0,1,1
"GOW_TC","down","GO:0097014",190,0,1,1
"GOW_TC","down","GO:0097038",12,0,1,1
"GOW_TC","down","GO:0097225",54,0,1,1
"GOW_TC","down","GO:0097228",33,0,1,1
"GOW_TC","down","GO:0097229",19,0,1,1
"GOW_TC","down","GO:0097346",16,0,1,1
"GOW_TC","down","GO:0097386",12,0,1,1
"GOW_TC","down","GO:0097431",15,0,1,1
"GOW_TC","down","GO:0097440",11,0,1,1
"GOW_TC","down","GO:0097542",21,0,1,1
"GOW_TC","down","GO:0097545",28,0,1,1
"GOW_TC","down","GO:0097546",23,0,1,1
"GOW_TC","down","GO:0097649",26,0,1,1
"GOW_TC","down","GO:0097729",157,0,1,1
"GOW_TC","down","GO:0097730",71,0,1,1
"GOW_TC","down","GO:0097731",53,0,1,1
"GOW_TC","down","GO:0097733",44,0,1,1
"GOW_TC","down","GO:0098533",19,0,1,1
"GOW_TC","down","GO:0098636",15,0,1,1
"GOW_TC","down","GO:0098686",10,0,1,1
"GOW_TC","down","GO:0098798",103,0,1,1
"GOW_TC","down","GO:0098800",29,0,1,1
"GOW_TC","down","GO:0098802",47,0,1,1
"GOW_TC","down","GO:0098803",40,0,1,1
"GOW_TC","down","GO:0098858",85,0,1,1
"GOW_TC","down","GO:0098862",64,0,1,1
"GOW_TC","down","GO:0098982",28,0,1,1
"GOW_TC","down","GO:0099023",33,0,1,1
"GOW_TC","down","GO:0099501",55,0,1,1
"GOW_TC","down","GO:0099568",23,0,1,1
"GOW_TC","down","GO:0099738",21,0,1,1
"GOW_TC","down","GO:0101002",22,0,1,1
"GOW_TC","down","GO:0101031",16,0,1,1
"GOW_TC","down","GO:0106139",10,0,1,1
"GOW_TC","down","GO:0120212",14,0,1,1
"GOW_TC","down","GO:0120293",12,0,1,1
"GOW_TC","down","GO:0140047",10,0,1,1
"GOW_TC","down","GO:0140268",10,0,1,1
"GOW_TC","down","GO:0140534",65,0,1,1
"GOW_TC","down","GO:0140672",11,0,1,1
"GOW_TC","down","GO:0150034",90,0,1,1
"GOW_TC","down","GO:0160110",26,0,1,1
"GOW_TC","down","GO:0160111",17,0,1,1
"GOW_TC","down","GO:0170014",15,0,1,1
"GOW_TC","down","GO:1902493",74,0,1,1
"GOW_TC","down","GO:1902555",16,0,1,1
"GOW_TC","down","GO:1902562",22,0,1,1
"GOW_TC","down","GO:1904115",22,0,1,1
"GOW_TC","down","GO:1904813",17,0,1,1
"GOW_TC","down","GO:1904949",78,0,1,1
"GOW_TC","down","GO:1905286",11,0,1,1
"GOW_TC","down","GO:1905348",17,0,1,1
"GOW_TC","down","GO:1905368",81,0,1,1
"GOW_TC","down","GO:1905369",61,0,1,1
"GOW_TC","down","GO:1905370",11,0,1,1
"GOW_TC","down","GO:1990204",63,0,1,1
"GOW_TC","down","GO:1990229",13,0,1,1
"GOW_TC","down","GO:1990716",10,0,1,1
"GOW_TC","down","GO:1990752",10,0,1,1
"GDO_TC","up","GO:0097060",157,3,1,0.629878006504138
"GDO_TC","up","GO:0098588",821,31,0.613603123866146,0.00045034596424734
"GDO_TC","up","GO:0097708",830,30,1,0.00117530683014697
"GDO_TC","up","GO:0005938",173,6,0.152137334953964,0.144057420840594
"GDO_TC","up","GO:0070062",225,9,0.0411110693336001,0.0411110693336001
"GDO_TC","up","GO:0098852",142,3,1,0.561306152893153
"GDO_TC","up","GO:0097447",225,6,1,0.314743027904717
"GDO_TC","up","GO:0098857",75,1,1,0.790506024181531
"GDO_TC","up","GO:0098858",86,5,1,0.0312486945048886
"GDO_TC","up","GO:0099501",53,4,1,0.0228207267015319
"GDO_TC","up","GO:0042579",69,1,1,0.762441719636118
"GDO_TC","up","GO:0120111",34,4,0.0235635144585385,0.00486806128552119
"GDO_TC","up","GO:0099503",268,9,1,0.098652394400581
"GDO_TC","up","GO:0033116",25,1,0.404882743544134,0.404882743544134
"GDO_TC","up","GO:0070971",11,1,0.203964091956676,0.203964091956676
"GDO_TC","up","GO:0005622",5726,117,1,0.608834998243707
"GDO_TC","up","GO:0005852",13,2,0.0280858180060441,0.0280858180060441
"GDO_TC","up","GO:0030175",40,2,0.197614454888753,0.197614454888753
"GDO_TC","up","GO:0005856",1038,9,1,0.999620687875814
"GDO_TC","up","GO:0005764",275,6,0.427944756742112,0.498260315095709
"GDO_TC","up","GO:0005575",6534,134,1,1
"GDO_TC","up","GO:0005765",142,3,0.561306152893153,0.561306152893153
"GDO_TC","up","GO:0005766",27,1,1,0.429135579705068
"GDO_TC","up","GO:0019866",212,5,1,0.440503516980297
"GDO_TC","up","GO:0005576",627,22,0.0441170407145506,0.00824508430478298
"GDO_TC","up","GO:0019867",104,2,1,0.634000773273478
"GDO_TC","up","GO:0005768",418,14,0.18160078370721,0.0466347547528105
"GDO_TC","up","GO:0043230",231,9,1,0.0472652635714819
"GDO_TC","up","GO:0030120",37,3,0.168557554474708,0.03947177908258
"GDO_TC","up","GO:0005769",179,7,0.576358239840691,0.0743921599055843
"GDO_TC","up","GO:0045271",20,1,0.339683832903662,0.339683832903662
"GDO_TC","up","GO:0043231",4371,91,1,0.440608639900288
"GDO_TC","up","GO:0000781",44,1,0.599396541680733,0.599396541680733
"GDO_TC","up","GO:0043232",2242,26,0.76690976680125,0.999959166682237
"GDO_TC","up","GO:0071782",15,1,0.267401009958946,0.267401009958946
"GDO_TC","up","GO:0043233",1758,25,1,0.990576508020893
"GDO_TC","up","GO:0005614",23,2,1,0.079819292515523
"GDO_TC","up","GO:0005884",42,2,0.483504765048963,0.212675511397902
"GDO_TC","up","GO:0043235",96,3,0.303794982161193,0.314665857782917
"GDO_TC","up","GO:0005615",232,9,1,0.0483476884277214
"GDO_TC","up","GO:0000785",307,4,0.922193669584149,0.881881599930573
"GDO_TC","up","GO:0030125",14,1,0.25202859143945,0.25202859143945
"GDO_TC","up","GO:0005886",1445,39,0.0696372067037347,0.0339987115814689
"GDO_TC","up","GO:0030127",14,1,0.25202859143945,0.25202859143945
"GDO_TC","up","GO:0016020",2790,81,0.149054659471702,2.22853381082793e-05
"GDO_TC","up","GO:0031941",10,1,0.187271007187065,0.187271007187065
"GDO_TC","up","GO:0005902",35,3,0.40068259181655,0.0342395023848011
"GDO_TC","up","GO:0005903",35,2,0.310395587889424,0.160675420545929
"GDO_TC","up","GO:0005905",29,2,0.118454518897706,0.118454518897706
"GDO_TC","up","GO:0005758",32,1,0.485560278144775,0.485560278144775
"GDO_TC","up","GO:0048471",284,10,0.0659134313726556,0.0659134313726556
"GDO_TC","up","GO:0005871",27,1,0.429135579705068,0.429135579705068
"GDO_TC","up","GO:0005759",194,2,0.912381963865369,0.912381963865369
"GDO_TC","up","GO:0032153",59,1,1,0.707143940475774
"GDO_TC","up","GO:1902494",929,19,0.997447328030824,0.543605269388373
"GDO_TC","up","GO:0032154",53,1,0.668016433175305,0.668016433175305
"GDO_TC","up","GO:0005874",161,1,1,0.965887843724627
"GDO_TC","up","GO:0000775",80,1,1,0.811360119005306
"GDO_TC","up","GO:0048475",46,4,1,0.0141859623812791
"GDO_TC","up","GO:1902495",119,6,0.262380843020353,0.0350613602557838
"GDO_TC","up","GO:0005875",102,1,1,0.881193069569561
"GDO_TC","up","GO:0009986",173,8,0.0151543367030389,0.0254019391525482
"GDO_TC","up","GO:0098636",15,1,0.267401009958946,0.267401009958946
"GDO_TC","up","GO:0005876",24,1,0.392375574101681,0.392375574101681
"GDO_TC","up","GO:0044297",199,6,1,0.223783038350804
"GDO_TC","up","GO:0098827",449,27,1,2.77445753040894e-07
"GDO_TC","up","GO:0030117",46,4,1,0.0141859623812791
"GDO_TC","up","GO:0030118",19,1,1,0.325817296876251
"GDO_TC","up","GO:0044309",58,2,1,0.334541482781012
"GDO_TC","up","GO:1904949",75,2,1,0.457686792917603
"GDO_TC","up","GO:0030119",15,1,0.267401009958946,0.267401009958946
"GDO_TC","up","GO:0031012",161,4,0.833784635136615,0.421525755417337
"GDO_TC","up","GO:0005783",713,39,0.177853920170248,4.25519180368745e-09
"GDO_TC","up","GO:0030424",243,6,0.752478374658279,0.380956559002482
"GDO_TC","up","GO:0150034",90,2,1,0.554871874492221
"GDO_TC","up","GO:0030964",20,1,1,0.339683832903662
"GDO_TC","up","GO:0030425",225,6,0.448953772664752,0.314743027904717
"GDO_TC","up","GO:0030426",58,2,0.334541482781012,0.334541482781012
"GDO_TC","up","GO:0045177",189,7,1,0.0929482878738596
"GDO_TC","up","GO:0030427",65,2,1,0.386595845780671
"GDO_TC","up","GO:0045178",107,3,1,0.376695358278105
"GDO_TC","up","GO:0030140",15,1,0.267401009958946,0.267401009958946
"GDO_TC","up","GO:0005788",70,9,1.1055797099367e-05,1.1055797099367e-05
"GDO_TC","up","GO:0140149",17,2,0.0464355329948074,0.0464355329948074
"GDO_TC","up","GO:0032279",145,2,1,0.803314144199921
"GDO_TC","up","GO:0000151",160,1,0.96515530703538,0.96515530703538
"GDO_TC","up","GO:0030141",179,5,0.814319523960988,0.305548664990698
"GDO_TC","up","GO:0005789",447,27,2.75739984730203e-05,2.53439471231955e-07
"GDO_TC","up","GO:0045211",108,2,0.654511066604177,0.654511066604177
"GDO_TC","up","GO:0005634",2685,34,0.971552978202478,0.999958511000569
"GDO_TC","up","GO:0012505",1651,63,1,3.17115693150733e-08
"GDO_TC","up","GO:0005635",197,6,0.510594504228881,0.217172716439885
"GDO_TC","up","GO:0012506",426,19,0.205341498736985,0.00101846355512026
"GDO_TC","up","GO:0012507",25,1,1,0.404882743544134
"GDO_TC","up","GO:0005637",23,1,0.379607552607189,0.379607552607189
"GDO_TC","up","GO:0005770",130,3,0.313531024014408,0.501349892804922
"GDO_TC","up","GO:0032991",2376,52,0.980161737668466,0.305441726167182
"GDO_TC","up","GO:1990229",12,1,0.220316814887506,0.220316814887506
"GDO_TC","up","GO:0045121",75,1,0.790506024181531,0.790506024181531
"GDO_TC","up","GO:0005829",1697,47,0.00831334191411227,0.0115367784553242
"GDO_TC","up","GO:0060293",25,1,1,0.404882743544134
"GDO_TC","up","GO:0098533",19,2,1,0.0568625550785284
"GDO_TC","up","GO:0005773",327,8,1,0.355880217476416
"GDO_TC","up","GO:0005774",168,4,1,0.453746880502869
"GDO_TC","up","GO:0031045",19,1,0.325817296876251,0.325817296876251
"GDO_TC","up","GO:0005776",53,1,0.668016433175305,0.668016433175305
"GDO_TC","up","GO:0005777",69,1,0.762441719636118,0.762441719636118
"GDO_TC","up","GO:0005811",46,1,0.615769649817577,0.615769649817577
"GDO_TC","up","GO:0070013",1758,25,1,0.990576508020893
"GDO_TC","up","GO:0005813",304,3,0.973543815117745,0.953043961103792
"GDO_TC","up","GO:0090533",18,2,1,0.0515534061726045
"GDO_TC","up","GO:0030133",170,8,0.148833417796915,0.0231630503739545
"GDO_TC","up","GO:0043204",55,1,0.681603617041404,0.681603617041404
"GDO_TC","up","GO:0030134",35,1,1,0.516720308176139
"GDO_TC","up","GO:0009925",99,3,1,0.331616469270373
"GDO_TC","up","GO:0005815",397,4,0.863480622996874,0.966848435208871
"GDO_TC","up","GO:0030135",112,8,1,0.00201570620919325
"GDO_TC","up","GO:0030136",60,5,0.346392691797549,0.00745409401306
"GDO_TC","up","GO:0030137",19,2,1,0.0568625550785284
"GDO_TC","up","GO:1905368",81,3,0.0570672377090335,0.231026521372023
"GDO_TC","up","GO:0065010",231,9,1,0.0472652635714819
"GDO_TC","up","GO:1990351",129,7,0.18265406040828,0.0164356637894314
"GDO_TC","up","GO:0043209",23,1,0.379607552607189,0.379607552607189
"GDO_TC","up","GO:1905369",62,1,1,0.724954906193818
"GDO_TC","up","GO:0005819",174,1,1,0.974128671429726
"GDO_TC","up","GO:0030139",86,4,1,0.0996241148054202
"GDO_TC","up","GO:0005721",13,1,0.236336064627627,0.236336064627627
"GDO_TC","up","GO:0042995",1008,15,1,0.937154487576853
"GDO_TC","up","GO:0009897",46,1,0.615769649817577,0.615769649817577
"GDO_TC","up","GO:0099080",683,8,1,0.975797887123867
"GDO_TC","up","GO:0009898",56,2,0.319420974287143,0.319420974287143
"GDO_TC","up","GO:0005840",144,3,0.381544340947974,0.570875157414787
"GDO_TC","up","GO:0099081",324,3,1,0.965914113533465
"GDO_TC","up","GO:0030312",168,4,1,0.453746880502869
"GDO_TC","up","GO:0030315",17,1,0.297211318706863,0.297211318706863
"GDO_TC","up","GO:0042175",457,27,1,3.96197877457417e-07
"GDO_TC","up","GO:0031901",83,5,0.0273357532880357,0.0273357532880357
"GDO_TC","up","GO:0031902",75,1,0.790506024181531,0.790506024181531
"GDO_TC","up","GO:0030054",841,22,1,0.134884674358998
"GDO_TC","up","GO:0030055",105,2,1,0.639215105423272
"GDO_TC","up","GO:0031526",17,1,0.297211318706863,0.297211318706863
"GDO_TC","up","GO:0055037",64,3,0.512969809234539,0.143296436392952
"GDO_TC","up","GO:0031528",10,2,0.0168662426166805,0.0168662426166805
"GDO_TC","up","GO:0016528",42,6,1,0.000190187525342651
"GDO_TC","up","GO:0055038",29,2,0.118454518897706,0.118454518897706
"GDO_TC","up","GO:0016529",40,6,0.00146038494179247,0.000143918185743693
"GDO_TC","up","GO:0000502",42,1,1,0.582331156834843
"GDO_TC","up","GO:0005604",55,1,0.681603617041404,0.681603617041404
"GDO_TC","up","GO:0042734",49,3,0.0785811500636619,0.0785811500636619
"GDO_TC","up","GO:1990234",451,9,0.255503435931118,0.584054442249909
"GDO_TC","up","GO:0120025",1007,15,1,0.936566535871352
"GDO_TC","up","GO:0042470",44,10,1.28878083676138e-08,1.28878083676138e-08
"GDO_TC","up","GO:0032420",26,1,0.417134350913176,0.417134350913176
"GDO_TC","up","GO:0005740",314,7,1,0.466293675432239
"GDO_TC","up","GO:0032421",31,2,0.0981188799662623,0.132202475439021
"GDO_TC","up","GO:0005741",95,2,0.584446478027668,0.584446478027668
"GDO_TC","up","GO:0005743",188,4,0.84111677685027,0.542093634967303
"GDO_TC","up","GO:0031514",185,1,1,0.97953509104704
"GDO_TC","up","GO:0043020",12,3,0.00162025835810197,0.00162025835810197
"GDO_TC","up","GO:0030660",26,3,0.217801839791638,0.0155348854588344
"GDO_TC","up","GO:0031252",191,5,0.0742921130411961,0.354467149552971
"GDO_TC","up","GO:0030662",67,6,1,0.00238090901420467
"GDO_TC","up","GO:0031253",126,5,1,0.116294153845198
"GDO_TC","up","GO:0042383",46,1,1,0.615769649817577
"GDO_TC","up","GO:0030663",14,2,0.032333216073928,0.032333216073928
"GDO_TC","up","GO:0090734",61,1,1,0.71914073320596
"GDO_TC","up","GO:0043025",176,6,0.102673573617165,0.152492704704764
"GDO_TC","up","GO:0030665",29,3,0.0364556683763746,0.0208835577287039
"GDO_TC","up","GO:0031256",73,2,1,0.443832194064685
"GDO_TC","up","GO:0030666",33,1,1,0.496162388684394
"GDO_TC","up","GO:0033017",15,2,0.0368147321665069,0.0368147321665069
"GDO_TC","up","GO:0030667",62,3,0.13383234041588,0.13383234041588
"GDO_TC","up","GO:0033290",14,2,0.032333216073928,0.032333216073928
"GDO_TC","up","GO:0005730",391,3,0.988885263768589,0.988885263768589
"GDO_TC","up","GO:0072686",66,1,0.74704090895221,0.74704090895221
"GDO_TC","up","GO:0005737",4603,109,0.967367541232811,0.00257362554553775
"GDO_TC","up","GO:0098800",28,2,0.111725487092947,0.111725487092947
"GDO_TC","up","GO:0005739",686,12,0.897410053879646,0.76250324457264
"GDO_TC","up","GO:0034451",42,1,0.582331156834843,0.582331156834843
"GDO_TC","up","GO:0098802",42,1,0.582331156834843,0.582331156834843
"GDO_TC","up","GO:0016282",15,2,0.0368147321665069,0.0368147321665069
"GDO_TC","up","GO:0045202",615,19,0.296442335665672,0.0450399643863524
"GDO_TC","up","GO:0098803",40,1,1,0.564544454188837
"GDO_TC","up","GO:0061695",129,3,0.444409874970252,0.496169478929386
"GDO_TC","up","GO:0030658",99,5,1,0.0521470648128201
"GDO_TC","up","GO:1903561",231,9,1,0.0472652635714819
"GDO_TC","up","GO:0030659",414,18,0.438759990107221,0.00185606789167492
"GDO_TC","up","GO:0043296",65,1,1,0.741690235203133
"GDO_TC","up","GO:0030027",94,2,0.578648017123724,0.578648017123724
"GDO_TC","up","GO:0070160",59,1,1,0.707143940475774
"GDO_TC","up","GO:0070161",293,5,1,0.725036094545702
"GDO_TC","up","GO:0005802",121,5,0.102375808194525,0.102375808194525
"GDO_TC","up","GO:0000323",276,6,1,0.501833930686259
"GDO_TC","up","GO:1990204",65,4,1,0.0438060662759096
"GDO_TC","up","GO:0000139",259,10,0.0395345606086073,0.0395345606086073
"GDO_TC","up","GO:0016469",24,2,1,0.0859430582338753
"GDO_TC","up","GO:0045334",11,2,0.0203401594909694,0.0203401594909694
"GDO_TC","up","GO:0045335",42,2,0.324755170735221,0.212675511397902
"GDO_TC","up","GO:0030670",23,1,0.379607552607189,0.379607552607189
"GDO_TC","up","GO:0098982",27,2,0.105102402323978,0.105102402323978
"GDO_TC","up","GO:0030672",53,4,0.0228207267015319,0.0228207267015319
"GDO_TC","up","GO:0099572",141,2,1,0.790485610376027
"GDO_TC","up","GO:0030863",35,1,1,0.516720308176139
"GDO_TC","up","GO:0098984",153,2,1,0.82691048634252
"GDO_TC","up","GO:0016604",303,5,0.800769904770501,0.751916830436072
"GDO_TC","up","GO:0030864",28,1,0.440891509061072,0.440891509061072
"GDO_TC","up","GO:0016605",31,2,0.132202475439021,0.132202475439021
"GDO_TC","up","GO:0043197",57,2,0.326992155974066,0.326992155974066
"GDO_TC","up","GO:0016607",178,2,0.885178359348089,0.885178359348089
"GDO_TC","up","GO:0140047",10,1,0.187271007187065,0.187271007187065
"GDO_TC","up","GO:0030867",23,3,0.0110639665217768,0.0110639665217768
"GDO_TC","up","GO:0097729",155,1,1,0.961251753429096
"GDO_TC","up","GO:0016459",58,2,0.334541482781012,0.334541482781012
"GDO_TC","up","GO:0090443",11,1,0.203964091956676,0.203964091956676
"GDO_TC","up","GO:0005694",530,5,0.919101325960012,0.987164117372233
"GDO_TC","up","GO:0098590",459,12,1,0.230748039279609
"GDO_TC","up","GO:0017101",11,2,0.0203401594909694,0.0203401594909694
"GDO_TC","up","GO:0015629",231,4,1,0.703786590614807
"GDO_TC","up","GO:0010494",55,2,0.311830320097682,0.311830320097682
"GDO_TC","up","GO:0036464",136,4,0.709258048625931,0.304584773815907
"GDO_TC","up","GO:0110165",6512,134,1,0.633426719570712
"GDO_TC","up","GO:0098978",221,9,0.0373259983566655,0.0373259983566655
"GDO_TC","up","GO:0035861",43,1,0.590952171157722,0.590952171157722
"GDO_TC","up","GO:0014069",133,2,0.762625175364617,0.762625175364617
"GDO_TC","up","GO:0070993",16,2,1,0.0415191308390632
"GDO_TC","up","GO:0097225",52,1,0.661008588506983,0.661008588506983
"GDO_TC","up","GO:0031090",1394,52,1,2.52273876679294e-06
"GDO_TC","up","GO:0016471",11,1,0.203964091956676,0.203964091956676
"GDO_TC","up","GO:0099512",324,3,1,0.965914113533465
"GDO_TC","up","GO:0044232",30,2,1,0.125282450549513
"GDO_TC","up","GO:0099513",210,3,1,0.811123745259952
"GDO_TC","up","GO:0044233",13,1,0.236336064627627,0.236336064627627
"GDO_TC","up","GO:0034702",65,2,0.297184198187734,0.386595845780671
"GDO_TC","up","GO:0034703",48,1,1,0.631478361611286
"GDO_TC","up","GO:0034704",17,1,1,0.297211318706863
"GDO_TC","up","GO:0097730",70,1,0.767365588092229,0.767365588092229
"GDO_TC","up","GO:0140268",10,1,0.187271007187065,0.187271007187065
"GDO_TC","up","GO:0010008",217,8,0.202784271601007,0.0769906251730093
"GDO_TC","up","GO:0005921",12,1,0.220316814887506,0.220316814887506
"GDO_TC","up","GO:0008021",108,6,0.302654149512254,0.0231551569709542
"GDO_TC","up","GO:0005923",39,1,0.555371204206335,0.555371204206335
"GDO_TC","up","GO:0140513",638,1,0.999999097032404,0.999999097032404
"GDO_TC","up","GO:0005925",88,2,0.542636806699352,0.542636806699352
"GDO_TC","up","GO:0031965",113,4,0.278879237659556,0.201470569799939
"GDO_TC","up","GO:0043005",490,11,1,0.423228497391746
"GDO_TC","up","GO:1904115",22,2,0.0738405685160668,0.0738405685160668
"GDO_TC","up","GO:0030496",80,2,0.491439295676225,0.491439295676225
"GDO_TC","up","GO:0031966",299,7,0.119259146426344,0.415492197168619
"GDO_TC","up","GO:0009536",11,1,0.203964091956676,0.203964091956676
"GDO_TC","up","GO:0031967",502,12,1,0.332827273839309
"GDO_TC","up","GO:0015630",657,6,0.473752572205971,0.99456751778841
"GDO_TC","up","GO:0031968",104,2,1,0.634000773273478
"GDO_TC","up","GO:0005929",460,2,1,0.99942179294241
"GDO_TC","up","GO:0005891",10,1,0.187271007187065,0.187271007187065
"GDO_TC","up","GO:0044322",11,2,0.0203401594909694,0.0203401594909694
"GDO_TC","up","GO:0000792",35,1,1,0.516720308176139
"GDO_TC","up","GO:0071944",1616,46,1,0.00756116371146601
"GDO_TC","up","GO:0001726",68,2,1,0.408379258340867
"GDO_TC","up","GO:0036126",142,1,1,0.948951688726807
"GDO_TC","up","GO:0031410",828,30,1,0.00113010909669512
"GDO_TC","up","GO:1902911",56,1,1,0.688188756000572
"GDO_TC","up","GO:0005911",204,3,1,0.795178900532266
"GDO_TC","up","GO:0098791",178,6,1,0.158237488418025
"GDO_TC","up","GO:0070382",113,6,1,0.0281638719752841
"GDO_TC","up","GO:0005912",85,1,0.830152239158785,0.830152239158785
"GDO_TC","up","GO:0098562",86,3,1,0.258548387943931
"GDO_TC","up","GO:0098793",258,10,0.283256592687846,0.038662927689336
"GDO_TC","up","GO:0022624",23,1,0.379607552607189,0.379607552607189
"GDO_TC","up","GO:0098794",303,9,0.0241257177439421,0.168772240517779
"GDO_TC","up","GO:0022626",80,1,0.811360119005306,0.811360119005306
"GDO_TC","up","GO:0098796",423,25,0.000403391923017203,1.14824126762292e-06
"GDO_TC","up","GO:0048786",39,1,0.555371204206335,0.555371204206335
"GDO_TC","up","GO:0036477",301,7,1,0.422296819585702
"GDO_TC","up","GO:0098797",144,6,0.802336456737165,0.0749694143173633
"GDO_TC","up","GO:0032580",36,2,0.167961767684692,0.167961767684692
"GDO_TC","up","GO:0098798",100,3,0.773276656819257,0.337266498376228
"GDO_TC","up","GO:0140168",198,2,1,0.918177891287817
"GDO_TC","up","GO:0016323",89,3,0.275274149051988,0.275274149051988
"GDO_TC","up","GO:0016324",143,6,0.114533265484004,0.0730174154681815
"GDO_TC","up","GO:0005654",1245,13,0.999518004549454,0.999089742291544
"GDO_TC","up","GO:0098685",39,1,0.555371204206335,0.555371204206335
"GDO_TC","up","GO:0032045",16,1,0.282459801900271,0.282459801900271
"GDO_TC","up","GO:0032587",34,2,0.153450510936722,0.153450510936722
"GDO_TC","up","GO:0098687",121,1,1,0.920407631663377
"GDO_TC","up","GO:0048770",44,10,1,1.28878083676138e-08
"GDO_TC","up","GO:0005790",12,4,7.36916552144733e-05,7.36916552144733e-05
"GDO_TC","up","GO:0005791",33,3,1,0.0293948588650188
"GDO_TC","up","GO:0031981",1437,13,1,0.999951430136993
"GDO_TC","up","GO:0140151",20,2,1,0.0623531123554429
"GDO_TC","up","GO:0031982",995,36,1,0.00031916723357763
"GDO_TC","up","GO:0098552",136,4,1,0.304584773815907
"GDO_TC","up","GO:0005793",46,4,0.00847405040370809,0.0141859623812791
"GDO_TC","up","GO:0005794",583,21,0.0127492645348777,0.00738105747880311
"GDO_TC","up","GO:0031984",594,32,1,2.23114737276348e-07
"GDO_TC","up","GO:0140534",64,12,4.46623940083181e-09,4.46623940083181e-09
"GDO_TC","up","GO:0098554",20,1,0.339683832903662,0.339683832903662
"GDO_TC","up","GO:0140535",483,6,0.995299778451422,0.938373960098756
"GDO_TC","up","GO:0005795",73,2,1,0.443832194064685
"GDO_TC","up","GO:0031985",54,2,1,0.304222683508743
"GDO_TC","up","GO:0043186",25,1,0.404882743544134,0.404882743544134
"GDO_TC","up","GO:0033176",16,2,0.0979023859783771,0.0415191308390632
"GDO_TC","up","GO:0000307",20,1,0.339683832903662,0.339683832903662
"GDO_TC","up","GO:0005798",45,3,1,0.0641379504611217
"GDO_TC","up","GO:0019898",40,1,1,0.564544454188837
"GDO_TC","up","GO:0098862",63,4,1,0.0397501804960338
"GDO_TC","up","GO:0031312",11,1,0.203964091956676,0.203964091956676
"GDO_TC","up","GO:0042582",27,1,0.429135579705068,0.429135579705068
"GDO_TC","up","GO:0045495",27,1,1,0.429135579705068
"GDO_TC","up","GO:0043226",5171,100,0.0986516530009884,0.917699557759174
"GDO_TC","up","GO:0043227",4711,93,1,0.789729537887421
"GDO_TC","up","GO:0035770",327,6,1,0.668698076405551
"GDO_TC","up","GO:0031970",37,1,1,0.536445415269932
"GDO_TC","up","GO:0043228",2242,26,1,0.999959166682237
"GDO_TC","up","GO:0043229",5022,98,1,0.871267946861402
"GDO_TC","up","GO:1990904",431,5,0.991994787640059,0.946981332297477
"GDO_TC","up","GO:0031974",1758,25,1,0.990576508020893
"GDO_TC","up","GO:0031594",35,1,0.516720308176139,0.516720308176139
"GDO_TC","up","GO:1902554",52,1,1,0.661008588506983
"GDO_TC","up","GO:0000109",10,0,1,1
"GDO_TC","up","GO:0000118",36,0,1,1
"GDO_TC","up","GO:0000123",55,0,1,1
"GDO_TC","up","GO:0000124",13,0,1,1
"GDO_TC","up","GO:0000152",22,0,1,1
"GDO_TC","up","GO:0000153",11,0,1,1
"GDO_TC","up","GO:0000178",11,0,1,1
"GDO_TC","up","GO:0000228",82,0,1,1
"GDO_TC","up","GO:0000313",45,0,1,1
"GDO_TC","up","GO:0000314",17,0,1,1
"GDO_TC","up","GO:0000315",28,0,1,1
"GDO_TC","up","GO:0000407",22,0,1,1
"GDO_TC","up","GO:0000421",21,0,1,1
"GDO_TC","up","GO:0000428",53,0,1,1
"GDO_TC","up","GO:0000776",50,0,1,1
"GDO_TC","up","GO:0000779",54,0,1,1
"GDO_TC","up","GO:0000786",16,0,1,1
"GDO_TC","up","GO:0000791",20,0,1,1
"GDO_TC","up","GO:0000793",82,0,1,1
"GDO_TC","up","GO:0000794",20,0,1,1
"GDO_TC","up","GO:0000922",77,0,1,1
"GDO_TC","up","GO:0000932",52,0,1,1
"GDO_TC","up","GO:0000974",10,0,1,1
"GDO_TC","up","GO:0001534",10,0,1,1
"GDO_TC","up","GO:0001650",39,0,1,1
"GDO_TC","up","GO:0001669",42,0,1,1
"GDO_TC","up","GO:0001725",23,0,1,1
"GDO_TC","up","GO:0001750",24,0,1,1
"GDO_TC","up","GO:0001917",21,0,1,1
"GDO_TC","up","GO:0002080",10,0,1,1
"GDO_TC","up","GO:0002102",14,0,1,1
"GDO_TC","up","GO:0002177",14,0,1,1
"GDO_TC","up","GO:0005581",17,0,1,1
"GDO_TC","up","GO:0005589",11,0,1,1
"GDO_TC","up","GO:0005643",45,0,1,1
"GDO_TC","up","GO:0005657",22,0,1,1
"GDO_TC","up","GO:0005665",10,0,1,1
"GDO_TC","up","GO:0005667",150,0,1,1
"GDO_TC","up","GO:0005669",15,0,1,1
"GDO_TC","up","GO:0005680",10,0,1,1
"GDO_TC","up","GO:0005681",142,0,1,1
"GDO_TC","up","GO:0005682",14,0,1,1
"GDO_TC","up","GO:0005684",91,0,1,1
"GDO_TC","up","GO:0005685",15,0,1,1
"GDO_TC","up","GO:0005686",19,0,1,1
"GDO_TC","up","GO:0005687",11,0,1,1
"GDO_TC","up","GO:0005689",35,0,1,1
"GDO_TC","up","GO:0005697",12,0,1,1
"GDO_TC","up","GO:0005700",13,0,1,1
"GDO_TC","up","GO:0005732",15,0,1,1
"GDO_TC","up","GO:0005761",45,0,1,1
"GDO_TC","up","GO:0005762",28,0,1,1
"GDO_TC","up","GO:0005763",17,0,1,1
"GDO_TC","up","GO:0005771",20,0,1,1
"GDO_TC","up","GO:0005775",24,0,1,1
"GDO_TC","up","GO:0005778",31,0,1,1
"GDO_TC","up","GO:0005782",17,0,1,1
"GDO_TC","up","GO:0005796",17,0,1,1
"GDO_TC","up","GO:0005801",22,0,1,1
"GDO_TC","up","GO:0005814",102,0,1,1
"GDO_TC","up","GO:0005838",14,0,1,1
"GDO_TC","up","GO:0005839",14,0,1,1
"GDO_TC","up","GO:0005847",10,0,1,1
"GDO_TC","up","GO:0005849",15,0,1,1
"GDO_TC","up","GO:0005858",27,0,1,1
"GDO_TC","up","GO:0005868",20,0,1,1
"GDO_TC","up","GO:0005879",45,0,1,1
"GDO_TC","up","GO:0005881",67,0,1,1
"GDO_TC","up","GO:0005892",13,0,1,1
"GDO_TC","up","GO:0005901",18,0,1,1
"GDO_TC","up","GO:0005918",18,0,1,1
"GDO_TC","up","GO:0005927",16,0,1,1
"GDO_TC","up","GO:0005930",190,0,1,1
"GDO_TC","up","GO:0008023",26,0,1,1
"GDO_TC","up","GO:0008287",25,0,1,1
"GDO_TC","up","GO:0008305",10,0,1,1
"GDO_TC","up","GO:0009295",14,0,1,1
"GDO_TC","up","GO:0009507",10,0,1,1
"GDO_TC","up","GO:0014704",14,0,1,1
"GDO_TC","up","GO:0014731",14,0,1,1
"GDO_TC","up","GO:0015030",23,0,1,1
"GDO_TC","up","GO:0015934",68,0,1,1
"GDO_TC","up","GO:0015935",43,0,1,1
"GDO_TC","up","GO:0016234",23,0,1,1
"GDO_TC","up","GO:0016328",38,0,1,1
"GDO_TC","up","GO:0016363",45,0,1,1
"GDO_TC","up","GO:0016460",36,0,1,1
"GDO_TC","up","GO:0016514",12,0,1,1
"GDO_TC","up","GO:0016591",44,0,1,1
"GDO_TC","up","GO:0016592",16,0,1,1
"GDO_TC","up","GO:0017053",23,0,1,1
"GDO_TC","up","GO:0019005",30,0,1,1
"GDO_TC","up","GO:0019897",18,0,1,1
"GDO_TC","up","GO:0019908",11,0,1,1
"GDO_TC","up","GO:0022625",40,0,1,1
"GDO_TC","up","GO:0022627",23,0,1,1
"GDO_TC","up","GO:0030014",10,0,1,1
"GDO_TC","up","GO:0030016",96,0,1,1
"GDO_TC","up","GO:0030017",86,0,1,1
"GDO_TC","up","GO:0030018",67,0,1,1
"GDO_TC","up","GO:0030131",11,0,1,1
"GDO_TC","up","GO:0030286",51,0,1,1
"GDO_TC","up","GO:0030532",59,0,1,1
"GDO_TC","up","GO:0030673",14,0,1,1
"GDO_TC","up","GO:0030684",75,0,1,1
"GDO_TC","up","GO:0030686",22,0,1,1
"GDO_TC","up","GO:0030687",17,0,1,1
"GDO_TC","up","GO:0030688",14,0,1,1
"GDO_TC","up","GO:0030880",62,0,1,1
"GDO_TC","up","GO:0030990",21,0,1,1
"GDO_TC","up","GO:0030991",14,0,1,1
"GDO_TC","up","GO:0030992",15,0,1,1
"GDO_TC","up","GO:0031010",11,0,1,1
"GDO_TC","up","GO:0031011",11,0,1,1
"GDO_TC","up","GO:0031201",18,0,1,1
"GDO_TC","up","GO:0031248",64,0,1,1
"GDO_TC","up","GO:0031430",27,0,1,1
"GDO_TC","up","GO:0031461",93,0,1,1
"GDO_TC","up","GO:0031462",13,0,1,1
"GDO_TC","up","GO:0031463",24,0,1,1
"GDO_TC","up","GO:0031466",13,0,1,1
"GDO_TC","up","GO:0031519",18,0,1,1
"GDO_TC","up","GO:0031672",32,0,1,1
"GDO_TC","up","GO:0031674",69,0,1,1
"GDO_TC","up","GO:0031903",31,0,1,1
"GDO_TC","up","GO:0031907",17,0,1,1
"GDO_TC","up","GO:0031983",40,0,1,1
"GDO_TC","up","GO:0032040",45,0,1,1
"GDO_TC","up","GO:0032391",27,0,1,1
"GDO_TC","up","GO:0032426",14,0,1,1
"GDO_TC","up","GO:0032432",26,0,1,1
"GDO_TC","up","GO:0032588",39,0,1,1
"GDO_TC","up","GO:0032589",29,0,1,1
"GDO_TC","up","GO:0032806",11,0,1,1
"GDO_TC","up","GO:0032993",50,0,1,1
"GDO_TC","up","GO:0034399",15,0,1,1
"GDO_TC","up","GO:0034693",10,0,1,1
"GDO_TC","up","GO:0034705",10,0,1,1
"GDO_TC","up","GO:0034708",58,0,1,1
"GDO_TC","up","GO:0034709",10,0,1,1
"GDO_TC","up","GO:0034719",12,0,1,1
"GDO_TC","up","GO:0034774",39,0,1,1
"GDO_TC","up","GO:0035097",35,0,1,1
"GDO_TC","up","GO:0035102",10,0,1,1
"GDO_TC","up","GO:0035267",14,0,1,1
"GDO_TC","up","GO:0035578",14,0,1,1
"GDO_TC","up","GO:0035869",49,0,1,1
"GDO_TC","up","GO:0036064",144,0,1,1
"GDO_TC","up","GO:0036156",11,0,1,1
"GDO_TC","up","GO:0036452",16,0,1,1
"GDO_TC","up","GO:0042581",14,0,1,1
"GDO_TC","up","GO:0042583",10,0,1,1
"GDO_TC","up","GO:0042584",10,0,1,1
"GDO_TC","up","GO:0042641",29,0,1,1
"GDO_TC","up","GO:0042645",14,0,1,1
"GDO_TC","up","GO:0043034",12,0,1,1
"GDO_TC","up","GO:0043189",14,0,1,1
"GDO_TC","up","GO:0043195",16,0,1,1
"GDO_TC","up","GO:0043198",18,0,1,1
"GDO_TC","up","GO:0043202",14,0,1,1
"GDO_TC","up","GO:0043292",101,0,1,1
"GDO_TC","up","GO:0043596",13,0,1,1
"GDO_TC","up","GO:0043679",35,0,1,1
"GDO_TC","up","GO:0044217",11,0,1,1
"GDO_TC","up","GO:0044291",16,0,1,1
"GDO_TC","up","GO:0044304",26,0,1,1
"GDO_TC","up","GO:0044306",44,0,1,1
"GDO_TC","up","GO:0044391",111,0,1,1
"GDO_TC","up","GO:0044615",10,0,1,1
"GDO_TC","up","GO:0044665",19,0,1,1
"GDO_TC","up","GO:0044853",29,0,1,1
"GDO_TC","up","GO:0045111",14,0,1,1
"GDO_TC","up","GO:0045171",26,0,1,1
"GDO_TC","up","GO:0045179",11,0,1,1
"GDO_TC","up","GO:0045240",13,0,1,1
"GDO_TC","up","GO:0046540",33,0,1,1
"GDO_TC","up","GO:0051233",10,0,1,1
"GDO_TC","up","GO:0055029",45,0,1,1
"GDO_TC","up","GO:0060076",15,0,1,1
"GDO_TC","up","GO:0060170",25,0,1,1
"GDO_TC","up","GO:0060205",40,0,1,1
"GDO_TC","up","GO:0070461",25,0,1,1
"GDO_TC","up","GO:0070603",52,0,1,1
"GDO_TC","up","GO:0070820",13,0,1,1
"GDO_TC","up","GO:0070822",10,0,1,1
"GDO_TC","up","GO:0070852",13,0,1,1
"GDO_TC","up","GO:0071004",12,0,1,1
"GDO_TC","up","GO:0071005",47,0,1,1
"GDO_TC","up","GO:0071006",43,0,1,1
"GDO_TC","up","GO:0071007",31,0,1,1
"GDO_TC","up","GO:0071010",12,0,1,1
"GDO_TC","up","GO:0071011",66,0,1,1
"GDO_TC","up","GO:0071012",43,0,1,1
"GDO_TC","up","GO:0071013",75,0,1,1
"GDO_TC","up","GO:0071014",21,0,1,1
"GDO_TC","up","GO:0071016",21,0,1,1
"GDO_TC","up","GO:0071018",17,0,1,1
"GDO_TC","up","GO:0071020",22,0,1,1
"GDO_TC","up","GO:0071339",19,0,1,1
"GDO_TC","up","GO:0072379",10,0,1,1
"GDO_TC","up","GO:0080008",18,0,1,1
"GDO_TC","up","GO:0090543",15,0,1,1
"GDO_TC","up","GO:0090575",86,0,1,1
"GDO_TC","up","GO:0097014",191,0,1,1
"GDO_TC","up","GO:0097038",12,0,1,1
"GDO_TC","up","GO:0097228",33,0,1,1
"GDO_TC","up","GO:0097229",19,0,1,1
"GDO_TC","up","GO:0097346",16,0,1,1
"GDO_TC","up","GO:0097386",12,0,1,1
"GDO_TC","up","GO:0097431",14,0,1,1
"GDO_TC","up","GO:0097440",11,0,1,1
"GDO_TC","up","GO:0097517",23,0,1,1
"GDO_TC","up","GO:0097525",57,0,1,1
"GDO_TC","up","GO:0097526",34,0,1,1
"GDO_TC","up","GO:0097542",20,0,1,1
"GDO_TC","up","GO:0097545",28,0,1,1
"GDO_TC","up","GO:0097546",23,0,1,1
"GDO_TC","up","GO:0097649",26,0,1,1
"GDO_TC","up","GO:0097731",52,0,1,1
"GDO_TC","up","GO:0097733",43,0,1,1
"GDO_TC","up","GO:0098644",15,0,1,1
"GDO_TC","up","GO:0098647",11,0,1,1
"GDO_TC","up","GO:0098686",10,0,1,1
"GDO_TC","up","GO:0098839",30,0,1,1
"GDO_TC","up","GO:0099023",31,0,1,1
"GDO_TC","up","GO:0099091",14,0,1,1
"GDO_TC","up","GO:0099092",11,0,1,1
"GDO_TC","up","GO:0099523",10,0,1,1
"GDO_TC","up","GO:0099524",10,0,1,1
"GDO_TC","up","GO:0099568",23,0,1,1
"GDO_TC","up","GO:0099634",34,0,1,1
"GDO_TC","up","GO:0099738",21,0,1,1
"GDO_TC","up","GO:0101002",22,0,1,1
"GDO_TC","up","GO:0101031",16,0,1,1
"GDO_TC","up","GO:0120114",65,0,1,1
"GDO_TC","up","GO:0120212",14,0,1,1
"GDO_TC","up","GO:0120293",12,0,1,1
"GDO_TC","up","GO:0140086",11,0,1,1
"GDO_TC","up","GO:0140139",31,0,1,1
"GDO_TC","up","GO:0140144",29,0,1,1
"GDO_TC","up","GO:0140158",11,0,1,1
"GDO_TC","up","GO:0140672",10,0,1,1
"GDO_TC","up","GO:0160110",26,0,1,1
"GDO_TC","up","GO:0160111",17,0,1,1
"GDO_TC","up","GO:0170014",10,0,1,1
"GDO_TC","up","GO:1902493",72,0,1,1
"GDO_TC","up","GO:1902555",15,0,1,1
"GDO_TC","up","GO:1902562",22,0,1,1
"GDO_TC","up","GO:1903293",25,0,1,1
"GDO_TC","up","GO:1904813",17,0,1,1
"GDO_TC","up","GO:1905286",11,0,1,1
"GDO_TC","up","GO:1905348",16,0,1,1
"GDO_TC","up","GO:1905354",13,0,1,1
"GDO_TC","up","GO:1905370",11,0,1,1
"GDO_TC","up","GO:1990716",10,0,1,1
"GDO_TC","up","GO:1990752",10,0,1,1
"GDO_TC","down","GO:0140086",11,3,1,0.000589085999378202
"GDO_TC","down","GO:1990904",431,4,1,0.919564340052667
"GDO_TC","down","GO:0097014",191,2,1,0.813487961869629
"GDO_TC","down","GO:0043292",101,4,1,0.0767937782574903
"GDO_TC","down","GO:0005759",194,1,0.957573051716149,0.957573051716149
"GDO_TC","down","GO:0046540",33,1,0.411859234691949,0.411859234691949
"GDO_TC","down","GO:0005694",530,10,0.313009678574906,0.334780458971933
"GDO_TC","down","GO:0005938",173,5,0.56197907713338,0.141029704775905
"GDO_TC","down","GO:0030863",35,1,1,0.430527750797601
"GDO_TC","down","GO:0030864",28,1,0.362494292902545,0.362494292902545
"GDO_TC","down","GO:0034399",15,1,0.214104877935507,0.214104877935507
"GDO_TC","down","GO:0005783",713,11,0.552363464982826,0.591287069028789
"GDO_TC","down","GO:0031430",27,1,0.352139678887531,0.352139678887531
"GDO_TC","down","GO:0097708",830,7,1,0.983705462101944
"GDO_TC","down","GO:0044853",29,1,1,0.372684977430386
"GDO_TC","down","GO:0042582",27,1,1,0.352139678887531
"GDO_TC","down","GO:0036477",301,3,1,0.864891143651519
"GDO_TC","down","GO:0045211",108,1,0.825755992805117,0.825755992805117
"GDO_TC","down","GO:0140513",638,10,0.973561111837478,0.569753572616254
"GDO_TC","down","GO:0055037",64,2,1,0.271159372179265
"GDO_TC","down","GO:0005789",447,6,0.725048679093272,0.725048679093272
"GDO_TC","down","GO:0055038",29,2,0.0771551261229898,0.0771551261229898
"GDO_TC","down","GO:0000793",82,4,0.0711705575082461,0.0411835932713966
"GDO_TC","down","GO:0099568",23,2,1,0.0511011176972251
"GDO_TC","down","GO:0098852",142,2,1,0.665485433030897
"GDO_TC","down","GO:0000974",10,1,0.148332639815437,0.148332639815437
"GDO_TC","down","GO:0005856",1038,19,0.111588556546868,0.289101975612691
"GDO_TC","down","GO:0016528",42,2,0.0314724283634253,0.143620836978935
"GDO_TC","down","GO:1990234",451,4,1,0.935381226222945
"GDO_TC","down","GO:0016529",40,1,0.474670545113768,0.474670545113768
"GDO_TC","down","GO:0005770",130,1,1,0.878380449408955
"GDO_TC","down","GO:0098857",75,3,1,0.116724572342882
"GDO_TC","down","GO:0005771",20,1,0.274842762049409,0.274842762049409
"GDO_TC","down","GO:0098562",86,1,1,0.750670146697451
"GDO_TC","down","GO:0005773",327,3,1,0.89944158897492
"GDO_TC","down","GO:0005774",168,2,1,0.753049055547639
"GDO_TC","down","GO:0042995",1008,14,1,0.751750739745948
"GDO_TC","down","GO:0005775",24,1,1,0.320065943470488
"GDO_TC","down","GO:0120111",34,1,1,0.421268039428457
"GDO_TC","down","GO:0071944",1616,29,1,0.258659705470468
"GDO_TC","down","GO:0005777",69,3,0.0967873587591557,0.0967873587591557
"GDO_TC","down","GO:0120114",65,1,1,0.649394490457292
"GDO_TC","down","GO:0030141",179,2,0.871836866328999,0.783790839718284
"GDO_TC","down","GO:0016514",12,1,0.175271360231944,0.175271360231944
"GDO_TC","down","GO:0031901",83,1,0.738209897914621,0.738209897914621
"GDO_TC","down","GO:0000151",160,1,0.925665284613385,0.925665284613385
"GDO_TC","down","GO:0000922",77,2,0.347697495431151,0.347697495431151
"GDO_TC","down","GO:0072686",66,2,0.283017423753211,0.283017423753211
"GDO_TC","down","GO:1904949",75,1,1,0.701886327996504
"GDO_TC","down","GO:0042579",69,3,1,0.0967873587591557
"GDO_TC","down","GO:0030880",62,1,1,0.631931724252643
"GDO_TC","down","GO:0170014",10,1,0.148332639815437,0.148332639815437
"GDO_TC","down","GO:0070603",52,1,1,0.567264309375691
"GDO_TC","down","GO:0005886",1445,20,0.668392835375865,0.795864358446915
"GDO_TC","down","GO:0000323",276,3,1,0.822401266828347
"GDO_TC","down","GO:0032040",45,1,0.515421956671853,0.515421956671853
"GDO_TC","down","GO:0016020",2790,33,0.79863672964192,0.992062465101341
"GDO_TC","down","GO:0065010",231,3,1,0.718048372081721
"GDO_TC","down","GO:0044304",26,2,0.174071077571421,0.0636694986225988
"GDO_TC","down","GO:0098552",136,1,1,0.889764379950728
"GDO_TC","down","GO:0005901",18,1,0.251126623236054,0.251126623236054
"GDO_TC","down","GO:0044306",44,1,1,0.507530300469828
"GDO_TC","down","GO:0016363",45,2,0.160297427580757,0.160297427580757
"GDO_TC","down","GO:0140535",483,3,0.98700189342102,0.985782829903482
"GDO_TC","down","GO:0005874",161,1,0.926878151008146,0.926878151008146
"GDO_TC","down","GO:0005667",150,4,0.533512282438085,0.216090669341456
"GDO_TC","down","GO:0036126",142,2,0.665485433030897,0.665485433030897
"GDO_TC","down","GO:0005669",15,1,0.214104877935507,0.214104877935507
"GDO_TC","down","GO:0008023",26,1,0.341618524391014,0.341618524391014
"GDO_TC","down","GO:0005581",17,4,0.0894122136504147,0.000122920018864633
"GDO_TC","down","GO:0030666",33,2,1,0.09637015895934
"GDO_TC","down","GO:0030139",86,2,1,0.399211327479485
"GDO_TC","down","GO:0071782",15,2,0.0230206524958857,0.0230206524958857
"GDO_TC","down","GO:0099572",141,1,1,0.898439871461582
"GDO_TC","down","GO:0005589",11,3,0.000589085999378202,0.000589085999378202
"GDO_TC","down","GO:1904115",22,1,0.297814827095947,0.297814827095947
"GDO_TC","down","GO:0098588",821,5,1,0.997865921251221
"GDO_TC","down","GO:0005654",1245,17,0.919357310921357,0.795908383079171
"GDO_TC","down","GO:0000428",53,1,1,0.574207307188854
"GDO_TC","down","GO:0016460",36,3,0.0191195867969043,0.0191195867969043
"GDO_TC","down","GO:0099080",683,18,1,0.0213039930008367
"GDO_TC","down","GO:0099081",324,10,1,0.0327711235282481
"GDO_TC","down","GO:0030990",21,1,1,0.286420341531581
"GDO_TC","down","GO:0043005",490,9,0.516143212959004,0.377940614860856
"GDO_TC","down","GO:0098827",449,6,1,0.729064489151095
"GDO_TC","down","GO:0005829",1697,12,0.999923578591402,0.999923578591402
"GDO_TC","down","GO:0030054",841,6,1,0.994663385882008
"GDO_TC","down","GO:0030992",15,1,0.214104877935507,0.214104877935507
"GDO_TC","down","GO:0005575",6534,104,1,1
"GDO_TC","down","GO:0030659",414,3,1,0.96504428418629
"GDO_TC","down","GO:0034708",58,2,0.307928094798048,0.235615101611926
"GDO_TC","down","GO:0005576",627,22,1.01539528474416e-05,0.00027711560889746
"GDO_TC","down","GO:0032153",59,1,0.613607956246023,0.613607956246023
"GDO_TC","down","GO:0009986",173,3,0.523284365545365,0.523284365545365
"GDO_TC","down","GO:0005681",142,3,0.411056077183418,0.394643492133663
"GDO_TC","down","GO:0005682",14,1,0.201365929572865,0.201365929572865
"GDO_TC","down","GO:0005811",46,1,0.523188348489718,0.523188348489718
"GDO_TC","down","GO:0005684",91,1,0.770144996283524,0.770144996283524
"GDO_TC","down","GO:0005813",304,3,0.86934619124783,0.86934619124783
"GDO_TC","down","GO:0140168",198,4,1,0.387396247607812
"GDO_TC","down","GO:0005814",102,1,0.807844908304281,0.807844908304281
"GDO_TC","down","GO:0005815",397,4,1,0.884781134262144
"GDO_TC","down","GO:0099738",21,2,1,0.0432911724059912
"GDO_TC","down","GO:0030684",75,1,1,0.701886327996504
"GDO_TC","down","GO:0098687",121,3,1,0.302877825069442
"GDO_TC","down","GO:1990351",129,1,1,0.876373080219704
"GDO_TC","down","GO:0031672",32,1,1,0.402298959669749
"GDO_TC","down","GO:0005819",174,4,0.603130005069902,0.300107632277479
"GDO_TC","down","GO:0005730",391,5,0.807352074237502,0.754411752452202
"GDO_TC","down","GO:0031674",69,4,1,0.0237704046623091
"GDO_TC","down","GO:0140151",20,3,0.0462300404532565,0.00366751040540651
"GDO_TC","down","GO:0016459",58,3,1,0.0644375981441007
"GDO_TC","down","GO:0099512",324,10,0.014060548548333,0.0327711235282481
"GDO_TC","down","GO:0099513",210,1,1,0.967448271260197
"GDO_TC","down","GO:0010008",217,2,1,0.865757722418319
"GDO_TC","down","GO:0014069",133,1,0.884210890610564,0.884210890610564
"GDO_TC","down","GO:0005737",4603,59,0.7367025174896,0.999028469740301
"GDO_TC","down","GO:0045202",615,6,0.53885081672466,0.935541691356028
"GDO_TC","down","GO:0005739",686,3,0.997771410513597,0.999204740714687
"GDO_TC","down","GO:0140158",11,3,1,0.000589085999378202
"GDO_TC","down","GO:0031514",185,2,1,0.799119167726035
"GDO_TC","down","GO:0030670",23,2,0.0511011176972251,0.0511011176972251
"GDO_TC","down","GO:0042641",29,1,1,0.372684977430386
"GDO_TC","down","GO:0000785",307,5,0.898391624473332,0.544430635102494
"GDO_TC","down","GO:0000786",16,2,0.0260397773954533,0.0260397773954533
"GDO_TC","down","GO:0030673",14,1,0.201365929572865,0.201365929572865
"GDO_TC","down","GO:0030496",80,1,0.725133231334348,0.725133231334348
"GDO_TC","down","GO:0000118",36,2,0.111574221470515,0.111574221470515
"GDO_TC","down","GO:0036064",144,2,0.673012146393863,0.673012146393863
"GDO_TC","down","GO:0031201",18,1,0.251126623236054,0.251126623236054
"GDO_TC","down","GO:1902494",929,8,0.996162457303195,0.98631321769315
"GDO_TC","down","GO:0048471",284,5,0.474680572600016,0.474680572600016
"GDO_TC","down","GO:0042383",46,1,0.523188348489718,0.523188348489718
"GDO_TC","down","GO:1902495",119,1,0.85440444784368,0.85440444784368
"GDO_TC","down","GO:0009925",99,2,1,0.470113266483574
"GDO_TC","down","GO:0097447",225,1,1,0.974623533049002
"GDO_TC","down","GO:0005622",5726,79,1,0.999720966619898
"GDO_TC","down","GO:0031965",113,2,1,0.540702470339347
"GDO_TC","down","GO:0016323",89,2,0.415979511749946,0.415979511749946
"GDO_TC","down","GO:0070062",225,3,0.701108909829314,0.701108909829314
"GDO_TC","down","GO:0016324",143,1,0.901717567022677,0.901717567022677
"GDO_TC","down","GO:0031967",502,4,1,0.963869832814704
"GDO_TC","down","GO:0043226",5171,70,1,0.998470995033738
"GDO_TC","down","GO:0000775",80,3,0.33854855883007,0.134413443578906
"GDO_TC","down","GO:0043227",4711,59,1,0.999759739186949
"GDO_TC","down","GO:0060205",40,1,1,0.474670545113768
"GDO_TC","down","GO:0000776",50,2,0.188804038719358,0.188804038719358
"GDO_TC","down","GO:0043228",2242,39,1,0.276693375045807
"GDO_TC","down","GO:0009898",56,1,0.594381166929838,0.594381166929838
"GDO_TC","down","GO:0043229",5022,70,1,0.990954972943293
"GDO_TC","down","GO:0001725",23,1,0.30902908661407,0.30902908661407
"GDO_TC","down","GO:0000779",54,2,1,0.2120765676772
"GDO_TC","down","GO:0031012",161,10,0.038281789109688,0.00022212068018957
"GDO_TC","down","GO:0110165",6512,104,1,0.702185172904055
"GDO_TC","down","GO:0030027",94,1,0.781098617148544,0.781098617148544
"GDO_TC","down","GO:0014731",14,1,0.201365929572865,0.201365929572865
"GDO_TC","down","GO:0005614",23,3,1,0.00550392799792946
"GDO_TC","down","GO:0017053",23,2,0.0511011176972251,0.0511011176972251
"GDO_TC","down","GO:0005615",232,3,1,0.720799312721455
"GDO_TC","down","GO:0016591",44,1,1,0.507530300469828
"GDO_TC","down","GO:0120025",1007,14,1,0.75039569514191
"GDO_TC","down","GO:0016604",303,4,1,0.717892449653306
"GDO_TC","down","GO:0005700",13,1,0.188422506894913,0.188422506894913
"GDO_TC","down","GO:0032279",145,1,1,0.9048904645979
"GDO_TC","down","GO:0000139",259,3,0.787494381797271,0.787494381797271
"GDO_TC","down","GO:0044297",199,2,1,0.831231549823744
"GDO_TC","down","GO:0016607",178,4,0.314562741511766,0.314562741511766
"GDO_TC","down","GO:0031981",1437,19,1,0.852278410118198
"GDO_TC","down","GO:0030016",96,4,1,0.0662705141118406
"GDO_TC","down","GO:0031982",995,9,1,0.984002864833048
"GDO_TC","down","GO:0030017",86,4,1,0.0476820865912677
"GDO_TC","down","GO:0031983",40,1,1,0.474670545113768
"GDO_TC","down","GO:0030532",59,1,1,0.613607956246023
"GDO_TC","down","GO:0030018",67,4,0.0215861381665338,0.0215861381665338
"GDO_TC","down","GO:0031984",594,7,1,0.846277523948667
"GDO_TC","down","GO:0015629",231,8,0.269555698056179,0.0303195866903644
"GDO_TC","down","GO:0098644",15,4,0.0605246144754752,7.22496727837771e-05
"GDO_TC","down","GO:0032432",26,1,1,0.341618524391014
"GDO_TC","down","GO:0097060",157,1,1,0.921905857705141
"GDO_TC","down","GO:0097729",155,2,1,0.712005060994675
"GDO_TC","down","GO:0098647",11,3,1,0.000589085999378202
"GDO_TC","down","GO:0098984",153,1,1,0.916598916698728
"GDO_TC","down","GO:0043230",231,3,1,0.718048372081721
"GDO_TC","down","GO:0031974",1758,21,1,0.955726275874744
"GDO_TC","down","GO:0043231",4371,57,1,0.99641187353693
"GDO_TC","down","GO:0035097",35,1,0.430527750797601,0.430527750797601
"GDO_TC","down","GO:0043232",2242,39,1,0.276693375045807
"GDO_TC","down","GO:0005801",22,1,0.297814827095947,0.297814827095947
"GDO_TC","down","GO:0043233",1758,21,1,0.955726275874744
"GDO_TC","down","GO:0071020",22,1,0.297814827095947,0.297814827095947
"GDO_TC","down","GO:0005802",121,2,0.57806594184515,0.57806594184515
"GDO_TC","down","GO:0005634",2685,41,0.431908260666337,0.671621771177991
"GDO_TC","down","GO:0043235",96,1,0.788112176245826,0.788112176245826
"GDO_TC","down","GO:0005635",197,4,0.386985108090493,0.383756312752521
"GDO_TC","down","GO:0098791",178,2,1,0.781139683195475
"GDO_TC","down","GO:0005793",46,1,0.523188348489718,0.523188348489718
"GDO_TC","down","GO:0005637",23,2,0.0511011176972251,0.0511011176972251
"GDO_TC","down","GO:0005794",583,7,0.969991521129714,0.832187571481613
"GDO_TC","down","GO:0098793",258,1,1,0.985357966966084
"GDO_TC","down","GO:0098794",303,3,0.811688264367032,0.867875573250605
"GDO_TC","down","GO:0098796",423,5,1,0.812670499693366
"GDO_TC","down","GO:1903561",231,3,1,0.718048372081721
"GDO_TC","down","GO:0098797",144,2,0.673012146393863,0.673012146393863
"GDO_TC","down","GO:0098978",221,1,0.972879693627468,0.972879693627468
"GDO_TC","down","GO:0042175",457,6,1,0.744724881783338
"GDO_TC","down","GO:0140144",29,2,0.0771551261229898,0.0771551261229898
"GDO_TC","down","GO:0099503",268,2,1,0.931591153164298
"GDO_TC","down","GO:0035770",327,5,1,0.601475966484373
"GDO_TC","down","GO:0150034",90,3,1,0.172282899166318
"GDO_TC","down","GO:0140149",17,2,0.0292097813403239,0.0292097813403239
"GDO_TC","down","GO:0071013",75,1,0.701886327996504,0.701886327996504
"GDO_TC","down","GO:0015630",657,7,1,0.909874730136916
"GDO_TC","down","GO:0005929",460,5,0.844069105735049,0.865897225830565
"GDO_TC","down","GO:0012505",1651,20,0.791075361738191,0.941996067199257
"GDO_TC","down","GO:0012506",426,3,1,0.970001004427616
"GDO_TC","down","GO:0019866",212,2,1,0.856870511807002
"GDO_TC","down","GO:0032589",29,1,1,0.372684977430386
"GDO_TC","down","GO:0097525",57,1,1,0.600893108677182
"GDO_TC","down","GO:0097526",34,1,1,0.421268039428457
"GDO_TC","down","GO:0034774",39,1,1,0.466121919967755
"GDO_TC","down","GO:0045171",26,1,0.341618524391014,0.341618524391014
"GDO_TC","down","GO:0070013",1758,21,1,0.955726275874744
"GDO_TC","down","GO:0032991",2376,33,0.986821150692213,0.863218554016387
"GDO_TC","down","GO:0043679",35,1,0.430527750797601,0.430527750797601
"GDO_TC","down","GO:0005911",204,2,0.855407758367784,0.84154295942439
"GDO_TC","down","GO:0140139",31,2,1,0.0865993928901092
"GDO_TC","down","GO:0031252",191,2,1,0.813487961869629
"GDO_TC","down","GO:0032993",50,2,1,0.188804038719358
"GDO_TC","down","GO:0005912",85,1,0.746583416241428,0.746583416241428
"GDO_TC","down","GO:0031253",126,2,0.789825418801553,0.600282310102818
"GDO_TC","down","GO:0036464",136,1,1,0.889764379950728
"GDO_TC","down","GO:0045177",189,3,0.169189738932247,0.58374985373314
"GDO_TC","down","GO:0045178",107,3,0.120051947084107,0.242258767502618
"GDO_TC","down","GO:0031256",73,1,1,0.692051528334541
"GDO_TC","down","GO:0045179",11,2,0.0125671501477571,0.0125671501477571
"GDO_TC","down","GO:0055029",45,1,1,0.515421956671853
"GDO_TC","down","GO:0030312",168,10,1,0.000313730426094923
"GDO_TC","down","GO:0043202",14,1,0.201365929572865,0.201365929572865
"GDO_TC","down","GO:0010494",55,1,0.587764012633478,0.587764012633478
"GDO_TC","down","GO:0097517",23,1,1,0.30902908661407
"GDO_TC","down","GO:0005604",55,3,0.316209091328478,0.0566621253034481
"GDO_TC","down","GO:0098590",459,5,1,0.86464216088231
"GDO_TC","down","GO:0043025",176,2,0.775752859201232,0.775752859201232
"GDO_TC","down","GO:0045121",75,3,0.164583434796156,0.116724572342882
"GDO_TC","down","GO:1990229",12,1,0.175271360231944,0.175271360231944
"GDO_TC","down","GO:0031410",828,7,1,0.98334973938422
"GDO_TC","down","GO:0005764",275,3,1,0.820489545857214
"GDO_TC","down","GO:0030424",243,7,0.822235307390981,0.0917418831818304
"GDO_TC","down","GO:0005765",142,2,0.665485433030897,0.665485433030897
"GDO_TC","down","GO:0030425",225,1,0.974623533049002,0.974623533049002
"GDO_TC","down","GO:0045335",42,2,1,0.143620836978935
"GDO_TC","down","GO:0005766",27,1,1,0.352139678887531
"GDO_TC","down","GO:0030426",58,2,0.235615101611926,0.235615101611926
"GDO_TC","down","GO:0030427",65,2,1,0.277089551012004
"GDO_TC","down","GO:0005768",418,5,1,0.804347504349344
"GDO_TC","down","GO:0005769",179,3,0.455799500814007,0.546512330926821
"GDO_TC","down","GO:0061695",129,1,1,0.876373080219704
"GDO_TC","down","GO:0090575",86,1,1,0.750670146697451
"GDO_TC","down","GO:0031090",1394,10,1,0.999566817295249
"GDO_TC","down","GO:0070161",293,2,1,0.951417232262187
"GDO_TC","down","GO:0005930",190,2,0.811157887463705,0.811157887463705
"GDO_TC","down","GO:0035578",14,1,0.201365929572865,0.201365929572865
"GDO_TC","down","GO:0000109",10,0,1,1
"GDO_TC","down","GO:0000123",55,0,1,1
"GDO_TC","down","GO:0000124",13,0,1,1
"GDO_TC","down","GO:0000152",22,0,1,1
"GDO_TC","down","GO:0000153",11,0,1,1
"GDO_TC","down","GO:0000178",11,0,1,1
"GDO_TC","down","GO:0000228",82,0,1,1
"GDO_TC","down","GO:0000307",20,0,1,1
"GDO_TC","down","GO:0000313",45,0,1,1
"GDO_TC","down","GO:0000314",17,0,1,1
"GDO_TC","down","GO:0000315",28,0,1,1
"GDO_TC","down","GO:0000407",22,0,1,1
"GDO_TC","down","GO:0000421",21,0,1,1
"GDO_TC","down","GO:0000502",42,0,1,1
"GDO_TC","down","GO:0000781",44,0,1,1
"GDO_TC","down","GO:0000791",20,0,1,1
"GDO_TC","down","GO:0000792",35,0,1,1
"GDO_TC","down","GO:0000794",20,0,1,1
"GDO_TC","down","GO:0000932",52,0,1,1
"GDO_TC","down","GO:0001534",10,0,1,1
"GDO_TC","down","GO:0001650",39,0,1,1
"GDO_TC","down","GO:0001669",42,0,1,1
"GDO_TC","down","GO:0001726",68,0,1,1
"GDO_TC","down","GO:0001750",24,0,1,1
"GDO_TC","down","GO:0001917",21,0,1,1
"GDO_TC","down","GO:0002080",10,0,1,1
"GDO_TC","down","GO:0002102",14,0,1,1
"GDO_TC","down","GO:0002177",14,0,1,1
"GDO_TC","down","GO:0005643",45,0,1,1
"GDO_TC","down","GO:0005657",22,0,1,1
"GDO_TC","down","GO:0005665",10,0,1,1
"GDO_TC","down","GO:0005680",10,0,1,1
"GDO_TC","down","GO:0005685",15,0,1,1
"GDO_TC","down","GO:0005686",19,0,1,1
"GDO_TC","down","GO:0005687",11,0,1,1
"GDO_TC","down","GO:0005689",35,0,1,1
"GDO_TC","down","GO:0005697",12,0,1,1
"GDO_TC","down","GO:0005721",13,0,1,1
"GDO_TC","down","GO:0005732",15,0,1,1
"GDO_TC","down","GO:0005740",314,0,1,1
"GDO_TC","down","GO:0005741",95,0,1,1
"GDO_TC","down","GO:0005743",188,0,1,1
"GDO_TC","down","GO:0005758",32,0,1,1
"GDO_TC","down","GO:0005761",45,0,1,1
"GDO_TC","down","GO:0005762",28,0,1,1
"GDO_TC","down","GO:0005763",17,0,1,1
"GDO_TC","down","GO:0005776",53,0,1,1
"GDO_TC","down","GO:0005778",31,0,1,1
"GDO_TC","down","GO:0005782",17,0,1,1
"GDO_TC","down","GO:0005788",70,0,1,1
"GDO_TC","down","GO:0005790",12,0,1,1
"GDO_TC","down","GO:0005791",33,0,1,1
"GDO_TC","down","GO:0005795",73,0,1,1
"GDO_TC","down","GO:0005796",17,0,1,1
"GDO_TC","down","GO:0005798",45,0,1,1
"GDO_TC","down","GO:0005838",14,0,1,1
"GDO_TC","down","GO:0005839",14,0,1,1
"GDO_TC","down","GO:0005840",144,0,1,1
"GDO_TC","down","GO:0005847",10,0,1,1
"GDO_TC","down","GO:0005849",15,0,1,1
"GDO_TC","down","GO:0005852",13,0,1,1
"GDO_TC","down","GO:0005858",27,0,1,1
"GDO_TC","down","GO:0005868",20,0,1,1
"GDO_TC","down","GO:0005871",27,0,1,1
"GDO_TC","down","GO:0005875",102,0,1,1
"GDO_TC","down","GO:0005876",24,0,1,1
"GDO_TC","down","GO:0005879",45,0,1,1
"GDO_TC","down","GO:0005881",67,0,1,1
"GDO_TC","down","GO:0005884",42,0,1,1
"GDO_TC","down","GO:0005891",10,0,1,1
"GDO_TC","down","GO:0005892",13,0,1,1
"GDO_TC","down","GO:0005902",35,0,1,1
"GDO_TC","down","GO:0005903",35,0,1,1
"GDO_TC","down","GO:0005905",29,0,1,1
"GDO_TC","down","GO:0005918",18,0,1,1
"GDO_TC","down","GO:0005921",12,0,1,1
"GDO_TC","down","GO:0005923",39,0,1,1
"GDO_TC","down","GO:0005925",88,0,1,1
"GDO_TC","down","GO:0005927",16,0,1,1
"GDO_TC","down","GO:0008021",108,0,1,1
"GDO_TC","down","GO:0008287",25,0,1,1
"GDO_TC","down","GO:0008305",10,0,1,1
"GDO_TC","down","GO:0009295",14,0,1,1
"GDO_TC","down","GO:0009507",10,0,1,1
"GDO_TC","down","GO:0009536",11,0,1,1
"GDO_TC","down","GO:0009897",46,0,1,1
"GDO_TC","down","GO:0012507",25,0,1,1
"GDO_TC","down","GO:0014704",14,0,1,1
"GDO_TC","down","GO:0015030",23,0,1,1
"GDO_TC","down","GO:0015934",68,0,1,1
"GDO_TC","down","GO:0015935",43,0,1,1
"GDO_TC","down","GO:0016234",23,0,1,1
"GDO_TC","down","GO:0016282",15,0,1,1
"GDO_TC","down","GO:0016328",38,0,1,1
"GDO_TC","down","GO:0016469",24,0,1,1
"GDO_TC","down","GO:0016471",11,0,1,1
"GDO_TC","down","GO:0016592",16,0,1,1
"GDO_TC","down","GO:0016605",31,0,1,1
"GDO_TC","down","GO:0017101",11,0,1,1
"GDO_TC","down","GO:0019005",30,0,1,1
"GDO_TC","down","GO:0019867",104,0,1,1
"GDO_TC","down","GO:0019897",18,0,1,1
"GDO_TC","down","GO:0019898",40,0,1,1
"GDO_TC","down","GO:0019908",11,0,1,1
"GDO_TC","down","GO:0022624",23,0,1,1
"GDO_TC","down","GO:0022625",40,0,1,1
"GDO_TC","down","GO:0022626",80,0,1,1
"GDO_TC","down","GO:0022627",23,0,1,1
"GDO_TC","down","GO:0030014",10,0,1,1
"GDO_TC","down","GO:0030055",105,0,1,1
"GDO_TC","down","GO:0030117",46,0,1,1
"GDO_TC","down","GO:0030118",19,0,1,1
"GDO_TC","down","GO:0030119",15,0,1,1
"GDO_TC","down","GO:0030120",37,0,1,1
"GDO_TC","down","GO:0030125",14,0,1,1
"GDO_TC","down","GO:0030127",14,0,1,1
"GDO_TC","down","GO:0030131",11,0,1,1
"GDO_TC","down","GO:0030133",170,0,1,1
"GDO_TC","down","GO:0030134",35,0,1,1
"GDO_TC","down","GO:0030135",112,0,1,1
"GDO_TC","down","GO:0030136",60,0,1,1
"GDO_TC","down","GO:0030137",19,0,1,1
"GDO_TC","down","GO:0030140",15,0,1,1
"GDO_TC","down","GO:0030175",40,0,1,1
"GDO_TC","down","GO:0030286",51,0,1,1
"GDO_TC","down","GO:0030315",17,0,1,1
"GDO_TC","down","GO:0030658",99,0,1,1
"GDO_TC","down","GO:0030660",26,0,1,1
"GDO_TC","down","GO:0030662",67,0,1,1
"GDO_TC","down","GO:0030663",14,0,1,1
"GDO_TC","down","GO:0030665",29,0,1,1
"GDO_TC","down","GO:0030667",62,0,1,1
"GDO_TC","down","GO:0030672",53,0,1,1
"GDO_TC","down","GO:0030686",22,0,1,1
"GDO_TC","down","GO:0030687",17,0,1,1
"GDO_TC","down","GO:0030688",14,0,1,1
"GDO_TC","down","GO:0030867",23,0,1,1
"GDO_TC","down","GO:0030964",20,0,1,1
"GDO_TC","down","GO:0030991",14,0,1,1
"GDO_TC","down","GO:0031010",11,0,1,1
"GDO_TC","down","GO:0031011",11,0,1,1
"GDO_TC","down","GO:0031045",19,0,1,1
"GDO_TC","down","GO:0031248",64,0,1,1
"GDO_TC","down","GO:0031312",11,0,1,1
"GDO_TC","down","GO:0031461",93,0,1,1
"GDO_TC","down","GO:0031462",13,0,1,1
"GDO_TC","down","GO:0031463",24,0,1,1
"GDO_TC","down","GO:0031466",13,0,1,1
"GDO_TC","down","GO:0031519",18,0,1,1
"GDO_TC","down","GO:0031526",17,0,1,1
"GDO_TC","down","GO:0031528",10,0,1,1
"GDO_TC","down","GO:0031594",35,0,1,1
"GDO_TC","down","GO:0031902",75,0,1,1
"GDO_TC","down","GO:0031903",31,0,1,1
"GDO_TC","down","GO:0031907",17,0,1,1
"GDO_TC","down","GO:0031941",10,0,1,1
"GDO_TC","down","GO:0031966",299,0,1,1
"GDO_TC","down","GO:0031968",104,0,1,1
"GDO_TC","down","GO:0031970",37,0,1,1
"GDO_TC","down","GO:0031985",54,0,1,1
"GDO_TC","down","GO:0032045",16,0,1,1
"GDO_TC","down","GO:0032154",53,0,1,1
"GDO_TC","down","GO:0032391",27,0,1,1
"GDO_TC","down","GO:0032420",26,0,1,1
"GDO_TC","down","GO:0032421",31,0,1,1
"GDO_TC","down","GO:0032426",14,0,1,1
"GDO_TC","down","GO:0032580",36,0,1,1
"GDO_TC","down","GO:0032587",34,0,1,1
"GDO_TC","down","GO:0032588",39,0,1,1
"GDO_TC","down","GO:0032806",11,0,1,1
"GDO_TC","down","GO:0033017",15,0,1,1
"GDO_TC","down","GO:0033116",25,0,1,1
"GDO_TC","down","GO:0033176",16,0,1,1
"GDO_TC","down","GO:0033290",14,0,1,1
"GDO_TC","down","GO:0034451",42,0,1,1
"GDO_TC","down","GO:0034693",10,0,1,1
"GDO_TC","down","GO:0034702",65,0,1,1
"GDO_TC","down","GO:0034703",48,0,1,1
"GDO_TC","down","GO:0034704",17,0,1,1
"GDO_TC","down","GO:0034705",10,0,1,1
"GDO_TC","down","GO:0034709",10,0,1,1
"GDO_TC","down","GO:0034719",12,0,1,1
"GDO_TC","down","GO:0035102",10,0,1,1
"GDO_TC","down","GO:0035267",14,0,1,1
"GDO_TC","down","GO:0035861",43,0,1,1
"GDO_TC","down","GO:0035869",49,0,1,1
"GDO_TC","down","GO:0036156",11,0,1,1
"GDO_TC","down","GO:0036452",16,0,1,1
"GDO_TC","down","GO:0042470",44,0,1,1
"GDO_TC","down","GO:0042581",14,0,1,1
"GDO_TC","down","GO:0042583",10,0,1,1
"GDO_TC","down","GO:0042584",10,0,1,1
"GDO_TC","down","GO:0042645",14,0,1,1
"GDO_TC","down","GO:0042734",49,0,1,1
"GDO_TC","down","GO:0043020",12,0,1,1
"GDO_TC","down","GO:0043034",12,0,1,1
"GDO_TC","down","GO:0043186",25,0,1,1
"GDO_TC","down","GO:0043189",14,0,1,1
"GDO_TC","down","GO:0043195",16,0,1,1
"GDO_TC","down","GO:0043197",57,0,1,1
"GDO_TC","down","GO:0043198",18,0,1,1
"GDO_TC","down","GO:0043204",55,0,1,1
"GDO_TC","down","GO:0043209",23,0,1,1
"GDO_TC","down","GO:0043296",65,0,1,1
"GDO_TC","down","GO:0043596",13,0,1,1
"GDO_TC","down","GO:0044217",11,0,1,1
"GDO_TC","down","GO:0044232",30,0,1,1
"GDO_TC","down","GO:0044233",13,0,1,1
"GDO_TC","down","GO:0044291",16,0,1,1
"GDO_TC","down","GO:0044309",58,0,1,1
"GDO_TC","down","GO:0044322",11,0,1,1
"GDO_TC","down","GO:0044391",111,0,1,1
"GDO_TC","down","GO:0044615",10,0,1,1
"GDO_TC","down","GO:0044665",19,0,1,1
"GDO_TC","down","GO:0045111",14,0,1,1
"GDO_TC","down","GO:0045240",13,0,1,1
"GDO_TC","down","GO:0045271",20,0,1,1
"GDO_TC","down","GO:0045334",11,0,1,1
"GDO_TC","down","GO:0045495",27,0,1,1
"GDO_TC","down","GO:0048475",46,0,1,1
"GDO_TC","down","GO:0048770",44,0,1,1
"GDO_TC","down","GO:0048786",39,0,1,1
"GDO_TC","down","GO:0051233",10,0,1,1
"GDO_TC","down","GO:0060076",15,0,1,1
"GDO_TC","down","GO:0060170",25,0,1,1
"GDO_TC","down","GO:0060293",25,0,1,1
"GDO_TC","down","GO:0070160",59,0,1,1
"GDO_TC","down","GO:0070382",113,0,1,1
"GDO_TC","down","GO:0070461",25,0,1,1
"GDO_TC","down","GO:0070820",13,0,1,1
"GDO_TC","down","GO:0070822",10,0,1,1
"GDO_TC","down","GO:0070852",13,0,1,1
"GDO_TC","down","GO:0070971",11,0,1,1
"GDO_TC","down","GO:0070993",16,0,1,1
"GDO_TC","down","GO:0071004",12,0,1,1
"GDO_TC","down","GO:0071005",47,0,1,1
"GDO_TC","down","GO:0071006",43,0,1,1
"GDO_TC","down","GO:0071007",31,0,1,1
"GDO_TC","down","GO:0071010",12,0,1,1
"GDO_TC","down","GO:0071011",66,0,1,1
"GDO_TC","down","GO:0071012",43,0,1,1
"GDO_TC","down","GO:0071014",21,0,1,1
"GDO_TC","down","GO:0071016",21,0,1,1
"GDO_TC","down","GO:0071018",17,0,1,1
"GDO_TC","down","GO:0071339",19,0,1,1
"GDO_TC","down","GO:0072379",10,0,1,1
"GDO_TC","down","GO:0080008",18,0,1,1
"GDO_TC","down","GO:0090443",11,0,1,1
"GDO_TC","down","GO:0090533",18,0,1,1
"GDO_TC","down","GO:0090543",15,0,1,1
"GDO_TC","down","GO:0090734",61,0,1,1
"GDO_TC","down","GO:0097038",12,0,1,1
"GDO_TC","down","GO:0097225",52,0,1,1
"GDO_TC","down","GO:0097228",33,0,1,1
"GDO_TC","down","GO:0097229",19,0,1,1
"GDO_TC","down","GO:0097346",16,0,1,1
"GDO_TC","down","GO:0097386",12,0,1,1
"GDO_TC","down","GO:0097431",14,0,1,1
"GDO_TC","down","GO:0097440",11,0,1,1
"GDO_TC","down","GO:0097542",20,0,1,1
"GDO_TC","down","GO:0097545",28,0,1,1
"GDO_TC","down","GO:0097546",23,0,1,1
"GDO_TC","down","GO:0097649",26,0,1,1
"GDO_TC","down","GO:0097730",70,0,1,1
"GDO_TC","down","GO:0097731",52,0,1,1
"GDO_TC","down","GO:0097733",43,0,1,1
"GDO_TC","down","GO:0098533",19,0,1,1
"GDO_TC","down","GO:0098554",20,0,1,1
"GDO_TC","down","GO:0098636",15,0,1,1
"GDO_TC","down","GO:0098685",39,0,1,1
"GDO_TC","down","GO:0098686",10,0,1,1
"GDO_TC","down","GO:0098798",100,0,1,1
"GDO_TC","down","GO:0098800",28,0,1,1
"GDO_TC","down","GO:0098802",42,0,1,1
"GDO_TC","down","GO:0098803",40,0,1,1
"GDO_TC","down","GO:0098839",30,0,1,1
"GDO_TC","down","GO:0098858",86,0,1,1
"GDO_TC","down","GO:0098862",63,0,1,1
"GDO_TC","down","GO:0098982",27,0,1,1
"GDO_TC","down","GO:0099023",31,0,1,1
"GDO_TC","down","GO:0099091",14,0,1,1
"GDO_TC","down","GO:0099092",11,0,1,1
"GDO_TC","down","GO:0099501",53,0,1,1
"GDO_TC","down","GO:0099523",10,0,1,1
"GDO_TC","down","GO:0099524",10,0,1,1
"GDO_TC","down","GO:0099634",34,0,1,1
"GDO_TC","down","GO:0101002",22,0,1,1
"GDO_TC","down","GO:0101031",16,0,1,1
"GDO_TC","down","GO:0120212",14,0,1,1
"GDO_TC","down","GO:0120293",12,0,1,1
"GDO_TC","down","GO:0140047",10,0,1,1
"GDO_TC","down","GO:0140268",10,0,1,1
"GDO_TC","down","GO:0140534",64,0,1,1
"GDO_TC","down","GO:0140672",10,0,1,1
"GDO_TC","down","GO:0160110",26,0,1,1
"GDO_TC","down","GO:0160111",17,0,1,1
"GDO_TC","down","GO:1902493",72,0,1,1
"GDO_TC","down","GO:1902554",52,0,1,1
"GDO_TC","down","GO:1902555",15,0,1,1
"GDO_TC","down","GO:1902562",22,0,1,1
"GDO_TC","down","GO:1902911",56,0,1,1
"GDO_TC","down","GO:1903293",25,0,1,1
"GDO_TC","down","GO:1904813",17,0,1,1
"GDO_TC","down","GO:1905286",11,0,1,1
"GDO_TC","down","GO:1905348",16,0,1,1
"GDO_TC","down","GO:1905354",13,0,1,1
"GDO_TC","down","GO:1905368",81,0,1,1
"GDO_TC","down","GO:1905369",62,0,1,1
"GDO_TC","down","GO:1905370",11,0,1,1
"GDO_TC","down","GO:1990204",65,0,1,1
"GDO_TC","down","GO:1990716",10,0,1,1
"GDO_TC","down","GO:1990752",10,0,1,1
