"code","direction","GO.ID","Annotated","Significant","p_weight01","p_classic"
"FOA_TC","up","GO:0032561",181,5,1,0.0439556661741109
"FOA_TC","up","GO:0005231",11,1,0.112622932015772,0.112622932015772
"FOA_TC","up","GO:0003690",268,2,1,0.795098392178451
"FOA_TC","up","GO:0046872",1370,13,0.828379131614544,0.760427263249418
"FOA_TC","up","GO:0051082",44,3,0.011458992405869,0.011458992405869
"FOA_TC","up","GO:0140096",847,4,1,0.988492961956379
"FOA_TC","up","GO:0090079",59,7,0.0828096138716008,2.42012864473665e-06
"FOA_TC","up","GO:0140097",69,1,0.529737843278325,0.529737843278325
"FOA_TC","up","GO:0140098",147,11,1,2.790358770166e-07
"FOA_TC","up","GO:0099106",17,1,0.168716723101073,0.168716723101073
"FOA_TC","up","GO:0003712",159,1,1,0.827389150898096
"FOA_TC","up","GO:0051087",60,3,0.0474029544744364,0.0262649847252022
"FOA_TC","up","GO:0003713",87,1,0.614513031649843,0.614513031649843
"FOA_TC","up","GO:0004672",220,1,1,0.913543712890055
"FOA_TC","up","GO:0031369",18,2,0.0156300262043181,0.0156300262043181
"FOA_TC","up","GO:0016755",162,1,1,0.83312113853245
"FOA_TC","up","GO:0022834",35,1,1,0.316970671435659
"FOA_TC","up","GO:0004674",175,1,0.855879470492135,0.855879470492135
"FOA_TC","up","GO:0016817",335,8,1,0.0251967232892495
"FOA_TC","up","GO:0004812",23,10,8.17394836861244e-15,8.17394836861244e-15
"FOA_TC","up","GO:0022835",15,1,1,0.150415885010658
"FOA_TC","up","GO:0016818",335,8,1,0.0251967232892495
"FOA_TC","up","GO:0016757",113,1,1,0.711147758921826
"FOA_TC","up","GO:0022836",72,1,1,0.545036613246548
"FOA_TC","up","GO:0019899",557,5,0.97941085228896,0.735736608909348
"FOA_TC","up","GO:0016758",82,1,1,0.592595114084838
"FOA_TC","up","GO:0022839",71,1,1,0.539991974169586
"FOA_TC","up","GO:0032553",852,25,1,2.79581974912525e-07
"FOA_TC","up","GO:0005509",231,1,0.923759465550571,0.923759465550571
"FOA_TC","up","GO:0004175",115,1,1,0.717509802140946
"FOA_TC","up","GO:0032555",845,25,1,2.36604404593031e-07
"FOA_TC","up","GO:0000339",11,1,0.112622932015772,0.112622932015772
"FOA_TC","up","GO:0035639",820,25,1,1.28390908473518e-07
"FOA_TC","up","GO:0005342",58,3,1,0.0240393184964558
"FOA_TC","up","GO:0097110",23,1,0.221333925464196,0.221333925464196
"FOA_TC","up","GO:0035254",15,1,1,0.150415885010658
"FOA_TC","up","GO:0032559",689,20,1,1.09501726107715e-05
"FOA_TC","up","GO:0003743",35,6,1.4673953144585e-06,1.4673953144585e-06
"FOA_TC","up","GO:0035255",10,1,0.102920403709794,0.102920403709794
"FOA_TC","up","GO:0046914",354,4,1,0.538428122319951
"FOA_TC","up","GO:0030515",15,1,0.150415885010658,0.150415885010658
"FOA_TC","up","GO:0043167",2059,32,1,0.00338362984598826
"FOA_TC","up","GO:0004842",149,1,0.806855254539725,0.806855254539725
"FOA_TC","up","GO:0043168",1007,25,1,7.41385927092806e-06
"FOA_TC","up","GO:0016787",851,12,1,0.193380604619439
"FOA_TC","up","GO:0016462",335,8,0.0861197180686203,0.0251967232892495
"FOA_TC","up","GO:0043169",1386,13,1,0.776764000790008
"FOA_TC","up","GO:0016788",215,3,1,0.411770171100469
"FOA_TC","up","GO:0035091",87,1,0.614513031649843,0.614513031649843
"FOA_TC","up","GO:0140662",20,4,5.09722478915502e-05,5.09722478915502e-05
"FOA_TC","up","GO:0060089",170,1,1,0.847510675248492
"FOA_TC","up","GO:0008378",17,1,0.168716723101073,0.168716723101073
"FOA_TC","up","GO:0051020",105,3,0.0815771460754536,0.103173785350519
"FOA_TC","up","GO:0061629",73,1,0.5500270708709,0.5500270708709
"FOA_TC","up","GO:0033218",80,2,0.194140872129594,0.213345166648633
"FOA_TC","up","GO:0038023",170,1,1,0.847510675248492
"FOA_TC","up","GO:0140101",38,10,1,3.0029436019154e-12
"FOA_TC","up","GO:0003730",35,1,0.316970671435659,0.316970671435659
"FOA_TC","up","GO:0042393",90,2,0.253431635426311,0.253431635426311
"FOA_TC","up","GO:0140103",18,1,0.17772182291853,0.17772182291853
"FOA_TC","up","GO:0015276",35,1,1,0.316970671435659
"FOA_TC","up","GO:0016772",336,2,1,0.887872190782972
"FOA_TC","up","GO:0016773",257,1,1,0.94343671246383
"FOA_TC","up","GO:0046943",58,3,1,0.0240393184964558
"FOA_TC","up","GO:0030544",27,1,0.254585427895997,0.254585427895997
"FOA_TC","up","GO:0000049",26,8,1.3506142109215e-10,1.3506142109215e-10
"FOA_TC","up","GO:0008186",60,1,1,0.480755991575143
"FOA_TC","up","GO:0008324",185,1,1,0.871290081572191
"FOA_TC","up","GO:0016779",59,1,1,0.47501452361744
"FOA_TC","up","GO:0048027",12,1,0.122222683934465,0.122222683934465
"FOA_TC","up","GO:0005261",97,1,1,0.654940912914908
"FOA_TC","up","GO:0050997",13,1,0.131720725226428,0.131720725226428
"FOA_TC","up","GO:0140657",291,6,1,0.0905938620446026
"FOA_TC","up","GO:0051015",94,1,0.643269696273749,0.643269696273749
"FOA_TC","up","GO:0008233",186,1,1,0.872739313588268
"FOA_TC","up","GO:0070566",13,1,0.131720725226428,0.131720725226428
"FOA_TC","up","GO:0022803",139,1,1,0.783935377209593
"FOA_TC","up","GO:0050839",94,1,1,0.643269696273749
"FOA_TC","up","GO:0106310",160,1,0.829320911391659,0.829320911391659
"FOA_TC","up","GO:0008237",66,1,1,0.513935700404242
"FOA_TC","up","GO:0005488",3731,47,1,0.00213292753748647
"FOA_TC","up","GO:0022804",151,3,1,0.221998005259077
"FOA_TC","up","GO:0030594",22,1,1,0.212796700343657
"FOA_TC","up","GO:0000287",72,2,0.18182259970533,0.18182259970533
"FOA_TC","up","GO:0052689",29,3,0.00353972482423293,0.00353972482423293
"FOA_TC","up","GO:0030371",11,1,0.112622932015772,0.112622932015772
"FOA_TC","up","GO:0046332",22,1,0.212796700343657,0.212796700343657
"FOA_TC","up","GO:1901265",951,26,1,5.69208355570657e-07
"FOA_TC","up","GO:0042802",436,4,0.572035935574174,0.706348188865811
"FOA_TC","up","GO:0043177",45,2,1,0.0842287746192334
"FOA_TC","up","GO:0042803",168,1,0.84403152980264,0.84403152980264
"FOA_TC","up","GO:1990837",250,2,1,0.761456908311475
"FOA_TC","up","GO:0022857",325,4,1,0.469576864368775
"FOA_TC","up","GO:0005524",668,20,6.76093962722282e-06,6.76093962722282e-06
"FOA_TC","up","GO:0003924",120,4,0.0393844168834214,0.0393844168834214
"FOA_TC","up","GO:0005525",172,5,0.0364869112707481,0.0364869112707481
"FOA_TC","up","GO:0005096",83,2,0.225314850465489,0.225314850465489
"FOA_TC","up","GO:1904315",14,1,0.141118110838408,0.141118110838408
"FOA_TC","up","GO:0030246",81,1,0.588067345035537,0.588067345035537
"FOA_TC","up","GO:0060589",150,2,1,0.48553140724224
"FOA_TC","up","GO:0097367",902,25,1,8.75246834642648e-07
"FOA_TC","up","GO:0003682",158,2,0.513417727937726,0.513417727937726
"FOA_TC","up","GO:0140677",198,3,0.365397765812536,0.361206564468053
"FOA_TC","up","GO:0000987",185,2,1,0.600193289437718
"FOA_TC","up","GO:0043565",283,2,1,0.819943861446793
"FOA_TC","up","GO:0140678",80,1,0.583490315535932,0.583490315535932
"FOA_TC","up","GO:0016740",784,5,0.781214103108196,0.942836053106858
"FOA_TC","up","GO:0003823",12,1,0.122222683934465,0.122222683934465
"FOA_TC","up","GO:0003824",1947,25,1,0.153738389874731
"FOA_TC","up","GO:0030674",155,1,0.819445743314127,0.819445743314127
"FOA_TC","up","GO:0031072",51,2,0.226774880347591,0.10420999061367
"FOA_TC","up","GO:0001067",241,2,1,0.74296302354621
"FOA_TC","up","GO:0140297",119,1,1,0.729824980481533
"FOA_TC","up","GO:0031625",91,1,0.631212210263116,0.631212210263116
"FOA_TC","up","GO:0016746",233,1,1,0.925485406898549
"FOA_TC","up","GO:0098772",419,4,1,0.675316068842153
"FOA_TC","up","GO:0016301",273,1,1,0.95297307583791
"FOA_TC","up","GO:0043021",72,1,1,0.545036613246548
"FOA_TC","up","GO:0017076",898,25,1,8.01411199813542e-07
"FOA_TC","up","GO:0030234",335,2,1,0.886840073573197
"FOA_TC","up","GO:0043022",40,1,0.353333853599423,0.353333853599423
"FOA_TC","up","GO:0005515",1808,21,1,0.382044896420585
"FOA_TC","up","GO:0000166",951,26,0.279311818500609,5.69208355570657e-07
"FOA_TC","up","GO:0019001",181,5,1,0.0439556661741109
"FOA_TC","up","GO:0015291",101,3,1,0.0944461931869407
"FOA_TC","up","GO:0000976",240,2,1,0.74083647782453
"FOA_TC","up","GO:0000977",215,2,1,0.682809014420682
"FOA_TC","up","GO:0042277",60,1,0.480755991575143,0.480755991575143
"FOA_TC","up","GO:0015171",34,3,1,0.00558217977065078
"FOA_TC","up","GO:0003674",4448,48,1,1
"FOA_TC","up","GO:0000978",180,2,0.585005078158684,0.585005078158684
"FOA_TC","up","GO:0031406",45,2,1,0.0842287746192334
"FOA_TC","up","GO:0003676",1108,21,0.228738733254212,0.00320515383857153
"FOA_TC","up","GO:0060090",186,1,1,0.872739313588268
"FOA_TC","up","GO:0016853",64,2,0.151156675430917,0.151156675430917
"FOA_TC","up","GO:0036094",1063,26,1,5.42944107279893e-06
"FOA_TC","up","GO:0003677",522,3,0.923215337355641,0.932755933157813
"FOA_TC","up","GO:0044389",98,1,1,0.658747586364709
"FOA_TC","up","GO:0015175",23,3,0.00179525307926191,0.00179525307926191
"FOA_TC","up","GO:0015297",44,3,0.011458992405869,0.011458992405869
"FOA_TC","up","GO:1901363",1949,36,0.312848043502568,1.0357222102562e-05
"FOA_TC","up","GO:0015179",29,3,0.00353972482423293,0.00353972482423293
"FOA_TC","up","GO:0044877",537,5,0.693783134804777,0.704473717961751
"FOA_TC","up","GO:0005543",144,1,1,0.795709814553568
"FOA_TC","up","GO:0045182",69,7,1,7.0553945593343e-06
"FOA_TC","up","GO:0015075",210,1,1,0.903101114450901
"FOA_TC","up","GO:0017111",326,7,1,0.0583077051272343
"FOA_TC","up","GO:0005102",248,1,1,0.937265672502599
"FOA_TC","up","GO:0002039",20,1,0.195446396533571,0.195446396533571
"FOA_TC","up","GO:0008047",156,2,1,0.506535501119182
"FOA_TC","up","GO:0140110",371,1,1,0.985060110726549
"FOA_TC","up","GO:0034185",13,2,0.00824618843091549,0.00824618843091549
"FOA_TC","up","GO:0008134",158,1,1,0.825435987117593
"FOA_TC","up","GO:0008135",50,6,1,1.27139251812007e-05
"FOA_TC","up","GO:0030554",743,20,1,3.46439869706218e-05
"FOA_TC","up","GO:0016887",211,3,0.399950436078591,0.399950436078591
"FOA_TC","up","GO:0022824",15,1,1,0.150415885010658
"FOA_TC","up","GO:0140640",219,12,1,2.16873125527807e-06
"FOA_TC","up","GO:0099094",30,1,0.278607654515913,0.278607654515913
"FOA_TC","up","GO:0044183",30,5,0.0951325370402094,1.37680855912857e-05
"FOA_TC","up","GO:0008092",353,1,1,0.98151952974708
"FOA_TC","up","GO:0004222",36,1,0.324399950332348,0.324399950332348
"FOA_TC","up","GO:0097159",1972,35,1,5.22168647758302e-05
"FOA_TC","up","GO:0098960",17,1,1,0.168716723101073
"FOA_TC","up","GO:0045296",50,1,0.420464186336999,0.420464186336999
"FOA_TC","up","GO:0004888",103,1,0.677172643391322,0.677172643391322
"FOA_TC","up","GO:0099529",14,1,1,0.141118110838408
"FOA_TC","up","GO:0005215",359,4,1,0.549886803632353
"FOA_TC","up","GO:0043130",34,1,0.309461416334631,0.309461416334631
"FOA_TC","up","GO:0031267",97,2,0.281661380045904,0.281661380045904
"FOA_TC","up","GO:0005216",120,1,1,0.732820684093657
"FOA_TC","up","GO:0032182",39,1,1,0.346216225755527
"FOA_TC","up","GO:0016874",72,13,1,2.10106826340719e-13
"FOA_TC","up","GO:0004386",94,1,1,0.643269696273749
"FOA_TC","up","GO:0016875",23,10,1,8.17394836861244e-15
"FOA_TC","up","GO:0046982",65,4,0.00499121438861524,0.00499121438861524
"FOA_TC","up","GO:0046983",243,5,0.269774737091056,0.119014212808135
"FOA_TC","up","GO:0016597",19,2,0.0173497360114441,0.0173497360114441
"FOA_TC","up","GO:0008289",234,3,0.257753663335132,0.466916164441921
"FOA_TC","up","GO:0016879",19,3,0.00101249284374755,0.00101249284374755
"FOA_TC","up","GO:0003779",163,1,1,0.83499005718631
"FOA_TC","up","GO:0030145",31,1,0.286445325992426,0.286445325992426
"FOA_TC","up","GO:0008514",74,3,1,0.0448319239664388
"FOA_TC","up","GO:0008270",277,3,0.582719806970576,0.582719806970576
"FOA_TC","up","GO:0003723",613,17,0.81652783494182,0.000123591811819138
"FOA_TC","up","GO:0015267",139,1,1,0.783935377209593
"FOA_TC","up","GO:0003724",60,1,0.480755991575143,0.480755991575143
"FOA_TC","up","GO:0030695",150,2,1,0.48553140724224
"FOA_TC","up","GO:0003725",31,2,0.0434775102205106,0.0434775102205106
"FOA_TC","up","GO:0019787",157,1,1,0.82346118800886
"FOA_TC","up","GO:0003727",40,1,0.353333853599423,0.353333853599423
"FOA_TC","up","GO:0140030",72,1,0.545036613246548,0.545036613246548
"FOA_TC","up","GO:0016247",18,1,1,0.17772182291853
"FOA_TC","up","GO:0003729",148,4,0.104799581892306,0.0740762028562185
"FOA_TC","up","GO:0005230",16,1,1,0.159615081383202
"FOA_TC","up","GO:0000146",19,0,1,1
"FOA_TC","up","GO:0000149",39,0,1,1
"FOA_TC","up","GO:0000981",193,0,1,1
"FOA_TC","up","GO:0000993",17,0,1,1
"FOA_TC","up","GO:0001098",26,0,1,1
"FOA_TC","up","GO:0001099",26,0,1,1
"FOA_TC","up","GO:0001216",69,0,1,1
"FOA_TC","up","GO:0001217",27,0,1,1
"FOA_TC","up","GO:0001221",29,0,1,1
"FOA_TC","up","GO:0001222",13,0,1,1
"FOA_TC","up","GO:0001223",10,0,1,1
"FOA_TC","up","GO:0001227",26,0,1,1
"FOA_TC","up","GO:0001228",68,0,1,1
"FOA_TC","up","GO:0001664",34,0,1,1
"FOA_TC","up","GO:0001671",11,0,1,1
"FOA_TC","up","GO:0001727",15,0,1,1
"FOA_TC","up","GO:0001786",21,0,1,1
"FOA_TC","up","GO:0001965",14,0,1,1
"FOA_TC","up","GO:0002020",29,0,1,1
"FOA_TC","up","GO:0003678",10,0,1,1
"FOA_TC","up","GO:0003684",16,0,1,1
"FOA_TC","up","GO:0003697",24,0,1,1
"FOA_TC","up","GO:0003700",214,0,1,1
"FOA_TC","up","GO:0003714",64,0,1,1
"FOA_TC","up","GO:0003735",98,0,1,1
"FOA_TC","up","GO:0003746",13,0,1,1
"FOA_TC","up","GO:0003755",19,0,1,1
"FOA_TC","up","GO:0003756",10,0,1,1
"FOA_TC","up","GO:0003774",63,0,1,1
"FOA_TC","up","GO:0003777",43,0,1,1
"FOA_TC","up","GO:0003925",13,0,1,1
"FOA_TC","up","GO:0003950",24,0,1,1
"FOA_TC","up","GO:0004177",14,0,1,1
"FOA_TC","up","GO:0004180",15,0,1,1
"FOA_TC","up","GO:0004197",36,0,1,1
"FOA_TC","up","GO:0004252",34,0,1,1
"FOA_TC","up","GO:0004402",21,0,1,1
"FOA_TC","up","GO:0004438",11,0,1,1
"FOA_TC","up","GO:0004497",20,0,1,1
"FOA_TC","up","GO:0004518",58,0,1,1
"FOA_TC","up","GO:0004519",32,0,1,1
"FOA_TC","up","GO:0004520",12,0,1,1
"FOA_TC","up","GO:0004521",20,0,1,1
"FOA_TC","up","GO:0004527",26,0,1,1
"FOA_TC","up","GO:0004532",14,0,1,1
"FOA_TC","up","GO:0004536",15,0,1,1
"FOA_TC","up","GO:0004540",36,0,1,1
"FOA_TC","up","GO:0004553",39,0,1,1
"FOA_TC","up","GO:0004601",20,0,1,1
"FOA_TC","up","GO:0004620",20,0,1,1
"FOA_TC","up","GO:0004653",12,0,1,1
"FOA_TC","up","GO:0004693",10,0,1,1
"FOA_TC","up","GO:0004709",11,0,1,1
"FOA_TC","up","GO:0004712",17,0,1,1
"FOA_TC","up","GO:0004713",58,0,1,1
"FOA_TC","up","GO:0004714",17,0,1,1
"FOA_TC","up","GO:0004715",15,0,1,1
"FOA_TC","up","GO:0004721",71,0,1,1
"FOA_TC","up","GO:0004722",33,0,1,1
"FOA_TC","up","GO:0004725",35,0,1,1
"FOA_TC","up","GO:0004843",37,0,1,1
"FOA_TC","up","GO:0004857",65,0,1,1
"FOA_TC","up","GO:0004860",14,0,1,1
"FOA_TC","up","GO:0004864",10,0,1,1
"FOA_TC","up","GO:0004866",23,0,1,1
"FOA_TC","up","GO:0004867",11,0,1,1
"FOA_TC","up","GO:0004879",22,0,1,1
"FOA_TC","up","GO:0004930",26,0,1,1
"FOA_TC","up","GO:0005001",10,0,1,1
"FOA_TC","up","GO:0005048",19,0,1,1
"FOA_TC","up","GO:0005080",10,0,1,1
"FOA_TC","up","GO:0005085",73,0,1,1
"FOA_TC","up","GO:0005126",33,0,1,1
"FOA_TC","up","GO:0005154",11,0,1,1
"FOA_TC","up","GO:0005158",10,0,1,1
"FOA_TC","up","GO:0005164",10,0,1,1
"FOA_TC","up","GO:0005178",27,0,1,1
"FOA_TC","up","GO:0005198",211,0,1,1
"FOA_TC","up","GO:0005200",52,0,1,1
"FOA_TC","up","GO:0005201",20,0,1,1
"FOA_TC","up","GO:0005217",13,0,1,1
"FOA_TC","up","GO:0005244",31,0,1,1
"FOA_TC","up","GO:0005249",17,0,1,1
"FOA_TC","up","GO:0005253",17,0,1,1
"FOA_TC","up","GO:0005254",14,0,1,1
"FOA_TC","up","GO:0005262",45,0,1,1
"FOA_TC","up","GO:0005267",24,0,1,1
"FOA_TC","up","GO:0005272",19,0,1,1
"FOA_TC","up","GO:0005283",18,0,1,1
"FOA_TC","up","GO:0005295",11,0,1,1
"FOA_TC","up","GO:0005319",46,0,1,1
"FOA_TC","up","GO:0005343",20,0,1,1
"FOA_TC","up","GO:0005385",11,0,1,1
"FOA_TC","up","GO:0005416",19,0,1,1
"FOA_TC","up","GO:0005484",16,0,1,1
"FOA_TC","up","GO:0005496",36,0,1,1
"FOA_TC","up","GO:0005506",41,0,1,1
"FOA_TC","up","GO:0005507",15,0,1,1
"FOA_TC","up","GO:0005516",78,0,1,1
"FOA_TC","up","GO:0005518",18,0,1,1
"FOA_TC","up","GO:0005539",27,0,1,1
"FOA_TC","up","GO:0005544",22,0,1,1
"FOA_TC","up","GO:0005546",22,0,1,1
"FOA_TC","up","GO:0005547",11,0,1,1
"FOA_TC","up","GO:0005548",22,0,1,1
"FOA_TC","up","GO:0008013",16,0,1,1
"FOA_TC","up","GO:0008017",99,0,1,1
"FOA_TC","up","GO:0008028",20,0,1,1
"FOA_TC","up","GO:0008080",28,0,1,1
"FOA_TC","up","GO:0008081",24,0,1,1
"FOA_TC","up","GO:0008093",15,0,1,1
"FOA_TC","up","GO:0008094",34,0,1,1
"FOA_TC","up","GO:0008139",10,0,1,1
"FOA_TC","up","GO:0008146",14,0,1,1
"FOA_TC","up","GO:0008168",62,0,1,1
"FOA_TC","up","GO:0008170",36,0,1,1
"FOA_TC","up","GO:0008171",10,0,1,1
"FOA_TC","up","GO:0008173",13,0,1,1
"FOA_TC","up","GO:0008187",10,0,1,1
"FOA_TC","up","GO:0008194",57,0,1,1
"FOA_TC","up","GO:0008201",18,0,1,1
"FOA_TC","up","GO:0008234",69,0,1,1
"FOA_TC","up","GO:0008235",23,0,1,1
"FOA_TC","up","GO:0008236",41,0,1,1
"FOA_TC","up","GO:0008238",35,0,1,1
"FOA_TC","up","GO:0008276",38,0,1,1
"FOA_TC","up","GO:0008307",10,0,1,1
"FOA_TC","up","GO:0008374",13,0,1,1
"FOA_TC","up","GO:0008375",24,0,1,1
"FOA_TC","up","GO:0008376",15,0,1,1
"FOA_TC","up","GO:0008408",20,0,1,1
"FOA_TC","up","GO:0008483",12,0,1,1
"FOA_TC","up","GO:0008509",32,0,1,1
"FOA_TC","up","GO:0008525",10,0,1,1
"FOA_TC","up","GO:0008559",10,0,1,1
"FOA_TC","up","GO:0008569",18,0,1,1
"FOA_TC","up","GO:0008757",52,0,1,1
"FOA_TC","up","GO:0009055",25,0,1,1
"FOA_TC","up","GO:0015026",12,0,1,1
"FOA_TC","up","GO:0015035",14,0,1,1
"FOA_TC","up","GO:0015036",17,0,1,1
"FOA_TC","up","GO:0015078",41,0,1,1
"FOA_TC","up","GO:0015079",36,0,1,1
"FOA_TC","up","GO:0015081",57,0,1,1
"FOA_TC","up","GO:0015085",53,0,1,1
"FOA_TC","up","GO:0015101",10,0,1,1
"FOA_TC","up","GO:0015103",35,0,1,1
"FOA_TC","up","GO:0015108",26,0,1,1
"FOA_TC","up","GO:0015187",12,0,1,1
"FOA_TC","up","GO:0015248",10,0,1,1
"FOA_TC","up","GO:0015293",53,0,1,1
"FOA_TC","up","GO:0015294",38,0,1,1
"FOA_TC","up","GO:0015318",191,0,1,1
"FOA_TC","up","GO:0015370",26,0,1,1
"FOA_TC","up","GO:0015375",11,0,1,1
"FOA_TC","up","GO:0015399",49,0,1,1
"FOA_TC","up","GO:0015453",14,0,1,1
"FOA_TC","up","GO:0015485",22,0,1,1
"FOA_TC","up","GO:0015631",138,0,1,1
"FOA_TC","up","GO:0015932",13,0,1,1
"FOA_TC","up","GO:0016209",30,0,1,1
"FOA_TC","up","GO:0016251",10,0,1,1
"FOA_TC","up","GO:0016278",29,0,1,1
"FOA_TC","up","GO:0016279",29,0,1,1
"FOA_TC","up","GO:0016298",25,0,1,1
"FOA_TC","up","GO:0016407",35,0,1,1
"FOA_TC","up","GO:0016410",33,0,1,1
"FOA_TC","up","GO:0016491",234,0,1,1
"FOA_TC","up","GO:0016504",17,0,1,1
"FOA_TC","up","GO:0016538",12,0,1,1
"FOA_TC","up","GO:0016614",39,0,1,1
"FOA_TC","up","GO:0016616",33,0,1,1
"FOA_TC","up","GO:0016620",14,0,1,1
"FOA_TC","up","GO:0016627",12,0,1,1
"FOA_TC","up","GO:0016651",22,0,1,1
"FOA_TC","up","GO:0016667",26,0,1,1
"FOA_TC","up","GO:0016684",21,0,1,1
"FOA_TC","up","GO:0016705",46,0,1,1
"FOA_TC","up","GO:0016706",24,0,1,1
"FOA_TC","up","GO:0016741",67,0,1,1
"FOA_TC","up","GO:0016747",66,0,1,1
"FOA_TC","up","GO:0016763",30,0,1,1
"FOA_TC","up","GO:0016765",13,0,1,1
"FOA_TC","up","GO:0016769",12,0,1,1
"FOA_TC","up","GO:0016776",13,0,1,1
"FOA_TC","up","GO:0016782",18,0,1,1
"FOA_TC","up","GO:0016791",98,0,1,1
"FOA_TC","up","GO:0016796",17,0,1,1
"FOA_TC","up","GO:0016798",61,0,1,1
"FOA_TC","up","GO:0016799",18,0,1,1
"FOA_TC","up","GO:0016810",25,0,1,1
"FOA_TC","up","GO:0016811",17,0,1,1
"FOA_TC","up","GO:0016829",69,0,1,1
"FOA_TC","up","GO:0016830",21,0,1,1
"FOA_TC","up","GO:0016831",14,0,1,1
"FOA_TC","up","GO:0016835",30,0,1,1
"FOA_TC","up","GO:0016836",25,0,1,1
"FOA_TC","up","GO:0016859",19,0,1,1
"FOA_TC","up","GO:0016860",17,0,1,1
"FOA_TC","up","GO:0016864",10,0,1,1
"FOA_TC","up","GO:0016866",10,0,1,1
"FOA_TC","up","GO:0016877",13,0,1,1
"FOA_TC","up","GO:0016881",11,0,1,1
"FOA_TC","up","GO:0016893",10,0,1,1
"FOA_TC","up","GO:0016896",14,0,1,1
"FOA_TC","up","GO:0016903",15,0,1,1
"FOA_TC","up","GO:0016922",29,0,1,1
"FOA_TC","up","GO:0017018",27,0,1,1
"FOA_TC","up","GO:0017022",28,0,1,1
"FOA_TC","up","GO:0017025",15,0,1,1
"FOA_TC","up","GO:0017069",22,0,1,1
"FOA_TC","up","GO:0017124",37,0,1,1
"FOA_TC","up","GO:0017134",10,0,1,1
"FOA_TC","up","GO:0017147",11,0,1,1
"FOA_TC","up","GO:0017171",42,0,1,1
"FOA_TC","up","GO:0019003",20,0,1,1
"FOA_TC","up","GO:0019198",10,0,1,1
"FOA_TC","up","GO:0019199",21,0,1,1
"FOA_TC","up","GO:0019205",19,0,1,1
"FOA_TC","up","GO:0019207",68,0,1,1
"FOA_TC","up","GO:0019208",31,0,1,1
"FOA_TC","up","GO:0019209",33,0,1,1
"FOA_TC","up","GO:0019210",14,0,1,1
"FOA_TC","up","GO:0019212",10,0,1,1
"FOA_TC","up","GO:0019783",45,0,1,1
"FOA_TC","up","GO:0019829",20,0,1,1
"FOA_TC","up","GO:0019838",20,0,1,1
"FOA_TC","up","GO:0019842",53,0,1,1
"FOA_TC","up","GO:0019843",32,0,1,1
"FOA_TC","up","GO:0019887",59,0,1,1
"FOA_TC","up","GO:0019888",29,0,1,1
"FOA_TC","up","GO:0019894",11,0,1,1
"FOA_TC","up","GO:0019900",195,0,1,1
"FOA_TC","up","GO:0019901",175,0,1,1
"FOA_TC","up","GO:0019902",63,0,1,1
"FOA_TC","up","GO:0019903",47,0,1,1
"FOA_TC","up","GO:0019904",175,0,1,1
"FOA_TC","up","GO:0019905",21,0,1,1
"FOA_TC","up","GO:0019955",11,0,1,1
"FOA_TC","up","GO:0020037",32,0,1,1
"FOA_TC","up","GO:0022829",11,0,1,1
"FOA_TC","up","GO:0022832",32,0,1,1
"FOA_TC","up","GO:0022843",24,0,1,1
"FOA_TC","up","GO:0022853",80,0,1,1
"FOA_TC","up","GO:0022890",168,0,1,1
"FOA_TC","up","GO:0030159",10,0,1,1
"FOA_TC","up","GO:0030165",23,0,1,1
"FOA_TC","up","GO:0030170",24,0,1,1
"FOA_TC","up","GO:0030247",10,0,1,1
"FOA_TC","up","GO:0030276",26,0,1,1
"FOA_TC","up","GO:0030295",31,0,1,1
"FOA_TC","up","GO:0030331",13,0,1,1
"FOA_TC","up","GO:0030332",11,0,1,1
"FOA_TC","up","GO:0030374",18,0,1,1
"FOA_TC","up","GO:0030414",23,0,1,1
"FOA_TC","up","GO:0030507",12,0,1,1
"FOA_TC","up","GO:0030545",29,0,1,1
"FOA_TC","up","GO:0030546",29,0,1,1
"FOA_TC","up","GO:0030551",12,0,1,1
"FOA_TC","up","GO:0030971",25,0,1,1
"FOA_TC","up","GO:0031418",11,0,1,1
"FOA_TC","up","GO:0031490",18,0,1,1
"FOA_TC","up","GO:0031491",13,0,1,1
"FOA_TC","up","GO:0031593",17,0,1,1
"FOA_TC","up","GO:0032266",18,0,1,1
"FOA_TC","up","GO:0032813",12,0,1,1
"FOA_TC","up","GO:0032934",29,0,1,1
"FOA_TC","up","GO:0034212",23,0,1,1
"FOA_TC","up","GO:0035064",32,0,1,1
"FOA_TC","up","GO:0035250",12,0,1,1
"FOA_TC","up","GO:0035591",31,0,1,1
"FOA_TC","up","GO:0036002",12,0,1,1
"FOA_TC","up","GO:0038024",20,0,1,1
"FOA_TC","up","GO:0042054",32,0,1,1
"FOA_TC","up","GO:0042162",10,0,1,1
"FOA_TC","up","GO:0042169",11,0,1,1
"FOA_TC","up","GO:0042562",13,0,1,1
"FOA_TC","up","GO:0042578",123,0,1,1
"FOA_TC","up","GO:0042625",13,0,1,1
"FOA_TC","up","GO:0042626",35,0,1,1
"FOA_TC","up","GO:0042799",16,0,1,1
"FOA_TC","up","GO:0042826",18,0,1,1
"FOA_TC","up","GO:0042887",13,0,1,1
"FOA_TC","up","GO:0042910",13,0,1,1
"FOA_TC","up","GO:0043014",17,0,1,1
"FOA_TC","up","GO:0043028",15,0,1,1
"FOA_TC","up","GO:0043175",18,0,1,1
"FOA_TC","up","GO:0043178",36,0,1,1
"FOA_TC","up","GO:0043495",11,0,1,1
"FOA_TC","up","GO:0043539",19,0,1,1
"FOA_TC","up","GO:0044325",38,0,1,1
"FOA_TC","up","GO:0044769",13,0,1,1
"FOA_TC","up","GO:0045309",17,0,1,1
"FOA_TC","up","GO:0045504",10,0,1,1
"FOA_TC","up","GO:0045505",29,0,1,1
"FOA_TC","up","GO:0046873",135,0,1,1
"FOA_TC","up","GO:0046875",11,0,1,1
"FOA_TC","up","GO:0046906",35,0,1,1
"FOA_TC","up","GO:0046915",17,0,1,1
"FOA_TC","up","GO:0046961",13,0,1,1
"FOA_TC","up","GO:0048018",27,0,1,1
"FOA_TC","up","GO:0048029",31,0,1,1
"FOA_TC","up","GO:0048306",18,0,1,1
"FOA_TC","up","GO:0048487",16,0,1,1
"FOA_TC","up","GO:0050660",36,0,1,1
"FOA_TC","up","GO:0050661",21,0,1,1
"FOA_TC","up","GO:0050840",12,0,1,1
"FOA_TC","up","GO:0051010",10,0,1,1
"FOA_TC","up","GO:0051018",16,0,1,1
"FOA_TC","up","GO:0051019",13,0,1,1
"FOA_TC","up","GO:0051059",11,0,1,1
"FOA_TC","up","GO:0051117",26,0,1,1
"FOA_TC","up","GO:0051213",32,0,1,1
"FOA_TC","up","GO:0051219",30,0,1,1
"FOA_TC","up","GO:0051287",39,0,1,1
"FOA_TC","up","GO:0051536",32,0,1,1
"FOA_TC","up","GO:0051537",13,0,1,1
"FOA_TC","up","GO:0051539",18,0,1,1
"FOA_TC","up","GO:0051540",32,0,1,1
"FOA_TC","up","GO:0051721",14,0,1,1
"FOA_TC","up","GO:0051879",18,0,1,1
"FOA_TC","up","GO:0051959",21,0,1,1
"FOA_TC","up","GO:0052742",10,0,1,1
"FOA_TC","up","GO:0052744",11,0,1,1
"FOA_TC","up","GO:0052866",15,0,1,1
"FOA_TC","up","GO:0055106",10,0,1,1
"FOA_TC","up","GO:0060590",15,0,1,1
"FOA_TC","up","GO:0061134",41,0,1,1
"FOA_TC","up","GO:0061135",27,0,1,1
"FOA_TC","up","GO:0061630",106,0,1,1
"FOA_TC","up","GO:0061631",20,0,1,1
"FOA_TC","up","GO:0061650",22,0,1,1
"FOA_TC","up","GO:0061659",112,0,1,1
"FOA_TC","up","GO:0061733",21,0,1,1
"FOA_TC","up","GO:0061980",12,0,1,1
"FOA_TC","up","GO:0070063",29,0,1,1
"FOA_TC","up","GO:0070279",24,0,1,1
"FOA_TC","up","GO:0070403",14,0,1,1
"FOA_TC","up","GO:0070577",13,0,1,1
"FOA_TC","up","GO:0070628",15,0,1,1
"FOA_TC","up","GO:0070717",12,0,1,1
"FOA_TC","up","GO:0070840",15,0,1,1
"FOA_TC","up","GO:0070851",23,0,1,1
"FOA_TC","up","GO:0071949",17,0,1,1
"FOA_TC","up","GO:0072341",27,0,1,1
"FOA_TC","up","GO:0072349",13,0,1,1
"FOA_TC","up","GO:0097472",10,0,1,1
"FOA_TC","up","GO:0097602",11,0,1,1
"FOA_TC","up","GO:0098531",22,0,1,1
"FOA_TC","up","GO:0099604",12,0,1,1
"FOA_TC","up","GO:0101005",40,0,1,1
"FOA_TC","up","GO:0120013",20,0,1,1
"FOA_TC","up","GO:0120015",10,0,1,1
"FOA_TC","up","GO:0140033",13,0,1,1
"FOA_TC","up","GO:0140034",34,0,1,1
"FOA_TC","up","GO:0140104",28,0,1,1
"FOA_TC","up","GO:0140142",14,0,1,1
"FOA_TC","up","GO:0140223",13,0,1,1
"FOA_TC","up","GO:0140296",24,0,1,1
"FOA_TC","up","GO:0140303",19,0,1,1
"FOA_TC","up","GO:0140313",10,0,1,1
"FOA_TC","up","GO:0140318",11,0,1,1
"FOA_TC","up","GO:0140326",12,0,1,1
"FOA_TC","up","GO:0140359",16,0,1,1
"FOA_TC","up","GO:0140463",13,0,1,1
"FOA_TC","up","GO:0140658",19,0,1,1
"FOA_TC","up","GO:0140767",28,0,1,1
"FOA_TC","up","GO:0140828",17,0,1,1
"FOA_TC","up","GO:0140938",16,0,1,1
"FOA_TC","up","GO:0140939",17,0,1,1
"FOA_TC","up","GO:0140944",15,0,1,1
"FOA_TC","up","GO:0140993",86,0,1,1
"FOA_TC","up","GO:1901505",12,0,1,1
"FOA_TC","up","GO:1901681",43,0,1,1
"FOA_TC","up","GO:1901682",16,0,1,1
"FOA_TC","up","GO:1901702",160,0,1,1
"FOA_TC","up","GO:1901981",53,0,1,1
"FOA_TC","up","GO:1902936",28,0,1,1
"FOA_TC","up","GO:1990404",24,0,1,1
"FOA_TC","up","GO:1990756",23,0,1,1
"FOA_TC","up","GO:1990782",29,0,1,1
"FOA_TC","up","GO:1990841",23,0,1,1
"FOA_TC","down","GO:0015291",101,2,1,0.00721550776367173
"FOA_TC","down","GO:0017111",326,1,1,0.366796474780194
"FOA_TC","down","GO:0140828",17,1,0.0227263140715696,0.0227263140715696
"FOA_TC","down","GO:0005488",3731,3,1,0.992352549781108
"FOA_TC","down","GO:0015293",53,1,1,0.0694345396734972
"FOA_TC","down","GO:1901363",1949,1,1,0.968633553709571
"FOA_TC","down","GO:0015294",38,1,1,0.0502042214103799
"FOA_TC","down","GO:0005515",1808,1,1,0.956385513024511
"FOA_TC","down","GO:0005283",18,1,1,0.0240496365982166
"FOA_TC","down","GO:0008514",74,1,1,0.0958110353650803
"FOA_TC","down","GO:0015297",44,1,1,0.0579357010794501
"FOA_TC","down","GO:0097159",1972,1,1,0.970327962315543
"FOA_TC","down","GO:0036094",1063,1,1,0.80595475532032
"FOA_TC","down","GO:0015075",210,2,1,0.029343113697451
"FOA_TC","down","GO:0017076",898,1,1,0.741767661812573
"FOA_TC","down","GO:1901265",951,1,1,0.764068210114544
"FOA_TC","down","GO:0016817",335,1,1,0.375051550172392
"FOA_TC","down","GO:0016818",335,1,1,0.375051550172392
"FOA_TC","down","GO:0015187",12,1,1,0.0160872502818531
"FOA_TC","down","GO:0045505",29,1,0.0385079036286502,0.0385079036286502
"FOA_TC","down","GO:0046915",17,1,1,0.0227263140715696
"FOA_TC","down","GO:0015370",26,1,1,0.0345825606929997
"FOA_TC","down","GO:0140657",291,1,1,0.333824181097068
"FOA_TC","down","GO:0008233",186,1,0.226201237511262,0.226201237511262
"FOA_TC","down","GO:0015375",11,1,0.0147549378245501,0.0147549378245501
"FOA_TC","down","GO:0005509",231,1,0.273973220597265,0.273973220597265
"FOA_TC","down","GO:0035639",820,1,1,0.705772221682239
"FOA_TC","down","GO:0022890",168,2,1,0.0192441709392305
"FOA_TC","down","GO:0046872",1370,2,0.793012721900369,0.597081453044473
"FOA_TC","down","GO:0016787",851,2,1,0.323309290897188
"FOA_TC","down","GO:0015171",34,1,1,0.0450205836035897
"FOA_TC","down","GO:0008324",185,2,1,0.0231079768674551
"FOA_TC","down","GO:0046873",135,2,1,0.0126598820530268
"FOA_TC","down","GO:0003774",63,1,1,0.0820736106004241
"FOA_TC","down","GO:0016887",211,1,0.253054154469819,0.253054154469819
"FOA_TC","down","GO:0022853",80,2,1,0.00457276986423226
"FOA_TC","down","GO:0015175",23,1,1,0.030643872315901
"FOA_TC","down","GO:0046943",58,1,1,0.0757720794591241
"FOA_TC","down","GO:0003777",43,1,1,0.0566507759161125
"FOA_TC","down","GO:0022857",325,2,1,0.0655952840304835
"FOA_TC","down","GO:0015179",29,1,1,0.0385079036286502
"FOA_TC","down","GO:0043167",2059,3,1,0.5844556222307
"FOA_TC","down","GO:0016462",335,1,1,0.375051550172392
"FOA_TC","down","GO:0043168",1007,1,1,0.785863669870474
"FOA_TC","down","GO:0043169",1386,2,1,0.604671208855439
"FOA_TC","down","GO:0003674",4448,6,1,1
"FOA_TC","down","GO:0140096",847,1,1,0.718676991293701
"FOA_TC","down","GO:0051959",21,1,0.0280106480208234,0.0280106480208234
"FOA_TC","down","GO:0097367",902,1,1,0.743509771333191
"FOA_TC","down","GO:0000166",951,1,1,0.764068210114544
"FOA_TC","down","GO:0005416",19,1,1,0.0253714655328456
"FOA_TC","down","GO:0005524",668,1,0.623553662177056,0.623553662177056
"FOA_TC","down","GO:1901702",160,2,1,0.0175350223722824
"FOA_TC","down","GO:0022804",151,2,1,0.0156976928128067
"FOA_TC","down","GO:0003824",1947,2,1,0.820971402379574
"FOA_TC","down","GO:0032553",852,1,1,0.721014195604152
"FOA_TC","down","GO:0005295",11,1,1,0.0147549378245501
"FOA_TC","down","GO:0032555",845,1,1,0.717737552356509
"FOA_TC","down","GO:0005215",359,2,1,0.0783947633767857
"FOA_TC","down","GO:0015081",57,1,1,0.0745074574469817
"FOA_TC","down","GO:0005342",58,1,1,0.0757720794591241
"FOA_TC","down","GO:0008569",18,1,0.0240496365982166,0.0240496365982166
"FOA_TC","down","GO:0005343",20,1,1,0.0266918022243797
"FOA_TC","down","GO:0005385",11,1,0.0147549378245501,0.0147549378245501
"FOA_TC","down","GO:0032559",689,1,1,0.635936957195614
"FOA_TC","down","GO:0030554",743,1,1,0.666230513363707
"FOA_TC","down","GO:0015318",191,2,1,0.0245453413966753
"FOA_TC","down","GO:0015085",53,1,0.0694345396734972,0.0694345396734972
"FOA_TC","down","GO:0000049",26,0,1,1
"FOA_TC","down","GO:0000146",19,0,1,1
"FOA_TC","down","GO:0000149",39,0,1,1
"FOA_TC","down","GO:0000287",72,0,1,1
"FOA_TC","down","GO:0000339",11,0,1,1
"FOA_TC","down","GO:0000976",240,0,1,1
"FOA_TC","down","GO:0000977",215,0,1,1
"FOA_TC","down","GO:0000978",180,0,1,1
"FOA_TC","down","GO:0000981",193,0,1,1
"FOA_TC","down","GO:0000987",185,0,1,1
"FOA_TC","down","GO:0000993",17,0,1,1
"FOA_TC","down","GO:0001067",241,0,1,1
"FOA_TC","down","GO:0001098",26,0,1,1
"FOA_TC","down","GO:0001099",26,0,1,1
"FOA_TC","down","GO:0001216",69,0,1,1
"FOA_TC","down","GO:0001217",27,0,1,1
"FOA_TC","down","GO:0001221",29,0,1,1
"FOA_TC","down","GO:0001222",13,0,1,1
"FOA_TC","down","GO:0001223",10,0,1,1
"FOA_TC","down","GO:0001227",26,0,1,1
"FOA_TC","down","GO:0001228",68,0,1,1
"FOA_TC","down","GO:0001664",34,0,1,1
"FOA_TC","down","GO:0001671",11,0,1,1
"FOA_TC","down","GO:0001727",15,0,1,1
"FOA_TC","down","GO:0001786",21,0,1,1
"FOA_TC","down","GO:0001965",14,0,1,1
"FOA_TC","down","GO:0002020",29,0,1,1
"FOA_TC","down","GO:0002039",20,0,1,1
"FOA_TC","down","GO:0003676",1108,0,1,1
"FOA_TC","down","GO:0003677",522,0,1,1
"FOA_TC","down","GO:0003678",10,0,1,1
"FOA_TC","down","GO:0003682",158,0,1,1
"FOA_TC","down","GO:0003684",16,0,1,1
"FOA_TC","down","GO:0003690",268,0,1,1
"FOA_TC","down","GO:0003697",24,0,1,1
"FOA_TC","down","GO:0003700",214,0,1,1
"FOA_TC","down","GO:0003712",159,0,1,1
"FOA_TC","down","GO:0003713",87,0,1,1
"FOA_TC","down","GO:0003714",64,0,1,1
"FOA_TC","down","GO:0003723",613,0,1,1
"FOA_TC","down","GO:0003724",60,0,1,1
"FOA_TC","down","GO:0003725",31,0,1,1
"FOA_TC","down","GO:0003727",40,0,1,1
"FOA_TC","down","GO:0003729",148,0,1,1
"FOA_TC","down","GO:0003730",35,0,1,1
"FOA_TC","down","GO:0003735",98,0,1,1
"FOA_TC","down","GO:0003743",35,0,1,1
"FOA_TC","down","GO:0003746",13,0,1,1
"FOA_TC","down","GO:0003755",19,0,1,1
"FOA_TC","down","GO:0003756",10,0,1,1
"FOA_TC","down","GO:0003779",163,0,1,1
"FOA_TC","down","GO:0003823",12,0,1,1
"FOA_TC","down","GO:0003924",120,0,1,1
"FOA_TC","down","GO:0003925",13,0,1,1
"FOA_TC","down","GO:0003950",24,0,1,1
"FOA_TC","down","GO:0004175",115,0,1,1
"FOA_TC","down","GO:0004177",14,0,1,1
"FOA_TC","down","GO:0004180",15,0,1,1
"FOA_TC","down","GO:0004197",36,0,1,1
"FOA_TC","down","GO:0004222",36,0,1,1
"FOA_TC","down","GO:0004252",34,0,1,1
"FOA_TC","down","GO:0004386",94,0,1,1
"FOA_TC","down","GO:0004402",21,0,1,1
"FOA_TC","down","GO:0004438",11,0,1,1
"FOA_TC","down","GO:0004497",20,0,1,1
"FOA_TC","down","GO:0004518",58,0,1,1
"FOA_TC","down","GO:0004519",32,0,1,1
"FOA_TC","down","GO:0004520",12,0,1,1
"FOA_TC","down","GO:0004521",20,0,1,1
"FOA_TC","down","GO:0004527",26,0,1,1
"FOA_TC","down","GO:0004532",14,0,1,1
"FOA_TC","down","GO:0004536",15,0,1,1
"FOA_TC","down","GO:0004540",36,0,1,1
"FOA_TC","down","GO:0004553",39,0,1,1
"FOA_TC","down","GO:0004601",20,0,1,1
"FOA_TC","down","GO:0004620",20,0,1,1
"FOA_TC","down","GO:0004653",12,0,1,1
"FOA_TC","down","GO:0004672",220,0,1,1
"FOA_TC","down","GO:0004674",175,0,1,1
"FOA_TC","down","GO:0004693",10,0,1,1
"FOA_TC","down","GO:0004709",11,0,1,1
"FOA_TC","down","GO:0004712",17,0,1,1
"FOA_TC","down","GO:0004713",58,0,1,1
"FOA_TC","down","GO:0004714",17,0,1,1
"FOA_TC","down","GO:0004715",15,0,1,1
"FOA_TC","down","GO:0004721",71,0,1,1
"FOA_TC","down","GO:0004722",33,0,1,1
"FOA_TC","down","GO:0004725",35,0,1,1
"FOA_TC","down","GO:0004812",23,0,1,1
"FOA_TC","down","GO:0004842",149,0,1,1
"FOA_TC","down","GO:0004843",37,0,1,1
"FOA_TC","down","GO:0004857",65,0,1,1
"FOA_TC","down","GO:0004860",14,0,1,1
"FOA_TC","down","GO:0004864",10,0,1,1
"FOA_TC","down","GO:0004866",23,0,1,1
"FOA_TC","down","GO:0004867",11,0,1,1
"FOA_TC","down","GO:0004879",22,0,1,1
"FOA_TC","down","GO:0004888",103,0,1,1
"FOA_TC","down","GO:0004930",26,0,1,1
"FOA_TC","down","GO:0005001",10,0,1,1
"FOA_TC","down","GO:0005048",19,0,1,1
"FOA_TC","down","GO:0005080",10,0,1,1
"FOA_TC","down","GO:0005085",73,0,1,1
"FOA_TC","down","GO:0005096",83,0,1,1
"FOA_TC","down","GO:0005102",248,0,1,1
"FOA_TC","down","GO:0005126",33,0,1,1
"FOA_TC","down","GO:0005154",11,0,1,1
"FOA_TC","down","GO:0005158",10,0,1,1
"FOA_TC","down","GO:0005164",10,0,1,1
"FOA_TC","down","GO:0005178",27,0,1,1
"FOA_TC","down","GO:0005198",211,0,1,1
"FOA_TC","down","GO:0005200",52,0,1,1
"FOA_TC","down","GO:0005201",20,0,1,1
"FOA_TC","down","GO:0005216",120,0,1,1
"FOA_TC","down","GO:0005217",13,0,1,1
"FOA_TC","down","GO:0005230",16,0,1,1
"FOA_TC","down","GO:0005231",11,0,1,1
"FOA_TC","down","GO:0005244",31,0,1,1
"FOA_TC","down","GO:0005249",17,0,1,1
"FOA_TC","down","GO:0005253",17,0,1,1
"FOA_TC","down","GO:0005254",14,0,1,1
"FOA_TC","down","GO:0005261",97,0,1,1
"FOA_TC","down","GO:0005262",45,0,1,1
"FOA_TC","down","GO:0005267",24,0,1,1
"FOA_TC","down","GO:0005272",19,0,1,1
"FOA_TC","down","GO:0005319",46,0,1,1
"FOA_TC","down","GO:0005484",16,0,1,1
"FOA_TC","down","GO:0005496",36,0,1,1
"FOA_TC","down","GO:0005506",41,0,1,1
"FOA_TC","down","GO:0005507",15,0,1,1
"FOA_TC","down","GO:0005516",78,0,1,1
"FOA_TC","down","GO:0005518",18,0,1,1
"FOA_TC","down","GO:0005525",172,0,1,1
"FOA_TC","down","GO:0005539",27,0,1,1
"FOA_TC","down","GO:0005543",144,0,1,1
"FOA_TC","down","GO:0005544",22,0,1,1
"FOA_TC","down","GO:0005546",22,0,1,1
"FOA_TC","down","GO:0005547",11,0,1,1
"FOA_TC","down","GO:0005548",22,0,1,1
"FOA_TC","down","GO:0008013",16,0,1,1
"FOA_TC","down","GO:0008017",99,0,1,1
"FOA_TC","down","GO:0008028",20,0,1,1
"FOA_TC","down","GO:0008047",156,0,1,1
"FOA_TC","down","GO:0008080",28,0,1,1
"FOA_TC","down","GO:0008081",24,0,1,1
"FOA_TC","down","GO:0008092",353,0,1,1
"FOA_TC","down","GO:0008093",15,0,1,1
"FOA_TC","down","GO:0008094",34,0,1,1
"FOA_TC","down","GO:0008134",158,0,1,1
"FOA_TC","down","GO:0008135",50,0,1,1
"FOA_TC","down","GO:0008139",10,0,1,1
"FOA_TC","down","GO:0008146",14,0,1,1
"FOA_TC","down","GO:0008168",62,0,1,1
"FOA_TC","down","GO:0008170",36,0,1,1
"FOA_TC","down","GO:0008171",10,0,1,1
"FOA_TC","down","GO:0008173",13,0,1,1
"FOA_TC","down","GO:0008186",60,0,1,1
"FOA_TC","down","GO:0008187",10,0,1,1
"FOA_TC","down","GO:0008194",57,0,1,1
"FOA_TC","down","GO:0008201",18,0,1,1
"FOA_TC","down","GO:0008234",69,0,1,1
"FOA_TC","down","GO:0008235",23,0,1,1
"FOA_TC","down","GO:0008236",41,0,1,1
"FOA_TC","down","GO:0008237",66,0,1,1
"FOA_TC","down","GO:0008238",35,0,1,1
"FOA_TC","down","GO:0008270",277,0,1,1
"FOA_TC","down","GO:0008276",38,0,1,1
"FOA_TC","down","GO:0008289",234,0,1,1
"FOA_TC","down","GO:0008307",10,0,1,1
"FOA_TC","down","GO:0008374",13,0,1,1
"FOA_TC","down","GO:0008375",24,0,1,1
"FOA_TC","down","GO:0008376",15,0,1,1
"FOA_TC","down","GO:0008378",17,0,1,1
"FOA_TC","down","GO:0008408",20,0,1,1
"FOA_TC","down","GO:0008483",12,0,1,1
"FOA_TC","down","GO:0008509",32,0,1,1
"FOA_TC","down","GO:0008525",10,0,1,1
"FOA_TC","down","GO:0008559",10,0,1,1
"FOA_TC","down","GO:0008757",52,0,1,1
"FOA_TC","down","GO:0009055",25,0,1,1
"FOA_TC","down","GO:0015026",12,0,1,1
"FOA_TC","down","GO:0015035",14,0,1,1
"FOA_TC","down","GO:0015036",17,0,1,1
"FOA_TC","down","GO:0015078",41,0,1,1
"FOA_TC","down","GO:0015079",36,0,1,1
"FOA_TC","down","GO:0015101",10,0,1,1
"FOA_TC","down","GO:0015103",35,0,1,1
"FOA_TC","down","GO:0015108",26,0,1,1
"FOA_TC","down","GO:0015248",10,0,1,1
"FOA_TC","down","GO:0015267",139,0,1,1
"FOA_TC","down","GO:0015276",35,0,1,1
"FOA_TC","down","GO:0015399",49,0,1,1
"FOA_TC","down","GO:0015453",14,0,1,1
"FOA_TC","down","GO:0015485",22,0,1,1
"FOA_TC","down","GO:0015631",138,0,1,1
"FOA_TC","down","GO:0015932",13,0,1,1
"FOA_TC","down","GO:0016209",30,0,1,1
"FOA_TC","down","GO:0016247",18,0,1,1
"FOA_TC","down","GO:0016251",10,0,1,1
"FOA_TC","down","GO:0016278",29,0,1,1
"FOA_TC","down","GO:0016279",29,0,1,1
"FOA_TC","down","GO:0016298",25,0,1,1
"FOA_TC","down","GO:0016301",273,0,1,1
"FOA_TC","down","GO:0016407",35,0,1,1
"FOA_TC","down","GO:0016410",33,0,1,1
"FOA_TC","down","GO:0016491",234,0,1,1
"FOA_TC","down","GO:0016504",17,0,1,1
"FOA_TC","down","GO:0016538",12,0,1,1
"FOA_TC","down","GO:0016597",19,0,1,1
"FOA_TC","down","GO:0016614",39,0,1,1
"FOA_TC","down","GO:0016616",33,0,1,1
"FOA_TC","down","GO:0016620",14,0,1,1
"FOA_TC","down","GO:0016627",12,0,1,1
"FOA_TC","down","GO:0016651",22,0,1,1
"FOA_TC","down","GO:0016667",26,0,1,1
"FOA_TC","down","GO:0016684",21,0,1,1
"FOA_TC","down","GO:0016705",46,0,1,1
"FOA_TC","down","GO:0016706",24,0,1,1
"FOA_TC","down","GO:0016740",784,0,1,1
"FOA_TC","down","GO:0016741",67,0,1,1
"FOA_TC","down","GO:0016746",233,0,1,1
"FOA_TC","down","GO:0016747",66,0,1,1
"FOA_TC","down","GO:0016755",162,0,1,1
"FOA_TC","down","GO:0016757",113,0,1,1
"FOA_TC","down","GO:0016758",82,0,1,1
"FOA_TC","down","GO:0016763",30,0,1,1
"FOA_TC","down","GO:0016765",13,0,1,1
"FOA_TC","down","GO:0016769",12,0,1,1
"FOA_TC","down","GO:0016772",336,0,1,1
"FOA_TC","down","GO:0016773",257,0,1,1
"FOA_TC","down","GO:0016776",13,0,1,1
"FOA_TC","down","GO:0016779",59,0,1,1
"FOA_TC","down","GO:0016782",18,0,1,1
"FOA_TC","down","GO:0016788",215,0,1,1
"FOA_TC","down","GO:0016791",98,0,1,1
"FOA_TC","down","GO:0016796",17,0,1,1
"FOA_TC","down","GO:0016798",61,0,1,1
"FOA_TC","down","GO:0016799",18,0,1,1
"FOA_TC","down","GO:0016810",25,0,1,1
"FOA_TC","down","GO:0016811",17,0,1,1
"FOA_TC","down","GO:0016829",69,0,1,1
"FOA_TC","down","GO:0016830",21,0,1,1
"FOA_TC","down","GO:0016831",14,0,1,1
"FOA_TC","down","GO:0016835",30,0,1,1
"FOA_TC","down","GO:0016836",25,0,1,1
"FOA_TC","down","GO:0016853",64,0,1,1
"FOA_TC","down","GO:0016859",19,0,1,1
"FOA_TC","down","GO:0016860",17,0,1,1
"FOA_TC","down","GO:0016864",10,0,1,1
"FOA_TC","down","GO:0016866",10,0,1,1
"FOA_TC","down","GO:0016874",72,0,1,1
"FOA_TC","down","GO:0016875",23,0,1,1
"FOA_TC","down","GO:0016877",13,0,1,1
"FOA_TC","down","GO:0016879",19,0,1,1
"FOA_TC","down","GO:0016881",11,0,1,1
"FOA_TC","down","GO:0016893",10,0,1,1
"FOA_TC","down","GO:0016896",14,0,1,1
"FOA_TC","down","GO:0016903",15,0,1,1
"FOA_TC","down","GO:0016922",29,0,1,1
"FOA_TC","down","GO:0017018",27,0,1,1
"FOA_TC","down","GO:0017022",28,0,1,1
"FOA_TC","down","GO:0017025",15,0,1,1
"FOA_TC","down","GO:0017069",22,0,1,1
"FOA_TC","down","GO:0017124",37,0,1,1
"FOA_TC","down","GO:0017134",10,0,1,1
"FOA_TC","down","GO:0017147",11,0,1,1
"FOA_TC","down","GO:0017171",42,0,1,1
"FOA_TC","down","GO:0019001",181,0,1,1
"FOA_TC","down","GO:0019003",20,0,1,1
"FOA_TC","down","GO:0019198",10,0,1,1
"FOA_TC","down","GO:0019199",21,0,1,1
"FOA_TC","down","GO:0019205",19,0,1,1
"FOA_TC","down","GO:0019207",68,0,1,1
"FOA_TC","down","GO:0019208",31,0,1,1
"FOA_TC","down","GO:0019209",33,0,1,1
"FOA_TC","down","GO:0019210",14,0,1,1
"FOA_TC","down","GO:0019212",10,0,1,1
"FOA_TC","down","GO:0019783",45,0,1,1
"FOA_TC","down","GO:0019787",157,0,1,1
"FOA_TC","down","GO:0019829",20,0,1,1
"FOA_TC","down","GO:0019838",20,0,1,1
"FOA_TC","down","GO:0019842",53,0,1,1
"FOA_TC","down","GO:0019843",32,0,1,1
"FOA_TC","down","GO:0019887",59,0,1,1
"FOA_TC","down","GO:0019888",29,0,1,1
"FOA_TC","down","GO:0019894",11,0,1,1
"FOA_TC","down","GO:0019899",557,0,1,1
"FOA_TC","down","GO:0019900",195,0,1,1
"FOA_TC","down","GO:0019901",175,0,1,1
"FOA_TC","down","GO:0019902",63,0,1,1
"FOA_TC","down","GO:0019903",47,0,1,1
"FOA_TC","down","GO:0019904",175,0,1,1
"FOA_TC","down","GO:0019905",21,0,1,1
"FOA_TC","down","GO:0019955",11,0,1,1
"FOA_TC","down","GO:0020037",32,0,1,1
"FOA_TC","down","GO:0022803",139,0,1,1
"FOA_TC","down","GO:0022824",15,0,1,1
"FOA_TC","down","GO:0022829",11,0,1,1
"FOA_TC","down","GO:0022832",32,0,1,1
"FOA_TC","down","GO:0022834",35,0,1,1
"FOA_TC","down","GO:0022835",15,0,1,1
"FOA_TC","down","GO:0022836",72,0,1,1
"FOA_TC","down","GO:0022839",71,0,1,1
"FOA_TC","down","GO:0022843",24,0,1,1
"FOA_TC","down","GO:0030145",31,0,1,1
"FOA_TC","down","GO:0030159",10,0,1,1
"FOA_TC","down","GO:0030165",23,0,1,1
"FOA_TC","down","GO:0030170",24,0,1,1
"FOA_TC","down","GO:0030234",335,0,1,1
"FOA_TC","down","GO:0030246",81,0,1,1
"FOA_TC","down","GO:0030247",10,0,1,1
"FOA_TC","down","GO:0030276",26,0,1,1
"FOA_TC","down","GO:0030295",31,0,1,1
"FOA_TC","down","GO:0030331",13,0,1,1
"FOA_TC","down","GO:0030332",11,0,1,1
"FOA_TC","down","GO:0030371",11,0,1,1
"FOA_TC","down","GO:0030374",18,0,1,1
"FOA_TC","down","GO:0030414",23,0,1,1
"FOA_TC","down","GO:0030507",12,0,1,1
"FOA_TC","down","GO:0030515",15,0,1,1
"FOA_TC","down","GO:0030544",27,0,1,1
"FOA_TC","down","GO:0030545",29,0,1,1
"FOA_TC","down","GO:0030546",29,0,1,1
"FOA_TC","down","GO:0030551",12,0,1,1
"FOA_TC","down","GO:0030594",22,0,1,1
"FOA_TC","down","GO:0030674",155,0,1,1
"FOA_TC","down","GO:0030695",150,0,1,1
"FOA_TC","down","GO:0030971",25,0,1,1
"FOA_TC","down","GO:0031072",51,0,1,1
"FOA_TC","down","GO:0031267",97,0,1,1
"FOA_TC","down","GO:0031369",18,0,1,1
"FOA_TC","down","GO:0031406",45,0,1,1
"FOA_TC","down","GO:0031418",11,0,1,1
"FOA_TC","down","GO:0031490",18,0,1,1
"FOA_TC","down","GO:0031491",13,0,1,1
"FOA_TC","down","GO:0031593",17,0,1,1
"FOA_TC","down","GO:0031625",91,0,1,1
"FOA_TC","down","GO:0032182",39,0,1,1
"FOA_TC","down","GO:0032266",18,0,1,1
"FOA_TC","down","GO:0032561",181,0,1,1
"FOA_TC","down","GO:0032813",12,0,1,1
"FOA_TC","down","GO:0032934",29,0,1,1
"FOA_TC","down","GO:0033218",80,0,1,1
"FOA_TC","down","GO:0034185",13,0,1,1
"FOA_TC","down","GO:0034212",23,0,1,1
"FOA_TC","down","GO:0035064",32,0,1,1
"FOA_TC","down","GO:0035091",87,0,1,1
"FOA_TC","down","GO:0035250",12,0,1,1
"FOA_TC","down","GO:0035254",15,0,1,1
"FOA_TC","down","GO:0035255",10,0,1,1
"FOA_TC","down","GO:0035591",31,0,1,1
"FOA_TC","down","GO:0036002",12,0,1,1
"FOA_TC","down","GO:0038023",170,0,1,1
"FOA_TC","down","GO:0038024",20,0,1,1
"FOA_TC","down","GO:0042054",32,0,1,1
"FOA_TC","down","GO:0042162",10,0,1,1
"FOA_TC","down","GO:0042169",11,0,1,1
"FOA_TC","down","GO:0042277",60,0,1,1
"FOA_TC","down","GO:0042393",90,0,1,1
"FOA_TC","down","GO:0042562",13,0,1,1
"FOA_TC","down","GO:0042578",123,0,1,1
"FOA_TC","down","GO:0042625",13,0,1,1
"FOA_TC","down","GO:0042626",35,0,1,1
"FOA_TC","down","GO:0042799",16,0,1,1
"FOA_TC","down","GO:0042802",436,0,1,1
"FOA_TC","down","GO:0042803",168,0,1,1
"FOA_TC","down","GO:0042826",18,0,1,1
"FOA_TC","down","GO:0042887",13,0,1,1
"FOA_TC","down","GO:0042910",13,0,1,1
"FOA_TC","down","GO:0043014",17,0,1,1
"FOA_TC","down","GO:0043021",72,0,1,1
"FOA_TC","down","GO:0043022",40,0,1,1
"FOA_TC","down","GO:0043028",15,0,1,1
"FOA_TC","down","GO:0043130",34,0,1,1
"FOA_TC","down","GO:0043175",18,0,1,1
"FOA_TC","down","GO:0043177",45,0,1,1
"FOA_TC","down","GO:0043178",36,0,1,1
"FOA_TC","down","GO:0043495",11,0,1,1
"FOA_TC","down","GO:0043539",19,0,1,1
"FOA_TC","down","GO:0043565",283,0,1,1
"FOA_TC","down","GO:0044183",30,0,1,1
"FOA_TC","down","GO:0044325",38,0,1,1
"FOA_TC","down","GO:0044389",98,0,1,1
"FOA_TC","down","GO:0044769",13,0,1,1
"FOA_TC","down","GO:0044877",537,0,1,1
"FOA_TC","down","GO:0045182",69,0,1,1
"FOA_TC","down","GO:0045296",50,0,1,1
"FOA_TC","down","GO:0045309",17,0,1,1
"FOA_TC","down","GO:0045504",10,0,1,1
"FOA_TC","down","GO:0046332",22,0,1,1
"FOA_TC","down","GO:0046875",11,0,1,1
"FOA_TC","down","GO:0046906",35,0,1,1
"FOA_TC","down","GO:0046914",354,0,1,1
"FOA_TC","down","GO:0046961",13,0,1,1
"FOA_TC","down","GO:0046982",65,0,1,1
"FOA_TC","down","GO:0046983",243,0,1,1
"FOA_TC","down","GO:0048018",27,0,1,1
"FOA_TC","down","GO:0048027",12,0,1,1
"FOA_TC","down","GO:0048029",31,0,1,1
"FOA_TC","down","GO:0048306",18,0,1,1
"FOA_TC","down","GO:0048487",16,0,1,1
"FOA_TC","down","GO:0050660",36,0,1,1
"FOA_TC","down","GO:0050661",21,0,1,1
"FOA_TC","down","GO:0050839",94,0,1,1
"FOA_TC","down","GO:0050840",12,0,1,1
"FOA_TC","down","GO:0050997",13,0,1,1
"FOA_TC","down","GO:0051010",10,0,1,1
"FOA_TC","down","GO:0051015",94,0,1,1
"FOA_TC","down","GO:0051018",16,0,1,1
"FOA_TC","down","GO:0051019",13,0,1,1
"FOA_TC","down","GO:0051020",105,0,1,1
"FOA_TC","down","GO:0051059",11,0,1,1
"FOA_TC","down","GO:0051082",44,0,1,1
"FOA_TC","down","GO:0051087",60,0,1,1
"FOA_TC","down","GO:0051117",26,0,1,1
"FOA_TC","down","GO:0051213",32,0,1,1
"FOA_TC","down","GO:0051219",30,0,1,1
"FOA_TC","down","GO:0051287",39,0,1,1
"FOA_TC","down","GO:0051536",32,0,1,1
"FOA_TC","down","GO:0051537",13,0,1,1
"FOA_TC","down","GO:0051539",18,0,1,1
"FOA_TC","down","GO:0051540",32,0,1,1
"FOA_TC","down","GO:0051721",14,0,1,1
"FOA_TC","down","GO:0051879",18,0,1,1
"FOA_TC","down","GO:0052689",29,0,1,1
"FOA_TC","down","GO:0052742",10,0,1,1
"FOA_TC","down","GO:0052744",11,0,1,1
"FOA_TC","down","GO:0052866",15,0,1,1
"FOA_TC","down","GO:0055106",10,0,1,1
"FOA_TC","down","GO:0060089",170,0,1,1
"FOA_TC","down","GO:0060090",186,0,1,1
"FOA_TC","down","GO:0060589",150,0,1,1
"FOA_TC","down","GO:0060590",15,0,1,1
"FOA_TC","down","GO:0061134",41,0,1,1
"FOA_TC","down","GO:0061135",27,0,1,1
"FOA_TC","down","GO:0061629",73,0,1,1
"FOA_TC","down","GO:0061630",106,0,1,1
"FOA_TC","down","GO:0061631",20,0,1,1
"FOA_TC","down","GO:0061650",22,0,1,1
"FOA_TC","down","GO:0061659",112,0,1,1
"FOA_TC","down","GO:0061733",21,0,1,1
"FOA_TC","down","GO:0061980",12,0,1,1
"FOA_TC","down","GO:0070063",29,0,1,1
"FOA_TC","down","GO:0070279",24,0,1,1
"FOA_TC","down","GO:0070403",14,0,1,1
"FOA_TC","down","GO:0070566",13,0,1,1
"FOA_TC","down","GO:0070577",13,0,1,1
"FOA_TC","down","GO:0070628",15,0,1,1
"FOA_TC","down","GO:0070717",12,0,1,1
"FOA_TC","down","GO:0070840",15,0,1,1
"FOA_TC","down","GO:0070851",23,0,1,1
"FOA_TC","down","GO:0071949",17,0,1,1
"FOA_TC","down","GO:0072341",27,0,1,1
"FOA_TC","down","GO:0072349",13,0,1,1
"FOA_TC","down","GO:0090079",59,0,1,1
"FOA_TC","down","GO:0097110",23,0,1,1
"FOA_TC","down","GO:0097472",10,0,1,1
"FOA_TC","down","GO:0097602",11,0,1,1
"FOA_TC","down","GO:0098531",22,0,1,1
"FOA_TC","down","GO:0098772",419,0,1,1
"FOA_TC","down","GO:0098960",17,0,1,1
"FOA_TC","down","GO:0099094",30,0,1,1
"FOA_TC","down","GO:0099106",17,0,1,1
"FOA_TC","down","GO:0099529",14,0,1,1
"FOA_TC","down","GO:0099604",12,0,1,1
"FOA_TC","down","GO:0101005",40,0,1,1
"FOA_TC","down","GO:0106310",160,0,1,1
"FOA_TC","down","GO:0120013",20,0,1,1
"FOA_TC","down","GO:0120015",10,0,1,1
"FOA_TC","down","GO:0140030",72,0,1,1
"FOA_TC","down","GO:0140033",13,0,1,1
"FOA_TC","down","GO:0140034",34,0,1,1
"FOA_TC","down","GO:0140097",69,0,1,1
"FOA_TC","down","GO:0140098",147,0,1,1
"FOA_TC","down","GO:0140101",38,0,1,1
"FOA_TC","down","GO:0140103",18,0,1,1
"FOA_TC","down","GO:0140104",28,0,1,1
"FOA_TC","down","GO:0140110",371,0,1,1
"FOA_TC","down","GO:0140142",14,0,1,1
"FOA_TC","down","GO:0140223",13,0,1,1
"FOA_TC","down","GO:0140296",24,0,1,1
"FOA_TC","down","GO:0140297",119,0,1,1
"FOA_TC","down","GO:0140303",19,0,1,1
"FOA_TC","down","GO:0140313",10,0,1,1
"FOA_TC","down","GO:0140318",11,0,1,1
"FOA_TC","down","GO:0140326",12,0,1,1
"FOA_TC","down","GO:0140359",16,0,1,1
"FOA_TC","down","GO:0140463",13,0,1,1
"FOA_TC","down","GO:0140640",219,0,1,1
"FOA_TC","down","GO:0140658",19,0,1,1
"FOA_TC","down","GO:0140662",20,0,1,1
"FOA_TC","down","GO:0140677",198,0,1,1
"FOA_TC","down","GO:0140678",80,0,1,1
"FOA_TC","down","GO:0140767",28,0,1,1
"FOA_TC","down","GO:0140938",16,0,1,1
"FOA_TC","down","GO:0140939",17,0,1,1
"FOA_TC","down","GO:0140944",15,0,1,1
"FOA_TC","down","GO:0140993",86,0,1,1
"FOA_TC","down","GO:1901505",12,0,1,1
"FOA_TC","down","GO:1901681",43,0,1,1
"FOA_TC","down","GO:1901682",16,0,1,1
"FOA_TC","down","GO:1901981",53,0,1,1
"FOA_TC","down","GO:1902936",28,0,1,1
"FOA_TC","down","GO:1904315",14,0,1,1
"FOA_TC","down","GO:1990404",24,0,1,1
"FOA_TC","down","GO:1990756",23,0,1,1
"FOA_TC","down","GO:1990782",29,0,1,1
"FOA_TC","down","GO:1990837",250,0,1,1
"FOA_TC","down","GO:1990841",23,0,1,1
"FOW_TC","up","GO:1901363",1812,54,1,4.51234082447101e-05
"FOW_TC","up","GO:0015318",174,1,1,0.971917309285254
"FOW_TC","up","GO:0004177",15,1,0.260606566368458,0.260606566368458
"FOW_TC","up","GO:0016740",725,9,0.929088956270653,0.965200157341046
"FOW_TC","up","GO:0005126",32,1,0.475576795479659,0.475576795479659
"FOW_TC","up","GO:0000981",172,4,0.644259816191351,0.449166545750195
"FOW_TC","up","GO:0016407",32,2,1,0.13232748426455
"FOW_TC","up","GO:0140101",35,1,1,0.50649836649453
"FOW_TC","up","GO:0015171",31,2,1,0.125610690152477
"FOW_TC","up","GO:0140104",27,4,0.238314467363404,0.00180198198770444
"FOW_TC","up","GO:0016746",213,4,1,0.619723457964742
"FOW_TC","up","GO:0051082",44,6,0.000198921814760593,0.000198921814760593
"FOW_TC","up","GO:0016810",23,2,1,0.075555025815862
"FOW_TC","up","GO:0016747",59,2,1,0.32887673953429
"FOW_TC","up","GO:0005096",77,1,0.79024442374988,0.79024442374988
"FOW_TC","up","GO:0000987",160,7,0.0745036257498619,0.0386487681973719
"FOW_TC","up","GO:0016811",15,2,0.0347114040816237,0.0347114040816237
"FOW_TC","up","GO:0030695",140,1,1,0.942854956710248
"FOW_TC","up","GO:0008233",176,3,0.608021762756105,0.688184076571377
"FOW_TC","up","GO:0000049",25,2,0.0873610188999568,0.0873610188999568
"FOW_TC","up","GO:0015175",21,2,0.180630120560978,0.0643197302844149
"FOW_TC","up","GO:0008234",66,1,1,0.737332607438221
"FOW_TC","up","GO:0016684",20,1,0.331563833790782,0.331563833790782
"FOW_TC","up","GO:0008235",23,1,0.370863837013573,0.370863837013573
"FOW_TC","up","GO:0051087",56,2,0.306745371443042,0.306745371443042
"FOW_TC","up","GO:0140677",183,2,1,0.886345008452929
"FOW_TC","up","GO:1902936",27,1,1,0.419733740381988
"FOW_TC","up","GO:0008237",59,2,0.514041716635023,0.32887673953429
"FOW_TC","up","GO:0140678",79,2,1,0.469471873653647
"FOW_TC","up","GO:0004860",11,1,0.198526191004225,0.198526191004225
"FOW_TC","up","GO:0015179",27,2,0.273115075347648,0.0996765657944754
"FOW_TC","up","GO:0008238",35,1,1,0.50649836649453
"FOW_TC","up","GO:0016817",322,12,1,0.0240764779681638
"FOW_TC","up","GO:0016818",322,12,1,0.0240764779681638
"FOW_TC","up","GO:0003700",191,4,1,0.531910075567012
"FOW_TC","up","GO:1901702",145,1,1,0.948504133082672
"FOW_TC","up","GO:0022890",153,1,1,0.956416421219907
"FOW_TC","up","GO:0008080",28,2,1,0.106007367050053
"FOW_TC","up","GO:0016491",219,7,0.902072166396569,0.143407100645362
"FOW_TC","up","GO:0090079",58,6,0.157973898409835,0.000913679216624058
"FOW_TC","up","GO:0000976",212,8,0.293738932659873,0.0581727225399414
"FOW_TC","up","GO:0000166",900,25,1,0.041144879834876
"FOW_TC","up","GO:0000977",190,6,1,0.175269734839653
"FOW_TC","up","GO:1901981",51,2,1,0.269620740335613
"FOW_TC","up","GO:0000978",156,6,0.0886667335881716,0.0886667335881716
"FOW_TC","up","GO:0098772",395,5,1,0.905775221475126
"FOW_TC","up","GO:0043167",1924,43,1,0.17235545272028
"FOW_TC","up","GO:0042393",83,6,0.0110640554493673,0.00574277757168049
"FOW_TC","up","GO:0043168",950,29,1,0.00723733329126636
"FOW_TC","up","GO:0046982",61,3,0.120381506596729,0.120381506596729
"FOW_TC","up","GO:0043169",1288,28,1,0.321675299407331
"FOW_TC","up","GO:0061134",40,1,1,0.554080735202468
"FOW_TC","up","GO:0046983",225,5,0.114579499165278,0.466690777414961
"FOW_TC","up","GO:0004857",64,2,0.654060761571528,0.365326319916186
"FOW_TC","up","GO:0051020",102,3,1,0.331291625850864
"FOW_TC","up","GO:0071949",14,1,0.245546888882669,0.245546888882669
"FOW_TC","up","GO:0005215",331,2,1,0.991911140436139
"FOW_TC","up","GO:0048027",12,1,0.21451277634542,0.21451277634542
"FOW_TC","up","GO:0048029",28,2,1,0.106007367050053
"FOW_TC","up","GO:0008514",65,2,1,0.3725332600784
"FOW_TC","up","GO:0030554",703,14,1,0.544822570372156
"FOW_TC","up","GO:0044877",502,15,0.900445697630463,0.0674183223009659
"FOW_TC","up","GO:0019842",44,2,1,0.217730900614655
"FOW_TC","up","GO:0016209",28,1,0.431353235690579,0.431353235690579
"FOW_TC","up","GO:0019843",30,2,0.118980920877864,0.118980920877864
"FOW_TC","up","GO:1990841",20,2,0.0589363001963732,0.0589363001963732
"FOW_TC","up","GO:0051010",10,1,0.182218287198356,0.182218287198356
"FOW_TC","up","GO:0140640",209,7,1,0.120180564684628
"FOW_TC","up","GO:0097159",1830,54,1,6.28968630746131e-05
"FOW_TC","up","GO:0050839",85,2,0.525924387857874,0.508299648916702
"FOW_TC","up","GO:0140297",110,4,0.207772647250976,0.174494485197387
"FOW_TC","up","GO:0061659",104,1,1,0.87955742097738
"FOW_TC","up","GO:0036094",993,28,1,0.0246333229948538
"FOW_TC","up","GO:0003924",115,7,0.00740662348683845,0.00740662348683845
"FOW_TC","up","GO:0030246",76,2,1,0.449401561455563
"FOW_TC","up","GO:0060589",140,1,1,0.942854956710248
"FOW_TC","up","GO:0031406",41,3,1,0.0470666331488523
"FOW_TC","up","GO:0016705",49,5,0.0885375830696244,0.00264570486876354
"FOW_TC","up","GO:1901265",900,25,1,0.041144879834876
"FOW_TC","up","GO:0016706",23,3,0.0100859661549612,0.0100859661549612
"FOW_TC","up","GO:0016462",322,12,1,0.0240764779681638
"FOW_TC","up","GO:0019838",20,1,0.331563833790782,0.331563833790782
"FOW_TC","up","GO:0033218",71,5,1,0.0128586422077267
"FOW_TC","up","GO:0140030",67,3,1,0.147596657401075
"FOW_TC","up","GO:1990837",221,8,1,0.070729889594803
"FOW_TC","up","GO:0019207",61,1,1,0.709113564337767
"FOW_TC","up","GO:0017111",315,12,1,0.020623617676115
"FOW_TC","up","GO:0140033",10,1,1,0.182218287198356
"FOW_TC","up","GO:0008017",95,1,1,0.855031895761321
"FOW_TC","up","GO:0030234",316,4,1,0.884920879939063
"FOW_TC","up","GO:0140034",33,1,1,0.486090903736546
"FOW_TC","up","GO:0043177",41,3,1,0.0470666331488523
"FOW_TC","up","GO:0061733",21,2,1,0.0643197302844149
"FOW_TC","up","GO:0070851",23,1,0.370863837013573,0.370863837013573
"FOW_TC","up","GO:0046914",327,14,1,0.00455049880820496
"FOW_TC","up","GO:0022853",75,1,1,0.781477701207283
"FOW_TC","up","GO:0004402",21,2,0.0643197302844149,0.0643197302844149
"FOW_TC","up","GO:0031490",16,1,0.275369230492584,0.275369230492584
"FOW_TC","up","GO:0035639",786,23,1,0.0296831970558542
"FOW_TC","up","GO:0005085",69,1,0.752947483853788,0.752947483853788
"FOW_TC","up","GO:0099106",17,1,0.28984066816906,0.28984066816906
"FOW_TC","up","GO:0032266",18,1,0.304026554943758,0.304026554943758
"FOW_TC","up","GO:0022857",299,2,1,0.985255872015823
"FOW_TC","up","GO:0005524",639,13,0.512313554416201,0.512313554416201
"FOW_TC","up","GO:0008047",145,2,1,0.791346572084973
"FOW_TC","up","GO:0031072",47,1,1,0.613170736583901
"FOW_TC","up","GO:0005525",165,10,0.00142023651270888,0.00142023651270888
"FOW_TC","up","GO:0005102",229,3,1,0.843191046804554
"FOW_TC","up","GO:0001221",29,1,1,0.442742838688471
"FOW_TC","up","GO:0001222",13,1,0.230184297595949,0.230184297595949
"FOW_TC","up","GO:0004812",21,1,0.3449260389661,0.3449260389661
"FOW_TC","up","GO:0046943",53,2,1,0.284491181467977
"FOW_TC","up","GO:0001228",62,2,0.350823992512479,0.350823992512479
"FOW_TC","up","GO:0061629",67,2,0.386850376534781,0.386850376534781
"FOW_TC","up","GO:0015081",51,1,1,0.643390449576492
"FOW_TC","up","GO:0031625",83,2,0.495557883804852,0.495557883804852
"FOW_TC","up","GO:0005515",1678,35,1,0.397353914106913
"FOW_TC","up","GO:0005516",76,2,0.449401561455563,0.449401561455563
"FOW_TC","up","GO:0004672",208,2,1,0.92525518646862
"FOW_TC","up","GO:0003690",237,8,1,0.0969167718255275
"FOW_TC","up","GO:0020037",31,2,0.125610690152477,0.125610690152477
"FOW_TC","up","GO:0004674",166,2,0.850127897596479,0.850127897596479
"FOW_TC","up","GO:0097110",22,1,0.358024323483237,0.358024323483237
"FOW_TC","up","GO:0004842",137,2,0.558326965273796,0.764151318223877
"FOW_TC","up","GO:0140313",10,1,0.182218287198356,0.182218287198356
"FOW_TC","up","GO:0004843",35,1,0.50649836649453,0.50649836649453
"FOW_TC","up","GO:0004497",24,2,0.0813905988109864,0.0813905988109864
"FOW_TC","up","GO:0016504",15,1,0.260606566368458,0.260606566368458
"FOW_TC","up","GO:0001216",63,2,1,0.358089316867267
"FOW_TC","up","GO:0005200",48,5,0.00241288013736364,0.00241288013736364
"FOW_TC","up","GO:0031369",16,1,0.275369230492584,0.275369230492584
"FOW_TC","up","GO:0042802",403,5,0.88594866745225,0.914835853317276
"FOW_TC","up","GO:0017069",21,1,0.3449260389661,0.3449260389661
"FOW_TC","up","GO:0043565",254,8,1,0.130116801816469
"FOW_TC","up","GO:0042803",155,2,0.821479500628383,0.821479500628383
"FOW_TC","up","GO:0005543",133,2,1,0.749453254879111
"FOW_TC","up","GO:0005198",197,8,1,0.0406250393808879
"FOW_TC","up","GO:0001664",30,2,0.118980920877864,0.118980920877864
"FOW_TC","up","GO:0005546",21,1,0.3449260389661,0.3449260389661
"FOW_TC","up","GO:0035254",14,1,0.245546888882669,0.245546888882669
"FOW_TC","up","GO:0008324",170,1,1,0.969459469286318
"FOW_TC","up","GO:0045296",48,1,0.620954785565525,0.620954785565525
"FOW_TC","up","GO:0070717",12,1,0.21451277634542,0.21451277634542
"FOW_TC","up","GO:0015075",191,1,1,0.980359140137929
"FOW_TC","up","GO:0001067",213,8,1,0.0594915325712255
"FOW_TC","up","GO:0101005",37,1,1,0.526104937570735
"FOW_TC","up","GO:0070577",10,1,0.182218287198356,0.182218287198356
"FOW_TC","up","GO:0008186",58,2,1,0.321517206406002
"FOW_TC","up","GO:0016597",18,1,0.304026554943758,0.304026554943758
"FOW_TC","up","GO:0061630",97,1,0.86087634674973,0.86087634674973
"FOW_TC","up","GO:0005295",10,1,1,0.182218287198356
"FOW_TC","up","GO:0019899",518,13,0.367867708831859,0.2243819001854
"FOW_TC","up","GO:0002039",19,1,0.317932457111061,0.317932457111061
"FOW_TC","up","GO:0016410",30,2,1,0.118980920877864
"FOW_TC","up","GO:0032561",174,10,1,0.00211910212768581
"FOW_TC","up","GO:0140096",793,14,0.779565089880918,0.734639728464236
"FOW_TC","up","GO:0140097",65,3,0.138307704806463,0.138307704806463
"FOW_TC","up","GO:0005048",18,3,1,0.00499130502730835
"FOW_TC","up","GO:0140098",140,4,0.607858151992321,0.303308234009183
"FOW_TC","up","GO:0044389",90,2,1,0.53924168028503
"FOW_TC","up","GO:0035091",81,2,1,0.482613637012596
"FOW_TC","up","GO:0140110",340,7,1,0.520681873500806
"FOW_TC","up","GO:0003723",570,23,0.0152075778977765,0.000496216529199375
"FOW_TC","up","GO:0003724",58,2,0.321517206406002,0.321517206406002
"FOW_TC","up","GO:0003725",28,2,0.106007367050053,0.106007367050053
"FOW_TC","up","GO:0016755",149,2,1,0.803894955841411
"FOW_TC","up","GO:0003727",37,1,1,0.526104937570735
"FOW_TC","up","GO:0003729",139,4,0.324113759379665,0.298778359787603
"FOW_TC","up","GO:0019001",174,10,1,0.00211910212768581
"FOW_TC","up","GO:0046906",33,2,1,0.139125331259274
"FOW_TC","up","GO:0015291",92,2,1,0.551245148579216
"FOW_TC","up","GO:0017076",853,24,1,0.0399657148288866
"FOW_TC","up","GO:0046872",1273,28,0.835355499529913,0.296079435484892
"FOW_TC","up","GO:0008289",212,2,1,0.930189070709805
"FOW_TC","up","GO:0015293",48,1,1,0.620954785565525
"FOW_TC","up","GO:0046873",120,1,1,0.913457060616435
"FOW_TC","up","GO:0015294",34,1,1,0.496396735454228
"FOW_TC","up","GO:0030971",24,1,0.383449629978902,0.383449629978902
"FOW_TC","up","GO:0032553",815,24,0.102279827872899,0.024314647086537
"FOW_TC","up","GO:0004386",92,2,1,0.551245148579216
"FOW_TC","up","GO:0046875",10,1,0.182218287198356,0.182218287198356
"FOW_TC","up","GO:0003712",151,3,0.756322227757536,0.584091528720427
"FOW_TC","up","GO:0032555",809,23,1,0.0401088640272591
"FOW_TC","up","GO:0003713",81,2,0.482613637012596,0.482613637012596
"FOW_TC","up","GO:0015297",42,1,0.571818365524554,0.571818365524554
"FOW_TC","up","GO:0030371",11,1,0.198526191004225,0.198526191004225
"FOW_TC","up","GO:0140142",13,3,0.00187952226712857,0.00187952226712857
"FOW_TC","up","GO:0051117",23,1,0.370863837013573,0.370863837013573
"FOW_TC","up","GO:0008270",255,11,0.0113429703637264,0.0113429703637264
"FOW_TC","up","GO:0072349",11,1,0.198526191004225,0.198526191004225
"FOW_TC","up","GO:0032559",658,13,1,0.558340962541803
"FOW_TC","up","GO:0008092",336,1,1,0.999128097788256
"FOW_TC","up","GO:0106310",153,2,0.815778669323034,0.815778669323034
"FOW_TC","up","GO:0016787",800,19,0.902710071398424,0.229000221990256
"FOW_TC","up","GO:0003823",12,1,0.21451277634542,0.21451277634542
"FOW_TC","up","GO:0045182",68,6,1,0.00210952644501915
"FOW_TC","up","GO:0003824",1808,38,1,0.363838732052469
"FOW_TC","up","GO:0055106",10,1,0.182218287198356,0.182218287198356
"FOW_TC","up","GO:0016853",55,1,0.671275903656157,0.671275903656157
"FOW_TC","up","GO:0005488",3458,79,1,0.000386992305279982
"FOW_TC","up","GO:0044325",35,1,0.50649836649453,0.50649836649453
"FOW_TC","up","GO:0015631",133,1,1,0.933904638859698
"FOW_TC","up","GO:0031267",95,3,0.292805143493611,0.292805143493611
"FOW_TC","up","GO:0003743",33,2,0.139125331259274,0.139125331259274
"FOW_TC","up","GO:0016772",313,3,1,0.955038735832982
"FOW_TC","up","GO:0016773",241,2,1,0.957837683796035
"FOW_TC","up","GO:0005506",39,3,0.0414997604910838,0.0414997604910838
"FOW_TC","up","GO:1901682",14,1,0.245546888882669,0.245546888882669
"FOW_TC","up","GO:0003746",14,2,0.0304706108685905,0.0304706108685905
"FOW_TC","up","GO:0015370",24,1,1,0.383449629978902
"FOW_TC","up","GO:0003682",146,7,0.169753875642344,0.0250679044650275
"FOW_TC","up","GO:0140662",20,4,0.000553060969160964,0.000553060969160964
"FOW_TC","up","GO:0044183",30,5,0.174854252635838,0.000265729178595006
"FOW_TC","up","GO:0051213",31,3,1,0.0228492663959758
"FOW_TC","up","GO:0016779",54,1,0.664513390886414,0.664513390886414
"FOW_TC","up","GO:0015375",10,1,0.182218287198356,0.182218287198356
"FOW_TC","up","GO:0019783",42,1,1,0.571818365524554
"FOW_TC","up","GO:1990782",28,1,1,0.431353235690579
"FOW_TC","up","GO:0042277",54,5,0.151810157654397,0.00406064095538604
"FOW_TC","up","GO:0016887",204,5,0.382799144803081,0.382799144803081
"FOW_TC","up","GO:0051219",29,1,0.442742838688471,0.442742838688471
"FOW_TC","up","GO:0003730",32,1,0.475576795479659,0.475576795479659
"FOW_TC","up","GO:0019787",145,2,1,0.791346572084973
"FOW_TC","up","GO:0034212",23,2,1,0.075555025815862
"FOW_TC","up","GO:0031593",17,1,0.28984066816906,0.28984066816906
"FOW_TC","up","GO:0035064",31,1,0.464850254504187,0.464850254504187
"FOW_TC","up","GO:0048306",15,1,0.260606566368458,0.260606566368458
"FOW_TC","up","GO:0003735",90,3,0.26553247602969,0.26553247602969
"FOW_TC","up","GO:0016301",255,2,1,0.967123868553914
"FOW_TC","up","GO:0043021",70,5,0.021950660552235,0.0121385008884441
"FOW_TC","up","GO:0043022",39,2,0.181304362889043,0.181304362889043
"FOW_TC","up","GO:0003674",4122,82,1,1
"FOW_TC","up","GO:0003676",1022,36,0.00131845187338702,0.000104711483052692
"FOW_TC","up","GO:0016874",66,3,0.222732816107415,0.142926399512343
"FOW_TC","up","GO:0003677",472,10,0.898587096428245,0.467202889987148
"FOW_TC","up","GO:0140657",284,6,1,0.501483485151084
"FOW_TC","up","GO:0051879",15,1,0.260606566368458,0.260606566368458
"FOW_TC","up","GO:0016875",21,1,1,0.3449260389661
"FOW_TC","up","GO:0140993",82,4,0.334872866634495,0.0792584205731285
"FOW_TC","up","GO:0050660",31,2,0.287671490502989,0.125610690152477
"FOW_TC","up","GO:0050661",18,1,0.304026554943758,0.304026554943758
"FOW_TC","up","GO:0005342",53,2,1,0.284491181467977
"FOW_TC","up","GO:0016247",17,1,1,0.28984066816906
"FOW_TC","up","GO:0005343",18,1,1,0.304026554943758
"FOW_TC","up","GO:0019210",11,1,1,0.198526191004225
"FOW_TC","up","GO:0008134",146,5,1,0.16382105953804
"FOW_TC","up","GO:0008135",49,5,0.0563311824558609,0.00264570486876354
"FOW_TC","up","GO:0031418",11,2,0.0191392491396618,0.0191392491396618
"FOW_TC","up","GO:0005283",16,1,1,0.275369230492584
"FOW_TC","up","GO:0019887",52,1,1,0.650573447153188
"FOW_TC","up","GO:0008139",10,3,0.000823416255664269,0.000823416255664269
"FOW_TC","up","GO:0097367",860,25,0.551403296130388,0.0247258113618389
"FOW_TC","up","GO:0019900",182,5,0.301657708944417,0.294961357962956
"FOW_TC","up","GO:0019901",164,4,0.508619983768375,0.413029765405484
"FOW_TC","up","GO:0005416",17,1,1,0.28984066816906
"FOW_TC","up","GO:0015187",11,1,1,0.198526191004225
"FOW_TC","up","GO:0022804",141,2,1,0.778107318094892
"FOW_TC","up","GO:0009055",24,1,0.383449629978902,0.383449629978902
"FOW_TC","up","GO:0019904",164,5,0.226398027048123,0.226398027048123
"FOW_TC","up","GO:0000146",19,0,1,1
"FOW_TC","up","GO:0000149",32,0,1,1
"FOW_TC","up","GO:0000287",68,0,1,1
"FOW_TC","up","GO:0000339",10,0,1,1
"FOW_TC","up","GO:0000993",15,0,1,1
"FOW_TC","up","GO:0001098",24,0,1,1
"FOW_TC","up","GO:0001099",24,0,1,1
"FOW_TC","up","GO:0001217",21,0,1,1
"FOW_TC","up","GO:0001223",10,0,1,1
"FOW_TC","up","GO:0001227",20,0,1,1
"FOW_TC","up","GO:0001671",11,0,1,1
"FOW_TC","up","GO:0001727",14,0,1,1
"FOW_TC","up","GO:0001786",19,0,1,1
"FOW_TC","up","GO:0001965",14,0,1,1
"FOW_TC","up","GO:0002020",28,0,1,1
"FOW_TC","up","GO:0003684",15,0,1,1
"FOW_TC","up","GO:0003697",22,0,1,1
"FOW_TC","up","GO:0003714",59,0,1,1
"FOW_TC","up","GO:0003755",15,0,1,1
"FOW_TC","up","GO:0003756",10,0,1,1
"FOW_TC","up","GO:0003774",63,0,1,1
"FOW_TC","up","GO:0003777",43,0,1,1
"FOW_TC","up","GO:0003779",155,0,1,1
"FOW_TC","up","GO:0003925",13,0,1,1
"FOW_TC","up","GO:0003950",21,0,1,1
"FOW_TC","up","GO:0004175",107,0,1,1
"FOW_TC","up","GO:0004180",15,0,1,1
"FOW_TC","up","GO:0004197",35,0,1,1
"FOW_TC","up","GO:0004222",30,0,1,1
"FOW_TC","up","GO:0004252",33,0,1,1
"FOW_TC","up","GO:0004518",54,0,1,1
"FOW_TC","up","GO:0004519",31,0,1,1
"FOW_TC","up","GO:0004520",12,0,1,1
"FOW_TC","up","GO:0004521",19,0,1,1
"FOW_TC","up","GO:0004527",25,0,1,1
"FOW_TC","up","GO:0004532",14,0,1,1
"FOW_TC","up","GO:0004536",15,0,1,1
"FOW_TC","up","GO:0004540",33,0,1,1
"FOW_TC","up","GO:0004553",38,0,1,1
"FOW_TC","up","GO:0004601",19,0,1,1
"FOW_TC","up","GO:0004620",17,0,1,1
"FOW_TC","up","GO:0004653",11,0,1,1
"FOW_TC","up","GO:0004709",11,0,1,1
"FOW_TC","up","GO:0004712",16,0,1,1
"FOW_TC","up","GO:0004713",54,0,1,1
"FOW_TC","up","GO:0004714",15,0,1,1
"FOW_TC","up","GO:0004715",14,0,1,1
"FOW_TC","up","GO:0004721",63,0,1,1
"FOW_TC","up","GO:0004722",32,0,1,1
"FOW_TC","up","GO:0004725",30,0,1,1
"FOW_TC","up","GO:0004864",10,0,1,1
"FOW_TC","up","GO:0004866",24,0,1,1
"FOW_TC","up","GO:0004867",12,0,1,1
"FOW_TC","up","GO:0004879",16,0,1,1
"FOW_TC","up","GO:0004888",92,0,1,1
"FOW_TC","up","GO:0004930",26,0,1,1
"FOW_TC","up","GO:0005154",11,0,1,1
"FOW_TC","up","GO:0005158",10,0,1,1
"FOW_TC","up","GO:0005178",23,0,1,1
"FOW_TC","up","GO:0005201",19,0,1,1
"FOW_TC","up","GO:0005216",107,0,1,1
"FOW_TC","up","GO:0005217",13,0,1,1
"FOW_TC","up","GO:0005230",12,0,1,1
"FOW_TC","up","GO:0005231",10,0,1,1
"FOW_TC","up","GO:0005244",26,0,1,1
"FOW_TC","up","GO:0005249",13,0,1,1
"FOW_TC","up","GO:0005253",15,0,1,1
"FOW_TC","up","GO:0005254",13,0,1,1
"FOW_TC","up","GO:0005261",87,0,1,1
"FOW_TC","up","GO:0005262",41,0,1,1
"FOW_TC","up","GO:0005267",18,0,1,1
"FOW_TC","up","GO:0005272",16,0,1,1
"FOW_TC","up","GO:0005319",44,0,1,1
"FOW_TC","up","GO:0005385",11,0,1,1
"FOW_TC","up","GO:0005484",13,0,1,1
"FOW_TC","up","GO:0005496",29,0,1,1
"FOW_TC","up","GO:0005507",13,0,1,1
"FOW_TC","up","GO:0005509",213,0,1,1
"FOW_TC","up","GO:0005518",16,0,1,1
"FOW_TC","up","GO:0005539",23,0,1,1
"FOW_TC","up","GO:0005544",19,0,1,1
"FOW_TC","up","GO:0005547",10,0,1,1
"FOW_TC","up","GO:0005548",21,0,1,1
"FOW_TC","up","GO:0008013",14,0,1,1
"FOW_TC","up","GO:0008028",18,0,1,1
"FOW_TC","up","GO:0008081",23,0,1,1
"FOW_TC","up","GO:0008093",13,0,1,1
"FOW_TC","up","GO:0008094",33,0,1,1
"FOW_TC","up","GO:0008146",14,0,1,1
"FOW_TC","up","GO:0008168",57,0,1,1
"FOW_TC","up","GO:0008170",35,0,1,1
"FOW_TC","up","GO:0008171",10,0,1,1
"FOW_TC","up","GO:0008173",12,0,1,1
"FOW_TC","up","GO:0008187",10,0,1,1
"FOW_TC","up","GO:0008194",55,0,1,1
"FOW_TC","up","GO:0008201",15,0,1,1
"FOW_TC","up","GO:0008236",40,0,1,1
"FOW_TC","up","GO:0008276",37,0,1,1
"FOW_TC","up","GO:0008307",10,0,1,1
"FOW_TC","up","GO:0008374",10,0,1,1
"FOW_TC","up","GO:0008375",24,0,1,1
"FOW_TC","up","GO:0008376",14,0,1,1
"FOW_TC","up","GO:0008378",18,0,1,1
"FOW_TC","up","GO:0008408",19,0,1,1
"FOW_TC","up","GO:0008509",28,0,1,1
"FOW_TC","up","GO:0008525",10,0,1,1
"FOW_TC","up","GO:0008569",18,0,1,1
"FOW_TC","up","GO:0008757",49,0,1,1
"FOW_TC","up","GO:0015026",12,0,1,1
"FOW_TC","up","GO:0015035",13,0,1,1
"FOW_TC","up","GO:0015036",14,0,1,1
"FOW_TC","up","GO:0015078",40,0,1,1
"FOW_TC","up","GO:0015079",28,0,1,1
"FOW_TC","up","GO:0015085",49,0,1,1
"FOW_TC","up","GO:0015103",32,0,1,1
"FOW_TC","up","GO:0015108",24,0,1,1
"FOW_TC","up","GO:0015248",10,0,1,1
"FOW_TC","up","GO:0015267",126,0,1,1
"FOW_TC","up","GO:0015276",30,0,1,1
"FOW_TC","up","GO:0015399",48,0,1,1
"FOW_TC","up","GO:0015453",14,0,1,1
"FOW_TC","up","GO:0015485",17,0,1,1
"FOW_TC","up","GO:0015932",12,0,1,1
"FOW_TC","up","GO:0016278",29,0,1,1
"FOW_TC","up","GO:0016279",29,0,1,1
"FOW_TC","up","GO:0016298",21,0,1,1
"FOW_TC","up","GO:0016409",11,0,1,1
"FOW_TC","up","GO:0016538",10,0,1,1
"FOW_TC","up","GO:0016614",35,0,1,1
"FOW_TC","up","GO:0016616",30,0,1,1
"FOW_TC","up","GO:0016620",13,0,1,1
"FOW_TC","up","GO:0016651",22,0,1,1
"FOW_TC","up","GO:0016667",23,0,1,1
"FOW_TC","up","GO:0016741",62,0,1,1
"FOW_TC","up","GO:0016757",105,0,1,1
"FOW_TC","up","GO:0016758",77,0,1,1
"FOW_TC","up","GO:0016763",27,0,1,1
"FOW_TC","up","GO:0016765",11,0,1,1
"FOW_TC","up","GO:0016776",13,0,1,1
"FOW_TC","up","GO:0016782",17,0,1,1
"FOW_TC","up","GO:0016788",193,0,1,1
"FOW_TC","up","GO:0016791",87,0,1,1
"FOW_TC","up","GO:0016796",17,0,1,1
"FOW_TC","up","GO:0016798",57,0,1,1
"FOW_TC","up","GO:0016799",15,0,1,1
"FOW_TC","up","GO:0016829",58,0,1,1
"FOW_TC","up","GO:0016830",16,0,1,1
"FOW_TC","up","GO:0016831",11,0,1,1
"FOW_TC","up","GO:0016835",25,0,1,1
"FOW_TC","up","GO:0016836",21,0,1,1
"FOW_TC","up","GO:0016859",15,0,1,1
"FOW_TC","up","GO:0016860",16,0,1,1
"FOW_TC","up","GO:0016864",10,0,1,1
"FOW_TC","up","GO:0016877",11,0,1,1
"FOW_TC","up","GO:0016879",18,0,1,1
"FOW_TC","up","GO:0016881",10,0,1,1
"FOW_TC","up","GO:0016896",14,0,1,1
"FOW_TC","up","GO:0016903",14,0,1,1
"FOW_TC","up","GO:0016922",27,0,1,1
"FOW_TC","up","GO:0017018",26,0,1,1
"FOW_TC","up","GO:0017022",28,0,1,1
"FOW_TC","up","GO:0017025",12,0,1,1
"FOW_TC","up","GO:0017124",35,0,1,1
"FOW_TC","up","GO:0017134",10,0,1,1
"FOW_TC","up","GO:0017147",10,0,1,1
"FOW_TC","up","GO:0017171",41,0,1,1
"FOW_TC","up","GO:0019003",20,0,1,1
"FOW_TC","up","GO:0019199",19,0,1,1
"FOW_TC","up","GO:0019205",18,0,1,1
"FOW_TC","up","GO:0019208",29,0,1,1
"FOW_TC","up","GO:0019209",31,0,1,1
"FOW_TC","up","GO:0019212",10,0,1,1
"FOW_TC","up","GO:0019829",20,0,1,1
"FOW_TC","up","GO:0019888",27,0,1,1
"FOW_TC","up","GO:0019894",10,0,1,1
"FOW_TC","up","GO:0019902",61,0,1,1
"FOW_TC","up","GO:0019903",45,0,1,1
"FOW_TC","up","GO:0019905",17,0,1,1
"FOW_TC","up","GO:0019955",10,0,1,1
"FOW_TC","up","GO:0022803",126,0,1,1
"FOW_TC","up","GO:0022824",11,0,1,1
"FOW_TC","up","GO:0022829",11,0,1,1
"FOW_TC","up","GO:0022832",27,0,1,1
"FOW_TC","up","GO:0022834",30,0,1,1
"FOW_TC","up","GO:0022835",11,0,1,1
"FOW_TC","up","GO:0022836",63,0,1,1
"FOW_TC","up","GO:0022839",62,0,1,1
"FOW_TC","up","GO:0022843",20,0,1,1
"FOW_TC","up","GO:0030145",26,0,1,1
"FOW_TC","up","GO:0030159",10,0,1,1
"FOW_TC","up","GO:0030165",22,0,1,1
"FOW_TC","up","GO:0030170",19,0,1,1
"FOW_TC","up","GO:0030247",10,0,1,1
"FOW_TC","up","GO:0030276",24,0,1,1
"FOW_TC","up","GO:0030295",29,0,1,1
"FOW_TC","up","GO:0030331",12,0,1,1
"FOW_TC","up","GO:0030374",18,0,1,1
"FOW_TC","up","GO:0030414",24,0,1,1
"FOW_TC","up","GO:0030507",10,0,1,1
"FOW_TC","up","GO:0030515",13,0,1,1
"FOW_TC","up","GO:0030544",25,0,1,1
"FOW_TC","up","GO:0030545",24,0,1,1
"FOW_TC","up","GO:0030546",24,0,1,1
"FOW_TC","up","GO:0030551",12,0,1,1
"FOW_TC","up","GO:0030594",17,0,1,1
"FOW_TC","up","GO:0030674",139,0,1,1
"FOW_TC","up","GO:0031491",13,0,1,1
"FOW_TC","up","GO:0032182",38,0,1,1
"FOW_TC","up","GO:0032813",11,0,1,1
"FOW_TC","up","GO:0032934",23,0,1,1
"FOW_TC","up","GO:0034185",13,0,1,1
"FOW_TC","up","GO:0035250",14,0,1,1
"FOW_TC","up","GO:0035591",30,0,1,1
"FOW_TC","up","GO:0036002",11,0,1,1
"FOW_TC","up","GO:0038023",148,0,1,1
"FOW_TC","up","GO:0038024",15,0,1,1
"FOW_TC","up","GO:0042054",32,0,1,1
"FOW_TC","up","GO:0042162",10,0,1,1
"FOW_TC","up","GO:0042169",10,0,1,1
"FOW_TC","up","GO:0042562",10,0,1,1
"FOW_TC","up","GO:0042578",110,0,1,1
"FOW_TC","up","GO:0042625",13,0,1,1
"FOW_TC","up","GO:0042626",34,0,1,1
"FOW_TC","up","GO:0042799",16,0,1,1
"FOW_TC","up","GO:0042826",16,0,1,1
"FOW_TC","up","GO:0042887",11,0,1,1
"FOW_TC","up","GO:0042910",12,0,1,1
"FOW_TC","up","GO:0043014",16,0,1,1
"FOW_TC","up","GO:0043028",15,0,1,1
"FOW_TC","up","GO:0043130",34,0,1,1
"FOW_TC","up","GO:0043175",16,0,1,1
"FOW_TC","up","GO:0043178",28,0,1,1
"FOW_TC","up","GO:0043495",11,0,1,1
"FOW_TC","up","GO:0043539",18,0,1,1
"FOW_TC","up","GO:0044769",13,0,1,1
"FOW_TC","up","GO:0045309",17,0,1,1
"FOW_TC","up","GO:0045504",10,0,1,1
"FOW_TC","up","GO:0045505",28,0,1,1
"FOW_TC","up","GO:0046332",21,0,1,1
"FOW_TC","up","GO:0046915",16,0,1,1
"FOW_TC","up","GO:0046961",13,0,1,1
"FOW_TC","up","GO:0048018",22,0,1,1
"FOW_TC","up","GO:0048487",15,0,1,1
"FOW_TC","up","GO:0050840",11,0,1,1
"FOW_TC","up","GO:0050997",13,0,1,1
"FOW_TC","up","GO:0051015",90,0,1,1
"FOW_TC","up","GO:0051018",15,0,1,1
"FOW_TC","up","GO:0051019",11,0,1,1
"FOW_TC","up","GO:0051287",33,0,1,1
"FOW_TC","up","GO:0051536",29,0,1,1
"FOW_TC","up","GO:0051537",13,0,1,1
"FOW_TC","up","GO:0051539",15,0,1,1
"FOW_TC","up","GO:0051540",29,0,1,1
"FOW_TC","up","GO:0051721",12,0,1,1
"FOW_TC","up","GO:0051959",21,0,1,1
"FOW_TC","up","GO:0052689",24,0,1,1
"FOW_TC","up","GO:0052866",12,0,1,1
"FOW_TC","up","GO:0060089",148,0,1,1
"FOW_TC","up","GO:0060090",169,0,1,1
"FOW_TC","up","GO:0060590",15,0,1,1
"FOW_TC","up","GO:0061135",27,0,1,1
"FOW_TC","up","GO:0061631",20,0,1,1
"FOW_TC","up","GO:0061650",22,0,1,1
"FOW_TC","up","GO:0061980",10,0,1,1
"FOW_TC","up","GO:0070063",27,0,1,1
"FOW_TC","up","GO:0070279",19,0,1,1
"FOW_TC","up","GO:0070403",11,0,1,1
"FOW_TC","up","GO:0070566",12,0,1,1
"FOW_TC","up","GO:0070628",15,0,1,1
"FOW_TC","up","GO:0070840",14,0,1,1
"FOW_TC","up","GO:0072341",22,0,1,1
"FOW_TC","up","GO:0098531",16,0,1,1
"FOW_TC","up","GO:0098960",13,0,1,1
"FOW_TC","up","GO:0099094",27,0,1,1
"FOW_TC","up","GO:0099529",10,0,1,1
"FOW_TC","up","GO:0099604",11,0,1,1
"FOW_TC","up","GO:0120013",20,0,1,1
"FOW_TC","up","GO:0120015",10,0,1,1
"FOW_TC","up","GO:0140103",16,0,1,1
"FOW_TC","up","GO:0140223",10,0,1,1
"FOW_TC","up","GO:0140296",21,0,1,1
"FOW_TC","up","GO:0140303",18,0,1,1
"FOW_TC","up","GO:0140318",11,0,1,1
"FOW_TC","up","GO:0140326",12,0,1,1
"FOW_TC","up","GO:0140359",15,0,1,1
"FOW_TC","up","GO:0140463",11,0,1,1
"FOW_TC","up","GO:0140658",19,0,1,1
"FOW_TC","up","GO:0140767",25,0,1,1
"FOW_TC","up","GO:0140828",16,0,1,1
"FOW_TC","up","GO:0140938",16,0,1,1
"FOW_TC","up","GO:0140939",17,0,1,1
"FOW_TC","up","GO:0140944",15,0,1,1
"FOW_TC","up","GO:1901505",11,0,1,1
"FOW_TC","up","GO:1901681",35,0,1,1
"FOW_TC","up","GO:1904315",10,0,1,1
"FOW_TC","up","GO:1990404",21,0,1,1
"FOW_TC","up","GO:1990756",22,0,1,1
"FOW_TC","down","GO:0015079",28,1,0.133666636465669,0.133666636465669
"FOW_TC","down","GO:0032559",658,1,1,0.974316769730422
"FOW_TC","down","GO:0017076",853,3,1,0.841077372647126
"FOW_TC","down","GO:0046914",327,1,1,0.824504270690109
"FOW_TC","down","GO:0019001",174,2,1,0.221450679641662
"FOW_TC","down","GO:0042802",403,1,1,0.885375881579632
"FOW_TC","down","GO:0016462",322,3,1,0.222779745290605
"FOW_TC","down","GO:0042803",155,1,0.553757386988944,0.553757386988944
"FOW_TC","down","GO:0022890",153,2,1,0.182050078782183
"FOW_TC","down","GO:0030554",703,1,1,0.980499430219234
"FOW_TC","down","GO:0016817",322,3,1,0.222779745290605
"FOW_TC","down","GO:0050660",31,1,0.146933055691234,0.146933055691234
"FOW_TC","down","GO:0016818",322,3,1,0.222779745290605
"FOW_TC","down","GO:0036094",993,4,1,0.782167658272083
"FOW_TC","down","GO:0019899",518,2,1,0.761283959270481
"FOW_TC","down","GO:0003682",146,1,0.531951411302995,0.531951411302995
"FOW_TC","down","GO:0004497",24,1,0.115672180385471,0.115672180385471
"FOW_TC","down","GO:0003723",570,3,0.887093101208622,0.571046360005563
"FOW_TC","down","GO:0017025",12,2,0.00158242202189055,0.00158242202189055
"FOW_TC","down","GO:0019900",182,1,1,0.613519670234643
"FOW_TC","down","GO:0019901",164,1,0.574593658511536,0.574593658511536
"FOW_TC","down","GO:0003729",139,2,0.156539920797593,0.156539920797593
"FOW_TC","down","GO:0035639",786,3,1,0.79363448050183
"FOW_TC","down","GO:0017111",315,3,1,0.213247164699272
"FOW_TC","down","GO:0019904",164,1,0.574593658511536,0.574593658511536
"FOW_TC","down","GO:0003690",237,1,1,0.712532090100468
"FOW_TC","down","GO:0005200",48,2,0.0242229024976521,0.0242229024976521
"FOW_TC","down","GO:0140096",793,1,1,0.988881869048025
"FOW_TC","down","GO:1901702",145,2,1,0.167381024526653
"FOW_TC","down","GO:0005198",197,2,1,0.265496484320952
"FOW_TC","down","GO:0015399",48,2,1,0.0242229024976521
"FOW_TC","down","GO:0000976",212,1,0.670966272447464,0.670966272447464
"FOW_TC","down","GO:0008017",95,1,0.387899453321584,0.387899453321584
"FOW_TC","down","GO:0003697",22,2,0.00537103454444481,0.00537103454444481
"FOW_TC","down","GO:0008233",176,1,1,0.600937650566973
"FOW_TC","down","GO:0003674",4122,21,1,1
"FOW_TC","down","GO:0008514",65,1,0.284381191915177,0.284381191915177
"FOW_TC","down","GO:0019829",20,1,0.0973221138717223,0.0973221138717223
"FOW_TC","down","GO:0003676",1022,5,1,0.624790607329001
"FOW_TC","down","GO:0003677",472,3,1,0.438047130248624
"FOW_TC","down","GO:0005488",3458,19,1,0.318817481089462
"FOW_TC","down","GO:0022804",141,4,1,0.00498797213160598
"FOW_TC","down","GO:0097159",1830,9,1,0.638270176351673
"FOW_TC","down","GO:1901363",1812,9,1,0.622893830509469
"FOW_TC","down","GO:0016740",725,1,0.982978445594051,0.982978445594051
"FOW_TC","down","GO:0005215",331,5,1,0.0225359191142165
"FOW_TC","down","GO:0015631",133,1,1,0.498654842751804
"FOW_TC","down","GO:0008324",170,2,1,0.213866194265084
"FOW_TC","down","GO:0005102",229,1,0.6998082345418,0.6998082345418
"FOW_TC","down","GO:0046983",225,1,1,0.693246907605583
"FOW_TC","down","GO:0016491",219,2,0.623710021741082,0.307871096220694
"FOW_TC","down","GO:0000166",900,4,1,0.704584992830789
"FOW_TC","down","GO:0043167",1924,10,1,0.550559240137269
"FOW_TC","down","GO:0008134",146,2,1,0.169201923703142
"FOW_TC","down","GO:0043168",950,4,1,0.748258778459721
"FOW_TC","down","GO:0043169",1288,9,1,0.178792161875203
"FOW_TC","down","GO:0015291",92,2,1,0.0786604675413224
"FOW_TC","down","GO:0016887",204,1,0.656497920212281,0.656497920212281
"FOW_TC","down","GO:1990837",221,1,1,0.686549139854623
"FOW_TC","down","GO:0005524",639,1,0.971180844512376,0.971180844512376
"FOW_TC","down","GO:0017134",10,1,0.0498470902504835,0.0498470902504835
"FOW_TC","down","GO:0008270",255,1,0.739309119051104,0.739309119051104
"FOW_TC","down","GO:0051018",15,1,0.0738742814561624,0.0738742814561624
"FOW_TC","down","GO:0005525",165,2,0.204432102148153,0.204432102148153
"FOW_TC","down","GO:0042626",34,1,1,0.160005854889449
"FOW_TC","down","GO:0097367",860,4,0.219060233191912,0.666419364043612
"FOW_TC","down","GO:0015297",42,2,0.119567861250604,0.0188308822721176
"FOW_TC","down","GO:0043565",254,1,1,0.737886059914133
"FOW_TC","down","GO:0042578",110,1,1,0.43414781986319
"FOW_TC","down","GO:0015318",174,2,1,0.221450679641662
"FOW_TC","down","GO:0005509",213,3,0.0911829672656676,0.0911829672656676
"FOW_TC","down","GO:0004553",38,1,0.177139705356805,0.177139705356805
"FOW_TC","down","GO:0015453",14,1,0.0691156222710833,0.0691156222710833
"FOW_TC","down","GO:0032561",174,2,1,0.221450679641662
"FOW_TC","down","GO:0015081",51,2,0.027130396190806,0.027130396190806
"FOW_TC","down","GO:0008081",23,1,0.111118260765093,0.111118260765093
"FOW_TC","down","GO:0031625",83,1,0.348331126387316,0.348331126387316
"FOW_TC","down","GO:0046872",1273,9,0.262013092681827,0.169172139185565
"FOW_TC","down","GO:0046873",120,2,1,0.123340254194725
"FOW_TC","down","GO:0140828",16,1,0.0786097672339617,0.0786097672339617
"FOW_TC","down","GO:0005515",1678,8,1,0.675229354210087
"FOW_TC","down","GO:0015085",49,1,0.22255835049308,0.22255835049308
"FOW_TC","down","GO:1901265",900,4,1,0.704584992830789
"FOW_TC","down","GO:0015932",12,2,0.00158242202189055,0.00158242202189055
"FOW_TC","down","GO:0005516",76,1,0.32413694477805,0.32413694477805
"FOW_TC","down","GO:0140657",284,1,1,0.777518571817488
"FOW_TC","down","GO:0016787",800,6,1,0.208940023496377
"FOW_TC","down","GO:0022853",75,2,1,0.0548959680702786
"FOW_TC","down","GO:0016788",193,1,1,0.635611796149383
"FOW_TC","down","GO:0022857",299,5,1,0.015036813657713
"FOW_TC","down","GO:0003924",115,2,0.11494401212074,0.11494401212074
"FOW_TC","down","GO:0019838",20,1,1,0.0973221138717223
"FOW_TC","down","GO:0044389",90,1,1,0.371699047312979
"FOW_TC","down","GO:1901505",11,2,0.00132274417864549,0.00132274417864549
"FOW_TC","down","GO:0008092",336,1,1,0.833062219822799
"FOW_TC","down","GO:0044877",502,2,0.847525957438476,0.744881821775662
"FOW_TC","down","GO:0032553",815,3,1,0.815349332503046
"FOW_TC","down","GO:0003824",1808,9,1,0.619446484065161
"FOW_TC","down","GO:0016798",57,1,1,0.254079532899226
"FOW_TC","down","GO:0004175",107,1,0.425172988601558,0.425172988601558
"FOW_TC","down","GO:0032555",809,3,1,0.811007502522316
"FOW_TC","down","GO:0015075",191,2,1,0.253955904004642
"FOW_TC","down","GO:0140296",21,2,1,0.0048977569302603
"FOW_TC","down","GO:0140297",110,2,0.106713316828112,0.106713316828112
"FOW_TC","down","GO:0001067",213,1,1,0.672733461265521
"FOW_TC","down","GO:0000049",25,0,1,1
"FOW_TC","down","GO:0000146",19,0,1,1
"FOW_TC","down","GO:0000149",32,0,1,1
"FOW_TC","down","GO:0000287",68,0,1,1
"FOW_TC","down","GO:0000339",10,0,1,1
"FOW_TC","down","GO:0000977",190,0,1,1
"FOW_TC","down","GO:0000978",156,0,1,1
"FOW_TC","down","GO:0000981",172,0,1,1
"FOW_TC","down","GO:0000987",160,0,1,1
"FOW_TC","down","GO:0000993",15,0,1,1
"FOW_TC","down","GO:0001098",24,0,1,1
"FOW_TC","down","GO:0001099",24,0,1,1
"FOW_TC","down","GO:0001216",63,0,1,1
"FOW_TC","down","GO:0001217",21,0,1,1
"FOW_TC","down","GO:0001221",29,0,1,1
"FOW_TC","down","GO:0001222",13,0,1,1
"FOW_TC","down","GO:0001223",10,0,1,1
"FOW_TC","down","GO:0001227",20,0,1,1
"FOW_TC","down","GO:0001228",62,0,1,1
"FOW_TC","down","GO:0001664",30,0,1,1
"FOW_TC","down","GO:0001671",11,0,1,1
"FOW_TC","down","GO:0001727",14,0,1,1
"FOW_TC","down","GO:0001786",19,0,1,1
"FOW_TC","down","GO:0001965",14,0,1,1
"FOW_TC","down","GO:0002020",28,0,1,1
"FOW_TC","down","GO:0002039",19,0,1,1
"FOW_TC","down","GO:0003684",15,0,1,1
"FOW_TC","down","GO:0003700",191,0,1,1
"FOW_TC","down","GO:0003712",151,0,1,1
"FOW_TC","down","GO:0003713",81,0,1,1
"FOW_TC","down","GO:0003714",59,0,1,1
"FOW_TC","down","GO:0003724",58,0,1,1
"FOW_TC","down","GO:0003725",28,0,1,1
"FOW_TC","down","GO:0003727",37,0,1,1
"FOW_TC","down","GO:0003730",32,0,1,1
"FOW_TC","down","GO:0003735",90,0,1,1
"FOW_TC","down","GO:0003743",33,0,1,1
"FOW_TC","down","GO:0003746",14,0,1,1
"FOW_TC","down","GO:0003755",15,0,1,1
"FOW_TC","down","GO:0003756",10,0,1,1
"FOW_TC","down","GO:0003774",63,0,1,1
"FOW_TC","down","GO:0003777",43,0,1,1
"FOW_TC","down","GO:0003779",155,0,1,1
"FOW_TC","down","GO:0003823",12,0,1,1
"FOW_TC","down","GO:0003925",13,0,1,1
"FOW_TC","down","GO:0003950",21,0,1,1
"FOW_TC","down","GO:0004177",15,0,1,1
"FOW_TC","down","GO:0004180",15,0,1,1
"FOW_TC","down","GO:0004197",35,0,1,1
"FOW_TC","down","GO:0004222",30,0,1,1
"FOW_TC","down","GO:0004252",33,0,1,1
"FOW_TC","down","GO:0004386",92,0,1,1
"FOW_TC","down","GO:0004402",21,0,1,1
"FOW_TC","down","GO:0004518",54,0,1,1
"FOW_TC","down","GO:0004519",31,0,1,1
"FOW_TC","down","GO:0004520",12,0,1,1
"FOW_TC","down","GO:0004521",19,0,1,1
"FOW_TC","down","GO:0004527",25,0,1,1
"FOW_TC","down","GO:0004532",14,0,1,1
"FOW_TC","down","GO:0004536",15,0,1,1
"FOW_TC","down","GO:0004540",33,0,1,1
"FOW_TC","down","GO:0004601",19,0,1,1
"FOW_TC","down","GO:0004620",17,0,1,1
"FOW_TC","down","GO:0004653",11,0,1,1
"FOW_TC","down","GO:0004672",208,0,1,1
"FOW_TC","down","GO:0004674",166,0,1,1
"FOW_TC","down","GO:0004709",11,0,1,1
"FOW_TC","down","GO:0004712",16,0,1,1
"FOW_TC","down","GO:0004713",54,0,1,1
"FOW_TC","down","GO:0004714",15,0,1,1
"FOW_TC","down","GO:0004715",14,0,1,1
"FOW_TC","down","GO:0004721",63,0,1,1
"FOW_TC","down","GO:0004722",32,0,1,1
"FOW_TC","down","GO:0004725",30,0,1,1
"FOW_TC","down","GO:0004812",21,0,1,1
"FOW_TC","down","GO:0004842",137,0,1,1
"FOW_TC","down","GO:0004843",35,0,1,1
"FOW_TC","down","GO:0004857",64,0,1,1
"FOW_TC","down","GO:0004860",11,0,1,1
"FOW_TC","down","GO:0004864",10,0,1,1
"FOW_TC","down","GO:0004866",24,0,1,1
"FOW_TC","down","GO:0004867",12,0,1,1
"FOW_TC","down","GO:0004879",16,0,1,1
"FOW_TC","down","GO:0004888",92,0,1,1
"FOW_TC","down","GO:0004930",26,0,1,1
"FOW_TC","down","GO:0005048",18,0,1,1
"FOW_TC","down","GO:0005085",69,0,1,1
"FOW_TC","down","GO:0005096",77,0,1,1
"FOW_TC","down","GO:0005126",32,0,1,1
"FOW_TC","down","GO:0005154",11,0,1,1
"FOW_TC","down","GO:0005158",10,0,1,1
"FOW_TC","down","GO:0005178",23,0,1,1
"FOW_TC","down","GO:0005201",19,0,1,1
"FOW_TC","down","GO:0005216",107,0,1,1
"FOW_TC","down","GO:0005217",13,0,1,1
"FOW_TC","down","GO:0005230",12,0,1,1
"FOW_TC","down","GO:0005231",10,0,1,1
"FOW_TC","down","GO:0005244",26,0,1,1
"FOW_TC","down","GO:0005249",13,0,1,1
"FOW_TC","down","GO:0005253",15,0,1,1
"FOW_TC","down","GO:0005254",13,0,1,1
"FOW_TC","down","GO:0005261",87,0,1,1
"FOW_TC","down","GO:0005262",41,0,1,1
"FOW_TC","down","GO:0005267",18,0,1,1
"FOW_TC","down","GO:0005272",16,0,1,1
"FOW_TC","down","GO:0005283",16,0,1,1
"FOW_TC","down","GO:0005295",10,0,1,1
"FOW_TC","down","GO:0005319",44,0,1,1
"FOW_TC","down","GO:0005342",53,0,1,1
"FOW_TC","down","GO:0005343",18,0,1,1
"FOW_TC","down","GO:0005385",11,0,1,1
"FOW_TC","down","GO:0005416",17,0,1,1
"FOW_TC","down","GO:0005484",13,0,1,1
"FOW_TC","down","GO:0005496",29,0,1,1
"FOW_TC","down","GO:0005506",39,0,1,1
"FOW_TC","down","GO:0005507",13,0,1,1
"FOW_TC","down","GO:0005518",16,0,1,1
"FOW_TC","down","GO:0005539",23,0,1,1
"FOW_TC","down","GO:0005543",133,0,1,1
"FOW_TC","down","GO:0005544",19,0,1,1
"FOW_TC","down","GO:0005546",21,0,1,1
"FOW_TC","down","GO:0005547",10,0,1,1
"FOW_TC","down","GO:0005548",21,0,1,1
"FOW_TC","down","GO:0008013",14,0,1,1
"FOW_TC","down","GO:0008028",18,0,1,1
"FOW_TC","down","GO:0008047",145,0,1,1
"FOW_TC","down","GO:0008080",28,0,1,1
"FOW_TC","down","GO:0008093",13,0,1,1
"FOW_TC","down","GO:0008094",33,0,1,1
"FOW_TC","down","GO:0008135",49,0,1,1
"FOW_TC","down","GO:0008139",10,0,1,1
"FOW_TC","down","GO:0008146",14,0,1,1
"FOW_TC","down","GO:0008168",57,0,1,1
"FOW_TC","down","GO:0008170",35,0,1,1
"FOW_TC","down","GO:0008171",10,0,1,1
"FOW_TC","down","GO:0008173",12,0,1,1
"FOW_TC","down","GO:0008186",58,0,1,1
"FOW_TC","down","GO:0008187",10,0,1,1
"FOW_TC","down","GO:0008194",55,0,1,1
"FOW_TC","down","GO:0008201",15,0,1,1
"FOW_TC","down","GO:0008234",66,0,1,1
"FOW_TC","down","GO:0008235",23,0,1,1
"FOW_TC","down","GO:0008236",40,0,1,1
"FOW_TC","down","GO:0008237",59,0,1,1
"FOW_TC","down","GO:0008238",35,0,1,1
"FOW_TC","down","GO:0008276",37,0,1,1
"FOW_TC","down","GO:0008289",212,0,1,1
"FOW_TC","down","GO:0008307",10,0,1,1
"FOW_TC","down","GO:0008374",10,0,1,1
"FOW_TC","down","GO:0008375",24,0,1,1
"FOW_TC","down","GO:0008376",14,0,1,1
"FOW_TC","down","GO:0008378",18,0,1,1
"FOW_TC","down","GO:0008408",19,0,1,1
"FOW_TC","down","GO:0008509",28,0,1,1
"FOW_TC","down","GO:0008525",10,0,1,1
"FOW_TC","down","GO:0008569",18,0,1,1
"FOW_TC","down","GO:0008757",49,0,1,1
"FOW_TC","down","GO:0009055",24,0,1,1
"FOW_TC","down","GO:0015026",12,0,1,1
"FOW_TC","down","GO:0015035",13,0,1,1
"FOW_TC","down","GO:0015036",14,0,1,1
"FOW_TC","down","GO:0015078",40,0,1,1
"FOW_TC","down","GO:0015103",32,0,1,1
"FOW_TC","down","GO:0015108",24,0,1,1
"FOW_TC","down","GO:0015171",31,0,1,1
"FOW_TC","down","GO:0015175",21,0,1,1
"FOW_TC","down","GO:0015179",27,0,1,1
"FOW_TC","down","GO:0015187",11,0,1,1
"FOW_TC","down","GO:0015248",10,0,1,1
"FOW_TC","down","GO:0015267",126,0,1,1
"FOW_TC","down","GO:0015276",30,0,1,1
"FOW_TC","down","GO:0015293",48,0,1,1
"FOW_TC","down","GO:0015294",34,0,1,1
"FOW_TC","down","GO:0015370",24,0,1,1
"FOW_TC","down","GO:0015375",10,0,1,1
"FOW_TC","down","GO:0015485",17,0,1,1
"FOW_TC","down","GO:0016209",28,0,1,1
"FOW_TC","down","GO:0016247",17,0,1,1
"FOW_TC","down","GO:0016278",29,0,1,1
"FOW_TC","down","GO:0016279",29,0,1,1
"FOW_TC","down","GO:0016298",21,0,1,1
"FOW_TC","down","GO:0016301",255,0,1,1
"FOW_TC","down","GO:0016407",32,0,1,1
"FOW_TC","down","GO:0016409",11,0,1,1
"FOW_TC","down","GO:0016410",30,0,1,1
"FOW_TC","down","GO:0016504",15,0,1,1
"FOW_TC","down","GO:0016538",10,0,1,1
"FOW_TC","down","GO:0016597",18,0,1,1
"FOW_TC","down","GO:0016614",35,0,1,1
"FOW_TC","down","GO:0016616",30,0,1,1
"FOW_TC","down","GO:0016620",13,0,1,1
"FOW_TC","down","GO:0016651",22,0,1,1
"FOW_TC","down","GO:0016667",23,0,1,1
"FOW_TC","down","GO:0016684",20,0,1,1
"FOW_TC","down","GO:0016705",49,0,1,1
"FOW_TC","down","GO:0016706",23,0,1,1
"FOW_TC","down","GO:0016741",62,0,1,1
"FOW_TC","down","GO:0016746",213,0,1,1
"FOW_TC","down","GO:0016747",59,0,1,1
"FOW_TC","down","GO:0016755",149,0,1,1
"FOW_TC","down","GO:0016757",105,0,1,1
"FOW_TC","down","GO:0016758",77,0,1,1
"FOW_TC","down","GO:0016763",27,0,1,1
"FOW_TC","down","GO:0016765",11,0,1,1
"FOW_TC","down","GO:0016772",313,0,1,1
"FOW_TC","down","GO:0016773",241,0,1,1
"FOW_TC","down","GO:0016776",13,0,1,1
"FOW_TC","down","GO:0016779",54,0,1,1
"FOW_TC","down","GO:0016782",17,0,1,1
"FOW_TC","down","GO:0016791",87,0,1,1
"FOW_TC","down","GO:0016796",17,0,1,1
"FOW_TC","down","GO:0016799",15,0,1,1
"FOW_TC","down","GO:0016810",23,0,1,1
"FOW_TC","down","GO:0016811",15,0,1,1
"FOW_TC","down","GO:0016829",58,0,1,1
"FOW_TC","down","GO:0016830",16,0,1,1
"FOW_TC","down","GO:0016831",11,0,1,1
"FOW_TC","down","GO:0016835",25,0,1,1
"FOW_TC","down","GO:0016836",21,0,1,1
"FOW_TC","down","GO:0016853",55,0,1,1
"FOW_TC","down","GO:0016859",15,0,1,1
"FOW_TC","down","GO:0016860",16,0,1,1
"FOW_TC","down","GO:0016864",10,0,1,1
"FOW_TC","down","GO:0016874",66,0,1,1
"FOW_TC","down","GO:0016875",21,0,1,1
"FOW_TC","down","GO:0016877",11,0,1,1
"FOW_TC","down","GO:0016879",18,0,1,1
"FOW_TC","down","GO:0016881",10,0,1,1
"FOW_TC","down","GO:0016896",14,0,1,1
"FOW_TC","down","GO:0016903",14,0,1,1
"FOW_TC","down","GO:0016922",27,0,1,1
"FOW_TC","down","GO:0017018",26,0,1,1
"FOW_TC","down","GO:0017022",28,0,1,1
"FOW_TC","down","GO:0017069",21,0,1,1
"FOW_TC","down","GO:0017124",35,0,1,1
"FOW_TC","down","GO:0017147",10,0,1,1
"FOW_TC","down","GO:0017171",41,0,1,1
"FOW_TC","down","GO:0019003",20,0,1,1
"FOW_TC","down","GO:0019199",19,0,1,1
"FOW_TC","down","GO:0019205",18,0,1,1
"FOW_TC","down","GO:0019207",61,0,1,1
"FOW_TC","down","GO:0019208",29,0,1,1
"FOW_TC","down","GO:0019209",31,0,1,1
"FOW_TC","down","GO:0019210",11,0,1,1
"FOW_TC","down","GO:0019212",10,0,1,1
"FOW_TC","down","GO:0019783",42,0,1,1
"FOW_TC","down","GO:0019787",145,0,1,1
"FOW_TC","down","GO:0019842",44,0,1,1
"FOW_TC","down","GO:0019843",30,0,1,1
"FOW_TC","down","GO:0019887",52,0,1,1
"FOW_TC","down","GO:0019888",27,0,1,1
"FOW_TC","down","GO:0019894",10,0,1,1
"FOW_TC","down","GO:0019902",61,0,1,1
"FOW_TC","down","GO:0019903",45,0,1,1
"FOW_TC","down","GO:0019905",17,0,1,1
"FOW_TC","down","GO:0019955",10,0,1,1
"FOW_TC","down","GO:0020037",31,0,1,1
"FOW_TC","down","GO:0022803",126,0,1,1
"FOW_TC","down","GO:0022824",11,0,1,1
"FOW_TC","down","GO:0022829",11,0,1,1
"FOW_TC","down","GO:0022832",27,0,1,1
"FOW_TC","down","GO:0022834",30,0,1,1
"FOW_TC","down","GO:0022835",11,0,1,1
"FOW_TC","down","GO:0022836",63,0,1,1
"FOW_TC","down","GO:0022839",62,0,1,1
"FOW_TC","down","GO:0022843",20,0,1,1
"FOW_TC","down","GO:0030145",26,0,1,1
"FOW_TC","down","GO:0030159",10,0,1,1
"FOW_TC","down","GO:0030165",22,0,1,1
"FOW_TC","down","GO:0030170",19,0,1,1
"FOW_TC","down","GO:0030234",316,0,1,1
"FOW_TC","down","GO:0030246",76,0,1,1
"FOW_TC","down","GO:0030247",10,0,1,1
"FOW_TC","down","GO:0030276",24,0,1,1
"FOW_TC","down","GO:0030295",29,0,1,1
"FOW_TC","down","GO:0030331",12,0,1,1
"FOW_TC","down","GO:0030371",11,0,1,1
"FOW_TC","down","GO:0030374",18,0,1,1
"FOW_TC","down","GO:0030414",24,0,1,1
"FOW_TC","down","GO:0030507",10,0,1,1
"FOW_TC","down","GO:0030515",13,0,1,1
"FOW_TC","down","GO:0030544",25,0,1,1
"FOW_TC","down","GO:0030545",24,0,1,1
"FOW_TC","down","GO:0030546",24,0,1,1
"FOW_TC","down","GO:0030551",12,0,1,1
"FOW_TC","down","GO:0030594",17,0,1,1
"FOW_TC","down","GO:0030674",139,0,1,1
"FOW_TC","down","GO:0030695",140,0,1,1
"FOW_TC","down","GO:0030971",24,0,1,1
"FOW_TC","down","GO:0031072",47,0,1,1
"FOW_TC","down","GO:0031267",95,0,1,1
"FOW_TC","down","GO:0031369",16,0,1,1
"FOW_TC","down","GO:0031406",41,0,1,1
"FOW_TC","down","GO:0031418",11,0,1,1
"FOW_TC","down","GO:0031490",16,0,1,1
"FOW_TC","down","GO:0031491",13,0,1,1
"FOW_TC","down","GO:0031593",17,0,1,1
"FOW_TC","down","GO:0032182",38,0,1,1
"FOW_TC","down","GO:0032266",18,0,1,1
"FOW_TC","down","GO:0032813",11,0,1,1
"FOW_TC","down","GO:0032934",23,0,1,1
"FOW_TC","down","GO:0033218",71,0,1,1
"FOW_TC","down","GO:0034185",13,0,1,1
"FOW_TC","down","GO:0034212",23,0,1,1
"FOW_TC","down","GO:0035064",31,0,1,1
"FOW_TC","down","GO:0035091",81,0,1,1
"FOW_TC","down","GO:0035250",14,0,1,1
"FOW_TC","down","GO:0035254",14,0,1,1
"FOW_TC","down","GO:0035591",30,0,1,1
"FOW_TC","down","GO:0036002",11,0,1,1
"FOW_TC","down","GO:0038023",148,0,1,1
"FOW_TC","down","GO:0038024",15,0,1,1
"FOW_TC","down","GO:0042054",32,0,1,1
"FOW_TC","down","GO:0042162",10,0,1,1
"FOW_TC","down","GO:0042169",10,0,1,1
"FOW_TC","down","GO:0042277",54,0,1,1
"FOW_TC","down","GO:0042393",83,0,1,1
"FOW_TC","down","GO:0042562",10,0,1,1
"FOW_TC","down","GO:0042625",13,0,1,1
"FOW_TC","down","GO:0042799",16,0,1,1
"FOW_TC","down","GO:0042826",16,0,1,1
"FOW_TC","down","GO:0042887",11,0,1,1
"FOW_TC","down","GO:0042910",12,0,1,1
"FOW_TC","down","GO:0043014",16,0,1,1
"FOW_TC","down","GO:0043021",70,0,1,1
"FOW_TC","down","GO:0043022",39,0,1,1
"FOW_TC","down","GO:0043028",15,0,1,1
"FOW_TC","down","GO:0043130",34,0,1,1
"FOW_TC","down","GO:0043175",16,0,1,1
"FOW_TC","down","GO:0043177",41,0,1,1
"FOW_TC","down","GO:0043178",28,0,1,1
"FOW_TC","down","GO:0043495",11,0,1,1
"FOW_TC","down","GO:0043539",18,0,1,1
"FOW_TC","down","GO:0044183",30,0,1,1
"FOW_TC","down","GO:0044325",35,0,1,1
"FOW_TC","down","GO:0044769",13,0,1,1
"FOW_TC","down","GO:0045182",68,0,1,1
"FOW_TC","down","GO:0045296",48,0,1,1
"FOW_TC","down","GO:0045309",17,0,1,1
"FOW_TC","down","GO:0045504",10,0,1,1
"FOW_TC","down","GO:0045505",28,0,1,1
"FOW_TC","down","GO:0046332",21,0,1,1
"FOW_TC","down","GO:0046875",10,0,1,1
"FOW_TC","down","GO:0046906",33,0,1,1
"FOW_TC","down","GO:0046915",16,0,1,1
"FOW_TC","down","GO:0046943",53,0,1,1
"FOW_TC","down","GO:0046961",13,0,1,1
"FOW_TC","down","GO:0046982",61,0,1,1
"FOW_TC","down","GO:0048018",22,0,1,1
"FOW_TC","down","GO:0048027",12,0,1,1
"FOW_TC","down","GO:0048029",28,0,1,1
"FOW_TC","down","GO:0048306",15,0,1,1
"FOW_TC","down","GO:0048487",15,0,1,1
"FOW_TC","down","GO:0050661",18,0,1,1
"FOW_TC","down","GO:0050839",85,0,1,1
"FOW_TC","down","GO:0050840",11,0,1,1
"FOW_TC","down","GO:0050997",13,0,1,1
"FOW_TC","down","GO:0051010",10,0,1,1
"FOW_TC","down","GO:0051015",90,0,1,1
"FOW_TC","down","GO:0051019",11,0,1,1
"FOW_TC","down","GO:0051020",102,0,1,1
"FOW_TC","down","GO:0051082",44,0,1,1
"FOW_TC","down","GO:0051087",56,0,1,1
"FOW_TC","down","GO:0051117",23,0,1,1
"FOW_TC","down","GO:0051213",31,0,1,1
"FOW_TC","down","GO:0051219",29,0,1,1
"FOW_TC","down","GO:0051287",33,0,1,1
"FOW_TC","down","GO:0051536",29,0,1,1
"FOW_TC","down","GO:0051537",13,0,1,1
"FOW_TC","down","GO:0051539",15,0,1,1
"FOW_TC","down","GO:0051540",29,0,1,1
"FOW_TC","down","GO:0051721",12,0,1,1
"FOW_TC","down","GO:0051879",15,0,1,1
"FOW_TC","down","GO:0051959",21,0,1,1
"FOW_TC","down","GO:0052689",24,0,1,1
"FOW_TC","down","GO:0052866",12,0,1,1
"FOW_TC","down","GO:0055106",10,0,1,1
"FOW_TC","down","GO:0060089",148,0,1,1
"FOW_TC","down","GO:0060090",169,0,1,1
"FOW_TC","down","GO:0060589",140,0,1,1
"FOW_TC","down","GO:0060590",15,0,1,1
"FOW_TC","down","GO:0061134",40,0,1,1
"FOW_TC","down","GO:0061135",27,0,1,1
"FOW_TC","down","GO:0061629",67,0,1,1
"FOW_TC","down","GO:0061630",97,0,1,1
"FOW_TC","down","GO:0061631",20,0,1,1
"FOW_TC","down","GO:0061650",22,0,1,1
"FOW_TC","down","GO:0061659",104,0,1,1
"FOW_TC","down","GO:0061733",21,0,1,1
"FOW_TC","down","GO:0061980",10,0,1,1
"FOW_TC","down","GO:0070063",27,0,1,1
"FOW_TC","down","GO:0070279",19,0,1,1
"FOW_TC","down","GO:0070403",11,0,1,1
"FOW_TC","down","GO:0070566",12,0,1,1
"FOW_TC","down","GO:0070577",10,0,1,1
"FOW_TC","down","GO:0070628",15,0,1,1
"FOW_TC","down","GO:0070717",12,0,1,1
"FOW_TC","down","GO:0070840",14,0,1,1
"FOW_TC","down","GO:0070851",23,0,1,1
"FOW_TC","down","GO:0071949",14,0,1,1
"FOW_TC","down","GO:0072341",22,0,1,1
"FOW_TC","down","GO:0072349",11,0,1,1
"FOW_TC","down","GO:0090079",58,0,1,1
"FOW_TC","down","GO:0097110",22,0,1,1
"FOW_TC","down","GO:0098531",16,0,1,1
"FOW_TC","down","GO:0098772",395,0,1,1
"FOW_TC","down","GO:0098960",13,0,1,1
"FOW_TC","down","GO:0099094",27,0,1,1
"FOW_TC","down","GO:0099106",17,0,1,1
"FOW_TC","down","GO:0099529",10,0,1,1
"FOW_TC","down","GO:0099604",11,0,1,1
"FOW_TC","down","GO:0101005",37,0,1,1
"FOW_TC","down","GO:0106310",153,0,1,1
"FOW_TC","down","GO:0120013",20,0,1,1
"FOW_TC","down","GO:0120015",10,0,1,1
"FOW_TC","down","GO:0140030",67,0,1,1
"FOW_TC","down","GO:0140033",10,0,1,1
"FOW_TC","down","GO:0140034",33,0,1,1
"FOW_TC","down","GO:0140097",65,0,1,1
"FOW_TC","down","GO:0140098",140,0,1,1
"FOW_TC","down","GO:0140101",35,0,1,1
"FOW_TC","down","GO:0140103",16,0,1,1
"FOW_TC","down","GO:0140104",27,0,1,1
"FOW_TC","down","GO:0140110",340,0,1,1
"FOW_TC","down","GO:0140142",13,0,1,1
"FOW_TC","down","GO:0140223",10,0,1,1
"FOW_TC","down","GO:0140303",18,0,1,1
"FOW_TC","down","GO:0140313",10,0,1,1
"FOW_TC","down","GO:0140318",11,0,1,1
"FOW_TC","down","GO:0140326",12,0,1,1
"FOW_TC","down","GO:0140359",15,0,1,1
"FOW_TC","down","GO:0140463",11,0,1,1
"FOW_TC","down","GO:0140640",209,0,1,1
"FOW_TC","down","GO:0140658",19,0,1,1
"FOW_TC","down","GO:0140662",20,0,1,1
"FOW_TC","down","GO:0140677",183,0,1,1
"FOW_TC","down","GO:0140678",79,0,1,1
"FOW_TC","down","GO:0140767",25,0,1,1
"FOW_TC","down","GO:0140938",16,0,1,1
"FOW_TC","down","GO:0140939",17,0,1,1
"FOW_TC","down","GO:0140944",15,0,1,1
"FOW_TC","down","GO:0140993",82,0,1,1
"FOW_TC","down","GO:1901681",35,0,1,1
"FOW_TC","down","GO:1901682",14,0,1,1
"FOW_TC","down","GO:1901981",51,0,1,1
"FOW_TC","down","GO:1902936",27,0,1,1
"FOW_TC","down","GO:1904315",10,0,1,1
"FOW_TC","down","GO:1990404",21,0,1,1
"FOW_TC","down","GO:1990756",22,0,1,1
"FOW_TC","down","GO:1990782",28,0,1,1
"FOW_TC","down","GO:1990841",20,0,1,1
"FDO_TC","up","GO:0060590",15,2,0.111072877198912,0.069132584543114
"FDO_TC","up","GO:0016209",28,3,0.231558937070145,0.0466323686991248
"FDO_TC","up","GO:0051879",15,1,0.358908884584923,0.358908884584923
"FDO_TC","up","GO:0003823",12,2,0.0459788949404755,0.0459788949404755
"FDO_TC","up","GO:0003824",1847,56,1,0.379609825061495
"FDO_TC","up","GO:0050660",33,2,0.412118215191325,0.249983541338534
"FDO_TC","up","GO:0042578",114,6,1,0.114140209445446
"FDO_TC","up","GO:0050661",20,3,0.0191929759817352,0.0191929759817352
"FDO_TC","up","GO:0015171",31,4,1,0.0117770612618211
"FDO_TC","up","GO:0016922",28,1,1,0.564466355226583
"FDO_TC","up","GO:1901702",153,4,1,0.659296565037476
"FDO_TC","up","GO:0022824",13,2,1,0.0533230977122562
"FDO_TC","up","GO:0008525",10,1,0.256370186822862,0.256370186822862
"FDO_TC","up","GO:0015175",21,3,0.021924519881855,0.021924519881855
"FDO_TC","up","GO:0042887",13,2,0.0533230977122562,0.0533230977122562
"FDO_TC","up","GO:0030170",21,1,0.46359428488682,0.46359428488682
"FDO_TC","up","GO:0005048",18,1,1,0.413564174919271
"FDO_TC","up","GO:0003779",158,2,1,0.94943568193005
"FDO_TC","up","GO:0022829",11,2,0.0390473095332904,0.0390473095332904
"FDO_TC","up","GO:0015179",28,4,0.00819552612821058,0.00819552612821058
"FDO_TC","up","GO:0099094",28,1,0.564466355226583,0.564466355226583
"FDO_TC","up","GO:0061630",99,1,0.948395590388049,0.948395590388049
"FDO_TC","up","GO:0060089",160,4,1,0.6937473825807
"FDO_TC","up","GO:0031072",47,6,0.000388777555061997,0.00219402871594701
"FDO_TC","up","GO:0046982",63,4,0.11037294041767,0.11037294041767
"FDO_TC","up","GO:0003723",577,10,0.995608921009892,0.98029179104568
"FDO_TC","up","GO:0046983",240,9,0.0555428995964475,0.264577337831998
"FDO_TC","up","GO:0008514",70,7,0.329601079264612,0.00394552785247715
"FDO_TC","up","GO:0003725",27,1,0.551300540513784,0.551300540513784
"FDO_TC","up","GO:0003727",37,1,0.666974743906622,0.666974743906622
"FDO_TC","up","GO:0051287",37,2,0.293674017066548,0.293674017066548
"FDO_TC","up","GO:0005198",205,3,1,0.943871246873322
"FDO_TC","up","GO:0051721",12,2,0.0459788949404755,0.0459788949404755
"FDO_TC","up","GO:0003729",143,3,0.794894103921187,0.794894103921187
"FDO_TC","up","GO:0055106",10,1,0.256370186822862,0.256370186822862
"FDO_TC","up","GO:0140096",811,16,0.746003183244306,0.975070272155759
"FDO_TC","up","GO:0140110",358,13,1,0.241836050243779
"FDO_TC","up","GO:0140098",137,5,1,0.369899310249696
"FDO_TC","up","GO:0016791",91,4,1,0.273547714288522
"FDO_TC","up","GO:0045182",70,4,0.110718776215755,0.146167876614102
"FDO_TC","up","GO:0003712",153,2,1,0.942650053125756
"FDO_TC","up","GO:0003713",84,1,1,0.918768691002288
"FDO_TC","up","GO:0022843",24,2,0.18650506512538,0.153795355181455
"FDO_TC","up","GO:0003714",59,1,0.827605225442085,0.827605225442085
"FDO_TC","up","GO:0005524",634,26,0.0406439854992072,0.0406439854992072
"FDO_TC","up","GO:0005525",165,10,0.0211888450807759,0.0211888450807759
"FDO_TC","up","GO:0031406",42,6,0.0582688496211923,0.00120716466900092
"FDO_TC","up","GO:0030246",79,4,1,0.197788926482258
"FDO_TC","up","GO:0042826",16,1,0.377666623686261,0.377666623686261
"FDO_TC","up","GO:0004438",10,1,0.256370186822862,0.256370186822862
"FDO_TC","up","GO:0005261",92,3,1,0.50631066696665
"FDO_TC","up","GO:0005262",41,1,0.704472076358385,0.704472076358385
"FDO_TC","up","GO:0016684",20,2,1,0.113968593434254
"FDO_TC","up","GO:0000166",898,41,0.349416333339446,0.00113961865772212
"FDO_TC","up","GO:0005267",23,1,1,0.494571357302676
"FDO_TC","up","GO:0015370",23,1,1,0.494571357302676
"FDO_TC","up","GO:0043130",35,2,0.271836433663909,0.271836433663909
"FDO_TC","up","GO:0008289",224,7,0.227096920808948,0.481731042608192
"FDO_TC","up","GO:0098772",404,16,1,0.125609227265907
"FDO_TC","up","GO:0022832",31,2,1,0.228193922577029
"FDO_TC","up","GO:0140142",14,1,0.339590464582135,0.339590464582135
"FDO_TC","up","GO:0003743",35,1,0.646493206384553,0.646493206384553
"FDO_TC","up","GO:0022834",32,2,1,0.239075551025965
"FDO_TC","up","GO:0030234",325,7,1,0.8475920640662
"FDO_TC","up","GO:0022835",13,2,1,0.0533230977122562
"FDO_TC","up","GO:0005515",1731,47,1,0.768398598867504
"FDO_TC","up","GO:0022836",67,4,1,0.13030522526869
"FDO_TC","up","GO:0005516",76,4,0.179974871513835,0.179974871513835
"FDO_TC","up","GO:0019887",55,2,1,0.480329264296952
"FDO_TC","up","GO:0001067",231,11,1,0.0720764736686995
"FDO_TC","up","GO:0000287",71,3,0.342633636108557,0.342633636108557
"FDO_TC","up","GO:0019900",188,5,1,0.648217513819827
"FDO_TC","up","GO:0019888",27,2,0.185167030798977,0.185167030798977
"FDO_TC","up","GO:0008270",264,7,0.658684561575369,0.658684561575369
"FDO_TC","up","GO:0005518",18,1,0.413564174919271,0.413564174919271
"FDO_TC","up","GO:0019901",168,5,0.54703192346131,0.54703192346131
"FDO_TC","up","GO:0016301",263,4,1,0.954388829894014
"FDO_TC","up","GO:0022839",66,4,1,0.125187310060517
"FDO_TC","up","GO:0030371",11,1,0.278102474551819,0.278102474551819
"FDO_TC","up","GO:0035091",84,1,0.918768691002288,0.918768691002288
"FDO_TC","up","GO:0019902",61,2,1,0.535851504977858
"FDO_TC","up","GO:0032182",39,2,1,0.31542639580068
"FDO_TC","up","GO:0019903",45,2,1,0.37958878124667
"FDO_TC","up","GO:0019904",169,4,0.734349610165112,0.734349610165112
"FDO_TC","up","GO:0030374",18,1,0.413564174919271,0.413564174919271
"FDO_TC","up","GO:0009055",25,1,0.523773121289233,0.523773121289233
"FDO_TC","up","GO:0030145",31,1,0.601708030799854,0.601708030799854
"FDO_TC","up","GO:0070566",11,1,0.278102474551819,0.278102474551819
"FDO_TC","up","GO:1990837",239,11,1,0.0870131502688717
"FDO_TC","up","GO:0106310",154,3,0.834552163109468,0.834552163109468
"FDO_TC","up","GO:0016298",25,1,1,0.523773121289233
"FDO_TC","up","GO:0002039",20,1,0.447406816238966,0.447406816238966
"FDO_TC","up","GO:0098531",19,1,1,0.43073490509873
"FDO_TC","up","GO:0051213",32,3,1,0.0649694958429897
"FDO_TC","up","GO:0005543",141,3,0.505672088321293,0.78689820234065
"FDO_TC","up","GO:0046914",340,12,1,0.286069467714711
"FDO_TC","up","GO:0046915",16,1,1,0.377666623686261
"FDO_TC","up","GO:0140326",12,1,0.29920461815285,0.29920461815285
"FDO_TC","up","GO:0042277",58,4,0.108809725069985,0.0876003094367891
"FDO_TC","up","GO:0005548",21,1,1,0.46359428488682
"FDO_TC","up","GO:0016620",14,1,0.339590464582135,0.339590464582135
"FDO_TC","up","GO:0051219",29,1,0.577248881132359,0.577248881132359
"FDO_TC","up","GO:0017171",39,1,1,0.686278636184674
"FDO_TC","up","GO:0016853",60,1,0.832702257403263,0.832702257403263
"FDO_TC","up","GO:0031625",88,4,0.254066983927556,0.254066983927556
"FDO_TC","up","GO:0030695",149,2,1,0.936612836248717
"FDO_TC","up","GO:0019787",147,2,1,0.933374844251405
"FDO_TC","up","GO:1901681",40,2,0.493143600952168,0.326250986585501
"FDO_TC","up","GO:0060589",149,2,1,0.936612836248717
"FDO_TC","up","GO:1901682",15,1,0.358908884584923,0.358908884584923
"FDO_TC","up","GO:0046943",56,6,0.249676898302988,0.00536005258245275
"FDO_TC","up","GO:0005158",10,1,0.256370186822862,0.256370186822862
"FDO_TC","up","GO:0015318",182,4,1,0.785751154268154
"FDO_TC","up","GO:0072349",13,3,0.00558577969568145,0.00558577969568145
"FDO_TC","up","GO:0019001",173,10,1,0.0283597176777055
"FDO_TC","up","GO:0005539",25,2,0.210165475858314,0.164137719583172
"FDO_TC","up","GO:0016614",36,2,1,0.282761702285208
"FDO_TC","up","GO:0016616",31,2,0.228193922577029,0.228193922577029
"FDO_TC","up","GO:0016887",199,6,0.52710456893819,0.52710456893819
"FDO_TC","up","GO:0051117",25,1,0.523773121289233,0.523773121289233
"FDO_TC","up","GO:0044877",518,9,0.992593209479191,0.974001286772982
"FDO_TC","up","GO:0022803",132,6,1,0.186255277361813
"FDO_TC","up","GO:0016903",15,1,1,0.358908884584923
"FDO_TC","up","GO:0022804",146,8,0.513359370282722,0.0616609222218613
"FDO_TC","up","GO:0030594",20,2,1,0.113968593434254
"FDO_TC","up","GO:0016755",151,2,1,0.939702513284448
"FDO_TC","up","GO:0099106",17,4,0.0012203253907957,0.0012203253907957
"FDO_TC","up","GO:0016757",109,2,1,0.833831538786799
"FDO_TC","up","GO:0016758",81,2,1,0.690471897914697
"FDO_TC","up","GO:0004860",12,2,0.0459788949404755,0.0459788949404755
"FDO_TC","up","GO:0052689",26,1,0.537740040153976,0.537740040153976
"FDO_TC","up","GO:0008509",29,1,0.577248881132359,0.577248881132359
"FDO_TC","up","GO:0015081",51,1,1,0.780879599591046
"FDO_TC","up","GO:0017111",310,15,1,0.034458293027461
"FDO_TC","up","GO:0016491",227,11,0.668874958504351,0.0652739798817497
"FDO_TC","up","GO:0008092",339,3,1,0.997908405562596
"FDO_TC","up","GO:0004672",213,4,0.73564161839213,0.876830740786343
"FDO_TC","up","GO:0016874",67,8,0.559184301074349,0.000641670976127486
"FDO_TC","up","GO:0004674",168,3,0.875425741587529,0.875425741587529
"FDO_TC","up","GO:0016875",20,5,1,0.000211986341347081
"FDO_TC","up","GO:0015085",49,1,1,0.767356436336353
"FDO_TC","up","GO:0003690",256,11,1,0.124705673113762
"FDO_TC","up","GO:0003700",207,11,0.450387551395148,0.0376324430212607
"FDO_TC","up","GO:0016879",18,2,0.0952458963248672,0.0952458963248672
"FDO_TC","up","GO:0140101",35,5,1,0.00312737356169673
"FDO_TC","up","GO:0140662",20,6,1.5090236157469e-05,1.5090236157469e-05
"FDO_TC","up","GO:0019842",50,5,0.405601666826134,0.0144278938516263
"FDO_TC","up","GO:0140103",16,1,0.377666623686261,0.377666623686261
"FDO_TC","up","GO:0140104",28,1,1,0.564466355226583
"FDO_TC","up","GO:0052866",14,1,1,0.339590464582135
"FDO_TC","up","GO:0016787",807,29,0.311000616232561,0.125180686091317
"FDO_TC","up","GO:0016788",196,7,1,0.346019266228084
"FDO_TC","up","GO:0004620",20,1,0.447406816238966,0.447406816238966
"FDO_TC","up","GO:0030331",11,1,0.278102474551819,0.278102474551819
"FDO_TC","up","GO:0008233",177,1,1,0.995254194031248
"FDO_TC","up","GO:0005215",347,18,1,0.0109348104680217
"FDO_TC","up","GO:0015075",200,6,1,0.532106601035147
"FDO_TC","up","GO:0043565",271,11,1,0.164518900113884
"FDO_TC","up","GO:0005216",113,4,1,0.420223449488336
"FDO_TC","up","GO:0008236",38,1,0.676769604379956,0.676769604379956
"FDO_TC","up","GO:0004857",65,3,0.78917038780517,0.294234241130792
"FDO_TC","up","GO:0005488",3560,106,1,0.345067788620867
"FDO_TC","up","GO:0015079",34,1,1,0.635788727163964
"FDO_TC","up","GO:0016772",320,5,1,0.962791297373809
"FDO_TC","up","GO:0042802",423,10,0.639011580064434,0.803310907201934
"FDO_TC","up","GO:0016773",247,4,1,0.936567658765608
"FDO_TC","up","GO:0042803",168,3,0.875425741587529,0.875425741587529
"FDO_TC","up","GO:0034185",13,2,0.0533230977122562,0.0533230977122562
"FDO_TC","up","GO:0008375",23,1,0.494571357302676,0.494571357302676
"FDO_TC","up","GO:0005506",41,3,0.116028338113161,0.116028338113161
"FDO_TC","up","GO:0140657",277,10,1,0.28696048852723
"FDO_TC","up","GO:0005507",13,1,0.319694744856233,0.319694744856233
"FDO_TC","up","GO:0098960",15,2,1,0.069132584543114
"FDO_TC","up","GO:0008378",17,1,0.395879826108471,0.395879826108471
"FDO_TC","up","GO:0016810",26,1,1,0.537740040153976
"FDO_TC","up","GO:0016779",53,1,1,0.793622657332801
"FDO_TC","up","GO:0005509",221,4,0.894116912902055,0.894116912902055
"FDO_TC","up","GO:0001671",11,1,0.278102474551819,0.278102474551819
"FDO_TC","up","GO:0016811",18,1,0.413564174919271,0.413564174919271
"FDO_TC","up","GO:0038023",160,4,1,0.6937473825807
"FDO_TC","up","GO:0005244",30,2,1,0.217349964596366
"FDO_TC","up","GO:0005096",82,1,0.913713944958598,0.913713944958598
"FDO_TC","up","GO:0016817",320,16,1,0.0223259725105969
"FDO_TC","up","GO:0019210",12,2,1,0.0459788949404755
"FDO_TC","up","GO:0004888",98,3,0.549361442819979,0.549361442819979
"FDO_TC","up","GO:0016818",320,16,1,0.0223259725105969
"FDO_TC","up","GO:0005249",17,1,0.395879826108471,0.395879826108471
"FDO_TC","up","GO:0044183",30,7,0.246500240925325,1.76133979038216e-05
"FDO_TC","up","GO:0008134",152,6,1,0.282098661424801
"FDO_TC","up","GO:0008324",177,5,1,0.594282530480421
"FDO_TC","up","GO:0008135",50,2,0.358960964705644,0.431118973724479
"FDO_TC","up","GO:0005385",11,1,0.278102474551819,0.278102474551819
"FDO_TC","up","GO:1901265",898,41,1,0.00113961865772212
"FDO_TC","up","GO:0046906",33,1,1,0.624762799958966
"FDO_TC","up","GO:0005230",13,2,1,0.0533230977122562
"FDO_TC","up","GO:0051059",10,1,0.256370186822862,0.256370186822862
"FDO_TC","up","GO:0008139",10,1,0.256370186822862,0.256370186822862
"FDO_TC","up","GO:0046872",1317,39,0.57327721875202,0.487294334044411
"FDO_TC","up","GO:0016462",320,16,0.244712714471182,0.0223259725105969
"FDO_TC","up","GO:0015932",14,2,0.0610503884194989,0.0610503884194989
"FDO_TC","up","GO:0046873",126,4,1,0.504487489446161
"FDO_TC","up","GO:0003924",115,9,0.00592589808734591,0.00592589808734591
"FDO_TC","up","GO:0004497",23,1,0.494571357302676,0.494571357302676
"FDO_TC","up","GO:0015291",98,7,1,0.0233234864146218
"FDO_TC","up","GO:0004879",19,1,0.43073490509873,0.43073490509873
"FDO_TC","up","GO:0048029",30,4,0.423643095428414,0.0104892495197959
"FDO_TC","up","GO:0000981",185,10,0.0953447340155608,0.0421469998076435
"FDO_TC","up","GO:0051082",43,3,0.128957930346806,0.128957930346806
"FDO_TC","up","GO:0140303",18,1,1,0.413564174919271
"FDO_TC","up","GO:0015293",51,4,0.0681928767055523,0.0601024155696749
"FDO_TC","up","GO:0015294",36,2,0.318985996875384,0.282761702285208
"FDO_TC","up","GO:0030554",703,29,1,0.0285396301981704
"FDO_TC","up","GO:0015297",42,3,0.122429668181456,0.122429668181456
"FDO_TC","up","GO:0140297",114,5,0.386052238651199,0.238095766691945
"FDO_TC","up","GO:0140677",188,6,0.187607663484044,0.470869753731234
"FDO_TC","up","GO:0051087",56,6,0.00205722700205694,0.00536005258245275
"FDO_TC","up","GO:0050997",13,1,0.319694744856233,0.319694744856233
"FDO_TC","up","GO:0000987",176,8,0.135391425103235,0.139960581914921
"FDO_TC","up","GO:0022890",160,4,1,0.6937473825807
"FDO_TC","up","GO:0140678",80,6,0.00830265840183081,0.0282185626625094
"FDO_TC","up","GO:0050839",89,1,1,0.930156716516257
"FDO_TC","up","GO:0008201",17,1,0.395879826108471,0.395879826108471
"FDO_TC","up","GO:0030674",148,3,0.873969116478568,0.81380596139719
"FDO_TC","up","GO:0048018",21,2,0.123657443281875,0.123657443281875
"FDO_TC","up","GO:0016740",743,13,0.854670893178543,0.989840258379325
"FDO_TC","up","GO:0097159",1862,66,1,0.0200662422400807
"FDO_TC","up","GO:0016741",64,1,0.851638081190223,0.851638081190223
"FDO_TC","up","GO:0048306",16,1,0.377666623686261,0.377666623686261
"FDO_TC","up","GO:0000976",230,11,1,0.0703345682759198
"FDO_TC","up","GO:0016746",217,4,1,0.885754797975083
"FDO_TC","up","GO:0020037",30,1,0.589659188599118,0.589659188599118
"FDO_TC","up","GO:0000977",205,10,0.0721937117771317,0.0742666485493791
"FDO_TC","up","GO:0016747",61,2,0.577056945233483,0.535851504977858
"FDO_TC","up","GO:0140030",69,1,1,0.872343850378245
"FDO_TC","up","GO:0000978",171,7,0.230308351665481,0.230308351665481
"FDO_TC","up","GO:0031369",18,1,0.413564174919271,0.413564174919271
"FDO_TC","up","GO:0070279",21,1,1,0.46359428488682
"FDO_TC","up","GO:0008081",23,2,0.143589499749044,0.143589499749044
"FDO_TC","up","GO:0004812",20,5,0.000211986341347081,0.000211986341347081
"FDO_TC","up","GO:0140767",27,1,1,0.551300540513784
"FDO_TC","up","GO:0099529",12,2,1,0.0459788949404755
"FDO_TC","up","GO:0004721",67,3,0.271627996746392,0.310345604509528
"FDO_TC","up","GO:0004725",32,1,0.613405852728044,0.613405852728044
"FDO_TC","up","GO:0017076",854,39,1,0.00158743025829678
"FDO_TC","up","GO:0005200",50,3,0.177766805743221,0.177766805743221
"FDO_TC","up","GO:0061650",21,1,0.46359428488682,0.46359428488682
"FDO_TC","up","GO:0005319",45,2,0.462772418210661,0.37958878124667
"FDO_TC","up","GO:0044389",95,4,1,0.29990182781253
"FDO_TC","up","GO:0004842",139,1,1,0.984734763447928
"FDO_TC","up","GO:0016247",18,4,1,0.00153391052125496
"FDO_TC","up","GO:0097367",859,39,0.472263326908475,0.00177827919276431
"FDO_TC","up","GO:0060090",179,3,1,0.90104985669105
"FDO_TC","up","GO:0140640",205,5,1,0.722347803486967
"FDO_TC","up","GO:0032561",173,10,1,0.0283597176777055
"FDO_TC","up","GO:0061659",106,2,0.189865592487741,0.821946384020498
"FDO_TC","up","GO:0005342",56,6,1,0.00536005258245275
"FDO_TC","up","GO:0017022",28,1,0.564466355226583,0.564466355226583
"FDO_TC","up","GO:0005343",18,1,0.413564174919271,0.413564174919271
"FDO_TC","up","GO:0003674",4253,124,1,1
"FDO_TC","up","GO:0051015",93,2,0.761334317659365,0.761334317659365
"FDO_TC","up","GO:0003676",1051,27,0.592279654947743,0.808251759272884
"FDO_TC","up","GO:0045296",48,1,0.760287629207146,0.760287629207146
"FDO_TC","up","GO:0015267",132,6,1,0.186255277361813
"FDO_TC","up","GO:0003677",497,16,0.731151323539877,0.375407498407671
"FDO_TC","up","GO:0004601",19,2,0.104491031689002,0.104491031689002
"FDO_TC","up","GO:1901363",1842,67,0.23446686769123,0.00956964486053013
"FDO_TC","up","GO:0005085",73,1,0.886822488692441,0.886822488692441
"FDO_TC","up","GO:0043167",1969,63,1,0.17593817370884
"FDO_TC","up","GO:0008028",20,1,0.447406816238966,0.447406816238966
"FDO_TC","up","GO:0043168",954,43,1,0.00106718181183643
"FDO_TC","up","GO:0043169",1333,39,1,0.523970050974083
"FDO_TC","up","GO:0005102",235,5,0.983247698726136,0.824884750205119
"FDO_TC","up","GO:0032553",811,37,0.143785485806605,0.00224221013822685
"FDO_TC","up","GO:0044325",36,4,0.0197230571782683,0.0197230571782683
"FDO_TC","up","GO:0032555",805,36,1,0.00373562166459296
"FDO_TC","up","GO:0030515",13,1,0.319694744856233,0.319694744856233
"FDO_TC","up","GO:0019207",64,2,1,0.562065974039612
"FDO_TC","up","GO:0016410",32,1,0.613405852728044,0.613405852728044
"FDO_TC","up","GO:0097110",23,1,0.494571357302676,0.494571357302676
"FDO_TC","up","GO:0019208",29,3,0.0569110353769423,0.0509403742133087
"FDO_TC","up","GO:0032559",653,26,1,0.0553334701939204
"FDO_TC","up","GO:0071949",15,1,0.358908884584923,0.358908884584923
"FDO_TC","up","GO:0090079",60,2,1,0.52688033973257
"FDO_TC","up","GO:0022853",77,2,1,0.663316397163473
"FDO_TC","up","GO:0036094",1002,46,0.543055326984923,0.000413829839251255
"FDO_TC","up","GO:0052744",10,1,1,0.256370186822862
"FDO_TC","up","GO:1901505",13,1,0.319694744856233,0.319694744856233
"FDO_TC","up","GO:0022857",314,16,0.459653601079778,0.0190032466385863
"FDO_TC","up","GO:0031418",11,3,0.00336310407542756,0.00336310407542756
"FDO_TC","up","GO:0030544",24,1,0.50938770522099,0.50938770522099
"FDO_TC","up","GO:0030545",23,2,1,0.143589499749044
"FDO_TC","up","GO:0016705",49,4,0.517043826301806,0.0532396346469985
"FDO_TC","up","GO:0030546",23,2,1,0.143589499749044
"FDO_TC","up","GO:0016706",24,3,0.0313250899925279,0.0313250899925279
"FDO_TC","up","GO:0001221",29,1,1,0.577248881132359
"FDO_TC","up","GO:0001223",10,1,0.256370186822862,0.256370186822862
"FDO_TC","up","GO:0001227",23,1,0.494571357302676,0.494571357302676
"FDO_TC","up","GO:0008047",151,2,0.875400628551812,0.939702513284448
"FDO_TC","up","GO:0001228",68,3,0.318414965474069,0.318414965474069
"FDO_TC","up","GO:0019899",532,14,0.933002819530695,0.702213628847816
"FDO_TC","up","GO:0061629",68,3,0.586969000381312,0.318414965474069
"FDO_TC","up","GO:0015276",32,2,1,0.239075551025965
"FDO_TC","up","GO:0033218",77,5,0.424567439426923,0.0727319176697509
"FDO_TC","up","GO:0035639",782,36,1,0.00223959581431944
"FDO_TC","up","GO:0000049",23,1,0.494571357302676,0.494571357302676
"FDO_TC","up","GO:0031593",17,1,0.395879826108471,0.395879826108471
"FDO_TC","up","GO:0008194",56,1,1,0.81137153529236
"FDO_TC","up","GO:1904315",12,2,0.0459788949404755,0.0459788949404755
"FDO_TC","up","GO:1990756",23,1,0.494571357302676,0.494571357302676
"FDO_TC","up","GO:0001216",69,3,1,0.326488474909907
"FDO_TC","up","GO:0016597",17,1,0.395879826108471,0.395879826108471
"FDO_TC","up","GO:0001217",24,1,1,0.50938770522099
"FDO_TC","up","GO:0043177",42,6,1,0.00120716466900092
"FDO_TC","up","GO:0000030",10,0,1,1
"FDO_TC","up","GO:0000146",19,0,1,1
"FDO_TC","up","GO:0000149",36,0,1,1
"FDO_TC","up","GO:0000993",15,0,1,1
"FDO_TC","up","GO:0001098",24,0,1,1
"FDO_TC","up","GO:0001099",24,0,1,1
"FDO_TC","up","GO:0001222",13,0,1,1
"FDO_TC","up","GO:0001664",33,0,1,1
"FDO_TC","up","GO:0001727",15,0,1,1
"FDO_TC","up","GO:0001786",21,0,1,1
"FDO_TC","up","GO:0001965",14,0,1,1
"FDO_TC","up","GO:0002020",29,0,1,1
"FDO_TC","up","GO:0003682",152,0,1,1
"FDO_TC","up","GO:0003684",15,0,1,1
"FDO_TC","up","GO:0003697",21,0,1,1
"FDO_TC","up","GO:0003724",57,0,1,1
"FDO_TC","up","GO:0003730",35,0,1,1
"FDO_TC","up","GO:0003735",96,0,1,1
"FDO_TC","up","GO:0003746",13,0,1,1
"FDO_TC","up","GO:0003755",18,0,1,1
"FDO_TC","up","GO:0003756",10,0,1,1
"FDO_TC","up","GO:0003774",60,0,1,1
"FDO_TC","up","GO:0003777",40,0,1,1
"FDO_TC","up","GO:0003925",13,0,1,1
"FDO_TC","up","GO:0003950",21,0,1,1
"FDO_TC","up","GO:0004175",109,0,1,1
"FDO_TC","up","GO:0004177",14,0,1,1
"FDO_TC","up","GO:0004180",15,0,1,1
"FDO_TC","up","GO:0004197",33,0,1,1
"FDO_TC","up","GO:0004222",34,0,1,1
"FDO_TC","up","GO:0004252",33,0,1,1
"FDO_TC","up","GO:0004386",90,0,1,1
"FDO_TC","up","GO:0004402",21,0,1,1
"FDO_TC","up","GO:0004518",51,0,1,1
"FDO_TC","up","GO:0004519",29,0,1,1
"FDO_TC","up","GO:0004520",11,0,1,1
"FDO_TC","up","GO:0004521",18,0,1,1
"FDO_TC","up","GO:0004527",24,0,1,1
"FDO_TC","up","GO:0004532",13,0,1,1
"FDO_TC","up","GO:0004536",14,0,1,1
"FDO_TC","up","GO:0004540",31,0,1,1
"FDO_TC","up","GO:0004553",40,0,1,1
"FDO_TC","up","GO:0004653",11,0,1,1
"FDO_TC","up","GO:0004709",11,0,1,1
"FDO_TC","up","GO:0004712",16,0,1,1
"FDO_TC","up","GO:0004713",57,0,1,1
"FDO_TC","up","GO:0004714",16,0,1,1
"FDO_TC","up","GO:0004715",15,0,1,1
"FDO_TC","up","GO:0004722",33,0,1,1
"FDO_TC","up","GO:0004843",36,0,1,1
"FDO_TC","up","GO:0004864",10,0,1,1
"FDO_TC","up","GO:0004866",25,0,1,1
"FDO_TC","up","GO:0004867",12,0,1,1
"FDO_TC","up","GO:0004930",27,0,1,1
"FDO_TC","up","GO:0005080",10,0,1,1
"FDO_TC","up","GO:0005126",32,0,1,1
"FDO_TC","up","GO:0005154",11,0,1,1
"FDO_TC","up","GO:0005178",25,0,1,1
"FDO_TC","up","GO:0005201",20,0,1,1
"FDO_TC","up","GO:0005217",12,0,1,1
"FDO_TC","up","GO:0005253",15,0,1,1
"FDO_TC","up","GO:0005254",13,0,1,1
"FDO_TC","up","GO:0005272",17,0,1,1
"FDO_TC","up","GO:0005283",16,0,1,1
"FDO_TC","up","GO:0005295",10,0,1,1
"FDO_TC","up","GO:0005416",18,0,1,1
"FDO_TC","up","GO:0005484",15,0,1,1
"FDO_TC","up","GO:0005496",32,0,1,1
"FDO_TC","up","GO:0005544",22,0,1,1
"FDO_TC","up","GO:0005546",22,0,1,1
"FDO_TC","up","GO:0005547",11,0,1,1
"FDO_TC","up","GO:0008013",16,0,1,1
"FDO_TC","up","GO:0008017",92,0,1,1
"FDO_TC","up","GO:0008080",28,0,1,1
"FDO_TC","up","GO:0008093",14,0,1,1
"FDO_TC","up","GO:0008094",33,0,1,1
"FDO_TC","up","GO:0008146",13,0,1,1
"FDO_TC","up","GO:0008168",59,0,1,1
"FDO_TC","up","GO:0008170",36,0,1,1
"FDO_TC","up","GO:0008171",10,0,1,1
"FDO_TC","up","GO:0008173",13,0,1,1
"FDO_TC","up","GO:0008186",57,0,1,1
"FDO_TC","up","GO:0008187",10,0,1,1
"FDO_TC","up","GO:0008234",66,0,1,1
"FDO_TC","up","GO:0008235",23,0,1,1
"FDO_TC","up","GO:0008237",63,0,1,1
"FDO_TC","up","GO:0008238",33,0,1,1
"FDO_TC","up","GO:0008276",38,0,1,1
"FDO_TC","up","GO:0008307",10,0,1,1
"FDO_TC","up","GO:0008374",11,0,1,1
"FDO_TC","up","GO:0008376",14,0,1,1
"FDO_TC","up","GO:0008408",18,0,1,1
"FDO_TC","up","GO:0008483",11,0,1,1
"FDO_TC","up","GO:0008569",18,0,1,1
"FDO_TC","up","GO:0008757",50,0,1,1
"FDO_TC","up","GO:0015026",12,0,1,1
"FDO_TC","up","GO:0015035",15,0,1,1
"FDO_TC","up","GO:0015036",16,0,1,1
"FDO_TC","up","GO:0015078",42,0,1,1
"FDO_TC","up","GO:0015103",33,0,1,1
"FDO_TC","up","GO:0015108",25,0,1,1
"FDO_TC","up","GO:0015187",11,0,1,1
"FDO_TC","up","GO:0015248",10,0,1,1
"FDO_TC","up","GO:0015375",10,0,1,1
"FDO_TC","up","GO:0015399",47,0,1,1
"FDO_TC","up","GO:0015453",14,0,1,1
"FDO_TC","up","GO:0015485",19,0,1,1
"FDO_TC","up","GO:0015631",131,0,1,1
"FDO_TC","up","GO:0016251",10,0,1,1
"FDO_TC","up","GO:0016278",29,0,1,1
"FDO_TC","up","GO:0016279",29,0,1,1
"FDO_TC","up","GO:0016407",33,0,1,1
"FDO_TC","up","GO:0016504",15,0,1,1
"FDO_TC","up","GO:0016538",11,0,1,1
"FDO_TC","up","GO:0016651",21,0,1,1
"FDO_TC","up","GO:0016667",25,0,1,1
"FDO_TC","up","GO:0016716",10,0,1,1
"FDO_TC","up","GO:0016763",27,0,1,1
"FDO_TC","up","GO:0016765",11,0,1,1
"FDO_TC","up","GO:0016769",11,0,1,1
"FDO_TC","up","GO:0016776",13,0,1,1
"FDO_TC","up","GO:0016782",17,0,1,1
"FDO_TC","up","GO:0016796",16,0,1,1
"FDO_TC","up","GO:0016798",59,0,1,1
"FDO_TC","up","GO:0016799",16,0,1,1
"FDO_TC","up","GO:0016829",63,0,1,1
"FDO_TC","up","GO:0016830",17,0,1,1
"FDO_TC","up","GO:0016831",12,0,1,1
"FDO_TC","up","GO:0016835",27,0,1,1
"FDO_TC","up","GO:0016836",23,0,1,1
"FDO_TC","up","GO:0016859",18,0,1,1
"FDO_TC","up","GO:0016860",16,0,1,1
"FDO_TC","up","GO:0016864",10,0,1,1
"FDO_TC","up","GO:0016877",12,0,1,1
"FDO_TC","up","GO:0016881",10,0,1,1
"FDO_TC","up","GO:0016896",13,0,1,1
"FDO_TC","up","GO:0017018",27,0,1,1
"FDO_TC","up","GO:0017025",14,0,1,1
"FDO_TC","up","GO:0017069",21,0,1,1
"FDO_TC","up","GO:0017124",37,0,1,1
"FDO_TC","up","GO:0017134",10,0,1,1
"FDO_TC","up","GO:0017147",10,0,1,1
"FDO_TC","up","GO:0019003",20,0,1,1
"FDO_TC","up","GO:0019199",20,0,1,1
"FDO_TC","up","GO:0019205",18,0,1,1
"FDO_TC","up","GO:0019209",32,0,1,1
"FDO_TC","up","GO:0019212",10,0,1,1
"FDO_TC","up","GO:0019783",42,0,1,1
"FDO_TC","up","GO:0019829",20,0,1,1
"FDO_TC","up","GO:0019838",21,0,1,1
"FDO_TC","up","GO:0019843",30,0,1,1
"FDO_TC","up","GO:0019894",10,0,1,1
"FDO_TC","up","GO:0019905",19,0,1,1
"FDO_TC","up","GO:0019955",11,0,1,1
"FDO_TC","up","GO:0030159",10,0,1,1
"FDO_TC","up","GO:0030165",22,0,1,1
"FDO_TC","up","GO:0030247",10,0,1,1
"FDO_TC","up","GO:0030276",26,0,1,1
"FDO_TC","up","GO:0030295",30,0,1,1
"FDO_TC","up","GO:0030332",10,0,1,1
"FDO_TC","up","GO:0030414",25,0,1,1
"FDO_TC","up","GO:0030507",11,0,1,1
"FDO_TC","up","GO:0030551",11,0,1,1
"FDO_TC","up","GO:0030971",26,0,1,1
"FDO_TC","up","GO:0031267",96,0,1,1
"FDO_TC","up","GO:0031490",16,0,1,1
"FDO_TC","up","GO:0031491",12,0,1,1
"FDO_TC","up","GO:0032266",18,0,1,1
"FDO_TC","up","GO:0032813",11,0,1,1
"FDO_TC","up","GO:0032934",26,0,1,1
"FDO_TC","up","GO:0034212",23,0,1,1
"FDO_TC","up","GO:0035064",32,0,1,1
"FDO_TC","up","GO:0035250",13,0,1,1
"FDO_TC","up","GO:0035254",15,0,1,1
"FDO_TC","up","GO:0035255",10,0,1,1
"FDO_TC","up","GO:0035591",31,0,1,1
"FDO_TC","up","GO:0036002",12,0,1,1
"FDO_TC","up","GO:0038024",19,0,1,1
"FDO_TC","up","GO:0042054",32,0,1,1
"FDO_TC","up","GO:0042162",10,0,1,1
"FDO_TC","up","GO:0042169",11,0,1,1
"FDO_TC","up","GO:0042393",88,0,1,1
"FDO_TC","up","GO:0042562",12,0,1,1
"FDO_TC","up","GO:0042625",13,0,1,1
"FDO_TC","up","GO:0042626",33,0,1,1
"FDO_TC","up","GO:0042799",16,0,1,1
"FDO_TC","up","GO:0042805",10,0,1,1
"FDO_TC","up","GO:0042910",11,0,1,1
"FDO_TC","up","GO:0043014",16,0,1,1
"FDO_TC","up","GO:0043021",68,0,1,1
"FDO_TC","up","GO:0043022",38,0,1,1
"FDO_TC","up","GO:0043028",13,0,1,1
"FDO_TC","up","GO:0043175",16,0,1,1
"FDO_TC","up","GO:0043178",32,0,1,1
"FDO_TC","up","GO:0043495",11,0,1,1
"FDO_TC","up","GO:0043539",19,0,1,1
"FDO_TC","up","GO:0044769",13,0,1,1
"FDO_TC","up","GO:0045309",17,0,1,1
"FDO_TC","up","GO:0045504",10,0,1,1
"FDO_TC","up","GO:0045505",28,0,1,1
"FDO_TC","up","GO:0046332",22,0,1,1
"FDO_TC","up","GO:0046875",11,0,1,1
"FDO_TC","up","GO:0046961",13,0,1,1
"FDO_TC","up","GO:0048027",12,0,1,1
"FDO_TC","up","GO:0048487",16,0,1,1
"FDO_TC","up","GO:0050840",12,0,1,1
"FDO_TC","up","GO:0051010",10,0,1,1
"FDO_TC","up","GO:0051018",15,0,1,1
"FDO_TC","up","GO:0051019",13,0,1,1
"FDO_TC","up","GO:0051020",103,0,1,1
"FDO_TC","up","GO:0051536",31,0,1,1
"FDO_TC","up","GO:0051537",13,0,1,1
"FDO_TC","up","GO:0051539",17,0,1,1
"FDO_TC","up","GO:0051540",31,0,1,1
"FDO_TC","up","GO:0051959",21,0,1,1
"FDO_TC","up","GO:0052742",10,0,1,1
"FDO_TC","up","GO:0061134",41,0,1,1
"FDO_TC","up","GO:0061135",29,0,1,1
"FDO_TC","up","GO:0061631",19,0,1,1
"FDO_TC","up","GO:0061733",21,0,1,1
"FDO_TC","up","GO:0061980",10,0,1,1
"FDO_TC","up","GO:0070063",27,0,1,1
"FDO_TC","up","GO:0070403",12,0,1,1
"FDO_TC","up","GO:0070577",12,0,1,1
"FDO_TC","up","GO:0070628",14,0,1,1
"FDO_TC","up","GO:0070717",12,0,1,1
"FDO_TC","up","GO:0070840",14,0,1,1
"FDO_TC","up","GO:0070851",23,0,1,1
"FDO_TC","up","GO:0072341",27,0,1,1
"FDO_TC","up","GO:0097602",10,0,1,1
"FDO_TC","up","GO:0099604",10,0,1,1
"FDO_TC","up","GO:0101005",38,0,1,1
"FDO_TC","up","GO:0120013",20,0,1,1
"FDO_TC","up","GO:0120015",10,0,1,1
"FDO_TC","up","GO:0140033",12,0,1,1
"FDO_TC","up","GO:0140034",34,0,1,1
"FDO_TC","up","GO:0140097",65,0,1,1
"FDO_TC","up","GO:0140223",12,0,1,1
"FDO_TC","up","GO:0140296",23,0,1,1
"FDO_TC","up","GO:0140313",10,0,1,1
"FDO_TC","up","GO:0140318",11,0,1,1
"FDO_TC","up","GO:0140359",14,0,1,1
"FDO_TC","up","GO:0140463",12,0,1,1
"FDO_TC","up","GO:0140658",19,0,1,1
"FDO_TC","up","GO:0140828",16,0,1,1
"FDO_TC","up","GO:0140938",16,0,1,1
"FDO_TC","up","GO:0140939",17,0,1,1
"FDO_TC","up","GO:0140944",15,0,1,1
"FDO_TC","up","GO:0140993",85,0,1,1
"FDO_TC","up","GO:1901981",53,0,1,1
"FDO_TC","up","GO:1902936",28,0,1,1
"FDO_TC","up","GO:1990404",21,0,1,1
"FDO_TC","up","GO:1990782",30,0,1,1
"FDO_TC","up","GO:1990841",22,0,1,1
"FDO_TC","down","GO:1901363",1842,44,1,0.190777272273147
"FDO_TC","down","GO:0019905",19,1,0.337563494844878,0.337563494844878
"FDO_TC","down","GO:0015318",182,3,1,0.755479487036492
"FDO_TC","down","GO:0004177",14,1,0.26160271042659,0.26160271042659
"FDO_TC","down","GO:0016740",743,15,0.926937270029185,0.642329921102044
"FDO_TC","down","GO:0000981",185,3,0.723670250459275,0.765354963826013
"FDO_TC","down","GO:0015171",31,1,1,0.489772053536853
"FDO_TC","down","GO:0016746",217,2,1,0.951479792339281
"FDO_TC","down","GO:0016810",26,1,0.431087530615278,0.431087530615278
"FDO_TC","down","GO:0005096",82,2,0.528166247101562,0.528166247101562
"FDO_TC","down","GO:0000987",176,4,1,0.524484517897788
"FDO_TC","down","GO:0030695",149,2,1,0.835391179421689
"FDO_TC","down","GO:0008233",177,4,0.103314583557755,0.529022957556614
"FDO_TC","down","GO:0003950",21,4,0.00088842397762934,0.00088842397762934
"FDO_TC","down","GO:0008234",66,1,1,0.762752123367652
"FDO_TC","down","GO:0050997",13,1,0.245407445699866,0.245407445699866
"FDO_TC","down","GO:0008235",23,1,0.392722696191246,0.392722696191246
"FDO_TC","down","GO:0008236",38,1,1,0.561998730000792
"FDO_TC","down","GO:0051087",56,2,1,0.337919719478607
"FDO_TC","down","GO:0140677",188,3,1,0.774909894577921
"FDO_TC","down","GO:0008237",63,1,1,0.746593614581588
"FDO_TC","down","GO:0140678",80,1,0.825662829297204,0.825662829297204
"FDO_TC","down","GO:0008238",33,1,1,0.511532236325414
"FDO_TC","down","GO:0016817",320,17,1,0.000348864414824064
"FDO_TC","down","GO:0008408",18,1,0.323016747265458,0.323016747265458
"FDO_TC","down","GO:0016818",320,17,1,0.000348864414824064
"FDO_TC","down","GO:0000030",10,1,0.194684034546698,0.194684034546698
"FDO_TC","down","GO:0003700",207,4,0.369046346005376,0.654403775633892
"FDO_TC","down","GO:1901702",153,3,1,0.642760539135129
"FDO_TC","down","GO:0022890",160,3,1,0.672886683630079
"FDO_TC","down","GO:0008081",23,1,0.392722696191246,0.392722696191246
"FDO_TC","down","GO:0016491",227,2,0.959815115629855,0.959815115629855
"FDO_TC","down","GO:0000976",230,4,1,0.734440341984432
"FDO_TC","down","GO:0000166",898,35,1,0.000101114942540268
"FDO_TC","down","GO:0000977",205,4,1,0.646756548782311
"FDO_TC","down","GO:1901981",53,1,1,0.684461574543694
"FDO_TC","down","GO:1990404",21,4,0.00088842397762934,0.00088842397762934
"FDO_TC","down","GO:0000978",171,4,0.501501622865714,0.501501622865714
"FDO_TC","down","GO:0098772",404,7,1,0.775184701365371
"FDO_TC","down","GO:0043167",1969,54,1,0.00787934182052294
"FDO_TC","down","GO:0008525",10,1,0.194684034546698,0.194684034546698
"FDO_TC","down","GO:0043168",954,36,0.857908931383039,0.000152166897565546
"FDO_TC","down","GO:0043169",1333,35,0.269841524289109,0.0875986124811855
"FDO_TC","down","GO:0015276",32,1,1,0.500769387295296
"FDO_TC","down","GO:0046983",240,3,1,0.895767262573006
"FDO_TC","down","GO:0042578",114,2,1,0.70743248866006
"FDO_TC","down","GO:0051020",103,4,1,0.17768964108526
"FDO_TC","down","GO:0030145",31,2,0.141429111384739,0.141429111384739
"FDO_TC","down","GO:0005215",347,6,1,0.764665609078951
"FDO_TC","down","GO:0005216",113,2,1,0.702797188993465
"FDO_TC","down","GO:0005217",12,1,0.22886095836461,0.22886095836461
"FDO_TC","down","GO:0017171",39,1,1,0.571454985177525
"FDO_TC","down","GO:0030551",11,1,0.211955717991489,0.211955717991489
"FDO_TC","down","GO:0008514",70,1,1,0.782721653235938
"FDO_TC","down","GO:0030554",703,32,1,1.00184115049348e-05
"FDO_TC","down","GO:0044877",518,14,0.528565486042858,0.212226809160377
"FDO_TC","down","GO:0004888",98,1,0.882867585521367,0.882867585521367
"FDO_TC","down","GO:0140640",205,4,1,0.646756548782311
"FDO_TC","down","GO:0140359",14,1,0.26160271042659,0.26160271042659
"FDO_TC","down","GO:0008201",17,1,0.308154147506992,0.308154147506992
"FDO_TC","down","GO:0004721",67,1,1,0.767908454099332
"FDO_TC","down","GO:0004722",33,1,0.511532236325414,0.511532236325414
"FDO_TC","down","GO:0097159",1862,44,1,0.216804063517695
"FDO_TC","down","GO:0048018",21,1,0.365735852686777,0.365735852686777
"FDO_TC","down","GO:0051015",93,1,0.869163576396452,0.869163576396452
"FDO_TC","down","GO:0140297",114,1,1,0.917866889453275
"FDO_TC","down","GO:0061659",106,1,1,0.901899131526582
"FDO_TC","down","GO:0036094",1002,37,0.5334499147183,0.000185787893883051
"FDO_TC","down","GO:0008194",56,1,1,0.704535074203916
"FDO_TC","down","GO:0008028",20,1,0.351801029556525,0.351801029556525
"FDO_TC","down","GO:0003924",115,1,0.919672666950195,0.919672666950195
"FDO_TC","down","GO:0060589",149,2,1,0.835391179421689
"FDO_TC","down","GO:0051959",21,9,1.50029257952757e-10,1.50029257952757e-10
"FDO_TC","down","GO:0031406",42,1,1,0.598628962312645
"FDO_TC","down","GO:1901265",898,35,1,0.000101114942540268
"FDO_TC","down","GO:0019205",18,2,0.0554899516130623,0.0554899516130623
"FDO_TC","down","GO:0016462",320,17,1,0.000348864414824064
"FDO_TC","down","GO:1990837",239,4,1,0.761779941243512
"FDO_TC","down","GO:0042626",33,1,1,0.511532236325414
"FDO_TC","down","GO:0017111",310,17,1,0.000238632123617969
"FDO_TC","down","GO:0016298",25,1,1,0.418573381542517
"FDO_TC","down","GO:0008017",92,8,0.000689145223077064,0.000689145223077064
"FDO_TC","down","GO:0030234",325,5,0.439357675895809,0.836470803852849
"FDO_TC","down","GO:0043177",42,1,1,0.598628962312645
"FDO_TC","down","GO:0043178",32,2,0.244000509502101,0.14885470702512
"FDO_TC","down","GO:0046914",340,6,1,0.747013826539842
"FDO_TC","down","GO:0022853",77,1,1,0.813747447210066
"FDO_TC","down","GO:0015248",10,1,1,0.194684034546698
"FDO_TC","down","GO:0035639",782,30,1,0.000545840025198181
"FDO_TC","down","GO:0031491",12,2,0.0259980738871709,0.0259980738871709
"FDO_TC","down","GO:0099106",17,1,0.308154147506992,0.308154147506992
"FDO_TC","down","GO:0022857",314,6,1,0.673561614380715
"FDO_TC","down","GO:0060089",160,2,1,0.863794447699043
"FDO_TC","down","GO:0016791",91,1,1,0.863248233743379
"FDO_TC","down","GO:0005524",634,27,0.000211895906717862,0.000211895906717862
"FDO_TC","down","GO:0008047",151,2,1,0.840919625004945
"FDO_TC","down","GO:0031072",47,2,1,0.266289109318801
"FDO_TC","down","GO:0005525",165,3,0.693260980550737,0.693260980550737
"FDO_TC","down","GO:0005102",235,6,0.543681317408999,0.389026535443794
"FDO_TC","down","GO:0046943",56,1,1,0.704535074203916
"FDO_TC","down","GO:0016798",59,1,0.723344710237451,0.723344710237451
"FDO_TC","down","GO:0140326",12,1,0.22886095836461,0.22886095836461
"FDO_TC","down","GO:0005496",32,1,1,0.500769387295296
"FDO_TC","down","GO:0001228",68,1,0.772953922488477,0.772953922488477
"FDO_TC","down","GO:0015399",47,2,1,0.266289109318801
"FDO_TC","down","GO:0061629",68,1,1,0.772953922488477
"FDO_TC","down","GO:0015081",51,1,1,0.670335877673937
"FDO_TC","down","GO:0004527",24,1,1,0.405787054263728
"FDO_TC","down","GO:0005515",1731,49,1,0.00711658223218368
"FDO_TC","down","GO:0005516",76,4,0.0785924133874953,0.0785924133874953
"FDO_TC","down","GO:0004672",213,3,1,0.842823433284691
"FDO_TC","down","GO:0003690",256,4,1,0.807503475393896
"FDO_TC","down","GO:0008375",23,1,0.392722696191246,0.392722696191246
"FDO_TC","down","GO:0020037",30,1,0.478535184435172,0.478535184435172
"FDO_TC","down","GO:0015085",49,2,1,0.282287511428866
"FDO_TC","down","GO:0004674",168,3,0.705028526490587,0.705028526490587
"FDO_TC","down","GO:0004842",139,1,1,0.952963528828454
"FDO_TC","down","GO:0005200",50,4,0.0213508451332016,0.0213508451332016
"FDO_TC","down","GO:0001216",69,1,1,0.777890886181081
"FDO_TC","down","GO:0140318",11,1,0.211955717991489,0.211955717991489
"FDO_TC","down","GO:0031369",18,1,0.323016747265458,0.323016747265458
"FDO_TC","down","GO:0015103",33,1,1,0.511532236325414
"FDO_TC","down","GO:0042802",423,9,0.473471501214112,0.559707210099631
"FDO_TC","down","GO:0043565",271,5,0.505372989241284,0.698281026987358
"FDO_TC","down","GO:0042803",168,3,0.705028526490587,0.705028526490587
"FDO_TC","down","GO:0005543",141,4,0.344773734274918,0.356555844321667
"FDO_TC","down","GO:0000149",36,1,1,0.542462814368404
"FDO_TC","down","GO:0004620",20,1,0.351801029556525,0.351801029556525
"FDO_TC","down","GO:0005198",205,4,1,0.646756548782311
"FDO_TC","down","GO:0004518",51,1,1,0.670335877673937
"FDO_TC","down","GO:0015108",25,1,0.418573381542517,0.418573381542517
"FDO_TC","down","GO:0001664",33,1,0.511532236325414,0.511532236325414
"FDO_TC","down","GO:0032934",26,1,1,0.431087530615278
"FDO_TC","down","GO:0008324",177,3,1,0.738295354136614
"FDO_TC","down","GO:0005547",11,1,0.211955717991489,0.211955717991489
"FDO_TC","down","GO:0015075",200,3,1,0.810031229631667
"FDO_TC","down","GO:0005548",21,1,1,0.365735852686777
"FDO_TC","down","GO:0030544",24,2,0.092242460524173,0.092242460524173
"FDO_TC","down","GO:0030545",23,1,1,0.392722696191246
"FDO_TC","down","GO:0030546",23,1,1,0.392722696191246
"FDO_TC","down","GO:0001067",231,4,1,0.737587815892885
"FDO_TC","down","GO:0008509",29,1,1,0.467053621837447
"FDO_TC","down","GO:0034185",13,1,0.245407445699866,0.245407445699866
"FDO_TC","down","GO:0070403",12,3,0.00181283115684044,0.00181283115684044
"FDO_TC","down","GO:0004197",33,1,0.511532236325414,0.511532236325414
"FDO_TC","down","GO:0022829",11,1,0.211955717991489,0.211955717991489
"FDO_TC","down","GO:0003774",60,11,1,3.38249387638593e-08
"FDO_TC","down","GO:0016763",27,5,0.117243512865088,0.000223466351306731
"FDO_TC","down","GO:0008186",57,2,1,0.345781378264711
"FDO_TC","down","GO:0016597",17,1,0.308154147506992,0.308154147506992
"FDO_TC","down","GO:0003777",40,11,0.066634794874545,3.23785644858709e-10
"FDO_TC","down","GO:0005539",25,1,1,0.418573381542517
"FDO_TC","down","GO:0061630",99,1,0.885432940447373,0.885432940447373
"FDO_TC","down","GO:0003779",158,1,1,0.969277657779153
"FDO_TC","down","GO:0019899",532,10,0.6149243344091,0.718288938974539
"FDO_TC","down","GO:0051287",37,4,0.408863254986798,0.00755360009875114
"FDO_TC","down","GO:0120013",20,1,1,0.351801029556525
"FDO_TC","down","GO:0140096",811,19,0.231829892930507,0.369440379678524
"FDO_TC","down","GO:0032561",173,3,1,0.723884564934314
"FDO_TC","down","GO:0042910",11,1,0.211955717991489,0.211955717991489
"FDO_TC","down","GO:0120015",10,1,0.194684034546698,0.194684034546698
"FDO_TC","down","GO:0140098",137,2,1,0.798496789785387
"FDO_TC","down","GO:0035091",84,2,0.490304979942149,0.541267417943986
"FDO_TC","down","GO:0140110",358,9,1,0.357229105845491
"FDO_TC","down","GO:0003723",577,6,0.993869045530658,0.989157156436999
"FDO_TC","down","GO:0003724",57,2,0.345781378264711,0.345781378264711
"FDO_TC","down","GO:0003725",27,2,0.112647288702751,0.112647288702751
"FDO_TC","down","GO:0070840",14,3,0.00290774687609027,0.00290774687609027
"FDO_TC","down","GO:0016755",151,2,0.0848657575268991,0.840919625004945
"FDO_TC","down","GO:0003727",37,2,0.187022496576346,0.187022496576346
"FDO_TC","down","GO:0016757",109,7,1,0.00825787622956449
"FDO_TC","down","GO:0003729",143,1,0.956990600643979,0.956990600643979
"FDO_TC","down","GO:0016758",81,2,1,0.52152321685619
"FDO_TC","down","GO:0019001",173,3,1,0.723884564934314
"FDO_TC","down","GO:0046906",33,1,1,0.511532236325414
"FDO_TC","down","GO:0015291",98,1,1,0.882867585521367
"FDO_TC","down","GO:0017076",854,35,1,3.37614239336332e-05
"FDO_TC","down","GO:0046872",1317,34,0.271781055966411,0.112420874507415
"FDO_TC","down","GO:0008289",224,4,1,0.714974483830026
"FDO_TC","down","GO:0015293",51,1,1,0.670335877673937
"FDO_TC","down","GO:0046873",126,3,1,0.509753268665999
"FDO_TC","down","GO:0045504",10,2,0.0182242395641539,0.0182242395641539
"FDO_TC","down","GO:0015294",36,1,1,0.542462814368404
"FDO_TC","down","GO:0032553",811,31,1,0.000449432004943929
"FDO_TC","down","GO:0045505",28,10,1.16549318782582e-10,1.16549318782582e-10
"FDO_TC","down","GO:0004386",90,4,0.154199020622549,0.12564713546987
"FDO_TC","down","GO:0003712",153,5,1,0.228646012361534
"FDO_TC","down","GO:0032555",805,31,1,0.000392425363722541
"FDO_TC","down","GO:0003713",84,2,0.541267417943986,0.541267417943986
"FDO_TC","down","GO:0003714",59,3,0.1312953912114,0.1312953912114
"FDO_TC","down","GO:0051117",25,1,0.418573381542517,0.418573381542517
"FDO_TC","down","GO:0008270",264,4,0.826462486437667,0.826462486437667
"FDO_TC","down","GO:0072349",13,1,0.245407445699866,0.245407445699866
"FDO_TC","down","GO:0032559",653,28,0.288133244117897,0.000136425718142688
"FDO_TC","down","GO:0008092",339,15,1,0.00497714235330688
"FDO_TC","down","GO:0016787",807,29,0.0475084539625004,0.00205969583425549
"FDO_TC","down","GO:0106310",154,3,0.647178434511626,0.647178434511626
"FDO_TC","down","GO:0017022",28,1,0.455322097789843,0.455322097789843
"FDO_TC","down","GO:0016788",196,3,1,0.798862542683884
"FDO_TC","down","GO:0003824",1847,47,1,0.0683082268375603
"FDO_TC","down","GO:0070628",14,2,0.0348690042524455,0.0348690042524455
"FDO_TC","down","GO:0022834",32,1,1,0.500769387295296
"FDO_TC","down","GO:0005488",3560,81,1,0.103290678172422
"FDO_TC","down","GO:0044325",36,1,0.542462814368404,0.542462814368404
"FDO_TC","down","GO:0022836",67,1,1,0.767908454099332
"FDO_TC","down","GO:0015631",131,13,0.000945502047128935,3.05902439788947e-06
"FDO_TC","down","GO:0022839",66,1,1,0.762752123367652
"FDO_TC","down","GO:0015453",14,1,0.26160271042659,0.26160271042659
"FDO_TC","down","GO:0031267",96,4,0.148786188735841,0.148786188735841
"FDO_TC","down","GO:0016772",320,9,1,0.243521498435219
"FDO_TC","down","GO:0005261",92,2,1,0.591157561861812
"FDO_TC","down","GO:0016773",247,3,1,0.906621827132049
"FDO_TC","down","GO:1901681",40,1,1,0.580709279517545
"FDO_TC","down","GO:0005262",41,2,0.486761279255941,0.218445281759146
"FDO_TC","down","GO:1901682",15,1,0.277454126645316,0.277454126645316
"FDO_TC","down","GO:0015370",23,1,1,0.392722696191246
"FDO_TC","down","GO:0003682",152,3,0.95117676144047,0.638304757741418
"FDO_TC","down","GO:0016776",13,2,0.0303031103415376,0.0303031103415376
"FDO_TC","down","GO:0140303",18,1,1,0.323016747265458
"FDO_TC","down","GO:0005509",221,10,0.018647857496291,0.018647857496291
"FDO_TC","down","GO:0016881",10,4,3.7344356051396e-05,3.7344356051396e-05
"FDO_TC","down","GO:0003684",15,1,0.277454126645316,0.277454126645316
"FDO_TC","down","GO:0016779",53,4,0.0258699146174652,0.0258699146174652
"FDO_TC","down","GO:0099604",10,1,0.194684034546698,0.194684034546698
"FDO_TC","down","GO:0016887",199,16,3.36516603274844e-06,3.36516603274844e-06
"FDO_TC","down","GO:0019787",147,1,1,0.960676356425113
"FDO_TC","down","GO:0015485",19,1,0.337563494844878,0.337563494844878
"FDO_TC","down","GO:0008569",18,9,2.61583255422352e-11,2.61583255422352e-11
"FDO_TC","down","GO:0038023",160,2,0.74535796212744,0.863794447699043
"FDO_TC","down","GO:0016301",263,5,1,0.672414157392578
"FDO_TC","down","GO:0043021",68,1,0.772953922488477,0.772953922488477
"FDO_TC","down","GO:0038024",19,1,0.337563494844878,0.337563494844878
"FDO_TC","down","GO:0005319",45,1,1,0.624097582691292
"FDO_TC","down","GO:0003674",4253,91,1,1
"FDO_TC","down","GO:0003676",1051,13,0.710358154927833,0.995148123601811
"FDO_TC","down","GO:0016874",67,5,1,0.0136665242728622
"FDO_TC","down","GO:0003677",497,8,0.941355458050691,0.850697227010951
"FDO_TC","down","GO:0140657",277,20,0.525405023442747,9.21191463564254e-07
"FDO_TC","down","GO:0016877",12,1,0.22886095836461,0.22886095836461
"FDO_TC","down","GO:0005342",56,1,1,0.704535074203916
"FDO_TC","down","GO:0016247",18,1,1,0.323016747265458
"FDO_TC","down","GO:0005343",18,1,1,0.323016747265458
"FDO_TC","down","GO:0016879",18,4,1,0.0004771187968024
"FDO_TC","down","GO:0004252",33,1,0.511532236325414,0.511532236325414
"FDO_TC","down","GO:0008134",152,1,1,0.964846968502835
"FDO_TC","down","GO:0015267",132,3,1,0.541476855640927
"FDO_TC","down","GO:0005283",16,1,0.292968915336981,0.292968915336981
"FDO_TC","down","GO:0097367",859,32,1,0.000559184876430478
"FDO_TC","down","GO:0019900",188,1,1,0.984382713172979
"FDO_TC","down","GO:0099094",28,1,1,0.455322097789843
"FDO_TC","down","GO:0022803",132,3,1,0.541476855640927
"FDO_TC","down","GO:0019901",168,1,0.975467188917782,0.975467188917782
"FDO_TC","down","GO:0005416",18,1,1,0.323016747265458
"FDO_TC","down","GO:0022804",146,3,1,0.610780475403422
"FDO_TC","down","GO:0019902",61,1,1,0.735221411308268
"FDO_TC","down","GO:0019903",45,1,0.624097582691292,0.624097582691292
"FDO_TC","down","GO:0019904",169,3,0.708875176345799,0.708875176345799
"FDO_TC","down","GO:0004175",109,2,1,0.683653198292217
"FDO_TC","down","GO:0051059",10,1,0.194684034546698,0.194684034546698
"FDO_TC","down","GO:0000049",23,0,1,1
"FDO_TC","down","GO:0000146",19,0,1,1
"FDO_TC","down","GO:0000287",71,0,1,1
"FDO_TC","down","GO:0000993",15,0,1,1
"FDO_TC","down","GO:0001098",24,0,1,1
"FDO_TC","down","GO:0001099",24,0,1,1
"FDO_TC","down","GO:0001217",24,0,1,1
"FDO_TC","down","GO:0001221",29,0,1,1
"FDO_TC","down","GO:0001222",13,0,1,1
"FDO_TC","down","GO:0001223",10,0,1,1
"FDO_TC","down","GO:0001227",23,0,1,1
"FDO_TC","down","GO:0001671",11,0,1,1
"FDO_TC","down","GO:0001727",15,0,1,1
"FDO_TC","down","GO:0001786",21,0,1,1
"FDO_TC","down","GO:0001965",14,0,1,1
"FDO_TC","down","GO:0002020",29,0,1,1
"FDO_TC","down","GO:0002039",20,0,1,1
"FDO_TC","down","GO:0003697",21,0,1,1
"FDO_TC","down","GO:0003730",35,0,1,1
"FDO_TC","down","GO:0003735",96,0,1,1
"FDO_TC","down","GO:0003743",35,0,1,1
"FDO_TC","down","GO:0003746",13,0,1,1
"FDO_TC","down","GO:0003755",18,0,1,1
"FDO_TC","down","GO:0003756",10,0,1,1
"FDO_TC","down","GO:0003823",12,0,1,1
"FDO_TC","down","GO:0003925",13,0,1,1
"FDO_TC","down","GO:0004180",15,0,1,1
"FDO_TC","down","GO:0004222",34,0,1,1
"FDO_TC","down","GO:0004402",21,0,1,1
"FDO_TC","down","GO:0004438",10,0,1,1
"FDO_TC","down","GO:0004497",23,0,1,1
"FDO_TC","down","GO:0004519",29,0,1,1
"FDO_TC","down","GO:0004520",11,0,1,1
"FDO_TC","down","GO:0004521",18,0,1,1
"FDO_TC","down","GO:0004532",13,0,1,1
"FDO_TC","down","GO:0004536",14,0,1,1
"FDO_TC","down","GO:0004540",31,0,1,1
"FDO_TC","down","GO:0004553",40,0,1,1
"FDO_TC","down","GO:0004601",19,0,1,1
"FDO_TC","down","GO:0004653",11,0,1,1
"FDO_TC","down","GO:0004709",11,0,1,1
"FDO_TC","down","GO:0004712",16,0,1,1
"FDO_TC","down","GO:0004713",57,0,1,1
"FDO_TC","down","GO:0004714",16,0,1,1
"FDO_TC","down","GO:0004715",15,0,1,1
"FDO_TC","down","GO:0004725",32,0,1,1
"FDO_TC","down","GO:0004812",20,0,1,1
"FDO_TC","down","GO:0004843",36,0,1,1
"FDO_TC","down","GO:0004857",65,0,1,1
"FDO_TC","down","GO:0004860",12,0,1,1
"FDO_TC","down","GO:0004864",10,0,1,1
"FDO_TC","down","GO:0004866",25,0,1,1
"FDO_TC","down","GO:0004867",12,0,1,1
"FDO_TC","down","GO:0004879",19,0,1,1
"FDO_TC","down","GO:0004930",27,0,1,1
"FDO_TC","down","GO:0005048",18,0,1,1
"FDO_TC","down","GO:0005080",10,0,1,1
"FDO_TC","down","GO:0005085",73,0,1,1
"FDO_TC","down","GO:0005126",32,0,1,1
"FDO_TC","down","GO:0005154",11,0,1,1
"FDO_TC","down","GO:0005158",10,0,1,1
"FDO_TC","down","GO:0005178",25,0,1,1
"FDO_TC","down","GO:0005201",20,0,1,1
"FDO_TC","down","GO:0005230",13,0,1,1
"FDO_TC","down","GO:0005244",30,0,1,1
"FDO_TC","down","GO:0005249",17,0,1,1
"FDO_TC","down","GO:0005253",15,0,1,1
"FDO_TC","down","GO:0005254",13,0,1,1
"FDO_TC","down","GO:0005267",23,0,1,1
"FDO_TC","down","GO:0005272",17,0,1,1
"FDO_TC","down","GO:0005295",10,0,1,1
"FDO_TC","down","GO:0005385",11,0,1,1
"FDO_TC","down","GO:0005484",15,0,1,1
"FDO_TC","down","GO:0005506",41,0,1,1
"FDO_TC","down","GO:0005507",13,0,1,1
"FDO_TC","down","GO:0005518",18,0,1,1
"FDO_TC","down","GO:0005544",22,0,1,1
"FDO_TC","down","GO:0005546",22,0,1,1
"FDO_TC","down","GO:0008013",16,0,1,1
"FDO_TC","down","GO:0008080",28,0,1,1
"FDO_TC","down","GO:0008093",14,0,1,1
"FDO_TC","down","GO:0008094",33,0,1,1
"FDO_TC","down","GO:0008135",50,0,1,1
"FDO_TC","down","GO:0008139",10,0,1,1
"FDO_TC","down","GO:0008146",13,0,1,1
"FDO_TC","down","GO:0008168",59,0,1,1
"FDO_TC","down","GO:0008170",36,0,1,1
"FDO_TC","down","GO:0008171",10,0,1,1
"FDO_TC","down","GO:0008173",13,0,1,1
"FDO_TC","down","GO:0008187",10,0,1,1
"FDO_TC","down","GO:0008276",38,0,1,1
"FDO_TC","down","GO:0008307",10,0,1,1
"FDO_TC","down","GO:0008374",11,0,1,1
"FDO_TC","down","GO:0008376",14,0,1,1
"FDO_TC","down","GO:0008378",17,0,1,1
"FDO_TC","down","GO:0008483",11,0,1,1
"FDO_TC","down","GO:0008757",50,0,1,1
"FDO_TC","down","GO:0009055",25,0,1,1
"FDO_TC","down","GO:0015026",12,0,1,1
"FDO_TC","down","GO:0015035",15,0,1,1
"FDO_TC","down","GO:0015036",16,0,1,1
"FDO_TC","down","GO:0015078",42,0,1,1
"FDO_TC","down","GO:0015079",34,0,1,1
"FDO_TC","down","GO:0015175",21,0,1,1
"FDO_TC","down","GO:0015179",28,0,1,1
"FDO_TC","down","GO:0015187",11,0,1,1
"FDO_TC","down","GO:0015297",42,0,1,1
"FDO_TC","down","GO:0015375",10,0,1,1
"FDO_TC","down","GO:0015932",14,0,1,1
"FDO_TC","down","GO:0016209",28,0,1,1
"FDO_TC","down","GO:0016251",10,0,1,1
"FDO_TC","down","GO:0016278",29,0,1,1
"FDO_TC","down","GO:0016279",29,0,1,1
"FDO_TC","down","GO:0016407",33,0,1,1
"FDO_TC","down","GO:0016410",32,0,1,1
"FDO_TC","down","GO:0016504",15,0,1,1
"FDO_TC","down","GO:0016538",11,0,1,1
"FDO_TC","down","GO:0016614",36,0,1,1
"FDO_TC","down","GO:0016616",31,0,1,1
"FDO_TC","down","GO:0016620",14,0,1,1
"FDO_TC","down","GO:0016651",21,0,1,1
"FDO_TC","down","GO:0016667",25,0,1,1
"FDO_TC","down","GO:0016684",20,0,1,1
"FDO_TC","down","GO:0016705",49,0,1,1
"FDO_TC","down","GO:0016706",24,0,1,1
"FDO_TC","down","GO:0016716",10,0,1,1
"FDO_TC","down","GO:0016741",64,0,1,1
"FDO_TC","down","GO:0016747",61,0,1,1
"FDO_TC","down","GO:0016765",11,0,1,1
"FDO_TC","down","GO:0016769",11,0,1,1
"FDO_TC","down","GO:0016782",17,0,1,1
"FDO_TC","down","GO:0016796",16,0,1,1
"FDO_TC","down","GO:0016799",16,0,1,1
"FDO_TC","down","GO:0016811",18,0,1,1
"FDO_TC","down","GO:0016829",63,0,1,1
"FDO_TC","down","GO:0016830",17,0,1,1
"FDO_TC","down","GO:0016831",12,0,1,1
"FDO_TC","down","GO:0016835",27,0,1,1
"FDO_TC","down","GO:0016836",23,0,1,1
"FDO_TC","down","GO:0016853",60,0,1,1
"FDO_TC","down","GO:0016859",18,0,1,1
"FDO_TC","down","GO:0016860",16,0,1,1
"FDO_TC","down","GO:0016864",10,0,1,1
"FDO_TC","down","GO:0016875",20,0,1,1
"FDO_TC","down","GO:0016896",13,0,1,1
"FDO_TC","down","GO:0016903",15,0,1,1
"FDO_TC","down","GO:0016922",28,0,1,1
"FDO_TC","down","GO:0017018",27,0,1,1
"FDO_TC","down","GO:0017025",14,0,1,1
"FDO_TC","down","GO:0017069",21,0,1,1
"FDO_TC","down","GO:0017124",37,0,1,1
"FDO_TC","down","GO:0017134",10,0,1,1
"FDO_TC","down","GO:0017147",10,0,1,1
"FDO_TC","down","GO:0019003",20,0,1,1
"FDO_TC","down","GO:0019199",20,0,1,1
"FDO_TC","down","GO:0019207",64,0,1,1
"FDO_TC","down","GO:0019208",29,0,1,1
"FDO_TC","down","GO:0019209",32,0,1,1
"FDO_TC","down","GO:0019210",12,0,1,1
"FDO_TC","down","GO:0019212",10,0,1,1
"FDO_TC","down","GO:0019783",42,0,1,1
"FDO_TC","down","GO:0019829",20,0,1,1
"FDO_TC","down","GO:0019838",21,0,1,1
"FDO_TC","down","GO:0019842",50,0,1,1
"FDO_TC","down","GO:0019843",30,0,1,1
"FDO_TC","down","GO:0019887",55,0,1,1
"FDO_TC","down","GO:0019888",27,0,1,1
"FDO_TC","down","GO:0019894",10,0,1,1
"FDO_TC","down","GO:0019955",11,0,1,1
"FDO_TC","down","GO:0022824",13,0,1,1
"FDO_TC","down","GO:0022832",31,0,1,1
"FDO_TC","down","GO:0022835",13,0,1,1
"FDO_TC","down","GO:0022843",24,0,1,1
"FDO_TC","down","GO:0030159",10,0,1,1
"FDO_TC","down","GO:0030165",22,0,1,1
"FDO_TC","down","GO:0030170",21,0,1,1
"FDO_TC","down","GO:0030246",79,0,1,1
"FDO_TC","down","GO:0030247",10,0,1,1
"FDO_TC","down","GO:0030276",26,0,1,1
"FDO_TC","down","GO:0030295",30,0,1,1
"FDO_TC","down","GO:0030331",11,0,1,1
"FDO_TC","down","GO:0030332",10,0,1,1
"FDO_TC","down","GO:0030371",11,0,1,1
"FDO_TC","down","GO:0030374",18,0,1,1
"FDO_TC","down","GO:0030414",25,0,1,1
"FDO_TC","down","GO:0030507",11,0,1,1
"FDO_TC","down","GO:0030515",13,0,1,1
"FDO_TC","down","GO:0030594",20,0,1,1
"FDO_TC","down","GO:0030674",148,0,1,1
"FDO_TC","down","GO:0030971",26,0,1,1
"FDO_TC","down","GO:0031418",11,0,1,1
"FDO_TC","down","GO:0031490",16,0,1,1
"FDO_TC","down","GO:0031593",17,0,1,1
"FDO_TC","down","GO:0031625",88,0,1,1
"FDO_TC","down","GO:0032182",39,0,1,1
"FDO_TC","down","GO:0032266",18,0,1,1
"FDO_TC","down","GO:0032813",11,0,1,1
"FDO_TC","down","GO:0033218",77,0,1,1
"FDO_TC","down","GO:0034212",23,0,1,1
"FDO_TC","down","GO:0035064",32,0,1,1
"FDO_TC","down","GO:0035250",13,0,1,1
"FDO_TC","down","GO:0035254",15,0,1,1
"FDO_TC","down","GO:0035255",10,0,1,1
"FDO_TC","down","GO:0035591",31,0,1,1
"FDO_TC","down","GO:0036002",12,0,1,1
"FDO_TC","down","GO:0042054",32,0,1,1
"FDO_TC","down","GO:0042162",10,0,1,1
"FDO_TC","down","GO:0042169",11,0,1,1
"FDO_TC","down","GO:0042277",58,0,1,1
"FDO_TC","down","GO:0042393",88,0,1,1
"FDO_TC","down","GO:0042562",12,0,1,1
"FDO_TC","down","GO:0042625",13,0,1,1
"FDO_TC","down","GO:0042799",16,0,1,1
"FDO_TC","down","GO:0042805",10,0,1,1
"FDO_TC","down","GO:0042826",16,0,1,1
"FDO_TC","down","GO:0042887",13,0,1,1
"FDO_TC","down","GO:0043014",16,0,1,1
"FDO_TC","down","GO:0043022",38,0,1,1
"FDO_TC","down","GO:0043028",13,0,1,1
"FDO_TC","down","GO:0043130",35,0,1,1
"FDO_TC","down","GO:0043175",16,0,1,1
"FDO_TC","down","GO:0043495",11,0,1,1
"FDO_TC","down","GO:0043539",19,0,1,1
"FDO_TC","down","GO:0044183",30,0,1,1
"FDO_TC","down","GO:0044389",95,0,1,1
"FDO_TC","down","GO:0044769",13,0,1,1
"FDO_TC","down","GO:0045182",70,0,1,1
"FDO_TC","down","GO:0045296",48,0,1,1
"FDO_TC","down","GO:0045309",17,0,1,1
"FDO_TC","down","GO:0046332",22,0,1,1
"FDO_TC","down","GO:0046875",11,0,1,1
"FDO_TC","down","GO:0046915",16,0,1,1
"FDO_TC","down","GO:0046961",13,0,1,1
"FDO_TC","down","GO:0046982",63,0,1,1
"FDO_TC","down","GO:0048027",12,0,1,1
"FDO_TC","down","GO:0048029",30,0,1,1
"FDO_TC","down","GO:0048306",16,0,1,1
"FDO_TC","down","GO:0048487",16,0,1,1
"FDO_TC","down","GO:0050660",33,0,1,1
"FDO_TC","down","GO:0050661",20,0,1,1
"FDO_TC","down","GO:0050839",89,0,1,1
"FDO_TC","down","GO:0050840",12,0,1,1
"FDO_TC","down","GO:0051010",10,0,1,1
"FDO_TC","down","GO:0051018",15,0,1,1
"FDO_TC","down","GO:0051019",13,0,1,1
"FDO_TC","down","GO:0051082",43,0,1,1
"FDO_TC","down","GO:0051213",32,0,1,1
"FDO_TC","down","GO:0051219",29,0,1,1
"FDO_TC","down","GO:0051536",31,0,1,1
"FDO_TC","down","GO:0051537",13,0,1,1
"FDO_TC","down","GO:0051539",17,0,1,1
"FDO_TC","down","GO:0051540",31,0,1,1
"FDO_TC","down","GO:0051721",12,0,1,1
"FDO_TC","down","GO:0051879",15,0,1,1
"FDO_TC","down","GO:0052689",26,0,1,1
"FDO_TC","down","GO:0052742",10,0,1,1
"FDO_TC","down","GO:0052744",10,0,1,1
"FDO_TC","down","GO:0052866",14,0,1,1
"FDO_TC","down","GO:0055106",10,0,1,1
"FDO_TC","down","GO:0060090",179,0,1,1
"FDO_TC","down","GO:0060590",15,0,1,1
"FDO_TC","down","GO:0061134",41,0,1,1
"FDO_TC","down","GO:0061135",29,0,1,1
"FDO_TC","down","GO:0061631",19,0,1,1
"FDO_TC","down","GO:0061650",21,0,1,1
"FDO_TC","down","GO:0061733",21,0,1,1
"FDO_TC","down","GO:0061980",10,0,1,1
"FDO_TC","down","GO:0070063",27,0,1,1
"FDO_TC","down","GO:0070279",21,0,1,1
"FDO_TC","down","GO:0070566",11,0,1,1
"FDO_TC","down","GO:0070577",12,0,1,1
"FDO_TC","down","GO:0070717",12,0,1,1
"FDO_TC","down","GO:0070851",23,0,1,1
"FDO_TC","down","GO:0071949",15,0,1,1
"FDO_TC","down","GO:0072341",27,0,1,1
"FDO_TC","down","GO:0090079",60,0,1,1
"FDO_TC","down","GO:0097110",23,0,1,1
"FDO_TC","down","GO:0097602",10,0,1,1
"FDO_TC","down","GO:0098531",19,0,1,1
"FDO_TC","down","GO:0098960",15,0,1,1
"FDO_TC","down","GO:0099529",12,0,1,1
"FDO_TC","down","GO:0101005",38,0,1,1
"FDO_TC","down","GO:0140030",69,0,1,1
"FDO_TC","down","GO:0140033",12,0,1,1
"FDO_TC","down","GO:0140034",34,0,1,1
"FDO_TC","down","GO:0140097",65,0,1,1
"FDO_TC","down","GO:0140101",35,0,1,1
"FDO_TC","down","GO:0140103",16,0,1,1
"FDO_TC","down","GO:0140104",28,0,1,1
"FDO_TC","down","GO:0140142",14,0,1,1
"FDO_TC","down","GO:0140223",12,0,1,1
"FDO_TC","down","GO:0140296",23,0,1,1
"FDO_TC","down","GO:0140313",10,0,1,1
"FDO_TC","down","GO:0140463",12,0,1,1
"FDO_TC","down","GO:0140658",19,0,1,1
"FDO_TC","down","GO:0140662",20,0,1,1
"FDO_TC","down","GO:0140767",27,0,1,1
"FDO_TC","down","GO:0140828",16,0,1,1
"FDO_TC","down","GO:0140938",16,0,1,1
"FDO_TC","down","GO:0140939",17,0,1,1
"FDO_TC","down","GO:0140944",15,0,1,1
"FDO_TC","down","GO:0140993",85,0,1,1
"FDO_TC","down","GO:1901505",13,0,1,1
"FDO_TC","down","GO:1902936",28,0,1,1
"FDO_TC","down","GO:1904315",12,0,1,1
"FDO_TC","down","GO:1990756",23,0,1,1
"FDO_TC","down","GO:1990782",30,0,1,1
"FDO_TC","down","GO:1990841",22,0,1,1
"GOA_TC","up","GO:0120020",10,1,0.213113048498335,0.213113048498335
"GOA_TC","up","GO:0003730",40,4,0.0141770394380098,0.0141770394380098
"GOA_TC","up","GO:0016684",28,7,1,2.78039020881342e-06
"GOA_TC","up","GO:0019001",226,5,1,0.625320715768633
"GOA_TC","up","GO:0015248",12,1,1,0.249980390846502
"GOA_TC","up","GO:0004721",90,1,0.886108685758715,0.886108685758715
"GOA_TC","up","GO:0003735",119,1,0.943868391461524,0.943868391461524
"GOA_TC","up","GO:0016278",29,1,1,0.501534364923354
"GOA_TC","up","GO:0016279",29,1,0.501534364923354,0.501534364923354
"GOA_TC","up","GO:0140101",58,1,0.752427199182451,0.752427199182451
"GOA_TC","up","GO:0044389",118,2,1,0.77443929140528
"GOA_TC","up","GO:0008134",187,3,1,0.825884847664388
"GOA_TC","up","GO:0008135",54,5,1,0.00860417774466771
"GOA_TC","up","GO:0140104",32,2,0.174592482027867,0.174592482027867
"GOA_TC","up","GO:0035639",1045,29,1,0.196024268939816
"GOA_TC","up","GO:0042277",70,1,1,0.814870557002505
"GOA_TC","up","GO:0003682",201,3,0.861187456007953,0.861187456007953
"GOA_TC","up","GO:0003684",29,1,0.501534364923354,0.501534364923354
"GOA_TC","up","GO:0016301",334,5,1,0.904365243869719
"GOA_TC","up","GO:0120013",26,2,1,0.12506929820683
"GOA_TC","up","GO:0060089",244,2,1,0.981706169072453
"GOA_TC","up","GO:0120014",12,1,0.249980390846502,0.249980390846502
"GOA_TC","up","GO:0051287",50,5,0.00389939700401977,0.00621393101970945
"GOA_TC","up","GO:0120015",12,1,1,0.249980390846502
"GOA_TC","up","GO:0001067",284,6,1,0.671054124901006
"GOA_TC","up","GO:0050660",49,1,0.692251834270873,0.692251834270873
"GOA_TC","up","GO:0050661",30,3,0.033023073357337,0.033023073357337
"GOA_TC","up","GO:0004713",67,1,0.800906151583129,0.800906151583129
"GOA_TC","up","GO:0034185",17,2,0.0599535238554746,0.0599535238554746
"GOA_TC","up","GO:0032934",35,1,1,0.568598329893707
"GOA_TC","up","GO:0046906",62,3,1,0.180577481290676
"GOA_TC","up","GO:0015631",174,3,1,0.786580547825502
"GOA_TC","up","GO:0097159",2469,62,1,0.293558451920718
"GOA_TC","up","GO:0140030",84,4,1,0.137089289532855
"GOA_TC","up","GO:0016620",18,3,0.0081507656393051,0.0081507656393051
"GOA_TC","up","GO:0140767",42,1,1,0.635594834704758
"GOA_TC","up","GO:0005283",20,1,0.381072814306502,0.381072814306502
"GOA_TC","up","GO:0015171",39,1,1,0.608250118613581
"GOA_TC","up","GO:0140033",13,2,1,0.0365548214053166
"GOA_TC","up","GO:0140034",37,1,1,0.588898476521864
"GOA_TC","up","GO:0035064",35,1,0.568598329893707,0.568598329893707
"GOA_TC","up","GO:0000981",239,4,0.887182384678618,0.824576601528844
"GOA_TC","up","GO:0015175",26,1,0.464219686201753,0.464219686201753
"GOA_TC","up","GO:0003674",5705,135,1,1
"GOA_TC","up","GO:0140359",23,2,0.173680167980374,0.101843998213116
"GOA_TC","up","GO:0016705",69,1,0.810327296721709,0.810327296721709
"GOA_TC","up","GO:0036094",1344,38,1,0.122228328506456
"GOA_TC","up","GO:0016627",23,1,0.424133884443126,0.424133884443126
"GOA_TC","up","GO:0005198",276,5,0.330565994029711,0.790007411384402
"GOA_TC","up","GO:0003676",1350,30,1,0.687224949265799
"GOA_TC","up","GO:0003677",667,13,0.989073404031447,0.811614107823134
"GOA_TC","up","GO:0015179",35,1,0.568598329893707,0.568598329893707
"GOA_TC","up","GO:0003678",20,1,0.381072814306502,0.381072814306502
"GOA_TC","up","GO:0000987",226,5,1,0.625320715768633
"GOA_TC","up","GO:0042625",13,1,1,0.2677658549666
"GOA_TC","up","GO:0042626",42,5,1,0.0029004763879931
"GOA_TC","up","GO:0042162",14,1,0.285132617015003,0.285132617015003
"GOA_TC","up","GO:0070279",32,1,1,0.536268156806203
"GOA_TC","up","GO:0008013",29,1,0.501534364923354,0.501534364923354
"GOA_TC","up","GO:0003700",264,4,1,0.878491517952956
"GOA_TC","up","GO:0016614",71,5,1,0.0257946661661082
"GOA_TC","up","GO:0008017",126,3,0.763423695106003,0.577767112041688
"GOA_TC","up","GO:0016616",66,5,0.0419950556806878,0.0194304909364054
"GOA_TC","up","GO:1901265",1211,35,1,0.108287593304934
"GOA_TC","up","GO:0052744",13,2,1,0.0365548214053166
"GOA_TC","up","GO:0000976",283,6,0.398660014682557,0.667693218824652
"GOA_TC","up","GO:0000977",255,5,1,0.728844394807143
"GOA_TC","up","GO:0000978",219,5,0.597162201347472,0.597162201347472
"GOA_TC","up","GO:0140297",145,3,0.672987056059169,0.672987056059169
"GOA_TC","up","GO:0016491",345,27,0.27186114119434,2.1376912015179e-08
"GOA_TC","up","GO:0030371",13,1,0.2677658549666,0.2677658549666
"GOA_TC","up","GO:0019199",27,1,0.476956143740538,0.476956143740538
"GOA_TC","up","GO:0001530",12,1,0.249980390846502,0.249980390846502
"GOA_TC","up","GO:0050997",18,1,1,0.350604974009301
"GOA_TC","up","GO:0000146",17,2,0.0599535238554746,0.0599535238554746
"GOA_TC","up","GO:0008509",37,1,0.588898476521864,0.588898476521864
"GOA_TC","up","GO:0048029",31,2,0.394023654469905,0.166117748538307
"GOA_TC","up","GO:0031406",54,1,0.727279101348255,0.727279101348255
"GOA_TC","up","GO:0000149",42,1,1,0.635594834704758
"GOA_TC","up","GO:0005215",430,17,1,0.0242980283467362
"GOA_TC","up","GO:0140326",14,1,0.285132617015003,0.285132617015003
"GOA_TC","up","GO:0016891",11,1,0.231766207137971,0.231766207137971
"GOA_TC","up","GO:0005216",133,3,1,0.614755356329942
"GOA_TC","up","GO:0015081",73,1,1,0.827862248871543
"GOA_TC","up","GO:0016893",15,1,1,0.302090462156977
"GOA_TC","up","GO:0030695",170,2,1,0.915866414944651
"GOA_TC","up","GO:0004672",267,5,1,0.765207578593253
"GOA_TC","up","GO:0015085",66,1,0.796022854065637,0.796022854065637
"GOA_TC","up","GO:0004674",216,5,0.710723102357316,0.584748277342762
"GOA_TC","up","GO:0004222",43,1,0.644281872902684,0.644281872902684
"GOA_TC","up","GO:0052689",48,1,0.684728110552396,0.684728110552396
"GOA_TC","up","GO:0048018",38,1,1,0.598690061855235
"GOA_TC","up","GO:0008757",63,2,0.557229623719346,0.441943231522818
"GOA_TC","up","GO:0005243",10,1,1,0.213113048498335
"GOA_TC","up","GO:0031267",104,6,0.0360648702142924,0.0360648702142924
"GOA_TC","up","GO:1901682",17,3,0.00691048357940402,0.00691048357940402
"GOA_TC","up","GO:0140318",14,3,0.0684614701952401,0.00389605981303402
"GOA_TC","up","GO:0015485",24,1,0.437816025520243,0.437816025520243
"GOA_TC","up","GO:0043167",2652,64,1,0.447544310314674
"GOA_TC","up","GO:0043168",1278,37,0.218861107044882,0.0974431895105017
"GOA_TC","up","GO:0043169",1785,39,1,0.756956680549457
"GOA_TC","up","GO:0015075",244,10,1,0.0626362501205935
"GOA_TC","up","GO:0015399",56,5,1,0.0100102121403112
"GOA_TC","up","GO:0015078",46,7,0.00279221536045931,8.80950548092055e-05
"GOA_TC","up","GO:0022890",195,10,1,0.0167155877068255
"GOA_TC","up","GO:0008375",30,1,1,0.513390048632894
"GOA_TC","up","GO:0004709",13,1,0.2677658549666,0.2677658549666
"GOA_TC","up","GO:0042578",149,2,1,0.87334137008297
"GOA_TC","up","GO:0019212",12,1,1,0.249980390846502
"GOA_TC","up","GO:0043565",340,9,0.166738664357748,0.413938359561302
"GOA_TC","up","GO:0005496",44,2,0.193785896191764,0.279579695615522
"GOA_TC","up","GO:0016462",418,16,1,0.0369985850482006
"GOA_TC","up","GO:0140662",23,3,0.0162330246497652,0.0162330246497652
"GOA_TC","up","GO:0008320",11,2,0.0265814621019795,0.0265814621019795
"GOA_TC","up","GO:0016209",39,9,0.0287083996280202,2.06768735171859e-07
"GOA_TC","up","GO:0004090",10,1,0.213113048498335,0.213113048498335
"GOA_TC","up","GO:0008324",215,10,1,0.0305214497646851
"GOA_TC","up","GO:0016860",20,3,1,0.0110016094152409
"GOA_TC","up","GO:1901702",189,4,0.484966843233261,0.660229673959434
"GOA_TC","up","GO:0042054",31,1,1,0.52496579196938
"GOA_TC","up","GO:0016864",10,3,1,0.00137675150594205
"GOA_TC","up","GO:0030332",13,1,0.2677658549666,0.2677658549666
"GOA_TC","up","GO:0031593",18,1,0.350604974009301,0.350604974009301
"GOA_TC","up","GO:0070577",13,2,0.0365548214053166,0.0365548214053166
"GOA_TC","up","GO:0140657",345,18,1,0.0011722829734321
"GOA_TC","up","GO:0004497",43,1,0.644281872902684,0.644281872902684
"GOA_TC","up","GO:0015103",36,1,0.578869798229571,0.578869798229571
"GOA_TC","up","GO:0003924",149,4,0.471732887251309,0.471732887251309
"GOA_TC","up","GO:0016853",78,7,0.183115097378879,0.00232001907896559
"GOA_TC","up","GO:0042910",20,1,1,0.381072814306502
"GOA_TC","up","GO:0043177",54,1,1,0.727279101348255
"GOA_TC","up","GO:0043178",36,1,1,0.578869798229571
"GOA_TC","up","GO:0051117",45,1,0.661044002855437,0.661044002855437
"GOA_TC","up","GO:0045182",76,7,1,0.00199640509701561
"GOA_TC","up","GO:0016859",24,2,1,0.109444639669438
"GOA_TC","up","GO:0005200",73,1,0.827862248871543,0.827862248871543
"GOA_TC","up","GO:0004175",142,1,1,0.968058906800439
"GOA_TC","up","GO:0019955",17,1,0.334817412599479,0.334817412599479
"GOA_TC","up","GO:0005524",855,25,0.149060332433607,0.149060332433607
"GOA_TC","up","GO:0008266",11,1,0.231766207137971,0.231766207137971
"GOA_TC","up","GO:0042393",100,4,0.734934635782637,0.211456018732296
"GOA_TC","up","GO:0005525",215,5,0.580565935351148,0.580565935351148
"GOA_TC","up","GO:0016791",123,2,1,0.793971400123553
"GOA_TC","up","GO:0019899",682,16,0.908377473664419,0.555421371334581
"GOA_TC","up","GO:0051082",50,4,0.0298360598568989,0.0298360598568989
"GOA_TC","up","GO:0015035",17,3,0.00691048357940402,0.00691048357940402
"GOA_TC","up","GO:0017111",397,16,1,0.0244119172342484
"GOA_TC","up","GO:0016887",253,12,0.0161378477901982,0.0161378477901982
"GOA_TC","up","GO:0140993",100,1,1,0.910728518526292
"GOA_TC","up","GO:0015036",21,4,0.0896682105475406,0.00131250883183799
"GOA_TC","up","GO:0031210",10,1,0.213113048498335,0.213113048498335
"GOA_TC","up","GO:0031625",110,2,0.739862588917704,0.739862588917704
"GOA_TC","up","GO:0097367",1180,30,1,0.36065963489981
"GOA_TC","up","GO:0051087",66,3,0.20475176618682,0.20475176618682
"GOA_TC","up","GO:0046624",11,2,0.0265814621019795,0.0265814621019795
"GOA_TC","up","GO:0046625",10,2,0.0220867250803805,0.0220867250803805
"GOA_TC","up","GO:0140677",235,1,1,0.996810581806531
"GOA_TC","up","GO:0051540",43,1,1,0.644281872902684
"GOA_TC","up","GO:1990756",34,1,0.558078238588731,0.558078238588731
"GOA_TC","up","GO:0140678",115,1,1,0.938100485785091
"GOA_TC","up","GO:0140303",24,1,1,0.437816025520243
"GOA_TC","up","GO:0005515",2198,52,1,0.533924635606267
"GOA_TC","up","GO:0042887",18,1,0.350604974009301,0.350604974009301
"GOA_TC","up","GO:0022853",98,6,1,0.028027604030348
"GOA_TC","up","GO:0005516",88,5,0.0567041664022904,0.0567041664022904
"GOA_TC","up","GO:0061659",172,3,1,0.779929932807499
"GOA_TC","up","GO:0022857",389,15,1,0.0405631589154547
"GOA_TC","up","GO:0030674",210,2,0.983165532324896,0.962596782904447
"GOA_TC","up","GO:0016874",88,3,0.345986169240612,0.345986169240612
"GOA_TC","up","GO:0044183",33,3,1,0.04217570492323
"GOA_TC","up","GO:0004520",19,1,0.3660205408299,0.3660205408299
"GOA_TC","up","GO:0005085",90,2,0.633640255174585,0.633640255174585
"GOA_TC","up","GO:0004521",31,1,1,0.52496579196938
"GOA_TC","up","GO:1990782",35,1,0.568598329893707,0.568598329893707
"GOA_TC","up","GO:1901981",66,1,1,0.796022854065637
"GOA_TC","up","GO:0008194",62,2,0.535493602493042,0.433835399510482
"GOA_TC","up","GO:0005543",169,3,0.735702739799127,0.769638941133212
"GOA_TC","up","GO:0002039",21,1,0.395770293650147,0.395770293650147
"GOA_TC","up","GO:1990837",296,6,1,0.709710656535703
"GOA_TC","up","GO:0015291",124,4,1,0.337624215100721
"GOA_TC","up","GO:0005546",25,1,0.45117544050964,0.45117544050964
"GOA_TC","up","GO:0015370",37,1,1,0.588898476521864
"GOA_TC","up","GO:0022884",13,2,1,0.0365548214053166
"GOA_TC","up","GO:0015293",71,3,1,0.235929389792432
"GOA_TC","up","GO:0008289",287,10,0.0720236243356515,0.140941403208953
"GOA_TC","up","GO:0015294",52,3,0.036515020734976,0.124323838849268
"GOA_TC","up","GO:0005548",32,2,1,0.174592482027867
"GOA_TC","up","GO:0016410",40,1,0.617584081548132,0.617584081548132
"GOA_TC","up","GO:0051536",43,1,1,0.644281872902684
"GOA_TC","up","GO:0051020",111,6,1,0.0471574921394747
"GOA_TC","up","GO:0004601",27,7,0.000309105871955629,2.12695336739466e-06
"GOA_TC","up","GO:0015297",46,1,0.669128642363302,0.669128642363302
"GOA_TC","up","GO:0005488",4748,109,0.203768126070046,0.816922653658288
"GOA_TC","up","GO:0046961",13,1,0.2677658549666,0.2677658549666
"GOA_TC","up","GO:0019208",34,1,1,0.558078238588731
"GOA_TC","up","GO:0004602",12,3,0.00243784089121123,0.00243784089121123
"GOA_TC","up","GO:0051539",23,1,0.424133884443126,0.424133884443126
"GOA_TC","up","GO:0008270",345,8,0.576516740469532,0.576516740469532
"GOA_TC","up","GO:0016829",97,5,0.409551014805898,0.0791127461954511
"GOA_TC","up","GO:0004864",12,1,0.249980390846502,0.249980390846502
"GOA_TC","up","GO:0106310",197,4,0.692058262416118,0.692058262416118
"GOA_TC","up","GO:0004518",90,1,1,0.886108685758715
"GOA_TC","up","GO:0004519",53,1,1,0.720605669896744
"GOA_TC","up","GO:0008276",39,1,1,0.608250118613581
"GOA_TC","up","GO:0017076",1142,35,1,0.0549973114498744
"GOA_TC","up","GO:0005537",10,1,0.213113048498335,0.213113048498335
"GOA_TC","up","GO:0051010",10,1,0.213113048498335,0.213113048498335
"GOA_TC","up","GO:0140096",1058,16,1,0.987365308827314
"GOA_TC","up","GO:0004540",56,1,1,0.740154955722424
"GOA_TC","up","GO:0140097",101,2,1,0.695712461453134
"GOA_TC","up","GO:0003824",2561,76,1,0.00464183161289153
"GOA_TC","up","GO:0140640",303,4,1,0.934183292268336
"GOA_TC","up","GO:0016765",36,10,0.253108192030249,5.93646258356393e-09
"GOA_TC","up","GO:0140098",202,3,1,0.863453655940381
"GOA_TC","up","GO:0016817",418,16,1,0.0369985850482006
"GOA_TC","up","GO:0016818",418,16,1,0.0369985850482006
"GOA_TC","up","GO:0052866",18,2,1,0.0664288686324958
"GOA_TC","up","GO:0051015",102,5,0.0933469569113676,0.0933469569113676
"GOA_TC","up","GO:0030246",97,3,0.792914229540919,0.404284823741573
"GOA_TC","up","GO:0017022",29,2,0.149406439747412,0.149406439747412
"GOA_TC","up","GO:0004857",97,1,1,0.903956905428062
"GOA_TC","up","GO:0016903",21,3,1,0.0126164595124748
"GOA_TC","up","GO:0020037",59,3,0.163006461156452,0.163006461156452
"GOA_TC","up","GO:0043021",86,3,1,0.33293192605069
"GOA_TC","up","GO:0043022",46,3,0.0943292073855493,0.0943292073855493
"GOA_TC","up","GO:0030554",951,31,1,0.0346090920132408
"GOA_TC","up","GO:0016755",233,4,0.23532630297989,0.809056357688446
"GOA_TC","up","GO:0022829",15,1,1,0.302090462156977
"GOA_TC","up","GO:0030234",431,5,0.963226214949384,0.979246228161576
"GOA_TC","up","GO:0046982",82,1,0.861651104367547,0.861651104367547
"GOA_TC","up","GO:0016757",123,2,1,0.793971400123553
"GOA_TC","up","GO:0015318",221,11,1,0.0151211288629998
"GOA_TC","up","GO:0046983",302,10,1,0.176817041241489
"GOA_TC","up","GO:0043027",21,1,0.395770293650147,0.395770293650147
"GOA_TC","up","GO:0016758",88,2,0.751679706830726,0.621357103598143
"GOA_TC","up","GO:0043028",31,1,1,0.52496579196938
"GOA_TC","up","GO:0032561",226,5,1,0.625320715768633
"GOA_TC","up","GO:0004536",26,1,1,0.464219686201753
"GOA_TC","up","GO:0004888",162,2,0.961738349109786,0.901529297971273
"GOA_TC","up","GO:0005102",300,7,0.591722193069003,0.571205608996075
"GOA_TC","up","GO:0008168",77,2,1,0.548222049696525
"GOA_TC","up","GO:0036002",15,1,0.302090462156977,0.302090462156977
"GOA_TC","up","GO:0005416",22,1,1,0.410121280693995
"GOA_TC","up","GO:0030170",32,1,0.536268156806203,0.536268156806203
"GOA_TC","up","GO:0015267",154,4,1,0.497573142699351
"GOA_TC","up","GO:0016835",37,3,1,0.0561392106885337
"GOA_TC","up","GO:0019888",31,1,1,0.52496579196938
"GOA_TC","up","GO:0016836",29,3,0.0302305444506294,0.0302305444506294
"GOA_TC","up","GO:0003755",24,2,0.109444639669438,0.109444639669438
"GOA_TC","up","GO:0016787",1106,23,0.937401640482811,0.788595405880452
"GOA_TC","up","GO:0003756",10,3,0.00137675150594205,0.00137675150594205
"GOA_TC","up","GO:0016788",293,4,1,0.922647216702722
"GOA_TC","up","GO:0005048",22,1,0.410121280693995,0.410121280693995
"GOA_TC","up","GO:0038023",244,2,1,0.981706169072453
"GOA_TC","up","GO:0038024",27,1,0.476956143740538,0.476956143740538
"GOA_TC","up","GO:0032553",1078,30,0.169080049437664,0.185941114038158
"GOA_TC","up","GO:0032555",1070,29,1,0.23559044717582
"GOA_TC","up","GO:0008092",426,11,0.82807132004467,0.42738772157818
"GOA_TC","up","GO:0015252",10,3,0.00137675150594205,0.00137675150594205
"GOA_TC","up","GO:0005506",62,1,0.775271937164295,0.775271937164295
"GOA_TC","up","GO:0005507",22,3,0.0143598444761465,0.0143598444761465
"GOA_TC","up","GO:0008094",50,1,1,0.699597308523602
"GOA_TC","up","GO:0090079",63,6,0.189101034245814,0.00353077611287054
"GOA_TC","up","GO:0035198",10,1,0.213113048498335,0.213113048498335
"GOA_TC","up","GO:0032559",878,25,1,0.182872062332239
"GOA_TC","up","GO:0005509",296,8,0.401827408793599,0.401827408793599
"GOA_TC","up","GO:0016772",427,5,1,0.977798990729792
"GOA_TC","up","GO:0016773",317,5,1,0.878206282772508
"GOA_TC","up","GO:0004100",10,1,0.213113048498335,0.213113048498335
"GOA_TC","up","GO:0140110",448,6,1,0.960286303962473
"GOA_TC","up","GO:0061630",163,3,0.74789677185993,0.74789677185993
"GOA_TC","up","GO:0008233",235,2,0.766662499892636,0.977848008308069
"GOA_TC","up","GO:0060090",242,3,0.544471574385222,0.931185040256855
"GOA_TC","up","GO:0001221",33,1,0.547303552334347,0.547303552334347
"GOA_TC","up","GO:0004364",23,9,1.09955505401204e-09,1.09955505401204e-09
"GOA_TC","up","GO:0000287",95,2,0.662994560217713,0.662994560217713
"GOA_TC","up","GO:0008559",15,1,0.302090462156977,0.302090462156977
"GOA_TC","up","GO:0008237",77,1,1,0.843787018757172
"GOA_TC","up","GO:0008186",65,1,1,0.791020689723922
"GOA_TC","up","GO:0008187",12,1,1,0.249980390846502
"GOA_TC","up","GO:0003690",321,6,1,0.780089112862572
"GOA_TC","up","GO:0001228",84,2,0.595854665712411,0.595854665712411
"GOA_TC","up","GO:0019829",20,3,0.010690597346311,0.0110016094152409
"GOA_TC","up","GO:0003774",73,3,1,0.248633344516357
"GOA_TC","up","GO:0098772",540,6,1,0.991020479182907
"GOA_TC","up","GO:0033218",102,3,0.175926473215077,0.436074049923144
"GOA_TC","up","GO:0061980",16,1,1,0.318648948555713
"GOA_TC","up","GO:0003697",35,2,0.200395134219532,0.200395134219532
"GOA_TC","up","GO:0008170",35,1,1,0.568598329893707
"GOA_TC","up","GO:0046914",453,12,1,0.385273083245975
"GOA_TC","up","GO:0046915",22,1,0.410121280693995,0.410121280693995
"GOA_TC","up","GO:0003777",55,1,0.733794288274106,0.733794288274106
"GOA_TC","up","GO:0016408",11,1,0.231766207137971,0.231766207137971
"GOA_TC","up","GO:0003779",181,6,0.845526297511843,0.257062846845159
"GOA_TC","up","GO:0031072",61,1,0.769764896234394,0.769764896234394
"GOA_TC","up","GO:0001216",86,2,1,0.608762169127209
"GOA_TC","up","GO:1901363",2439,61,1,0.310942112233273
"GOA_TC","up","GO:0003723",708,16,0.970461207038394,0.618833929035247
"GOA_TC","up","GO:0044877",661,17,0.632633376821871,0.395540032568786
"GOA_TC","up","GO:0003724",65,1,0.791020689723922,0.791020689723922
"GOA_TC","up","GO:0004842",212,3,1,0.884398392476395
"GOA_TC","up","GO:0046943",75,2,1,0.53391779621794
"GOA_TC","up","GO:0003725",35,1,0.568598329893707,0.568598329893707
"GOA_TC","up","GO:0019900",245,4,1,0.839051355649775
"GOA_TC","up","GO:0042802",547,18,0.500398941525966,0.0928462120093599
"GOA_TC","up","GO:0019901",220,4,0.819621468512177,0.771656549181964
"GOA_TC","up","GO:0003727",50,1,1,0.699597308523602
"GOA_TC","up","GO:0042803",211,10,0.02726792539018,0.02726792539018
"GOA_TC","up","GO:0019902",88,2,1,0.621357103598143
"GOA_TC","up","GO:0019903",71,2,0.504405031478757,0.504405031478757
"GOA_TC","up","GO:0003729",162,9,0.151379649356714,0.0141844909884128
"GOA_TC","up","GO:0019905",23,1,0.424133884443126,0.424133884443126
"GOA_TC","up","GO:0019842",67,1,1,0.800906151583129
"GOA_TC","up","GO:0060589",170,2,1,0.915866414944651
"GOA_TC","up","GO:0004386",113,3,0.524819256071309,0.503593163903402
"GOA_TC","up","GO:0016740",1032,27,0.791911674381439,0.312721050416231
"GOA_TC","up","GO:0004438",12,2,0.0314101863441331,0.0314101863441331
"GOA_TC","up","GO:0016741",82,2,1,0.582634475719112
"GOA_TC","up","GO:0050839",104,2,1,0.71107208000187
"GOA_TC","up","GO:0003712",185,2,1,0.937646533724794
"GOA_TC","up","GO:0030545",42,1,1,0.635594834704758
"GOA_TC","up","GO:0003713",100,2,0.690446120446407,0.690446120446407
"GOA_TC","up","GO:0016667",33,6,0.0299112619795461,0.00010283566484167
"GOA_TC","up","GO:0030546",40,1,1,0.617584081548132
"GOA_TC","up","GO:0016746",332,7,0.114356342036427,0.678609558207618
"GOA_TC","up","GO:0003714",70,1,0.814870557002505,0.814870557002505
"GOA_TC","up","GO:0016747",94,2,1,0.657277328826272
"GOA_TC","up","GO:0070403",22,1,0.410121280693995,0.410121280693995
"GOA_TC","up","GO:0046872",1763,38,0.908269271571734,0.785481033378192
"GOA_TC","up","GO:0008525",15,1,0.302090462156977,0.302090462156977
"GOA_TC","up","GO:0046873",159,3,1,0.732522067426781
"GOA_TC","up","GO:0055077",10,1,0.213113048498335,0.213113048498335
"GOA_TC","up","GO:0000166",1211,35,1,0.108287593304934
"GOA_TC","up","GO:0005310",10,1,0.213113048498335,0.213113048498335
"GOA_TC","up","GO:0035091",109,1,1,0.928328051183274
"GOA_TC","up","GO:0022803",155,4,1,0.50267902983632
"GOA_TC","up","GO:0016651",30,3,0.033023073357337,0.033023073357337
"GOA_TC","up","GO:0022804",181,9,1,0.027111863454725
"GOA_TC","up","GO:1902936",32,1,1,0.536268156806203
"GOA_TC","up","GO:0019838",30,1,0.513390048632894,0.513390048632894
"GOA_TC","up","GO:0019787",222,3,1,0.902455331697612
"GOA_TC","up","GO:0003743",38,1,0.598690061855235,0.598690061855235
"GOA_TC","up","GO:0005319",67,2,1,0.473725217911146
"GOA_TC","up","GO:0003746",14,4,0.000249683721121198,0.000249683721121198
"GOA_TC","up","GO:0044769",13,1,1,0.2677658549666
"GOA_TC","up","GO:0008514",95,3,0.380571194330967,0.391426069124276
"GOA_TC","up","GO:0070717",15,1,1,0.302090462156977
"GOA_TC","up","GO:0140938",15,1,0.302090462156977,0.302090462156977
"GOA_TC","up","GO:0008143",10,1,0.213113048498335,0.213113048498335
"GOA_TC","up","GO:0045296",56,2,0.383957578616627,0.383957578616627
"GOA_TC","up","GO:0005261",107,3,1,0.467229329524195
"GOA_TC","up","GO:0008083",13,1,0.2677658549666,0.2677658549666
"GOA_TC","up","GO:0005342",75,2,1,0.53391779621794
"GOA_TC","up","GO:0005343",26,1,1,0.464219686201753
"GOA_TC","up","GO:0000049",34,0,1,1
"GOA_TC","up","GO:0000175",15,0,1,1
"GOA_TC","up","GO:0000339",11,0,1,1
"GOA_TC","up","GO:0000993",19,0,1,1
"GOA_TC","up","GO:0001098",28,0,1,1
"GOA_TC","up","GO:0001099",28,0,1,1
"GOA_TC","up","GO:0001217",35,0,1,1
"GOA_TC","up","GO:0001222",15,0,1,1
"GOA_TC","up","GO:0001223",15,0,1,1
"GOA_TC","up","GO:0001227",34,0,1,1
"GOA_TC","up","GO:0001653",16,0,1,1
"GOA_TC","up","GO:0001664",42,0,1,1
"GOA_TC","up","GO:0001671",12,0,1,1
"GOA_TC","up","GO:0001727",24,0,1,1
"GOA_TC","up","GO:0001786",19,0,1,1
"GOA_TC","up","GO:0001965",15,0,1,1
"GOA_TC","up","GO:0002020",34,0,1,1
"GOA_TC","up","GO:0003823",20,0,1,1
"GOA_TC","up","GO:0003899",14,0,1,1
"GOA_TC","up","GO:0003925",17,0,1,1
"GOA_TC","up","GO:0003950",27,0,1,1
"GOA_TC","up","GO:0003953",22,0,1,1
"GOA_TC","up","GO:0003955",10,0,1,1
"GOA_TC","up","GO:0004177",15,0,1,1
"GOA_TC","up","GO:0004180",19,0,1,1
"GOA_TC","up","GO:0004181",10,0,1,1
"GOA_TC","up","GO:0004190",11,0,1,1
"GOA_TC","up","GO:0004197",58,0,1,1
"GOA_TC","up","GO:0004198",13,0,1,1
"GOA_TC","up","GO:0004252",31,0,1,1
"GOA_TC","up","GO:0004303",10,0,1,1
"GOA_TC","up","GO:0004402",26,0,1,1
"GOA_TC","up","GO:0004407",11,0,1,1
"GOA_TC","up","GO:0004527",41,0,1,1
"GOA_TC","up","GO:0004532",24,0,1,1
"GOA_TC","up","GO:0004550",10,0,1,1
"GOA_TC","up","GO:0004553",56,0,1,1
"GOA_TC","up","GO:0004560",13,0,1,1
"GOA_TC","up","GO:0004568",10,0,1,1
"GOA_TC","up","GO:0004620",29,0,1,1
"GOA_TC","up","GO:0004622",10,0,1,1
"GOA_TC","up","GO:0004623",11,0,1,1
"GOA_TC","up","GO:0004653",10,0,1,1
"GOA_TC","up","GO:0004683",10,0,1,1
"GOA_TC","up","GO:0004693",17,0,1,1
"GOA_TC","up","GO:0004712",22,0,1,1
"GOA_TC","up","GO:0004714",23,0,1,1
"GOA_TC","up","GO:0004715",17,0,1,1
"GOA_TC","up","GO:0004722",40,0,1,1
"GOA_TC","up","GO:0004725",50,0,1,1
"GOA_TC","up","GO:0004812",25,0,1,1
"GOA_TC","up","GO:0004843",42,0,1,1
"GOA_TC","up","GO:0004860",19,0,1,1
"GOA_TC","up","GO:0004866",40,0,1,1
"GOA_TC","up","GO:0004867",19,0,1,1
"GOA_TC","up","GO:0004869",14,0,1,1
"GOA_TC","up","GO:0004879",26,0,1,1
"GOA_TC","up","GO:0004930",46,0,1,1
"GOA_TC","up","GO:0005001",17,0,1,1
"GOA_TC","up","GO:0005080",10,0,1,1
"GOA_TC","up","GO:0005096",87,0,1,1
"GOA_TC","up","GO:0005125",16,0,1,1
"GOA_TC","up","GO:0005126",35,0,1,1
"GOA_TC","up","GO:0005154",12,0,1,1
"GOA_TC","up","GO:0005158",10,0,1,1
"GOA_TC","up","GO:0005164",10,0,1,1
"GOA_TC","up","GO:0005178",33,0,1,1
"GOA_TC","up","GO:0005201",28,0,1,1
"GOA_TC","up","GO:0005217",13,0,1,1
"GOA_TC","up","GO:0005230",21,0,1,1
"GOA_TC","up","GO:0005231",15,0,1,1
"GOA_TC","up","GO:0005244",29,0,1,1
"GOA_TC","up","GO:0005245",12,0,1,1
"GOA_TC","up","GO:0005246",10,0,1,1
"GOA_TC","up","GO:0005249",10,0,1,1
"GOA_TC","up","GO:0005253",22,0,1,1
"GOA_TC","up","GO:0005254",18,0,1,1
"GOA_TC","up","GO:0005262",57,0,1,1
"GOA_TC","up","GO:0005267",20,0,1,1
"GOA_TC","up","GO:0005272",22,0,1,1
"GOA_TC","up","GO:0005295",14,0,1,1
"GOA_TC","up","GO:0005385",14,0,1,1
"GOA_TC","up","GO:0005484",16,0,1,1
"GOA_TC","up","GO:0005518",20,0,1,1
"GOA_TC","up","GO:0005539",36,0,1,1
"GOA_TC","up","GO:0005544",20,0,1,1
"GOA_TC","up","GO:0005547",13,0,1,1
"GOA_TC","up","GO:0008028",29,0,1,1
"GOA_TC","up","GO:0008047",180,0,1,1
"GOA_TC","up","GO:0008061",27,0,1,1
"GOA_TC","up","GO:0008066",15,0,1,1
"GOA_TC","up","GO:0008080",34,0,1,1
"GOA_TC","up","GO:0008081",26,0,1,1
"GOA_TC","up","GO:0008093",30,0,1,1
"GOA_TC","up","GO:0008097",10,0,1,1
"GOA_TC","up","GO:0008139",13,0,1,1
"GOA_TC","up","GO:0008146",17,0,1,1
"GOA_TC","up","GO:0008171",13,0,1,1
"GOA_TC","up","GO:0008173",20,0,1,1
"GOA_TC","up","GO:0008175",10,0,1,1
"GOA_TC","up","GO:0008201",26,0,1,1
"GOA_TC","up","GO:0008234",97,0,1,1
"GOA_TC","up","GO:0008235",28,0,1,1
"GOA_TC","up","GO:0008236",41,0,1,1
"GOA_TC","up","GO:0008238",41,0,1,1
"GOA_TC","up","GO:0008374",16,0,1,1
"GOA_TC","up","GO:0008376",13,0,1,1
"GOA_TC","up","GO:0008378",15,0,1,1
"GOA_TC","up","GO:0008395",10,0,1,1
"GOA_TC","up","GO:0008408",31,0,1,1
"GOA_TC","up","GO:0008417",12,0,1,1
"GOA_TC","up","GO:0008483",12,0,1,1
"GOA_TC","up","GO:0008528",14,0,1,1
"GOA_TC","up","GO:0008569",23,0,1,1
"GOA_TC","up","GO:0008656",10,0,1,1
"GOA_TC","up","GO:0009055",27,0,1,1
"GOA_TC","up","GO:0010485",11,0,1,1
"GOA_TC","up","GO:0015026",16,0,1,1
"GOA_TC","up","GO:0015079",33,0,1,1
"GOA_TC","up","GO:0015101",11,0,1,1
"GOA_TC","up","GO:0015108",30,0,1,1
"GOA_TC","up","GO:0015187",15,0,1,1
"GOA_TC","up","GO:0015276",43,0,1,1
"GOA_TC","up","GO:0015375",13,0,1,1
"GOA_TC","up","GO:0015453",14,0,1,1
"GOA_TC","up","GO:0015459",10,0,1,1
"GOA_TC","up","GO:0015562",10,0,1,1
"GOA_TC","up","GO:0015928",13,0,1,1
"GOA_TC","up","GO:0015932",12,0,1,1
"GOA_TC","up","GO:0016018",11,0,1,1
"GOA_TC","up","GO:0016229",11,0,1,1
"GOA_TC","up","GO:0016247",25,0,1,1
"GOA_TC","up","GO:0016251",12,0,1,1
"GOA_TC","up","GO:0016298",35,0,1,1
"GOA_TC","up","GO:0016407",42,0,1,1
"GOA_TC","up","GO:0016409",19,0,1,1
"GOA_TC","up","GO:0016417",14,0,1,1
"GOA_TC","up","GO:0016504",22,0,1,1
"GOA_TC","up","GO:0016505",11,0,1,1
"GOA_TC","up","GO:0016538",14,0,1,1
"GOA_TC","up","GO:0016597",21,0,1,1
"GOA_TC","up","GO:0016645",11,0,1,1
"GOA_TC","up","GO:0016655",13,0,1,1
"GOA_TC","up","GO:0016701",15,0,1,1
"GOA_TC","up","GO:0016702",14,0,1,1
"GOA_TC","up","GO:0016706",22,0,1,1
"GOA_TC","up","GO:0016712",11,0,1,1
"GOA_TC","up","GO:0016763",35,0,1,1
"GOA_TC","up","GO:0016769",12,0,1,1
"GOA_TC","up","GO:0016776",15,0,1,1
"GOA_TC","up","GO:0016779",88,0,1,1
"GOA_TC","up","GO:0016782",24,0,1,1
"GOA_TC","up","GO:0016790",14,0,1,1
"GOA_TC","up","GO:0016796",29,0,1,1
"GOA_TC","up","GO:0016798",95,0,1,1
"GOA_TC","up","GO:0016799",35,0,1,1
"GOA_TC","up","GO:0016805",11,0,1,1
"GOA_TC","up","GO:0016810",39,0,1,1
"GOA_TC","up","GO:0016811",24,0,1,1
"GOA_TC","up","GO:0016830",30,0,1,1
"GOA_TC","up","GO:0016831",21,0,1,1
"GOA_TC","up","GO:0016875",25,0,1,1
"GOA_TC","up","GO:0016877",16,0,1,1
"GOA_TC","up","GO:0016878",11,0,1,1
"GOA_TC","up","GO:0016879",27,0,1,1
"GOA_TC","up","GO:0016881",14,0,1,1
"GOA_TC","up","GO:0016896",23,0,1,1
"GOA_TC","up","GO:0016922",34,0,1,1
"GOA_TC","up","GO:0017018",33,0,1,1
"GOA_TC","up","GO:0017025",16,0,1,1
"GOA_TC","up","GO:0017046",11,0,1,1
"GOA_TC","up","GO:0017056",16,0,1,1
"GOA_TC","up","GO:0017069",32,0,1,1
"GOA_TC","up","GO:0017070",10,0,1,1
"GOA_TC","up","GO:0017124",37,0,1,1
"GOA_TC","up","GO:0017128",10,0,1,1
"GOA_TC","up","GO:0017134",13,0,1,1
"GOA_TC","up","GO:0017147",15,0,1,1
"GOA_TC","up","GO:0017171",44,0,1,1
"GOA_TC","up","GO:0019003",22,0,1,1
"GOA_TC","up","GO:0019198",17,0,1,1
"GOA_TC","up","GO:0019205",21,0,1,1
"GOA_TC","up","GO:0019207",91,0,1,1
"GOA_TC","up","GO:0019209",45,0,1,1
"GOA_TC","up","GO:0019210",21,0,1,1
"GOA_TC","up","GO:0019213",14,0,1,1
"GOA_TC","up","GO:0019706",11,0,1,1
"GOA_TC","up","GO:0019707",11,0,1,1
"GOA_TC","up","GO:0019783",51,0,1,1
"GOA_TC","up","GO:0019843",42,0,1,1
"GOA_TC","up","GO:0019887",79,0,1,1
"GOA_TC","up","GO:0019894",15,0,1,1
"GOA_TC","up","GO:0019904",205,0,1,1
"GOA_TC","up","GO:0022824",20,0,1,1
"GOA_TC","up","GO:0022832",29,0,1,1
"GOA_TC","up","GO:0022834",43,0,1,1
"GOA_TC","up","GO:0022835",20,0,1,1
"GOA_TC","up","GO:0022836",78,0,1,1
"GOA_TC","up","GO:0022839",78,0,1,1
"GOA_TC","up","GO:0022843",21,0,1,1
"GOA_TC","up","GO:0022848",11,0,1,1
"GOA_TC","up","GO:0030145",32,0,1,1
"GOA_TC","up","GO:0030159",13,0,1,1
"GOA_TC","up","GO:0030165",33,0,1,1
"GOA_TC","up","GO:0030247",10,0,1,1
"GOA_TC","up","GO:0030276",26,0,1,1
"GOA_TC","up","GO:0030295",43,0,1,1
"GOA_TC","up","GO:0030331",14,0,1,1
"GOA_TC","up","GO:0030374",20,0,1,1
"GOA_TC","up","GO:0030414",40,0,1,1
"GOA_TC","up","GO:0030507",31,0,1,1
"GOA_TC","up","GO:0030515",18,0,1,1
"GOA_TC","up","GO:0030544",31,0,1,1
"GOA_TC","up","GO:0030551",13,0,1,1
"GOA_TC","up","GO:0030594",27,0,1,1
"GOA_TC","up","GO:0030742",12,0,1,1
"GOA_TC","up","GO:0030971",29,0,1,1
"GOA_TC","up","GO:0031369",18,0,1,1
"GOA_TC","up","GO:0031490",22,0,1,1
"GOA_TC","up","GO:0031491",17,0,1,1
"GOA_TC","up","GO:0031683",13,0,1,1
"GOA_TC","up","GO:0032182",48,0,1,1
"GOA_TC","up","GO:0032266",23,0,1,1
"GOA_TC","up","GO:0032451",11,0,1,1
"GOA_TC","up","GO:0032813",13,0,1,1
"GOA_TC","up","GO:0033293",20,0,1,1
"GOA_TC","up","GO:0033558",11,0,1,1
"GOA_TC","up","GO:0033764",11,0,1,1
"GOA_TC","up","GO:0034061",13,0,1,1
"GOA_TC","up","GO:0034062",15,0,1,1
"GOA_TC","up","GO:0034212",29,0,1,1
"GOA_TC","up","GO:0034237",10,0,1,1
"GOA_TC","up","GO:0034593",10,0,1,1
"GOA_TC","up","GO:0035250",12,0,1,1
"GOA_TC","up","GO:0035254",18,0,1,1
"GOA_TC","up","GO:0035255",12,0,1,1
"GOA_TC","up","GO:0035591",38,0,1,1
"GOA_TC","up","GO:0042169",12,0,1,1
"GOA_TC","up","GO:0042562",17,0,1,1
"GOA_TC","up","GO:0042799",14,0,1,1
"GOA_TC","up","GO:0042805",11,0,1,1
"GOA_TC","up","GO:0042813",12,0,1,1
"GOA_TC","up","GO:0042826",23,0,1,1
"GOA_TC","up","GO:0043014",19,0,1,1
"GOA_TC","up","GO:0043015",11,0,1,1
"GOA_TC","up","GO:0043130",44,0,1,1
"GOA_TC","up","GO:0043175",21,0,1,1
"GOA_TC","up","GO:0043495",11,0,1,1
"GOA_TC","up","GO:0043539",24,0,1,1
"GOA_TC","up","GO:0043560",10,0,1,1
"GOA_TC","up","GO:0044325",59,0,1,1
"GOA_TC","up","GO:0044390",12,0,1,1
"GOA_TC","up","GO:0045309",18,0,1,1
"GOA_TC","up","GO:0045504",13,0,1,1
"GOA_TC","up","GO:0045505",36,0,1,1
"GOA_TC","up","GO:0046332",24,0,1,1
"GOA_TC","up","GO:0046875",11,0,1,1
"GOA_TC","up","GO:0048027",13,0,1,1
"GOA_TC","up","GO:0048306",22,0,1,1
"GOA_TC","up","GO:0048487",15,0,1,1
"GOA_TC","up","GO:0050840",12,0,1,1
"GOA_TC","up","GO:0051018",18,0,1,1
"GOA_TC","up","GO:0051019",16,0,1,1
"GOA_TC","up","GO:0051059",11,0,1,1
"GOA_TC","up","GO:0051213",40,0,1,1
"GOA_TC","up","GO:0051219",34,0,1,1
"GOA_TC","up","GO:0051393",10,0,1,1
"GOA_TC","up","GO:0051537",18,0,1,1
"GOA_TC","up","GO:0051721",17,0,1,1
"GOA_TC","up","GO:0051879",21,0,1,1
"GOA_TC","up","GO:0051959",25,0,1,1
"GOA_TC","up","GO:0052742",12,0,1,1
"GOA_TC","up","GO:0055106",13,0,1,1
"GOA_TC","up","GO:0060590",16,0,1,1
"GOA_TC","up","GO:0061134",65,0,1,1
"GOA_TC","up","GO:0061135",47,0,1,1
"GOA_TC","up","GO:0061608",10,0,1,1
"GOA_TC","up","GO:0061629",93,0,1,1
"GOA_TC","up","GO:0061631",22,0,1,1
"GOA_TC","up","GO:0061650",25,0,1,1
"GOA_TC","up","GO:0061733",27,0,1,1
"GOA_TC","up","GO:0061809",22,0,1,1
"GOA_TC","up","GO:0070001",11,0,1,1
"GOA_TC","up","GO:0070034",11,0,1,1
"GOA_TC","up","GO:0070063",34,0,1,1
"GOA_TC","up","GO:0070402",10,0,1,1
"GOA_TC","up","GO:0070566",19,0,1,1
"GOA_TC","up","GO:0070628",18,0,1,1
"GOA_TC","up","GO:0070840",17,0,1,1
"GOA_TC","up","GO:0070851",25,0,1,1
"GOA_TC","up","GO:0071949",21,0,1,1
"GOA_TC","up","GO:0072341",27,0,1,1
"GOA_TC","up","GO:0072349",14,0,1,1
"GOA_TC","up","GO:0097110",28,0,1,1
"GOA_TC","up","GO:0097153",14,0,1,1
"GOA_TC","up","GO:0097199",10,0,1,1
"GOA_TC","up","GO:0097200",11,0,1,1
"GOA_TC","up","GO:0097472",17,0,1,1
"GOA_TC","up","GO:0097747",15,0,1,1
"GOA_TC","up","GO:0098531",26,0,1,1
"GOA_TC","up","GO:0098960",23,0,1,1
"GOA_TC","up","GO:0099094",37,0,1,1
"GOA_TC","up","GO:0099106",25,0,1,1
"GOA_TC","up","GO:0099529",19,0,1,1
"GOA_TC","up","GO:0099604",18,0,1,1
"GOA_TC","up","GO:0101005",45,0,1,1
"GOA_TC","up","GO:0140031",12,0,1,1
"GOA_TC","up","GO:0140103",15,0,1,1
"GOA_TC","up","GO:0140142",18,0,1,1
"GOA_TC","up","GO:0140223",16,0,1,1
"GOA_TC","up","GO:0140296",25,0,1,1
"GOA_TC","up","GO:0140299",12,0,1,1
"GOA_TC","up","GO:0140313",10,0,1,1
"GOA_TC","up","GO:0140463",14,0,1,1
"GOA_TC","up","GO:0140658",22,0,1,1
"GOA_TC","up","GO:0140693",11,0,1,1
"GOA_TC","up","GO:0140828",19,0,1,1
"GOA_TC","up","GO:0140939",15,0,1,1
"GOA_TC","up","GO:0140944",13,0,1,1
"GOA_TC","up","GO:0140994",13,0,1,1
"GOA_TC","up","GO:1901505",11,0,1,1
"GOA_TC","up","GO:1901618",11,0,1,1
"GOA_TC","up","GO:1901681",60,0,1,1
"GOA_TC","up","GO:1904315",19,0,1,1
"GOA_TC","up","GO:1990380",10,0,1,1
"GOA_TC","up","GO:1990404",28,0,1,1
"GOA_TC","up","GO:1990841",28,0,1,1
"GOA_TC","down","GO:0043178",36,1,1,0.526828505435065
"GOA_TC","down","GO:0015453",14,1,0.252062676155857,0.252062676155857
"GOA_TC","down","GO:0003823",20,1,0.339745399888674,0.339745399888674
"GOA_TC","down","GO:0140223",16,1,1,0.282502550660827
"GOA_TC","down","GO:0003824",2561,31,1,0.999988805473001
"GOA_TC","down","GO:0042578",149,3,1,0.594632055009822
"GOA_TC","down","GO:0015459",10,2,0.0168523441824298,0.0168523441824298
"GOA_TC","down","GO:0016922",34,1,0.506681126988075,0.506681126988075
"GOA_TC","down","GO:1901702",189,6,0.501042382477346,0.191077527390725
"GOA_TC","down","GO:0032266",23,1,0.379684131291546,0.379684131291546
"GOA_TC","down","GO:0008757",63,3,0.138419973789898,0.138419973789898
"GOA_TC","down","GO:0002020",34,3,0.0317104365495203,0.0317104365495203
"GOA_TC","down","GO:0003779",181,7,0.471519054031409,0.0774930679793781
"GOA_TC","down","GO:1901981",66,2,1,0.393988639408268
"GOA_TC","down","GO:0015485",24,1,0.392457266919651,0.392457266919651
"GOA_TC","down","GO:0016896",23,2,1,0.0797793517920045
"GOA_TC","down","GO:0061630",163,1,0.967516321730238,0.967516321730238
"GOA_TC","down","GO:0061631",22,1,0.366644793052435,0.366644793052435
"GOA_TC","down","GO:0060089",244,3,1,0.883687701751862
"GOA_TC","down","GO:0031072",61,2,0.357097660236282,0.357097660236282
"GOA_TC","down","GO:0046982",82,4,0.0870206807784102,0.0870206807784102
"GOA_TC","down","GO:0003723",708,19,0.856201866127333,0.131087648170813
"GOA_TC","down","GO:0046983",302,5,1,0.750291035921346
"GOA_TC","down","GO:0008514",95,2,0.341041167527628,0.584731664199116
"GOA_TC","down","GO:0003727",50,2,0.543817031393975,0.273680573776417
"GOA_TC","down","GO:0005198",276,9,1,0.112193759857266
"GOA_TC","down","GO:0003729",162,6,0.234995460622574,0.114720077097138
"GOA_TC","down","GO:0140096",1058,10,1,0.999292745162429
"GOA_TC","down","GO:0140110",448,5,1,0.958705271587012
"GOA_TC","down","GO:0140098",202,5,1,0.399715853854672
"GOA_TC","down","GO:0016791",123,3,0.0810366354569527,0.464744074926652
"GOA_TC","down","GO:0003712",185,2,1,0.898412444848501
"GOA_TC","down","GO:0003713",100,1,1,0.876379305764046
"GOA_TC","down","GO:0003714",70,1,0.767634695458369,0.767634695458369
"GOA_TC","down","GO:0005524",855,4,0.99999196017246,0.99999196017246
"GOA_TC","down","GO:0005525",215,6,0.278570298534741,0.278570298534741
"GOA_TC","down","GO:0016796",29,2,1,0.11841092450609
"GOA_TC","down","GO:0030246",97,4,0.151848896048562,0.137460079545088
"GOA_TC","down","GO:0042826",23,3,0.0110388275165572,0.0110388275165572
"GOA_TC","down","GO:0008168",77,3,1,0.209344106152797
"GOA_TC","down","GO:0004438",12,1,0.220342888645197,0.220342888645197
"GOA_TC","down","GO:0005261",107,2,1,0.649826350413897
"GOA_TC","down","GO:0005262",57,1,0.694872234707923,0.694872234707923
"GOA_TC","down","GO:0005496",44,4,1,0.0121288616664997
"GOA_TC","down","GO:0000166",1211,11,0.798566602287207,0.99982146760829
"GOA_TC","down","GO:0015370",37,1,0.536594083996381,0.536594083996381
"GOA_TC","down","GO:0008289",287,10,1,0.0690317233273931
"GOA_TC","down","GO:0098772",540,15,0.0773768255697109,0.138165901216429
"GOA_TC","down","GO:0042813",12,2,0.0240655738985336,0.0240655738985336
"GOA_TC","down","GO:0030234",431,11,1,0.268104457418495
"GOA_TC","down","GO:0005515",2198,45,0.998059974321065,0.541315091781563
"GOA_TC","down","GO:0019887",79,2,1,0.484971670958461
"GOA_TC","down","GO:0001067",284,2,1,0.982658777610814
"GOA_TC","down","GO:0000287",95,2,0.584731664199116,0.584731664199116
"GOA_TC","down","GO:0019900",245,5,1,0.569554064458195
"GOA_TC","down","GO:0008270",345,4,0.930273465135997,0.930273465135997
"GOA_TC","down","GO:0016860",20,1,0.339745399888674,0.339745399888674
"GOA_TC","down","GO:0005518",20,1,0.339745399888674,0.339745399888674
"GOA_TC","down","GO:0016018",11,1,0.203986445749642,0.203986445749642
"GOA_TC","down","GO:0019901",220,5,0.47299158187977,0.47299158187977
"GOA_TC","down","GO:0035091",109,3,0.589075034309777,0.387966311298246
"GOA_TC","down","GO:0005253",22,1,1,0.366644793052435
"GOA_TC","down","GO:0005254",18,1,0.311713730083883,0.311713730083883
"GOA_TC","down","GO:0030374",20,1,0.339745399888674,0.339745399888674
"GOA_TC","down","GO:1990837",296,2,1,0.986143683360794
"GOA_TC","down","GO:0003730",40,2,0.197584445885096,0.197584445885096
"GOA_TC","down","GO:0016298",35,1,0.516858927753794,0.516858927753794
"GOA_TC","down","GO:0051213",40,1,1,0.564707800392648
"GOA_TC","down","GO:0005543",169,5,0.578015525438859,0.265475380449723
"GOA_TC","down","GO:0030414",40,7,1,1.35690449521131e-05
"GOA_TC","down","GO:0005544",20,1,0.339745399888674,0.339745399888674
"GOA_TC","down","GO:0046914",453,7,0.515118324373345,0.832269996223243
"GOA_TC","down","GO:0003735",119,3,0.443174518768053,0.443174518768053
"GOA_TC","down","GO:0046915",22,1,1,0.366644793052435
"GOA_TC","down","GO:0005546",25,1,0.404969588653571,0.404969588653571
"GOA_TC","down","GO:0042277",70,2,0.704968127781914,0.422812835665662
"GOA_TC","down","GO:0008187",12,1,0.220342888645197,0.220342888645197
"GOA_TC","down","GO:0016853",78,2,1,0.478265744008215
"GOA_TC","down","GO:0031625",110,3,0.393553867494595,0.393553867494595
"GOA_TC","down","GO:0019787",222,3,1,0.840611655970897
"GOA_TC","down","GO:0008170",35,1,0.516858927753794,0.516858927753794
"GOA_TC","down","GO:1901681",60,3,1,0.124483150768645
"GOA_TC","down","GO:0016859",24,1,1,0.392457266919651
"GOA_TC","down","GO:0008171",13,1,0.236366054292222,0.236366054292222
"GOA_TC","down","GO:1901682",17,1,0.29725860648306,0.29725860648306
"GOA_TC","down","GO:0008173",20,3,0.00742965550779591,0.00742965550779591
"GOA_TC","down","GO:0046943",75,1,1,0.790784522186143
"GOA_TC","down","GO:0005537",10,1,0.187289854525674,0.187289854525674
"GOA_TC","down","GO:0015318",221,5,1,0.476994752213353
"GOA_TC","down","GO:0072349",14,1,0.252062676155857,0.252062676155857
"GOA_TC","down","GO:0019001",226,6,1,0.318203441558844
"GOA_TC","down","GO:0005539",36,5,0.016180033550165,0.000755136020793418
"GOA_TC","down","GO:0005272",22,1,0.366644793052435,0.366644793052435
"GOA_TC","down","GO:0019003",22,2,0.0738019148984874,0.0738019148984874
"GOA_TC","down","GO:0016614",71,1,1,0.772459316688426
"GOA_TC","down","GO:0000175",15,2,0.0367892028723028,0.0367892028723028
"GOA_TC","down","GO:0016616",66,1,0.747300812038646,0.747300812038646
"GOA_TC","down","GO:0051117",45,2,0.235443305897266,0.235443305897266
"GOA_TC","down","GO:0044877",661,11,0.993889354505896,0.812007462909337
"GOA_TC","down","GO:0004930",46,1,0.615960542696537,0.615960542696537
"GOA_TC","down","GO:0022803",155,3,1,0.621612953245896
"GOA_TC","down","GO:0022804",181,6,1,0.166638753576786
"GOA_TC","down","GO:0016755",233,3,1,0.863619172413031
"GOA_TC","down","GO:0099106",25,2,1,0.0921615453055649
"GOA_TC","down","GO:0070628",18,1,0.311713730083883,0.311713730083883
"GOA_TC","down","GO:0004860",19,2,0.056828749524126,0.056828749524126
"GOA_TC","down","GO:0052689",48,2,0.258370212693829,0.258370212693829
"GOA_TC","down","GO:0008509",37,1,1,0.536594083996381
"GOA_TC","down","GO:0015081",73,2,1,0.443970168037757
"GOA_TC","down","GO:0017111",397,5,1,0.918149988265958
"GOA_TC","down","GO:0016491",345,4,0.980755200412207,0.930273465135997
"GOA_TC","down","GO:0008092",426,10,1,0.376005667618595
"GOA_TC","down","GO:0015085",66,2,0.17047544503839,0.393988639408268
"GOA_TC","down","GO:0004866",40,7,0.0633223692121642,1.35690449521131e-05
"GOA_TC","down","GO:0031267",104,2,0.634340302983902,0.634340302983902
"GOA_TC","down","GO:0004867",19,5,3.07716591725018e-05,3.07716591725018e-05
"GOA_TC","down","GO:0003690",321,2,1,0.991366367647229
"GOA_TC","down","GO:0003700",264,3,0.400410602749514,0.913592630284135
"GOA_TC","down","GO:0015101",11,1,0.203986445749642,0.203986445749642
"GOA_TC","down","GO:0016782",24,1,1,0.392457266919651
"GOA_TC","down","GO:0015103",36,1,1,0.526828505435065
"GOA_TC","down","GO:0019843",42,3,0.0541232756553728,0.0541232756553728
"GOA_TC","down","GO:0052866",18,1,1,0.311713730083883
"GOA_TC","down","GO:0016787",1106,19,0.901834088921969,0.838513878778739
"GOA_TC","down","GO:0016788",293,7,1,0.395056174798015
"GOA_TC","down","GO:0015108",30,1,1,0.46380014256329
"GOA_TC","down","GO:0043021",86,1,1,0.833972804860097
"GOA_TC","down","GO:0016251",12,1,0.220342888645197,0.220342888645197
"GOA_TC","down","GO:0043022",46,1,0.615960542696537,0.615960542696537
"GOA_TC","down","GO:0008233",235,5,1,0.531904763299226
"GOA_TC","down","GO:0008234",97,4,1,0.137460079545088
"GOA_TC","down","GO:0015075",244,5,1,0.565856481508801
"GOA_TC","down","GO:0043565",340,2,1,0.994002674327438
"GOA_TC","down","GO:0005215",430,9,1,0.525610518609405
"GOA_TC","down","GO:0008235",28,1,0.440993948220828,0.440993948220828
"GOA_TC","down","GO:0005216",133,3,1,0.516999236042446
"GOA_TC","down","GO:0017147",15,2,0.0367892028723028,0.0367892028723028
"GOA_TC","down","GO:0004857",97,9,1,0.000148375615951072
"GOA_TC","down","GO:0008237",77,1,1,0.799390558671738
"GOA_TC","down","GO:0043028",31,2,1,0.13215934968173
"GOA_TC","down","GO:0005488",4748,98,1,0.498062622657815
"GOA_TC","down","GO:0008238",41,1,1,0.573697948204486
"GOA_TC","down","GO:0016829",97,1,1,0.868306053111126
"GOA_TC","down","GO:0042802",547,5,0.975467621517728,0.99043648936923
"GOA_TC","down","GO:0042803",211,2,0.935079367219226,0.935079367219226
"GOA_TC","down","GO:0034185",17,1,0.29725860648306,0.29725860648306
"GOA_TC","down","GO:0005125",16,1,0.282502550660827,0.282502550660827
"GOA_TC","down","GO:0008146",17,1,0.29725860648306,0.29725860648306
"GOA_TC","down","GO:0005506",62,1,0.725204063697256,0.725204063697256
"GOA_TC","down","GO:0005507",22,1,0.366644793052435,0.366644793052435
"GOA_TC","down","GO:0004197",58,4,0.230354481399844,0.0304951324049292
"GOA_TC","down","GO:0004198",13,2,0.0280649008809002,0.0280649008809002
"GOA_TC","down","GO:0019838",30,3,0.0228181398182484,0.0228181398182484
"GOA_TC","down","GO:1901618",11,1,0.203986445749642,0.203986445749642
"GOA_TC","down","GO:0005509",296,8,0.260795404275468,0.260795404275468
"GOA_TC","down","GO:0038023",244,3,1,0.883687701751862
"GOA_TC","down","GO:0038024",27,1,0.42923280668906,0.42923280668906
"GOA_TC","down","GO:0043014",19,1,0.325874006781648,0.325874006781648
"GOA_TC","down","GO:0061134",65,11,1,5.9251613896551e-08
"GOA_TC","down","GO:0061135",47,7,1,4.06513973664239e-05
"GOA_TC","down","GO:0016817",418,5,1,0.937849013068484
"GOA_TC","down","GO:0019210",21,2,1,0.0679783349351986
"GOA_TC","down","GO:0004888",162,3,0.893757257227594,0.65153737118701
"GOA_TC","down","GO:0050840",12,2,0.0240655738985336,0.0240655738985336
"GOA_TC","down","GO:0016818",418,5,1,0.937849013068484
"GOA_TC","down","GO:0008134",187,3,1,0.744558689370774
"GOA_TC","down","GO:0008324",215,4,1,0.649391748890519
"GOA_TC","down","GO:0005385",14,1,0.252062676155857,0.252062676155857
"GOA_TC","down","GO:1901265",1211,11,1,0.99982146760829
"GOA_TC","down","GO:0046906",62,2,1,0.364543719579271
"GOA_TC","down","GO:0004527",41,2,1,0.205101887919143
"GOA_TC","down","GO:0017069",32,2,0.139165461132806,0.139165461132806
"GOA_TC","down","GO:0046872",1763,31,0.934571777989808,0.874484081227593
"GOA_TC","down","GO:0016462",418,5,1,0.937849013068484
"GOA_TC","down","GO:0046873",159,4,1,0.412340260399164
"GOA_TC","down","GO:0003924",149,5,0.282557253685123,0.19028305432454
"GOA_TC","down","GO:0003925",17,1,0.29725860648306,0.29725860648306
"GOA_TC","down","GO:0004497",43,1,0.591129622029119,0.591129622029119
"GOA_TC","down","GO:0015291",124,5,0.233238344964985,0.110338934699399
"GOA_TC","down","GO:0048029",31,1,1,0.474854835659342
"GOA_TC","down","GO:0000981",239,2,1,0.960482578921364
"GOA_TC","down","GO:0036002",15,2,0.0367892028723028,0.0367892028723028
"GOA_TC","down","GO:0051082",50,3,0.082293658785522,0.082293658785522
"GOA_TC","down","GO:0015293",71,1,1,0.772459316688426
"GOA_TC","down","GO:0015294",52,1,1,0.661224110922521
"GOA_TC","down","GO:0030554",951,4,1,0.999998917046029
"GOA_TC","down","GO:0140296",25,1,1,0.404969588653571
"GOA_TC","down","GO:0015297",46,3,0.104137387223492,0.0675293502478432
"GOA_TC","down","GO:0140297",145,1,1,0.952337275039305
"GOA_TC","down","GO:0140677",235,6,1,0.351278890033426
"GOA_TC","down","GO:0051087",66,1,0.747300812038646,0.747300812038646
"GOA_TC","down","GO:0000987",226,2,1,0.950155214606295
"GOA_TC","down","GO:0004518",90,2,1,0.555124703515582
"GOA_TC","down","GO:0022890",195,4,1,0.571748434733587
"GOA_TC","down","GO:0140678",115,9,1,0.000536323649666231
"GOA_TC","down","GO:0050839",104,2,0.632169182440207,0.634340302983902
"GOA_TC","down","GO:0008201",26,3,0.0155015459498563,0.0155015459498563
"GOA_TC","down","GO:0030674",210,2,0.933935216764638,0.933935216764638
"GOA_TC","down","GO:0016835",37,1,1,0.536594083996381
"GOA_TC","down","GO:0016836",29,1,0.452514770496354,0.452514770496354
"GOA_TC","down","GO:0004540",56,2,1,0.319454579071264
"GOA_TC","down","GO:0048018",38,2,0.266395404873819,0.182662501360588
"GOA_TC","down","GO:0016740",1032,7,1,0.999970217040653
"GOA_TC","down","GO:0097159",2469,37,1,0.996561356187408
"GOA_TC","down","GO:0016741",82,3,1,0.236408128354143
"GOA_TC","down","GO:0000976",283,2,1,0.9823330084822
"GOA_TC","down","GO:0016746",332,3,1,0.970508873988143
"GOA_TC","down","GO:0020037",59,2,0.342116726566616,0.342116726566616
"GOA_TC","down","GO:0000977",255,2,1,0.970414819732513
"GOA_TC","down","GO:0140030",84,1,1,0.826838557965031
"GOA_TC","down","GO:0000978",219,2,0.943585010733232,0.943585010733232
"GOA_TC","down","GO:0008083",13,1,0.236366054292222,0.236366054292222
"GOA_TC","down","GO:0051020",111,2,1,0.669667855287864
"GOA_TC","down","GO:0004721",90,1,1,0.847378547921404
"GOA_TC","down","GO:0004532",24,2,1,0.0859020118451455
"GOA_TC","down","GO:0004722",40,1,0.564707800392648,0.564707800392648
"GOA_TC","down","GO:0016504",22,4,0.0197450083053116,0.000923682541719445
"GOA_TC","down","GO:0016505",11,2,1,0.0203239422859971
"GOA_TC","down","GO:0019955",17,1,0.29725860648306,0.29725860648306
"GOA_TC","down","GO:0017076",1142,10,1,0.999815832655277
"GOA_TC","down","GO:0005200",73,2,0.443970168037757,0.443970168037757
"GOA_TC","down","GO:0061650",25,1,1,0.404969588653571
"GOA_TC","down","GO:0044389",118,4,0.151928548790914,0.222844225890325
"GOA_TC","down","GO:0005201",28,4,0.00235157153432346,0.00235157153432346
"GOA_TC","down","GO:0004842",212,3,0.457677595905784,0.81689814249281
"GOA_TC","down","GO:0097367",1180,17,0.739524966704539,0.966564010543209
"GOA_TC","down","GO:0016247",25,2,1,0.0921615453055649
"GOA_TC","down","GO:0140640",303,5,1,0.752894849634334
"GOA_TC","down","GO:0051010",10,1,0.187289854525674,0.187289854525674
"GOA_TC","down","GO:0060090",242,3,0.492746172685041,0.880244225876378
"GOA_TC","down","GO:0032561",226,6,1,0.318203441558844
"GOA_TC","down","GO:0061659",172,1,1,0.973195773154691
"GOA_TC","down","GO:0005342",75,1,1,0.790784522186143
"GOA_TC","down","GO:0017022",29,2,0.11841092450609,0.11841092450609
"GOA_TC","down","GO:0003674",5705,117,1,1
"GOA_TC","down","GO:0017025",16,1,0.282502550660827,0.282502550660827
"GOA_TC","down","GO:0051015",102,5,0.0576865273847613,0.0576865273847613
"GOA_TC","down","GO:0003676",1350,22,1,0.915917167362397
"GOA_TC","down","GO:0045296",56,1,0.688418881754349,0.688418881754349
"GOA_TC","down","GO:0008656",10,2,0.0168523441824298,0.0168523441824298
"GOA_TC","down","GO:0015267",154,3,1,0.617200665074102
"GOA_TC","down","GO:0003677",667,5,0.964305217066842,0.998663044108869
"GOA_TC","down","GO:1901363",2439,33,1,0.999636443640522
"GOA_TC","down","GO:0043167",2652,39,1,0.99869209163265
"GOA_TC","down","GO:0001530",12,1,0.220342888645197,0.220342888645197
"GOA_TC","down","GO:0008028",29,1,0.452514770496354,0.452514770496354
"GOA_TC","down","GO:0043168",1278,11,1,0.999941501862278
"GOA_TC","down","GO:0008408",31,2,1,0.13215934968173
"GOA_TC","down","GO:0015631",174,1,1,0.974317484451159
"GOA_TC","down","GO:0043169",1785,31,1,0.892066407721227
"GOA_TC","down","GO:0005102",300,7,0.620508243231168,0.418973813907636
"GOA_TC","down","GO:0032553",1078,10,1,0.999482757642958
"GOA_TC","down","GO:0032934",35,4,0.001214540928025,0.00538624397391004
"GOA_TC","down","GO:0004175",142,4,1,0.332566628168929
"GOA_TC","down","GO:0044325",59,3,0.119958135180728,0.119958135180728
"GOA_TC","down","GO:0032555",1070,10,1,0.999413463672033
"GOA_TC","down","GO:0030515",18,1,0.311713730083883,0.311713730083883
"GOA_TC","down","GO:0019207",91,2,1,0.561162360853262
"GOA_TC","down","GO:0004177",15,1,0.267439352818968,0.267439352818968
"GOA_TC","down","GO:0140828",19,1,0.325874006781648,0.325874006781648
"GOA_TC","down","GO:0032559",878,4,1,0.999994991477677
"GOA_TC","down","GO:0034593",10,1,0.187289854525674,0.187289854525674
"GOA_TC","down","GO:0022853",98,3,0.450835781437512,0.325966511968452
"GOA_TC","down","GO:0052744",13,1,1,0.236366054292222
"GOA_TC","down","GO:0036094",1344,13,1,0.999828497974323
"GOA_TC","down","GO:0022857",389,9,0.504433768078661,0.404034802765513
"GOA_TC","down","GO:0008017",126,1,1,0.928656683651083
"GOA_TC","down","GO:0015399",56,1,1,0.688418881754349
"GOA_TC","down","GO:0016701",15,1,1,0.267439352818968
"GOA_TC","down","GO:0016702",14,1,0.252062676155857,0.252062676155857
"GOA_TC","down","GO:0030545",42,2,1,0.212650818532332
"GOA_TC","down","GO:0016705",69,1,0.762708668889902,0.762708668889902
"GOA_TC","down","GO:0030546",40,2,1,0.197584445885096
"GOA_TC","down","GO:0001221",33,1,0.496290792488994,0.496290792488994
"GOA_TC","down","GO:0003755",24,1,0.392457266919651,0.392457266919651
"GOA_TC","down","GO:0001227",34,1,0.506681126988075,0.506681126988075
"GOA_TC","down","GO:0008047",180,4,1,0.507842939837643
"GOA_TC","down","GO:0001228",84,1,0.826838557965031,0.826838557965031
"GOA_TC","down","GO:0019899",682,14,0.976706425399018,0.541883966424948
"GOA_TC","down","GO:0061629",93,1,1,0.856723301153889
"GOA_TC","down","GO:0033218",102,2,1,0.623725646610468
"GOA_TC","down","GO:0035639",1045,10,1,0.999135463224576
"GOA_TC","down","GO:0031593",18,1,0.311713730083883,0.311713730083883
"GOA_TC","down","GO:0001216",86,1,1,0.833972804860097
"GOA_TC","down","GO:1902936",32,1,1,0.485683525160198
"GOA_TC","down","GO:0001217",35,1,1,0.516858927753794
"GOA_TC","down","GO:0000049",34,0,1,1
"GOA_TC","down","GO:0000146",17,0,1,1
"GOA_TC","down","GO:0000149",42,0,1,1
"GOA_TC","down","GO:0000339",11,0,1,1
"GOA_TC","down","GO:0000993",19,0,1,1
"GOA_TC","down","GO:0001098",28,0,1,1
"GOA_TC","down","GO:0001099",28,0,1,1
"GOA_TC","down","GO:0001222",15,0,1,1
"GOA_TC","down","GO:0001223",15,0,1,1
"GOA_TC","down","GO:0001653",16,0,1,1
"GOA_TC","down","GO:0001664",42,0,1,1
"GOA_TC","down","GO:0001671",12,0,1,1
"GOA_TC","down","GO:0001727",24,0,1,1
"GOA_TC","down","GO:0001786",19,0,1,1
"GOA_TC","down","GO:0001965",15,0,1,1
"GOA_TC","down","GO:0002039",21,0,1,1
"GOA_TC","down","GO:0003678",20,0,1,1
"GOA_TC","down","GO:0003682",201,0,1,1
"GOA_TC","down","GO:0003684",29,0,1,1
"GOA_TC","down","GO:0003697",35,0,1,1
"GOA_TC","down","GO:0003724",65,0,1,1
"GOA_TC","down","GO:0003725",35,0,1,1
"GOA_TC","down","GO:0003743",38,0,1,1
"GOA_TC","down","GO:0003746",14,0,1,1
"GOA_TC","down","GO:0003756",10,0,1,1
"GOA_TC","down","GO:0003774",73,0,1,1
"GOA_TC","down","GO:0003777",55,0,1,1
"GOA_TC","down","GO:0003899",14,0,1,1
"GOA_TC","down","GO:0003950",27,0,1,1
"GOA_TC","down","GO:0003953",22,0,1,1
"GOA_TC","down","GO:0003955",10,0,1,1
"GOA_TC","down","GO:0004090",10,0,1,1
"GOA_TC","down","GO:0004100",10,0,1,1
"GOA_TC","down","GO:0004180",19,0,1,1
"GOA_TC","down","GO:0004181",10,0,1,1
"GOA_TC","down","GO:0004190",11,0,1,1
"GOA_TC","down","GO:0004222",43,0,1,1
"GOA_TC","down","GO:0004252",31,0,1,1
"GOA_TC","down","GO:0004303",10,0,1,1
"GOA_TC","down","GO:0004364",23,0,1,1
"GOA_TC","down","GO:0004386",113,0,1,1
"GOA_TC","down","GO:0004402",26,0,1,1
"GOA_TC","down","GO:0004407",11,0,1,1
"GOA_TC","down","GO:0004519",53,0,1,1
"GOA_TC","down","GO:0004520",19,0,1,1
"GOA_TC","down","GO:0004521",31,0,1,1
"GOA_TC","down","GO:0004536",26,0,1,1
"GOA_TC","down","GO:0004550",10,0,1,1
"GOA_TC","down","GO:0004553",56,0,1,1
"GOA_TC","down","GO:0004560",13,0,1,1
"GOA_TC","down","GO:0004568",10,0,1,1
"GOA_TC","down","GO:0004601",27,0,1,1
"GOA_TC","down","GO:0004602",12,0,1,1
"GOA_TC","down","GO:0004620",29,0,1,1
"GOA_TC","down","GO:0004622",10,0,1,1
"GOA_TC","down","GO:0004623",11,0,1,1
"GOA_TC","down","GO:0004653",10,0,1,1
"GOA_TC","down","GO:0004672",267,0,1,1
"GOA_TC","down","GO:0004674",216,0,1,1
"GOA_TC","down","GO:0004683",10,0,1,1
"GOA_TC","down","GO:0004693",17,0,1,1
"GOA_TC","down","GO:0004709",13,0,1,1
"GOA_TC","down","GO:0004712",22,0,1,1
"GOA_TC","down","GO:0004713",67,0,1,1
"GOA_TC","down","GO:0004714",23,0,1,1
"GOA_TC","down","GO:0004715",17,0,1,1
"GOA_TC","down","GO:0004725",50,0,1,1
"GOA_TC","down","GO:0004812",25,0,1,1
"GOA_TC","down","GO:0004843",42,0,1,1
"GOA_TC","down","GO:0004864",12,0,1,1
"GOA_TC","down","GO:0004869",14,0,1,1
"GOA_TC","down","GO:0004879",26,0,1,1
"GOA_TC","down","GO:0005001",17,0,1,1
"GOA_TC","down","GO:0005048",22,0,1,1
"GOA_TC","down","GO:0005080",10,0,1,1
"GOA_TC","down","GO:0005085",90,0,1,1
"GOA_TC","down","GO:0005096",87,0,1,1
"GOA_TC","down","GO:0005126",35,0,1,1
"GOA_TC","down","GO:0005154",12,0,1,1
"GOA_TC","down","GO:0005158",10,0,1,1
"GOA_TC","down","GO:0005164",10,0,1,1
"GOA_TC","down","GO:0005178",33,0,1,1
"GOA_TC","down","GO:0005217",13,0,1,1
"GOA_TC","down","GO:0005230",21,0,1,1
"GOA_TC","down","GO:0005231",15,0,1,1
"GOA_TC","down","GO:0005243",10,0,1,1
"GOA_TC","down","GO:0005244",29,0,1,1
"GOA_TC","down","GO:0005245",12,0,1,1
"GOA_TC","down","GO:0005246",10,0,1,1
"GOA_TC","down","GO:0005249",10,0,1,1
"GOA_TC","down","GO:0005267",20,0,1,1
"GOA_TC","down","GO:0005283",20,0,1,1
"GOA_TC","down","GO:0005295",14,0,1,1
"GOA_TC","down","GO:0005310",10,0,1,1
"GOA_TC","down","GO:0005319",67,0,1,1
"GOA_TC","down","GO:0005343",26,0,1,1
"GOA_TC","down","GO:0005416",22,0,1,1
"GOA_TC","down","GO:0005484",16,0,1,1
"GOA_TC","down","GO:0005516",88,0,1,1
"GOA_TC","down","GO:0005547",13,0,1,1
"GOA_TC","down","GO:0005548",32,0,1,1
"GOA_TC","down","GO:0008013",29,0,1,1
"GOA_TC","down","GO:0008061",27,0,1,1
"GOA_TC","down","GO:0008066",15,0,1,1
"GOA_TC","down","GO:0008080",34,0,1,1
"GOA_TC","down","GO:0008081",26,0,1,1
"GOA_TC","down","GO:0008093",30,0,1,1
"GOA_TC","down","GO:0008094",50,0,1,1
"GOA_TC","down","GO:0008097",10,0,1,1
"GOA_TC","down","GO:0008135",54,0,1,1
"GOA_TC","down","GO:0008139",13,0,1,1
"GOA_TC","down","GO:0008143",10,0,1,1
"GOA_TC","down","GO:0008175",10,0,1,1
"GOA_TC","down","GO:0008186",65,0,1,1
"GOA_TC","down","GO:0008194",62,0,1,1
"GOA_TC","down","GO:0008236",41,0,1,1
"GOA_TC","down","GO:0008266",11,0,1,1
"GOA_TC","down","GO:0008276",39,0,1,1
"GOA_TC","down","GO:0008320",11,0,1,1
"GOA_TC","down","GO:0008374",16,0,1,1
"GOA_TC","down","GO:0008375",30,0,1,1
"GOA_TC","down","GO:0008376",13,0,1,1
"GOA_TC","down","GO:0008378",15,0,1,1
"GOA_TC","down","GO:0008395",10,0,1,1
"GOA_TC","down","GO:0008417",12,0,1,1
"GOA_TC","down","GO:0008483",12,0,1,1
"GOA_TC","down","GO:0008525",15,0,1,1
"GOA_TC","down","GO:0008528",14,0,1,1
"GOA_TC","down","GO:0008559",15,0,1,1
"GOA_TC","down","GO:0008569",23,0,1,1
"GOA_TC","down","GO:0009055",27,0,1,1
"GOA_TC","down","GO:0010485",11,0,1,1
"GOA_TC","down","GO:0015026",16,0,1,1
"GOA_TC","down","GO:0015035",17,0,1,1
"GOA_TC","down","GO:0015036",21,0,1,1
"GOA_TC","down","GO:0015078",46,0,1,1
"GOA_TC","down","GO:0015079",33,0,1,1
"GOA_TC","down","GO:0015171",39,0,1,1
"GOA_TC","down","GO:0015175",26,0,1,1
"GOA_TC","down","GO:0015179",35,0,1,1
"GOA_TC","down","GO:0015187",15,0,1,1
"GOA_TC","down","GO:0015248",12,0,1,1
"GOA_TC","down","GO:0015252",10,0,1,1
"GOA_TC","down","GO:0015276",43,0,1,1
"GOA_TC","down","GO:0015375",13,0,1,1
"GOA_TC","down","GO:0015562",10,0,1,1
"GOA_TC","down","GO:0015928",13,0,1,1
"GOA_TC","down","GO:0015932",12,0,1,1
"GOA_TC","down","GO:0016209",39,0,1,1
"GOA_TC","down","GO:0016229",11,0,1,1
"GOA_TC","down","GO:0016278",29,0,1,1
"GOA_TC","down","GO:0016279",29,0,1,1
"GOA_TC","down","GO:0016301",334,0,1,1
"GOA_TC","down","GO:0016407",42,0,1,1
"GOA_TC","down","GO:0016408",11,0,1,1
"GOA_TC","down","GO:0016409",19,0,1,1
"GOA_TC","down","GO:0016410",40,0,1,1
"GOA_TC","down","GO:0016417",14,0,1,1
"GOA_TC","down","GO:0016538",14,0,1,1
"GOA_TC","down","GO:0016597",21,0,1,1
"GOA_TC","down","GO:0016620",18,0,1,1
"GOA_TC","down","GO:0016627",23,0,1,1
"GOA_TC","down","GO:0016645",11,0,1,1
"GOA_TC","down","GO:0016651",30,0,1,1
"GOA_TC","down","GO:0016655",13,0,1,1
"GOA_TC","down","GO:0016667",33,0,1,1
"GOA_TC","down","GO:0016684",28,0,1,1
"GOA_TC","down","GO:0016706",22,0,1,1
"GOA_TC","down","GO:0016712",11,0,1,1
"GOA_TC","down","GO:0016747",94,0,1,1
"GOA_TC","down","GO:0016757",123,0,1,1
"GOA_TC","down","GO:0016758",88,0,1,1
"GOA_TC","down","GO:0016763",35,0,1,1
"GOA_TC","down","GO:0016765",36,0,1,1
"GOA_TC","down","GO:0016769",12,0,1,1
"GOA_TC","down","GO:0016772",427,0,1,1
"GOA_TC","down","GO:0016773",317,0,1,1
"GOA_TC","down","GO:0016776",15,0,1,1
"GOA_TC","down","GO:0016779",88,0,1,1
"GOA_TC","down","GO:0016790",14,0,1,1
"GOA_TC","down","GO:0016798",95,0,1,1
"GOA_TC","down","GO:0016799",35,0,1,1
"GOA_TC","down","GO:0016805",11,0,1,1
"GOA_TC","down","GO:0016810",39,0,1,1
"GOA_TC","down","GO:0016811",24,0,1,1
"GOA_TC","down","GO:0016830",30,0,1,1
"GOA_TC","down","GO:0016831",21,0,1,1
"GOA_TC","down","GO:0016864",10,0,1,1
"GOA_TC","down","GO:0016874",88,0,1,1
"GOA_TC","down","GO:0016875",25,0,1,1
"GOA_TC","down","GO:0016877",16,0,1,1
"GOA_TC","down","GO:0016878",11,0,1,1
"GOA_TC","down","GO:0016879",27,0,1,1
"GOA_TC","down","GO:0016881",14,0,1,1
"GOA_TC","down","GO:0016887",253,0,1,1
"GOA_TC","down","GO:0016891",11,0,1,1
"GOA_TC","down","GO:0016893",15,0,1,1
"GOA_TC","down","GO:0016903",21,0,1,1
"GOA_TC","down","GO:0017018",33,0,1,1
"GOA_TC","down","GO:0017046",11,0,1,1
"GOA_TC","down","GO:0017056",16,0,1,1
"GOA_TC","down","GO:0017070",10,0,1,1
"GOA_TC","down","GO:0017124",37,0,1,1
"GOA_TC","down","GO:0017128",10,0,1,1
"GOA_TC","down","GO:0017134",13,0,1,1
"GOA_TC","down","GO:0017171",44,0,1,1
"GOA_TC","down","GO:0019198",17,0,1,1
"GOA_TC","down","GO:0019199",27,0,1,1
"GOA_TC","down","GO:0019205",21,0,1,1
"GOA_TC","down","GO:0019208",34,0,1,1
"GOA_TC","down","GO:0019209",45,0,1,1
"GOA_TC","down","GO:0019212",12,0,1,1
"GOA_TC","down","GO:0019213",14,0,1,1
"GOA_TC","down","GO:0019706",11,0,1,1
"GOA_TC","down","GO:0019707",11,0,1,1
"GOA_TC","down","GO:0019783",51,0,1,1
"GOA_TC","down","GO:0019829",20,0,1,1
"GOA_TC","down","GO:0019842",67,0,1,1
"GOA_TC","down","GO:0019888",31,0,1,1
"GOA_TC","down","GO:0019894",15,0,1,1
"GOA_TC","down","GO:0019902",88,0,1,1
"GOA_TC","down","GO:0019903",71,0,1,1
"GOA_TC","down","GO:0019904",205,0,1,1
"GOA_TC","down","GO:0019905",23,0,1,1
"GOA_TC","down","GO:0022824",20,0,1,1
"GOA_TC","down","GO:0022829",15,0,1,1
"GOA_TC","down","GO:0022832",29,0,1,1
"GOA_TC","down","GO:0022834",43,0,1,1
"GOA_TC","down","GO:0022835",20,0,1,1
"GOA_TC","down","GO:0022836",78,0,1,1
"GOA_TC","down","GO:0022839",78,0,1,1
"GOA_TC","down","GO:0022843",21,0,1,1
"GOA_TC","down","GO:0022848",11,0,1,1
"GOA_TC","down","GO:0022884",13,0,1,1
"GOA_TC","down","GO:0030145",32,0,1,1
"GOA_TC","down","GO:0030159",13,0,1,1
"GOA_TC","down","GO:0030165",33,0,1,1
"GOA_TC","down","GO:0030170",32,0,1,1
"GOA_TC","down","GO:0030247",10,0,1,1
"GOA_TC","down","GO:0030276",26,0,1,1
"GOA_TC","down","GO:0030295",43,0,1,1
"GOA_TC","down","GO:0030331",14,0,1,1
"GOA_TC","down","GO:0030332",13,0,1,1
"GOA_TC","down","GO:0030371",13,0,1,1
"GOA_TC","down","GO:0030507",31,0,1,1
"GOA_TC","down","GO:0030544",31,0,1,1
"GOA_TC","down","GO:0030551",13,0,1,1
"GOA_TC","down","GO:0030594",27,0,1,1
"GOA_TC","down","GO:0030695",170,0,1,1
"GOA_TC","down","GO:0030742",12,0,1,1
"GOA_TC","down","GO:0030971",29,0,1,1
"GOA_TC","down","GO:0031210",10,0,1,1
"GOA_TC","down","GO:0031369",18,0,1,1
"GOA_TC","down","GO:0031406",54,0,1,1
"GOA_TC","down","GO:0031490",22,0,1,1
"GOA_TC","down","GO:0031491",17,0,1,1
"GOA_TC","down","GO:0031683",13,0,1,1
"GOA_TC","down","GO:0032182",48,0,1,1
"GOA_TC","down","GO:0032451",11,0,1,1
"GOA_TC","down","GO:0032813",13,0,1,1
"GOA_TC","down","GO:0033293",20,0,1,1
"GOA_TC","down","GO:0033558",11,0,1,1
"GOA_TC","down","GO:0033764",11,0,1,1
"GOA_TC","down","GO:0034061",13,0,1,1
"GOA_TC","down","GO:0034062",15,0,1,1
"GOA_TC","down","GO:0034212",29,0,1,1
"GOA_TC","down","GO:0034237",10,0,1,1
"GOA_TC","down","GO:0035064",35,0,1,1
"GOA_TC","down","GO:0035198",10,0,1,1
"GOA_TC","down","GO:0035250",12,0,1,1
"GOA_TC","down","GO:0035254",18,0,1,1
"GOA_TC","down","GO:0035255",12,0,1,1
"GOA_TC","down","GO:0035591",38,0,1,1
"GOA_TC","down","GO:0042054",31,0,1,1
"GOA_TC","down","GO:0042162",14,0,1,1
"GOA_TC","down","GO:0042169",12,0,1,1
"GOA_TC","down","GO:0042393",100,0,1,1
"GOA_TC","down","GO:0042562",17,0,1,1
"GOA_TC","down","GO:0042625",13,0,1,1
"GOA_TC","down","GO:0042626",42,0,1,1
"GOA_TC","down","GO:0042799",14,0,1,1
"GOA_TC","down","GO:0042805",11,0,1,1
"GOA_TC","down","GO:0042887",18,0,1,1
"GOA_TC","down","GO:0042910",20,0,1,1
"GOA_TC","down","GO:0043015",11,0,1,1
"GOA_TC","down","GO:0043027",21,0,1,1
"GOA_TC","down","GO:0043130",44,0,1,1
"GOA_TC","down","GO:0043175",21,0,1,1
"GOA_TC","down","GO:0043177",54,0,1,1
"GOA_TC","down","GO:0043495",11,0,1,1
"GOA_TC","down","GO:0043539",24,0,1,1
"GOA_TC","down","GO:0043560",10,0,1,1
"GOA_TC","down","GO:0044183",33,0,1,1
"GOA_TC","down","GO:0044390",12,0,1,1
"GOA_TC","down","GO:0044769",13,0,1,1
"GOA_TC","down","GO:0045182",76,0,1,1
"GOA_TC","down","GO:0045309",18,0,1,1
"GOA_TC","down","GO:0045504",13,0,1,1
"GOA_TC","down","GO:0045505",36,0,1,1
"GOA_TC","down","GO:0046332",24,0,1,1
"GOA_TC","down","GO:0046624",11,0,1,1
"GOA_TC","down","GO:0046625",10,0,1,1
"GOA_TC","down","GO:0046875",11,0,1,1
"GOA_TC","down","GO:0046961",13,0,1,1
"GOA_TC","down","GO:0048027",13,0,1,1
"GOA_TC","down","GO:0048306",22,0,1,1
"GOA_TC","down","GO:0048487",15,0,1,1
"GOA_TC","down","GO:0050660",49,0,1,1
"GOA_TC","down","GO:0050661",30,0,1,1
"GOA_TC","down","GO:0050997",18,0,1,1
"GOA_TC","down","GO:0051018",18,0,1,1
"GOA_TC","down","GO:0051019",16,0,1,1
"GOA_TC","down","GO:0051059",11,0,1,1
"GOA_TC","down","GO:0051219",34,0,1,1
"GOA_TC","down","GO:0051287",50,0,1,1
"GOA_TC","down","GO:0051393",10,0,1,1
"GOA_TC","down","GO:0051536",43,0,1,1
"GOA_TC","down","GO:0051537",18,0,1,1
"GOA_TC","down","GO:0051539",23,0,1,1
"GOA_TC","down","GO:0051540",43,0,1,1
"GOA_TC","down","GO:0051721",17,0,1,1
"GOA_TC","down","GO:0051879",21,0,1,1
"GOA_TC","down","GO:0051959",25,0,1,1
"GOA_TC","down","GO:0052742",12,0,1,1
"GOA_TC","down","GO:0055077",10,0,1,1
"GOA_TC","down","GO:0055106",13,0,1,1
"GOA_TC","down","GO:0060589",170,0,1,1
"GOA_TC","down","GO:0060590",16,0,1,1
"GOA_TC","down","GO:0061608",10,0,1,1
"GOA_TC","down","GO:0061733",27,0,1,1
"GOA_TC","down","GO:0061809",22,0,1,1
"GOA_TC","down","GO:0061980",16,0,1,1
"GOA_TC","down","GO:0070001",11,0,1,1
"GOA_TC","down","GO:0070034",11,0,1,1
"GOA_TC","down","GO:0070063",34,0,1,1
"GOA_TC","down","GO:0070279",32,0,1,1
"GOA_TC","down","GO:0070402",10,0,1,1
"GOA_TC","down","GO:0070403",22,0,1,1
"GOA_TC","down","GO:0070566",19,0,1,1
"GOA_TC","down","GO:0070577",13,0,1,1
"GOA_TC","down","GO:0070717",15,0,1,1
"GOA_TC","down","GO:0070840",17,0,1,1
"GOA_TC","down","GO:0070851",25,0,1,1
"GOA_TC","down","GO:0071949",21,0,1,1
"GOA_TC","down","GO:0072341",27,0,1,1
"GOA_TC","down","GO:0090079",63,0,1,1
"GOA_TC","down","GO:0097110",28,0,1,1
"GOA_TC","down","GO:0097153",14,0,1,1
"GOA_TC","down","GO:0097199",10,0,1,1
"GOA_TC","down","GO:0097200",11,0,1,1
"GOA_TC","down","GO:0097472",17,0,1,1
"GOA_TC","down","GO:0097747",15,0,1,1
"GOA_TC","down","GO:0098531",26,0,1,1
"GOA_TC","down","GO:0098960",23,0,1,1
"GOA_TC","down","GO:0099094",37,0,1,1
"GOA_TC","down","GO:0099529",19,0,1,1
"GOA_TC","down","GO:0099604",18,0,1,1
"GOA_TC","down","GO:0101005",45,0,1,1
"GOA_TC","down","GO:0106310",197,0,1,1
"GOA_TC","down","GO:0120013",26,0,1,1
"GOA_TC","down","GO:0120014",12,0,1,1
"GOA_TC","down","GO:0120015",12,0,1,1
"GOA_TC","down","GO:0120020",10,0,1,1
"GOA_TC","down","GO:0140031",12,0,1,1
"GOA_TC","down","GO:0140033",13,0,1,1
"GOA_TC","down","GO:0140034",37,0,1,1
"GOA_TC","down","GO:0140097",101,0,1,1
"GOA_TC","down","GO:0140101",58,0,1,1
"GOA_TC","down","GO:0140103",15,0,1,1
"GOA_TC","down","GO:0140104",32,0,1,1
"GOA_TC","down","GO:0140142",18,0,1,1
"GOA_TC","down","GO:0140299",12,0,1,1
"GOA_TC","down","GO:0140303",24,0,1,1
"GOA_TC","down","GO:0140313",10,0,1,1
"GOA_TC","down","GO:0140318",14,0,1,1
"GOA_TC","down","GO:0140326",14,0,1,1
"GOA_TC","down","GO:0140359",23,0,1,1
"GOA_TC","down","GO:0140463",14,0,1,1
"GOA_TC","down","GO:0140657",345,0,1,1
"GOA_TC","down","GO:0140658",22,0,1,1
"GOA_TC","down","GO:0140662",23,0,1,1
"GOA_TC","down","GO:0140693",11,0,1,1
"GOA_TC","down","GO:0140767",42,0,1,1
"GOA_TC","down","GO:0140938",15,0,1,1
"GOA_TC","down","GO:0140939",15,0,1,1
"GOA_TC","down","GO:0140944",13,0,1,1
"GOA_TC","down","GO:0140993",100,0,1,1
"GOA_TC","down","GO:0140994",13,0,1,1
"GOA_TC","down","GO:1901505",11,0,1,1
"GOA_TC","down","GO:1904315",19,0,1,1
"GOA_TC","down","GO:1990380",10,0,1,1
"GOA_TC","down","GO:1990404",28,0,1,1
"GOA_TC","down","GO:1990756",34,0,1,1
"GOA_TC","down","GO:1990782",35,0,1,1
"GOA_TC","down","GO:1990841",28,0,1,1
"GOW_TC","up","GO:1901363",1642,35,1,0.0745171196472493
"GOW_TC","up","GO:0015318",130,3,1,0.399732869861865
"GOW_TC","up","GO:0016740",625,7,1,0.938696099731368
"GOW_TC","up","GO:0060090",145,3,0.38082812345561,0.47022335767172
"GOW_TC","up","GO:0005126",30,1,1,0.41270155781386
"GOW_TC","up","GO:0000981",151,5,0.0567187586483122,0.123082209424016
"GOW_TC","up","GO:0140101",27,1,1,0.38047573798637
"GOW_TC","up","GO:0015171",25,2,1,0.070013455579832
"GOW_TC","up","GO:0016746",193,3,1,0.665985449949999
"GOW_TC","up","GO:0051082",43,2,0.173135720711633,0.173135720711633
"GOW_TC","up","GO:0016810",20,1,1,0.298356698126811
"GOW_TC","up","GO:0016747",49,1,0.581703297439153,0.581703297439153
"GOW_TC","up","GO:0005096",69,2,0.341775457179755,0.341775457179755
"GOW_TC","up","GO:0000987",149,4,1,0.26348748960797
"GOW_TC","up","GO:0016811",15,1,0.233228426510023,0.233228426510023
"GOW_TC","up","GO:0030695",125,2,1,0.650381211187932
"GOW_TC","up","GO:0008233",148,1,1,0.93067593593418
"GOW_TC","up","GO:0000049",20,3,0.00472640854964431,0.00472640854964431
"GOW_TC","up","GO:0015175",18,2,1,0.0385950996898329
"GOW_TC","up","GO:0008234",60,1,1,0.656592781376678
"GOW_TC","up","GO:0140677",172,3,1,0.586960638326188
"GOW_TC","up","GO:0015179",22,2,1,0.0557327398841326
"GOW_TC","up","GO:0016817",293,7,1,0.250522604159259
"GOW_TC","up","GO:0008408",14,1,0.219505917623226,0.219505917623226
"GOW_TC","up","GO:0016818",293,7,1,0.250522604159259
"GOW_TC","up","GO:0003700",163,5,1,0.155139993015446
"GOW_TC","up","GO:1901702",106,3,0.458802067247604,0.283582701148001
"GOW_TC","up","GO:0022890",114,3,1,0.322323029446975
"GOW_TC","up","GO:0016491",194,2,0.938251448742119,0.862490493653694
"GOW_TC","up","GO:0090079",53,3,1,0.0646539438953238
"GOW_TC","up","GO:0000976",185,4,1,0.408171563258954
"GOW_TC","up","GO:0000166",801,13,1,0.67096112418111
"GOW_TC","up","GO:0000977",166,4,1,0.331267480336218
"GOW_TC","up","GO:0000978",146,4,0.251814609672821,0.251814609672821
"GOW_TC","up","GO:0042826",15,1,0.233228426510023,0.233228426510023
"GOW_TC","up","GO:0098772",379,3,1,0.968928913777526
"GOW_TC","up","GO:0043167",1737,24,1,0.959620496688152
"GOW_TC","up","GO:0042393",76,4,0.0429630716413649,0.0429630716413649
"GOW_TC","up","GO:0043168",850,14,0.85429891840136,0.652080838649076
"GOW_TC","up","GO:0036002",12,1,0.191331489687055,0.191331489687055
"GOW_TC","up","GO:0046982",64,2,0.309358398288379,0.309358398288379
"GOW_TC","up","GO:0043169",1161,11,1,0.99740951670765
"GOW_TC","up","GO:0046983",195,4,0.369210505796376,0.448182644350022
"GOW_TC","up","GO:0042578",83,1,1,0.773104413258435
"GOW_TC","up","GO:0051020",88,3,1,0.199078208065977
"GOW_TC","up","GO:0005215",245,6,1,0.25656130780196
"GOW_TC","up","GO:0048027",12,1,0.191331489687055,0.191331489687055
"GOW_TC","up","GO:0005216",67,1,1,0.697201825280959
"GOW_TC","up","GO:0048029",20,1,0.298356698126811,0.298356698126811
"GOW_TC","up","GO:0008514",54,2,1,0.243936836322226
"GOW_TC","up","GO:0030554",631,10,1,0.687893131109329
"GOW_TC","up","GO:0044877",458,9,0.983559201184828,0.410408708718101
"GOW_TC","up","GO:0004888",88,1,0.792725005562437,0.792725005562437
"GOW_TC","up","GO:0140640",179,4,1,0.38392932346087
"GOW_TC","up","GO:0005244",13,1,0.205541668970737,0.205541668970737
"GOW_TC","up","GO:0004721",55,1,1,0.624348740405493
"GOW_TC","up","GO:0097159",1663,36,1,0.0548154894937756
"GOW_TC","up","GO:0051015",84,2,0.43570041919263,0.43570041919263
"GOW_TC","up","GO:0140297",99,1,0.830199118927442,0.830199118927442
"GOW_TC","up","GO:0061659",94,1,1,0.814074187335851
"GOW_TC","up","GO:0036094",883,15,1,0.602725754161054
"GOW_TC","up","GO:0004725",28,1,0.391406540654906,0.391406540654906
"GOW_TC","up","GO:0008194",35,1,1,0.462781889498662
"GOW_TC","up","GO:0051018",14,1,0.219505917623226,0.219505917623226
"GOW_TC","up","GO:0003924",107,3,0.288405587590017,0.288405587590017
"GOW_TC","up","GO:0030246",68,3,0.201866995043644,0.115365539031842
"GOW_TC","up","GO:0060589",125,2,1,0.650381211187932
"GOW_TC","up","GO:0031406",30,1,1,0.41270155781386
"GOW_TC","up","GO:0016705",37,1,0.481614924885568,0.481614924885568
"GOW_TC","up","GO:1901265",801,13,1,0.67096112418111
"GOW_TC","up","GO:0016462",293,7,1,0.250522604159259
"GOW_TC","up","GO:0004879",19,1,0.285782445405069,0.285782445405069
"GOW_TC","up","GO:0033218",70,2,0.285386861755992,0.348209439921618
"GOW_TC","up","GO:0008013",15,1,0.233228426510023,0.233228426510023
"GOW_TC","up","GO:0140030",57,2,0.263569134633002,0.263569134633002
"GOW_TC","up","GO:1990837",193,5,0.130425797378657,0.247915834542683
"GOW_TC","up","GO:0017111",288,7,1,0.237067118281079
"GOW_TC","up","GO:0008017",100,3,0.254848993956588,0.254848993956588
"GOW_TC","up","GO:0030234",298,3,1,0.904328727093942
"GOW_TC","up","GO:0043177",30,1,1,0.41270155781386
"GOW_TC","up","GO:0043178",27,1,1,0.38047573798637
"GOW_TC","up","GO:0000287",57,1,0.637589197166892,0.637589197166892
"GOW_TC","up","GO:0046914",295,4,1,0.771818967541555
"GOW_TC","up","GO:0046915",14,1,0.219505917623226,0.219505917623226
"GOW_TC","up","GO:0022853",66,2,1,0.322368868043206
"GOW_TC","up","GO:0031490",13,1,0.205541668970737,0.205541668970737
"GOW_TC","up","GO:0035639",716,13,1,0.492552527276887
"GOW_TC","up","GO:0005085",63,1,0.674614417791038,0.674614417791038
"GOW_TC","up","GO:0022857",224,5,1,0.355429554687156
"GOW_TC","up","GO:0060089",147,2,1,0.736617691639589
"GOW_TC","up","GO:0016791",66,1,1,0.691704093058407
"GOW_TC","up","GO:0005524",575,10,0.563415821406674,0.563415821406674
"GOW_TC","up","GO:0008047",131,3,0.664158809800234,0.40451796729925
"GOW_TC","up","GO:0031072",50,2,0.458939366076891,0.217892538931152
"GOW_TC","up","GO:0005525",156,3,0.519621344670777,0.519621344670777
"GOW_TC","up","GO:0005102",230,5,0.944020488251313,0.376794128407008
"GOW_TC","up","GO:0001221",28,1,0.391406540654906,0.391406540654906
"GOW_TC","up","GO:0016796",12,1,1,0.191331489687055
"GOW_TC","up","GO:0004812",17,1,0.259964638102572,0.259964638102572
"GOW_TC","up","GO:0046943",45,2,1,0.1857747977544
"GOW_TC","up","GO:0005496",31,1,1,0.423072217618831
"GOW_TC","up","GO:0048487",11,1,0.176871117425613,0.176871117425613
"GOW_TC","up","GO:0001228",54,1,0.617551042222407,0.617551042222407
"GOW_TC","up","GO:0030674",118,2,0.618719201342792,0.618719201342792
"GOW_TC","up","GO:0015081",46,1,1,0.558627472983822
"GOW_TC","up","GO:0004527",20,1,1,0.298356698126811
"GOW_TC","up","GO:0005515",1554,30,0.92775260636346,0.280115482825284
"GOW_TC","up","GO:0005516",67,2,0.328853766369948,0.328853766369948
"GOW_TC","up","GO:0004672",191,1,1,0.968739678222516
"GOW_TC","up","GO:0003690",207,5,1,0.295581825729651
"GOW_TC","up","GO:0008375",19,1,0.285782445405069,0.285782445405069
"GOW_TC","up","GO:0020037",31,1,0.423072217618831,0.423072217618831
"GOW_TC","up","GO:0015085",37,1,1,0.481614924885568
"GOW_TC","up","GO:0004674",152,1,0.935599928829394,0.935599928829394
"GOW_TC","up","GO:0097110",16,1,0.246713316195318,0.246713316195318
"GOW_TC","up","GO:0004842",129,2,0.494067795429703,0.667539407368536
"GOW_TC","up","GO:0004497",23,1,0.334786098047949,0.334786098047949
"GOW_TC","up","GO:0001216",54,1,1,0.617551042222407
"GOW_TC","up","GO:0016896",11,1,0.176871117425613,0.176871117425613
"GOW_TC","up","GO:0042802",358,2,0.986474391838298,0.989598280440366
"GOW_TC","up","GO:0000146",16,2,0.0309550812306057,0.0309550812306057
"GOW_TC","up","GO:0043565",223,7,0.0917848883103783,0.0927677606601399
"GOW_TC","up","GO:0042803",127,1,0.898075337180039,0.898075337180039
"GOW_TC","up","GO:0005543",119,1,0.882025347257099,0.882025347257099
"GOW_TC","up","GO:0005198",191,2,0.83905272264167,0.856443122994663
"GOW_TC","up","GO:0004518",46,1,1,0.558627472983822
"GOW_TC","up","GO:0032934",27,1,1,0.38047573798637
"GOW_TC","up","GO:0035254",13,1,0.205541668970737,0.205541668970737
"GOW_TC","up","GO:0008324",125,3,1,0.375678416063733
"GOW_TC","up","GO:0070717",12,1,0.191331489687055,0.191331489687055
"GOW_TC","up","GO:0015075",142,3,1,0.45637846764781
"GOW_TC","up","GO:0005548",20,1,0.298356698126811,0.298356698126811
"GOW_TC","up","GO:0001067",186,4,1,0.412198619033169
"GOW_TC","up","GO:0008509",23,1,0.334786098047949,0.334786098047949
"GOW_TC","up","GO:0034185",13,1,0.205541668970737,0.205541668970737
"GOW_TC","up","GO:0004540",29,1,1,0.402147397254806
"GOW_TC","up","GO:0004197",38,1,0.490786136067505,0.490786136067505
"GOW_TC","up","GO:0098531",19,1,1,0.285782445405069
"GOW_TC","up","GO:0003774",65,3,1,0.104246161397388
"GOW_TC","up","GO:0016597",13,1,0.205541668970737,0.205541668970737
"GOW_TC","up","GO:0003777",48,1,0.574146519877603,0.574146519877603
"GOW_TC","up","GO:0061630",91,1,0.803685142749498,0.803685142749498
"GOW_TC","up","GO:0003779",150,3,0.688718577430855,0.492957991658432
"GOW_TC","up","GO:0019899",488,7,1,0.770010178278633
"GOW_TC","up","GO:0002039",19,1,0.285782445405069,0.285782445405069
"GOW_TC","up","GO:0004532",11,1,1,0.176871117425613
"GOW_TC","up","GO:0120013",18,1,0.272986375656263,0.272986375656263
"GOW_TC","up","GO:0032561",163,3,1,0.549790064276841
"GOW_TC","up","GO:0140096",685,7,0.878492334522091,0.969091618551807
"GOW_TC","up","GO:0140097",57,2,0.356078313837239,0.263569134633002
"GOW_TC","up","GO:0140098",118,2,1,0.618719201342792
"GOW_TC","up","GO:0044389",86,1,0.785085792789426,0.785085792789426
"GOW_TC","up","GO:0003723",529,16,0.317026000273289,0.0175073501690695
"GOW_TC","up","GO:0140110",303,5,1,0.622669648323595
"GOW_TC","up","GO:0016755",140,2,1,0.711300034906849
"GOW_TC","up","GO:0003727",36,1,1,0.472281121594033
"GOW_TC","up","GO:0016757",72,1,1,0.723275099261788
"GOW_TC","up","GO:0003729",137,6,0.224399217106322,0.0314169552463621
"GOW_TC","up","GO:0016758",48,1,1,0.574146519877603
"GOW_TC","up","GO:0019001",163,3,1,0.549790064276841
"GOW_TC","up","GO:0019003",18,1,0.272986375656263,0.272986375656263
"GOW_TC","up","GO:0046906",32,1,1,0.433262518122847
"GOW_TC","up","GO:0015291",73,4,1,0.0378830067532744
"GOW_TC","up","GO:0017076",772,13,1,0.613349082859851
"GOW_TC","up","GO:0046872",1150,11,0.999366037593955,0.99698695208108
"GOW_TC","up","GO:0008289",196,3,0.599705889345928,0.676358228547758
"GOW_TC","up","GO:0015293",42,3,0.187362118552974,0.0362453386434656
"GOW_TC","up","GO:0046873",87,3,1,0.19457399899585
"GOW_TC","up","GO:0015294",30,2,0.0997980781919847,0.0960767410422335
"GOW_TC","up","GO:0030971",23,1,0.334786098047949,0.334786098047949
"GOW_TC","up","GO:0032553",736,13,1,0.536737993512322
"GOW_TC","up","GO:0004386",79,1,1,0.756100981323414
"GOW_TC","up","GO:0046875",10,1,0.16215621715957,0.16215621715957
"GOW_TC","up","GO:0032555",730,13,1,0.523569918188247
"GOW_TC","up","GO:0015297",30,1,0.41270155781386,0.41270155781386
"GOW_TC","up","GO:0008270",235,3,0.790455572557436,0.790455572557436
"GOW_TC","up","GO:0030165",20,1,0.298356698126811,0.298356698126811
"GOW_TC","up","GO:0032559",588,10,1,0.593979388299088
"GOW_TC","up","GO:0008092",322,7,0.493836124767973,0.332654329926941
"GOW_TC","up","GO:0016787",687,13,0.437802261877596,0.427662445414456
"GOW_TC","up","GO:0008094",32,1,1,0.433262518122847
"GOW_TC","up","GO:0017022",26,1,0.369351683557948,0.369351683557948
"GOW_TC","up","GO:0016788",151,2,1,0.750236814559139
"GOW_TC","up","GO:0003823",17,1,0.259964638102572,0.259964638102572
"GOW_TC","up","GO:0022832",13,1,1,0.205541668970737
"GOW_TC","up","GO:0045182",63,3,1,0.0970874500744233
"GOW_TC","up","GO:0003824",1550,23,1,0.881583152886946
"GOW_TC","up","GO:0016853",44,1,0.542551889591755,0.542551889591755
"GOW_TC","up","GO:0005488",3171,56,1,0.522232070667549
"GOW_TC","up","GO:0044325",33,1,0.443275547837991,0.443275547837991
"GOW_TC","up","GO:0022836",37,1,1,0.481614924885568
"GOW_TC","up","GO:0015631",134,3,1,0.418811216641565
"GOW_TC","up","GO:0022839",37,1,1,0.481614924885568
"GOW_TC","up","GO:0031267",85,3,0.185647500513588,0.185647500513588
"GOW_TC","up","GO:0003743",31,3,0.0162539130161347,0.0162539130161347
"GOW_TC","up","GO:0016772",277,3,0.0540034409654965,0.874513639005963
"GOW_TC","up","GO:0005261",53,1,1,0.610632260631663
"GOW_TC","up","GO:0016773",215,1,1,0.980043736670497
"GOW_TC","up","GO:0005262",29,1,0.402147397254806,0.402147397254806
"GOW_TC","up","GO:0005506",28,1,0.391406540654906,0.391406540654906
"GOW_TC","up","GO:0015370",23,1,1,0.334786098047949
"GOW_TC","up","GO:0003682",133,6,0.0551522397133138,0.0276670807957512
"GOW_TC","up","GO:0140662",20,2,0.0468716436919761,0.0468716436919761
"GOW_TC","up","GO:0005509",218,4,0.536737683015944,0.536737683015944
"GOW_TC","up","GO:0044183",29,2,1,0.0906625558577103
"GOW_TC","up","GO:0016779",46,1,0.558627472983822,0.558627472983822
"GOW_TC","up","GO:1990782",28,1,1,0.391406540654906
"GOW_TC","up","GO:0042277",51,1,0.596422920633725,0.596422920633725
"GOW_TC","up","GO:0016887",184,4,0.404140065959942,0.404140065959942
"GOW_TC","up","GO:0003730",34,3,0.0208498358260159,0.0208498358260159
"GOW_TC","up","GO:0019787",133,2,1,0.684027438272586
"GOW_TC","up","GO:0015485",18,1,0.272986375656263,0.272986375656263
"GOW_TC","up","GO:0048306",18,1,0.272986375656263,0.272986375656263
"GOW_TC","up","GO:0003735",90,1,0.800096710319441,0.800096710319441
"GOW_TC","up","GO:0038023",147,2,1,0.736617691639589
"GOW_TC","up","GO:0016301",226,1,1,0.983771000052219
"GOW_TC","up","GO:0038024",19,1,0.285782445405069,0.285782445405069
"GOW_TC","up","GO:0005319",36,1,1,0.472281121594033
"GOW_TC","up","GO:0003674",3711,65,1,1
"GOW_TC","up","GO:0032813",11,1,0.176871117425613,0.176871117425613
"GOW_TC","up","GO:0003676",938,24,1,0.0239274283826011
"GOW_TC","up","GO:0016874",51,1,1,0.596422920633725
"GOW_TC","up","GO:0003677",426,9,0.824593071070502,0.327109993707701
"GOW_TC","up","GO:0140657",259,7,1,0.164863535517176
"GOW_TC","up","GO:0051879",15,1,0.233228426510023,0.233228426510023
"GOW_TC","up","GO:0016875",17,1,1,0.259964638102572
"GOW_TC","up","GO:0003678",10,1,0.16215621715957,0.16215621715957
"GOW_TC","up","GO:0140658",17,1,0.259964638102572,0.259964638102572
"GOW_TC","up","GO:0140993",70,1,0.71312232885439,0.71312232885439
"GOW_TC","up","GO:0005342",45,2,1,0.1857747977544
"GOW_TC","up","GO:0005343",19,1,1,0.285782445405069
"GOW_TC","up","GO:0008134",128,2,1,0.663313034842211
"GOW_TC","up","GO:0015267",80,1,1,0.760465914201712
"GOW_TC","up","GO:0008135",44,3,1,0.0408009788694233
"GOW_TC","up","GO:0005283",13,1,0.205541668970737,0.205541668970737
"GOW_TC","up","GO:0097367",809,14,0.728346177671308,0.569858674001354
"GOW_TC","up","GO:0019900",175,4,1,0.367720571720656
"GOW_TC","up","GO:0022803",81,1,1,0.76475391078031
"GOW_TC","up","GO:0019901",157,4,0.390056315509803,0.295104812104883
"GOW_TC","up","GO:0005416",14,1,1,0.219505917623226
"GOW_TC","up","GO:0015187",10,2,0.0124178451919365,0.0124178451919365
"GOW_TC","up","GO:0022804",116,4,1,0.144173074963083
"GOW_TC","up","GO:0019902",57,1,1,0.637589197166892
"GOW_TC","up","GO:0019903",43,1,0.53429928698933,0.53429928698933
"GOW_TC","up","GO:0019904",157,2,0.913015086670003,0.769551014949392
"GOW_TC","up","GO:0004175",92,1,1,0.807210133280239
"GOW_TC","up","GO:0000149",28,0,1,1
"GOW_TC","up","GO:0000339",10,0,1,1
"GOW_TC","up","GO:0000993",14,0,1,1
"GOW_TC","up","GO:0001098",21,0,1,1
"GOW_TC","up","GO:0001099",21,0,1,1
"GOW_TC","up","GO:0001217",22,0,1,1
"GOW_TC","up","GO:0001222",14,0,1,1
"GOW_TC","up","GO:0001223",11,0,1,1
"GOW_TC","up","GO:0001227",21,0,1,1
"GOW_TC","up","GO:0001530",10,0,1,1
"GOW_TC","up","GO:0001664",33,0,1,1
"GOW_TC","up","GO:0001671",11,0,1,1
"GOW_TC","up","GO:0001727",12,0,1,1
"GOW_TC","up","GO:0001786",16,0,1,1
"GOW_TC","up","GO:0002020",25,0,1,1
"GOW_TC","up","GO:0003684",11,0,1,1
"GOW_TC","up","GO:0003697",21,0,1,1
"GOW_TC","up","GO:0003712",141,0,1,1
"GOW_TC","up","GO:0003713",78,0,1,1
"GOW_TC","up","GO:0003714",55,0,1,1
"GOW_TC","up","GO:0003724",48,0,1,1
"GOW_TC","up","GO:0003725",24,0,1,1
"GOW_TC","up","GO:0003746",12,0,1,1
"GOW_TC","up","GO:0003755",16,0,1,1
"GOW_TC","up","GO:0003925",15,0,1,1
"GOW_TC","up","GO:0003950",19,0,1,1
"GOW_TC","up","GO:0004177",11,0,1,1
"GOW_TC","up","GO:0004180",11,0,1,1
"GOW_TC","up","GO:0004222",27,0,1,1
"GOW_TC","up","GO:0004252",21,0,1,1
"GOW_TC","up","GO:0004364",15,0,1,1
"GOW_TC","up","GO:0004402",16,0,1,1
"GOW_TC","up","GO:0004519",28,0,1,1
"GOW_TC","up","GO:0004520",11,0,1,1
"GOW_TC","up","GO:0004521",18,0,1,1
"GOW_TC","up","GO:0004536",11,0,1,1
"GOW_TC","up","GO:0004553",30,0,1,1
"GOW_TC","up","GO:0004601",20,0,1,1
"GOW_TC","up","GO:0004620",14,0,1,1
"GOW_TC","up","GO:0004709",10,0,1,1
"GOW_TC","up","GO:0004712",18,0,1,1
"GOW_TC","up","GO:0004713",51,0,1,1
"GOW_TC","up","GO:0004714",16,0,1,1
"GOW_TC","up","GO:0004715",13,0,1,1
"GOW_TC","up","GO:0004722",27,0,1,1
"GOW_TC","up","GO:0004843",28,0,1,1
"GOW_TC","up","GO:0004857",62,0,1,1
"GOW_TC","up","GO:0004860",12,0,1,1
"GOW_TC","up","GO:0004864",10,0,1,1
"GOW_TC","up","GO:0004866",23,0,1,1
"GOW_TC","up","GO:0004930",21,0,1,1
"GOW_TC","up","GO:0005048",17,0,1,1
"GOW_TC","up","GO:0005125",13,0,1,1
"GOW_TC","up","GO:0005154",11,0,1,1
"GOW_TC","up","GO:0005158",10,0,1,1
"GOW_TC","up","GO:0005178",27,0,1,1
"GOW_TC","up","GO:0005200",44,0,1,1
"GOW_TC","up","GO:0005201",18,0,1,1
"GOW_TC","up","GO:0005253",12,0,1,1
"GOW_TC","up","GO:0005254",11,0,1,1
"GOW_TC","up","GO:0005272",13,0,1,1
"GOW_TC","up","GO:0005484",10,0,1,1
"GOW_TC","up","GO:0005507",17,0,1,1
"GOW_TC","up","GO:0005518",14,0,1,1
"GOW_TC","up","GO:0005539",28,0,1,1
"GOW_TC","up","GO:0005544",15,0,1,1
"GOW_TC","up","GO:0005546",18,0,1,1
"GOW_TC","up","GO:0008028",20,0,1,1
"GOW_TC","up","GO:0008061",16,0,1,1
"GOW_TC","up","GO:0008080",22,0,1,1
"GOW_TC","up","GO:0008081",17,0,1,1
"GOW_TC","up","GO:0008093",10,0,1,1
"GOW_TC","up","GO:0008139",10,0,1,1
"GOW_TC","up","GO:0008168",50,0,1,1
"GOW_TC","up","GO:0008170",29,0,1,1
"GOW_TC","up","GO:0008173",11,0,1,1
"GOW_TC","up","GO:0008186",48,0,1,1
"GOW_TC","up","GO:0008187",10,0,1,1
"GOW_TC","up","GO:0008201",21,0,1,1
"GOW_TC","up","GO:0008235",20,0,1,1
"GOW_TC","up","GO:0008236",28,0,1,1
"GOW_TC","up","GO:0008237",52,0,1,1
"GOW_TC","up","GO:0008238",26,0,1,1
"GOW_TC","up","GO:0008276",30,0,1,1
"GOW_TC","up","GO:0008569",20,0,1,1
"GOW_TC","up","GO:0008757",46,0,1,1
"GOW_TC","up","GO:0009055",21,0,1,1
"GOW_TC","up","GO:0015026",11,0,1,1
"GOW_TC","up","GO:0015035",12,0,1,1
"GOW_TC","up","GO:0015036",14,0,1,1
"GOW_TC","up","GO:0015078",34,0,1,1
"GOW_TC","up","GO:0015079",14,0,1,1
"GOW_TC","up","GO:0015103",23,0,1,1
"GOW_TC","up","GO:0015108",19,0,1,1
"GOW_TC","up","GO:0015248",10,0,1,1
"GOW_TC","up","GO:0015276",19,0,1,1
"GOW_TC","up","GO:0015399",42,0,1,1
"GOW_TC","up","GO:0015453",13,0,1,1
"GOW_TC","up","GO:0016209",30,0,1,1
"GOW_TC","up","GO:0016247",18,0,1,1
"GOW_TC","up","GO:0016278",24,0,1,1
"GOW_TC","up","GO:0016279",24,0,1,1
"GOW_TC","up","GO:0016298",17,0,1,1
"GOW_TC","up","GO:0016407",23,0,1,1
"GOW_TC","up","GO:0016410",26,0,1,1
"GOW_TC","up","GO:0016504",16,0,1,1
"GOW_TC","up","GO:0016505",10,0,1,1
"GOW_TC","up","GO:0016614",27,0,1,1
"GOW_TC","up","GO:0016616",27,0,1,1
"GOW_TC","up","GO:0016620",12,0,1,1
"GOW_TC","up","GO:0016651",23,0,1,1
"GOW_TC","up","GO:0016667",22,0,1,1
"GOW_TC","up","GO:0016684",21,0,1,1
"GOW_TC","up","GO:0016706",12,0,1,1
"GOW_TC","up","GO:0016741",54,0,1,1
"GOW_TC","up","GO:0016763",22,0,1,1
"GOW_TC","up","GO:0016765",18,0,1,1
"GOW_TC","up","GO:0016776",11,0,1,1
"GOW_TC","up","GO:0016798",52,0,1,1
"GOW_TC","up","GO:0016799",17,0,1,1
"GOW_TC","up","GO:0016829",52,0,1,1
"GOW_TC","up","GO:0016830",12,0,1,1
"GOW_TC","up","GO:0016835",25,0,1,1
"GOW_TC","up","GO:0016836",22,0,1,1
"GOW_TC","up","GO:0016859",16,0,1,1
"GOW_TC","up","GO:0016860",13,0,1,1
"GOW_TC","up","GO:0016879",16,0,1,1
"GOW_TC","up","GO:0016881",10,0,1,1
"GOW_TC","up","GO:0016903",14,0,1,1
"GOW_TC","up","GO:0016922",25,0,1,1
"GOW_TC","up","GO:0017018",21,0,1,1
"GOW_TC","up","GO:0017069",18,0,1,1
"GOW_TC","up","GO:0017124",33,0,1,1
"GOW_TC","up","GO:0017147",11,0,1,1
"GOW_TC","up","GO:0017171",29,0,1,1
"GOW_TC","up","GO:0019199",20,0,1,1
"GOW_TC","up","GO:0019205",14,0,1,1
"GOW_TC","up","GO:0019207",56,0,1,1
"GOW_TC","up","GO:0019208",29,0,1,1
"GOW_TC","up","GO:0019209",30,0,1,1
"GOW_TC","up","GO:0019210",13,0,1,1
"GOW_TC","up","GO:0019212",10,0,1,1
"GOW_TC","up","GO:0019783",32,0,1,1
"GOW_TC","up","GO:0019829",16,0,1,1
"GOW_TC","up","GO:0019838",24,0,1,1
"GOW_TC","up","GO:0019842",34,0,1,1
"GOW_TC","up","GO:0019843",28,0,1,1
"GOW_TC","up","GO:0019887",48,0,1,1
"GOW_TC","up","GO:0019888",26,0,1,1
"GOW_TC","up","GO:0019894",10,0,1,1
"GOW_TC","up","GO:0019905",16,0,1,1
"GOW_TC","up","GO:0019955",11,0,1,1
"GOW_TC","up","GO:0022834",19,0,1,1
"GOW_TC","up","GO:0030145",20,0,1,1
"GOW_TC","up","GO:0030159",10,0,1,1
"GOW_TC","up","GO:0030170",15,0,1,1
"GOW_TC","up","GO:0030276",20,0,1,1
"GOW_TC","up","GO:0030295",28,0,1,1
"GOW_TC","up","GO:0030331",12,0,1,1
"GOW_TC","up","GO:0030371",11,0,1,1
"GOW_TC","up","GO:0030374",16,0,1,1
"GOW_TC","up","GO:0030414",23,0,1,1
"GOW_TC","up","GO:0030515",12,0,1,1
"GOW_TC","up","GO:0030544",27,0,1,1
"GOW_TC","up","GO:0030545",26,0,1,1
"GOW_TC","up","GO:0030546",26,0,1,1
"GOW_TC","up","GO:0030594",11,0,1,1
"GOW_TC","up","GO:0031369",12,0,1,1
"GOW_TC","up","GO:0031491",11,0,1,1
"GOW_TC","up","GO:0031593",14,0,1,1
"GOW_TC","up","GO:0031625",80,0,1,1
"GOW_TC","up","GO:0032182",33,0,1,1
"GOW_TC","up","GO:0032266",18,0,1,1
"GOW_TC","up","GO:0033293",10,0,1,1
"GOW_TC","up","GO:0034212",18,0,1,1
"GOW_TC","up","GO:0035064",27,0,1,1
"GOW_TC","up","GO:0035091",70,0,1,1
"GOW_TC","up","GO:0035591",28,0,1,1
"GOW_TC","up","GO:0042054",26,0,1,1
"GOW_TC","up","GO:0042625",11,0,1,1
"GOW_TC","up","GO:0042626",29,0,1,1
"GOW_TC","up","GO:0042799",13,0,1,1
"GOW_TC","up","GO:0042910",13,0,1,1
"GOW_TC","up","GO:0043014",13,0,1,1
"GOW_TC","up","GO:0043021",55,0,1,1
"GOW_TC","up","GO:0043022",29,0,1,1
"GOW_TC","up","GO:0043027",12,0,1,1
"GOW_TC","up","GO:0043028",21,0,1,1
"GOW_TC","up","GO:0043130",30,0,1,1
"GOW_TC","up","GO:0043175",15,0,1,1
"GOW_TC","up","GO:0043495",10,0,1,1
"GOW_TC","up","GO:0043539",15,0,1,1
"GOW_TC","up","GO:0043560",10,0,1,1
"GOW_TC","up","GO:0044769",11,0,1,1
"GOW_TC","up","GO:0045296",45,0,1,1
"GOW_TC","up","GO:0045309",15,0,1,1
"GOW_TC","up","GO:0045504",10,0,1,1
"GOW_TC","up","GO:0045505",31,0,1,1
"GOW_TC","up","GO:0046332",20,0,1,1
"GOW_TC","up","GO:0046961",11,0,1,1
"GOW_TC","up","GO:0048018",24,0,1,1
"GOW_TC","up","GO:0050660",23,0,1,1
"GOW_TC","up","GO:0050661",18,0,1,1
"GOW_TC","up","GO:0050839",85,0,1,1
"GOW_TC","up","GO:0050997",10,0,1,1
"GOW_TC","up","GO:0051010",10,0,1,1
"GOW_TC","up","GO:0051019",11,0,1,1
"GOW_TC","up","GO:0051087",58,0,1,1
"GOW_TC","up","GO:0051117",20,0,1,1
"GOW_TC","up","GO:0051213",21,0,1,1
"GOW_TC","up","GO:0051219",25,0,1,1
"GOW_TC","up","GO:0051287",28,0,1,1
"GOW_TC","up","GO:0051536",25,0,1,1
"GOW_TC","up","GO:0051537",11,0,1,1
"GOW_TC","up","GO:0051539",13,0,1,1
"GOW_TC","up","GO:0051540",25,0,1,1
"GOW_TC","up","GO:0051721",14,0,1,1
"GOW_TC","up","GO:0051959",23,0,1,1
"GOW_TC","up","GO:0052689",18,0,1,1
"GOW_TC","up","GO:0055106",10,0,1,1
"GOW_TC","up","GO:0060590",14,0,1,1
"GOW_TC","up","GO:0061134",40,0,1,1
"GOW_TC","up","GO:0061135",25,0,1,1
"GOW_TC","up","GO:0061629",60,0,1,1
"GOW_TC","up","GO:0061631",18,0,1,1
"GOW_TC","up","GO:0061650",18,0,1,1
"GOW_TC","up","GO:0061733",16,0,1,1
"GOW_TC","up","GO:0070063",25,0,1,1
"GOW_TC","up","GO:0070279",15,0,1,1
"GOW_TC","up","GO:0070403",14,0,1,1
"GOW_TC","up","GO:0070628",15,0,1,1
"GOW_TC","up","GO:0070840",13,0,1,1
"GOW_TC","up","GO:0070851",22,0,1,1
"GOW_TC","up","GO:0072341",21,0,1,1
"GOW_TC","up","GO:0099094",18,0,1,1
"GOW_TC","up","GO:0099106",18,0,1,1
"GOW_TC","up","GO:0099604",11,0,1,1
"GOW_TC","up","GO:0101005",29,0,1,1
"GOW_TC","up","GO:0106310",139,0,1,1
"GOW_TC","up","GO:0120015",10,0,1,1
"GOW_TC","up","GO:0140034",29,0,1,1
"GOW_TC","up","GO:0140104",23,0,1,1
"GOW_TC","up","GO:0140142",13,0,1,1
"GOW_TC","up","GO:0140223",10,0,1,1
"GOW_TC","up","GO:0140296",15,0,1,1
"GOW_TC","up","GO:0140303",17,0,1,1
"GOW_TC","up","GO:0140318",10,0,1,1
"GOW_TC","up","GO:0140326",11,0,1,1
"GOW_TC","up","GO:0140359",13,0,1,1
"GOW_TC","up","GO:0140678",75,0,1,1
"GOW_TC","up","GO:0140767",20,0,1,1
"GOW_TC","up","GO:0140828",14,0,1,1
"GOW_TC","up","GO:0140938",11,0,1,1
"GOW_TC","up","GO:0140939",14,0,1,1
"GOW_TC","up","GO:0140944",12,0,1,1
"GOW_TC","up","GO:1901681",38,0,1,1
"GOW_TC","up","GO:1901682",10,0,1,1
"GOW_TC","up","GO:1901981",46,0,1,1
"GOW_TC","up","GO:1902936",24,0,1,1
"GOW_TC","up","GO:1990404",19,0,1,1
"GOW_TC","up","GO:1990756",16,0,1,1
"GOW_TC","up","GO:1990841",19,0,1,1
"GOW_TC","down","GO:0061650",18,1,1,0.243661174292969
"GOW_TC","down","GO:0019208",29,1,0.362757047414747,0.362757047414747
"GOW_TC","down","GO:0003690",207,7,0.185208644759233,0.037377822758186
"GOW_TC","down","GO:0030674",118,1,1,0.843728833873416
"GOW_TC","down","GO:0004879",19,1,0.255334966078861,0.255334966078861
"GOW_TC","down","GO:0098772",379,6,1,0.533521021379939
"GOW_TC","down","GO:0008324",125,1,1,0.860291393908507
"GOW_TC","down","GO:0061659",94,1,1,0.770925871483152
"GOW_TC","down","GO:0004175",92,3,1,0.166692169041243
"GOW_TC","down","GO:0003697",21,2,0.0403857754783284,0.0403857754783284
"GOW_TC","down","GO:0001664",33,1,0.401325427141743,0.401325427141743
"GOW_TC","down","GO:0046872",1150,18,0.911181465005897,0.511691988538362
"GOW_TC","down","GO:0015453",13,1,0.182541084506548,0.182541084506548
"GOW_TC","down","GO:0019001",163,4,1,0.239831306368882
"GOW_TC","down","GO:0046873",87,1,1,0.744016564031498
"GOW_TC","down","GO:0000976",185,5,0.0238807273753883,0.152577712008265
"GOW_TC","down","GO:0000977",166,3,1,0.473080681329261
"GOW_TC","down","GO:0019003",18,1,0.243661174292969,0.243661174292969
"GOW_TC","down","GO:0000978",146,3,0.390371021995065,0.390371021995065
"GOW_TC","down","GO:0030234",298,5,0.495453285536245,0.487773552010395
"GOW_TC","down","GO:0042802",358,3,1,0.923672365975607
"GOW_TC","down","GO:0016462",293,5,1,0.472503738583847
"GOW_TC","down","GO:0044389",86,1,1,0.739927142548817
"GOW_TC","down","GO:0042803",127,3,0.309532661452706,0.309532661452706
"GOW_TC","down","GO:0001221",28,1,1,0.352739714734835
"GOW_TC","down","GO:0140640",179,2,1,0.770065422533212
"GOW_TC","down","GO:0015318",130,2,1,0.599990676997036
"GOW_TC","down","GO:0001222",14,1,0.195141181365154,0.195141181365154
"GOW_TC","down","GO:0005158",10,1,0.143566603439218,0.143566603439218
"GOW_TC","down","GO:0140296",15,3,0.00137166370239737,0.00137166370239737
"GOW_TC","down","GO:0140297",99,3,0.193669968714472,0.193669968714472
"GOW_TC","down","GO:0005506",28,1,0.352739714734835,0.352739714734835
"GOW_TC","down","GO:0015103",23,1,1,0.300285653061966
"GOW_TC","down","GO:0003700",163,3,1,0.460945965040779
"GOW_TC","down","GO:0001228",54,1,0.569124492862823,0.569124492862823
"GOW_TC","down","GO:0005200",44,2,0.145865725348157,0.145865725348157
"GOW_TC","down","GO:0005201",18,1,0.243661174292969,0.243661174292969
"GOW_TC","down","GO:0035639",716,9,1,0.798188215199067
"GOW_TC","down","GO:0005509",218,6,0.115152933785453,0.115152933785453
"GOW_TC","down","GO:0016755",140,2,1,0.640895002048858
"GOW_TC","down","GO:0015108",19,1,1,0.255334966078861
"GOW_TC","down","GO:0097159",1663,32,1,0.0553104055428589
"GOW_TC","down","GO:0016757",72,1,1,0.675466959994345
"GOW_TC","down","GO:0016758",48,1,0.526579428474079,0.526579428474079
"GOW_TC","down","GO:0005096",69,1,0.659735255869232,0.659735255869232
"GOW_TC","down","GO:0016684",21,1,1,0.278153986356499
"GOW_TC","down","GO:0017076",772,9,1,0.867268899785375
"GOW_TC","down","GO:0004252",21,1,0.278153986356499,0.278153986356499
"GOW_TC","down","GO:0140096",685,11,1,0.488760504538953
"GOW_TC","down","GO:0140097",57,1,0.588965017701161,0.588965017701161
"GOW_TC","down","GO:0036094",883,10,1,0.902230862990874
"GOW_TC","down","GO:0001216",54,1,1,0.569124492862823
"GOW_TC","down","GO:0099106",18,1,0.243661174292969,0.243661174292969
"GOW_TC","down","GO:0140098",118,1,0.843728833873416,0.843728833873416
"GOW_TC","down","GO:0004601",20,1,0.266831690600395,0.266831690600395
"GOW_TC","down","GO:0019900",175,6,1,0.0499564613285341
"GOW_TC","down","GO:0019901",157,6,0.0988450863904207,0.0318356500489635
"GOW_TC","down","GO:0019904",157,1,0.91652218087886,0.91652218087886
"GOW_TC","down","GO:0044325",33,1,0.401325427141743,0.401325427141743
"GOW_TC","down","GO:0008233",148,3,1,0.398803118050787
"GOW_TC","down","GO:0016787",687,13,1,0.245529657645887
"GOW_TC","down","GO:0008234",60,1,1,0.607907245685251
"GOW_TC","down","GO:0016788",151,5,1,0.0803074538715262
"GOW_TC","down","GO:0004842",129,2,1,0.595718771750874
"GOW_TC","down","GO:0016247",18,1,1,0.243661174292969
"GOW_TC","down","GO:0046906",32,2,1,0.0857579424568378
"GOW_TC","down","GO:0017022",26,1,0.332238709112878,0.332238709112878
"GOW_TC","down","GO:0008236",28,1,1,0.352739714734835
"GOW_TC","down","GO:0051213",21,1,0.278153986356499,0.278153986356499
"GOW_TC","down","GO:0008047",131,1,1,0.873105725749
"GOW_TC","down","GO:0008237",52,1,1,0.555377856196601
"GOW_TC","down","GO:0000166",801,9,1,0.895072654344754
"GOW_TC","down","GO:0060090",145,1,1,0.898684102918865
"GOW_TC","down","GO:0030414",23,1,1,0.300285653061966
"GOW_TC","down","GO:0051219",25,1,1,0.321750311873814
"GOW_TC","down","GO:0030159",10,1,0.143566603439218,0.143566603439218
"GOW_TC","down","GO:0019842",34,1,1,0.410603418075109
"GOW_TC","down","GO:0016772",277,3,1,0.810201104109847
"GOW_TC","down","GO:0016773",215,2,1,0.85202737063522
"GOW_TC","down","GO:0031625",80,1,0.714008005591727,0.714008005591727
"GOW_TC","down","GO:0016620",12,1,0.169747246455168,0.169747246455168
"GOW_TC","down","GO:0016779",46,1,0.511500753495289,0.511500753495289
"GOW_TC","down","GO:0140828",14,1,0.195141181365154,0.195141181365154
"GOW_TC","down","GO:0035254",13,1,0.182541084506548,0.182541084506548
"GOW_TC","down","GO:0051015",84,2,0.371623267471673,0.371623267471673
"GOW_TC","down","GO:0015291",73,1,1,0.680550329953213
"GOW_TC","down","GO:0020037",31,2,0.0811750442781812,0.0811750442781812
"GOW_TC","down","GO:0033218",70,1,1,0.665060651370455
"GOW_TC","down","GO:0051019",11,1,0.156756742213593,0.156756742213593
"GOW_TC","down","GO:0022890",114,1,1,0.83341372072644
"GOW_TC","down","GO:0015297",30,1,1,0.372622025225002
"GOW_TC","down","GO:1990837",193,6,0.112172989571166,0.0734579220122543
"GOW_TC","down","GO:0005253",12,1,1,0.169747246455168
"GOW_TC","down","GO:0030170",15,1,0.207550419304615,0.207550419304615
"GOW_TC","down","GO:0005254",11,1,0.156756742213593,0.156756742213593
"GOW_TC","down","GO:0140110",303,4,1,0.696305178022178
"GOW_TC","down","GO:0097367",809,10,1,0.827275799609745
"GOW_TC","down","GO:0042393",76,1,0.695335663360401,0.695335663360401
"GOW_TC","down","GO:0016614",27,1,1,0.342567716868798
"GOW_TC","down","GO:0004222",27,1,0.342567716868798,0.342567716868798
"GOW_TC","down","GO:0003682",133,2,0.849222882901756,0.612608324439725
"GOW_TC","down","GO:0016616",27,1,0.342567716868798,0.342567716868798
"GOW_TC","down","GO:0015399",42,1,1,0.479914203396984
"GOW_TC","down","GO:0043167",1737,24,1,0.802200789540223
"GOW_TC","down","GO:0043168",850,10,1,0.872770435493305
"GOW_TC","down","GO:0043169",1161,18,1,0.531161534523466
"GOW_TC","down","GO:0022803",81,1,1,0.718497552185302
"GOW_TC","down","GO:0022804",116,2,1,0.537202294396943
"GOW_TC","down","GO:0008201",21,1,0.278153986356499,0.278153986356499
"GOW_TC","down","GO:0008509",23,1,1,0.300285653061966
"GOW_TC","down","GO:0008092",322,3,1,0.883962076355957
"GOW_TC","down","GO:0061630",91,1,0.759751852262242,0.759751852262242
"GOW_TC","down","GO:0061631",18,1,0.243661174292969,0.243661174292969
"GOW_TC","down","GO:0016298",17,1,1,0.231807637568938
"GOW_TC","down","GO:0008187",10,2,0.00963874718691422,0.00963874718691422
"GOW_TC","down","GO:0003674",3711,57,1,1
"GOW_TC","down","GO:0016740",625,7,0.818049261154385,0.868206268634906
"GOW_TC","down","GO:0030695",125,2,1,0.578301643653016
"GOW_TC","down","GO:0030554",631,5,1,0.975796530558952
"GOW_TC","down","GO:0003676",938,22,0.469830050546633,0.0175440069334973
"GOW_TC","down","GO:0070279",15,1,1,0.207550419304615
"GOW_TC","down","GO:0003677",426,12,0.444639797108631,0.0255864000074277
"GOW_TC","down","GO:0016887",184,1,0.946138296199143,0.946138296199143
"GOW_TC","down","GO:1901265",801,9,1,0.895072654344754
"GOW_TC","down","GO:0016746",193,2,1,0.805708137313171
"GOW_TC","down","GO:0004197",38,1,0.446323348314291,0.446323348314291
"GOW_TC","down","GO:0003924",107,4,0.0805454142593982,0.0805454142593982
"GOW_TC","down","GO:0005085",63,1,0.625991154142149,0.625991154142149
"GOW_TC","down","GO:0046983",195,5,0.2733579955771,0.177878950031596
"GOW_TC","down","GO:0016209",30,1,1,0.372622025225002
"GOW_TC","down","GO:1901363",1642,32,1,0.0462082249127816
"GOW_TC","down","GO:0016301",226,2,1,0.871279886918336
"GOW_TC","down","GO:0019899",488,7,1,0.63734770002087
"GOW_TC","down","GO:0003779",150,2,1,0.678525052885144
"GOW_TC","down","GO:0060589",125,2,1,0.578301643653016
"GOW_TC","down","GO:0005524",575,5,0.954154438771263,0.954154438771263
"GOW_TC","down","GO:0005525",156,4,0.216625793900593,0.216625793900593
"GOW_TC","down","GO:0016874",51,1,0.548343867243841,0.548343867243841
"GOW_TC","down","GO:1990782",28,1,1,0.352739714734835
"GOW_TC","down","GO:0004672",191,2,1,0.800928107309766
"GOW_TC","down","GO:0015267",80,1,1,0.714008005591727
"GOW_TC","down","GO:0004674",152,1,0.90949966135505,0.90949966135505
"GOW_TC","down","GO:0003723",529,11,0.958553536148247,0.179756722928907
"GOW_TC","down","GO:0140223",10,1,0.143566603439218,0.143566603439218
"GOW_TC","down","GO:0003727",36,2,1,0.104827569854745
"GOW_TC","down","GO:0019787",133,2,1,0.612608324439725
"GOW_TC","down","GO:0003729",137,7,0.00452631193340585,0.00452631193340585
"GOW_TC","down","GO:0043560",10,1,0.143566603439218,0.143566603439218
"GOW_TC","down","GO:1901702",106,2,1,0.488524718410198
"GOW_TC","down","GO:0005515",1554,23,1,0.641972772297451
"GOW_TC","down","GO:0005516",67,1,0.648833701027304,0.648833701027304
"GOW_TC","down","GO:0004620",14,1,0.195141181365154,0.195141181365154
"GOW_TC","down","GO:0043565",223,6,1,0.1247143055576
"GOW_TC","down","GO:0005518",14,1,0.195141181365154,0.195141181365154
"GOW_TC","down","GO:0140657",259,2,0.702768944683579,0.916244837478398
"GOW_TC","down","GO:0022853",66,1,1,0.64325497219747
"GOW_TC","down","GO:0003712",141,1,1,0.891943795118131
"GOW_TC","down","GO:0060089",147,2,1,0.667576014491742
"GOW_TC","down","GO:0016829",52,1,1,0.555377856196601
"GOW_TC","down","GO:0003714",55,1,0.575840353925666,0.575840353925666
"GOW_TC","down","GO:0005215",245,4,1,0.525478535670984
"GOW_TC","down","GO:0022857",224,3,1,0.678604520913269
"GOW_TC","down","GO:0005216",67,1,1,0.648833701027304
"GOW_TC","down","GO:0004721",55,4,0.0605847009895964,0.00953709653860395
"GOW_TC","down","GO:0044877",458,7,0.964313604439903,0.56676472884265
"GOW_TC","down","GO:0017171",29,1,1,0.362757047414747
"GOW_TC","down","GO:0032561",163,4,1,0.239831306368882
"GOW_TC","down","GO:0004866",23,1,0.300285653061966,0.300285653061966
"GOW_TC","down","GO:0004725",28,2,0.0679237744858131,0.0679237744858131
"GOW_TC","down","GO:0005198",191,3,1,0.569058195207611
"GOW_TC","down","GO:0016791",66,4,1,0.017797057258212
"GOW_TC","down","GO:0016903",14,1,1,0.195141181365154
"GOW_TC","down","GO:0005319",36,1,0.428737608059305,0.428737608059305
"GOW_TC","down","GO:0031491",11,1,0.156756742213593,0.156756742213593
"GOW_TC","down","GO:0016817",293,5,1,0.472503738583847
"GOW_TC","down","GO:0016818",293,5,1,0.472503738583847
"GOW_TC","down","GO:0005102",230,4,0.704359356231443,0.474873913625076
"GOW_TC","down","GO:0045296",45,1,0.503785470300285,0.503785470300285
"GOW_TC","down","GO:0046914",295,6,1,0.298130508572227
"GOW_TC","down","GO:0016491",194,6,0.378148107538434,0.0749246947442603
"GOW_TC","down","GO:0046915",14,1,0.195141181365154,0.195141181365154
"GOW_TC","down","GO:0004713",51,1,1,0.548343867243841
"GOW_TC","down","GO:0008289",196,3,0.586991398129235,0.586991398129235
"GOW_TC","down","GO:0004857",62,2,0.451107554867927,0.246351305842694
"GOW_TC","down","GO:0004715",13,1,0.182541084506548,0.182541084506548
"GOW_TC","down","GO:0032553",736,9,1,0.825304388623603
"GOW_TC","down","GO:0042578",83,5,1,0.00834471251192124
"GOW_TC","down","GO:0032555",730,9,1,0.817461129956965
"GOW_TC","down","GO:0005488",3171,52,1,0.143073031086461
"GOW_TC","down","GO:0015085",37,1,0.437598004342467,0.437598004342467
"GOW_TC","down","GO:0001067",186,5,1,0.155033829823141
"GOW_TC","down","GO:0030515",12,1,0.169747246455168,0.169747246455168
"GOW_TC","down","GO:0140677",172,1,1,0.93453118010331
"GOW_TC","down","GO:0016705",37,1,0.437598004342467,0.437598004342467
"GOW_TC","down","GO:0005539",28,1,1,0.352739714734835
"GOW_TC","down","GO:0050839",85,1,1,0.73577355530457
"GOW_TC","down","GO:0032559",588,5,1,0.960321186746679
"GOW_TC","down","GO:0140678",75,3,0.179436247268416,0.10702288245729
"GOW_TC","down","GO:0008270",235,5,0.29212840069152,0.29212840069152
"GOW_TC","down","GO:0034185",13,1,0.182541084506548,0.182541084506548
"GOW_TC","down","GO:0042277",51,1,0.548343867243841,0.548343867243841
"GOW_TC","down","GO:0008081",17,1,0.231807637568938,0.231807637568938
"GOW_TC","down","GO:0106310",139,1,0.888410347744108,0.888410347744108
"GOW_TC","down","GO:0008134",128,4,1,0.132067007302121
"GOW_TC","down","GO:0061134",40,1,1,0.463376938750824
"GOW_TC","down","GO:0017111",288,5,1,0.457112526526051
"GOW_TC","down","GO:0061135",25,1,1,0.321750311873814
"GOW_TC","down","GO:0004888",88,1,0.748042793570737,0.748042793570737
"GOW_TC","down","GO:0035591",28,1,1,0.352739714734835
"GOW_TC","down","GO:0015075",142,2,1,0.648681128833655
"GOW_TC","down","GO:0000981",151,3,0.721178719527425,0.411397700527213
"GOW_TC","down","GO:0045309",15,1,0.207550419304615,0.207550419304615
"GOW_TC","down","GO:0017069",18,1,0.243661174292969,0.243661174292969
"GOW_TC","down","GO:0016835",25,1,1,0.321750311873814
"GOW_TC","down","GO:0016836",22,1,0.289304453233919,0.289304453233919
"GOW_TC","down","GO:0030971",23,1,0.300285653061966,0.300285653061966
"GOW_TC","down","GO:0003824",1550,27,1,0.232189964488392
"GOW_TC","down","GO:1901681",38,1,1,0.446323348314291
"GOW_TC","down","GO:0000987",149,3,1,0.403008846210122
"GOW_TC","down","GO:0038023",147,2,1,0.667576014491742
"GOW_TC","down","GO:0098531",19,1,1,0.255334966078861
"GOW_TC","down","GO:0000049",20,0,1,1
"GOW_TC","down","GO:0000146",16,0,1,1
"GOW_TC","down","GO:0000149",28,0,1,1
"GOW_TC","down","GO:0000287",57,0,1,1
"GOW_TC","down","GO:0000339",10,0,1,1
"GOW_TC","down","GO:0000993",14,0,1,1
"GOW_TC","down","GO:0001098",21,0,1,1
"GOW_TC","down","GO:0001099",21,0,1,1
"GOW_TC","down","GO:0001217",22,0,1,1
"GOW_TC","down","GO:0001223",11,0,1,1
"GOW_TC","down","GO:0001227",21,0,1,1
"GOW_TC","down","GO:0001530",10,0,1,1
"GOW_TC","down","GO:0001671",11,0,1,1
"GOW_TC","down","GO:0001727",12,0,1,1
"GOW_TC","down","GO:0001786",16,0,1,1
"GOW_TC","down","GO:0002020",25,0,1,1
"GOW_TC","down","GO:0002039",19,0,1,1
"GOW_TC","down","GO:0003678",10,0,1,1
"GOW_TC","down","GO:0003684",11,0,1,1
"GOW_TC","down","GO:0003713",78,0,1,1
"GOW_TC","down","GO:0003724",48,0,1,1
"GOW_TC","down","GO:0003725",24,0,1,1
"GOW_TC","down","GO:0003730",34,0,1,1
"GOW_TC","down","GO:0003735",90,0,1,1
"GOW_TC","down","GO:0003743",31,0,1,1
"GOW_TC","down","GO:0003746",12,0,1,1
"GOW_TC","down","GO:0003755",16,0,1,1
"GOW_TC","down","GO:0003774",65,0,1,1
"GOW_TC","down","GO:0003777",48,0,1,1
"GOW_TC","down","GO:0003823",17,0,1,1
"GOW_TC","down","GO:0003925",15,0,1,1
"GOW_TC","down","GO:0003950",19,0,1,1
"GOW_TC","down","GO:0004177",11,0,1,1
"GOW_TC","down","GO:0004180",11,0,1,1
"GOW_TC","down","GO:0004364",15,0,1,1
"GOW_TC","down","GO:0004386",79,0,1,1
"GOW_TC","down","GO:0004402",16,0,1,1
"GOW_TC","down","GO:0004497",23,0,1,1
"GOW_TC","down","GO:0004518",46,0,1,1
"GOW_TC","down","GO:0004519",28,0,1,1
"GOW_TC","down","GO:0004520",11,0,1,1
"GOW_TC","down","GO:0004521",18,0,1,1
"GOW_TC","down","GO:0004527",20,0,1,1
"GOW_TC","down","GO:0004532",11,0,1,1
"GOW_TC","down","GO:0004536",11,0,1,1
"GOW_TC","down","GO:0004540",29,0,1,1
"GOW_TC","down","GO:0004553",30,0,1,1
"GOW_TC","down","GO:0004709",10,0,1,1
"GOW_TC","down","GO:0004712",18,0,1,1
"GOW_TC","down","GO:0004714",16,0,1,1
"GOW_TC","down","GO:0004722",27,0,1,1
"GOW_TC","down","GO:0004812",17,0,1,1
"GOW_TC","down","GO:0004843",28,0,1,1
"GOW_TC","down","GO:0004860",12,0,1,1
"GOW_TC","down","GO:0004864",10,0,1,1
"GOW_TC","down","GO:0004930",21,0,1,1
"GOW_TC","down","GO:0005048",17,0,1,1
"GOW_TC","down","GO:0005125",13,0,1,1
"GOW_TC","down","GO:0005126",30,0,1,1
"GOW_TC","down","GO:0005154",11,0,1,1
"GOW_TC","down","GO:0005178",27,0,1,1
"GOW_TC","down","GO:0005244",13,0,1,1
"GOW_TC","down","GO:0005261",53,0,1,1
"GOW_TC","down","GO:0005262",29,0,1,1
"GOW_TC","down","GO:0005272",13,0,1,1
"GOW_TC","down","GO:0005283",13,0,1,1
"GOW_TC","down","GO:0005342",45,0,1,1
"GOW_TC","down","GO:0005343",19,0,1,1
"GOW_TC","down","GO:0005416",14,0,1,1
"GOW_TC","down","GO:0005484",10,0,1,1
"GOW_TC","down","GO:0005496",31,0,1,1
"GOW_TC","down","GO:0005507",17,0,1,1
"GOW_TC","down","GO:0005543",119,0,1,1
"GOW_TC","down","GO:0005544",15,0,1,1
"GOW_TC","down","GO:0005546",18,0,1,1
"GOW_TC","down","GO:0005548",20,0,1,1
"GOW_TC","down","GO:0008013",15,0,1,1
"GOW_TC","down","GO:0008017",100,0,1,1
"GOW_TC","down","GO:0008028",20,0,1,1
"GOW_TC","down","GO:0008061",16,0,1,1
"GOW_TC","down","GO:0008080",22,0,1,1
"GOW_TC","down","GO:0008093",10,0,1,1
"GOW_TC","down","GO:0008094",32,0,1,1
"GOW_TC","down","GO:0008135",44,0,1,1
"GOW_TC","down","GO:0008139",10,0,1,1
"GOW_TC","down","GO:0008168",50,0,1,1
"GOW_TC","down","GO:0008170",29,0,1,1
"GOW_TC","down","GO:0008173",11,0,1,1
"GOW_TC","down","GO:0008186",48,0,1,1
"GOW_TC","down","GO:0008194",35,0,1,1
"GOW_TC","down","GO:0008235",20,0,1,1
"GOW_TC","down","GO:0008238",26,0,1,1
"GOW_TC","down","GO:0008276",30,0,1,1
"GOW_TC","down","GO:0008375",19,0,1,1
"GOW_TC","down","GO:0008408",14,0,1,1
"GOW_TC","down","GO:0008514",54,0,1,1
"GOW_TC","down","GO:0008569",20,0,1,1
"GOW_TC","down","GO:0008757",46,0,1,1
"GOW_TC","down","GO:0009055",21,0,1,1
"GOW_TC","down","GO:0015026",11,0,1,1
"GOW_TC","down","GO:0015035",12,0,1,1
"GOW_TC","down","GO:0015036",14,0,1,1
"GOW_TC","down","GO:0015078",34,0,1,1
"GOW_TC","down","GO:0015079",14,0,1,1
"GOW_TC","down","GO:0015081",46,0,1,1
"GOW_TC","down","GO:0015171",25,0,1,1
"GOW_TC","down","GO:0015175",18,0,1,1
"GOW_TC","down","GO:0015179",22,0,1,1
"GOW_TC","down","GO:0015187",10,0,1,1
"GOW_TC","down","GO:0015248",10,0,1,1
"GOW_TC","down","GO:0015276",19,0,1,1
"GOW_TC","down","GO:0015293",42,0,1,1
"GOW_TC","down","GO:0015294",30,0,1,1
"GOW_TC","down","GO:0015370",23,0,1,1
"GOW_TC","down","GO:0015485",18,0,1,1
"GOW_TC","down","GO:0015631",134,0,1,1
"GOW_TC","down","GO:0016278",24,0,1,1
"GOW_TC","down","GO:0016279",24,0,1,1
"GOW_TC","down","GO:0016407",23,0,1,1
"GOW_TC","down","GO:0016410",26,0,1,1
"GOW_TC","down","GO:0016504",16,0,1,1
"GOW_TC","down","GO:0016505",10,0,1,1
"GOW_TC","down","GO:0016597",13,0,1,1
"GOW_TC","down","GO:0016651",23,0,1,1
"GOW_TC","down","GO:0016667",22,0,1,1
"GOW_TC","down","GO:0016706",12,0,1,1
"GOW_TC","down","GO:0016741",54,0,1,1
"GOW_TC","down","GO:0016747",49,0,1,1
"GOW_TC","down","GO:0016763",22,0,1,1
"GOW_TC","down","GO:0016765",18,0,1,1
"GOW_TC","down","GO:0016776",11,0,1,1
"GOW_TC","down","GO:0016796",12,0,1,1
"GOW_TC","down","GO:0016798",52,0,1,1
"GOW_TC","down","GO:0016799",17,0,1,1
"GOW_TC","down","GO:0016810",20,0,1,1
"GOW_TC","down","GO:0016811",15,0,1,1
"GOW_TC","down","GO:0016830",12,0,1,1
"GOW_TC","down","GO:0016853",44,0,1,1
"GOW_TC","down","GO:0016859",16,0,1,1
"GOW_TC","down","GO:0016860",13,0,1,1
"GOW_TC","down","GO:0016875",17,0,1,1
"GOW_TC","down","GO:0016879",16,0,1,1
"GOW_TC","down","GO:0016881",10,0,1,1
"GOW_TC","down","GO:0016896",11,0,1,1
"GOW_TC","down","GO:0016922",25,0,1,1
"GOW_TC","down","GO:0017018",21,0,1,1
"GOW_TC","down","GO:0017124",33,0,1,1
"GOW_TC","down","GO:0017147",11,0,1,1
"GOW_TC","down","GO:0019199",20,0,1,1
"GOW_TC","down","GO:0019205",14,0,1,1
"GOW_TC","down","GO:0019207",56,0,1,1
"GOW_TC","down","GO:0019209",30,0,1,1
"GOW_TC","down","GO:0019210",13,0,1,1
"GOW_TC","down","GO:0019212",10,0,1,1
"GOW_TC","down","GO:0019783",32,0,1,1
"GOW_TC","down","GO:0019829",16,0,1,1
"GOW_TC","down","GO:0019838",24,0,1,1
"GOW_TC","down","GO:0019843",28,0,1,1
"GOW_TC","down","GO:0019887",48,0,1,1
"GOW_TC","down","GO:0019888",26,0,1,1
"GOW_TC","down","GO:0019894",10,0,1,1
"GOW_TC","down","GO:0019902",57,0,1,1
"GOW_TC","down","GO:0019903",43,0,1,1
"GOW_TC","down","GO:0019905",16,0,1,1
"GOW_TC","down","GO:0019955",11,0,1,1
"GOW_TC","down","GO:0022832",13,0,1,1
"GOW_TC","down","GO:0022834",19,0,1,1
"GOW_TC","down","GO:0022836",37,0,1,1
"GOW_TC","down","GO:0022839",37,0,1,1
"GOW_TC","down","GO:0030145",20,0,1,1
"GOW_TC","down","GO:0030165",20,0,1,1
"GOW_TC","down","GO:0030246",68,0,1,1
"GOW_TC","down","GO:0030276",20,0,1,1
"GOW_TC","down","GO:0030295",28,0,1,1
"GOW_TC","down","GO:0030331",12,0,1,1
"GOW_TC","down","GO:0030371",11,0,1,1
"GOW_TC","down","GO:0030374",16,0,1,1
"GOW_TC","down","GO:0030544",27,0,1,1
"GOW_TC","down","GO:0030545",26,0,1,1
"GOW_TC","down","GO:0030546",26,0,1,1
"GOW_TC","down","GO:0030594",11,0,1,1
"GOW_TC","down","GO:0031072",50,0,1,1
"GOW_TC","down","GO:0031267",85,0,1,1
"GOW_TC","down","GO:0031369",12,0,1,1
"GOW_TC","down","GO:0031406",30,0,1,1
"GOW_TC","down","GO:0031490",13,0,1,1
"GOW_TC","down","GO:0031593",14,0,1,1
"GOW_TC","down","GO:0032182",33,0,1,1
"GOW_TC","down","GO:0032266",18,0,1,1
"GOW_TC","down","GO:0032813",11,0,1,1
"GOW_TC","down","GO:0032934",27,0,1,1
"GOW_TC","down","GO:0033293",10,0,1,1
"GOW_TC","down","GO:0034212",18,0,1,1
"GOW_TC","down","GO:0035064",27,0,1,1
"GOW_TC","down","GO:0035091",70,0,1,1
"GOW_TC","down","GO:0036002",12,0,1,1
"GOW_TC","down","GO:0038024",19,0,1,1
"GOW_TC","down","GO:0042054",26,0,1,1
"GOW_TC","down","GO:0042625",11,0,1,1
"GOW_TC","down","GO:0042626",29,0,1,1
"GOW_TC","down","GO:0042799",13,0,1,1
"GOW_TC","down","GO:0042826",15,0,1,1
"GOW_TC","down","GO:0042910",13,0,1,1
"GOW_TC","down","GO:0043014",13,0,1,1
"GOW_TC","down","GO:0043021",55,0,1,1
"GOW_TC","down","GO:0043022",29,0,1,1
"GOW_TC","down","GO:0043027",12,0,1,1
"GOW_TC","down","GO:0043028",21,0,1,1
"GOW_TC","down","GO:0043130",30,0,1,1
"GOW_TC","down","GO:0043175",15,0,1,1
"GOW_TC","down","GO:0043177",30,0,1,1
"GOW_TC","down","GO:0043178",27,0,1,1
"GOW_TC","down","GO:0043495",10,0,1,1
"GOW_TC","down","GO:0043539",15,0,1,1
"GOW_TC","down","GO:0044183",29,0,1,1
"GOW_TC","down","GO:0044769",11,0,1,1
"GOW_TC","down","GO:0045182",63,0,1,1
"GOW_TC","down","GO:0045504",10,0,1,1
"GOW_TC","down","GO:0045505",31,0,1,1
"GOW_TC","down","GO:0046332",20,0,1,1
"GOW_TC","down","GO:0046875",10,0,1,1
"GOW_TC","down","GO:0046943",45,0,1,1
"GOW_TC","down","GO:0046961",11,0,1,1
"GOW_TC","down","GO:0046982",64,0,1,1
"GOW_TC","down","GO:0048018",24,0,1,1
"GOW_TC","down","GO:0048027",12,0,1,1
"GOW_TC","down","GO:0048029",20,0,1,1
"GOW_TC","down","GO:0048306",18,0,1,1
"GOW_TC","down","GO:0048487",11,0,1,1
"GOW_TC","down","GO:0050660",23,0,1,1
"GOW_TC","down","GO:0050661",18,0,1,1
"GOW_TC","down","GO:0050997",10,0,1,1
"GOW_TC","down","GO:0051010",10,0,1,1
"GOW_TC","down","GO:0051018",14,0,1,1
"GOW_TC","down","GO:0051020",88,0,1,1
"GOW_TC","down","GO:0051082",43,0,1,1
"GOW_TC","down","GO:0051087",58,0,1,1
"GOW_TC","down","GO:0051117",20,0,1,1
"GOW_TC","down","GO:0051287",28,0,1,1
"GOW_TC","down","GO:0051536",25,0,1,1
"GOW_TC","down","GO:0051537",11,0,1,1
"GOW_TC","down","GO:0051539",13,0,1,1
"GOW_TC","down","GO:0051540",25,0,1,1
"GOW_TC","down","GO:0051721",14,0,1,1
"GOW_TC","down","GO:0051879",15,0,1,1
"GOW_TC","down","GO:0051959",23,0,1,1
"GOW_TC","down","GO:0052689",18,0,1,1
"GOW_TC","down","GO:0055106",10,0,1,1
"GOW_TC","down","GO:0060590",14,0,1,1
"GOW_TC","down","GO:0061629",60,0,1,1
"GOW_TC","down","GO:0061733",16,0,1,1
"GOW_TC","down","GO:0070063",25,0,1,1
"GOW_TC","down","GO:0070403",14,0,1,1
"GOW_TC","down","GO:0070628",15,0,1,1
"GOW_TC","down","GO:0070717",12,0,1,1
"GOW_TC","down","GO:0070840",13,0,1,1
"GOW_TC","down","GO:0070851",22,0,1,1
"GOW_TC","down","GO:0072341",21,0,1,1
"GOW_TC","down","GO:0090079",53,0,1,1
"GOW_TC","down","GO:0097110",16,0,1,1
"GOW_TC","down","GO:0099094",18,0,1,1
"GOW_TC","down","GO:0099604",11,0,1,1
"GOW_TC","down","GO:0101005",29,0,1,1
"GOW_TC","down","GO:0120013",18,0,1,1
"GOW_TC","down","GO:0120015",10,0,1,1
"GOW_TC","down","GO:0140030",57,0,1,1
"GOW_TC","down","GO:0140034",29,0,1,1
"GOW_TC","down","GO:0140101",27,0,1,1
"GOW_TC","down","GO:0140104",23,0,1,1
"GOW_TC","down","GO:0140142",13,0,1,1
"GOW_TC","down","GO:0140303",17,0,1,1
"GOW_TC","down","GO:0140318",10,0,1,1
"GOW_TC","down","GO:0140326",11,0,1,1
"GOW_TC","down","GO:0140359",13,0,1,1
"GOW_TC","down","GO:0140658",17,0,1,1
"GOW_TC","down","GO:0140662",20,0,1,1
"GOW_TC","down","GO:0140767",20,0,1,1
"GOW_TC","down","GO:0140938",11,0,1,1
"GOW_TC","down","GO:0140939",14,0,1,1
"GOW_TC","down","GO:0140944",12,0,1,1
"GOW_TC","down","GO:0140993",70,0,1,1
"GOW_TC","down","GO:1901682",10,0,1,1
"GOW_TC","down","GO:1901981",46,0,1,1
"GOW_TC","down","GO:1902936",24,0,1,1
"GOW_TC","down","GO:1990404",19,0,1,1
"GOW_TC","down","GO:1990756",16,0,1,1
"GOW_TC","down","GO:1990841",19,0,1,1
"GDO_TC","up","GO:0016209",35,3,1,0.0610968172097481
"GDO_TC","up","GO:0051879",19,1,0.393753517739439,0.393753517739439
"GDO_TC","up","GO:0003823",18,2,0.0779604780709221,0.0779604780709221
"GDO_TC","up","GO:0003824",1996,60,1,0.0753714794040567
"GDO_TC","up","GO:0005295",13,1,1,0.289794057557921
"GDO_TC","up","GO:0042578",114,2,1,0.80210731797407
"GDO_TC","up","GO:0050661",25,1,0.482603625091497,0.482603625091497
"GDO_TC","up","GO:0015171",35,4,1,0.01212730833558
"GDO_TC","up","GO:0016922",31,1,1,0.558524597234026
"GDO_TC","up","GO:1901702",148,4,1,0.539630321752139
"GDO_TC","up","GO:0003774",68,3,1,0.258467360822777
"GDO_TC","up","GO:0015175",24,4,0.020793111040893,0.00306380735672008
"GDO_TC","up","GO:0042887",16,1,0.34381227914392,0.34381227914392
"GDO_TC","up","GO:0003777",50,1,0.733273275400067,0.733273275400067
"GDO_TC","up","GO:0030170",22,1,0.439923089413819,0.439923089413819
"GDO_TC","up","GO:0005048",20,1,0.409548041810492,0.409548041810492
"GDO_TC","up","GO:0003779",164,4,1,0.62183330316179
"GDO_TC","up","GO:0022829",12,1,0.270825726132804,0.270825726132804
"GDO_TC","up","GO:1901981",56,1,0.772611861760131,0.772611861760131
"GDO_TC","up","GO:0015179",31,4,0.0617148853025716,0.00789015695922042
"GDO_TC","up","GO:0030742",10,1,0.231369047754625,0.231369047754625
"GDO_TC","up","GO:0016667",26,2,1,0.145171206672908
"GDO_TC","up","GO:0060089",196,3,1,0.890790843055638
"GDO_TC","up","GO:0061631",20,1,0.409548041810492,0.409548041810492
"GDO_TC","up","GO:0031072",56,2,0.621806001525812,0.429230223788912
"GDO_TC","up","GO:0046982",71,1,0.847553750258301,0.847553750258301
"GDO_TC","up","GO:0003723",610,16,0.883866462520988,0.522891993412992
"GDO_TC","up","GO:0046983",243,5,1,0.764757625716765
"GDO_TC","up","GO:0008514",86,5,1,0.0715020535669973
"GDO_TC","up","GO:0003725",28,2,0.163439202664988,0.163439202664988
"GDO_TC","up","GO:0003727",40,1,0.652175622819495,0.652175622819495
"GDO_TC","up","GO:0051287",38,2,0.258917562254819,0.258917562254819
"GDO_TC","up","GO:0005198",239,2,0.99671568508022,0.987829001217905
"GDO_TC","up","GO:0016651",27,1,0.509248973443942,0.509248973443942
"GDO_TC","up","GO:0051721",15,1,0.326274968118813,0.326274968118813
"GDO_TC","up","GO:0003729",148,6,0.27339244776025,0.185156513045765
"GDO_TC","up","GO:0140096",858,14,0.998701376225343,0.985559891164734
"GDO_TC","up","GO:0048487",14,1,0.308272963258929,0.308272963258929
"GDO_TC","up","GO:0140110",369,3,1,0.997231372140091
"GDO_TC","up","GO:0140098",153,3,1,0.766154213927411
"GDO_TC","up","GO:0016791",93,2,0.878718263956377,0.701451033775579
"GDO_TC","up","GO:0045182",70,7,0.261927110770664,0.00205655765822878
"GDO_TC","up","GO:0003712",167,1,1,0.988575588951556
"GDO_TC","up","GO:0032813",11,1,0.25135511801886,0.25135511801886
"GDO_TC","up","GO:0003713",92,1,1,0.913098152963764
"GDO_TC","up","GO:0022843",13,1,0.289794057557921,0.289794057557921
"GDO_TC","up","GO:0005524",693,22,0.179397577363401,0.179397577363401
"GDO_TC","up","GO:0005525",182,9,0.0456249106850907,0.0456249106850907
"GDO_TC","up","GO:0031406",43,1,1,0.678782834147953
"GDO_TC","up","GO:0030246",85,3,0.379897175008365,0.379897175008365
"GDO_TC","up","GO:0005261",75,1,1,0.863002733650596
"GDO_TC","up","GO:0005262",41,1,0.661278987107753,0.661278987107753
"GDO_TC","up","GO:0042393",89,3,0.408201976918992,0.408201976918992
"GDO_TC","up","GO:0016684",24,3,1,0.0231739522097482
"GDO_TC","up","GO:0000166",974,34,0.634667877502674,0.0341382004413703
"GDO_TC","up","GO:0015370",32,2,1,0.201039073009075
"GDO_TC","up","GO:0008289",231,6,0.179662391158116,0.559431762782504
"GDO_TC","up","GO:0042169",11,1,0.25135511801886,0.25135511801886
"GDO_TC","up","GO:0098772",460,7,1,0.962050009517287
"GDO_TC","up","GO:0022832",19,1,1,0.393753517739439
"GDO_TC","up","GO:0003743",33,4,0.00986126537654139,0.00986126537654139
"GDO_TC","up","GO:0030234",366,5,0.732279248774214,0.966787135507433
"GDO_TC","up","GO:0015375",13,1,0.289794057557921,0.289794057557921
"GDO_TC","up","GO:0005515",1865,44,1,0.821456221887954
"GDO_TC","up","GO:0003746",14,2,0.0495682834448146,0.0495682834448146
"GDO_TC","up","GO:0022836",55,2,1,0.42021365921064
"GDO_TC","up","GO:0005516",77,2,0.599202468967993,0.599202468967993
"GDO_TC","up","GO:0019887",64,1,1,0.816250603389561
"GDO_TC","up","GO:0001067",229,1,1,0.997920505372192
"GDO_TC","up","GO:0000287",77,3,0.322643914178183,0.322643914178183
"GDO_TC","up","GO:0019900",208,4,0.106086589496638,0.796533257284114
"GDO_TC","up","GO:0008270",288,5,0.877314234669138,0.877314234669138
"GDO_TC","up","GO:0016860",18,2,1,0.0779604780709221
"GDO_TC","up","GO:0005518",17,1,0.360896793464321,0.360896793464321
"GDO_TC","up","GO:0019901",187,2,0.959036540715986,0.959036540715986
"GDO_TC","up","GO:0016301",270,5,1,0.839181518875246
"GDO_TC","up","GO:0022839",55,2,0.611694771281276,0.42021365921064
"GDO_TC","up","GO:0035091",89,1,1,0.90581781564145
"GDO_TC","up","GO:0019902",70,3,1,0.272614682359542
"GDO_TC","up","GO:0046332",24,1,0.468747886419544,0.468747886419544
"GDO_TC","up","GO:0019903",55,3,0.276355033285399,0.170313860622834
"GDO_TC","up","GO:0019904",180,5,0.789160235029521,0.503926493178304
"GDO_TC","up","GO:0030374",17,1,0.360896793464321,0.360896793464321
"GDO_TC","up","GO:0016864",10,2,1,0.0262184377247204
"GDO_TC","up","GO:1990837",239,1,1,0.99842372137666
"GDO_TC","up","GO:0106310",163,3,0.802545391064044,0.802545391064044
"GDO_TC","up","GO:0051213",30,1,1,0.546686150679408
"GDO_TC","up","GO:0005543",142,2,0.757619223085173,0.889379790909172
"GDO_TC","up","GO:0030414",33,1,1,0.58128940235927
"GDO_TC","up","GO:0046914",374,9,1,0.644110053956092
"GDO_TC","up","GO:0046915",17,1,1,0.360896793464321
"GDO_TC","up","GO:0140326",14,1,0.308272963258929,0.308272963258929
"GDO_TC","up","GO:0042277",59,6,0.0030197900432825,0.00394629555691833
"GDO_TC","up","GO:0005548",26,2,0.145171206672908,0.145171206672908
"GDO_TC","up","GO:0016620",14,1,0.308272963258929,0.308272963258929
"GDO_TC","up","GO:0044769",13,1,1,0.289794057557921
"GDO_TC","up","GO:0017171",35,1,1,0.602889614027861
"GDO_TC","up","GO:0005283",19,2,0.145237857693208,0.0856986972459966
"GDO_TC","up","GO:0019783",42,1,1,0.670146029330063
"GDO_TC","up","GO:0016853",62,3,1,0.216776922601257
"GDO_TC","up","GO:0031625",96,1,0.921944016319329,0.921944016319329
"GDO_TC","up","GO:0030695",146,2,1,0.898460503810615
"GDO_TC","up","GO:0019787",171,2,1,0.941272671859818
"GDO_TC","up","GO:1901681",48,5,0.0250613068126788,0.00759673814276414
"GDO_TC","up","GO:0016859",19,1,1,0.393753517739439
"GDO_TC","up","GO:0060589",146,2,1,0.898460503810615
"GDO_TC","up","GO:1901682",17,2,0.0704600500174994,0.0704600500174994
"GDO_TC","up","GO:0046943",67,5,1,0.0290769847944469
"GDO_TC","up","GO:0016765",26,2,0.189025826516459,0.145171206672908
"GDO_TC","up","GO:0005158",10,1,0.231369047754625,0.231369047754625
"GDO_TC","up","GO:0140318",11,1,0.25135511801886,0.25135511801886
"GDO_TC","up","GO:0015318",176,5,1,0.483868552920353
"GDO_TC","up","GO:0072349",12,1,0.270825726132804,0.270825726132804
"GDO_TC","up","GO:0019001",190,9,1,0.0571296071096391
"GDO_TC","up","GO:0005539",32,2,1,0.201039073009075
"GDO_TC","up","GO:0019829",18,1,1,0.377540106134521
"GDO_TC","up","GO:0019003",21,2,0.101820636890879,0.101820636890879
"GDO_TC","up","GO:0017124",37,1,0.623384334916383,0.623384334916383
"GDO_TC","up","GO:0016614",43,1,1,0.678782834147953
"GDO_TC","up","GO:0016616",41,1,0.661278987107753,0.661278987107753
"GDO_TC","up","GO:0016887",215,6,0.488021883967812,0.488021883967812
"GDO_TC","up","GO:0051117",33,1,0.58128940235927,0.58128940235927
"GDO_TC","up","GO:0044877",563,15,0.947715964799194,0.498513464003511
"GDO_TC","up","GO:0022803",115,3,1,0.578836380403797
"GDO_TC","up","GO:0016903",16,1,1,0.34381227914392
"GDO_TC","up","GO:0022804",158,7,1,0.114884492336428
"GDO_TC","up","GO:0016755",180,2,1,0.952002843418268
"GDO_TC","up","GO:0016757",90,5,1,0.0833010079589136
"GDO_TC","up","GO:0016758",64,5,0.298850390124547,0.0243972593338579
"GDO_TC","up","GO:0008509",32,2,0.201039073009075,0.201039073009075
"GDO_TC","up","GO:0015081",61,2,1,0.473172355822377
"GDO_TC","up","GO:0017111",336,13,1,0.0936739246554704
"GDO_TC","up","GO:0016491",259,15,0.235794045437116,0.00259570272113468
"GDO_TC","up","GO:0008092",368,9,0.76699952952934,0.624432875222637
"GDO_TC","up","GO:0004672",222,4,1,0.836397275451192
"GDO_TC","up","GO:0016874",69,5,0.525477278585277,0.0324924070553465
"GDO_TC","up","GO:0004674",177,4,0.681534067714533,0.681534067714533
"GDO_TC","up","GO:0016875",21,3,1,0.016108333625819
"GDO_TC","up","GO:0015085",50,1,1,0.733273275400067
"GDO_TC","up","GO:0004866",33,1,0.58128940235927,0.58128940235927
"GDO_TC","up","GO:0031267",97,5,0.106268772867818,0.106268772867818
"GDO_TC","up","GO:0003690",256,1,1,0.999017254600352
"GDO_TC","up","GO:0003700",204,2,1,0.972266128168611
"GDO_TC","up","GO:0016879",19,1,0.393753517739439,0.393753517739439
"GDO_TC","up","GO:0140101",42,3,1,0.0942569572123707
"GDO_TC","up","GO:0140662",21,3,0.016108333625819,0.016108333625819
"GDO_TC","up","GO:0019842",50,3,0.162512460146998,0.139193527997398
"GDO_TC","up","GO:0140104",27,2,0.154251579820002,0.154251579820002
"GDO_TC","up","GO:0052866",13,1,0.289794057557921,0.289794057557921
"GDO_TC","up","GO:0016787",876,21,0.878325370175587,0.694553792692655
"GDO_TC","up","GO:0003697",29,1,0.534532964370544,0.534532964370544
"GDO_TC","up","GO:0005178",31,2,0.191532754040859,0.191532754040859
"GDO_TC","up","GO:0016788",210,3,1,0.916217606114989
"GDO_TC","up","GO:0043021",74,3,1,0.301138860244626
"GDO_TC","up","GO:0030331",14,1,0.308272963258929,0.308272963258929
"GDO_TC","up","GO:0043022",39,3,0.0792665108077302,0.0792665108077302
"GDO_TC","up","GO:0120013",21,1,0.424934412056473,0.424934412056473
"GDO_TC","up","GO:0008233",193,4,1,0.745672128227189
"GDO_TC","up","GO:0046624",10,1,0.231369047754625,0.231369047754625
"GDO_TC","up","GO:0008234",79,1,1,0.876897832916552
"GDO_TC","up","GO:0005215",338,14,1,0.0532801709745026
"GDO_TC","up","GO:0015075",193,7,0.0751651792096947,0.233734659322437
"GDO_TC","up","GO:0043565",273,2,0.608907669802297,0.994655473995586
"GDO_TC","up","GO:0046625",10,1,0.231369047754625,0.231369047754625
"GDO_TC","up","GO:0005216",97,2,1,0.723400202673639
"GDO_TC","up","GO:0008236",33,1,1,0.58128940235927
"GDO_TC","up","GO:0004857",83,1,1,0.889394159044452
"GDO_TC","up","GO:0008237",66,2,1,0.515046329603751
"GDO_TC","up","GO:0005488",3875,100,0.202141158511417,0.612533304537672
"GDO_TC","up","GO:0015078",41,1,1,0.661278987107753
"GDO_TC","up","GO:0016829",73,2,0.569904083126238,0.569904083126238
"GDO_TC","up","GO:0016772",332,7,0.0775326643297065,0.769291954013849
"GDO_TC","up","GO:0042802",446,13,0.307386550835371,0.371740418291049
"GDO_TC","up","GO:0016773",255,5,0.587007596828543,0.80055071173037
"GDO_TC","up","GO:0033293",14,1,0.308272963258929,0.308272963258929
"GDO_TC","up","GO:0042803",165,4,0.626661209255693,0.626661209255693
"GDO_TC","up","GO:0008375",21,3,0.016108333625819,0.016108333625819
"GDO_TC","up","GO:0005506",48,2,0.355279502288707,0.355279502288707
"GDO_TC","up","GO:0005126",32,1,1,0.570056388338057
"GDO_TC","up","GO:0140657",297,12,0.57840877871174,0.0821190014900671
"GDO_TC","up","GO:0005507",20,2,0.0936575603894442,0.0936575603894442
"GDO_TC","up","GO:0016779",57,1,0.778583973073062,0.778583973073062
"GDO_TC","up","GO:0005509",264,9,0.245056783661276,0.245056783661276
"GDO_TC","up","GO:0038023",196,3,0.549800342316424,0.890790843055638
"GDO_TC","up","GO:0038024",23,1,0.454524268920736,0.454524268920736
"GDO_TC","up","GO:0005244",19,1,1,0.393753517739439
"GDO_TC","up","GO:0061134",55,1,1,0.766480046796359
"GDO_TC","up","GO:0061135",38,1,1,0.633234788231561
"GDO_TC","up","GO:0000146",17,2,0.0704600500174994,0.0704600500174994
"GDO_TC","up","GO:0005096",79,1,0.876897832916552,0.876897832916552
"GDO_TC","up","GO:0016817",347,13,1,0.112988352792777
"GDO_TC","up","GO:0004888",127,1,0.966142243987606,0.966142243987606
"GDO_TC","up","GO:0016818",347,13,1,0.112988352792777
"GDO_TC","up","GO:0044183",31,3,1,0.0451787683170419
"GDO_TC","up","GO:0008134",163,1,1,0.987258840389771
"GDO_TC","up","GO:0008324",168,5,1,0.443021475295758
"GDO_TC","up","GO:0008135",49,6,1,0.00151181566200792
"GDO_TC","up","GO:0005385",12,1,0.270825726132804,0.270825726132804
"GDO_TC","up","GO:1901265",974,34,1,0.0341382004413703
"GDO_TC","up","GO:0046906",45,3,1,0.110315852592543
"GDO_TC","up","GO:0046872",1432,34,0.916971948749305,0.765858765195982
"GDO_TC","up","GO:0016462",347,13,1,0.112988352792777
"GDO_TC","up","GO:0046873",121,4,1,0.384710511499117
"GDO_TC","up","GO:0003924",125,7,0.0426987818339351,0.0426987818339351
"GDO_TC","up","GO:0004497",35,3,0.0610968172097481,0.0610968172097481
"GDO_TC","up","GO:0048027",12,1,0.270825726132804,0.270825726132804
"GDO_TC","up","GO:0015291",107,6,1,0.0583502795624393
"GDO_TC","up","GO:0000981",187,2,0.985657181738524,0.959036540715986
"GDO_TC","up","GO:0051082",46,3,0.115889805570149,0.115889805570149
"GDO_TC","up","GO:0140303",22,1,1,0.439923089413819
"GDO_TC","up","GO:0015293",60,4,0.304338212642521,0.0691857250001596
"GDO_TC","up","GO:0015294",46,3,0.268634816971738,0.115889805570149
"GDO_TC","up","GO:0030554",768,24,1,0.185584124133011
"GDO_TC","up","GO:0015297",41,2,0.288041051289196,0.288041051289196
"GDO_TC","up","GO:0140297",127,1,1,0.966142243987606
"GDO_TC","up","GO:0140677",206,4,1,0.790253409971988
"GDO_TC","up","GO:0051087",63,1,0.81128663950094,0.81128663950094
"GDO_TC","up","GO:0050997",13,1,0.289794057557921,0.289794057557921
"GDO_TC","up","GO:0000987",182,1,1,0.992417847941851
"GDO_TC","up","GO:0004518",59,1,1,0.790065480836705
"GDO_TC","up","GO:0022890",154,5,1,0.370175529640006
"GDO_TC","up","GO:0140678",98,1,1,0.926025992501215
"GDO_TC","up","GO:0004519",35,1,0.602889614027861,0.602889614027861
"GDO_TC","up","GO:0050839",97,5,1,0.106268772867818
"GDO_TC","up","GO:0008201",23,2,0.118697140261632,0.118697140261632
"GDO_TC","up","GO:0004252",24,1,0.468747886419544,0.468747886419544
"GDO_TC","up","GO:0030674",158,1,0.985399511905102,0.985399511905102
"GDO_TC","up","GO:0030295",35,1,1,0.602889614027861
"GDO_TC","up","GO:0005416",21,2,1,0.101820636890879
"GDO_TC","up","GO:0048018",34,2,1,0.220206221467003
"GDO_TC","up","GO:0016740",797,19,0.802056677927616,0.69669768016314
"GDO_TC","up","GO:0097159",2007,54,0.68537451416584,0.393701196362167
"GDO_TC","up","GO:0000976",228,1,1,0.997862160888831
"GDO_TC","up","GO:0016746",259,3,1,0.968575323032841
"GDO_TC","up","GO:0020037",43,3,0.0994958507877838,0.0994958507877838
"GDO_TC","up","GO:0000977",203,1,1,0.995739031990883
"GDO_TC","up","GO:0016747",74,1,1,0.859292584257247
"GDO_TC","up","GO:0140030",72,1,1,0.851570779237002
"GDO_TC","up","GO:0000978",177,1,0.991306248699092,0.991306248699092
"GDO_TC","up","GO:0070279",22,1,1,0.439923089413819
"GDO_TC","up","GO:0004812",21,3,0.016108333625819,0.016108333625819
"GDO_TC","up","GO:0008083",13,2,0.0432057490314027,0.0432057490314027
"GDO_TC","up","GO:0015035",15,2,0.0562448952205421,0.0562448952205421
"GDO_TC","up","GO:0101005",38,1,1,0.633234788231561
"GDO_TC","up","GO:0015036",18,2,1,0.0779604780709221
"GDO_TC","up","GO:0051020",102,6,0.120749679695975,0.0481848589937272
"GDO_TC","up","GO:0003682",168,3,0.818907752943128,0.818907752943128
"GDO_TC","up","GO:0017076",930,33,1,0.0299424029626601
"GDO_TC","up","GO:0061650",22,1,1,0.439923089413819
"GDO_TC","up","GO:0005319",51,3,0.287695587061245,0.145252987965688
"GDO_TC","up","GO:0044389",102,1,1,0.933565497140586
"GDO_TC","up","GO:0005201",26,1,0.49610092182824,0.49610092182824
"GDO_TC","up","GO:0004842",162,2,0.97710024166888,0.928312886575096
"GDO_TC","up","GO:0004843",36,1,0.61327158490295,0.61327158490295
"GDO_TC","up","GO:0097367",966,34,0.731091739513386,0.0305837589493071
"GDO_TC","up","GO:0060090",188,2,0.556345580291322,0.959957645973868
"GDO_TC","up","GO:0042910",17,1,0.360896793464321,0.360896793464321
"GDO_TC","up","GO:0140640",227,3,1,0.93985321888491
"GDO_TC","up","GO:0032561",190,9,1,0.0571296071096391
"GDO_TC","up","GO:0000339",11,1,0.25135511801886,0.25135511801886
"GDO_TC","up","GO:0005342",67,5,1,0.0290769847944469
"GDO_TC","up","GO:0017022",27,2,0.154251579820002,0.154251579820002
"GDO_TC","up","GO:0004712",21,1,0.424934412056473,0.424934412056473
"GDO_TC","up","GO:0005343",25,2,1,0.136210158292677
"GDO_TC","up","GO:0003674",4625,120,1,1
"GDO_TC","up","GO:0051015",93,4,0.221019514824513,0.221019514824513
"GDO_TC","up","GO:0003676",1112,21,1,0.968280827133345
"GDO_TC","up","GO:0045296",51,3,0.145252987965688,0.145252987965688
"GDO_TC","up","GO:0015267",114,3,1,0.572839118707168
"GDO_TC","up","GO:0003677",523,5,0.982546255506372,0.998549032356073
"GDO_TC","up","GO:0004601",23,3,0.0206601841031197,0.0206601841031197
"GDO_TC","up","GO:0004222",37,2,0.249212584419347,0.249212584419347
"GDO_TC","up","GO:1901363",1984,54,0.430413280171253,0.351414343251001
"GDO_TC","up","GO:0005085",74,2,0.577369783761839,0.577369783761839
"GDO_TC","up","GO:0043167",2145,58,1,0.365400609887513
"GDO_TC","up","GO:0008028",24,1,0.468747886419544,0.468747886419544
"GDO_TC","up","GO:0043168",1037,35,0.5904742838464,0.0490755034372179
"GDO_TC","up","GO:0015631",152,2,1,0.910798195044624
"GDO_TC","up","GO:0043169",1448,34,1,0.790317419690357
"GDO_TC","up","GO:0005102",269,9,0.620259026200326,0.262261306605949
"GDO_TC","up","GO:0032553",881,31,1,0.0395005231790921
"GDO_TC","up","GO:0004364",18,1,0.377540106134521,0.377540106134521
"GDO_TC","up","GO:0004175",118,3,1,0.596513139849068
"GDO_TC","up","GO:0044325",42,1,0.670146029330063,0.670146029330063
"GDO_TC","up","GO:0032555",874,31,1,0.0358313868808663
"GDO_TC","up","GO:0019205",18,1,0.377540106134521,0.377540106134521
"GDO_TC","up","GO:0019207",76,1,1,0.866615848367503
"GDO_TC","up","GO:0016410",37,1,0.623384334916383,0.623384334916383
"GDO_TC","up","GO:0032559",711,22,1,0.213635058589073
"GDO_TC","up","GO:0019209",37,1,1,0.623384334916383
"GDO_TC","up","GO:0090079",58,6,1,0.00362028267146819
"GDO_TC","up","GO:0022853",87,4,1,0.188558892410871
"GDO_TC","up","GO:0036094",1083,36,1,0.055798349766423
"GDO_TC","up","GO:0022857",310,13,1,0.0567704086169474
"GDO_TC","up","GO:0008017",110,1,0.946433025819361,0.946433025819361
"GDO_TC","up","GO:0015399",50,1,1,0.733273275400067
"GDO_TC","up","GO:0043539",19,1,0.393753517739439,0.393753517739439
"GDO_TC","up","GO:0030545",36,2,1,0.239520633399761
"GDO_TC","up","GO:0030165",23,1,0.454524268920736,0.454524268920736
"GDO_TC","up","GO:0016705",55,5,0.0144812785249152,0.0133724578585233
"GDO_TC","up","GO:0030546",36,2,1,0.239520633399761
"GDO_TC","up","GO:0016706",18,1,0.377540106134521,0.377540106134521
"GDO_TC","up","GO:0022884",11,1,0.25135511801886,0.25135511801886
"GDO_TC","up","GO:0003755",19,1,0.393753517739439,0.393753517739439
"GDO_TC","up","GO:0003756",10,2,0.0262184377247204,0.0262184377247204
"GDO_TC","up","GO:0001227",28,1,0.522056742732051,0.522056742732051
"GDO_TC","up","GO:0008047",157,2,1,0.920001173489488
"GDO_TC","up","GO:0019899",581,14,0.880779933665333,0.659804309591717
"GDO_TC","up","GO:0061629",78,1,1,0.873560977246795
"GDO_TC","up","GO:0033218",85,8,0.136425940455422,0.0014731744386816
"GDO_TC","up","GO:0035639",855,31,1,0.0271964340702806
"GDO_TC","up","GO:0000049",28,2,0.163439202664988,0.163439202664988
"GDO_TC","up","GO:0046961",13,1,0.289794057557921,0.289794057557921
"GDO_TC","up","GO:0031593",15,1,0.326274968118813,0.326274968118813
"GDO_TC","up","GO:0008194",45,4,0.461709285231465,0.0283280790911773
"GDO_TC","up","GO:0042625",13,1,1,0.289794057557921
"GDO_TC","up","GO:0042626",37,1,1,0.623384334916383
"GDO_TC","up","GO:0030276",22,1,0.439923089413819,0.439923089413819
"GDO_TC","up","GO:0015187",15,2,0.0509442050317847,0.0562448952205421
"GDO_TC","up","GO:0001217",29,1,1,0.534532964370544
"GDO_TC","up","GO:0043177",43,1,1,0.678782834147953
"GDO_TC","up","GO:0000149",35,0,1,1
"GDO_TC","up","GO:0000175",10,0,1,1
"GDO_TC","up","GO:0000993",17,0,1,1
"GDO_TC","up","GO:0001098",26,0,1,1
"GDO_TC","up","GO:0001099",26,0,1,1
"GDO_TC","up","GO:0001216",68,0,1,1
"GDO_TC","up","GO:0001221",30,0,1,1
"GDO_TC","up","GO:0001222",14,0,1,1
"GDO_TC","up","GO:0001223",13,0,1,1
"GDO_TC","up","GO:0001228",67,0,1,1
"GDO_TC","up","GO:0001530",10,0,1,1
"GDO_TC","up","GO:0001664",36,0,1,1
"GDO_TC","up","GO:0001671",11,0,1,1
"GDO_TC","up","GO:0001727",16,0,1,1
"GDO_TC","up","GO:0001786",18,0,1,1
"GDO_TC","up","GO:0001965",12,0,1,1
"GDO_TC","up","GO:0002020",30,0,1,1
"GDO_TC","up","GO:0002039",20,0,1,1
"GDO_TC","up","GO:0003678",13,0,1,1
"GDO_TC","up","GO:0003684",16,0,1,1
"GDO_TC","up","GO:0003714",64,0,1,1
"GDO_TC","up","GO:0003724",57,0,1,1
"GDO_TC","up","GO:0003730",35,0,1,1
"GDO_TC","up","GO:0003735",106,0,1,1
"GDO_TC","up","GO:0003899",10,0,1,1
"GDO_TC","up","GO:0003925",17,0,1,1
"GDO_TC","up","GO:0003950",21,0,1,1
"GDO_TC","up","GO:0003953",14,0,1,1
"GDO_TC","up","GO:0003955",10,0,1,1
"GDO_TC","up","GO:0004177",12,0,1,1
"GDO_TC","up","GO:0004180",15,0,1,1
"GDO_TC","up","GO:0004190",10,0,1,1
"GDO_TC","up","GO:0004197",48,0,1,1
"GDO_TC","up","GO:0004198",10,0,1,1
"GDO_TC","up","GO:0004386",94,0,1,1
"GDO_TC","up","GO:0004402",24,0,1,1
"GDO_TC","up","GO:0004520",14,0,1,1
"GDO_TC","up","GO:0004521",22,0,1,1
"GDO_TC","up","GO:0004527",26,0,1,1
"GDO_TC","up","GO:0004532",16,0,1,1
"GDO_TC","up","GO:0004536",17,0,1,1
"GDO_TC","up","GO:0004540",39,0,1,1
"GDO_TC","up","GO:0004550",10,0,1,1
"GDO_TC","up","GO:0004553",37,0,1,1
"GDO_TC","up","GO:0004620",22,0,1,1
"GDO_TC","up","GO:0004709",12,0,1,1
"GDO_TC","up","GO:0004713",61,0,1,1
"GDO_TC","up","GO:0004714",20,0,1,1
"GDO_TC","up","GO:0004715",14,0,1,1
"GDO_TC","up","GO:0004721",73,0,1,1
"GDO_TC","up","GO:0004722",34,0,1,1
"GDO_TC","up","GO:0004725",39,0,1,1
"GDO_TC","up","GO:0004860",16,0,1,1
"GDO_TC","up","GO:0004864",11,0,1,1
"GDO_TC","up","GO:0004867",18,0,1,1
"GDO_TC","up","GO:0004869",10,0,1,1
"GDO_TC","up","GO:0004879",22,0,1,1
"GDO_TC","up","GO:0004930",33,0,1,1
"GDO_TC","up","GO:0005001",14,0,1,1
"GDO_TC","up","GO:0005125",14,0,1,1
"GDO_TC","up","GO:0005154",12,0,1,1
"GDO_TC","up","GO:0005200",57,0,1,1
"GDO_TC","up","GO:0005217",11,0,1,1
"GDO_TC","up","GO:0005230",13,0,1,1
"GDO_TC","up","GO:0005253",17,0,1,1
"GDO_TC","up","GO:0005254",14,0,1,1
"GDO_TC","up","GO:0005267",10,0,1,1
"GDO_TC","up","GO:0005272",17,0,1,1
"GDO_TC","up","GO:0005310",10,0,1,1
"GDO_TC","up","GO:0005484",12,0,1,1
"GDO_TC","up","GO:0005496",34,0,1,1
"GDO_TC","up","GO:0005544",18,0,1,1
"GDO_TC","up","GO:0005546",22,0,1,1
"GDO_TC","up","GO:0005547",11,0,1,1
"GDO_TC","up","GO:0008013",22,0,1,1
"GDO_TC","up","GO:0008061",22,0,1,1
"GDO_TC","up","GO:0008066",11,0,1,1
"GDO_TC","up","GO:0008080",31,0,1,1
"GDO_TC","up","GO:0008081",21,0,1,1
"GDO_TC","up","GO:0008093",18,0,1,1
"GDO_TC","up","GO:0008094",37,0,1,1
"GDO_TC","up","GO:0008139",12,0,1,1
"GDO_TC","up","GO:0008146",11,0,1,1
"GDO_TC","up","GO:0008168",62,0,1,1
"GDO_TC","up","GO:0008170",33,0,1,1
"GDO_TC","up","GO:0008171",10,0,1,1
"GDO_TC","up","GO:0008173",13,0,1,1
"GDO_TC","up","GO:0008186",57,0,1,1
"GDO_TC","up","GO:0008187",10,0,1,1
"GDO_TC","up","GO:0008235",24,0,1,1
"GDO_TC","up","GO:0008238",34,0,1,1
"GDO_TC","up","GO:0008276",36,0,1,1
"GDO_TC","up","GO:0008307",10,0,1,1
"GDO_TC","up","GO:0008374",11,0,1,1
"GDO_TC","up","GO:0008376",11,0,1,1
"GDO_TC","up","GO:0008408",19,0,1,1
"GDO_TC","up","GO:0008525",11,0,1,1
"GDO_TC","up","GO:0008559",13,0,1,1
"GDO_TC","up","GO:0008569",21,0,1,1
"GDO_TC","up","GO:0008656",10,0,1,1
"GDO_TC","up","GO:0008757",52,0,1,1
"GDO_TC","up","GO:0009055",22,0,1,1
"GDO_TC","up","GO:0010485",10,0,1,1
"GDO_TC","up","GO:0015026",15,0,1,1
"GDO_TC","up","GO:0015079",21,0,1,1
"GDO_TC","up","GO:0015103",32,0,1,1
"GDO_TC","up","GO:0015108",26,0,1,1
"GDO_TC","up","GO:0015248",10,0,1,1
"GDO_TC","up","GO:0015276",31,0,1,1
"GDO_TC","up","GO:0015453",13,0,1,1
"GDO_TC","up","GO:0015485",20,0,1,1
"GDO_TC","up","GO:0015562",10,0,1,1
"GDO_TC","up","GO:0015932",12,0,1,1
"GDO_TC","up","GO:0016247",19,0,1,1
"GDO_TC","up","GO:0016251",11,0,1,1
"GDO_TC","up","GO:0016278",27,0,1,1
"GDO_TC","up","GO:0016279",27,0,1,1
"GDO_TC","up","GO:0016298",27,0,1,1
"GDO_TC","up","GO:0016407",36,0,1,1
"GDO_TC","up","GO:0016409",13,0,1,1
"GDO_TC","up","GO:0016417",11,0,1,1
"GDO_TC","up","GO:0016504",20,0,1,1
"GDO_TC","up","GO:0016505",11,0,1,1
"GDO_TC","up","GO:0016538",10,0,1,1
"GDO_TC","up","GO:0016597",18,0,1,1
"GDO_TC","up","GO:0016627",13,0,1,1
"GDO_TC","up","GO:0016655",12,0,1,1
"GDO_TC","up","GO:0016701",11,0,1,1
"GDO_TC","up","GO:0016702",10,0,1,1
"GDO_TC","up","GO:0016741",66,0,1,1
"GDO_TC","up","GO:0016763",25,0,1,1
"GDO_TC","up","GO:0016776",14,0,1,1
"GDO_TC","up","GO:0016782",16,0,1,1
"GDO_TC","up","GO:0016790",11,0,1,1
"GDO_TC","up","GO:0016796",18,0,1,1
"GDO_TC","up","GO:0016798",68,0,1,1
"GDO_TC","up","GO:0016799",26,0,1,1
"GDO_TC","up","GO:0016805",11,0,1,1
"GDO_TC","up","GO:0016810",27,0,1,1
"GDO_TC","up","GO:0016811",18,0,1,1
"GDO_TC","up","GO:0016830",18,0,1,1
"GDO_TC","up","GO:0016831",10,0,1,1
"GDO_TC","up","GO:0016835",31,0,1,1
"GDO_TC","up","GO:0016836",27,0,1,1
"GDO_TC","up","GO:0016877",12,0,1,1
"GDO_TC","up","GO:0016881",12,0,1,1
"GDO_TC","up","GO:0016893",12,0,1,1
"GDO_TC","up","GO:0016896",16,0,1,1
"GDO_TC","up","GO:0017018",27,0,1,1
"GDO_TC","up","GO:0017025",12,0,1,1
"GDO_TC","up","GO:0017056",15,0,1,1
"GDO_TC","up","GO:0017069",23,0,1,1
"GDO_TC","up","GO:0017134",10,0,1,1
"GDO_TC","up","GO:0017147",14,0,1,1
"GDO_TC","up","GO:0019198",14,0,1,1
"GDO_TC","up","GO:0019199",24,0,1,1
"GDO_TC","up","GO:0019208",32,0,1,1
"GDO_TC","up","GO:0019210",18,0,1,1
"GDO_TC","up","GO:0019212",11,0,1,1
"GDO_TC","up","GO:0019213",10,0,1,1
"GDO_TC","up","GO:0019838",26,0,1,1
"GDO_TC","up","GO:0019843",36,0,1,1
"GDO_TC","up","GO:0019888",29,0,1,1
"GDO_TC","up","GO:0019894",12,0,1,1
"GDO_TC","up","GO:0019905",20,0,1,1
"GDO_TC","up","GO:0019955",16,0,1,1
"GDO_TC","up","GO:0022824",12,0,1,1
"GDO_TC","up","GO:0022834",31,0,1,1
"GDO_TC","up","GO:0022835",12,0,1,1
"GDO_TC","up","GO:0030145",23,0,1,1
"GDO_TC","up","GO:0030159",10,0,1,1
"GDO_TC","up","GO:0030371",12,0,1,1
"GDO_TC","up","GO:0030507",17,0,1,1
"GDO_TC","up","GO:0030515",15,0,1,1
"GDO_TC","up","GO:0030544",30,0,1,1
"GDO_TC","up","GO:0030594",19,0,1,1
"GDO_TC","up","GO:0030971",26,0,1,1
"GDO_TC","up","GO:0031369",14,0,1,1
"GDO_TC","up","GO:0031490",19,0,1,1
"GDO_TC","up","GO:0031491",12,0,1,1
"GDO_TC","up","GO:0031683",11,0,1,1
"GDO_TC","up","GO:0032182",40,0,1,1
"GDO_TC","up","GO:0032266",20,0,1,1
"GDO_TC","up","GO:0032934",29,0,1,1
"GDO_TC","up","GO:0034062",10,0,1,1
"GDO_TC","up","GO:0034185",14,0,1,1
"GDO_TC","up","GO:0034212",26,0,1,1
"GDO_TC","up","GO:0035064",33,0,1,1
"GDO_TC","up","GO:0035254",14,0,1,1
"GDO_TC","up","GO:0035591",30,0,1,1
"GDO_TC","up","GO:0036002",13,0,1,1
"GDO_TC","up","GO:0042054",30,0,1,1
"GDO_TC","up","GO:0042162",11,0,1,1
"GDO_TC","up","GO:0042562",11,0,1,1
"GDO_TC","up","GO:0042799",14,0,1,1
"GDO_TC","up","GO:0042805",11,0,1,1
"GDO_TC","up","GO:0042813",11,0,1,1
"GDO_TC","up","GO:0042826",18,0,1,1
"GDO_TC","up","GO:0043014",16,0,1,1
"GDO_TC","up","GO:0043027",13,0,1,1
"GDO_TC","up","GO:0043028",23,0,1,1
"GDO_TC","up","GO:0043130",36,0,1,1
"GDO_TC","up","GO:0043175",18,0,1,1
"GDO_TC","up","GO:0043178",32,0,1,1
"GDO_TC","up","GO:0043495",10,0,1,1
"GDO_TC","up","GO:0043560",10,0,1,1
"GDO_TC","up","GO:0045309",17,0,1,1
"GDO_TC","up","GO:0045504",10,0,1,1
"GDO_TC","up","GO:0045505",34,0,1,1
"GDO_TC","up","GO:0046875",11,0,1,1
"GDO_TC","up","GO:0048029",26,0,1,1
"GDO_TC","up","GO:0048306",20,0,1,1
"GDO_TC","up","GO:0050660",35,0,1,1
"GDO_TC","up","GO:0050840",10,0,1,1
"GDO_TC","up","GO:0051010",10,0,1,1
"GDO_TC","up","GO:0051018",15,0,1,1
"GDO_TC","up","GO:0051019",13,0,1,1
"GDO_TC","up","GO:0051219",33,0,1,1
"GDO_TC","up","GO:0051393",10,0,1,1
"GDO_TC","up","GO:0051536",32,0,1,1
"GDO_TC","up","GO:0051537",15,0,1,1
"GDO_TC","up","GO:0051539",17,0,1,1
"GDO_TC","up","GO:0051540",32,0,1,1
"GDO_TC","up","GO:0051959",24,0,1,1
"GDO_TC","up","GO:0052689",30,0,1,1
"GDO_TC","up","GO:0055106",11,0,1,1
"GDO_TC","up","GO:0060590",14,0,1,1
"GDO_TC","up","GO:0061630",116,0,1,1
"GDO_TC","up","GO:0061659",124,0,1,1
"GDO_TC","up","GO:0061733",24,0,1,1
"GDO_TC","up","GO:0061809",14,0,1,1
"GDO_TC","up","GO:0061980",12,0,1,1
"GDO_TC","up","GO:0070001",10,0,1,1
"GDO_TC","up","GO:0070034",10,0,1,1
"GDO_TC","up","GO:0070063",30,0,1,1
"GDO_TC","up","GO:0070402",10,0,1,1
"GDO_TC","up","GO:0070403",16,0,1,1
"GDO_TC","up","GO:0070566",12,0,1,1
"GDO_TC","up","GO:0070577",13,0,1,1
"GDO_TC","up","GO:0070628",18,0,1,1
"GDO_TC","up","GO:0070717",12,0,1,1
"GDO_TC","up","GO:0070840",15,0,1,1
"GDO_TC","up","GO:0070851",25,0,1,1
"GDO_TC","up","GO:0071949",14,0,1,1
"GDO_TC","up","GO:0072341",25,0,1,1
"GDO_TC","up","GO:0097110",23,0,1,1
"GDO_TC","up","GO:0097153",12,0,1,1
"GDO_TC","up","GO:0097747",10,0,1,1
"GDO_TC","up","GO:0098531",22,0,1,1
"GDO_TC","up","GO:0098960",16,0,1,1
"GDO_TC","up","GO:0099094",26,0,1,1
"GDO_TC","up","GO:0099106",19,0,1,1
"GDO_TC","up","GO:0099529",12,0,1,1
"GDO_TC","up","GO:0099604",15,0,1,1
"GDO_TC","up","GO:0120015",10,0,1,1
"GDO_TC","up","GO:0140033",13,0,1,1
"GDO_TC","up","GO:0140034",35,0,1,1
"GDO_TC","up","GO:0140097",73,0,1,1
"GDO_TC","up","GO:0140142",15,0,1,1
"GDO_TC","up","GO:0140223",13,0,1,1
"GDO_TC","up","GO:0140296",21,0,1,1
"GDO_TC","up","GO:0140359",19,0,1,1
"GDO_TC","up","GO:0140463",12,0,1,1
"GDO_TC","up","GO:0140658",19,0,1,1
"GDO_TC","up","GO:0140767",31,0,1,1
"GDO_TC","up","GO:0140828",17,0,1,1
"GDO_TC","up","GO:0140938",14,0,1,1
"GDO_TC","up","GO:0140939",15,0,1,1
"GDO_TC","up","GO:0140944",13,0,1,1
"GDO_TC","up","GO:0140993",88,0,1,1
"GDO_TC","up","GO:1901505",11,0,1,1
"GDO_TC","up","GO:1902936",29,0,1,1
"GDO_TC","up","GO:1904315",12,0,1,1
"GDO_TC","up","GO:1990404",21,0,1,1
"GDO_TC","up","GO:1990756",26,0,1,1
"GDO_TC","up","GO:1990782",32,0,1,1
"GDO_TC","up","GO:1990841",25,0,1,1
"GDO_TC","down","GO:0038024",23,1,0.252449363478568,0.252449363478568
"GDO_TC","down","GO:0019207",76,1,1,0.61978568438128
"GDO_TC","down","GO:0003690",256,5,1,0.216140854480302
"GDO_TC","down","GO:0019209",37,1,1,0.37423005321533
"GDO_TC","down","GO:0030674",158,2,0.841911517552432,0.595259358417554
"GDO_TC","down","GO:0098772",460,3,1,0.937813026043119
"GDO_TC","down","GO:0008324",168,2,1,0.629139175292058
"GDO_TC","down","GO:0017147",14,3,0.000617738996809025,0.000617738996809025
"GDO_TC","down","GO:0015026",15,1,0.17269883049914,0.17269883049914
"GDO_TC","down","GO:0061659",124,1,1,0.795294493351699
"GDO_TC","down","GO:0003697",29,2,0.0505484636539337,0.0505484636539337
"GDO_TC","down","GO:0046872",1432,14,0.966177955386325,0.901071313748672
"GDO_TC","down","GO:0019001",190,2,1,0.696029511967861
"GDO_TC","down","GO:0046873",121,2,1,0.451310056237633
"GDO_TC","down","GO:0000976",228,5,0.218508298073913,0.15576998383498
"GDO_TC","down","GO:0000977",203,4,1,0.249282985749229
"GDO_TC","down","GO:0019003",21,1,0.233250349808987,0.233250349808987
"GDO_TC","down","GO:0000978",177,4,0.180420669394244,0.180420669394244
"GDO_TC","down","GO:0030234",366,3,0.759315600574783,0.849208533219757
"GDO_TC","down","GO:0016651",27,1,0.289440879851461,0.289440879851461
"GDO_TC","down","GO:0042802",446,7,0.85659386761599,0.324620968587918
"GDO_TC","down","GO:0016462",347,2,1,0.939212439487718
"GDO_TC","down","GO:0042803",165,5,0.0545664055626234,0.0545664055626234
"GDO_TC","down","GO:0140640",227,1,1,0.947004134875602
"GDO_TC","down","GO:0015318",176,2,1,0.654668239559516
"GDO_TC","down","GO:0140296",21,1,1,0.233250349808987
"GDO_TC","down","GO:0072341",25,1,1,0.271175727932025
"GDO_TC","down","GO:0140297",127,6,0.0208438482451817,0.00478898995010745
"GDO_TC","down","GO:0005506",48,1,0.4560353698023,0.4560353698023
"GDO_TC","down","GO:0001227",28,1,0.29840400054929,0.29840400054929
"GDO_TC","down","GO:0003700",204,4,1,0.252050534756893
"GDO_TC","down","GO:0001228",67,2,0.204891082102494,0.204891082102494
"GDO_TC","down","GO:0005200",57,2,0.159675724017103,0.159675724017103
"GDO_TC","down","GO:0035639",855,6,1,0.970006800856534
"GDO_TC","down","GO:0005509",264,6,0.111013087756389,0.111013087756389
"GDO_TC","down","GO:0016755",180,1,1,0.9014305386648
"GDO_TC","down","GO:0097159",2007,17,1,0.990688409515315
"GDO_TC","down","GO:0008017",110,3,0.158761972517706,0.158761972517706
"GDO_TC","down","GO:0017076",930,7,1,0.962722907738868
"GDO_TC","down","GO:0140096",858,5,0.994178369184524,0.98946999669502
"GDO_TC","down","GO:0140097",73,1,1,0.604870262514803
"GDO_TC","down","GO:0036094",1083,7,1,0.990795894051901
"GDO_TC","down","GO:0001216",68,2,1,0.209498136207157
"GDO_TC","down","GO:0001217",29,1,1,0.307255984009838
"GDO_TC","down","GO:0019900",208,2,1,0.743239121392106
"GDO_TC","down","GO:0019901",187,2,0.860407034493907,0.687516271128162
"GDO_TC","down","GO:0016787",876,7,0.957413807716886,0.94184620177405
"GDO_TC","down","GO:0016788",210,1,1,0.933617433840125
"GDO_TC","down","GO:0004842",162,1,1,0.875205206132206
"GDO_TC","down","GO:0017022",27,1,0.289440879851461,0.289440879851461
"GDO_TC","down","GO:0051213",30,1,1,0.315998184385693
"GDO_TC","down","GO:0008047",157,1,1,0.866776102358158
"GDO_TC","down","GO:0030295",35,1,0.358108711342927,0.358108711342927
"GDO_TC","down","GO:0000166",974,7,1,0.974550297326484
"GDO_TC","down","GO:0017025",12,1,0.140684875316712,0.140684875316712
"GDO_TC","down","GO:0060090",188,2,1,0.690374981902831
"GDO_TC","down","GO:0001786",18,1,0.203539907503946,0.203539907503946
"GDO_TC","down","GO:0030414",33,1,1,0.34157938654331
"GDO_TC","down","GO:0005178",31,1,0.324631939620869,0.324631939620869
"GDO_TC","down","GO:0051540",32,1,1,0.333158571641328
"GDO_TC","down","GO:0016922",31,1,0.324631939620869,0.324631939620869
"GDO_TC","down","GO:0001530",10,2,0.00652078276554052,0.00652078276554052
"GDO_TC","down","GO:0016772",332,1,1,0.987071667180485
"GDO_TC","down","GO:0019843",36,1,0.366219755949051,0.366219755949051
"GDO_TC","down","GO:0016773",255,1,1,0.963498797598694
"GDO_TC","down","GO:0061629",78,3,0.114803906439722,0.0735820157753535
"GDO_TC","down","GO:0140993",88,1,0.674108998437033,0.674108998437033
"GDO_TC","down","GO:0140828",17,2,0.0186299910344447,0.0186299910344447
"GDO_TC","down","GO:0005125",14,1,0.162159962097855,0.162159962097855
"GDO_TC","down","GO:0051015",93,1,0.694422494616853,0.694422494616853
"GDO_TC","down","GO:0015291",107,2,1,0.390037301304477
"GDO_TC","down","GO:0016627",13,1,0.151489184276528,0.151489184276528
"GDO_TC","down","GO:0033218",85,1,1,0.6612899476152
"GDO_TC","down","GO:0022890",154,2,1,0.581093609438843
"GDO_TC","down","GO:0070840",15,1,0.17269883049914,0.17269883049914
"GDO_TC","down","GO:0015297",41,2,1,0.0928903524037906
"GDO_TC","down","GO:1990837",239,5,1,0.178568743001599
"GDO_TC","down","GO:0051536",32,1,1,0.333158571641328
"GDO_TC","down","GO:0051537",15,1,0.17269883049914,0.17269883049914
"GDO_TC","down","GO:0003755",19,1,0.213566971833177,0.213566971833177
"GDO_TC","down","GO:0031593",15,1,0.17269883049914,0.17269883049914
"GDO_TC","down","GO:0140110",369,6,1,0.315625429804816
"GDO_TC","down","GO:0097367",966,9,1,0.883004992664268
"GDO_TC","down","GO:0042393",89,2,0.307490600381625,0.307490600381625
"GDO_TC","down","GO:0052689",30,1,0.315998184385693,0.315998184385693
"GDO_TC","down","GO:0003682",168,3,0.352835952871597,0.352835952871597
"GDO_TC","down","GO:0097110",23,1,0.252449363478568,0.252449363478568
"GDO_TC","down","GO:0043167",2145,19,1,0.987823028354917
"GDO_TC","down","GO:0003684",16,1,0.183107391850778,0.183107391850778
"GDO_TC","down","GO:0070402",10,1,0.118669078988971,0.118669078988971
"GDO_TC","down","GO:0043168",1037,7,1,0.985688709694774
"GDO_TC","down","GO:0016853",62,2,0.416040633836934,0.182061454298725
"GDO_TC","down","GO:0043169",1448,14,1,0.910473256530373
"GDO_TC","down","GO:0015631",152,3,1,0.297266527313365
"GDO_TC","down","GO:0022803",115,1,1,0.769979140632737
"GDO_TC","down","GO:0022804",158,2,1,0.595259358417554
"GDO_TC","down","GO:0008201",23,1,0.252449363478568,0.252449363478568
"GDO_TC","down","GO:0016859",19,1,1,0.213566971833177
"GDO_TC","down","GO:0008092",368,7,1,0.174868547533506
"GDO_TC","down","GO:0016410",37,1,1,0.37423005321533
"GDO_TC","down","GO:0019955",16,1,0.183107391850778,0.183107391850778
"GDO_TC","down","GO:0008094",37,1,0.37423005321533,0.37423005321533
"GDO_TC","down","GO:0061630",116,1,0.772937280287571,0.772937280287571
"GDO_TC","down","GO:0016298",27,1,0.289440879851461,0.289440879851461
"GDO_TC","down","GO:0003674",4625,58,1,1
"GDO_TC","down","GO:0016740",797,4,0.946619986616645,0.993980356571691
"GDO_TC","down","GO:0005385",12,1,0.140684875316712,0.140684875316712
"GDO_TC","down","GO:0030554",768,5,1,0.974313216869372
"GDO_TC","down","GO:0003676",1112,13,1,0.664558785008213
"GDO_TC","down","GO:0003677",523,12,0.0405109791141193,0.0263473497333648
"GDO_TC","down","GO:1901265",974,7,1,0.974550297326484
"GDO_TC","down","GO:0016746",259,2,1,0.84477336831271
"GDO_TC","down","GO:0016747",74,1,1,0.609904868133024
"GDO_TC","down","GO:0046982",71,5,0.00180243332784772,0.00180243332784772
"GDO_TC","down","GO:0003924",125,2,0.468202290771254,0.468202290771254
"GDO_TC","down","GO:0046983",243,10,0.285490156158755,0.000744278529468652
"GDO_TC","down","GO:0019213",10,2,0.00652078276554052,0.00652078276554052
"GDO_TC","down","GO:1901363",1984,17,1,0.988618977848131
"GDO_TC","down","GO:0016301",270,1,1,0.970137495626296
"GDO_TC","down","GO:0019899",581,3,0.991827858268397,0.982449992827233
"GDO_TC","down","GO:0003779",164,3,0.224340417550238,0.338936810264604
"GDO_TC","down","GO:0042826",18,1,0.203539907503946,0.203539907503946
"GDO_TC","down","GO:0005524",693,4,0.981666575722804,0.981666575722804
"GDO_TC","down","GO:0005525",182,2,0.672905731619082,0.672905731619082
"GDO_TC","down","GO:0019199",24,1,1,0.261870905616387
"GDO_TC","down","GO:1990782",32,1,1,0.333158571641328
"GDO_TC","down","GO:0004672",222,1,1,0.943369592705122
"GDO_TC","down","GO:0015267",114,1,1,0.766983135727437
"GDO_TC","down","GO:0003723",610,3,0.991905184549193,0.987270549990888
"GDO_TC","down","GO:0003725",28,1,0.29840400054929,0.29840400054929
"GDO_TC","down","GO:0003727",40,1,0.397668684398462,0.397668684398462
"GDO_TC","down","GO:0019787",171,1,1,0.889077023074076
"GDO_TC","down","GO:0042813",11,3,0.000287621772840642,0.000287621772840642
"GDO_TC","down","GO:1901702",148,2,1,0.559190894978943
"GDO_TC","down","GO:0005515",1865,31,0.897716383208805,0.028670481203436
"GDO_TC","down","GO:0005516",77,1,0.624633437800907,0.624633437800907
"GDO_TC","down","GO:0043565",273,5,1,0.256049860552097
"GDO_TC","down","GO:0005518",17,1,0.193387229401799,0.193387229401799
"GDO_TC","down","GO:0140657",297,1,1,0.979230020199565
"GDO_TC","down","GO:0022853",87,2,1,0.298156846305503
"GDO_TC","down","GO:0003712",167,2,1,0.625849851215624
"GDO_TC","down","GO:0060089",196,4,1,0.230122353908686
"GDO_TC","down","GO:0016829",73,1,0.604870262514803,0.604870262514803
"GDO_TC","down","GO:0008061",22,1,0.242909663386545,0.242909663386545
"GDO_TC","down","GO:0003713",92,1,0.690461937005183,0.690461937005183
"GDO_TC","down","GO:0003714",64,2,0.191147932893077,0.191147932893077
"GDO_TC","down","GO:0005215",338,4,1,0.621751653262643
"GDO_TC","down","GO:0022857",310,4,0.335638852111277,0.551534160818829
"GDO_TC","down","GO:0000287",77,1,0.624633437800907,0.624633437800907
"GDO_TC","down","GO:0050840",10,2,0.00652078276554052,0.00652078276554052
"GDO_TC","down","GO:0044877",563,7,1,0.570424341000773
"GDO_TC","down","GO:0032561",190,2,1,0.696029511967861
"GDO_TC","down","GO:0004866",33,1,0.34157938654331,0.34157938654331
"GDO_TC","down","GO:0016810",27,1,1,0.289440879851461
"GDO_TC","down","GO:0005543",142,1,1,0.837987803376657
"GDO_TC","down","GO:0000149",35,1,0.358108711342927,0.358108711342927
"GDO_TC","down","GO:0016811",18,1,0.203539907503946,0.203539907503946
"GDO_TC","down","GO:0005198",239,5,0.240607591166069,0.178568743001599
"GDO_TC","down","GO:0046332",24,1,0.261870905616387,0.261870905616387
"GDO_TC","down","GO:0016817",347,2,1,0.939212439487718
"GDO_TC","down","GO:0016818",347,2,1,0.939212439487718
"GDO_TC","down","GO:0005102",269,2,1,0.859894514020598
"GDO_TC","down","GO:0016798",68,2,0.409133078259117,0.209498136207157
"GDO_TC","down","GO:0046914",374,2,1,0.955056752021228
"GDO_TC","down","GO:0016491",259,4,0.904156053015427,0.409975046308496
"GDO_TC","down","GO:0016799",26,1,0.280365251362447,0.280365251362447
"GDO_TC","down","GO:0046915",17,1,1,0.193387229401799
"GDO_TC","down","GO:0004713",61,1,1,0.539240740239371
"GDO_TC","down","GO:0004714",20,1,0.223469949608618,0.223469949608618
"GDO_TC","down","GO:0005484",12,1,0.140684875316712,0.140684875316712
"GDO_TC","down","GO:0008289",231,2,1,0.794499041216833
"GDO_TC","down","GO:0004857",83,1,1,0.652469940258593
"GDO_TC","down","GO:0015081",61,1,0.539240740239371,0.539240740239371
"GDO_TC","down","GO:0032553",881,6,1,0.976337467348617
"GDO_TC","down","GO:0016701",11,1,1,0.129745393922588
"GDO_TC","down","GO:0032555",874,6,1,0.97476324159818
"GDO_TC","down","GO:0005488",3875,51,1,0.254317543969532
"GDO_TC","down","GO:0016702",10,1,0.118669078988971,0.118669078988971
"GDO_TC","down","GO:0015085",50,2,0.129371451380365,0.129371451380365
"GDO_TC","down","GO:0001067",229,5,1,0.157788576107945
"GDO_TC","down","GO:0005539",32,1,1,0.333158571641328
"GDO_TC","down","GO:0140677",206,1,1,0.930013617954929
"GDO_TC","down","GO:0050839",97,2,0.563924357724254,0.344570591048782
"GDO_TC","down","GO:0032559",711,4,1,0.98478761389808
"GDO_TC","down","GO:0140678",98,1,1,0.713490291548932
"GDO_TC","down","GO:0008270",288,1,0.976551815488918,0.976551815488918
"GDO_TC","down","GO:0008080",31,1,0.324631939620869,0.324631939620869
"GDO_TC","down","GO:0034185",14,2,0.0127690725992733,0.0127690725992733
"GDO_TC","down","GO:0042277",59,1,0.527306864516283,0.527306864516283
"GDO_TC","down","GO:0070628",18,1,0.203539907503946,0.203539907503946
"GDO_TC","down","GO:0003735",106,1,0.741593565631849,0.741593565631849
"GDO_TC","down","GO:0050661",25,1,1,0.271175727932025
"GDO_TC","down","GO:0004930",33,1,0.34157938654331,0.34157938654331
"GDO_TC","down","GO:0008134",163,6,1,0.0155489319636091
"GDO_TC","down","GO:0061134",55,1,1,0.502520642024124
"GDO_TC","down","GO:0048018",34,1,1,0.349895674779479
"GDO_TC","down","GO:0017111",336,2,1,0.931376425379542
"GDO_TC","down","GO:0061135",38,1,1,0.382140832839025
"GDO_TC","down","GO:0016407",36,1,1,0.366219755949051
"GDO_TC","down","GO:0004888",127,3,1,0.212529464022878
"GDO_TC","down","GO:0030545",36,1,1,0.366219755949051
"GDO_TC","down","GO:0015075",193,2,1,0.70435509632717
"GDO_TC","down","GO:0000981",187,4,0.697714937468617,0.206112461936629
"GDO_TC","down","GO:0030546",36,1,1,0.366219755949051
"GDO_TC","down","GO:0030971",26,1,0.280365251362447,0.280365251362447
"GDO_TC","down","GO:0003824",1996,18,1,0.979191258478796
"GDO_TC","down","GO:1901681",48,1,1,0.4560353698023
"GDO_TC","down","GO:0140030",72,1,1,0.599771814289188
"GDO_TC","down","GO:0019887",64,1,1,0.556588399434082
"GDO_TC","down","GO:0000987",182,4,1,0.193125469681219
"GDO_TC","down","GO:0038023",196,4,1,0.230122353908686
"GDO_TC","down","GO:0022829",12,1,0.140684875316712,0.140684875316712
"GDO_TC","down","GO:0000049",28,0,1,1
"GDO_TC","down","GO:0000146",17,0,1,1
"GDO_TC","down","GO:0000175",10,0,1,1
"GDO_TC","down","GO:0000339",11,0,1,1
"GDO_TC","down","GO:0000993",17,0,1,1
"GDO_TC","down","GO:0001098",26,0,1,1
"GDO_TC","down","GO:0001099",26,0,1,1
"GDO_TC","down","GO:0001221",30,0,1,1
"GDO_TC","down","GO:0001222",14,0,1,1
"GDO_TC","down","GO:0001223",13,0,1,1
"GDO_TC","down","GO:0001664",36,0,1,1
"GDO_TC","down","GO:0001671",11,0,1,1
"GDO_TC","down","GO:0001727",16,0,1,1
"GDO_TC","down","GO:0001965",12,0,1,1
"GDO_TC","down","GO:0002020",30,0,1,1
"GDO_TC","down","GO:0002039",20,0,1,1
"GDO_TC","down","GO:0003678",13,0,1,1
"GDO_TC","down","GO:0003724",57,0,1,1
"GDO_TC","down","GO:0003729",148,0,1,1
"GDO_TC","down","GO:0003730",35,0,1,1
"GDO_TC","down","GO:0003743",33,0,1,1
"GDO_TC","down","GO:0003746",14,0,1,1
"GDO_TC","down","GO:0003756",10,0,1,1
"GDO_TC","down","GO:0003774",68,0,1,1
"GDO_TC","down","GO:0003777",50,0,1,1
"GDO_TC","down","GO:0003823",18,0,1,1
"GDO_TC","down","GO:0003899",10,0,1,1
"GDO_TC","down","GO:0003925",17,0,1,1
"GDO_TC","down","GO:0003950",21,0,1,1
"GDO_TC","down","GO:0003953",14,0,1,1
"GDO_TC","down","GO:0003955",10,0,1,1
"GDO_TC","down","GO:0004175",118,0,1,1
"GDO_TC","down","GO:0004177",12,0,1,1
"GDO_TC","down","GO:0004180",15,0,1,1
"GDO_TC","down","GO:0004190",10,0,1,1
"GDO_TC","down","GO:0004197",48,0,1,1
"GDO_TC","down","GO:0004198",10,0,1,1
"GDO_TC","down","GO:0004222",37,0,1,1
"GDO_TC","down","GO:0004252",24,0,1,1
"GDO_TC","down","GO:0004364",18,0,1,1
"GDO_TC","down","GO:0004386",94,0,1,1
"GDO_TC","down","GO:0004402",24,0,1,1
"GDO_TC","down","GO:0004497",35,0,1,1
"GDO_TC","down","GO:0004518",59,0,1,1
"GDO_TC","down","GO:0004519",35,0,1,1
"GDO_TC","down","GO:0004520",14,0,1,1
"GDO_TC","down","GO:0004521",22,0,1,1
"GDO_TC","down","GO:0004527",26,0,1,1
"GDO_TC","down","GO:0004532",16,0,1,1
"GDO_TC","down","GO:0004536",17,0,1,1
"GDO_TC","down","GO:0004540",39,0,1,1
"GDO_TC","down","GO:0004550",10,0,1,1
"GDO_TC","down","GO:0004553",37,0,1,1
"GDO_TC","down","GO:0004601",23,0,1,1
"GDO_TC","down","GO:0004620",22,0,1,1
"GDO_TC","down","GO:0004674",177,0,1,1
"GDO_TC","down","GO:0004709",12,0,1,1
"GDO_TC","down","GO:0004712",21,0,1,1
"GDO_TC","down","GO:0004715",14,0,1,1
"GDO_TC","down","GO:0004721",73,0,1,1
"GDO_TC","down","GO:0004722",34,0,1,1
"GDO_TC","down","GO:0004725",39,0,1,1
"GDO_TC","down","GO:0004812",21,0,1,1
"GDO_TC","down","GO:0004843",36,0,1,1
"GDO_TC","down","GO:0004860",16,0,1,1
"GDO_TC","down","GO:0004864",11,0,1,1
"GDO_TC","down","GO:0004867",18,0,1,1
"GDO_TC","down","GO:0004869",10,0,1,1
"GDO_TC","down","GO:0004879",22,0,1,1
"GDO_TC","down","GO:0005001",14,0,1,1
"GDO_TC","down","GO:0005048",20,0,1,1
"GDO_TC","down","GO:0005085",74,0,1,1
"GDO_TC","down","GO:0005096",79,0,1,1
"GDO_TC","down","GO:0005126",32,0,1,1
"GDO_TC","down","GO:0005154",12,0,1,1
"GDO_TC","down","GO:0005158",10,0,1,1
"GDO_TC","down","GO:0005201",26,0,1,1
"GDO_TC","down","GO:0005216",97,0,1,1
"GDO_TC","down","GO:0005217",11,0,1,1
"GDO_TC","down","GO:0005230",13,0,1,1
"GDO_TC","down","GO:0005244",19,0,1,1
"GDO_TC","down","GO:0005253",17,0,1,1
"GDO_TC","down","GO:0005254",14,0,1,1
"GDO_TC","down","GO:0005261",75,0,1,1
"GDO_TC","down","GO:0005262",41,0,1,1
"GDO_TC","down","GO:0005267",10,0,1,1
"GDO_TC","down","GO:0005272",17,0,1,1
"GDO_TC","down","GO:0005283",19,0,1,1
"GDO_TC","down","GO:0005295",13,0,1,1
"GDO_TC","down","GO:0005310",10,0,1,1
"GDO_TC","down","GO:0005319",51,0,1,1
"GDO_TC","down","GO:0005342",67,0,1,1
"GDO_TC","down","GO:0005343",25,0,1,1
"GDO_TC","down","GO:0005416",21,0,1,1
"GDO_TC","down","GO:0005496",34,0,1,1
"GDO_TC","down","GO:0005507",20,0,1,1
"GDO_TC","down","GO:0005544",18,0,1,1
"GDO_TC","down","GO:0005546",22,0,1,1
"GDO_TC","down","GO:0005547",11,0,1,1
"GDO_TC","down","GO:0005548",26,0,1,1
"GDO_TC","down","GO:0008013",22,0,1,1
"GDO_TC","down","GO:0008028",24,0,1,1
"GDO_TC","down","GO:0008066",11,0,1,1
"GDO_TC","down","GO:0008081",21,0,1,1
"GDO_TC","down","GO:0008083",13,0,1,1
"GDO_TC","down","GO:0008093",18,0,1,1
"GDO_TC","down","GO:0008135",49,0,1,1
"GDO_TC","down","GO:0008139",12,0,1,1
"GDO_TC","down","GO:0008146",11,0,1,1
"GDO_TC","down","GO:0008168",62,0,1,1
"GDO_TC","down","GO:0008170",33,0,1,1
"GDO_TC","down","GO:0008171",10,0,1,1
"GDO_TC","down","GO:0008173",13,0,1,1
"GDO_TC","down","GO:0008186",57,0,1,1
"GDO_TC","down","GO:0008187",10,0,1,1
"GDO_TC","down","GO:0008194",45,0,1,1
"GDO_TC","down","GO:0008233",193,0,1,1
"GDO_TC","down","GO:0008234",79,0,1,1
"GDO_TC","down","GO:0008235",24,0,1,1
"GDO_TC","down","GO:0008236",33,0,1,1
"GDO_TC","down","GO:0008237",66,0,1,1
"GDO_TC","down","GO:0008238",34,0,1,1
"GDO_TC","down","GO:0008276",36,0,1,1
"GDO_TC","down","GO:0008307",10,0,1,1
"GDO_TC","down","GO:0008374",11,0,1,1
"GDO_TC","down","GO:0008375",21,0,1,1
"GDO_TC","down","GO:0008376",11,0,1,1
"GDO_TC","down","GO:0008408",19,0,1,1
"GDO_TC","down","GO:0008509",32,0,1,1
"GDO_TC","down","GO:0008514",86,0,1,1
"GDO_TC","down","GO:0008525",11,0,1,1
"GDO_TC","down","GO:0008559",13,0,1,1
"GDO_TC","down","GO:0008569",21,0,1,1
"GDO_TC","down","GO:0008656",10,0,1,1
"GDO_TC","down","GO:0008757",52,0,1,1
"GDO_TC","down","GO:0009055",22,0,1,1
"GDO_TC","down","GO:0010485",10,0,1,1
"GDO_TC","down","GO:0015035",15,0,1,1
"GDO_TC","down","GO:0015036",18,0,1,1
"GDO_TC","down","GO:0015078",41,0,1,1
"GDO_TC","down","GO:0015079",21,0,1,1
"GDO_TC","down","GO:0015103",32,0,1,1
"GDO_TC","down","GO:0015108",26,0,1,1
"GDO_TC","down","GO:0015171",35,0,1,1
"GDO_TC","down","GO:0015175",24,0,1,1
"GDO_TC","down","GO:0015179",31,0,1,1
"GDO_TC","down","GO:0015187",15,0,1,1
"GDO_TC","down","GO:0015248",10,0,1,1
"GDO_TC","down","GO:0015276",31,0,1,1
"GDO_TC","down","GO:0015293",60,0,1,1
"GDO_TC","down","GO:0015294",46,0,1,1
"GDO_TC","down","GO:0015370",32,0,1,1
"GDO_TC","down","GO:0015375",13,0,1,1
"GDO_TC","down","GO:0015399",50,0,1,1
"GDO_TC","down","GO:0015453",13,0,1,1
"GDO_TC","down","GO:0015485",20,0,1,1
"GDO_TC","down","GO:0015562",10,0,1,1
"GDO_TC","down","GO:0015932",12,0,1,1
"GDO_TC","down","GO:0016209",35,0,1,1
"GDO_TC","down","GO:0016247",19,0,1,1
"GDO_TC","down","GO:0016251",11,0,1,1
"GDO_TC","down","GO:0016278",27,0,1,1
"GDO_TC","down","GO:0016279",27,0,1,1
"GDO_TC","down","GO:0016409",13,0,1,1
"GDO_TC","down","GO:0016417",11,0,1,1
"GDO_TC","down","GO:0016504",20,0,1,1
"GDO_TC","down","GO:0016505",11,0,1,1
"GDO_TC","down","GO:0016538",10,0,1,1
"GDO_TC","down","GO:0016597",18,0,1,1
"GDO_TC","down","GO:0016614",43,0,1,1
"GDO_TC","down","GO:0016616",41,0,1,1
"GDO_TC","down","GO:0016620",14,0,1,1
"GDO_TC","down","GO:0016655",12,0,1,1
"GDO_TC","down","GO:0016667",26,0,1,1
"GDO_TC","down","GO:0016684",24,0,1,1
"GDO_TC","down","GO:0016705",55,0,1,1
"GDO_TC","down","GO:0016706",18,0,1,1
"GDO_TC","down","GO:0016741",66,0,1,1
"GDO_TC","down","GO:0016757",90,0,1,1
"GDO_TC","down","GO:0016758",64,0,1,1
"GDO_TC","down","GO:0016763",25,0,1,1
"GDO_TC","down","GO:0016765",26,0,1,1
"GDO_TC","down","GO:0016776",14,0,1,1
"GDO_TC","down","GO:0016779",57,0,1,1
"GDO_TC","down","GO:0016782",16,0,1,1
"GDO_TC","down","GO:0016790",11,0,1,1
"GDO_TC","down","GO:0016791",93,0,1,1
"GDO_TC","down","GO:0016796",18,0,1,1
"GDO_TC","down","GO:0016805",11,0,1,1
"GDO_TC","down","GO:0016830",18,0,1,1
"GDO_TC","down","GO:0016831",10,0,1,1
"GDO_TC","down","GO:0016835",31,0,1,1
"GDO_TC","down","GO:0016836",27,0,1,1
"GDO_TC","down","GO:0016860",18,0,1,1
"GDO_TC","down","GO:0016864",10,0,1,1
"GDO_TC","down","GO:0016874",69,0,1,1
"GDO_TC","down","GO:0016875",21,0,1,1
"GDO_TC","down","GO:0016877",12,0,1,1
"GDO_TC","down","GO:0016879",19,0,1,1
"GDO_TC","down","GO:0016881",12,0,1,1
"GDO_TC","down","GO:0016887",215,0,1,1
"GDO_TC","down","GO:0016893",12,0,1,1
"GDO_TC","down","GO:0016896",16,0,1,1
"GDO_TC","down","GO:0016903",16,0,1,1
"GDO_TC","down","GO:0017018",27,0,1,1
"GDO_TC","down","GO:0017056",15,0,1,1
"GDO_TC","down","GO:0017069",23,0,1,1
"GDO_TC","down","GO:0017124",37,0,1,1
"GDO_TC","down","GO:0017134",10,0,1,1
"GDO_TC","down","GO:0017171",35,0,1,1
"GDO_TC","down","GO:0019198",14,0,1,1
"GDO_TC","down","GO:0019205",18,0,1,1
"GDO_TC","down","GO:0019208",32,0,1,1
"GDO_TC","down","GO:0019210",18,0,1,1
"GDO_TC","down","GO:0019212",11,0,1,1
"GDO_TC","down","GO:0019783",42,0,1,1
"GDO_TC","down","GO:0019829",18,0,1,1
"GDO_TC","down","GO:0019838",26,0,1,1
"GDO_TC","down","GO:0019842",50,0,1,1
"GDO_TC","down","GO:0019888",29,0,1,1
"GDO_TC","down","GO:0019894",12,0,1,1
"GDO_TC","down","GO:0019902",70,0,1,1
"GDO_TC","down","GO:0019903",55,0,1,1
"GDO_TC","down","GO:0019904",180,0,1,1
"GDO_TC","down","GO:0019905",20,0,1,1
"GDO_TC","down","GO:0020037",43,0,1,1
"GDO_TC","down","GO:0022824",12,0,1,1
"GDO_TC","down","GO:0022832",19,0,1,1
"GDO_TC","down","GO:0022834",31,0,1,1
"GDO_TC","down","GO:0022835",12,0,1,1
"GDO_TC","down","GO:0022836",55,0,1,1
"GDO_TC","down","GO:0022839",55,0,1,1
"GDO_TC","down","GO:0022843",13,0,1,1
"GDO_TC","down","GO:0022884",11,0,1,1
"GDO_TC","down","GO:0030145",23,0,1,1
"GDO_TC","down","GO:0030159",10,0,1,1
"GDO_TC","down","GO:0030165",23,0,1,1
"GDO_TC","down","GO:0030170",22,0,1,1
"GDO_TC","down","GO:0030246",85,0,1,1
"GDO_TC","down","GO:0030276",22,0,1,1
"GDO_TC","down","GO:0030331",14,0,1,1
"GDO_TC","down","GO:0030371",12,0,1,1
"GDO_TC","down","GO:0030374",17,0,1,1
"GDO_TC","down","GO:0030507",17,0,1,1
"GDO_TC","down","GO:0030515",15,0,1,1
"GDO_TC","down","GO:0030544",30,0,1,1
"GDO_TC","down","GO:0030594",19,0,1,1
"GDO_TC","down","GO:0030695",146,0,1,1
"GDO_TC","down","GO:0030742",10,0,1,1
"GDO_TC","down","GO:0031072",56,0,1,1
"GDO_TC","down","GO:0031267",97,0,1,1
"GDO_TC","down","GO:0031369",14,0,1,1
"GDO_TC","down","GO:0031406",43,0,1,1
"GDO_TC","down","GO:0031490",19,0,1,1
"GDO_TC","down","GO:0031491",12,0,1,1
"GDO_TC","down","GO:0031625",96,0,1,1
"GDO_TC","down","GO:0031683",11,0,1,1
"GDO_TC","down","GO:0032182",40,0,1,1
"GDO_TC","down","GO:0032266",20,0,1,1
"GDO_TC","down","GO:0032813",11,0,1,1
"GDO_TC","down","GO:0032934",29,0,1,1
"GDO_TC","down","GO:0033293",14,0,1,1
"GDO_TC","down","GO:0034062",10,0,1,1
"GDO_TC","down","GO:0034212",26,0,1,1
"GDO_TC","down","GO:0035064",33,0,1,1
"GDO_TC","down","GO:0035091",89,0,1,1
"GDO_TC","down","GO:0035254",14,0,1,1
"GDO_TC","down","GO:0035591",30,0,1,1
"GDO_TC","down","GO:0036002",13,0,1,1
"GDO_TC","down","GO:0042054",30,0,1,1
"GDO_TC","down","GO:0042162",11,0,1,1
"GDO_TC","down","GO:0042169",11,0,1,1
"GDO_TC","down","GO:0042562",11,0,1,1
"GDO_TC","down","GO:0042578",114,0,1,1
"GDO_TC","down","GO:0042625",13,0,1,1
"GDO_TC","down","GO:0042626",37,0,1,1
"GDO_TC","down","GO:0042799",14,0,1,1
"GDO_TC","down","GO:0042805",11,0,1,1
"GDO_TC","down","GO:0042887",16,0,1,1
"GDO_TC","down","GO:0042910",17,0,1,1
"GDO_TC","down","GO:0043014",16,0,1,1
"GDO_TC","down","GO:0043021",74,0,1,1
"GDO_TC","down","GO:0043022",39,0,1,1
"GDO_TC","down","GO:0043027",13,0,1,1
"GDO_TC","down","GO:0043028",23,0,1,1
"GDO_TC","down","GO:0043130",36,0,1,1
"GDO_TC","down","GO:0043175",18,0,1,1
"GDO_TC","down","GO:0043177",43,0,1,1
"GDO_TC","down","GO:0043178",32,0,1,1
"GDO_TC","down","GO:0043495",10,0,1,1
"GDO_TC","down","GO:0043539",19,0,1,1
"GDO_TC","down","GO:0043560",10,0,1,1
"GDO_TC","down","GO:0044183",31,0,1,1
"GDO_TC","down","GO:0044325",42,0,1,1
"GDO_TC","down","GO:0044389",102,0,1,1
"GDO_TC","down","GO:0044769",13,0,1,1
"GDO_TC","down","GO:0045182",70,0,1,1
"GDO_TC","down","GO:0045296",51,0,1,1
"GDO_TC","down","GO:0045309",17,0,1,1
"GDO_TC","down","GO:0045504",10,0,1,1
"GDO_TC","down","GO:0045505",34,0,1,1
"GDO_TC","down","GO:0046624",10,0,1,1
"GDO_TC","down","GO:0046625",10,0,1,1
"GDO_TC","down","GO:0046875",11,0,1,1
"GDO_TC","down","GO:0046906",45,0,1,1
"GDO_TC","down","GO:0046943",67,0,1,1
"GDO_TC","down","GO:0046961",13,0,1,1
"GDO_TC","down","GO:0048027",12,0,1,1
"GDO_TC","down","GO:0048029",26,0,1,1
"GDO_TC","down","GO:0048306",20,0,1,1
"GDO_TC","down","GO:0048487",14,0,1,1
"GDO_TC","down","GO:0050660",35,0,1,1
"GDO_TC","down","GO:0050997",13,0,1,1
"GDO_TC","down","GO:0051010",10,0,1,1
"GDO_TC","down","GO:0051018",15,0,1,1
"GDO_TC","down","GO:0051019",13,0,1,1
"GDO_TC","down","GO:0051020",102,0,1,1
"GDO_TC","down","GO:0051082",46,0,1,1
"GDO_TC","down","GO:0051087",63,0,1,1
"GDO_TC","down","GO:0051117",33,0,1,1
"GDO_TC","down","GO:0051219",33,0,1,1
"GDO_TC","down","GO:0051287",38,0,1,1
"GDO_TC","down","GO:0051393",10,0,1,1
"GDO_TC","down","GO:0051539",17,0,1,1
"GDO_TC","down","GO:0051721",15,0,1,1
"GDO_TC","down","GO:0051879",19,0,1,1
"GDO_TC","down","GO:0051959",24,0,1,1
"GDO_TC","down","GO:0052866",13,0,1,1
"GDO_TC","down","GO:0055106",11,0,1,1
"GDO_TC","down","GO:0060589",146,0,1,1
"GDO_TC","down","GO:0060590",14,0,1,1
"GDO_TC","down","GO:0061631",20,0,1,1
"GDO_TC","down","GO:0061650",22,0,1,1
"GDO_TC","down","GO:0061733",24,0,1,1
"GDO_TC","down","GO:0061809",14,0,1,1
"GDO_TC","down","GO:0061980",12,0,1,1
"GDO_TC","down","GO:0070001",10,0,1,1
"GDO_TC","down","GO:0070034",10,0,1,1
"GDO_TC","down","GO:0070063",30,0,1,1
"GDO_TC","down","GO:0070279",22,0,1,1
"GDO_TC","down","GO:0070403",16,0,1,1
"GDO_TC","down","GO:0070566",12,0,1,1
"GDO_TC","down","GO:0070577",13,0,1,1
"GDO_TC","down","GO:0070717",12,0,1,1
"GDO_TC","down","GO:0070851",25,0,1,1
"GDO_TC","down","GO:0071949",14,0,1,1
"GDO_TC","down","GO:0072349",12,0,1,1
"GDO_TC","down","GO:0090079",58,0,1,1
"GDO_TC","down","GO:0097153",12,0,1,1
"GDO_TC","down","GO:0097747",10,0,1,1
"GDO_TC","down","GO:0098531",22,0,1,1
"GDO_TC","down","GO:0098960",16,0,1,1
"GDO_TC","down","GO:0099094",26,0,1,1
"GDO_TC","down","GO:0099106",19,0,1,1
"GDO_TC","down","GO:0099529",12,0,1,1
"GDO_TC","down","GO:0099604",15,0,1,1
"GDO_TC","down","GO:0101005",38,0,1,1
"GDO_TC","down","GO:0106310",163,0,1,1
"GDO_TC","down","GO:0120013",21,0,1,1
"GDO_TC","down","GO:0120015",10,0,1,1
"GDO_TC","down","GO:0140033",13,0,1,1
"GDO_TC","down","GO:0140034",35,0,1,1
"GDO_TC","down","GO:0140098",153,0,1,1
"GDO_TC","down","GO:0140101",42,0,1,1
"GDO_TC","down","GO:0140104",27,0,1,1
"GDO_TC","down","GO:0140142",15,0,1,1
"GDO_TC","down","GO:0140223",13,0,1,1
"GDO_TC","down","GO:0140303",22,0,1,1
"GDO_TC","down","GO:0140318",11,0,1,1
"GDO_TC","down","GO:0140326",14,0,1,1
"GDO_TC","down","GO:0140359",19,0,1,1
"GDO_TC","down","GO:0140463",12,0,1,1
"GDO_TC","down","GO:0140658",19,0,1,1
"GDO_TC","down","GO:0140662",21,0,1,1
"GDO_TC","down","GO:0140767",31,0,1,1
"GDO_TC","down","GO:0140938",14,0,1,1
"GDO_TC","down","GO:0140939",15,0,1,1
"GDO_TC","down","GO:0140944",13,0,1,1
"GDO_TC","down","GO:1901505",11,0,1,1
"GDO_TC","down","GO:1901682",17,0,1,1
"GDO_TC","down","GO:1901981",56,0,1,1
"GDO_TC","down","GO:1902936",29,0,1,1
"GDO_TC","down","GO:1904315",12,0,1,1
"GDO_TC","down","GO:1990404",21,0,1,1
"GDO_TC","down","GO:1990756",26,0,1,1
"GDO_TC","down","GO:1990841",25,0,1,1
