"code","direction","GO.ID","Count","p","padj"
"FOA_TC","up","GO:0004812",13,1.6201121617394e-17,2.08184412783513e-15
"FOA_TC","up","GO:0016875",13,1.6201121617394e-17,2.08184412783513e-15
"FOA_TC","up","GO:0140101",13,1.38097236513276e-14,1.18303299279706e-12
"FOA_TC","up","GO:0016874",16,9.14703347744937e-14,5.87696900926122e-12
"FOA_TC","up","GO:0000049",9,1.6419894771816e-10,8.43982591271343e-09
"FOA_TC","up","GO:0140098",15,6.51090884013494e-08,2.78883928652447e-06
"FOA_TC","up","GO:0140640",16,3.08531585730433e-06,0.000113275167903888
"FOA_TC","up","GO:0090079",9,3.58532163192132e-06,0.000115178457425472
"FOA_TC","up","GO:0008135",8,8.96435378701854e-06,0.000255982102584863
"FOA_TC","up","GO:0003743",7,1.06772488000555e-05,0.000274405294161427
"FOA_TC","up","GO:0045182",9,1.71850786459223e-05,0.000401505928363821
"FOA_TC","up","GO:0044183",6,3.40226137931546e-05,0.000728650978736727
"FOA_TC","up","GO:0140662",5,5.10604209907164e-05,0.00100942524573955
"FOA_TC","up","GO:0052689",4,0.00111680646902026,0.0205013758955862
"FOA_TC","up","GO:0016879",3,0.00448881398671537,0.0769083463057234
"FOA_TC","up","GO:0016597",3,0.00536611874737532,0.0861932823797161
"FOA_TC","up","GO:0051087",5,0.00584203981921992,0.08831789609056
"FOA_TC","up","GO:0046982",5,0.00849964075223647,0.121355981851376
"FOA_TC","up","GO:0016462",13,0.0145730176746158,0.178345978208393
"FOA_TC","up","GO:0016817",13,0.0145730176746158,0.178345978208393
"FOA_TC","up","GO:0016818",13,0.0145730176746158,0.178345978208393
"FOA_TC","up","GO:0003725",3,0.0239288804955763,0.279532831243777
"FOA_TC","up","GO:0034185",2,0.0266146845550533,0.297390170897769
"FOA_TC","up","GO:0017111",12,0.0287551494065324,0.307919724894951
"FOA_TC","up","GO:0016853",4,0.0321437718283411,0.330437974395347
"FOA_TC","up","GO:0140657",11,0.0344496430779331,0.340521471962646
"FOA_TC","up","GO:0035254",2,0.0457639141549071,0.435604664363375
"FOA_TC","up","GO:0031369",2,0.0511502868759114,0.468095427779693
"FOA_TC","up","GO:0031406",3,0.0546414896240887,0.468095427779693
"FOA_TC","up","GO:0043177",3,0.0546414896240887,0.468095427779693
"FOA_TC","up","GO:0051082",3,0.0652003242671478,0.540531720537322
"FOA_TC","up","GO:0031072",3,0.0689145654222302,0.553470103547286
"FOA_TC","up","GO:0015175",2,0.0747313943073776,0.581999040515032
"FOA_TC","up","GO:0003729",6,0.0772256325821002,0.583734928635287
"FOA_TC","up","GO:0033218",4,0.0814159307494619,0.59687746540799
"FOA_TC","up","GO:0003924",5,0.0836092947653216,0.59687746540799
"FOA_TC","up","GO:0070851",2,0.094250967549748,0.654662125953655
"FOA_TC","up","GO:0030276",2,0.101053300080798,0.683439424230659
"FOA_TC","up","GO:0005525",6,0.112728538269335,0.708667785948833
"FOA_TC","up","GO:0015179",2,0.115046629743235,0.708667785948833
"FOA_TC","up","GO:0042277",3,0.125125363682783,0.708667785948833
"FOA_TC","up","GO:0019001",6,0.13745218349723,0.708667785948833
"FOA_TC","up","GO:0032561",6,0.13745218349723,0.708667785948833
"FOA_TC","up","GO:0016887",7,0.140823116470272,0.708667785948833
"FOA_TC","up","GO:0015171",2,0.144353028814836,0.708667785948833
"FOA_TC","up","GO:0004222",2,0.151909063054801,0.708667785948833
"FOA_TC","up","GO:0046983",7,0.188702386555446,0.708667785948833
"FOA_TC","up","GO:0032182",2,0.190716568739578,0.708667785948833
"FOA_TC","up","GO:0005158",1,0.196974403966519,0.708667785948833
"FOA_TC","up","GO:0008139",1,0.196974403966519,0.708667785948833
"FOA_TC","up","GO:0035255",1,0.196974403966519,0.708667785948833
"FOA_TC","up","GO:0099529",1,0.196974403966519,0.708667785948833
"FOA_TC","up","GO:1904315",1,0.196974403966519,0.708667785948833
"FOA_TC","up","GO:0042393",3,0.198524732415105,0.708667785948833
"FOA_TC","up","GO:0003727",2,0.198639482950127,0.708667785948833
"FOA_TC","up","GO:0140677",6,0.203891711388203,0.708667785948833
"FOA_TC","up","GO:0016758",3,0.204130422184018,0.708667785948833
"FOA_TC","up","GO:0140678",3,0.204130422184018,0.708667785948833
"FOA_TC","up","GO:0015297",2,0.206602608361332,0.708667785948833
"FOA_TC","up","GO:0030246",3,0.209773439367936,0.708667785948833
"FOA_TC","up","GO:0000339",1,0.214422660979879,0.708667785948833
"FOA_TC","up","GO:0004860",1,0.214422660979879,0.708667785948833
"FOA_TC","up","GO:0004864",1,0.214422660979879,0.708667785948833
"FOA_TC","up","GO:0005230",1,0.214422660979879,0.708667785948833
"FOA_TC","up","GO:0019210",1,0.214422660979879,0.708667785948833
"FOA_TC","up","GO:0019212",1,0.214422660979879,0.708667785948833
"FOA_TC","up","GO:0022824",1,0.214422660979879,0.708667785948833
"FOA_TC","up","GO:0022835",1,0.214422660979879,0.708667785948833
"FOA_TC","up","GO:0030331",1,0.214422660979879,0.708667785948833
"FOA_TC","up","GO:0042887",1,0.214422660979879,0.708667785948833
"FOA_TC","up","GO:0005154",1,0.231496113382135,0.708667785948833
"FOA_TC","up","GO:0008376",1,0.231496113382135,0.708667785948833
"FOA_TC","up","GO:0030371",1,0.231496113382135,0.708667785948833
"FOA_TC","up","GO:0042562",1,0.231496113382135,0.708667785948833
"FOA_TC","up","GO:0048027",1,0.231496113382135,0.708667785948833
"FOA_TC","up","GO:0050997",1,0.231496113382135,0.708667785948833
"FOA_TC","up","GO:0070566",1,0.231496113382135,0.708667785948833
"FOA_TC","up","GO:0098960",1,0.231496113382135,0.708667785948833
"FOA_TC","up","GO:0005096",3,0.238478980181428,0.708667785948833
"FOA_TC","up","GO:0000987",5,0.244484290474539,0.708667785948833
"FOA_TC","up","GO:0019903",2,0.246840192455546,0.708667785948833
"FOA_TC","up","GO:0030515",1,0.248202719612959,0.708667785948833
"FOA_TC","up","GO:0140103",1,0.248202719612959,0.708667785948833
"FOA_TC","up","GO:0140142",1,0.248202719612959,0.708667785948833
"FOA_TC","up","GO:0140223",1,0.248202719612959,0.708667785948833
"FOA_TC","up","GO:0001727",1,0.264550271095458,0.708667785948833
"FOA_TC","up","GO:0017025",1,0.264550271095458,0.708667785948833
"FOA_TC","up","GO:0043565",7,0.269297383975916,0.708667785948833
"FOA_TC","up","GO:0000976",6,0.272296259061016,0.708667785948833
"FOA_TC","up","GO:0001067",6,0.276057788477802,0.708667785948833
"FOA_TC","up","GO:0045296",2,0.279258260667777,0.708667785948833
"FOA_TC","up","GO:0016811",1,0.280546395699856,0.708667785948833
"FOA_TC","up","GO:0045309",1,0.280546395699856,0.708667785948833
"FOA_TC","up","GO:0003677",12,0.288123278165525,0.708667785948833
"FOA_TC","up","GO:0004879",1,0.296198561136187,0.708667785948833
"FOA_TC","up","GO:0030594",1,0.296198561136187,0.708667785948833
"FOA_TC","up","GO:0032266",1,0.296198561136187,0.708667785948833
"FOA_TC","up","GO:0051539",1,0.296198561136187,0.708667785948833
"FOA_TC","up","GO:0098531",1,0.296198561136187,0.708667785948833
"FOA_TC","up","GO:0015291",3,0.303572194958446,0.708667785948833
"FOA_TC","up","GO:1990837",6,0.310445072598807,0.708667785948833
"FOA_TC","up","GO:0003755",1,0.311514078277453,0.708667785948833
"FOA_TC","up","GO:0008378",1,0.311514078277453,0.708667785948833
"FOA_TC","up","GO:0016859",1,0.311514078277453,0.708667785948833
"FOA_TC","up","GO:0038024",1,0.311514078277453,0.708667785948833
"FOA_TC","up","GO:0005342",2,0.311600639087615,0.708667785948833
"FOA_TC","up","GO:0046943",2,0.311600639087615,0.708667785948833
"FOA_TC","up","GO:0002039",1,0.326500104414669,0.708667785948833
"FOA_TC","up","GO:0004601",1,0.326500104414669,0.708667785948833
"FOA_TC","up","GO:0005283",1,0.326500104414669,0.708667785948833
"FOA_TC","up","GO:0099106",1,0.326500104414669,0.708667785948833
"FOA_TC","up","GO:0046914",8,0.330218245903992,0.708667785948833
"FOA_TC","up","GO:0003724",2,0.335677863603958,0.708667785948833
"FOA_TC","up","GO:0008186",2,0.335677863603958,0.708667785948833
"FOA_TC","up","GO:0005048",1,0.341163646445135,0.708667785948833
"FOA_TC","up","GO:0005416",1,0.341163646445135,0.708667785948833
"FOA_TC","up","GO:0016247",1,0.341163646445135,0.708667785948833
"FOA_TC","up","GO:0016684",1,0.341163646445135,0.708667785948833
"FOA_TC","up","GO:0048018",1,0.341163646445135,0.708667785948833
"FOA_TC","up","GO:0140030",2,0.351600193019331,0.708667785948833
"FOA_TC","up","GO:0005343",1,0.355511563995329,0.708667785948833
"FOA_TC","up","GO:0003682",4,0.35555354106022,0.708667785948833
"FOA_TC","up","GO:0016757",3,0.357539344792024,0.708667785948833
"FOA_TC","up","GO:0004857",2,0.359514858357671,0.708667785948833
"FOA_TC","up","GO:0008237",2,0.359514858357671,0.708667785948833
"FOA_TC","up","GO:0030544",1,0.369550572479727,0.708667785948833
"FOA_TC","up","GO:0030545",1,0.369550572479727,0.708667785948833
"FOA_TC","up","GO:0030546",1,0.369550572479727,0.708667785948833
"FOA_TC","up","GO:0097110",1,0.369550572479727,0.708667785948833
"FOA_TC","up","GO:0019902",2,0.375239470948685,0.708667785948833
"FOA_TC","up","GO:0003690",6,0.377142084235967,0.708667785948833
"FOA_TC","up","GO:0004175",3,0.381419880078107,0.708667785948833
"FOA_TC","up","GO:0051020",3,0.381419880078107,0.708667785948833
"FOA_TC","up","GO:0061629",2,0.383045070312988,0.708667785948833
"FOA_TC","up","GO:0003697",1,0.383287246096839,0.708667785948833
"FOA_TC","up","GO:0005539",1,0.383287246096839,0.708667785948833
"FOA_TC","up","GO:0016810",1,0.383287246096839,0.708667785948833
"FOA_TC","up","GO:0016836",1,0.383287246096839,0.708667785948833
"FOA_TC","up","GO:0016922",1,0.383287246096839,0.708667785948833
"FOA_TC","up","GO:0019207",2,0.390810146622832,0.711997624767231
"FOA_TC","up","GO:0008047",4,0.395488953082827,0.711997624767231
"FOA_TC","up","GO:0051117",1,0.396728020763761,0.711997624767231
"FOA_TC","up","GO:0140296",1,0.396728020763761,0.711997624767231
"FOA_TC","up","GO:0008514",2,0.406211193529068,0.711997624767231
"FOA_TC","up","GO:0030145",1,0.409879196990457,0.711997624767231
"FOA_TC","up","GO:0046332",1,0.409879196990457,0.711997624767231
"FOA_TC","up","GO:0099094",1,0.409879196990457,0.711997624767231
"FOA_TC","up","GO:0000978",4,0.410397270258258,0.711997624767231
"FOA_TC","up","GO:0008270",6,0.412792397238589,0.711997624767231
"FOA_TC","up","GO:0016835",1,0.422746942695026,0.71950969716968
"FOA_TC","up","GO:0030971",1,0.422746942695026,0.71950969716968
"FOA_TC","up","GO:0015276",1,0.435337295961125,0.726504448454605
"FOA_TC","up","GO:0022834",1,0.435337295961125,0.726504448454605
"FOA_TC","up","GO:0051219",1,0.435337295961125,0.726504448454605
"FOA_TC","up","GO:0000287",2,0.443882821384739,0.728149589296552
"FOA_TC","up","GO:0015370",1,0.447656167738736,0.728149589296552
"FOA_TC","up","GO:0016209",1,0.447656167738736,0.728149589296552
"FOA_TC","up","GO:0140104",1,0.447656167738736,0.728149589296552
"FOA_TC","up","GO:0019888",1,0.459709344489426,0.729291984776435
"FOA_TC","up","GO:0043178",1,0.459709344489426,0.729291984776435
"FOA_TC","up","GO:1902936",1,0.459709344489426,0.729291984776435
"FOA_TC","up","GO:1990782",1,0.459709344489426,0.729291984776435
"FOA_TC","up","GO:0098772",9,0.470940626376955,0.732270647520448
"FOA_TC","up","GO:0051536",1,0.47150249077722,0.732270647520448
"FOA_TC","up","GO:0051540",1,0.47150249077722,0.732270647520448
"FOA_TC","up","GO:0008289",5,0.47298415365134,0.732270647520448
"FOA_TC","up","GO:0008233",4,0.478797081729481,0.734352625825549
"FOA_TC","up","GO:0019208",1,0.483041151806202,0.734352625825549
"FOA_TC","up","GO:0019901",4,0.483581370573467,0.734352625825549
"FOA_TC","up","GO:0003730",1,0.494330755905914,0.734352625825549
"FOA_TC","up","GO:0004252",1,0.494330755905914,0.734352625825549
"FOA_TC","up","GO:0005126",1,0.494330755905914,0.734352625825549
"FOA_TC","up","GO:0048029",1,0.494330755905914,0.734352625825549
"FOA_TC","up","GO:0019209",1,0.505376616965628,0.742181660343807
"FOA_TC","up","GO:0043130",1,0.505376616965628,0.742181660343807
"FOA_TC","up","GO:0043022",1,0.516183936818513,0.753745862286124
"FOA_TC","up","GO:0035091",2,0.521910475611806,0.757802216001322
"FOA_TC","up","GO:0005506",1,0.526757807576736,0.760543576107984
"FOA_TC","up","GO:0015294",1,0.537103213918475,0.771148189815911
"FOA_TC","up","GO:0000977",4,0.544107982337089,0.776865285892399
"FOA_TC","up","GO:0008236",1,0.547225035327834,0.776999083310792
"FOA_TC","up","GO:0017171",1,0.557128048288619,0.784998239857888
"FOA_TC","up","GO:0050839",2,0.561342627212076,0.784998239857888
"FOA_TC","up","GO:0019900",4,0.562022086123935,0.784998239857888
"FOA_TC","up","GO:0016788",4,0.566442952204096,0.786896425494339
"FOA_TC","up","GO:0051015",2,0.573970607132146,0.79276757983961
"FOA_TC","up","GO:0004386",2,0.580186662584415,0.79276757983961
"FOA_TC","up","GO:0031625",2,0.580186662584415,0.79276757983961
"FOA_TC","up","GO:0019783",1,0.585570501123934,0.79276757983961
"FOA_TC","up","GO:0008134",3,0.586092763305548,0.79276757983961
"FOA_TC","up","GO:0022804",3,0.591031636979171,0.795262464417
"FOA_TC","up","GO:0005200",1,0.603521220308242,0.804494495161097
"FOA_TC","up","GO:0044389",2,0.610282676948422,0.804494495161097
"FOA_TC","up","GO:0030695",3,0.610414111114451,0.804494495161097
"FOA_TC","up","GO:0060589",3,0.610414111114451,0.804494495161097
"FOA_TC","up","GO:0031267",2,0.616104712554074,0.807851587379577
"FOA_TC","up","GO:0042802",8,0.637889604414089,0.832170702205183
"FOA_TC","up","GO:0042803",3,0.642866366995255,0.834427557160508
"FOA_TC","up","GO:0140297",2,0.649661322444015,0.838962417068226
"FOA_TC","up","GO:0016741",1,0.652889040520021,0.838962417068226
"FOA_TC","up","GO:0015293",1,0.660504229937183,0.841491386021282
"FOA_TC","up","GO:0015081",1,0.667954251939072,0.841491386021282
"FOA_TC","up","GO:0016779",1,0.667954251939072,0.841491386021282
"FOA_TC","up","GO:1901981",1,0.667954251939072,0.841491386021282
"FOA_TC","up","GO:0030234",6,0.677271976626552,0.849067795087921
"FOA_TC","up","GO:0008194",1,0.689348350933866,0.860012263058269
"FOA_TC","up","GO:0019887",1,0.696172371832892,0.864329949570305
"FOA_TC","up","GO:0044877",9,0.712745034304119,0.880651316423839
"FOA_TC","up","GO:0005102",4,0.718343229665502,0.88268850104084
"FOA_TC","up","GO:0022839",1,0.722017965870656,0.88268850104084
"FOA_TC","up","GO:0022836",1,0.728132148718514,0.88268850104084
"FOA_TC","up","GO:0043021",1,0.728132148718514,0.88268850104084
"FOA_TC","up","GO:0016829",1,0.734113380545121,0.885761215023925
"FOA_TC","up","GO:0008234",1,0.73996451904899,0.888648978484067
"FOA_TC","up","GO:0140097",1,0.745688361219911,0.89135771550473
"FOA_TC","up","GO:0030674",2,0.769024806384973,0.914997107596936
"FOA_TC","up","GO:0005543",2,0.791047156917174,0.936862301049372
"FOA_TC","up","GO:0022853",1,0.809684053202087,0.954535787490533
"FOA_TC","up","GO:0005516",1,0.822023346847126,0.964657534884527
"FOA_TC","up","GO:0038023",2,0.829667249352031,0.964816665536072
"FOA_TC","up","GO:0060089",2,0.829667249352031,0.964816665536072
"FOA_TC","up","GO:0003779",2,0.851763716331485,0.983303690832454
"FOA_TC","up","GO:0060090",2,0.856870091880689,0.983303690832454
"FOA_TC","up","GO:0005261",1,0.857715256012188,0.983303690832454
"FOA_TC","up","GO:0004888",1,0.860868990028413,0.983303690832454
"FOA_TC","up","GO:0000981",2,0.871252085262269,0.988960521750039
"FOA_TC","up","GO:0019904",2,0.873517659288945,0.988960521750039
"FOA_TC","up","GO:0061630",1,0.881091743771315,0.992127149551218
"FOA_TC","up","GO:0061659",1,0.888842147851571,0.992127149551218
"FOA_TC","up","GO:0022857",4,0.892569068234125,0.992127149551218
"FOA_TC","up","GO:0008324",2,0.894258641031837,0.992127149551218
"FOA_TC","up","GO:0003700",2,0.901645087491268,0.992127149551218
"FOA_TC","up","GO:0005216",1,0.911243280825287,0.992127149551218
"FOA_TC","up","GO:0005198",2,0.915012903496895,0.992127149551218
"FOA_TC","up","GO:0015075",2,0.92935611465899,0.992127149551218
"FOA_TC","up","GO:0005215",4,0.930035531375803,0.992127149551218
"FOA_TC","up","GO:0046873",1,0.933815382540701,0.992127149551218
"FOA_TC","up","GO:0015267",1,0.936742560380167,0.992127149551218
"FOA_TC","up","GO:0022803",1,0.938157789258238,0.992127149551218
"FOA_TC","up","GO:0004842",1,0.948408403900408,0.992127149551218
"FOA_TC","up","GO:0019787",1,0.952884516065623,0.992127149551218
"FOA_TC","up","GO:0016755",1,0.957943226342603,0.992127149551218
"FOA_TC","up","GO:1901702",1,0.962464430157472,0.992127149551218
"FOA_TC","up","GO:0003712",1,0.963309250625008,0.992127149551218
"FOA_TC","up","GO:0106310",1,0.963309250625008,0.992127149551218
"FOA_TC","up","GO:0016772",3,0.968554314701271,0.992127149551218
"FOA_TC","up","GO:0022890",1,0.968719175901701,0.992127149551218
"FOA_TC","up","GO:0016773",2,0.968888910536155,0.992127149551218
"FOA_TC","up","GO:0004674",1,0.973339331004031,0.992127149551218
"FOA_TC","up","GO:0008092",3,0.975046457243093,0.992127149551218
"FOA_TC","up","GO:0140110",3,0.975490006001299,0.992127149551218
"FOA_TC","up","GO:0016301",2,0.978164988573872,0.992127149551218
"FOA_TC","up","GO:0015318",1,0.981937748856781,0.992127149551218
"FOA_TC","up","GO:0016746",1,0.989115839299381,0.992127149551218
"FOA_TC","up","GO:0004672",1,0.990525077069546,0.992127149551218
"FOA_TC","up","GO:0005509",1,0.991942562545058,0.992127149551218
"FOA_TC","up","GO:0016491",1,0.992127149551218,0.992127149551218
"FOA_TC","down","GO:0015085",3,0.00355349827840223,0.234155027661298
"FOA_TC","down","GO:0008201",2,0.00358006317843558,0.234155027661298
"FOA_TC","down","GO:0016879",2,0.00468310055322597,0.234155027661298
"FOA_TC","down","GO:0046873",4,0.00752798535582087,0.264002581609228
"FOA_TC","down","GO:0005539",2,0.00880008605364092,0.264002581609228
"FOA_TC","down","GO:0005516",3,0.0137248313707781,0.268951381124868
"FOA_TC","down","GO:1901702",4,0.0143175247014611,0.268951381124868
"FOA_TC","down","GO:0022890",4,0.0171155871650387,0.268951381124868
"FOA_TC","down","GO:0004888",3,0.0195368557838483,0.268951381124868
"FOA_TC","down","GO:0019001",4,0.0198305587356059,0.268951381124868
"FOA_TC","down","GO:0032561",4,0.0198305587356059,0.268951381124868
"FOA_TC","down","GO:1901681",2,0.0215161104899894,0.268951381124868
"FOA_TC","down","GO:0008324",4,0.0241555555217561,0.276480977662481
"FOA_TC","down","GO:0015318",4,0.0275039731246684,0.276480977662481
"FOA_TC","down","GO:0005262",2,0.0276480977662481,0.276480977662481
"FOA_TC","down","GO:0015075",4,0.0355933988234207,0.317835361192304
"FOA_TC","down","GO:0022857",5,0.0395855672869052,0.317835361192304
"FOA_TC","down","GO:0005215",5,0.0556878039017605,0.317835361192304
"FOA_TC","down","GO:0016798",2,0.056233092630928,0.317835361192304
"FOA_TC","down","GO:0022804",3,0.0618287070064656,0.317835361192304
"FOA_TC","down","GO:0016874",2,0.063177418971447,0.317835361192304
"FOA_TC","down","GO:0005385",1,0.0636956791416001,0.317835361192304
"FOA_TC","down","GO:0017147",1,0.0636956791416001,0.317835361192304
"FOA_TC","down","GO:0038023",3,0.0672873091218566,0.317835361192304
"FOA_TC","down","GO:0060089",3,0.0672873091218566,0.317835361192304
"FOA_TC","down","GO:0005295",1,0.0698462380962026,0.317835361192304
"FOA_TC","down","GO:0015248",1,0.0698462380962026,0.317835361192304
"FOA_TC","down","GO:0015375",1,0.0698462380962026,0.317835361192304
"FOA_TC","down","GO:0120015",1,0.0698462380962026,0.317835361192304
"FOA_TC","down","GO:0015187",1,0.0759579383260479,0.317835361192304
"FOA_TC","down","GO:0030551",1,0.0759579383260479,0.317835361192304
"FOA_TC","down","GO:0034185",1,0.0759579383260479,0.317835361192304
"FOA_TC","down","GO:0050997",1,0.0759579383260479,0.317835361192304
"FOA_TC","down","GO:0140318",1,0.0759579383260479,0.317835361192304
"FOA_TC","down","GO:0140326",1,0.0759579383260479,0.317835361192304
"FOA_TC","down","GO:0022853",2,0.085612603504626,0.317835361192304
"FOA_TC","down","GO:0046915",1,0.0880657042227051,0.317835361192304
"FOA_TC","down","GO:0140828",1,0.0880657042227051,0.317835361192304
"FOA_TC","down","GO:0004714",1,0.0940622372753631,0.317835361192304
"FOA_TC","down","GO:0016799",1,0.0940622372753631,0.317835361192304
"FOA_TC","down","GO:0140359",1,0.100020846390172,0.317835361192304
"FOA_TC","down","GO:0015485",1,0.105941761874448,0.317835361192304
"FOA_TC","down","GO:0031369",1,0.105941761874448,0.317835361192304
"FOA_TC","down","GO:0038024",1,0.105941761874448,0.317835361192304
"FOA_TC","down","GO:0005283",1,0.111825212694813,0.317835361192304
"FOA_TC","down","GO:0008569",1,0.111825212694813,0.317835361192304
"FOA_TC","down","GO:0140303",1,0.111825212694813,0.317835361192304
"FOA_TC","down","GO:0005261",2,0.112215679940884,0.317835361192304
"FOA_TC","down","GO:0015291",2,0.114346227622655,0.317835361192304
"FOA_TC","down","GO:0005416",1,0.11767142648467,0.317835361192304
"FOA_TC","down","GO:0019199",1,0.11767142648467,0.317835361192304
"FOA_TC","down","GO:0048018",1,0.11767142648467,0.317835361192304
"FOA_TC","down","GO:0005343",1,0.123480629551623,0.317835361192304
"FOA_TC","down","GO:0019003",1,0.123480629551623,0.317835361192304
"FOA_TC","down","GO:0019905",1,0.123480629551623,0.317835361192304
"FOA_TC","down","GO:0120013",1,0.123480629551623,0.317835361192304
"FOA_TC","down","GO:0005548",1,0.12925304688487,0.317835361192304
"FOA_TC","down","GO:0015175",1,0.12925304688487,0.317835361192304
"FOA_TC","down","GO:0030545",1,0.12925304688487,0.317835361192304
"FOA_TC","down","GO:0030546",1,0.12925304688487,0.317835361192304
"FOA_TC","down","GO:0051959",1,0.12925304688487,0.317835361192304
"FOA_TC","down","GO:0016810",1,0.134988902162547,0.326586053619066
"FOA_TC","down","GO:0051117",1,0.140688417759044,0.332617760800606
"FOA_TC","down","GO:0005178",1,0.146351814752267,0.332617760800606
"FOA_TC","down","GO:0030145",1,0.146351814752267,0.332617760800606
"FOA_TC","down","GO:0032934",1,0.146351814752267,0.332617760800606
"FOA_TC","down","GO:0016763",1,0.157571130801483,0.344635532948855
"FOA_TC","down","GO:0005216",2,0.158962497061991,0.344635532948855
"FOA_TC","down","GO:0015179",1,0.163127485595791,0.344635532948855
"FOA_TC","down","GO:0015370",1,0.163127485595791,0.344635532948855
"FOA_TC","down","GO:0045505",1,0.163127485595791,0.344635532948855
"FOA_TC","down","GO:0043178",1,0.168648593277727,0.351351235995264
"FOA_TC","down","GO:0005102",3,0.175335491903639,0.360278408021175
"FOA_TC","down","GO:0005496",1,0.179585924863711,0.364025523372388
"FOA_TC","down","GO:0015171",1,0.185002574420223,0.370005148840446
"FOA_TC","down","GO:0015267",2,0.194324491072812,0.378313597456487
"FOA_TC","down","GO:0044325",1,0.195732895883268,0.378313597456487
"FOA_TC","down","GO:0022803",2,0.196723070677373,0.378313597456487
"FOA_TC","down","GO:0015294",1,0.206327305893499,0.39176070739272
"FOA_TC","down","GO:0003777",1,0.21157406156265,0.391803817708611
"FOA_TC","down","GO:0042626",1,0.21157406156265,0.391803817708611
"FOA_TC","down","GO:0051287",1,0.216787457900232,0.396562422988229
"FOA_TC","down","GO:0000149",1,0.227114986065869,0.405562475117623
"FOA_TC","down","GO:0015297",1,0.227114986065869,0.405562475117623
"FOA_TC","down","GO:0004553",1,0.232229521663295,0.409816802935226
"FOA_TC","down","GO:0005200",1,0.242361136460959,0.417864028380963
"FOA_TC","down","GO:0005319",1,0.242361136460959,0.417864028380963
"FOA_TC","down","GO:0005525",2,0.26509361367856,0.451864114224818
"FOA_TC","down","GO:0015293",1,0.276819141814108,0.464203802445533
"FOA_TC","down","GO:0015081",1,0.281616973483623,0.464203802445533
"FOA_TC","down","GO:0015399",1,0.281616973483623,0.464203802445533
"FOA_TC","down","GO:0005342",1,0.291120982292083,0.469549971438844
"FOA_TC","down","GO:0046943",1,0.291120982292083,0.469549971438844
"FOA_TC","down","GO:0019901",2,0.294698113202114,0.470262946599118
"FOA_TC","down","GO:0003774",1,0.300504030066969,0.474480047474162
"FOA_TC","down","GO:0004713",1,0.305150656336325,0.476797900525508
"FOA_TC","down","GO:0016853",1,0.309767595496881,0.479022054892084
"FOA_TC","down","GO:0017111",3,0.318978414598207,0.485849892964583
"FOA_TC","down","GO:0016462",3,0.330088093515809,0.485849892964583
"FOA_TC","down","GO:0016817",3,0.330088093515809,0.485849892964583
"FOA_TC","down","GO:0016818",3,0.330088093515809,0.485849892964583
"FOA_TC","down","GO:0001228",1,0.332413321838895,0.485849892964583
"FOA_TC","down","GO:0019900",2,0.336451169751635,0.485849892964583
"FOA_TC","down","GO:0001216",1,0.336855925788777,0.485849892964583
"FOA_TC","down","GO:0008514",1,0.345656004990681,0.49379429284383
"FOA_TC","down","GO:0140678",1,0.379746566489091,0.53271966891425
"FOA_TC","down","GO:0016887",2,0.380006697158832,0.53271966891425
"FOA_TC","down","GO:0030246",1,0.383885834782542,0.533174770531308
"FOA_TC","down","GO:0050839",1,0.435337295961125,0.599088021964851
"FOA_TC","down","GO:0031267",1,0.468509684843501,0.63887684296841
"FOA_TC","down","GO:0016757",1,0.479144626978116,0.647492739159616
"FOA_TC","down","GO:0051020",1,0.49300666797828,0.66027678747091
"FOA_TC","down","GO:0003924",1,0.513136658467199,0.681154856372389
"FOA_TC","down","GO:0140657",2,0.549070895299596,0.722461704341574
"FOA_TC","down","GO:0015631",1,0.557162148737817,0.726733237484109
"FOA_TC","down","GO:0004842",1,0.589042132566157,0.753490459616459
"FOA_TC","down","GO:0005543",1,0.589042132566157,0.753490459616459
"FOA_TC","down","GO:0046914",2,0.599677475226889,0.753490459616459
"FOA_TC","down","GO:0019787",1,0.600078202531543,0.753490459616459
"FOA_TC","down","GO:0003729",1,0.602792367693167,0.753490459616459
"FOA_TC","down","GO:0016755",1,0.613472970640872,0.760503682612651
"FOA_TC","down","GO:0000978",1,0.634011751014558,0.77952264469003
"FOA_TC","down","GO:0000987",1,0.646311158036232,0.788184339068575
"FOA_TC","down","GO:0000981",1,0.660546245015549,0.794589976659827
"FOA_TC","down","GO:0019904",1,0.662864552772207,0.794589976659827
"FOA_TC","down","GO:0008233",1,0.667455580394254,0.794589976659827
"FOA_TC","down","GO:0003700",1,0.693764843590869,0.817910653290188
"FOA_TC","down","GO:0000977",1,0.69795042414096,0.817910653290188
"FOA_TC","down","GO:0140677",1,0.70817510862334,0.819438136362708
"FOA_TC","down","GO:0005198",1,0.710179718181014,0.819438136362708
"FOA_TC","down","GO:0098772",2,0.739357816888585,0.820877739620043
"FOA_TC","down","GO:0016746",1,0.74229877459508,0.820877739620043
"FOA_TC","down","GO:0000976",1,0.744077439808918,0.820877739620043
"FOA_TC","down","GO:0001067",1,0.745844297632861,0.820877739620043
"FOA_TC","down","GO:0042802",2,0.748671301719753,0.820877739620043
"FOA_TC","down","GO:0004672",1,0.752795153471666,0.820877739620043
"FOA_TC","down","GO:0008289",1,0.754504094181514,0.820877739620043
"FOA_TC","down","GO:1990837",1,0.761226953894178,0.820877739620043
"FOA_TC","down","GO:0005509",1,0.764521646700125,0.820877739620043
"FOA_TC","down","GO:0016491",1,0.766152556978707,0.820877739620043
"FOA_TC","down","GO:0003690",1,0.787875621294586,0.838165554568709
"FOA_TC","down","GO:0016773",1,0.799403361294895,0.839895521117842
"FOA_TC","down","GO:0008270",1,0.800801247278903,0.839895521117842
"FOA_TC","down","GO:0043565",1,0.806299700273128,0.839895521117842
"FOA_TC","down","GO:0003677",2,0.820865204222751,0.845732779646741
"FOA_TC","down","GO:0016301",1,0.823179905522827,0.845732779646741
"FOA_TC","down","GO:0044877",2,0.834280203754207,0.851306330361436
"FOA_TC","down","GO:0016772",1,0.878482694239858,0.890045144868283
"FOA_TC","down","GO:0008092",1,0.889255631962062,0.890045144868283
"FOA_TC","down","GO:0140110",1,0.890045144868283,0.890045144868283
"FOW_TC","up","GO:0008139",3,0.000644963424540879,0.123362186230863
"FOW_TC","up","GO:0140142",3,0.00109170076310499,0.123362186230863
"FOW_TC","up","GO:0005048",3,0.00400545836751536,0.208741982293099
"FOW_TC","up","GO:0003924",7,0.00457772483055227,0.208741982293099
"FOW_TC","up","GO:0140662",3,0.00461818544896236,0.208741982293099
"FOW_TC","up","GO:0016706",3,0.00761854643255664,0.228076202202335
"FOW_TC","up","GO:0005525",8,0.00895251089650909,0.228076202202335
"FOW_TC","up","GO:0008135",4,0.0101320888110224,0.228076202202335
"FOW_TC","up","GO:0016705",4,0.0108249319320587,0.228076202202335
"FOW_TC","up","GO:0140104",3,0.0115476681535788,0.228076202202335
"FOW_TC","up","GO:0019001",8,0.0125676157093245,0.228076202202335
"FOW_TC","up","GO:0032561",8,0.0125676157093245,0.228076202202335
"FOW_TC","up","GO:0042393",5,0.0131194275603113,0.228076202202335
"FOW_TC","up","GO:0044183",3,0.0151332236756896,0.239482365808209
"FOW_TC","up","GO:0031418",2,0.0158948472881555,0.239482365808209
"FOW_TC","up","GO:0042277",4,0.018461084806168,0.242076332968732
"FOW_TC","up","GO:0090079",4,0.018461084806168,0.242076332968732
"FOW_TC","up","GO:0051213",3,0.0192804159001645,0.242076332968732
"FOW_TC","up","GO:0003746",2,0.0214552077489241,0.25520405006615
"FOW_TC","up","GO:0000987",7,0.0235346349283509,0.265941374690366
"FOW_TC","up","GO:0140993",4,0.0250401189153165,0.269479374993406
"FOW_TC","up","GO:0140097",4,0.0275106564381984,0.280291144516734
"FOW_TC","up","GO:0000976",8,0.0319530449523972,0.280291144516734
"FOW_TC","up","GO:0001067",8,0.0326843653948895,0.280291144516734
"FOW_TC","up","GO:0045182",4,0.0328773018283362,0.280291144516734
"FOW_TC","up","GO:0004402",2,0.0345787966180726,0.280291144516734
"FOW_TC","up","GO:0061733",2,0.0345787966180726,0.280291144516734
"FOW_TC","up","GO:0031406",3,0.0372067890951417,0.280291144516734
"FOW_TC","up","GO:0043177",3,0.0372067890951417,0.280291144516734
"FOW_TC","up","GO:0051082",3,0.0372067890951417,0.280291144516734
"FOW_TC","up","GO:1990837",8,0.0397913693016146,0.287948640898818
"FOW_TC","up","GO:0016811",2,0.0420455980073496,0.287948640898818
"FOW_TC","up","GO:0034212",2,0.0420455980073496,0.287948640898818
"FOW_TC","up","GO:0033218",4,0.0453372677161031,0.296933817022481
"FOW_TC","up","GO:0015175",2,0.0459853256450744,0.296933817022481
"FOW_TC","up","GO:0016491",8,0.0488377641814894,0.306592630694906
"FOW_TC","up","GO:0003690",8,0.05591894612477,0.33897804227793
"FOW_TC","up","GO:0000978",6,0.0572542807037266,0.33897804227793
"FOW_TC","up","GO:0009055",2,0.058565729527079,0.33897804227793
"FOW_TC","up","GO:0046914",10,0.0612954929859927,0.33897804227793
"FOW_TC","up","GO:0000049",2,0.0629959193613852,0.33897804227793
"FOW_TC","up","GO:0008080",2,0.0629959193613852,0.33897804227793
"FOW_TC","up","GO:0015179",2,0.0721821046078134,0.378602421642105
"FOW_TC","up","GO:0016810",2,0.0769287773938549,0.378602421642105
"FOW_TC","up","GO:0140640",7,0.0770497765058053,0.378602421642105
"FOW_TC","up","GO:0043565",8,0.0770606698917559,0.378602421642105
"FOW_TC","up","GO:0008270",8,0.0810017939824259,0.389497988085707
"FOW_TC","up","GO:0016410",2,0.0917296869746295,0.41723812175176
"FOW_TC","up","GO:0020037",2,0.0917296869746295,0.41723812175176
"FOW_TC","up","GO:0015171",2,0.0968361178612255,0.41723812175176
"FOW_TC","up","GO:0017111",9,0.0973769398842467,0.41723812175176
"FOW_TC","up","GO:0016407",2,0.10202213927829,0.41723812175176
"FOW_TC","up","GO:0048029",2,0.10202213927829,0.41723812175176
"FOW_TC","up","GO:0140030",3,0.104270691057531,0.41723812175176
"FOW_TC","up","GO:0046906",2,0.107283828959945,0.41723812175176
"FOW_TC","up","GO:0016462",9,0.110205210490277,0.41723812175176
"FOW_TC","up","GO:0016817",9,0.110205210490277,0.41723812175176
"FOW_TC","up","GO:0016818",9,0.110205210490277,0.41723812175176
"FOW_TC","up","GO:0043021",3,0.111188978911897,0.41723812175176
"FOW_TC","up","GO:0000977",6,0.112198379016929,0.41723812175176
"FOW_TC","up","GO:0050660",2,0.112617369145387,0.41723812175176
"FOW_TC","up","GO:0003682",5,0.117880893439938,0.423369904865801
"FOW_TC","up","GO:0003743",2,0.11801904427675,0.423369904865801
"FOW_TC","up","GO:0140297",4,0.128978290336315,0.455454587750114
"FOW_TC","up","GO:0004540",2,0.134597209745069,0.467984144652086
"FOW_TC","up","GO:0005506",2,0.145926273268643,0.484562636541792
"FOW_TC","up","GO:0015297",2,0.145926273268643,0.484562636541792
"FOW_TC","up","GO:0043022",2,0.151664176042103,0.484562636541792
"FOW_TC","up","GO:0016655",1,0.153251969069896,0.484562636541792
"FOW_TC","up","GO:0055106",1,0.153251969069896,0.484562636541792
"FOW_TC","up","GO:0070034",1,0.153251969069896,0.484562636541792
"FOW_TC","up","GO:0003823",1,0.167238432080795,0.484562636541792
"FOW_TC","up","GO:0005295",1,0.167238432080795,0.484562636541792
"FOW_TC","up","GO:0015375",1,0.167238432080795,0.484562636541792
"FOW_TC","up","GO:0016538",1,0.167238432080795,0.484562636541792
"FOW_TC","up","GO:0070577",1,0.167238432080795,0.484562636541792
"FOW_TC","up","GO:0072349",1,0.167238432080795,0.484562636541792
"FOW_TC","up","GO:0140033",1,0.167238432080795,0.484562636541792
"FOW_TC","up","GO:0001671",1,0.180996939789217,0.486967957051941
"FOW_TC","up","GO:0004860",1,0.180996939789217,0.486967957051941
"FOW_TC","up","GO:0015187",1,0.180996939789217,0.486967957051941
"FOW_TC","up","GO:0019210",1,0.180996939789217,0.486967957051941
"FOW_TC","up","GO:0048027",1,0.180996939789217,0.486967957051941
"FOW_TC","up","GO:0070717",1,0.180996939789217,0.486967957051941
"FOW_TC","up","GO:0005200",2,0.192923111255963,0.512948507574678
"FOW_TC","up","GO:0015453",1,0.207844691987224,0.52469776812729
"FOW_TC","up","GO:0051537",1,0.207844691987224,0.52469776812729
"FOW_TC","up","GO:1901682",1,0.207844691987224,0.52469776812729
"FOW_TC","up","GO:0015291",3,0.209911094451482,0.52469776812729
"FOW_TC","up","GO:0019842",2,0.211043143647206,0.52469776812729
"FOW_TC","up","GO:0004532",1,0.220941093415496,0.52469776812729
"FOW_TC","up","GO:0016896",1,0.220941093415496,0.52469776812729
"FOW_TC","up","GO:0071949",1,0.220941093415496,0.52469776812729
"FOW_TC","up","GO:0140828",1,0.220941093415496,0.52469776812729
"FOW_TC","up","GO:0022804",4,0.226424494070042,0.52469776812729
"FOW_TC","up","GO:0051018",1,0.233823855222704,0.52469776812729
"FOW_TC","up","GO:0060590",1,0.233823855222704,0.52469776812729
"FOW_TC","up","GO:0070566",1,0.233823855222704,0.52469776812729
"FOW_TC","up","GO:0005342",2,0.235453814648325,0.52469776812729
"FOW_TC","up","GO:0046943",2,0.235453814648325,0.52469776812729
"FOW_TC","up","GO:0019887",2,0.241586862114716,0.52469776812729
"FOW_TC","up","GO:0031369",1,0.246496415507353,0.52469776812729
"FOW_TC","up","GO:0031490",1,0.246496415507353,0.52469776812729
"FOW_TC","up","GO:0031593",1,0.246496415507353,0.52469776812729
"FOW_TC","up","GO:0004879",1,0.258962157794957,0.52469776812729
"FOW_TC","up","GO:0005283",1,0.258962157794957,0.52469776812729
"FOW_TC","up","GO:0016597",1,0.258962157794957,0.52469776812729
"FOW_TC","up","GO:0016796",1,0.258962157794957,0.52469776812729
"FOW_TC","up","GO:0032266",1,0.258962157794957,0.52469776812729
"FOW_TC","up","GO:0098531",1,0.258962157794957,0.52469776812729
"FOW_TC","up","GO:0099106",1,0.258962157794957,0.52469776812729
"FOW_TC","up","GO:0004518",2,0.260027212523259,0.52469776812729
"FOW_TC","up","GO:0008134",4,0.266157926668809,0.526052279837248
"FOW_TC","up","GO:0005416",1,0.271224411892268,0.526052279837248
"FOW_TC","up","GO:0016247",1,0.271224411892268,0.526052279837248
"FOW_TC","up","GO:0051879",1,0.271224411892268,0.526052279837248
"FOW_TC","up","GO:0016779",2,0.272336799738752,0.526052279837248
"FOW_TC","up","GO:0002039",1,0.283286454728316,0.533522823071663
"FOW_TC","up","GO:0008408",1,0.283286454728316,0.533522823071663
"FOW_TC","up","GO:0048306",1,0.283286454728316,0.533522823071663
"FOW_TC","up","GO:0005343",1,0.295151511182479,0.545585144220773
"FOW_TC","up","GO:0050661",1,0.295151511182479,0.545585144220773
"FOW_TC","up","GO:0019207",2,0.296933507695377,0.545585144220773
"FOW_TC","up","GO:0016651",1,0.306822754899752,0.549133953092508
"FOW_TC","up","GO:0016684",1,0.306822754899752,0.549133953092508
"FOW_TC","up","GO:0016747",2,0.309195880098635,0.549133953092508
"FOW_TC","up","GO:0046982",2,0.309195880098635,0.549133953092508
"FOW_TC","up","GO:0004857",2,0.315313049920758,0.549133953092508
"FOW_TC","up","GO:0016874",2,0.315313049920758,0.549133953092508
"FOW_TC","up","GO:0004521",1,0.318303309093445,0.549133953092508
"FOW_TC","up","GO:0097110",1,0.318303309093445,0.549133953092508
"FOW_TC","up","GO:0008514",2,0.32141908940275,0.550308440947133
"FOW_TC","up","GO:1990841",1,0.329596247335461,0.556192665764503
"FOW_TC","up","GO:0019904",4,0.329777952267449,0.556192665764503
"FOW_TC","up","GO:0061629",2,0.333592690476009,0.558458874426505
"FOW_TC","up","GO:0017069",1,0.340704594334381,0.562782074863862
"FOW_TC","up","GO:0019901",4,0.341155505559067,0.562782074863862
"FOW_TC","up","GO:0000981",4,0.344952558130895,0.56360765840101
"FOW_TC","up","GO:0004497",1,0.351631326701515,0.56360765840101
"FOW_TC","up","GO:0004527",1,0.351631326701515,0.56360765840101
"FOW_TC","up","GO:0051117",1,0.351631326701515,0.56360765840101
"FOW_TC","up","GO:0017018",1,0.362379373705119,0.57674463702364
"FOW_TC","up","GO:0022853",2,0.369721785389423,0.581290108075347
"FOW_TC","up","GO:0015370",1,0.372951618012944,0.581290108075347
"FOW_TC","up","GO:0051219",1,0.372951618012944,0.581290108075347
"FOW_TC","up","GO:0005516",2,0.381606127666189,0.589369405385493
"FOW_TC","up","GO:0035064",1,0.383350896423307,0.589369405385493
"FOW_TC","up","GO:0030246",2,0.387514267958804,0.591744760531687
"FOW_TC","up","GO:0016209",1,0.393580000584857,0.596973692162267
"FOW_TC","up","GO:0140034",1,0.403641677705198,0.606297281522578
"FOW_TC","up","GO:0140678",2,0.405092431459775,0.606297281522578
"FOW_TC","up","GO:0003725",1,0.413538631248552,0.611399165682441
"FOW_TC","up","GO:0019900",4,0.417005082161339,0.611399165682441
"FOW_TC","up","GO:0003700",4,0.420768994416281,0.611399165682441
"FOW_TC","up","GO:0004722",1,0.423273521622623,0.611399165682441
"FOW_TC","up","GO:0003713",2,0.428160222310593,0.611399165682441
"FOW_TC","up","GO:0001664",1,0.432848966854825,0.611399165682441
"FOW_TC","up","GO:0003730",1,0.432848966854825,0.611399165682441
"FOW_TC","up","GO:0051536",1,0.432848966854825,0.611399165682441
"FOW_TC","up","GO:0051540",1,0.432848966854825,0.611399165682441
"FOW_TC","up","GO:0003729",3,0.438896979604648,0.616091412364288
"FOW_TC","up","GO:0004519",1,0.442267543258044,0.616990523310605
"FOW_TC","up","GO:0031625",2,0.456340820374621,0.632717947267879
"FOW_TC","up","GO:0015294",1,0.460644190178948,0.634790164514892
"FOW_TC","up","GO:0140098",3,0.465075638996336,0.635516344881345
"FOW_TC","up","GO:0044325",1,0.469607210598162,0.635516344881345
"FOW_TC","up","GO:0140101",1,0.469607210598162,0.635516344881345
"FOW_TC","up","GO:0003727",1,0.478423263252191,0.639784955591687
"FOW_TC","up","GO:0015078",1,0.478423263252191,0.639784955591687
"FOW_TC","up","GO:0031267",2,0.494452435387332,0.657330884691394
"FOW_TC","up","GO:0044389",2,0.499761715663343,0.660503787952722
"FOW_TC","up","GO:0051020",2,0.535934434242232,0.704192919411305
"FOW_TC","up","GO:0140110",6,0.553897890794188,0.72358915213576
"FOW_TC","up","GO:0016746",4,0.557734583237853,0.724413883975602
"FOW_TC","up","GO:0015399",1,0.573580970978929,0.740738853949931
"FOW_TC","up","GO:0015293",1,0.587681212626382,0.750372621771539
"FOW_TC","up","GO:0031072",1,0.587681212626382,0.750372621771539
"FOW_TC","up","GO:0015085",1,0.601321301348068,0.763475360138559
"FOW_TC","up","GO:1901981",1,0.607973437469882,0.76760892105136
"FOW_TC","up","GO:0015081",1,0.614516054886939,0.771559046691378
"FOW_TC","up","GO:0016853",1,0.645647630869089,0.806167760090686
"FOW_TC","up","GO:0046873",2,0.654334529622956,0.812525295026309
"FOW_TC","up","GO:0005198",3,0.664585406855322,0.820744819395097
"FOW_TC","up","GO:0001228",1,0.674296277334641,0.828211731943635
"FOW_TC","up","GO:0001216",1,0.67974553699488,0.830391845193745
"FOW_TC","up","GO:0004721",1,0.685104838275382,0.832439212098044
"FOW_TC","up","GO:0016788",3,0.699320925640472,0.845168605319501
"FOW_TC","up","GO:0098772",6,0.714695693139465,0.859155460901697
"FOW_TC","up","GO:0005085",1,0.724911703978195,0.862328750525204
"FOW_TC","up","GO:0004842",2,0.724966648671631,0.862328750525204
"FOW_TC","up","GO:0019787",2,0.744634319100994,0.880946675455634
"FOW_TC","up","GO:1901702",2,0.750922302750403,0.880946675455634
"FOW_TC","up","GO:0003712",2,0.760108857140923,0.880946675455634
"FOW_TC","up","GO:0016755",2,0.760108857140923,0.880946675455634
"FOW_TC","up","GO:0106310",2,0.760108857140923,0.880946675455634
"FOW_TC","up","GO:0022890",2,0.769006092349921,0.885248221588966
"FOW_TC","up","GO:0035091",1,0.771654423243479,0.885248221588966
"FOW_TC","up","GO:0046983",3,0.780354618127332,0.886316734517508
"FOW_TC","up","GO:0042803",2,0.780429337030903,0.886316734517508
"FOW_TC","up","GO:0022857",4,0.786231592136366,0.888441699114094
"FOW_TC","up","GO:0003735",1,0.800637703289044,0.89266944304786
"FOW_TC","up","GO:0016791",1,0.800637703289044,0.89266944304786
"FOW_TC","up","GO:0004674",2,0.801822552826175,0.89266944304786
"FOW_TC","up","GO:0008324",2,0.819028864320421,0.905335264606867
"FOW_TC","up","GO:0030234",4,0.821211191346937,0.905335264606867
"FOW_TC","up","GO:0016772",4,0.831796935343286,0.909149913194396
"FOW_TC","up","GO:0015318",2,0.832716955890443,0.909149913194396
"FOW_TC","up","GO:0005215",4,0.841868588584,0.914722601057615
"FOW_TC","up","GO:0061630",1,0.848148710030802,0.917136882617039
"FOW_TC","up","GO:0061659",1,0.860561100897328,0.925410013889396
"FOW_TC","up","GO:0015075",2,0.86663691018531,0.925410013889396
"FOW_TC","up","GO:0016887",2,0.873658654800141,0.925410013889396
"FOW_TC","up","GO:0140657",3,0.875557629798262,0.925410013889396
"FOW_TC","up","GO:0042578",1,0.876273198992614,0.925410013889396
"FOW_TC","up","GO:0004672",2,0.891274626787105,0.936874723971562
"FOW_TC","up","GO:0005543",1,0.915133186290611,0.957500463433695
"FOW_TC","up","GO:0030695",1,0.924756691257272,0.958692716624511
"FOW_TC","up","GO:0060589",1,0.924756691257272,0.958692716624511
"FOW_TC","up","GO:0016773",2,0.935302190849335,0.96112302896891
"FOW_TC","up","GO:0038023",1,0.939859245142164,0.96112302896891
"FOW_TC","up","GO:0060089",1,0.939859245142164,0.96112302896891
"FOW_TC","up","GO:0016301",2,0.95009403045995,0.967212841819588
"FOW_TC","up","GO:0140677",1,0.964231396913015,0.977203119741442
"FOW_TC","up","GO:0008289",1,0.980238689578339,0.98481305407118
"FOW_TC","up","GO:0042802",3,0.981137546379332,0.98481305407118
"FOW_TC","up","GO:0005102",1,0.98481305407118,0.98481305407118
"FOW_TC","down","GO:0004653",3,0.000364399824008021,0.0736087644496202
"FOW_TC","down","GO:0008376",3,0.00078083334752669,0.0788641681001957
"FOW_TC","down","GO:0016758",5,0.00617344217144927,0.268167209336818
"FOW_TC","down","GO:0005215",11,0.00679498539278484,0.268167209336818
"FOW_TC","down","GO:0008194",4,0.00956056352111699,0.268167209336818
"FOW_TC","down","GO:0022857",10,0.0103304065335471,0.268167209336818
"FOW_TC","down","GO:0015932",2,0.0128625459516248,0.268167209336818
"FOW_TC","down","GO:1901505",2,0.0128625459516248,0.268167209336818
"FOW_TC","down","GO:0022804",6,0.0144644446295398,0.268167209336818
"FOW_TC","down","GO:0015035",2,0.0148761647189744,0.268167209336818
"FOW_TC","down","GO:0015036",2,0.017016093180777,0.268167209336818
"FOW_TC","down","GO:0140828",2,0.017016093180777,0.268167209336818
"FOW_TC","down","GO:0015297",3,0.0176342581942527,0.268167209336818
"FOW_TC","down","GO:0005518",2,0.0192786448377571,0.268167209336818
"FOW_TC","down","GO:0022853",4,0.0208238610172967,0.268167209336818
"FOW_TC","down","GO:0016757",5,0.0212409670761836,0.268167209336818
"FOW_TC","down","GO:0005200",3,0.0282399136402158,0.335556620901388
"FOW_TC","down","GO:0015399",3,0.0313190165335969,0.343472636698153
"FOW_TC","down","GO:0019829",2,0.0323068321646778,0.343472636698153
"FOW_TC","down","GO:0005544",2,0.0352317618749459,0.355840794936954
"FOW_TC","down","GO:0001786",2,0.0382555109907386,0.367981581910914
"FOW_TC","down","GO:0016667",2,0.0445870149860339,0.398035855991093
"FOW_TC","down","GO:0004713",3,0.0453209142960156,0.398035855991093
"FOW_TC","down","GO:0072341",2,0.0547492538056118,0.460806219530566
"FOW_TC","down","GO:0020037",2,0.0656407283847827,0.530377085349044
"FOW_TC","down","GO:0046906",2,0.0771884603058411,0.599694960837688
"FOW_TC","down","GO:0050660",2,0.0811715818251146,0.607283686247154
"FOW_TC","down","GO:0042626",2,0.0893239946732041,0.619774560170303
"FOW_TC","down","GO:0005509",6,0.0960768337875829,0.619774560170303
"FOW_TC","down","GO:0030246",3,0.0967445884991912,0.619774560170303
"FOW_TC","down","GO:0016491",6,0.116657636341416,0.619774560170303
"FOW_TC","down","GO:0003756",1,0.127966117579775,0.619774560170303
"FOW_TC","down","GO:0005080",1,0.127966117579775,0.619774560170303
"FOW_TC","down","GO:0016864",1,0.127966117579775,0.619774560170303
"FOW_TC","down","GO:0017134",1,0.127966117579775,0.619774560170303
"FOW_TC","down","GO:0030507",1,0.127966117579775,0.619774560170303
"FOW_TC","down","GO:0051010",1,0.127966117579775,0.619774560170303
"FOW_TC","down","GO:0005385",1,0.139839793210944,0.619774560170303
"FOW_TC","down","GO:0035255",1,0.139839793210944,0.619774560170303
"FOW_TC","down","GO:0046875",1,0.139839793210944,0.619774560170303
"FOW_TC","down","GO:0015291",3,0.14096506979498,0.619774560170303
"FOW_TC","down","GO:0008093",1,0.151554410896617,0.619774560170303
"FOW_TC","down","GO:0015187",1,0.151554410896617,0.619774560170303
"FOW_TC","down","GO:0016877",1,0.151554410896617,0.619774560170303
"FOW_TC","down","GO:0015075",5,0.152743041559895,0.619774560170303
"FOW_TC","down","GO:0004867",1,0.1631120663087,0.619774560170303
"FOW_TC","down","GO:0016831",1,0.1631120663087,0.619774560170303
"FOW_TC","down","GO:0015085",2,0.171160298796295,0.619774560170303
"FOW_TC","down","GO:0015453",1,0.174514827969448,0.619774560170303
"FOW_TC","down","GO:0015081",2,0.180916398077486,0.619774560170303
"FOW_TC","down","GO:0017025",1,0.18576473759721,0.619774560170303
"FOW_TC","down","GO:0071949",1,0.18576473759721,0.619774560170303
"FOW_TC","down","GO:0004714",1,0.196863810447841,0.619774560170303
"FOW_TC","down","GO:0051018",1,0.196863810447841,0.619774560170303
"FOW_TC","down","GO:0008289",5,0.200871527007941,0.619774560170303
"FOW_TC","down","GO:0016853",2,0.20565079969951,0.619774560170303
"FOW_TC","down","GO:0004715",1,0.207814035651837,0.619774560170303
"FOW_TC","down","GO:0016860",1,0.207814035651837,0.619774560170303
"FOW_TC","down","GO:0035254",1,0.207814035651837,0.619774560170303
"FOW_TC","down","GO:0046915",1,0.207814035651837,0.619774560170303
"FOW_TC","down","GO:0140359",1,0.207814035651837,0.619774560170303
"FOW_TC","down","GO:0004712",1,0.218617376547263,0.619774560170303
"FOW_TC","down","GO:0005484",1,0.218617376547263,0.619774560170303
"FOW_TC","down","GO:0038024",1,0.218617376547263,0.619774560170303
"FOW_TC","down","GO:0099106",1,0.218617376547263,0.619774560170303
"FOW_TC","down","GO:0019901",4,0.224572615457919,0.619774560170303
"FOW_TC","down","GO:0003755",1,0.229275771008492,0.619774560170303
"FOW_TC","down","GO:0016247",1,0.229275771008492,0.619774560170303
"FOW_TC","down","GO:0016830",1,0.229275771008492,0.619774560170303
"FOW_TC","down","GO:0016859",1,0.229275771008492,0.619774560170303
"FOW_TC","down","GO:0019199",1,0.239791131770845,0.619774560170303
"FOW_TC","down","GO:0008324",4,0.245215230321236,0.619774560170303
"FOW_TC","down","GO:0008514",2,0.24590332850558,0.619774560170303
"FOW_TC","down","GO:0003924",3,0.247858621771269,0.619774560170303
"FOW_TC","down","GO:0004601",1,0.250165346751154,0.619774560170303
"FOW_TC","down","GO:0015175",1,0.250165346751154,0.619774560170303
"FOW_TC","down","GO:0016684",1,0.260400279364306,0.619774560170303
"FOW_TC","down","GO:0061631",1,0.260400279364306,0.619774560170303
"FOW_TC","down","GO:0061650",1,0.270497768835832,0.619774560170303
"FOW_TC","down","GO:0046873",3,0.273718703945231,0.619774560170303
"FOW_TC","down","GO:0005546",1,0.280459630510561,0.619774560170303
"FOW_TC","down","GO:0019838",1,0.280459630510561,0.619774560170303
"FOW_TC","down","GO:0019905",1,0.280459630510561,0.619774560170303
"FOW_TC","down","GO:0030170",1,0.280459630510561,0.619774560170303
"FOW_TC","down","GO:0070279",1,0.280459630510561,0.619774560170303
"FOW_TC","down","GO:0019900",4,0.284623357076585,0.619774560170303
"FOW_TC","down","GO:0004866",1,0.290287656157416,0.619774560170303
"FOW_TC","down","GO:0008375",1,0.290287656157416,0.619774560170303
"FOW_TC","down","GO:0030414",1,0.290287656157416,0.619774560170303
"FOW_TC","down","GO:0140296",1,0.290287656157416,0.619774560170303
"FOW_TC","down","GO:0005516",2,0.296605135147525,0.619774560170303
"FOW_TC","down","GO:0003697",1,0.299983614270383,0.619774560170303
"FOW_TC","down","GO:0004497",1,0.299983614270383,0.619774560170303
"FOW_TC","down","GO:0008081",1,0.299983614270383,0.619774560170303
"FOW_TC","down","GO:0030971",1,0.299983614270383,0.619774560170303
"FOW_TC","down","GO:0051117",1,0.299983614270383,0.619774560170303
"FOW_TC","down","GO:0017111",6,0.302063159225646,0.619774560170303
"FOW_TC","down","GO:0005198",4,0.30316220035711,0.619774560170303
"FOW_TC","down","GO:0015179",1,0.309549250365703,0.619774560170303
"FOW_TC","down","GO:0005543",3,0.318666999907615,0.619774560170303
"FOW_TC","down","GO:0030276",1,0.318986287275336,0.619774560170303
"FOW_TC","down","GO:0003729",3,0.322430412642802,0.619774560170303
"FOW_TC","down","GO:0016462",6,0.324056280178014,0.619774560170303
"FOW_TC","down","GO:0016817",6,0.324056280178014,0.619774560170303
"FOW_TC","down","GO:0016818",6,0.324056280178014,0.619774560170303
"FOW_TC","down","GO:0045505",1,0.328296425436745,0.619774560170303
"FOW_TC","down","GO:0061135",1,0.328296425436745,0.619774560170303
"FOW_TC","down","GO:0016209",1,0.337481343179035,0.625424140570322
"FOW_TC","down","GO:1990782",1,0.337481343179035,0.625424140570322
"FOW_TC","down","GO:0002020",1,0.34654269700551,0.629889373844555
"FOW_TC","down","GO:1902936",1,0.34654269700551,0.629889373844555
"FOW_TC","down","GO:0051015",2,0.351848846667835,0.629889373844555
"FOW_TC","down","GO:0015079",1,0.35548212187267,0.629889373844555
"FOW_TC","down","GO:0015171",1,0.35548212187267,0.629889373844555
"FOW_TC","down","GO:0031625",2,0.361759888484585,0.631804431788365
"FOW_TC","down","GO:0005496",1,0.364301231465708,0.631804431788365
"FOW_TC","down","GO:0003779",3,0.371314467739749,0.631804431788365
"FOW_TC","down","GO:0001664",1,0.373001618470553,0.631804431788365
"FOW_TC","down","GO:1901702",3,0.375059957601294,0.631804431788365
"FOW_TC","down","GO:0140657",5,0.37534515373721,0.631804431788365
"FOW_TC","down","GO:0004222",1,0.381584854842478,0.631804431788365
"FOW_TC","down","GO:0043130",1,0.381584854842478,0.631804431788365
"FOW_TC","down","GO:0022890",3,0.397444909362092,0.652714403993029
"FOW_TC","down","GO:0044389",2,0.400828905590405,0.652963217171466
"FOW_TC","down","GO:0044325",1,0.406647074300455,0.657141672069535
"FOW_TC","down","GO:0008017",2,0.41043270010008,0.657995281112826
"FOW_TC","down","GO:0004888",2,0.415207648462342,0.660409015664513
"FOW_TC","down","GO:0032182",1,0.422797377638972,0.667227111586502
"FOW_TC","down","GO:0061134",1,0.438515103544404,0.686667061364105
"FOW_TC","down","GO:0005525",3,0.445202907445782,0.691776825415754
"FOW_TC","down","GO:0004553",1,0.453811650368298,0.694469343745425
"FOW_TC","down","GO:0005319",1,0.453811650368298,0.694469343745425
"FOW_TC","down","GO:0000149",1,0.4613054626327,0.700629349261695
"FOW_TC","down","GO:0004175",2,0.475472858501579,0.71675759266656
"FOW_TC","down","GO:0019001",3,0.484503105507774,0.719554988151162
"FOW_TC","down","GO:0032561",3,0.484503105507774,0.719554988151162
"FOW_TC","down","GO:0015318",3,0.488015016716382,0.719554988151162
"FOW_TC","down","GO:0019842",1,0.511003832091136,0.747991116539199
"FOW_TC","down","GO:0005342",1,0.537348192238926,0.764779707260927
"FOW_TC","down","GO:0046943",1,0.537348192238926,0.764779707260927
"FOW_TC","down","GO:1901981",1,0.537348192238926,0.764779707260927
"FOW_TC","down","GO:0008092",5,0.537617417975503,0.764779707260927
"FOW_TC","down","GO:0016887",3,0.55901062292156,0.789651369441644
"FOW_TC","down","GO:0015631",2,0.591960492909471,0.810230310965155
"FOW_TC","down","GO:0004672",3,0.593861039892248,0.810230310965155
"FOW_TC","down","GO:0008237",1,0.597254609941845,0.810230310965155
"FOW_TC","down","GO:0016798",1,0.608285728553096,0.810230310965155
"FOW_TC","down","GO:0022839",1,0.608285728553096,0.810230310965155
"FOW_TC","down","GO:0004857",1,0.613689294938954,0.810230310965155
"FOW_TC","down","GO:0016829",1,0.613689294938954,0.810230310965155
"FOW_TC","down","GO:0016874",1,0.613689294938954,0.810230310965155
"FOW_TC","down","GO:0022836",1,0.613689294938954,0.810230310965155
"FOW_TC","down","GO:0140030",1,0.613689294938954,0.810230310965155
"FOW_TC","down","GO:0030674",2,0.632297863709743,0.829377717333558
"FOW_TC","down","GO:0005102",3,0.655444015211741,0.854191555308204
"FOW_TC","down","GO:0038023",2,0.666277573334529,0.857248852315764
"FOW_TC","down","GO:0060089",2,0.666277573334529,0.857248852315764
"FOW_TC","down","GO:0042803",2,0.682320050065894,0.872116709635065
"FOW_TC","down","GO:0140678",1,0.686468103128591,0.872116709635065
"FOW_TC","down","GO:0019904",2,0.697742109538179,0.875534642384705
"FOW_TC","down","GO:0016773",3,0.697827115960086,0.875534642384705
"FOW_TC","down","GO:0035091",1,0.703479601930326,0.877178269073616
"FOW_TC","down","GO:0004386",1,0.731092035397085,0.901965538087513
"FOW_TC","down","GO:0060090",2,0.732288852704713,0.901965538087513
"FOW_TC","down","GO:0016301",3,0.740794679397248,0.904197120066565
"FOW_TC","down","GO:0008233",2,0.743053078866583,0.904197120066565
"FOW_TC","down","GO:0051020",1,0.775825952295188,0.938424205770227
"FOW_TC","down","GO:0140297",1,0.805176558012278,0.965155110969703
"FOW_TC","down","GO:0005216",1,0.810575763649803,0.965155110969703
"FOW_TC","down","GO:0042578",1,0.820936393316985,0.965155110969703
"FOW_TC","down","GO:0000976",2,0.822575709554479,0.965155110969703
"FOW_TC","down","GO:0001067",2,0.824491409473032,0.965155110969703
"FOW_TC","down","GO:1990837",2,0.840929466387417,0.965155110969703
"FOW_TC","down","GO:0015267",1,0.85090616206753,0.965155110969703
"FOW_TC","down","GO:0022803",1,0.852995462346391,0.965155110969703
"FOW_TC","down","GO:0046983",2,0.85598805392931,0.965155110969703
"FOW_TC","down","GO:0016772",3,0.858884457204537,0.965155110969703
"FOW_TC","down","GO:0042802",4,0.863358175054478,0.965155110969703
"FOW_TC","down","GO:0003690",2,0.868290478649946,0.965155110969703
"FOW_TC","down","GO:0004842",1,0.881087949310389,0.965155110969703
"FOW_TC","down","GO:0008047",1,0.881087949310389,0.965155110969703
"FOW_TC","down","GO:0003682",1,0.889222146552423,0.965155110969703
"FOW_TC","down","GO:0008134",1,0.890782037840581,0.965155110969703
"FOW_TC","down","GO:0019787",1,0.890782037840581,0.965155110969703
"FOW_TC","down","GO:0043565",2,0.892579640367051,0.965155110969703
"FOW_TC","down","GO:0008270",2,0.896207254710596,0.965155110969703
"FOW_TC","down","GO:0016755",1,0.898263172585664,0.965155110969703
"FOW_TC","down","GO:0106310",1,0.898263172585664,0.965155110969703
"FOW_TC","down","GO:0000978",1,0.903883122824451,0.96605497783354
"FOW_TC","down","GO:0000987",1,0.911745128741036,0.966836954434861
"FOW_TC","down","GO:0004674",1,0.917810773709013,0.966836954434861
"FOW_TC","down","GO:0000981",1,0.918973738868779,0.966836954434861
"FOW_TC","down","GO:0140677",1,0.935523246617103,0.96799912750113
"FOW_TC","down","GO:0098772",3,0.937689691227845,0.96799912750113
"FOW_TC","down","GO:0003700",1,0.939110932221031,0.96799912750113
"FOW_TC","down","GO:0000977",1,0.939976720830475,0.96799912750113
"FOW_TC","down","GO:0030234",2,0.951270240174726,0.96799912750113
"FOW_TC","down","GO:0016788",1,0.951599487604838,0.96799912750113
"FOW_TC","down","GO:0140640",1,0.958086583132426,0.96799912750113
"FOW_TC","down","GO:0046914",2,0.958414977723891,0.96799912750113
"FOW_TC","down","GO:0016746",1,0.964749794313199,0.969549544533663
"FOW_TC","down","GO:0140110",1,0.994193844370505,0.994193844370505
"FDO_TC","up","GO:0140662",6,0.00017628809307316,0.050346961138777
"FDO_TC","up","GO:0044183",7,0.000250482393725259,0.050346961138777
"FDO_TC","up","GO:0048029",6,0.00140259457462115,0.105669721814339
"FDO_TC","up","GO:0004812",5,0.00153778179761153,0.105669721814339
"FDO_TC","up","GO:0016875",5,0.00153778179761153,0.105669721814339
"FDO_TC","up","GO:0072349",4,0.00157716002707969,0.105669721814339
"FDO_TC","up","GO:0051087",8,0.00213663589909672,0.122703947348126
"FDO_TC","up","GO:0031072",7,0.00528093751134543,0.236070359929897
"FDO_TC","up","GO:0099106",4,0.00636860078950799,0.236070359929897
"FDO_TC","up","GO:0016874",8,0.00714461236006012,0.236070359929897
"FDO_TC","up","GO:0022829",3,0.00738957306174512,0.236070359929897
"FDO_TC","up","GO:0042169",3,0.00738957306174512,0.236070359929897
"FDO_TC","up","GO:0016247",4,0.00763411611713597,0.236070359929897
"FDO_TC","up","GO:0031418",3,0.00957652249160818,0.274983002973321
"FDO_TC","up","GO:0031406",6,0.0128597760827664,0.305095940801824
"FDO_TC","up","GO:0043177",6,0.0128597760827664,0.305095940801824
"FDO_TC","up","GO:0003700",16,0.0129020671483358,0.305095940801824
"FDO_TC","up","GO:0030246",8,0.0159463259018897,0.356134611808871
"FDO_TC","up","GO:0060590",3,0.0217678689975575,0.444857433369565
"FDO_TC","up","GO:0000981",14,0.0221322106154013,0.444857433369565
"FDO_TC","up","GO:0140101",5,0.0236474184157144,0.452679152529391
"FDO_TC","up","GO:0045182",7,0.0261826286268857,0.478428032182183
"FDO_TC","up","GO:0015291",9,0.0278730372071875,0.487172215534321
"FDO_TC","up","GO:0000976",16,0.0334597888820383,0.533820224487513
"FDO_TC","up","GO:0003924",10,0.0344940164042899,0.533820224487513
"FDO_TC","up","GO:0001067",16,0.0345256861608839,0.533820224487513
"FDO_TC","up","GO:0005342",6,0.0379811746148621,0.545301149827663
"FDO_TC","up","GO:0046943",6,0.0379811746148621,0.545301149827663
"FDO_TC","up","GO:0008514",7,0.0420505290541731,0.573588328342945
"FDO_TC","up","GO:0140110",22,0.0433383514207042,0.573588328342945
"FDO_TC","up","GO:1990837",16,0.0452675208795763,0.573588328342945
"FDO_TC","up","GO:0004879",3,0.050601520596442,0.573588328342945
"FDO_TC","up","GO:0098531",3,0.050601520596442,0.573588328342945
"FDO_TC","up","GO:0016491",16,0.0507382420432297,0.573588328342945
"FDO_TC","up","GO:0004438",2,0.0542197922314227,0.573588328342945
"FDO_TC","up","GO:0016638",2,0.0542197922314227,0.573588328342945
"FDO_TC","up","GO:0048531",2,0.0542197922314227,0.573588328342945
"FDO_TC","up","GO:0052744",2,0.0542197922314227,0.573588328342945
"FDO_TC","up","GO:0050661",3,0.0565961800830341,0.579500666830234
"FDO_TC","up","GO:0005525",12,0.0576617578935556,0.579500666830234
"FDO_TC","up","GO:0043130",4,0.0615099108639788,0.591051292760876
"FDO_TC","up","GO:0016758",7,0.0631425900265736,0.591051292760876
"FDO_TC","up","GO:0008139",2,0.0646265076024621,0.591051292760876
"FDO_TC","up","GO:0033218",7,0.0661624581448742,0.591051292760876
"FDO_TC","up","GO:0140678",7,0.0661624581448742,0.591051292760876
"FDO_TC","up","GO:0016706",3,0.0695386825278303,0.607707616873647
"FDO_TC","up","GO:0003690",16,0.0753781786858416,0.607970650471412
"FDO_TC","up","GO:0005001",2,0.075636504624633,0.607970650471412
"FDO_TC","up","GO:0019198",2,0.075636504624633,0.607970650471412
"FDO_TC","up","GO:0000987",12,0.078649031499909,0.607970650471412
"FDO_TC","up","GO:0019001",12,0.0809848809606269,0.607970650471412
"FDO_TC","up","GO:0032561",12,0.0809848809606269,0.607970650471412
"FDO_TC","up","GO:0031625",7,0.0825552485040083,0.607970650471412
"FDO_TC","up","GO:0000049",3,0.0836874983871903,0.607970650471412
"FDO_TC","up","GO:0015293",5,0.0845375987893747,0.607970650471412
"FDO_TC","up","GO:0030371",2,0.0871883949571017,0.607970650471412
"FDO_TC","up","GO:0042887",2,0.0871883949571017,0.607970650471412
"FDO_TC","up","GO:0032182",4,0.0877494424816431,0.607970650471412
"FDO_TC","up","GO:0019842",5,0.0892295233278939,0.607970650471412
"FDO_TC","up","GO:0000977",13,0.0946823260954985,0.6331473299227
"FDO_TC","up","GO:0015179",3,0.0989570604587818,0.6331473299227
"FDO_TC","up","GO:0034185",2,0.09922458155505,0.6331473299227
"FDO_TC","up","GO:0051721",2,0.09922458155505,0.6331473299227
"FDO_TC","up","GO:0022804",10,0.102824818732749,0.645868392665081
"FDO_TC","up","GO:0098772",23,0.106642314524325,0.659541699058132
"FDO_TC","up","GO:0042277",5,0.109309886681321,0.665796582513502
"FDO_TC","up","GO:0044389",7,0.113222747708718,0.676540089060283
"FDO_TC","up","GO:0016209",3,0.115255138488924,0.676540089060283
"FDO_TC","up","GO:0043565",16,0.119031862973677,0.676540089060283
"FDO_TC","up","GO:0005215",20,0.121275445218102,0.676540089060283
"FDO_TC","up","GO:0019208",3,0.123759829222626,0.676540089060283
"FDO_TC","up","GO:0015932",2,0.12453723032453,0.676540089060283
"FDO_TC","up","GO:0052866",2,0.12453723032453,0.676540089060283
"FDO_TC","up","GO:0140142",2,0.12453723032453,0.676540089060283
"FDO_TC","up","GO:0004860",2,0.137715715564813,0.71898334619552
"FDO_TC","up","GO:0031593",2,0.137715715564813,0.71898334619552
"FDO_TC","up","GO:0070566",2,0.137715715564813,0.71898334619552
"FDO_TC","up","GO:0022857",18,0.140477827439126,0.724001110647801
"FDO_TC","up","GO:0042578",8,0.144019421400799,0.732858321558495
"FDO_TC","up","GO:0015171",3,0.150548694684765,0.739720020244865
"FDO_TC","up","GO:0019210",2,0.151182192178355,0.739720020244865
"FDO_TC","up","GO:0008135",4,0.153284046815457,0.739720020244865
"FDO_TC","up","GO:0016462",18,0.156408461992073,0.739720020244865
"FDO_TC","up","GO:0016817",18,0.156408461992073,0.739720020244865
"FDO_TC","up","GO:0016818",18,0.156408461992073,0.739720020244865
"FDO_TC","up","GO:0051213",3,0.159861878873608,0.74655923979643
"FDO_TC","up","GO:0004721",5,0.161568790702212,0.74655923979643
"FDO_TC","up","GO:0005518",2,0.164895226376469,0.75327137503796
"FDO_TC","up","GO:0016705",4,0.168161974352788,0.759563075166524
"FDO_TC","up","GO:0005048",2,0.178816119323402,0.7736962391205
"FDO_TC","up","GO:0016879",2,0.178816119323402,0.7736962391205
"FDO_TC","up","GO:0140103",2,0.178816119323402,0.7736962391205
"FDO_TC","up","GO:0003743",3,0.17898942845325,0.7736962391205
"FDO_TC","up","GO:0004725",3,0.188779388252356,0.791927495695863
"FDO_TC","up","GO:0017111",17,0.192824254230985,0.791927495695863
"FDO_TC","up","GO:0008378",2,0.192908759728297,0.791927495695863
"FDO_TC","up","GO:0051879",2,0.192908759728297,0.791927495695863
"FDO_TC","up","GO:0008134",9,0.193790195981021,0.791927495695863
"FDO_TC","up","GO:0016757",7,0.195026920581817,0.791927495695863
"FDO_TC","up","GO:0000978",10,0.204736504529722,0.802105678662545
"FDO_TC","up","GO:0004601",2,0.207139483641483,0.802105678662545
"FDO_TC","up","GO:0044325",3,0.208751772641789,0.802105678662545
"FDO_TC","up","GO:0140297",7,0.211479991831531,0.802105678662545
"FDO_TC","up","GO:0003714",4,0.215543940055113,0.802105678662545
"FDO_TC","up","GO:0008194",4,0.215543940055113,0.802105678662545
"FDO_TC","up","GO:0046914",18,0.216224888991182,0.802105678662545
"FDO_TC","up","GO:0016791",6,0.217334018207903,0.802105678662545
"FDO_TC","up","GO:0050660",3,0.218910790057318,0.802105678662545
"FDO_TC","up","GO:0005343",2,0.22147694112324,0.802105678662545
"FDO_TC","up","GO:0015175",2,0.22147694112324,0.802105678662545
"FDO_TC","up","GO:0016684",2,0.22147694112324,0.802105678662545
"FDO_TC","up","GO:0090079",4,0.232098494146397,0.825721381464375
"FDO_TC","up","GO:0008028",2,0.235891969467889,0.825721381464375
"FDO_TC","up","GO:0015294",3,0.239517610043793,0.825721381464375
"FDO_TC","up","GO:0015297",3,0.239517610043793,0.825721381464375
"FDO_TC","up","GO:0008375",2,0.250357472680068,0.825721381464375
"FDO_TC","up","GO:0022843",2,0.250357472680068,0.825721381464375
"FDO_TC","up","GO:0046332",2,0.250357472680068,0.825721381464375
"FDO_TC","up","GO:0051082",3,0.260436558785395,0.825721381464375
"FDO_TC","up","GO:1990756",2,0.264848306913529,0.825721381464375
"FDO_TC","up","GO:0008081",2,0.279341171595636,0.825721381464375
"FDO_TC","up","GO:0030544",2,0.279341171595636,0.825721381464375
"FDO_TC","up","GO:0005506",3,0.281583968600937,0.825721381464375
"FDO_TC","up","GO:0019903",3,0.292218472424996,0.825721381464375
"FDO_TC","up","GO:0019901",9,0.304409178676544,0.825721381464375
"FDO_TC","up","GO:0140677",10,0.304968309269312,0.825721381464375
"FDO_TC","up","GO:0019888",2,0.308248390825974,0.825721381464375
"FDO_TC","up","GO:0048018",2,0.308248390825974,0.825721381464375
"FDO_TC","up","GO:0051219",2,0.308248390825974,0.825721381464375
"FDO_TC","up","GO:0001228",4,0.318499260446851,0.825721381464375
"FDO_TC","up","GO:0001221",2,0.322624455109222,0.825721381464375
"FDO_TC","up","GO:0030276",2,0.322624455109222,0.825721381464375
"FDO_TC","up","GO:0000030",1,0.325183948068808,0.825721381464375
"FDO_TC","up","GO:0001223",1,0.325183948068808,0.825721381464375
"FDO_TC","up","GO:0001540",1,0.325183948068808,0.825721381464375
"FDO_TC","up","GO:0003756",1,0.325183948068808,0.825721381464375
"FDO_TC","up","GO:0004112",1,0.325183948068808,0.825721381464375
"FDO_TC","up","GO:0004114",1,0.325183948068808,0.825721381464375
"FDO_TC","up","GO:0005080",1,0.325183948068808,0.825721381464375
"FDO_TC","up","GO:0005158",1,0.325183948068808,0.825721381464375
"FDO_TC","up","GO:0008198",1,0.325183948068808,0.825721381464375
"FDO_TC","up","GO:0015101",1,0.325183948068808,0.825721381464375
"FDO_TC","up","GO:0015605",1,0.325183948068808,0.825721381464375
"FDO_TC","up","GO:0016864",1,0.325183948068808,0.825721381464375
"FDO_TC","up","GO:0047555",1,0.325183948068808,0.825721381464375
"FDO_TC","up","GO:0055106",1,0.325183948068808,0.825721381464375
"FDO_TC","up","GO:0097602",1,0.325183948068808,0.825721381464375
"FDO_TC","up","GO:0001216",4,0.327340413671901,0.825721381464375
"FDO_TC","up","GO:0046983",12,0.332196257380026,0.825721381464375
"FDO_TC","up","GO:0015370",2,0.336925787289932,0.825721381464375
"FDO_TC","up","GO:0030545",2,0.336925787289932,0.825721381464375
"FDO_TC","up","GO:0030546",2,0.336925787289932,0.825721381464375
"FDO_TC","up","GO:0052689",2,0.336925787289932,0.825721381464375
"FDO_TC","up","GO:0016788",11,0.343964982546333,0.825721381464375
"FDO_TC","up","GO:0003725",2,0.351136851161086,0.825721381464375
"FDO_TC","up","GO:0005244",2,0.351136851161086,0.825721381464375
"FDO_TC","up","GO:0005539",2,0.351136851161086,0.825721381464375
"FDO_TC","up","GO:0030145",2,0.351136851161086,0.825721381464375
"FDO_TC","up","GO:0140767",2,0.351136851161086,0.825721381464375
"FDO_TC","up","GO:0003678",1,0.351239692115443,0.825721381464375
"FDO_TC","up","GO:0003823",1,0.351239692115443,0.825721381464375
"FDO_TC","up","GO:0004653",1,0.351239692115443,0.825721381464375
"FDO_TC","up","GO:0005385",1,0.351239692115443,0.825721381464375
"FDO_TC","up","GO:0019706",1,0.351239692115443,0.825721381464375
"FDO_TC","up","GO:0019707",1,0.351239692115443,0.825721381464375
"FDO_TC","up","GO:0033293",1,0.351239692115443,0.825721381464375
"FDO_TC","up","GO:0034593",1,0.351239692115443,0.825721381464375
"FDO_TC","up","GO:0046625",1,0.351239692115443,0.825721381464375
"FDO_TC","up","GO:0051059",1,0.351239692115443,0.825721381464375
"FDO_TC","up","GO:0052742",1,0.351239692115443,0.825721381464375
"FDO_TC","up","GO:0140313",1,0.351239692115443,0.825721381464375
"FDO_TC","up","GO:0061629",4,0.36281294150286,0.826614207603475
"FDO_TC","up","GO:0022832",2,0.365243405920667,0.826614207603475
"FDO_TC","up","GO:0140104",2,0.365243405920667,0.826614207603475
"FDO_TC","up","GO:0000175",1,0.376294527341881,0.826614207603475
"FDO_TC","up","GO:0000339",1,0.376294527341881,0.826614207603475
"FDO_TC","up","GO:0001671",1,0.376294527341881,0.826614207603475
"FDO_TC","up","GO:0005231",1,0.376294527341881,0.826614207603475
"FDO_TC","up","GO:0005295",1,0.376294527341881,0.826614207603475
"FDO_TC","up","GO:0008525",1,0.376294527341881,0.826614207603475
"FDO_TC","up","GO:0015375",1,0.376294527341881,0.826614207603475
"FDO_TC","up","GO:0019955",1,0.376294527341881,0.826614207603475
"FDO_TC","up","GO:0035255",1,0.376294527341881,0.826614207603475
"FDO_TC","up","GO:0005516",4,0.380548026028456,0.830310594860158
"FDO_TC","up","GO:0020037",2,0.39309205065657,0.830310594860158
"FDO_TC","up","GO:0015187",1,0.400386705040612,0.830310594860158
"FDO_TC","up","GO:0030332",1,0.400386705040612,0.830310594860158
"FDO_TC","up","GO:0050840",1,0.400386705040612,0.830310594860158
"FDO_TC","up","GO:0099529",1,0.400386705040612,0.830310594860158
"FDO_TC","up","GO:0140326",1,0.400386705040612,0.830310594860158
"FDO_TC","up","GO:1904315",1,0.400386705040612,0.830310594860158
"FDO_TC","up","GO:0019900",9,0.420651682558178,0.830310594860158
"FDO_TC","up","GO:0001222",1,0.423553022231809,0.830310594860158
"FDO_TC","up","GO:0008376",1,0.423553022231809,0.830310594860158
"FDO_TC","up","GO:0015035",1,0.423553022231809,0.830310594860158
"FDO_TC","up","GO:0016417",1,0.423553022231809,0.830310594860158
"FDO_TC","up","GO:0016627",1,0.423553022231809,0.830310594860158
"FDO_TC","up","GO:0022824",1,0.423553022231809,0.830310594860158
"FDO_TC","up","GO:0022835",1,0.423553022231809,0.830310594860158
"FDO_TC","up","GO:0042562",1,0.423553022231809,0.830310594860158
"FDO_TC","up","GO:0043028",1,0.423553022231809,0.830310594860158
"FDO_TC","up","GO:0022853",4,0.424603020522523,0.830310594860158
"FDO_TC","up","GO:0005096",4,0.433333703296592,0.830310594860158
"FDO_TC","up","GO:0003925",1,0.445828876665606,0.830310594860158
"FDO_TC","up","GO:0005230",1,0.445828876665606,0.830310594860158
"FDO_TC","up","GO:0015036",1,0.445828876665606,0.830310594860158
"FDO_TC","up","GO:0016409",1,0.445828876665606,0.830310594860158
"FDO_TC","up","GO:0045309",1,0.445828876665606,0.830310594860158
"FDO_TC","up","GO:0050997",1,0.445828876665606,0.830310594860158
"FDO_TC","up","GO:0140938",1,0.445828876665606,0.830310594860158
"FDO_TC","up","GO:1901682",1,0.445828876665606,0.830310594860158
"FDO_TC","up","GO:0017124",2,0.447035455053967,0.830310594860158
"FDO_TC","up","GO:0046906",2,0.447035455053967,0.830310594860158
"FDO_TC","up","GO:0016741",3,0.460722570949996,0.830310594860158
"FDO_TC","up","GO:0008483",1,0.467248319755011,0.830310594860158
"FDO_TC","up","GO:0016504",1,0.467248319755011,0.830310594860158
"FDO_TC","up","GO:0016769",1,0.467248319755011,0.830310594860158
"FDO_TC","up","GO:0016831",1,0.467248319755011,0.830310594860158
"FDO_TC","up","GO:0030331",1,0.467248319755011,0.830310594860158
"FDO_TC","up","GO:0030515",1,0.467248319755011,0.830310594860158
"FDO_TC","up","GO:0035250",1,0.467248319755011,0.830310594860158
"FDO_TC","up","GO:0140828",1,0.467248319755011,0.830310594860158
"FDO_TC","up","GO:0019902",3,0.470806720657114,0.830310594860158
"FDO_TC","up","GO:0008270",12,0.471350614842209,0.830310594860158
"FDO_TC","up","GO:0051287",2,0.472995462191945,0.830310594860158
"FDO_TC","up","GO:0003727",2,0.485699695798677,0.830310594860158
"FDO_TC","up","GO:0005507",1,0.487844107516898,0.830310594860158
"FDO_TC","up","GO:0016620",1,0.487844107516898,0.830310594860158
"FDO_TC","up","GO:0098960",1,0.487844107516898,0.830310594860158
"FDO_TC","up","GO:1901505",1,0.487844107516898,0.830310594860158
"FDO_TC","up","GO:0015267",6,0.48936029130726,0.830310594860158
"FDO_TC","up","GO:0046982",3,0.490717244783748,0.830310594860158
"FDO_TC","up","GO:0106310",7,0.490823172925946,0.830310594860158
"FDO_TC","up","GO:0051015",4,0.493273497475323,0.830310594860158
"FDO_TC","up","GO:0022803",6,0.496121844228945,0.830310594860158
"FDO_TC","up","GO:0046873",6,0.496121844228945,0.830310594860158
"FDO_TC","up","GO:0016616",2,0.498213350206549,0.830310594860158
"FDO_TC","up","GO:0016773",11,0.504548552673505,0.830310594860158
"FDO_TC","up","GO:0001727",1,0.507647749595636,0.830310594860158
"FDO_TC","up","GO:0005249",1,0.507647749595636,0.830310594860158
"FDO_TC","up","GO:0016903",1,0.507647749595636,0.830310594860158
"FDO_TC","up","GO:0030374",1,0.507647749595636,0.830310594860158
"FDO_TC","up","GO:0031369",1,0.507647749595636,0.830310594860158
"FDO_TC","up","GO:0035254",1,0.507647749595636,0.830310594860158
"FDO_TC","up","GO:0046915",1,0.507647749595636,0.830310594860158
"FDO_TC","up","GO:0140030",3,0.510258704478326,0.830310594860158
"FDO_TC","up","GO:0140657",12,0.514282006923907,0.830310594860158
"FDO_TC","up","GO:0004402",1,0.526689556441145,0.830310594860158
"FDO_TC","up","GO:0004712",1,0.526689556441145,0.830310594860158
"FDO_TC","up","GO:0005283",1,0.526689556441145,0.830310594860158
"FDO_TC","up","GO:0016597",1,0.526689556441145,0.830310594860158
"FDO_TC","up","GO:0016860",1,0.526689556441145,0.830310594860158
"FDO_TC","up","GO:0016896",1,0.526689556441145,0.830310594860158
"FDO_TC","up","GO:0042826",1,0.526689556441145,0.830310594860158
"FDO_TC","up","GO:0061733",1,0.526689556441145,0.830310594860158
"FDO_TC","up","GO:0022839",3,0.538820927977308,0.833039814652551
"FDO_TC","up","GO:0004532",1,0.5449986847105,0.833039814652551
"FDO_TC","up","GO:0016278",1,0.5449986847105,0.833039814652551
"FDO_TC","up","GO:0016279",1,0.5449986847105,0.833039814652551
"FDO_TC","up","GO:0016811",1,0.5449986847105,0.833039814652551
"FDO_TC","up","GO:0048306",1,0.5449986847105,0.833039814652551
"FDO_TC","up","GO:0071949",1,0.5449986847105,0.833039814652551
"FDO_TC","up","GO:0140303",1,0.5449986847105,0.833039814652551
"FDO_TC","up","GO:0022836",3,0.548130294210989,0.834652948003097
"FDO_TC","up","GO:0002039",1,0.56260318095961,0.84105079250179
"FDO_TC","up","GO:0005416",1,0.56260318095961,0.84105079250179
"FDO_TC","up","GO:0034212",1,0.56260318095961,0.84105079250179
"FDO_TC","up","GO:0005200",2,0.569096331367455,0.84105079250179
"FDO_TC","up","GO:0016614",2,0.569096331367455,0.84105079250179
"FDO_TC","up","GO:0019904",7,0.569802664166104,0.84105079250179
"FDO_TC","up","GO:0005102",10,0.575207360864688,0.84105079250179
"FDO_TC","up","GO:0004857",3,0.575391277341942,0.84105079250179
"FDO_TC","up","GO:0004620",1,0.579530023689045,0.84105079250179
"FDO_TC","up","GO:0008201",1,0.579530023689045,0.84105079250179
"FDO_TC","up","GO:0016796",1,0.579530023689045,0.84105079250179
"FDO_TC","up","GO:0030594",1,0.579530023689045,0.84105079250179
"FDO_TC","up","GO:0042054",1,0.579530023689045,0.84105079250179
"FDO_TC","up","GO:0038023",7,0.58724164962213,0.843358013555916
"FDO_TC","up","GO:0060089",7,0.58724164962213,0.843358013555916
"FDO_TC","up","GO:0016301",11,0.591104832224065,0.843358013555916
"FDO_TC","up","GO:0004674",7,0.592978296234769,0.843358013555916
"FDO_TC","up","GO:0019003",1,0.595805163805672,0.843358013555916
"FDO_TC","up","GO:0038024",1,0.595805163805672,0.843358013555916
"FDO_TC","up","GO:0097110",1,0.595805163805672,0.843358013555916
"FDO_TC","up","GO:0000287",3,0.610115107018014,0.852809768125764
"FDO_TC","up","GO:0008408",1,0.611453563559489,0.852809768125764
"FDO_TC","up","GO:0016830",1,0.611453563559489,0.852809768125764
"FDO_TC","up","GO:0030695",6,0.617450494322904,0.852809768125764
"FDO_TC","up","GO:0060589",6,0.617450494322904,0.852809768125764
"FDO_TC","up","GO:0005319",2,0.622459659828364,0.852809768125764
"FDO_TC","up","GO:1901681",2,0.622459659828364,0.852809768125764
"FDO_TC","up","GO:0009055",1,0.626499234012798,0.852809768125764
"FDO_TC","up","GO:0016667",1,0.626499234012798,0.852809768125764
"FDO_TC","up","GO:0003712",6,0.629258044856,0.852809768125764
"FDO_TC","up","GO:0008047",6,0.629258044856,0.852809768125764
"FDO_TC","up","GO:0001227",1,0.640965271096769,0.852809768125764
"FDO_TC","up","GO:0005267",1,0.640965271096769,0.852809768125764
"FDO_TC","up","GO:0008080",1,0.640965271096769,0.852809768125764
"FDO_TC","up","GO:0008170",1,0.640965271096769,0.852809768125764
"FDO_TC","up","GO:0019838",1,0.640965271096769,0.852809768125764
"FDO_TC","up","GO:0015085",2,0.642338504670506,0.852809768125764
"FDO_TC","up","GO:0140098",6,0.652236842673959,0.852809768125764
"FDO_TC","up","GO:0001217",1,0.654873890308351,0.852809768125764
"FDO_TC","up","GO:0005178",1,0.654873890308351,0.852809768125764
"FDO_TC","up","GO:0016298",1,0.654873890308351,0.852809768125764
"FDO_TC","up","GO:0051117",1,0.654873890308351,0.852809768125764
"FDO_TC","up","GO:0008324",7,0.658538643191589,0.852809768125764
"FDO_TC","up","GO:0042802",17,0.661815780591695,0.852809768125764
"FDO_TC","up","GO:0008289",9,0.666345495526522,0.852809768125764
"FDO_TC","up","GO:0004497",1,0.668246460098546,0.852809768125764
"FDO_TC","up","GO:0005548",1,0.668246460098546,0.852809768125764
"FDO_TC","up","GO:0008276",1,0.668246460098546,0.852809768125764
"FDO_TC","up","GO:0019905",1,0.668246460098546,0.852809768125764
"FDO_TC","up","GO:0030170",1,0.668246460098546,0.852809768125764
"FDO_TC","up","GO:0070279",1,0.668246460098546,0.852809768125764
"FDO_TC","up","GO:0008168",2,0.670605258254254,0.853111752589273
"FDO_TC","up","GO:1901702",6,0.679721646707692,0.858318560089209
"FDO_TC","up","GO:0017022",1,0.681103534001138,0.858318560089209
"FDO_TC","up","GO:0030971",1,0.681103534001138,0.858318560089209
"FDO_TC","up","GO:0016810",1,0.693464881549136,0.871165257446102
"FDO_TC","up","GO:0015081",2,0.697046963260534,0.872937318475809
"FDO_TC","up","GO:0004672",8,0.702149516562304,0.875150563203374
"FDO_TC","up","GO:0015318",7,0.703359795100169,0.875150563203374
"FDO_TC","up","GO:0022890",6,0.705782549241933,0.875150563203374
"FDO_TC","up","GO:0004527",1,0.716775733084551,0.875150563203374
"FDO_TC","up","GO:0016779",2,0.721717714444963,0.875150563203374
"FDO_TC","up","GO:0050839",3,0.72288975628663,0.875150563203374
"FDO_TC","up","GO:0005126",1,0.727761118308422,0.875150563203374
"FDO_TC","up","GO:1990782",1,0.727761118308422,0.875150563203374
"FDO_TC","up","GO:0019887",2,0.729558683000834,0.875150563203374
"FDO_TC","up","GO:0003729",5,0.736330252068999,0.875150563203374
"FDO_TC","up","GO:0008509",1,0.738322593702152,0.875150563203374
"FDO_TC","up","GO:0016410",1,0.738322593702152,0.875150563203374
"FDO_TC","up","GO:0016922",1,0.738322593702152,0.875150563203374
"FDO_TC","up","GO:0099094",1,0.738322593702152,0.875150563203374
"FDO_TC","up","GO:0042803",6,0.739820100664294,0.875150563203374
"FDO_TC","up","GO:0004722",1,0.748476433203493,0.875150563203374
"FDO_TC","up","GO:0016407",1,0.748476433203493,0.875150563203374
"FDO_TC","up","GO:0016887",7,0.752701535311359,0.875150563203374
"FDO_TC","up","GO:0030234",12,0.756964214643436,0.875150563203374
"FDO_TC","up","GO:0019843",1,0.758238289222845,0.875150563203374
"FDO_TC","up","GO:0035591",1,0.758238289222845,0.875150563203374
"FDO_TC","up","GO:0043178",1,0.758238289222845,0.875150563203374
"FDO_TC","up","GO:0016772",12,0.760271269542183,0.875150563203374
"FDO_TC","up","GO:0005261",3,0.760301150187265,0.875150563203374
"FDO_TC","up","GO:0016853",2,0.766012507818615,0.875150563203374
"FDO_TC","up","GO:0003730",1,0.767623216256937,0.875150563203374
"FDO_TC","up","GO:0015079",1,0.767623216256937,0.875150563203374
"FDO_TC","up","GO:0015103",1,0.767623216256937,0.875150563203374
"FDO_TC","up","GO:0015276",1,0.767623216256937,0.875150563203374
"FDO_TC","up","GO:0022834",1,0.767623216256937,0.875150563203374
"FDO_TC","up","GO:0001664",1,0.776645693610034,0.875150563203374
"FDO_TC","up","GO:0004222",1,0.776645693610034,0.875150563203374
"FDO_TC","up","GO:0008094",1,0.776645693610034,0.875150563203374
"FDO_TC","up","GO:0015075",7,0.777049952682499,0.875150563203374
"FDO_TC","up","GO:0031267",3,0.777430032721491,0.875150563203374
"FDO_TC","up","GO:0003779",5,0.77924849232732,0.875150563203374
"FDO_TC","up","GO:0140993",2,0.779362939370169,0.875150563203374
"FDO_TC","up","GO:0004843",1,0.785319647256246,0.879383003334292
"FDO_TC","up","GO:0030674",5,0.792311287938939,0.884747604865149
"FDO_TC","up","GO:0019207",2,0.79814318620763,0.888791027300463
"FDO_TC","up","GO:0004197",1,0.8016750460923,0.890257924113549
"FDO_TC","up","GO:0101005",1,0.80938176195312,0.891964580581295
"FDO_TC","up","GO:0008234",2,0.809868338089981,0.891964580581295
"FDO_TC","up","GO:0016747",2,0.809868338089981,0.891964580581295
"FDO_TC","up","GO:0015078",1,0.816790533661372,0.894686088642702
"FDO_TC","up","GO:0043022",1,0.816790533661372,0.894686088642702
"FDO_TC","up","GO:0051020",3,0.822887148959811,0.897596080987074
"FDO_TC","up","GO:0061134",1,0.823912820607539,0.897596080987074
"FDO_TC","up","GO:0008757",1,0.83075964371525,0.899615102098754
"FDO_TC","up","GO:0016829",2,0.831520056215358,0.899615102098754
"FDO_TC","up","GO:0004888",3,0.836183799801719,0.899615102098754
"FDO_TC","up","GO:0005085",2,0.836575945869656,0.899615102098754
"FDO_TC","up","GO:0004540",1,0.843668889281667,0.899615102098754
"FDO_TC","up","GO:0005262",1,0.843668889281667,0.899615102098754
"FDO_TC","up","GO:0008236",1,0.843668889281667,0.899615102098754
"FDO_TC","up","GO:0019783",1,0.843668889281667,0.899615102098754
"FDO_TC","up","GO:0017171",1,0.849751308324517,0.902971937018842
"FDO_TC","up","GO:0140640",7,0.851309363507814,0.902971937018842
"FDO_TC","up","GO:0000149",1,0.855598287011122,0.905132924680187
"FDO_TC","up","GO:0005198",6,0.862672123432354,0.910220980629413
"FDO_TC","up","GO:0004553",1,0.866621842559485,0.911994713897678
"FDO_TC","up","GO:0005216",3,0.871053898965571,0.912681876601636
"FDO_TC","up","GO:0045296",1,0.871815523917981,0.912681876601636
"FDO_TC","up","GO:0005509",7,0.875354575306117,0.914006595514439
"FDO_TC","up","GO:0005543",4,0.887012239021471,0.923779585716662
"FDO_TC","up","GO:0060090",5,0.89928683035995,0.934142909056072
"FDO_TC","up","GO:0035091",2,0.912723806904353,0.94565714014317
"FDO_TC","up","GO:0003735",2,0.91548634478808,0.946081004125471
"FDO_TC","up","GO:0004518",1,0.937378493522162,0.963749755488258
"FDO_TC","up","GO:0008237",1,0.937378493522162,0.963749755488258
"FDO_TC","up","GO:0016798",1,0.944440790326054,0.967965916265897
"FDO_TC","up","GO:0140097",1,0.946614142681173,0.967965916265897
"FDO_TC","up","GO:0043021",1,0.948702912957123,0.967965916265897
"FDO_TC","up","GO:0004175",2,0.960359023358565,0.977378044025679
"FDO_TC","up","GO:0008233",4,0.964670378997283,0.979286596860878
"FDO_TC","up","GO:0003713",1,0.972944552281579,0.98272288949044
"FDO_TC","up","GO:0042393",1,0.972944552281579,0.98272288949044
"FDO_TC","up","GO:0008092",8,0.978096091921326,0.985269122607377
"FDO_TC","up","GO:0004386",1,0.980367286176495,0.985269122607377
"FDO_TC","up","GO:0016746",3,0.997648838586662,0.99893167947698
"FDO_TC","up","GO:0016755",1,0.99893167947698,0.99893167947698
"FDO_TC","down","GO:0003777",17,2.3750668140477e-13,4.34236014791719e-11
"FDO_TC","down","GO:0008569",12,2.58473818328404e-13,4.34236014791719e-11
"FDO_TC","down","GO:0045505",14,1.16582911727832e-12,1.30572861135171e-10
"FDO_TC","down","GO:0015631",29,1.68412018835853e-12,1.41466095822117e-10
"FDO_TC","down","GO:0003774",19,2.5713449519028e-12,1.72794380767868e-10
"FDO_TC","down","GO:0051959",12,3.66809145391087e-12,2.05413121419009e-10
"FDO_TC","down","GO:0008017",21,1.52593549081912e-09,7.32449035593179e-08
"FDO_TC","down","GO:0008092",38,6.86228199482422e-08,2.88215843782617e-06
"FDO_TC","down","GO:0140657",31,1.78439720544913e-06,6.66174956701009e-05
"FDO_TC","down","GO:0005509",26,1.45566861206365e-05,0.000489104653653387
"FDO_TC","down","GO:0070840",6,2.57137082144847e-05,0.000782125273884727
"FDO_TC","down","GO:0016887",23,2.79330454958831e-05,0.000782125273884727
"FDO_TC","down","GO:0016881",5,4.26046058877476e-05,0.00110116519832948
"FDO_TC","down","GO:0070403",5,0.000166776433515813,0.00400263440437951
"FDO_TC","down","GO:0004550",4,0.000482850054608745,0.0108158412232359
"FDO_TC","down","GO:0016879",5,0.00105484083485371,0.0221516575319279
"FDO_TC","down","GO:0016763",6,0.00140837775230597,0.0276463607470145
"FDO_TC","down","GO:0016462",27,0.00164561671113182,0.0276463607470145
"FDO_TC","down","GO:0016817",27,0.00164561671113182,0.0276463607470145
"FDO_TC","down","GO:0016818",27,0.00164561671113182,0.0276463607470145
"FDO_TC","down","GO:0034185",4,0.0020206335525477,0.0289778756146885
"FDO_TC","down","GO:0003950",5,0.00206984825819204,0.0289778756146885
"FDO_TC","down","GO:0038024",5,0.00206984825819204,0.0289778756146885
"FDO_TC","down","GO:1990404",5,0.00206984825819204,0.0289778756146885
"FDO_TC","down","GO:0017111",26,0.00222019063400135,0.0298393621209782
"FDO_TC","down","GO:0016776",4,0.00344325858477607,0.0444860763663947
"FDO_TC","down","GO:0005200",7,0.00357477399372815,0.0444860763663947
"FDO_TC","down","GO:0051287",6,0.00610801511707423,0.0732961814048908
"FDO_TC","down","GO:0019205",4,0.00805595928881615,0.0933380110704216
"FDO_TC","down","GO:0045504",3,0.00889468273552783,0.0996204466379117
"FDO_TC","down","GO:0016874",8,0.0105272475696094,0.114101780109315
"FDO_TC","down","GO:0030544",4,0.0233213737745785,0.244874424633074
"FDO_TC","down","GO:0070628",3,0.0259442674180366,0.264159813710918
"FDO_TC","down","GO:0016810",4,0.0331058303647342,0.32716350007502
"FDO_TC","down","GO:0072341",4,0.0368252117704949,0.353522032996751
"FDO_TC","down","GO:0043014",3,0.0410248625538393,0.382898717169167
"FDO_TC","down","GO:0140303",3,0.0468429043064905,0.419381617854598
"FDO_TC","down","GO:0005516",7,0.0481729338192418,0.419381617854598
"FDO_TC","down","GO:0099094",4,0.04937107757805,0.419381617854598
"FDO_TC","down","GO:0016779",6,0.0499263830779284,0.419381617854598
"FDO_TC","down","GO:0008320",2,0.0611218625352674,0.461067457299945
"FDO_TC","down","GO:0015101",2,0.0611218625352674,0.461067457299945
"FDO_TC","down","GO:0046624",2,0.0611218625352674,0.461067457299945
"FDO_TC","down","GO:0015276",4,0.0639859588618509,0.461067457299945
"FDO_TC","down","GO:0022834",4,0.0639859588618509,0.461067457299945
"FDO_TC","down","GO:0016757",9,0.0658877699905445,0.461067457299945
"FDO_TC","down","GO:0001786",3,0.0665555404230157,0.461067457299945
"FDO_TC","down","GO:0005544",3,0.0665555404230157,0.461067457299945
"FDO_TC","down","GO:0016772",21,0.0721442325712643,0.461067457299945
"FDO_TC","down","GO:0005385",2,0.0727279024907651,0.461067457299945
"FDO_TC","down","GO:0015248",2,0.0727279024907651,0.461067457299945
"FDO_TC","down","GO:0022884",2,0.0727279024907651,0.461067457299945
"FDO_TC","down","GO:0120015",2,0.0727279024907651,0.461067457299945
"FDO_TC","down","GO:0005543",11,0.0768784398129783,0.478354736614087
"FDO_TC","down","GO:0015085",5,0.0792088593594723,0.483894122632413
"FDO_TC","down","GO:0008525",2,0.0849726561077413,0.509835936646448
"FDO_TC","down","GO:0051117",3,0.0976835710860409,0.556873848406428
"FDO_TC","down","GO:0005547",2,0.0977843959999382,0.556873848406428
"FDO_TC","down","GO:0140326",2,0.0977843959999382,0.556873848406428
"FDO_TC","down","GO:0005548",3,0.106242886822749,0.574281737084259
"FDO_TC","down","GO:0019905",3,0.106242886822749,0.574281737084259
"FDO_TC","down","GO:1901702",11,0.108705868566226,0.574281737084259
"FDO_TC","down","GO:0030551",2,0.111096169376419,0.574281737084259
"FDO_TC","down","GO:0031491",2,0.111096169376419,0.574281737084259
"FDO_TC","down","GO:0140318",2,0.111096169376419,0.574281737084259
"FDO_TC","down","GO:0017022",3,0.115084377803524,0.585884105181575
"FDO_TC","down","GO:0005217",2,0.124845529547899,0.607943448233248
"FDO_TC","down","GO:0050997",2,0.124845529547899,0.607943448233248
"FDO_TC","down","GO:0099604",2,0.124845529547899,0.607943448233248
"FDO_TC","down","GO:0005262",4,0.126659428600313,0.607965257281503
"FDO_TC","down","GO:0003725",3,0.14315169423679,0.668041239771687
"FDO_TC","down","GO:0030145",3,0.14315169423679,0.668041239771687
"FDO_TC","down","GO:0046873",9,0.146704152107774,0.675241028879618
"FDO_TC","down","GO:0003779",10,0.149426063250746,0.678475098003385
"FDO_TC","down","GO:0046914",20,0.156205091781855,0.699798811182709
"FDO_TC","down","GO:0016799",2,0.168156999449909,0.724368613014991
"FDO_TC","down","GO:0046915",2,0.168156999449909,0.724368613014991
"FDO_TC","down","GO:0140359",2,0.168156999449909,0.724368613014991
"FDO_TC","down","GO:0020037",3,0.173213976667719,0.736707546333591
"FDO_TC","down","GO:0000146",2,0.183113721437681,0.752342293496642
"FDO_TC","down","GO:0016597",2,0.183113721437681,0.752342293496642
"FDO_TC","down","GO:0043178",3,0.183607345436681,0.752342293496642
"FDO_TC","down","GO:0031072",4,0.198169898053732,0.774577374914249
"FDO_TC","down","GO:0005272",2,0.198254923341147,0.774577374914249
"FDO_TC","down","GO:0016811",2,0.198254923341147,0.774577374914249
"FDO_TC","down","GO:0048306",2,0.198254923341147,0.774577374914249
"FDO_TC","down","GO:0046906",3,0.215698064516164,0.833040800890014
"FDO_TC","down","GO:0004386",6,0.222509372100654,0.84144858329509
"FDO_TC","down","GO:0008238",3,0.226650725111945,0.84144858329509
"FDO_TC","down","GO:0008201",2,0.228932471114173,0.84144858329509
"FDO_TC","down","GO:0015485",2,0.228932471114173,0.84144858329509
"FDO_TC","down","GO:0016301",15,0.232736332673183,0.84144858329509
"FDO_TC","down","GO:0051087",4,0.242225951148556,0.84144858329509
"FDO_TC","down","GO:0005261",6,0.24291967274098,0.84144858329509
"FDO_TC","down","GO:0004812",2,0.244396940703807,0.84144858329509
"FDO_TC","down","GO:0016875",2,0.244396940703807,0.84144858329509
"FDO_TC","down","GO:0004674",10,0.245951506813637,0.84144858329509
"FDO_TC","down","GO:0015267",8,0.247114544904449,0.84144858329509
"FDO_TC","down","GO:0003714",4,0.251301024088848,0.84144858329509
"FDO_TC","down","GO:0015081",4,0.251301024088848,0.84144858329509
"FDO_TC","down","GO:0022803",8,0.252935437240488,0.84144858329509
"FDO_TC","down","GO:0005216",7,0.261863602046686,0.860755956623733
"FDO_TC","down","GO:0031267",6,0.263862689084061,0.860755956623733
"FDO_TC","down","GO:0106310",9,0.271667061457219,0.873021897615278
"FDO_TC","down","GO:0008235",2,0.275417622461963,0.873021897615278
"FDO_TC","down","GO:0008375",2,0.275417622461963,0.873021897615278
"FDO_TC","down","GO:0022857",17,0.296461129056308,0.877303584911249
"FDO_TC","down","GO:0008236",3,0.305526137840267,0.877303584911249
"FDO_TC","down","GO:0120013",2,0.306376033168984,0.877303584911249
"FDO_TC","down","GO:0017171",3,0.316961959178815,0.877303584911249
"FDO_TC","down","GO:0004497",2,0.321770890580233,0.877303584911249
"FDO_TC","down","GO:0015108",2,0.321770890580233,0.877303584911249
"FDO_TC","down","GO:0000149",3,0.328405911248113,0.877303584911249
"FDO_TC","down","GO:0022890",9,0.328914163167661,0.877303584911249
"FDO_TC","down","GO:0051020",6,0.32906221838958,0.877303584911249
"FDO_TC","down","GO:0008270",14,0.334311332364108,0.877303584911249
"FDO_TC","down","GO:0000030",1,0.343670905251859,0.877303584911249
"FDO_TC","down","GO:0001223",1,0.343670905251859,0.877303584911249
"FDO_TC","down","GO:0015929",1,0.343670905251859,0.877303584911249
"FDO_TC","down","GO:0016701",1,0.343670905251859,0.877303584911249
"FDO_TC","down","GO:0030507",1,0.343670905251859,0.877303584911249
"FDO_TC","down","GO:0043015",1,0.343670905251859,0.877303584911249
"FDO_TC","down","GO:0051010",1,0.343670905251859,0.877303584911249
"FDO_TC","down","GO:0051015",5,0.34538177640627,0.877303584911249
"FDO_TC","down","GO:0004888",6,0.3513118548158,0.877303584911249
"FDO_TC","down","GO:0016798",4,0.354360885920982,0.877303584911249
"FDO_TC","down","GO:0022839",4,0.354360885920982,0.877303584911249
"FDO_TC","down","GO:0015318",10,0.358982817115911,0.877303584911249
"FDO_TC","down","GO:0015399",3,0.36268616906445,0.877303584911249
"FDO_TC","down","GO:0022836",4,0.363857319563734,0.877303584911249
"FDO_TC","down","GO:0038023",9,0.364333635376894,0.877303584911249
"FDO_TC","down","GO:0060089",9,0.364333635376894,0.877303584911249
"FDO_TC","down","GO:0015370",2,0.367372338259794,0.877303584911249
"FDO_TC","down","GO:0032934",2,0.367372338259794,0.877303584911249
"FDO_TC","down","GO:0008289",12,0.369046111241081,0.877303584911249
"FDO_TC","down","GO:0004864",1,0.370765205527968,0.877303584911249
"FDO_TC","down","GO:0019212",1,0.370765205527968,0.877303584911249
"FDO_TC","down","GO:0022829",1,0.370765205527968,0.877303584911249
"FDO_TC","down","GO:0042813",1,0.370765205527968,0.877303584911249
"FDO_TC","down","GO:0046625",1,0.370765205527968,0.877303584911249
"FDO_TC","down","GO:0051059",1,0.370765205527968,0.877303584911249
"FDO_TC","down","GO:0070006",1,0.370765205527968,0.877303584911249
"FDO_TC","down","GO:0005539",2,0.382320381194661,0.895512409635629
"FDO_TC","down","GO:0005319",3,0.385403617868747,0.895512409635629
"FDO_TC","down","GO:0004693",1,0.396746346384352,0.895512409635629
"FDO_TC","down","GO:0017147",1,0.396746346384352,0.895512409635629
"FDO_TC","down","GO:0097472",1,0.396746346384352,0.895512409635629
"FDO_TC","down","GO:1901618",1,0.396746346384352,0.895512409635629
"FDO_TC","down","GO:0002020",2,0.397117110225324,0.895512409635629
"FDO_TC","down","GO:0008509",2,0.411749624112945,0.916211084118872
"FDO_TC","down","GO:1902936",2,0.411749624112945,0.916211084118872
"FDO_TC","down","GO:0008093",1,0.42165984224972,0.919985110363026
"FDO_TC","down","GO:0015026",1,0.42165984224972,0.919985110363026
"FDO_TC","down","GO:0016877",1,0.42165984224972,0.919985110363026
"FDO_TC","down","GO:0015171",2,0.426206330018716,0.92390533475025
"FDO_TC","down","GO:0008324",9,0.442094391800187,0.935106543962008
"FDO_TC","down","GO:0008374",1,0.445549355547667,0.935106543962008
"FDO_TC","down","GO:0015453",1,0.445549355547667,0.935106543962008
"FDO_TC","down","GO:0072349",1,0.445549355547667,0.935106543962008
"FDO_TC","down","GO:0004252",2,0.454551983372666,0.935106543962008
"FDO_TC","down","GO:0005496",2,0.454551983372666,0.935106543962008
"FDO_TC","down","GO:0015103",2,0.454551983372666,0.935106543962008
"FDO_TC","down","GO:0015075",10,0.455121363798342,0.935106543962008
"FDO_TC","down","GO:0005215",17,0.458251532008788,0.935106543962008
"FDO_TC","down","GO:0042626",2,0.468423545703176,0.935106543962008
"FDO_TC","down","GO:0016409",1,0.468456771690507,0.935106543962008
"FDO_TC","down","GO:0042910",1,0.468456771690507,0.935106543962008
"FDO_TC","down","GO:1901682",1,0.468456771690507,0.935106543962008
"FDO_TC","down","GO:0003724",3,0.473819761720867,0.935106543962008
"FDO_TC","down","GO:0008186",3,0.473819761720867,0.935106543962008
"FDO_TC","down","GO:0004180",1,0.490422271051158,0.935106543962008
"FDO_TC","down","GO:0005254",1,0.490422271051158,0.935106543962008
"FDO_TC","down","GO:0048487",1,0.490422271051158,0.935106543962008
"FDO_TC","down","GO:0140828",1,0.490422271051158,0.935106543962008
"FDO_TC","down","GO:1901981",3,0.495053776530213,0.935106543962008
"FDO_TC","down","GO:0008233",9,0.495478751828246,0.935106543962008
"FDO_TC","down","GO:0004197",2,0.508749805939774,0.935106543962008
"FDO_TC","down","GO:0044325",2,0.508749805939774,0.935106543962008
"FDO_TC","down","GO:0004860",1,0.511484398034238,0.935106543962008
"FDO_TC","down","GO:0005507",1,0.511484398034238,0.935106543962008
"FDO_TC","down","GO:0031593",1,0.511484398034238,0.935106543962008
"FDO_TC","down","GO:0070566",1,0.511484398034238,0.935106543962008
"FDO_TC","down","GO:0004672",10,0.516585175383219,0.935106543962008
"FDO_TC","down","GO:0003727",2,0.521744457462369,0.935106543962008
"FDO_TC","down","GO:0022804",7,0.524307651845537,0.935106543962008
"FDO_TC","down","GO:0001727",1,0.531680127362728,0.935106543962008
"FDO_TC","down","GO:0003684",1,0.531680127362728,0.935106543962008
"FDO_TC","down","GO:0004177",1,0.531680127362728,0.935106543962008
"FDO_TC","down","GO:0019210",1,0.531680127362728,0.935106543962008
"FDO_TC","down","GO:0031369",1,0.531680127362728,0.935106543962008
"FDO_TC","down","GO:0140101",2,0.534508396701039,0.935106543962008
"FDO_TC","down","GO:0015294",2,0.547038501316905,0.935106543962008
"FDO_TC","down","GO:0015297",2,0.547038501316905,0.935106543962008
"FDO_TC","down","GO:0004712",1,0.551044927691897,0.935106543962008
"FDO_TC","down","GO:0004714",1,0.551044927691897,0.935106543962008
"FDO_TC","down","GO:0005283",1,0.551044927691897,0.935106543962008
"FDO_TC","down","GO:0008013",1,0.551044927691897,0.935106543962008
"FDO_TC","down","GO:0032266",1,0.551044927691897,0.935106543962008
"FDO_TC","down","GO:0008237",3,0.556051513595252,0.938860847075401
"FDO_TC","down","GO:0005253",1,0.569612822657726,0.952188599069632
"FDO_TC","down","GO:0099106",1,0.569612822657726,0.952188599069632
"FDO_TC","down","GO:0019001",8,0.581133729093542,0.956913897707306
"FDO_TC","down","GO:0032561",8,0.581133729093542,0.956913897707306
"FDO_TC","down","GO:0005416",1,0.587416449462788,0.956913897707306
"FDO_TC","down","GO:0016247",1,0.587416449462788,0.956913897707306
"FDO_TC","down","GO:0140658",1,0.587416449462788,0.956913897707306
"FDO_TC","down","GO:0005506",2,0.594779710167632,0.956913897707306
"FDO_TC","down","GO:0004601",1,0.604487115098437,0.956913897707306
"FDO_TC","down","GO:0004620",1,0.604487115098437,0.956913897707306
"FDO_TC","down","GO:0004879",1,0.604487115098437,0.956913897707306
"FDO_TC","down","GO:0098531",1,0.604487115098437,0.956913897707306
"FDO_TC","down","GO:0004175",5,0.606241790939473,0.956913897707306
"FDO_TC","down","GO:0035091",4,0.61974595019839,0.956913897707306
"FDO_TC","down","GO:0005343",1,0.620854850298193,0.956913897707306
"FDO_TC","down","GO:0016684",1,0.620854850298193,0.956913897707306
"FDO_TC","down","GO:0019003",1,0.620854850298193,0.956913897707306
"FDO_TC","down","GO:0019199",1,0.620854850298193,0.956913897707306
"FDO_TC","down","GO:0097110",1,0.620854850298193,0.956913897707306
"FDO_TC","down","GO:0031406",2,0.628063575175002,0.959224369358185
"FDO_TC","down","GO:0043177",2,0.628063575175002,0.959224369358185
"FDO_TC","down","GO:0008028",1,0.636548461313444,0.963424698204132
"FDO_TC","down","GO:0008408",1,0.636548461313444,0.963424698204132
"FDO_TC","down","GO:0016651",1,0.651595579598923,0.972971005136261
"FDO_TC","down","GO:0000287",3,0.655694362500451,0.972971005136261
"FDO_TC","down","GO:1901681",2,0.659196168227769,0.972971005136261
"FDO_TC","down","GO:0005102",10,0.660791752269961,0.972971005136261
"FDO_TC","down","GO:0005525",7,0.663710550909433,0.972971005136261
"FDO_TC","down","GO:0000049",1,0.679855273965881,0.972971005136261
"FDO_TC","down","GO:0005178",1,0.679855273965881,0.972971005136261
"FDO_TC","down","GO:0005546",1,0.679855273965881,0.972971005136261
"FDO_TC","down","GO:0008081",1,0.679855273965881,0.972971005136261
"FDO_TC","down","GO:0016298",1,0.679855273965881,0.972971005136261
"FDO_TC","down","GO:0016836",1,0.679855273965881,0.972971005136261
"FDO_TC","down","GO:0015291",4,0.685106635599741,0.972971005136261
"FDO_TC","down","GO:0061630",4,0.691861950294996,0.972971005136261
"FDO_TC","down","GO:0030165",1,0.69311765853572,0.972971005136261
"FDO_TC","down","GO:0003712",6,0.693222057288222,0.972971005136261
"FDO_TC","down","GO:0022853",3,0.695373143677951,0.972971005136261
"FDO_TC","down","GO:0005198",8,0.698843659174947,0.972971005136261
"FDO_TC","down","GO:0140640",9,0.702309616583035,0.972971005136261
"FDO_TC","down","GO:0019888",1,0.705833253389218,0.972971005136261
"FDO_TC","down","GO:0048018",1,0.705833253389218,0.972971005136261
"FDO_TC","down","GO:0016773",10,0.714580959377734,0.972971005136261
"FDO_TC","down","GO:0016755",6,0.714964366531105,0.972971005136261
"FDO_TC","down","GO:0001221",1,0.718024493815768,0.972971005136261
"FDO_TC","down","GO:0030276",1,0.718024493815768,0.972971005136261
"FDO_TC","down","GO:0015293",2,0.723734022327682,0.972971005136261
"FDO_TC","down","GO:0016209",1,0.729712899000967,0.972971005136261
"FDO_TC","down","GO:0030545",1,0.729712899000967,0.972971005136261
"FDO_TC","down","GO:0030546",1,0.729712899000967,0.972971005136261
"FDO_TC","down","GO:0061659",4,0.730239416155693,0.972971005136261
"FDO_TC","down","GO:0008194",2,0.732064497681242,0.972971005136261
"FDO_TC","down","GO:0016758",3,0.738335309662883,0.972971005136261
"FDO_TC","down","GO:0004527",1,0.740919109252784,0.972971005136261
"FDO_TC","down","GO:0019208",1,0.740919109252784,0.972971005136261
"FDO_TC","down","GO:0140678",3,0.745011829925468,0.972971005136261
"FDO_TC","down","GO:0004713",2,0.74808910156503,0.972971005136261
"FDO_TC","down","GO:0004930",1,0.751662921722392,0.972971005136261
"FDO_TC","down","GO:0016835",1,0.751662921722392,0.972971005136261
"FDO_TC","down","GO:0005342",2,0.75578997720406,0.972971005136261
"FDO_TC","down","GO:0046943",2,0.75578997720406,0.972971005136261
"FDO_TC","down","GO:0019902",2,0.763287868023213,0.97887299105267
"FDO_TC","down","GO:0004722",1,0.771838530405593,0.986075080670263
"FDO_TC","down","GO:0051213",1,0.78130600674508,0.992918454510274
"FDO_TC","down","GO:0004842",5,0.783105328706019,0.992918454510274
"FDO_TC","down","GO:0140030",2,0.791321454064285,0.998112482975418
"FDO_TC","down","GO:0001664",1,0.799084100953534,0.998112482975418
"FDO_TC","down","GO:0004222",1,0.799084100953534,0.998112482975418
"FDO_TC","down","GO:0008094",1,0.799084100953534,0.998112482975418
"FDO_TC","down","GO:0017124",1,0.80742619880694,0.999119017262077
"FDO_TC","down","GO:0140993",2,0.810393720821687,0.999119017262077
"FDO_TC","down","GO:0000978",6,0.811607085570068,0.999119017262077
"FDO_TC","down","GO:0140097",2,0.816399002172312,0.999119017262077
"FDO_TC","down","GO:0019787",5,0.818254772636418,0.999119017262077
"FDO_TC","down","GO:0050660",1,0.830440327949614,0.999119017262077
"FDO_TC","down","GO:0003690",9,0.831775697537265,0.999119017262077
"FDO_TC","down","GO:0000977",7,0.832065736068635,0.999119017262077
"FDO_TC","down","GO:0004857",2,0.833410583778179,0.999119017262077
"FDO_TC","down","GO:0000987",6,0.833983927336163,0.999119017262077
"FDO_TC","down","GO:0016746",8,0.834640408797483,0.999119017262077
"FDO_TC","down","GO:0008234",2,0.838758689072274,0.999119017262077
"FDO_TC","down","GO:0016747",2,0.838758689072274,0.999119017262077
"FDO_TC","down","GO:0140098",5,0.841519886562999,0.999119017262077
"FDO_TC","down","GO:1990837",8,0.858445424338118,0.999311788874123
"FDO_TC","down","GO:0008514",2,0.867715798970928,0.999311788874123
"FDO_TC","down","GO:0016491",8,0.86928084165806,0.999311788874123
"FDO_TC","down","GO:0019903",1,0.874045953725459,0.999311788874123
"FDO_TC","down","GO:0005096",2,0.880339117377682,0.999311788874123
"FDO_TC","down","GO:0004553",1,0.884311998515351,0.999311788874123
"FDO_TC","down","GO:0043565",9,0.884797815909223,0.999311788874123
"FDO_TC","down","GO:0140110",12,0.89134191170149,0.999311788874123
"FDO_TC","down","GO:0042802",15,0.892747806082061,0.999311788874123
"FDO_TC","down","GO:0003713",2,0.895449425062126,0.999311788874123
"FDO_TC","down","GO:0033218",2,0.902323905231706,0.999311788874123
"FDO_TC","down","GO:0000976",7,0.90523975291761,0.999311788874123
"FDO_TC","down","GO:0016705",1,0.906478727396971,0.999311788874123
"FDO_TC","down","GO:0001067",7,0.907330738057922,0.999311788874123
"FDO_TC","down","GO:0003700",6,0.911823785326108,0.999311788874123
"FDO_TC","down","GO:0003924",3,0.922597929621026,0.999311788874123
"FDO_TC","down","GO:0000981",5,0.924035595298352,0.999311788874123
"FDO_TC","down","GO:0019842",1,0.927568463364032,0.999311788874123
"FDO_TC","down","GO:0016741",1,0.936264209221083,0.999311788874123
"FDO_TC","down","GO:0019887",1,0.93892538370105,0.999311788874123
"FDO_TC","down","GO:0042277",1,0.93892538370105,0.999311788874123
"FDO_TC","down","GO:0046982",1,0.94392055748072,0.999311788874123
"FDO_TC","down","GO:0004518",1,0.948509051971855,0.999311788874123
"FDO_TC","down","GO:0019904",4,0.950484616853938,0.999311788874123
"FDO_TC","down","GO:0042803",4,0.955927998801165,0.999311788874123
"FDO_TC","down","GO:0001228",1,0.956595174547127,0.999311788874123
"FDO_TC","down","GO:0019901",4,0.957200346046752,0.999311788874123
"FDO_TC","down","GO:0001216",1,0.958410860273668,0.999311788874123
"FDO_TC","down","GO:0004721",1,0.958410860273668,0.999311788874123
"FDO_TC","down","GO:0043021",1,0.958410860273668,0.999311788874123
"FDO_TC","down","GO:0019207",1,0.960150955420419,0.999311788874123
"FDO_TC","down","GO:0061629",1,0.964948376015232,0.999311788874123
"FDO_TC","down","GO:0046983",6,0.968717357123488,0.999311788874123
"FDO_TC","down","GO:0016829",1,0.969170761787591,0.999311788874123
"FDO_TC","down","GO:0140297",2,0.96949889555247,0.999311788874123
"FDO_TC","down","GO:0030695",3,0.970016722447219,0.999311788874123
"FDO_TC","down","GO:0060589",3,0.970016722447219,0.999311788874123
"FDO_TC","down","GO:0005085",1,0.970462543501307,0.999311788874123
"FDO_TC","down","GO:0008134",3,0.971915813437962,0.999311788874123
"FDO_TC","down","GO:0003682",3,0.972822308337641,0.999311788874123
"FDO_TC","down","GO:0030246",1,0.972886735194814,0.999311788874123
"FDO_TC","down","GO:0042578",2,0.977222994991369,0.999311788874123
"FDO_TC","down","GO:0019900",4,0.977223797753585,0.999311788874123
"FDO_TC","down","GO:0050839",1,0.983082117026446,0.999311788874123
"FDO_TC","down","GO:0030234",8,0.986455075801356,0.999311788874123
"FDO_TC","down","GO:0016791",1,0.988508022007171,0.999311788874123
"FDO_TC","down","GO:0098772",10,0.993321453399029,0.999311788874123
"FDO_TC","down","GO:0008047",2,0.993380154982121,0.999311788874123
"FDO_TC","down","GO:0140677",3,0.994136059771548,0.999311788874123
"FDO_TC","down","GO:0016788",3,0.998138371018456,0.999311788874123
"FDO_TC","down","GO:0060090",2,0.998358015245038,0.999311788874123
"FDO_TC","down","GO:0003729",1,0.99883924939582,0.999311788874123
"FDO_TC","down","GO:0030674",1,0.999311788874123,0.999311788874123
"GOA_TC","up","GO:0004364",9,3.04368574113506e-09,6.47857996498444e-07
"GOA_TC","up","GO:0016491",33,3.48310750805615e-09,6.47857996498444e-07
"GOA_TC","up","GO:0016765",10,9.09306843348216e-08,1.12754048575179e-05
"GOA_TC","up","GO:0016209",9,1.68610836153857e-06,0.000156808077623087
"GOA_TC","up","GO:0004601",7,1.74662346306079e-05,0.00129948785651723
"GOA_TC","up","GO:0016684",7,2.18356581142687e-05,0.00135381080308466
"GOA_TC","up","GO:0016667",7,2.70686654487293e-05,0.00143850622098961
"GOA_TC","up","GO:0016616",8,0.00117299182143033,0.0545441196965104
"GOA_TC","up","GO:0042626",6,0.00160920935782251,0.0600546853678579
"GOA_TC","up","GO:0016836",5,0.00174848879635734,0.0600546853678579
"GOA_TC","up","GO:0016614",8,0.00177804477399658,0.0600546853678579
"GOA_TC","up","GO:0003756",3,0.00222143869087385,0.0600546853678579
"GOA_TC","up","GO:0016864",3,0.00222143869087385,0.0600546853678579
"GOA_TC","up","GO:0003729",12,0.00233434737754548,0.0600546853678579
"GOA_TC","up","GO:0015036",4,0.00242155989386524,0.0600546853678579
"GOA_TC","up","GO:0016853",8,0.00260694930988373,0.0606115714547967
"GOA_TC","up","GO:0004602",3,0.00390830010174141,0.0855228022263414
"GOA_TC","up","GO:0022884",3,0.00497743376785773,0.096127099970713
"GOA_TC","up","GO:0051287",6,0.00528008874793911,0.096127099970713
"GOA_TC","up","GO:0016835",5,0.00531637157983656,0.096127099970713
"GOA_TC","up","GO:0140359",4,0.00542652983705638,0.096127099970713
"GOA_TC","up","GO:0015399",6,0.00623901307709335,0.105496039303578
"GOA_TC","up","GO:0008559",3,0.00760039190223013,0.122928077723027
"GOA_TC","up","GO:0016829",8,0.00926211517798745,0.143562785258805
"GOA_TC","up","GO:0034185",3,0.0109035513471032,0.153838972437702
"GOA_TC","up","GO:0140318",3,0.0109035513471032,0.153838972437702
"GOA_TC","up","GO:0042803",13,0.0117734764973776,0.153838972437702
"GOA_TC","up","GO:0051082",5,0.0122959614461097,0.153838972437702
"GOA_TC","up","GO:0016651",4,0.0127695429141926,0.153838972437702
"GOA_TC","up","GO:0050661",4,0.0127695429141926,0.153838972437702
"GOA_TC","up","GO:0015035",3,0.0128199143698085,0.153838972437702
"GOA_TC","up","GO:0042910",3,0.017195282066139,0.199895154018866
"GOA_TC","up","GO:0016620",3,0.022304133015782,0.227078575428805
"GOA_TC","up","GO:0016860",3,0.022304133015782,0.227078575428805
"GOA_TC","up","GO:0140662",3,0.022304133015782,0.227078575428805
"GOA_TC","up","GO:0003730",4,0.0225668880840059,0.227078575428805
"GOA_TC","up","GO:0140657",17,0.0225857722872736,0.227078575428805
"GOA_TC","up","GO:0015252",2,0.0301055962634431,0.294717942368443
"GOA_TC","up","GO:0016903",3,0.0313493784712901,0.299024840803075
"GOA_TC","up","GO:0015078",4,0.0359693401807377,0.305469498283076
"GOA_TC","up","GO:0004090",2,0.0361308008721918,0.305469498283076
"GOA_TC","up","GO:0004303",2,0.0361308008721918,0.305469498283076
"GOA_TC","up","GO:0008320",2,0.0361308008721918,0.305469498283076
"GOA_TC","up","GO:0046625",2,0.0361308008721918,0.305469498283076
"GOA_TC","up","GO:0120013",3,0.0382927197529256,0.316553149957518
"GOA_TC","up","GO:0046624",2,0.0425753010262819,0.344304608299497
"GOA_TC","up","GO:0016229",2,0.0494112768914499,0.360411666737634
"GOA_TC","up","GO:0033764",2,0.0494112768914499,0.360411666737634
"GOA_TC","up","GO:0070577",2,0.0494112768914499,0.360411666737634
"GOA_TC","up","GO:0120014",2,0.0494112768914499,0.360411666737634
"GOA_TC","up","GO:0140033",2,0.0494112768914499,0.360411666737634
"GOA_TC","up","GO:0008525",2,0.0566121194519728,0.389994600669146
"GOA_TC","up","GO:0015932",2,0.0566121194519728,0.389994600669146
"GOA_TC","up","GO:0140326",2,0.0566121194519728,0.389994600669146
"GOA_TC","up","GO:0044183",3,0.0633359084529993,0.426155130448831
"GOA_TC","up","GO:1901505",2,0.0641523852288562,0.426155130448831
"GOA_TC","up","GO:0003746",2,0.0720077525595172,0.468277165561024
"GOA_TC","up","GO:0005548",3,0.0730109559208048,0.468277165561024
"GOA_TC","up","GO:0050997",2,0.0801549793878391,0.505383937835189
"GOA_TC","up","GO:0045182",5,0.0816220973005819,0.506057003263608
"GOA_TC","up","GO:0008237",5,0.084928783263232,0.517926350392169
"GOA_TC","up","GO:0022804",9,0.0879157977320047,0.52299575961293
"GOA_TC","up","GO:0000146",2,0.0885718625150929,0.52299575961293
"GOA_TC","up","GO:0046914",18,0.104453121019874,0.607133765928016
"GOA_TC","up","GO:0004222",3,0.111510094301361,0.615945599905745
"GOA_TC","up","GO:0005516",5,0.113846287795621,0.615945599905745
"GOA_TC","up","GO:0004177",2,0.115233184025131,0.615945599905745
"GOA_TC","up","GO:0019829",2,0.115233184025131,0.615945599905745
"GOA_TC","up","GO:0090079",4,0.116573390953448,0.615945599905745
"GOA_TC","up","GO:0016887",11,0.116836078889998,0.615945599905745
"GOA_TC","up","GO:0008270",14,0.11755950965943,0.615945599905745
"GOA_TC","up","GO:0046983",13,0.120623517540513,0.623221507292649
"GOA_TC","up","GO:0051539",2,0.153375955543774,0.774149086853621
"GOA_TC","up","GO:0008238",3,0.156078444930165,0.774149086853621
"GOA_TC","up","GO:0043022",3,0.156078444930165,0.774149086853621
"GOA_TC","up","GO:0003755",2,0.163263066872631,0.778639242007931
"GOA_TC","up","GO:0005507",2,0.163263066872631,0.778639242007931
"GOA_TC","up","GO:0140303",2,0.163263066872631,0.778639242007931
"GOA_TC","up","GO:0032182",3,0.169706766129336,0.799125531647002
"GOA_TC","up","GO:0016859",2,0.173260694642207,0.805662230086263
"GOA_TC","up","GO:0008233",10,0.177763161240881,0.816393777550715
"GOA_TC","up","GO:0052689",3,0.183664961322231,0.822357267195503
"GOA_TC","up","GO:0030246",5,0.193104213460237,0.822357267195503
"GOA_TC","up","GO:0005215",16,0.20040207037918,0.822357267195503
"GOA_TC","up","GO:0017022",2,0.20378235336599,0.822357267195503
"GOA_TC","up","GO:0045296",3,0.212426753227025,0.822357267195503
"GOA_TC","up","GO:0031625",5,0.217955246332725,0.822357267195503
"GOA_TC","up","GO:0008135",3,0.219767658860076,0.822357267195503
"GOA_TC","up","GO:0008235",2,0.224447791728159,0.822357267195503
"GOA_TC","up","GO:0004030",1,0.246799049588735,0.822357267195503
"GOA_TC","up","GO:0008143",1,0.246799049588735,0.822357267195503
"GOA_TC","up","GO:0008307",1,0.246799049588735,0.822357267195503
"GOA_TC","up","GO:0015106",1,0.246799049588735,0.822357267195503
"GOA_TC","up","GO:0015562",1,0.246799049588735,0.822357267195503
"GOA_TC","up","GO:0031624",1,0.246799049588735,0.822357267195503
"GOA_TC","up","GO:0120020",1,0.246799049588735,0.822357267195503
"GOA_TC","up","GO:0044389",5,0.259594191555184,0.822357267195503
"GOA_TC","up","GO:0017111",14,0.26265894263214,0.822357267195503
"GOA_TC","up","GO:0022857",14,0.26265894263214,0.822357267195503
"GOA_TC","up","GO:0005319",3,0.264753184172858,0.822357267195503
"GOA_TC","up","GO:0003955",1,0.26786587446039,0.822357267195503
"GOA_TC","up","GO:0004181",1,0.26786587446039,0.822357267195503
"GOA_TC","up","GO:0005310",1,0.26786587446039,0.822357267195503
"GOA_TC","up","GO:0005537",1,0.26786587446039,0.822357267195503
"GOA_TC","up","GO:0008266",1,0.26786587446039,0.822357267195503
"GOA_TC","up","GO:0016408",1,0.26786587446039,0.822357267195503
"GOA_TC","up","GO:0016628",1,0.26786587446039,0.822357267195503
"GOA_TC","up","GO:0035198",1,0.26786587446039,0.822357267195503
"GOA_TC","up","GO:0043531",1,0.26786587446039,0.822357267195503
"GOA_TC","up","GO:0097602",1,0.26786587446039,0.822357267195503
"GOA_TC","up","GO:0020037",3,0.272370154157302,0.822357267195503
"GOA_TC","up","GO:0005509",11,0.28102858308018,0.822357267195503
"GOA_TC","up","GO:0043565",12,0.287707982522562,0.822357267195503
"GOA_TC","up","GO:0001530",1,0.288346835681672,0.822357267195503
"GOA_TC","up","GO:0004438",1,0.288346835681672,0.822357267195503
"GOA_TC","up","GO:0008083",1,0.288346835681672,0.822357267195503
"GOA_TC","up","GO:0008187",1,0.288346835681672,0.822357267195503
"GOA_TC","up","GO:0008376",1,0.288346835681672,0.822357267195503
"GOA_TC","up","GO:0015248",1,0.288346835681672,0.822357267195503
"GOA_TC","up","GO:0016891",1,0.288346835681672,0.822357267195503
"GOA_TC","up","GO:0035255",1,0.288346835681672,0.822357267195503
"GOA_TC","up","GO:0044390",1,0.288346835681672,0.822357267195503
"GOA_TC","up","GO:0052744",1,0.288346835681672,0.822357267195503
"GOA_TC","up","GO:0120015",1,0.288346835681672,0.822357267195503
"GOA_TC","up","GO:0016747",4,0.292592545256331,0.822357267195503
"GOA_TC","up","GO:0008289",10,0.29465478134578,0.822357267195503
"GOA_TC","up","GO:0046906",3,0.295350008687884,0.822357267195503
"GOA_TC","up","GO:0016410",2,0.297465964438799,0.822357267195503
"GOA_TC","up","GO:0016874",4,0.298911135808424,0.822357267195503
"GOA_TC","up","GO:0051087",3,0.303041063616328,0.822357267195503
"GOA_TC","up","GO:0008514",4,0.305246573913176,0.822357267195503
"GOA_TC","up","GO:0042393",4,0.305246573913176,0.822357267195503
"GOA_TC","up","GO:0004864",1,0.308258132247524,0.822357267195503
"GOA_TC","up","GO:0019212",1,0.308258132247524,0.822357267195503
"GOA_TC","up","GO:0048027",1,0.308258132247524,0.822357267195503
"GOA_TC","up","GO:0070006",1,0.308258132247524,0.822357267195503
"GOA_TC","up","GO:0070402",1,0.308258132247524,0.822357267195503
"GOA_TC","up","GO:0140299",1,0.308258132247524,0.822357267195503
"GOA_TC","up","GO:0008194",3,0.310741940410576,0.822357267195503
"GOA_TC","up","GO:0016758",4,0.311596889776151,0.822357267195503
"GOA_TC","up","GO:0004623",1,0.327615517847182,0.822357267195503
"GOA_TC","up","GO:0016655",1,0.327615517847182,0.822357267195503
"GOA_TC","up","GO:0022829",1,0.327615517847182,0.822357267195503
"GOA_TC","up","GO:0030332",1,0.327615517847182,0.822357267195503
"GOA_TC","up","GO:0036002",1,0.327615517847182,0.822357267195503
"GOA_TC","up","GO:0042625",1,0.327615517847182,0.822357267195503
"GOA_TC","up","GO:0044769",1,0.327615517847182,0.822357267195503
"GOA_TC","up","GO:0046961",1,0.327615517847182,0.822357267195503
"GOA_TC","up","GO:0051015",4,0.330717799864918,0.822357267195503
"GOA_TC","up","GO:0016462",14,0.341638455136899,0.822357267195503
"GOA_TC","up","GO:0016817",14,0.341638455136899,0.822357267195503
"GOA_TC","up","GO:0016818",14,0.341638455136899,0.822357267195503
"GOA_TC","up","GO:0005385",1,0.346434313034205,0.822357267195503
"GOA_TC","up","GO:0042162",1,0.346434313034205,0.822357267195503
"GOA_TC","up","GO:0070717",1,0.346434313034205,0.822357267195503
"GOA_TC","up","GO:0140938",1,0.346434313034205,0.822357267195503
"GOA_TC","up","GO:0051117",2,0.349118370554315,0.822357267195503
"GOA_TC","up","GO:0003774",3,0.349280774776585,0.822357267195503
"GOA_TC","up","GO:0016757",5,0.352906361461457,0.825667713607938
"GOA_TC","up","GO:0043130",2,0.359311838664684,0.832388608272985
"GOA_TC","up","GO:0016702",1,0.364729417065851,0.832388608272985
"GOA_TC","up","GO:0016893",1,0.364729417065851,0.832388608272985
"GOA_TC","up","GO:0030371",1,0.364729417065851,0.832388608272985
"GOA_TC","up","GO:0051536",2,0.369447149737145,0.832935392134654
"GOA_TC","up","GO:0051540",2,0.369447149737145,0.832935392134654
"GOA_TC","up","GO:0031267",4,0.375504581149457,0.837033522497119
"GOA_TC","up","GO:0004693",1,0.382515319420726,0.837033522497119
"GOA_TC","up","GO:0016701",1,0.382515319420726,0.837033522497119
"GOA_TC","up","GO:0016776",1,0.382515319420726,0.837033522497119
"GOA_TC","up","GO:0097472",1,0.382515319420726,0.837033522497119
"GOA_TC","up","GO:0015297",2,0.399458724249232,0.845044734620846
"GOA_TC","up","GO:0019955",1,0.399806111003411,0.845044734620846
"GOA_TC","up","GO:0035254",1,0.399806111003411,0.845044734620846
"GOA_TC","up","GO:0052866",1,0.399806111003411,0.845044734620846
"GOA_TC","up","GO:0061980",1,0.399806111003411,0.845044734620846
"GOA_TC","up","GO:1901682",1,0.399806111003411,0.845044734620846
"GOA_TC","up","GO:0004175",5,0.403265854482648,0.847541795861836
"GOA_TC","up","GO:0033218",4,0.413727567633296,0.864644130110033
"GOA_TC","up","GO:0004520",1,0.416615495044501,0.865815442215388
"GOA_TC","up","GO:0000976",9,0.425567930067573,0.86963327062729
"GOA_TC","up","GO:0003779",6,0.428976867313841,0.86963327062729
"GOA_TC","up","GO:0001067",9,0.429615618042994,0.86963327062729
"GOA_TC","up","GO:0051020",4,0.432669431226621,0.86963327062729
"GOA_TC","up","GO:0001228",3,0.432852070170629,0.86963327062729
"GOA_TC","up","GO:0001216",3,0.440283004952935,0.86963327062729
"GOA_TC","up","GO:0140030",3,0.440283004952935,0.86963327062729
"GOA_TC","up","GO:0000977",8,0.445575369032893,0.86963327062729
"GOA_TC","up","GO:0043021",3,0.447677126317488,0.86963327062729
"GOA_TC","up","GO:0003678",1,0.448842978388279,0.86963327062729
"GOA_TC","up","GO:0004860",1,0.448842978388279,0.86963327062729
"GOA_TC","up","GO:0005544",1,0.448842978388279,0.86963327062729
"GOA_TC","up","GO:0016597",1,0.448842978388279,0.86963327062729
"GOA_TC","up","GO:0000978",7,0.454227746788655,0.875506330597822
"GOA_TC","up","GO:0140993",3,0.462347725973731,0.880050163408176
"GOA_TC","up","GO:0002039",1,0.464286639781718,0.880050163408176
"GOA_TC","up","GO:0004180",1,0.464286639781718,0.880050163408176
"GOA_TC","up","GO:0004402",1,0.479300037611772,0.880050163408176
"GOA_TC","up","GO:0043027",1,0.479300037611772,0.880050163408176
"GOA_TC","up","GO:0015318",7,0.486145329479715,0.880050163408176
"GOA_TC","up","GO:0016746",10,0.49142244680033,0.880050163408176
"GOA_TC","up","GO:0005048",1,0.493895090143676,0.880050163408176
"GOA_TC","up","GO:0015485",1,0.493895090143676,0.880050163408176
"GOA_TC","up","GO:0016278",1,0.493895090143676,0.880050163408176
"GOA_TC","up","GO:0016279",1,0.493895090143676,0.880050163408176
"GOA_TC","up","GO:0019210",1,0.493895090143676,0.880050163408176
"GOA_TC","up","GO:0046915",1,0.493895090143676,0.880050163408176
"GOA_TC","up","GO:0061733",1,0.493895090143676,0.880050163408176
"GOA_TC","up","GO:0000987",7,0.495175409788623,0.880050163408176
"GOA_TC","up","GO:1990837",9,0.497861729253948,0.880050163408176
"GOA_TC","up","GO:0031406",2,0.503107096474623,0.880050163408176
"GOA_TC","up","GO:0043177",2,0.503107096474623,0.880050163408176
"GOA_TC","up","GO:0016627",1,0.508083387418672,0.880050163408176
"GOA_TC","up","GO:0042054",1,0.508083387418672,0.880050163408176
"GOA_TC","up","GO:0061631",1,0.508083387418672,0.880050163408176
"GOA_TC","up","GO:0000981",7,0.508631142829994,0.880050163408176
"GOA_TC","up","GO:0022890",6,0.512840877410108,0.883225955539631
"GOA_TC","up","GO:0034212",1,0.521876200240513,0.890541038942527
"GOA_TC","up","GO:0070403",1,0.521876200240513,0.890541038942527
"GOA_TC","up","GO:0000287",3,0.526114362211786,0.893673711154266
"GOA_TC","up","GO:0005546",1,0.535284488917371,0.897047914458679
"GOA_TC","up","GO:0022853",3,0.53972129723527,0.897047914458679
"GOA_TC","up","GO:0004536",1,0.548318911765754,0.897047914458679
"GOA_TC","up","GO:0004812",1,0.548318911765754,0.897047914458679
"GOA_TC","up","GO:0016875",1,0.548318911765754,0.897047914458679
"GOA_TC","up","GO:0019905",1,0.548318911765754,0.897047914458679
"GOA_TC","up","GO:0061650",1,0.548318911765754,0.897047914458679
"GOA_TC","up","GO:0097110",1,0.548318911765754,0.897047914458679
"GOA_TC","up","GO:0003713",3,0.553104540108559,0.897047914458679
"GOA_TC","up","GO:0050839",3,0.553104540108559,0.897047914458679
"GOA_TC","up","GO:0140101",2,0.554626398724452,0.897047914458679
"GOA_TC","up","GO:0003950",1,0.560989833382886,0.899518181113938
"GOA_TC","up","GO:0019199",1,0.560989833382886,0.899518181113938
"GOA_TC","up","GO:0038024",1,0.573307332693813,0.902827567742933
"GOA_TC","up","GO:1990404",1,0.573307332693813,0.902827567742933
"GOA_TC","up","GO:0004713",2,0.578943310191193,0.902827567742933
"GOA_TC","up","GO:0008757",2,0.578943310191193,0.902827567742933
"GOA_TC","up","GO:0003684",1,0.585281210779329,0.902827567742933
"GOA_TC","up","GO:0008170",1,0.585281210779329,0.902827567742933
"GOA_TC","up","GO:0001227",1,0.596920998490657,0.902827567742933
"GOA_TC","up","GO:0004620",1,0.596920998490657,0.902827567742933
"GOA_TC","up","GO:0008080",1,0.596920998490657,0.902827567742933
"GOA_TC","up","GO:0008375",1,0.596920998490657,0.902827567742933
"GOA_TC","up","GO:0016879",1,0.596920998490657,0.902827567742933
"GOA_TC","up","GO:0048029",1,0.596920998490657,0.902827567742933
"GOA_TC","up","GO:0001217",1,0.608235963856672,0.902827567742933
"GOA_TC","up","GO:0019888",1,0.608235963856672,0.902827567742933
"GOA_TC","up","GO:0140104",1,0.608235963856672,0.902827567742933
"GOA_TC","up","GO:0003690",9,0.611769663688007,0.902827567742933
"GOA_TC","up","GO:0008324",6,0.618065301079156,0.902827567742933
"GOA_TC","up","GO:0001221",1,0.619235119289268,0.902827567742933
"GOA_TC","up","GO:0004521",1,0.619235119289268,0.902827567742933
"GOA_TC","up","GO:0019838",1,0.619235119289268,0.902827567742933
"GOA_TC","up","GO:0043028",1,0.619235119289268,0.902827567742933
"GOA_TC","up","GO:0019903",2,0.624636207582486,0.902827567742933
"GOA_TC","up","GO:1902936",1,0.629927228592344,0.902827567742933
"GOA_TC","up","GO:0003700",7,0.63098682224289,0.902827567742933
"GOA_TC","up","GO:0003712",5,0.631704198313667,0.902827567742933
"GOA_TC","up","GO:0140110",12,0.638158989589034,0.902827567742933
"GOA_TC","up","GO:0003725",1,0.640320813779739,0.902827567742933
"GOA_TC","up","GO:0019208",1,0.640320813779739,0.902827567742933
"GOA_TC","up","GO:0032934",1,0.640320813779739,0.902827567742933
"GOA_TC","up","GO:0005102",8,0.649963719079209,0.902827567742933
"GOA_TC","up","GO:0004252",1,0.650424161707274,0.902827567742933
"GOA_TC","up","GO:0008276",1,0.650424161707274,0.902827567742933
"GOA_TC","up","GO:0030145",1,0.650424161707274,0.902827567742933
"GOA_TC","up","GO:0035064",1,0.650424161707274,0.902827567742933
"GOA_TC","up","GO:0048018",1,0.650424161707274,0.902827567742933
"GOA_TC","up","GO:1990782",1,0.650424161707274,0.902827567742933
"GOA_TC","up","GO:0042277",2,0.652923872618019,0.902928180720829
"GOA_TC","up","GO:0000049",1,0.669792155947253,0.906046116408648
"GOA_TC","up","GO:0016298",1,0.669792155947253,0.906046116408648
"GOA_TC","up","GO:0016763",1,0.669792155947253,0.906046116408648
"GOA_TC","up","GO:0030546",1,0.669792155947253,0.906046116408648
"GOA_TC","up","GO:0043178",1,0.669792155947253,0.906046116408648
"GOA_TC","up","GO:0140034",1,0.669792155947253,0.906046116408648
"GOA_TC","up","GO:0003743",1,0.679072257367152,0.911967074875742
"GOA_TC","up","GO:0015103",1,0.679072257367152,0.911967074875742
"GOA_TC","up","GO:0003697",1,0.68809304378375,0.917457391711667
"GOA_TC","up","GO:0030545",1,0.68809304378375,0.917457391711667
"GOA_TC","up","GO:0005496",1,0.696861719582785,0.921202677029902
"GOA_TC","up","GO:0016407",1,0.696861719582785,0.921202677029902
"GOA_TC","up","GO:0008168",2,0.698331061619442,0.921202677029902
"GOA_TC","up","GO:0051213",1,0.705385290153563,0.927220240060514
"GOA_TC","up","GO:0008092",11,0.708107445828925,0.927521020592817
"GOA_TC","up","GO:0015291",3,0.714526492473083,0.932645105964866
"GOA_TC","up","GO:0004497",1,0.721724174823747,0.935475237053777
"GOA_TC","up","GO:0004843",1,0.721724174823747,0.935475237053777
"GOA_TC","up","GO:0008017",3,0.728852130636655,0.940594615602822
"GOA_TC","up","GO:0005543",4,0.730764301420658,0.940594615602822
"GOA_TC","up","GO:0016741",2,0.733259243346286,0.940594615602822
"GOA_TC","up","GO:0019902",2,0.738736711379251,0.942094428078259
"GOA_TC","up","GO:0015075",6,0.740867609455909,0.942094428078259
"GOA_TC","up","GO:0000149",1,0.744558499610237,0.942094428078259
"GOA_TC","up","GO:0101005",1,0.744558499610237,0.942094428078259
"GOA_TC","up","GO:0008236",1,0.751748078263591,0.94796706818324
"GOA_TC","up","GO:0004674",5,0.760121038247788,0.955287250770868
"GOA_TC","up","GO:0003727",1,0.772131859753226,0.961197314876295
"GOA_TC","up","GO:0017171",1,0.772131859753226,0.961197314876295
"GOA_TC","up","GO:0140297",3,0.772575261150571,0.961197314876295
"GOA_TC","up","GO:0008094",1,0.778549617182311,0.964578900652568
"GOA_TC","up","GO:0015294",1,0.784787656134922,0.964578900652568
"GOA_TC","up","GO:0019783",1,0.784787656134922,0.964578900652568
"GOA_TC","up","GO:0004857",2,0.788427142717857,0.964578900652568
"GOA_TC","up","GO:0008234",2,0.788427142717857,0.964578900652568
"GOA_TC","up","GO:0050660",1,0.790850980373745,0.964578900652568
"GOA_TC","up","GO:0003777",1,0.796744455151876,0.968591298419928
"GOA_TC","up","GO:0140097",2,0.801631460949561,0.968645018138853
"GOA_TC","up","GO:0004519",1,0.802472811024585,0.968645018138853
"GOA_TC","up","GO:0016755",5,0.804600297325015,0.968645018138853
"GOA_TC","up","GO:0003924",3,0.813877403359887,0.973827577539317
"GOA_TC","up","GO:0004197",1,0.818712527445346,0.973827577539317
"GOA_TC","up","GO:0004540",1,0.818712527445346,0.973827577539317
"GOA_TC","up","GO:0003682",4,0.819376429488726,0.973827577539317
"GOA_TC","up","GO:0031072",1,0.823825146943404,0.975996670901103
"GOA_TC","up","GO:0005506",1,0.828794406113741,0.978766727220037
"GOA_TC","up","GO:0005261",2,0.840533353340996,0.983213086420316
"GOA_TC","up","GO:0015267",3,0.842811096405063,0.983213086420316
"GOA_TC","up","GO:0004386",2,0.844020032272192,0.983213086420316
"GOA_TC","up","GO:0022803",3,0.84577469799597,0.983213086420316
"GOA_TC","up","GO:0061630",3,0.84577469799597,0.983213086420316
"GOA_TC","up","GO:1901981",1,0.855815627266836,0.987215797225031
"GOA_TC","up","GO:0005200",1,0.859887278988537,0.987215797225031
"GOA_TC","up","GO:0140678",2,0.860441977493947,0.987215797225031
"GOA_TC","up","GO:0003714",1,0.863844607875719,0.987215797225031
"GOA_TC","up","GO:1901681",1,0.863844607875719,0.987215797225031
"GOA_TC","up","GO:0004842",4,0.867200848630581,0.987215797225031
"GOA_TC","up","GO:0061659",3,0.867794531431681,0.987215797225031
"GOA_TC","up","GO:0015085",1,0.875062131733329,0.98943195442188
"GOA_TC","up","GO:0016705",1,0.875062131733329,0.98943195442188
"GOA_TC","up","GO:0019842",1,0.878593210304457,0.990414164343206
"GOA_TC","up","GO:0015293",1,0.882025061692592,0.991278921298018
"GOA_TC","up","GO:0019787",4,0.886775430294566,0.993615843583068
"GOA_TC","up","GO:0005342",1,0.894814500056525,0.995410228410835
"GOA_TC","up","GO:0046943",1,0.894814500056525,0.995410228410835
"GOA_TC","up","GO:0004672",5,0.896623771934981,0.995410228410835
"GOA_TC","up","GO:0008134",3,0.901756040253902,0.995410228410835
"GOA_TC","up","GO:0015631",3,0.901756040253902,0.995410228410835
"GOA_TC","up","GO:0005216",2,0.915540239597804,0.999232399612856
"GOA_TC","up","GO:0046982",1,0.916403695881011,0.999232399612856
"GOA_TC","up","GO:0019887",1,0.923309955520318,0.999232399612856
"GOA_TC","up","GO:0005085",1,0.92759591982945,0.999232399612856
"GOA_TC","up","GO:0106310",3,0.927687085326021,0.999232399612856
"GOA_TC","up","GO:1901702",3,0.927687085326021,0.999232399612856
"GOA_TC","up","GO:0016779",1,0.931643685545609,0.999232399612856
"GOA_TC","up","GO:0004518",1,0.935466416907714,0.999232399612856
"GOA_TC","up","GO:0016301",6,0.937836719473845,0.999232399612856
"GOA_TC","up","GO:0019207",1,0.947247374691205,0.999232399612856
"GOA_TC","up","GO:0140098",3,0.948340537257379,0.999232399612856
"GOA_TC","up","GO:0016788",5,0.951476073644366,0.999232399612856
"GOA_TC","up","GO:0046873",2,0.953268857582491,0.999232399612856
"GOA_TC","up","GO:0005525",3,0.95358030913213,0.999232399612856
"GOA_TC","up","GO:0005198",4,0.955133580821281,0.999232399612856
"GOA_TC","up","GO:0035091",1,0.959305312914265,0.999232399612856
"GOA_TC","up","GO:0016773",5,0.961159393321496,0.999232399612856
"GOA_TC","up","GO:0019901",3,0.963418620199127,0.999232399612856
"GOA_TC","up","GO:0019001",3,0.96420903564729,0.999232399612856
"GOA_TC","up","GO:0032561",3,0.96420903564729,0.999232399612856
"GOA_TC","up","GO:0004888",2,0.967529972662581,0.999232399612856
"GOA_TC","up","GO:0003735",1,0.970382294482983,0.999232399612856
"GOA_TC","up","GO:0060090",3,0.972527059968251,0.999232399612856
"GOA_TC","up","GO:0016772",7,0.974710776975595,0.999232399612856
"GOA_TC","up","GO:0016791",1,0.977172340980553,0.999232399612856
"GOA_TC","up","GO:0019900",3,0.979468378764059,0.999232399612856
"GOA_TC","up","GO:0140640",4,0.983604486984534,0.999232399612856
"GOA_TC","up","GO:0030674",2,0.984586605184915,0.999232399612856
"GOA_TC","up","GO:0042578",1,0.990162670818624,0.999232399612856
"GOA_TC","up","GO:0030695",1,0.994178311937018,0.999232399612856
"GOA_TC","up","GO:0060589",1,0.994178311937018,0.999232399612856
"GOA_TC","up","GO:0038023",2,0.996711117118634,0.999232399612856
"GOA_TC","up","GO:0060089",2,0.996711117118634,0.999232399612856
"GOA_TC","up","GO:0030234",5,0.997119227354362,0.999232399612856
"GOA_TC","up","GO:0140677",1,0.999232399612856,0.999232399612856
"GOA_TC","down","GO:0061134",10,1.03696826116401e-05,0.00374345542280209
"GOA_TC","down","GO:0140678",11,0.000369204312176896,0.0454781261428743
"GOA_TC","down","GO:0004857",10,0.000377934566284274,0.0454781261428743
"GOA_TC","down","GO:0005539",6,0.000767440740237895,0.0524978848309744
"GOA_TC","down","GO:0004866",6,0.000872541022121459,0.0524978848309744
"GOA_TC","down","GO:0030414",6,0.000872541022121459,0.0524978848309744
"GOA_TC","down","GO:0004867",4,0.00167743648500386,0.0865077958694847
"GOA_TC","down","GO:0061135",6,0.00195112859399505,0.0880446778040265
"GOA_TC","down","GO:0016504",4,0.00242979267715034,0.0974616840501413
"GOA_TC","down","GO:0008201",4,0.00771797847536992,0.264416793913566
"GOA_TC","down","GO:0003924",10,0.008057021421189,0.264416793913566
"GOA_TC","down","GO:0034185",3,0.00955857407941458,0.287553770222389
"GOA_TC","down","GO:0032934",4,0.0146689517671154,0.407345506763744
"GOA_TC","down","GO:0004860",3,0.0172992361997743,0.432414790075578
"GOA_TC","down","GO:0042826",3,0.0196470430717675,0.432414790075578
"GOA_TC","down","GO:0051015",7,0.0203910907690951,0.432414790075578
"GOA_TC","down","GO:0005509",15,0.0226828585010467,0.432414790075578
"GOA_TC","down","GO:0005496",4,0.024664016642924,0.432414790075578
"GOA_TC","down","GO:0019210",3,0.0248441344708091,0.432414790075578
"GOA_TC","down","GO:0015459",2,0.0275234640252721,0.432414790075578
"GOA_TC","down","GO:0016247",3,0.027693446872889,0.432414790075578
"GOA_TC","down","GO:0099106",3,0.027693446872889,0.432414790075578
"GOA_TC","down","GO:0003779",10,0.0278176298381876,0.432414790075578
"GOA_TC","down","GO:0020037",5,0.0287477976781548,0.432414790075578
"GOA_TC","down","GO:0005507",3,0.0307093057929743,0.439261473854085
"GOA_TC","down","GO:0008656",2,0.0330602892012381,0.439261473854085
"GOA_TC","down","GO:0005201",3,0.0338907915191983,0.439261473854085
"GOA_TC","down","GO:0046906",5,0.0340701420163833,0.439261473854085
"GOA_TC","down","GO:0016505",2,0.0389904412536997,0.46918497641952
"GOA_TC","down","GO:0050840",2,0.0389904412536997,0.46918497641952
"GOA_TC","down","GO:0051082",4,0.0431570079371992,0.495437957359565
"GOA_TC","down","GO:0004198",2,0.0452893423625087,0.495437957359565
"GOA_TC","down","GO:0042813",2,0.0452893423625087,0.495437957359565
"GOA_TC","down","GO:0008234",6,0.0559529985023004,0.590637331062449
"GOA_TC","down","GO:0005295",2,0.0589001216571971,0.590637331062449
"GOA_TC","down","GO:0015375",2,0.0589001216571971,0.590637331062449
"GOA_TC","down","GO:0019838",3,0.0606589283762949,0.59183440929304
"GOA_TC","down","GO:0003746",2,0.0661677782866434,0.611022284234569
"GOA_TC","down","GO:0016702",2,0.0661677782866434,0.611022284234569
"GOA_TC","down","GO:0044325",4,0.067703300192196,0.611022284234569
"GOA_TC","down","GO:0015187",2,0.0737156721809406,0.613424812086111
"GOA_TC","down","GO:0016701",2,0.0737156721809406,0.613424812086111
"GOA_TC","down","GO:0005525",10,0.0746577214350219,0.613424812086111
"GOA_TC","down","GO:0004197",4,0.074766459090828,0.613424812086111
"GOA_TC","down","GO:0046982",5,0.0813820039356529,0.639785808952619
"GOA_TC","down","GO:0017147",2,0.0815239534953476,0.639785808952619
"GOA_TC","down","GO:0005254",2,0.0895736188333321,0.67928037570017
"GOA_TC","down","GO:1901702",9,0.0910719926095754,0.67928037570017
"GOA_TC","down","GO:0019001",10,0.0974234986881361,0.67928037570017
"GOA_TC","down","GO:0032561",10,0.0974234986881361,0.67928037570017
"GOA_TC","down","GO:0005231",2,0.0978464807102738,0.67928037570017
"GOA_TC","down","GO:0030515",2,0.0978464807102738,0.67928037570017
"GOA_TC","down","GO:0030234",17,0.104745556235861,0.710803237551996
"GOA_TC","down","GO:0005283",2,0.106325138027168,0.710803237551996
"GOA_TC","down","GO:0044389",6,0.109002640019952,0.715453691767318
"GOA_TC","down","GO:1901681",4,0.115272064117942,0.743093127617449
"GOA_TC","down","GO:0005416",2,0.123833996173067,0.784281975762755
"GOA_TC","down","GO:0005230",2,0.132833074509635,0.810038523818882
"GOA_TC","down","GO:0005253",2,0.132833074509635,0.810038523818882
"GOA_TC","down","GO:0015291",6,0.135612610061893,0.810038523818882
"GOA_TC","down","GO:0015297",3,0.14090416175363,0.810038523818882
"GOA_TC","down","GO:0003823",2,0.151247846245283,0.810038523818882
"GOA_TC","down","GO:0019003",2,0.151247846245283,0.810038523818882
"GOA_TC","down","GO:0005343",2,0.160636410623369,0.810038523818882
"GOA_TC","down","GO:0015175",2,0.160636410623369,0.810038523818882
"GOA_TC","down","GO:0016782",2,0.160636410623369,0.810038523818882
"GOA_TC","down","GO:0030246",5,0.168581616906482,0.810038523818882
"GOA_TC","down","GO:0008061",2,0.179712650377744,0.810038523818882
"GOA_TC","down","GO:0017022",2,0.189376763398072,0.810038523818882
"GOA_TC","down","GO:0038024",2,0.189376763398072,0.810038523818882
"GOA_TC","down","GO:0031625",5,0.191141786239645,0.810038523818882
"GOA_TC","down","GO:0008235",2,0.208902153311885,0.810038523818882
"GOA_TC","down","GO:0008375",2,0.208902153311885,0.810038523818882
"GOA_TC","down","GO:0015108",2,0.208902153311885,0.810038523818882
"GOA_TC","down","GO:0016796",2,0.208902153311885,0.810038523818882
"GOA_TC","down","GO:0016836",2,0.208902153311885,0.810038523818882
"GOA_TC","down","GO:0017069",2,0.208902153311885,0.810038523818882
"GOA_TC","down","GO:0005506",3,0.227813299535859,0.810038523818882
"GOA_TC","down","GO:0043028",2,0.228623306877174,0.810038523818882
"GOA_TC","down","GO:0004030",1,0.236547211972606,0.810038523818882
"GOA_TC","down","GO:0004529",1,0.236547211972606,0.810038523818882
"GOA_TC","down","GO:0005246",1,0.236547211972606,0.810038523818882
"GOA_TC","down","GO:0015106",1,0.236547211972606,0.810038523818882
"GOA_TC","down","GO:0015651",1,0.236547211972606,0.810038523818882
"GOA_TC","down","GO:0015929",1,0.236547211972606,0.810038523818882
"GOA_TC","down","GO:0016895",1,0.236547211972606,0.810038523818882
"GOA_TC","down","GO:0034237",1,0.236547211972606,0.810038523818882
"GOA_TC","down","GO:0043394",1,0.236547211972606,0.810038523818882
"GOA_TC","down","GO:0071933",1,0.236547211972606,0.810038523818882
"GOA_TC","down","GO:0016922",2,0.238533929925139,0.810038523818882
"GOA_TC","down","GO:0008233",9,0.241330443297912,0.810038523818882
"GOA_TC","down","GO:0022804",7,0.249873886858166,0.810038523818882
"GOA_TC","down","GO:0004553",3,0.256391316339967,0.810038523818882
"GOA_TC","down","GO:0004181",1,0.256895904249743,0.810038523818882
"GOA_TC","down","GO:0005308",1,0.256895904249743,0.810038523818882
"GOA_TC","down","GO:0005452",1,0.256895904249743,0.810038523818882
"GOA_TC","down","GO:0005537",1,0.256895904249743,0.810038523818882
"GOA_TC","down","GO:0016628",1,0.256895904249743,0.810038523818882
"GOA_TC","down","GO:0016849",1,0.256895904249743,0.810038523818882
"GOA_TC","down","GO:0032451",1,0.256895904249743,0.810038523818882
"GOA_TC","down","GO:0034593",1,0.256895904249743,0.810038523818882
"GOA_TC","down","GO:0015179",2,0.258412497606535,0.810038523818882
"GOA_TC","down","GO:0019900",9,0.258779731106839,0.810038523818882
"GOA_TC","down","GO:0008514",4,0.275617943689219,0.810038523818882
"GOA_TC","down","GO:0004438",1,0.276705491794838,0.810038523818882
"GOA_TC","down","GO:0008083",1,0.276705491794838,0.810038523818882
"GOA_TC","down","GO:0008187",1,0.276705491794838,0.810038523818882
"GOA_TC","down","GO:0016018",1,0.276705491794838,0.810038523818882
"GOA_TC","down","GO:0016712",1,0.276705491794838,0.810038523818882
"GOA_TC","down","GO:0030247",1,0.276705491794838,0.810038523818882
"GOA_TC","down","GO:0052744",1,0.276705491794838,0.810038523818882
"GOA_TC","down","GO:0055106",1,0.276705491794838,0.810038523818882
"GOA_TC","down","GO:0070034",1,0.276705491794838,0.810038523818882
"GOA_TC","down","GO:0051087",3,0.278141040671585,0.810038523818882
"GOA_TC","down","GO:0002020",2,0.278315386280717,0.810038523818882
"GOA_TC","down","GO:0015370",2,0.278315386280717,0.810038523818882
"GOA_TC","down","GO:0022853",4,0.281583718517182,0.810038523818882
"GOA_TC","down","GO:0015318",8,0.287872815893776,0.810038523818882
"GOA_TC","down","GO:0019901",8,0.287872815893776,0.810038523818882
"GOA_TC","down","GO:0008509",2,0.288257895302444,0.810038523818882
"GOA_TC","down","GO:0015103",2,0.288257895302444,0.810038523818882
"GOA_TC","down","GO:0008092",14,0.29532110393346,0.810038523818882
"GOA_TC","down","GO:0017154",1,0.295990170914199,0.810038523818882
"GOA_TC","down","GO:0038187",1,0.295990170914199,0.810038523818882
"GOA_TC","down","GO:0070006",1,0.295990170914199,0.810038523818882
"GOA_TC","down","GO:0070402",1,0.295990170914199,0.810038523818882
"GOA_TC","down","GO:1901618",1,0.295990170914199,0.810038523818882
"GOA_TC","down","GO:0003697",2,0.298185566771703,0.810038523818882
"GOA_TC","down","GO:0015171",2,0.298185566771703,0.810038523818882
"GOA_TC","down","GO:0016835",2,0.298185566771703,0.810038523818882
"GOA_TC","down","GO:0038023",9,0.305897975547708,0.810038523818882
"GOA_TC","down","GO:0060089",9,0.305897975547708,0.810038523818882
"GOA_TC","down","GO:0019843",2,0.308092182777659,0.810038523818882
"GOA_TC","down","GO:0015101",1,0.314763766356487,0.810038523818882
"GOA_TC","down","GO:0015453",1,0.314763766356487,0.810038523818882
"GOA_TC","down","GO:0036002",1,0.314763766356487,0.810038523818882
"GOA_TC","down","GO:0005198",9,0.31706610964534,0.810038523818882
"GOA_TC","down","GO:0051213",2,0.317971862775983,0.810038523818882
"GOA_TC","down","GO:0016491",12,0.320657933843895,0.810038523818882
"GOA_TC","down","GO:0015081",3,0.322079500083823,0.810038523818882
"GOA_TC","down","GO:0004527",2,0.327819050227146,0.810038523818882
"GOA_TC","down","GO:0051117",2,0.327819050227146,0.810038523818882
"GOA_TC","down","GO:0016616",3,0.329424948144477,0.810038523818882
"GOA_TC","down","GO:0005125",1,0.333039740977865,0.810038523818882
"GOA_TC","down","GO:0005385",1,0.333039740977865,0.810038523818882
"GOA_TC","down","GO:0004497",2,0.337628499699835,0.810038523818882
"GOA_TC","down","GO:0004843",2,0.337628499699835,0.810038523818882
"GOA_TC","down","GO:0000175",1,0.35083120515728,0.810038523818882
"GOA_TC","down","GO:0004560",1,0.35083120515728,0.810038523818882
"GOA_TC","down","GO:0008171",1,0.35083120515728,0.810038523818882
"GOA_TC","down","GO:0015928",1,0.35083120515728,0.810038523818882
"GOA_TC","down","GO:0005342",3,0.35144498035256,0.810038523818882
"GOA_TC","down","GO:0046943",3,0.35144498035256,0.810038523818882
"GOA_TC","down","GO:0016788",10,0.35344710347958,0.810038523818882
"GOA_TC","down","GO:0004175",5,0.364028803330882,0.810038523818882
"GOA_TC","down","GO:0046983",10,0.364282675671766,0.810038523818882
"GOA_TC","down","GO:0004888",6,0.365201031812067,0.810038523818882
"GOA_TC","down","GO:0016614",3,0.366086194476548,0.810038523818882
"GOA_TC","down","GO:0101005",2,0.36678237421438,0.810038523818882
"GOA_TC","down","GO:0015026",1,0.368150925968301,0.810038523818882
"GOA_TC","down","GO:0017025",1,0.368150925968301,0.810038523818882
"GOA_TC","down","GO:0072349",1,0.368150925968301,0.810038523818882
"GOA_TC","down","GO:0008238",2,0.376394213042497,0.810038523818882
"GOA_TC","down","GO:0043022",2,0.376394213042497,0.810038523818882
"GOA_TC","down","GO:0008146",1,0.385011336113768,0.810038523818882
"GOA_TC","down","GO:0016790",1,0.385011336113768,0.810038523818882
"GOA_TC","down","GO:0019955",1,0.385011336113768,0.810038523818882
"GOA_TC","down","GO:0052866",1,0.385011336113768,0.810038523818882
"GOA_TC","down","GO:0140828",1,0.385011336113768,0.810038523818882
"GOA_TC","down","GO:1901682",1,0.385011336113768,0.810038523818882
"GOA_TC","down","GO:0015276",2,0.385946332678249,0.810038523818882
"GOA_TC","down","GO:0022834",2,0.385946332678249,0.810038523818882
"GOA_TC","down","GO:0031593",1,0.401424542629348,0.81837640880995
"GOA_TC","down","GO:0051018",1,0.401424542629348,0.81837640880995
"GOA_TC","down","GO:0051537",1,0.401424542629348,0.81837640880995
"GOA_TC","down","GO:0003727",2,0.404857145407637,0.81837640880995
"GOA_TC","down","GO:0052689",2,0.41420927595768,0.81837640880995
"GOA_TC","down","GO:0003925",1,0.417402335361931,0.81837640880995
"GOA_TC","down","GO:0070628",1,0.417402335361931,0.81837640880995
"GOA_TC","down","GO:0022857",12,0.419287450799077,0.81837640880995
"GOA_TC","down","GO:0015294",2,0.423488543212857,0.81837640880995
"GOA_TC","down","GO:0019783",2,0.423488543212857,0.81837640880995
"GOA_TC","down","GO:0019887",3,0.431065542487926,0.81837640880995
"GOA_TC","down","GO:0004177",1,0.432956195228669,0.81837640880995
"GOA_TC","down","GO:0016597",1,0.432956195228669,0.81837640880995
"GOA_TC","down","GO:0099529",1,0.432956195228669,0.81837640880995
"GOA_TC","down","GO:0099604",1,0.432956195228669,0.81837640880995
"GOA_TC","down","GO:1904315",1,0.432956195228669,0.81837640880995
"GOA_TC","down","GO:0004930",2,0.441817677693548,0.81837640880995
"GOA_TC","down","GO:0015267",5,0.443735096343727,0.81837640880995
"GOA_TC","down","GO:0004180",1,0.448097302262287,0.81837640880995
"GOA_TC","down","GO:0005518",1,0.448097302262287,0.81837640880995
"GOA_TC","down","GO:0016620",1,0.448097302262287,0.81837640880995
"GOA_TC","down","GO:0016860",1,0.448097302262287,0.81837640880995
"GOA_TC","down","GO:0022824",1,0.448097302262287,0.81837640880995
"GOA_TC","down","GO:0022835",1,0.448097302262287,0.81837640880995
"GOA_TC","down","GO:0030374",1,0.448097302262287,0.81837640880995
"GOA_TC","down","GO:0022803",5,0.448989637683601,0.81837640880995
"GOA_TC","down","GO:0005102",9,0.451127161643158,0.81837640880995
"GOA_TC","down","GO:0008135",2,0.459824838195583,0.828245097754609
"GOA_TC","down","GO:0005272",1,0.46283654344816,0.828245097754609
"GOA_TC","down","GO:0016791",4,0.468707232545354,0.828245097754609
"GOA_TC","down","GO:0046873",5,0.469878155174559,0.828245097754609
"GOA_TC","down","GO:0004518",3,0.473071589850645,0.828245097754609
"GOA_TC","down","GO:0015485",1,0.477184520358531,0.828245097754609
"GOA_TC","down","GO:0016896",1,0.477184520358531,0.828245097754609
"GOA_TC","down","GO:0046915",1,0.477184520358531,0.828245097754609
"GOA_TC","down","GO:0004540",2,0.477493188768862,0.828245097754609
"GOA_TC","down","GO:0046914",13,0.484740178757347,0.828245097754609
"GOA_TC","down","GO:0031072",2,0.486195774655156,0.828245097754609
"GOA_TC","down","GO:0004532",1,0.491151556589058,0.828245097754609
"GOA_TC","down","GO:0016627",1,0.491151556589058,0.828245097754609
"GOA_TC","down","GO:0016903",1,0.491151556589058,0.828245097754609
"GOA_TC","down","GO:0061631",1,0.491151556589058,0.828245097754609
"GOA_TC","down","GO:0000287",3,0.493551075008415,0.828245097754609
"GOA_TC","down","GO:0001727",1,0.504747705002809,0.828245097754609
"GOA_TC","down","GO:0003755",1,0.504747705002809,0.828245097754609
"GOA_TC","down","GO:0008173",1,0.504747705002809,0.828245097754609
"GOA_TC","down","GO:0048306",1,0.504747705002809,0.828245097754609
"GOA_TC","down","GO:0070403",1,0.504747705002809,0.828245097754609
"GOA_TC","down","GO:0008289",8,0.514689603123705,0.829622130022673
"GOA_TC","down","GO:0005546",1,0.517982754786634,0.829622130022673
"GOA_TC","down","GO:0016859",1,0.517982754786634,0.829622130022673
"GOA_TC","down","GO:0140296",1,0.517982754786634,0.829622130022673
"GOA_TC","down","GO:0019207",3,0.520237213917043,0.829622130022673
"GOA_TC","down","GO:0004536",1,0.530866238324757,0.829622130022673
"GOA_TC","down","GO:0004812",1,0.530866238324757,0.829622130022673
"GOA_TC","down","GO:0016875",1,0.530866238324757,0.829622130022673
"GOA_TC","down","GO:0061650",1,0.530866238324757,0.829622130022673
"GOA_TC","down","GO:0097110",1,0.530866238324757,0.829622130022673
"GOA_TC","down","GO:0098960",1,0.530866238324757,0.829622130022673
"GOA_TC","down","GO:0090079",2,0.536480315824112,0.832419160223666
"GOA_TC","down","GO:0005216",4,0.537267768233003,0.832419160223666
"GOA_TC","down","GO:0016829",3,0.539750281100159,0.832691672979305
"GOA_TC","down","GO:0015075",7,0.542929777504603,0.83403255182622
"GOA_TC","down","GO:0005200",2,0.5524810695549,0.841598364942806
"GOA_TC","down","GO:0008028",1,0.555615392187267,0.841598364942806
"GOA_TC","down","GO:0030971",1,0.555615392187267,0.841598364942806
"GOA_TC","down","GO:0005215",12,0.557180080945514,0.841598364942806
"GOA_TC","down","GO:0008194",2,0.560335404500256,0.842298039389674
"GOA_TC","down","GO:0003684",1,0.567498902663606,0.842298039389674
"GOA_TC","down","GO:0004601",1,0.567498902663606,0.842298039389674
"GOA_TC","down","GO:0016798",3,0.57124815244201,0.842298039389674
"GOA_TC","down","GO:0001227",1,0.579066539739468,0.842298039389674
"GOA_TC","down","GO:0016684",1,0.579066539739468,0.842298039389674
"GOA_TC","down","GO:0030594",1,0.579066539739468,0.842298039389674
"GOA_TC","down","GO:0048029",1,0.579066539739468,0.842298039389674
"GOA_TC","down","GO:0042803",6,0.579179181502267,0.842298039389674
"GOA_TC","down","GO:0015085",2,0.583308891544095,0.842298039389674
"GOA_TC","down","GO:0016705",2,0.583308891544095,0.842298039389674
"GOA_TC","down","GO:0001217",1,0.590326648815129,0.842323795344908
"GOA_TC","down","GO:0008408",1,0.590326648815129,0.842323795344908
"GOA_TC","down","GO:0050661",1,0.590326648815129,0.842323795344908
"GOA_TC","down","GO:0015293",2,0.59813062001328,0.847909123316079
"GOA_TC","down","GO:0001221",1,0.601287356146583,0.847909123316079
"GOA_TC","down","GO:0004521",1,0.601287356146583,0.847909123316079
"GOA_TC","down","GO:1902936",1,0.61195657456486,0.851921154975647
"GOA_TC","down","GO:0003725",1,0.622342009047017,0.851921154975647
"GOA_TC","down","GO:0045505",1,0.622342009047017,0.851921154975647
"GOA_TC","down","GO:0042578",4,0.626209506177979,0.851921154975647
"GOA_TC","down","GO:0042277",2,0.626586197588396,0.851921154975647
"GOA_TC","down","GO:0016462",11,0.627997410343215,0.851921154975647
"GOA_TC","down","GO:0016817",11,0.627997410343215,0.851921154975647
"GOA_TC","down","GO:0016818",11,0.627997410343215,0.851921154975647
"GOA_TC","down","GO:0004252",1,0.632451162142586,0.851921154975647
"GOA_TC","down","GO:0030145",1,0.632451162142586,0.851921154975647
"GOA_TC","down","GO:0048018",1,0.632451162142586,0.851921154975647
"GOA_TC","down","GO:1990782",1,0.632451162142586,0.851921154975647
"GOA_TC","down","GO:0003735",3,0.641220698805196,0.856610871425858
"GOA_TC","down","GO:0022890",5,0.642435620366916,0.856610871425858
"GOA_TC","down","GO:0003730",1,0.651869653811311,0.856610871425858
"GOA_TC","down","GO:0016298",1,0.651869653811311,0.856610871425858
"GOA_TC","down","GO:0030546",1,0.651869653811311,0.856610871425858
"GOA_TC","down","GO:0043178",1,0.651869653811311,0.856610871425858
"GOA_TC","down","GO:0045182",2,0.653466192080516,0.856610871425858
"GOA_TC","down","GO:0003729",4,0.654915790896224,0.856610871425858
"GOA_TC","down","GO:0008237",2,0.659942378691786,0.860069309414204
"GOA_TC","down","GO:0017111",10,0.668928842553022,0.863224446628497
"GOA_TC","down","GO:0030545",1,0.670268218871188,0.863224446628497
"GOA_TC","down","GO:0016853",2,0.672605365923838,0.863224446628497
"GOA_TC","down","GO:0022836",2,0.678793252457604,0.863224446628497
"GOA_TC","down","GO:0022839",2,0.678793252457604,0.863224446628497
"GOA_TC","down","GO:0004722",1,0.679101780727128,0.863224446628497
"GOA_TC","down","GO:0016209",1,0.679101780727128,0.863224446628497
"GOA_TC","down","GO:0043021",2,0.684886189945163,0.867522507263873
"GOA_TC","down","GO:0016810",1,0.704215824114366,0.882657431129134
"GOA_TC","down","GO:0043130",1,0.704215824114366,0.882657431129134
"GOA_TC","down","GO:0061629",2,0.708321674723662,0.882657431129134
"GOA_TC","down","GO:0051536",1,0.712145169885253,0.882657431129134
"GOA_TC","down","GO:0051540",1,0.712145169885253,0.882657431129134
"GOA_TC","down","GO:0099094",1,0.712145169885253,0.882657431129134
"GOA_TC","down","GO:0004721",2,0.713950055096142,0.882657431129134
"GOA_TC","down","GO:0008324",5,0.732598652024177,0.902116522576415
"GOA_TC","down","GO:0008236",1,0.73468769428661,0.902116522576415
"GOA_TC","down","GO:0008134",4,0.743502229531719,0.906872512310938
"GOA_TC","down","GO:0140297",3,0.74358521785052,0.906872512310938
"GOA_TC","down","GO:0032182",1,0.748732260075943,0.910075238678166
"GOA_TC","down","GO:0017171",1,0.755474909383164,0.912500734167924
"GOA_TC","down","GO:0016758",2,0.755783156554596,0.912500734167924
"GOA_TC","down","GO:0008047",4,0.761860936439597,0.916772660182315
"GOA_TC","down","GO:0050839",2,0.765386288074451,0.917954983371683
"GOA_TC","down","GO:0004519",1,0.786583923953984,0.937040585697076
"GOA_TC","down","GO:0045296",1,0.786583923953984,0.937040585697076
"GOA_TC","down","GO:0051287",1,0.792316539493605,0.937040585697076
"GOA_TC","down","GO:0140677",5,0.796738827611563,0.937040585697076
"GOA_TC","down","GO:0031267",2,0.800602442754258,0.937040585697076
"GOA_TC","down","GO:0015399",1,0.803326652884257,0.937040585697076
"GOA_TC","down","GO:0031406",1,0.803326652884257,0.937040585697076
"GOA_TC","down","GO:0043177",1,0.803326652884257,0.937040585697076
"GOA_TC","down","GO:0035091",2,0.804660890764802,0.937040585697076
"GOA_TC","down","GO:0005262",1,0.818763367858702,0.948983118712925
"GOA_TC","down","GO:0005261",2,0.82017377572973,0.948983118712925
"GOA_TC","down","GO:0033218",2,0.823876693260687,0.95022200085338
"GOA_TC","down","GO:0140101",1,0.832995360888644,0.955697020068877
"GOA_TC","down","GO:0051020",2,0.834580405890068,0.955697020068877
"GOA_TC","down","GO:0008270",7,0.84040025366651,0.955697020068877
"GOA_TC","down","GO:0140098",4,0.841377900435865,0.955697020068877
"GOA_TC","down","GO:1901981",1,0.841860532913859,0.955697020068877
"GOA_TC","down","GO:0008757",1,0.846116113257373,0.957516980833579
"GOA_TC","down","GO:0003714",1,0.85025786265965,0.959197151312917
"GOA_TC","down","GO:0005543",3,0.853593258627893,0.95996001982763
"GOA_TC","down","GO:0000978",4,0.863187557020152,0.967598349942939
"GOA_TC","down","GO:0019842",1,0.865745892054209,0.967598349942939
"GOA_TC","down","GO:0000987",4,0.882401777937784,0.983169882208457
"GOA_TC","down","GO:0016755",4,0.886341785502066,0.983634945999485
"GOA_TC","down","GO:0000981",4,0.888268676996765,0.983634945999485
"GOA_TC","down","GO:0016757",2,0.892156266204098,0.984918691436329
"GOA_TC","down","GO:0060090",4,0.902689890786078,0.985026655215406
"GOA_TC","down","GO:0001228",1,0.903286701176409,0.985026655215406
"GOA_TC","down","GO:0008168",1,0.903286701176409,0.985026655215406
"GOA_TC","down","GO:0001216",1,0.905897090115,0.985026655215406
"GOA_TC","down","GO:0140030",1,0.905897090115,0.985026655215406
"GOA_TC","down","GO:0016741",1,0.917935144993132,0.995118880908471
"GOA_TC","down","GO:0000977",4,0.922659571190132,0.997245823951011
"GOA_TC","down","GO:0016874",1,0.93225947735868,0.998582466606744
"GOA_TC","down","GO:0003700",4,0.93305470731509,0.998582466606744
"GOA_TC","down","GO:0042393",1,0.93409183078461,0.998582466606744
"GOA_TC","down","GO:0004842",3,0.935812535134779,0.998582466606744
"GOA_TC","down","GO:0003713",1,0.939298522512021,0.998582466606744
"GOA_TC","down","GO:0140640",5,0.940493181845687,0.998582466606744
"GOA_TC","down","GO:0140097",1,0.944096228254507,0.999023410751361
"GOA_TC","down","GO:0019787",3,0.946443231238131,0.999023410751361
"GOA_TC","down","GO:0003690",5,0.952509320219683,0.999997041560743
"GOA_TC","down","GO:0000976",4,0.955478126826023,0.999997041560743
"GOA_TC","down","GO:0001067",4,0.956311859853142,0.999997041560743
"GOA_TC","down","GO:0015631",2,0.963460797553726,0.999997041560743
"GOA_TC","down","GO:0003712",2,0.967475351518617,0.999997041560743
"GOA_TC","down","GO:1990837",4,0.968462829715405,0.999997041560743
"GOA_TC","down","GO:0008017",1,0.974128656584427,0.999997041560743
"GOA_TC","down","GO:0030674",2,0.980175419882743,0.999997041560743
"GOA_TC","down","GO:0016746",4,0.983954171832469,0.999997041560743
"GOA_TC","down","GO:0140110",6,0.986131798647189,0.999997041560743
"GOA_TC","down","GO:0043565",4,0.987446708816021,0.999997041560743
"GOA_TC","down","GO:0061630",1,0.989023132480505,0.999997041560743
"GOA_TC","down","GO:0061659",1,0.99120836231825,0.999997041560743
"GOA_TC","down","GO:0019904",1,0.997033964463122,0.999997041560743
"GOA_TC","down","GO:0016887",1,0.999291614080833,0.999997041560743
"GOA_TC","down","GO:0016773",1,0.999905545877558,0.999997041560743
"GOA_TC","down","GO:0016301",1,0.999948203067809,0.999997041560743
"GOA_TC","down","GO:0140657",1,0.999955121525966,0.999997041560743
"GOA_TC","down","GO:0016772",1,0.999997041560743,0.999997041560743
"GOW_TC","up","GO:0004812",3,0.00338563298057563,0.355613523746977
"GOW_TC","up","GO:0016875",3,0.00338563298057563,0.355613523746977
"GOW_TC","up","GO:0003730",3,0.00893300872485208,0.355613523746977
"GOW_TC","up","GO:0070577",2,0.00916789027917007,0.355613523746977
"GOW_TC","up","GO:0140033",2,0.00916789027917007,0.355613523746977
"GOW_TC","up","GO:0000049",3,0.0095996587926416,0.355613523746977
"GOW_TC","up","GO:0003743",3,0.0110182131556742,0.355613523746977
"GOW_TC","up","GO:0003729",6,0.0113796327599033,0.355613523746977
"GOW_TC","up","GO:0000146",2,0.017337573068095,0.46503401068317
"GOW_TC","up","GO:0140657",9,0.0186013604273268,0.46503401068317
"GOW_TC","up","GO:0016597",2,0.0232820664294998,0.488935275793529
"GOW_TC","up","GO:0003682",6,0.023870065549163,0.488935275793529
"GOW_TC","up","GO:0140662",2,0.0254246343412635,0.488935275793529
"GOW_TC","up","GO:0008135",3,0.0290826645338757,0.519333295247781
"GOW_TC","up","GO:0031072",3,0.0344095634609284,0.537649429077007
"GOW_TC","up","GO:0140101",3,0.0344095634609284,0.537649429077007
"GOW_TC","up","GO:0017111",9,0.041302303104738,0.55887508969461
"GOW_TC","up","GO:0090079",3,0.0417308222483323,0.55887508969461
"GOW_TC","up","GO:0017022",2,0.0424745068167904,0.55887508969461
"GOW_TC","up","GO:0003774",3,0.0531885318922731,0.581259902661401
"GOW_TC","up","GO:0044183",2,0.0536663373098375,0.581259902661401
"GOW_TC","up","GO:0016462",9,0.0558009506554945,0.581259902661401
"GOW_TC","up","GO:0016817",9,0.0558009506554945,0.581259902661401
"GOW_TC","up","GO:0016818",9,0.0558009506554945,0.581259902661401
"GOW_TC","up","GO:0045182",3,0.0679384295049258,0.604574744887759
"GOW_TC","up","GO:0016887",6,0.0740607306279145,0.604574744887759
"GOW_TC","up","GO:0016874",3,0.0953871689938328,0.604574744887759
"GOW_TC","up","GO:0003924",4,0.0991093938286549,0.604574744887759
"GOW_TC","up","GO:0004497",2,0.0993973590478262,0.604574744887759
"GOW_TC","up","GO:0140098",5,0.099676747978715,0.604574744887759
"GOW_TC","up","GO:0042393",3,0.09996288554496,0.604574744887759
"GOW_TC","up","GO:0005164",1,0.10814178913712,0.604574744887759
"GOW_TC","up","GO:0008143",1,0.10814178913712,0.604574744887759
"GOW_TC","up","GO:0034237",1,0.10814178913712,0.604574744887759
"GOW_TC","up","GO:0035198",1,0.10814178913712,0.604574744887759
"GOW_TC","up","GO:0097199",1,0.10814178913712,0.604574744887759
"GOW_TC","up","GO:0140693",1,0.10814178913712,0.604574744887759
"GOW_TC","up","GO:0051082",2,0.113953368778081,0.604574744887759
"GOW_TC","up","GO:0043565",7,0.114240448363555,0.604574744887759
"GOW_TC","up","GO:0004407",1,0.118299962882504,0.604574744887759
"GOW_TC","up","GO:0033558",1,0.118299962882504,0.604574744887759
"GOW_TC","up","GO:0097200",1,0.118299962882504,0.604574744887759
"GOW_TC","up","GO:0005537",1,0.12834409406314,0.604574744887759
"GOW_TC","up","GO:0043495",1,0.12834409406314,0.604574744887759
"GOW_TC","up","GO:0046624",1,0.12834409406314,0.604574744887759
"GOW_TC","up","GO:0046625",1,0.12834409406314,0.604574744887759
"GOW_TC","up","GO:0046875",1,0.12834409406314,0.604574744887759
"GOW_TC","up","GO:0048027",1,0.12834409406314,0.604574744887759
"GOW_TC","up","GO:0005245",1,0.13827544437847,0.604574744887759
"GOW_TC","up","GO:0015101",1,0.13827544437847,0.604574744887759
"GOW_TC","up","GO:0019213",1,0.13827544437847,0.604574744887759
"GOW_TC","up","GO:0032813",1,0.13827544437847,0.604574744887759
"GOW_TC","up","GO:0030246",3,0.142164361225691,0.604574744887759
"GOW_TC","up","GO:0005385",1,0.148095261775314,0.604574744887759
"GOW_TC","up","GO:0030332",1,0.148095261775314,0.604574744887759
"GOW_TC","up","GO:0036002",1,0.148095261775314,0.604574744887759
"GOW_TC","up","GO:0070717",1,0.148095261775314,0.604574744887759
"GOW_TC","up","GO:0097153",1,0.148095261775314,0.604574744887759
"GOW_TC","up","GO:0120014",1,0.148095261775314,0.604574744887759
"GOW_TC","up","GO:0000981",5,0.150431306847031,0.604574744887759
"GOW_TC","up","GO:0140640",6,0.151703194474641,0.604574744887759
"GOW_TC","up","GO:0031406",2,0.152419031222132,0.604574744887759
"GOW_TC","up","GO:0043177",2,0.152419031222132,0.604574744887759
"GOW_TC","up","GO:0019706",1,0.157804780595516,0.604574744887759
"GOW_TC","up","GO:0019707",1,0.157804780595516,0.604574744887759
"GOW_TC","up","GO:0015187",1,0.16740522172205,0.604574744887759
"GOW_TC","up","GO:0035250",1,0.16740522172205,0.604574744887759
"GOW_TC","up","GO:0048487",1,0.16740522172205,0.604574744887759
"GOW_TC","up","GO:0015291",3,0.174979086358364,0.604574744887759
"GOW_TC","up","GO:0000175",1,0.176897792723567,0.604574744887759
"GOW_TC","up","GO:0061980",1,0.176897792723567,0.604574744887759
"GOW_TC","up","GO:0008194",2,0.180665471816152,0.604574744887759
"GOW_TC","up","GO:0016417",1,0.186283687997417,0.604574744887759
"GOW_TC","up","GO:0035254",1,0.186283687997417,0.604574744887759
"GOW_TC","up","GO:0008378",1,0.195564088911166,0.604574744887759
"GOW_TC","up","GO:0051018",1,0.195564088911166,0.604574744887759
"GOW_TC","up","GO:0070566",1,0.195564088911166,0.604574744887759
"GOW_TC","up","GO:0015293",2,0.201300559274545,0.604574744887759
"GOW_TC","up","GO:0003700",5,0.203996170630105,0.604574744887759
"GOW_TC","up","GO:0031490",1,0.204740163942597,0.604574744887759
"GOW_TC","up","GO:0016705",2,0.209634489363799,0.604574744887759
"GOW_TC","up","GO:0016409",1,0.213813068818252,0.604574744887759
"GOW_TC","up","GO:0051879",1,0.213813068818252,0.604574744887759
"GOW_TC","up","GO:0022843",1,0.22278394665049,0.604574744887759
"GOW_TC","up","GO:0032266",1,0.22278394665049,0.604574744887759
"GOW_TC","up","GO:0042826",1,0.22278394665049,0.604574744887759
"GOW_TC","up","GO:0046915",1,0.22278394665049,0.604574744887759
"GOW_TC","up","GO:0015485",1,0.240424131375494,0.604574744887759
"GOW_TC","up","GO:0005507",1,0.249095662635436,0.604574744887759
"GOW_TC","up","GO:0016896",1,0.249095662635436,0.604574744887759
"GOW_TC","up","GO:0140030",2,0.251738162152997,0.604574744887759
"GOW_TC","up","GO:0005525",4,0.252546331491024,0.604574744887759
"GOW_TC","up","GO:0003823",1,0.257669615850421,0.604574744887759
"GOW_TC","up","GO:0004532",1,0.257669615850421,0.604574744887759
"GOW_TC","up","GO:0004879",1,0.257669615850421,0.604574744887759
"GOW_TC","up","GO:0015175",1,0.257669615850421,0.604574744887759
"GOW_TC","up","GO:0016247",1,0.257669615850421,0.604574744887759
"GOW_TC","up","GO:0019003",1,0.257669615850421,0.604574744887759
"GOW_TC","up","GO:0070851",1,0.257669615850421,0.604574744887759
"GOW_TC","up","GO:0098531",1,0.257669615850421,0.604574744887759
"GOW_TC","up","GO:0099106",1,0.257669615850421,0.604574744887759
"GOW_TC","up","GO:0046982",2,0.264445527698885,0.604574744887759
"GOW_TC","up","GO:0030165",1,0.266147073067621,0.604574744887759
"GOW_TC","up","GO:0046914",7,0.268510157763675,0.604574744887759
"GOW_TC","up","GO:0008013",1,0.27452910451247,0.604574744887759
"GOW_TC","up","GO:0016811",1,0.27452910451247,0.604574744887759
"GOW_TC","up","GO:0097110",1,0.27452910451247,0.604574744887759
"GOW_TC","up","GO:0120013",1,0.27452910451247,0.604574744887759
"GOW_TC","up","GO:0000978",4,0.275299412985182,0.604574744887759
"GOW_TC","up","GO:0043021",2,0.27715912471753,0.604574744887759
"GOW_TC","up","GO:0005516",2,0.281395811886536,0.604574744887759
"GOW_TC","up","GO:0019902",2,0.281395811886536,0.604574744887759
"GOW_TC","up","GO:0019001",4,0.282966803388998,0.604574744887759
"GOW_TC","up","GO:0032561",4,0.282966803388998,0.604574744887759
"GOW_TC","up","GO:0005096",2,0.285631034410905,0.604574744887759
"GOW_TC","up","GO:1990837",5,0.289603387724313,0.604574744887759
"GOW_TC","up","GO:0008375",1,0.291011112640147,0.604574744887759
"GOW_TC","up","GO:0000987",4,0.29582231686954,0.604574744887759
"GOW_TC","up","GO:0005102",5,0.296319052584443,0.604574744887759
"GOW_TC","up","GO:0016796",1,0.299113171803418,0.604574744887759
"GOW_TC","up","GO:0030971",1,0.299113171803418,0.604574744887759
"GOW_TC","up","GO:0140677",4,0.303575551439622,0.604574744887759
"GOW_TC","up","GO:0005244",1,0.307123970402981,0.604574744887759
"GOW_TC","up","GO:0008408",1,0.307123970402981,0.604574744887759
"GOW_TC","up","GO:0017069",1,0.307123970402981,0.604574744887759
"GOW_TC","up","GO:0022832",1,0.307123970402981,0.604574744887759
"GOW_TC","up","GO:0030544",1,0.307123970402981,0.604574744887759
"GOW_TC","up","GO:0060090",4,0.311354304778571,0.608113876520647
"GOW_TC","up","GO:0001221",1,0.322875826825848,0.610265658853427
"GOW_TC","up","GO:0048029",1,0.322875826825848,0.610265658853427
"GOW_TC","up","GO:0016758",2,0.323602028753672,0.610265658853427
"GOW_TC","up","GO:0008234",2,0.327796499942176,0.610265658853427
"GOW_TC","up","GO:0005126",1,0.330618877530027,0.610265658853427
"GOW_TC","up","GO:0005548",1,0.330618877530027,0.610265658853427
"GOW_TC","up","GO:0015179",1,0.330618877530027,0.610265658853427
"GOW_TC","up","GO:0051015",2,0.331984518416264,0.610265658853427
"GOW_TC","up","GO:0022804",3,0.35188490788282,0.61976548603224
"GOW_TC","up","GO:0008509",1,0.353328249230204,0.61976548603224
"GOW_TC","up","GO:0032934",1,0.353328249230204,0.61976548603224
"GOW_TC","up","GO:1990782",1,0.353328249230204,0.61976548603224
"GOW_TC","up","GO:0003690",5,0.355471911008308,0.61976548603224
"GOW_TC","up","GO:0031267",2,0.356955814589736,0.61976548603224
"GOW_TC","up","GO:0015171",1,0.36072797573155,0.61976548603224
"GOW_TC","up","GO:0043178",1,0.36072797573155,0.61976548603224
"GOW_TC","up","GO:0008270",5,0.362366936259093,0.61976548603224
"GOW_TC","up","GO:0000977",4,0.363607688889976,0.61976548603224
"GOW_TC","up","GO:0008047",3,0.364422105786957,0.61976548603224
"GOW_TC","up","GO:0008092",6,0.378234892901555,0.638910292063437
"GOW_TC","up","GO:0033218",2,0.385675592985431,0.647106699639985
"GOW_TC","up","GO:0004527",1,0.389501505722736,0.64916917620456
"GOW_TC","up","GO:0051020",2,0.393785393355886,0.651962571781269
"GOW_TC","up","GO:0004222",1,0.396493106736036,0.652126820289533
"GOW_TC","up","GO:0005496",1,0.403405785294338,0.659159779892709
"GOW_TC","up","GO:0015297",1,0.416997877165258,0.672577221234286
"GOW_TC","up","GO:0016810",1,0.416997877165258,0.672577221234286
"GOW_TC","up","GO:0003727",1,0.43681573440077,0.681167132193257
"GOW_TC","up","GO:0032182",1,0.43681573440077,0.681167132193257
"GOW_TC","up","GO:0043022",1,0.43681573440077,0.681167132193257
"GOW_TC","up","GO:0052689",1,0.43681573440077,0.681167132193257
"GOW_TC","up","GO:0030674",3,0.438583294120769,0.681167132193257
"GOW_TC","up","GO:0008017",2,0.441396196759394,0.681167132193257
"GOW_TC","up","GO:0001664",1,0.443272981713224,0.681167132193257
"GOW_TC","up","GO:0000976",4,0.444279324708681,0.681167132193257
"GOW_TC","up","GO:0001067",4,0.446845638718777,0.681167132193257
"GOW_TC","up","GO:0015294",1,0.455969362944572,0.690862671128139
"GOW_TC","up","GO:0003777",1,0.474480708985799,0.710300462553591
"GOW_TC","up","GO:0019783",1,0.474480708985799,0.710300462553591
"GOW_TC","up","GO:0044325",1,0.486475296163965,0.720346241598547
"GOW_TC","up","GO:0016757",2,0.486954059320618,0.720346241598547
"GOW_TC","up","GO:0004540",1,0.492371004078222,0.724075005997386
"GOW_TC","up","GO:0005509",4,0.497371228807986,0.724127898323213
"GOW_TC","up","GO:0004197",1,0.49819999404637,0.724127898323213
"GOW_TC","up","GO:0004175",2,0.508877448044897,0.731906987223484
"GOW_TC","up","GO:0005262",1,0.509660788069728,0.731906987223484
"GOW_TC","up","GO:0019901",3,0.512334891056439,0.731906987223484
"GOW_TC","up","GO:0046983",4,0.519510761452896,0.735682956027281
"GOW_TC","up","GO:0005319",1,0.520863532867315,0.735682956027281
"GOW_TC","up","GO:0005506",1,0.526369931307047,0.739283611386302
"GOW_TC","up","GO:0020037",1,0.542517656138311,0.748331561602077
"GOW_TC","up","GO:0003724",1,0.547778703092721,0.748331561602077
"GOW_TC","up","GO:0008186",1,0.547778703092721,0.748331561602077
"GOW_TC","up","GO:0051087",1,0.547778703092721,0.748331561602077
"GOW_TC","up","GO:1901981",1,0.547778703092721,0.748331561602077
"GOW_TC","up","GO:0008233",3,0.554166074318102,0.752943035758291
"GOW_TC","up","GO:0046906",1,0.558122557735277,0.75421967261524
"GOW_TC","up","GO:0015085",1,0.563206690387648,0.756998239768344
"GOW_TC","up","GO:0046873",2,0.574247892412621,0.763053721754404
"GOW_TC","up","GO:0019903",1,0.578115707160406,0.763053721754404
"GOW_TC","up","GO:0019900",3,0.580885734122197,0.763053721754404
"GOW_TC","up","GO:0005342",1,0.582973043420365,0.763053721754404
"GOW_TC","up","GO:0046943",1,0.582973043420365,0.763053721754404
"GOW_TC","up","GO:0005215",5,0.586220366169705,0.763307768450137
"GOW_TC","up","GO:0042277",1,0.601857286167809,0.772080433609633
"GOW_TC","up","GO:0030695",2,0.606087413488403,0.772080433609633
"GOW_TC","up","GO:0060589",2,0.606087413488403,0.772080433609633
"GOW_TC","up","GO:0005543",2,0.609172646913845,0.772080433609633
"GOW_TC","up","GO:0008237",1,0.615464995455712,0.772080433609633
"GOW_TC","up","GO:0015631",2,0.618320569917549,0.772080433609633
"GOW_TC","up","GO:0016853",1,0.628614133495729,0.772080433609633
"GOW_TC","up","GO:0140110",5,0.62970551191508,0.772080433609633
"GOW_TC","up","GO:0003779",2,0.636132167712731,0.772080433609633
"GOW_TC","up","GO:0008134",2,0.636132167712731,0.772080433609633
"GOW_TC","up","GO:0001228",1,0.637133007322748,0.772080433609633
"GOW_TC","up","GO:0016779",1,0.637133007322748,0.772080433609633
"GOW_TC","up","GO:0022836",1,0.641319934161331,0.772080433609633
"GOW_TC","up","GO:0022839",1,0.641319934161331,0.772080433609633
"GOW_TC","up","GO:0001216",1,0.645459242497653,0.772080433609633
"GOW_TC","up","GO:0004518",1,0.645459242497653,0.772080433609633
"GOW_TC","up","GO:0140993",1,0.645459242497653,0.772080433609633
"GOW_TC","up","GO:0005085",1,0.649551466028543,0.773275554795885
"GOW_TC","up","GO:0008514",1,0.669324582033099,0.782726952082856
"GOW_TC","up","GO:0016747",1,0.669324582033099,0.782726952082856
"GOW_TC","up","GO:1901702",2,0.669832819581879,0.782726952082856
"GOW_TC","up","GO:0008289",3,0.673067585903265,0.782726952082856
"GOW_TC","up","GO:0000287",1,0.673145178791256,0.782726952082856
"GOW_TC","up","GO:0022890",2,0.680503758696794,0.784802585454048
"GOW_TC","up","GO:0022853",1,0.68434785451593,0.784802585454048
"GOW_TC","up","GO:0140097",1,0.68434785451593,0.784802585454048
"GOW_TC","up","GO:0022857",4,0.68945819825574,0.785110945000517
"GOW_TC","up","GO:0019904",2,0.690897631600455,0.785110945000517
"GOW_TC","up","GO:0004842",2,0.715690776086137,0.809604950323684
"GOW_TC","up","GO:0035091",1,0.734928552078646,0.82305399304472
"GOW_TC","up","GO:0019787",2,0.736585867033122,0.82305399304472
"GOW_TC","up","GO:0008324",2,0.741051403027426,0.82305399304472
"GOW_TC","up","GO:0004386",1,0.744040809712427,0.82305399304472
"GOW_TC","up","GO:0005261",1,0.744040809712427,0.82305399304472
"GOW_TC","up","GO:0015318",2,0.751938482215681,0.823970840150143
"GOW_TC","up","GO:0016746",3,0.753464882060682,0.823970840150143
"GOW_TC","up","GO:0003735",1,0.758546654134779,0.823970840150143
"GOW_TC","up","GO:0016755",2,0.760367997255134,0.823970840150143
"GOW_TC","up","GO:0044389",1,0.761349056298732,0.823970840150143
"GOW_TC","up","GO:0015075",2,0.804243096800442,0.866641268103925
"GOW_TC","up","GO:0140297",1,0.808896586456427,0.867914792335222
"GOW_TC","up","GO:0005216",1,0.813322056662625,0.868933821220753
"GOW_TC","up","GO:0061630",1,0.850633352197413,0.900954152637504
"GOW_TC","up","GO:0015267",1,0.852378998995919,0.900954152637504
"GOW_TC","up","GO:0022803",1,0.854104536700354,0.900954152637504
"GOW_TC","up","GO:0061659",1,0.86404807848056,0.907613527815714
"GOW_TC","up","GO:0016788",2,0.873790270647728,0.914006559254945
"GOW_TC","up","GO:0016772",3,0.888193085765516,0.925201131005746
"GOW_TC","up","GO:0030234",3,0.903043026852104,0.936766625365253
"GOW_TC","up","GO:0004674",1,0.924718549801758,0.953988106687719
"GOW_TC","up","GO:0042803",1,0.930725368388247,0.953988106687719
"GOW_TC","up","GO:0016491",2,0.931092392127214,0.953988106687719
"GOW_TC","up","GO:0004672",1,0.95999020247617,0.973138575136671
"GOW_TC","up","GO:0005198",1,0.960937715130505,0.973138575136671
"GOW_TC","up","GO:0038023",1,0.965353466535578,0.973138575136671
"GOW_TC","up","GO:0060089",1,0.965353466535578,0.973138575136671
"GOW_TC","up","GO:0016773",1,0.978859924420263,0.982791088775365
"GOW_TC","up","GO:0016301",1,0.983408474322227,0.983408474322227
"GOW_TC","down","GO:0017025",2,0.0161720289279392,0.587907583175867
"GOW_TC","down","GO:0034185",2,0.0161720289279392,0.587907583175867
"GOW_TC","down","GO:0003729",6,0.0167131479430914,0.587907583175867
"GOW_TC","down","GO:0140678",5,0.0199469992420298,0.587907583175867
"GOW_TC","down","GO:0140828",2,0.020294107047313,0.587907583175867
"GOW_TC","down","GO:0004866",3,0.0210740432242236,0.587907583175867
"GOW_TC","down","GO:0030414",3,0.0210740432242236,0.587907583175867
"GOW_TC","down","GO:0004867",2,0.0271997522026069,0.587907583175867
"GOW_TC","down","GO:0061135",3,0.0300715531047051,0.587907583175867
"GOW_TC","down","GO:0005507",2,0.0376474313156645,0.587907583175867
"GOW_TC","down","GO:0016491",9,0.0386897365813918,0.587907583175867
"GOW_TC","down","GO:0016247",2,0.0404643675904174,0.587907583175867
"GOW_TC","down","GO:0099106",2,0.0404643675904174,0.587907583175867
"GOW_TC","down","GO:0005509",8,0.0427721756660093,0.587907583175867
"GOW_TC","down","GO:0140296",2,0.0433585854535355,0.587907583175867
"GOW_TC","down","GO:0004857",4,0.0440240984563467,0.587907583175867
"GOW_TC","down","GO:0030971",2,0.0556632253470041,0.587907583175867
"GOW_TC","down","GO:0015085",3,0.0589968988631642,0.587907583175867
"GOW_TC","down","GO:0061134",3,0.0609972401677167,0.587907583175867
"GOW_TC","down","GO:0003690",8,0.0615404498396416,0.587907583175867
"GOW_TC","down","GO:0019901",6,0.0729150261794084,0.587907583175867
"GOW_TC","down","GO:1990782",2,0.0796722561431583,0.587907583175867
"GOW_TC","down","GO:0016298",2,0.08332755676887,0.587907583175867
"GOW_TC","down","GO:1990837",7,0.0941893427545664,0.587907583175867
"GOW_TC","down","GO:1901702",5,0.100455391518779,0.587907583175867
"GOW_TC","down","GO:0019900",6,0.105387344333944,0.587907583175867
"GOW_TC","down","GO:0004721",3,0.109825855233565,0.587907583175867
"GOW_TC","down","GO:0015297",2,0.114253040134862,0.587907583175867
"GOW_TC","down","GO:0004602",1,0.117028455976748,0.587907583175867
"GOW_TC","down","GO:0005158",1,0.117028455976748,0.587907583175867
"GOW_TC","down","GO:0005246",1,0.117028455976748,0.587907583175867
"GOW_TC","down","GO:0008200",1,0.117028455976748,0.587907583175867
"GOW_TC","down","GO:0008266",1,0.117028455976748,0.587907583175867
"GOW_TC","down","GO:0016248",1,0.117028455976748,0.587907583175867
"GOW_TC","down","GO:0043560",1,0.117028455976748,0.587907583175867
"GOW_TC","down","GO:0120020",1,0.117028455976748,0.587907583175867
"GOW_TC","down","GO:0003924",4,0.124372586915057,0.587907583175867
"GOW_TC","down","GO:0003727",2,0.126513420132867,0.587907583175867
"GOW_TC","down","GO:0017171",2,0.126513420132867,0.587907583175867
"GOW_TC","down","GO:0008187",1,0.127959929367593,0.587907583175867
"GOW_TC","down","GO:0015459",1,0.127959929367593,0.587907583175867
"GOW_TC","down","GO:0016878",1,0.127959929367593,0.587907583175867
"GOW_TC","down","GO:0042578",4,0.133022580376475,0.587907583175867
"GOW_TC","down","GO:0051015",3,0.137074446805641,0.587907583175867
"GOW_TC","down","GO:0015248",1,0.138757850004448,0.587907583175867
"GOW_TC","down","GO:0016018",1,0.138757850004448,0.587907583175867
"GOW_TC","down","GO:0035255",1,0.138757850004448,0.587907583175867
"GOW_TC","down","GO:0046624",1,0.138757850004448,0.587907583175867
"GOW_TC","down","GO:0051393",1,0.138757850004448,0.587907583175867
"GOW_TC","down","GO:0120015",1,0.138757850004448,0.587907583175867
"GOW_TC","down","GO:0001540",1,0.149423827753733,0.587907583175867
"GOW_TC","down","GO:0005245",1,0.149423827753733,0.587907583175867
"GOW_TC","down","GO:0016251",1,0.149423827753733,0.587907583175867
"GOW_TC","down","GO:0042805",1,0.149423827753733,0.587907583175867
"GOW_TC","down","GO:0046873",4,0.153361754920789,0.587907583175867
"GOW_TC","down","GO:0043565",7,0.156767670260587,0.587907583175867
"GOW_TC","down","GO:0005385",1,0.159959453338947,0.587907583175867
"GOW_TC","down","GO:0015453",1,0.159959453338947,0.587907583175867
"GOW_TC","down","GO:0030159",1,0.159959453338947,0.587907583175867
"GOW_TC","down","GO:0120014",1,0.159959453338947,0.587907583175867
"GOW_TC","down","GO:0044325",2,0.160564168594774,0.587907583175867
"GOW_TC","down","GO:0015318",5,0.162227437509134,0.587907583175867
"GOW_TC","down","GO:0000976",6,0.163295022424952,0.587907583175867
"GOW_TC","down","GO:0001067",6,0.165074494068536,0.587907583175867
"GOW_TC","down","GO:0008525",1,0.170366298565174,0.587907583175867
"GOW_TC","down","GO:0001222",1,0.18064591654099,0.587907583175867
"GOW_TC","down","GO:0008146",1,0.18064591654099,0.587907583175867
"GOW_TC","down","GO:0008483",1,0.18064591654099,0.587907583175867
"GOW_TC","down","GO:0016702",1,0.18064591654099,0.587907583175867
"GOW_TC","down","GO:0016769",1,0.18064591654099,0.587907583175867
"GOW_TC","down","GO:0016788",6,0.181464980216941,0.587907583175867
"GOW_TC","down","GO:0005319",2,0.187087679323121,0.587907583175867
"GOW_TC","down","GO:0005215",8,0.188328288966994,0.587907583175867
"GOW_TC","down","GO:0000175",1,0.190799841897802,0.587907583175867
"GOW_TC","down","GO:0004693",1,0.190799841897802,0.587907583175867
"GOW_TC","down","GO:0015026",1,0.190799841897802,0.587907583175867
"GOW_TC","down","GO:0016701",1,0.190799841897802,0.587907583175867
"GOW_TC","down","GO:0016877",1,0.190799841897802,0.587907583175867
"GOW_TC","down","GO:0051019",1,0.190799841897802,0.587907583175867
"GOW_TC","down","GO:0097472",1,0.190799841897802,0.587907583175867
"GOW_TC","down","GO:0005506",2,0.191569724786202,0.587907583175867
"GOW_TC","down","GO:0005102",6,0.200425870322969,0.587907583175867
"GOW_TC","down","GO:0005200",2,0.20057681480795,0.587907583175867
"GOW_TC","down","GO:0004715",1,0.200829591006654,0.587907583175867
"GOW_TC","down","GO:0005254",1,0.200829591006654,0.587907583175867
"GOW_TC","down","GO:0031369",1,0.200829591006654,0.587907583175867
"GOW_TC","down","GO:0031491",1,0.200829591006654,0.587907583175867
"GOW_TC","down","GO:0035254",1,0.200829591006654,0.587907583175867
"GOW_TC","down","GO:0140223",1,0.200829591006654,0.587907583175867
"GOW_TC","down","GO:0020037",2,0.205099823929842,0.587907583175867
"GOW_TC","down","GO:0046914",8,0.207587762362782,0.587907583175867
"GOW_TC","down","GO:0045309",1,0.210736662192522,0.587907583175867
"GOW_TC","down","GO:0051721",1,0.210736662192522,0.587907583175867
"GOW_TC","down","GO:0046906",2,0.218734960572979,0.587907583175867
"GOW_TC","down","GO:0015075",5,0.21997921089248,0.587907583175867
"GOW_TC","down","GO:0046983",6,0.220106258944509,0.587907583175867
"GOW_TC","down","GO:0030515",1,0.220522535946127,0.587907583175867
"GOW_TC","down","GO:0016791",3,0.223099317612543,0.587907583175867
"GOW_TC","down","GO:0016616",2,0.223298905193259,0.587907583175867
"GOW_TC","down","GO:0016620",1,0.230188675133303,0.587907583175867
"GOW_TC","down","GO:0015081",2,0.237034842309166,0.587907583175867
"GOW_TC","down","GO:0016705",2,0.237034842309166,0.587907583175867
"GOW_TC","down","GO:0005253",1,0.239736525201933,0.587907583175867
"GOW_TC","down","GO:0005518",1,0.239736525201933,0.587907583175867
"GOW_TC","down","GO:0022843",1,0.239736525201933,0.587907583175867
"GOW_TC","down","GO:0046915",1,0.239736525201933,0.587907583175867
"GOW_TC","down","GO:0016614",2,0.241625325021915,0.587907583175867
"GOW_TC","down","GO:0022890",4,0.24451980924774,0.587907583175867
"GOW_TC","down","GO:0005272",1,0.249167514386494,0.587907583175867
"GOW_TC","down","GO:0015485",1,0.258483053910234,0.587907583175867
"GOW_TC","down","GO:0016782",1,0.258483053910234,0.587907583175867
"GOW_TC","down","GO:0016903",1,0.258483053910234,0.587907583175867
"GOW_TC","down","GO:0042277",2,0.260024688690168,0.587907583175867
"GOW_TC","down","GO:0005216",3,0.266202557329725,0.587907583175867
"GOW_TC","down","GO:0016896",1,0.267684538185008,0.587907583175867
"GOW_TC","down","GO:0061631",1,0.267684538185008,0.587907583175867
"GOW_TC","down","GO:0003755",1,0.276773345008791,0.587907583175867
"GOW_TC","down","GO:0004532",1,0.276773345008791,0.587907583175867
"GOW_TC","down","GO:0004879",1,0.276773345008791,0.587907583175867
"GOW_TC","down","GO:0019003",1,0.276773345008791,0.587907583175867
"GOW_TC","down","GO:0070403",1,0.276773345008791,0.587907583175867
"GOW_TC","down","GO:0098531",1,0.276773345008791,0.587907583175867
"GOW_TC","down","GO:0008081",1,0.285750835760917,0.587907583175867
"GOW_TC","down","GO:0016859",1,0.285750835760917,0.587907583175867
"GOW_TC","down","GO:0004601",1,0.294618355595039,0.587907583175867
"GOW_TC","down","GO:0005201",1,0.294618355595039,0.587907583175867
"GOW_TC","down","GO:0061650",1,0.294618355595039,0.587907583175867
"GOW_TC","down","GO:0097110",1,0.294618355595039,0.587907583175867
"GOW_TC","down","GO:0120013",1,0.294618355595039,0.587907583175867
"GOW_TC","down","GO:0005525",4,0.302513861901935,0.587907583175867
"GOW_TC","down","GO:0016684",1,0.303377233629869,0.587907583175867
"GOW_TC","down","GO:0017022",1,0.303377233629869,0.587907583175867
"GOW_TC","down","GO:0008201",1,0.312028783137695,0.587907583175867
"GOW_TC","down","GO:0008324",4,0.313778148173634,0.587907583175867
"GOW_TC","down","GO:0042803",4,0.313778148173634,0.587907583175867
"GOW_TC","down","GO:0008289",5,0.314862883898116,0.587907583175867
"GOW_TC","down","GO:0005516",2,0.315187267780901,0.587907583175867
"GOW_TC","down","GO:0015108",1,0.320574301730717,0.587907583175867
"GOW_TC","down","GO:0016796",1,0.320574301730717,0.587907583175867
"GOW_TC","down","GO:0000978",4,0.327917788517181,0.587907583175867
"GOW_TC","down","GO:0004620",1,0.329015071545227,0.587907583175867
"GOW_TC","down","GO:0005244",1,0.329015071545227,0.587907583175867
"GOW_TC","down","GO:0008408",1,0.329015071545227,0.587907583175867
"GOW_TC","down","GO:0016836",1,0.329015071545227,0.587907583175867
"GOW_TC","down","GO:0017069",1,0.329015071545227,0.587907583175867
"GOW_TC","down","GO:0022832",1,0.329015071545227,0.587907583175867
"GOW_TC","down","GO:0016874",2,0.333426589608409,0.587907583175867
"GOW_TC","down","GO:0015267",3,0.334131803164237,0.587907583175867
"GOW_TC","down","GO:0019001",4,0.336425282364757,0.587907583175867
"GOW_TC","down","GO:0032561",4,0.336425282364757,0.587907583175867
"GOW_TC","down","GO:0022803",3,0.337543897564852,0.587907583175867
"GOW_TC","down","GO:0001221",1,0.345587417094433,0.588789554399003
"GOW_TC","down","GO:0000987",4,0.35063005247246,0.588789554399003
"GOW_TC","down","GO:0022853",2,0.351533277528633,0.588789554399003
"GOW_TC","down","GO:0005548",1,0.353721481349972,0.588789554399003
"GOW_TC","down","GO:0030170",1,0.353721481349972,0.588789554399003
"GOW_TC","down","GO:0051219",1,0.353721481349972,0.588789554399003
"GOW_TC","down","GO:0070279",1,0.353721481349972,0.588789554399003
"GOW_TC","down","GO:0004252",1,0.361755774222299,0.594636053877904
"GOW_TC","down","GO:0019208",1,0.361755774222299,0.594636053877904
"GOW_TC","down","GO:0000981",4,0.367694125440019,0.596038488968546
"GOW_TC","down","GO:0008509",1,0.377529861184267,0.596038488968546
"GOW_TC","down","GO:0032934",1,0.377529861184267,0.596038488968546
"GOW_TC","down","GO:0002020",1,0.385272027089935,0.596038488968546
"GOW_TC","down","GO:0003697",1,0.385272027089935,0.596038488968546
"GOW_TC","down","GO:0015103",1,0.385272027089935,0.596038488968546
"GOW_TC","down","GO:0016410",1,0.385272027089935,0.596038488968546
"GOW_TC","down","GO:0016835",1,0.385272027089935,0.596038488968546
"GOW_TC","down","GO:0035591",1,0.385272027089935,0.596038488968546
"GOW_TC","down","GO:0043178",1,0.385272027089935,0.596038488968546
"GOW_TC","down","GO:0022857",6,0.389464224865309,0.599000532979978
"GOW_TC","down","GO:0016209",1,0.392919165581933,0.600800817139816
"GOW_TC","down","GO:0022804",3,0.401997824665293,0.611129640965156
"GOW_TC","down","GO:0005539",1,0.407932949763155,0.612258379734126
"GOW_TC","down","GO:0051213",1,0.407932949763155,0.612258379734126
"GOW_TC","down","GO:0003779",3,0.412052217539697,0.612258379734126
"GOW_TC","down","GO:0008134",3,0.412052217539697,0.612258379734126
"GOW_TC","down","GO:0004527",1,0.415301855964244,0.613620157969641
"GOW_TC","down","GO:0004222",1,0.422580256097469,0.617187740191491
"GOW_TC","down","GO:0000977",4,0.424328212973463,0.617187740191491
"GOW_TC","down","GO:0033218",2,0.426369528908546,0.617187740191491
"GOW_TC","down","GO:0005496",1,0.429769246932909,0.617187740191491
"GOW_TC","down","GO:0005261",2,0.430641459594864,0.617187740191491
"GOW_TC","down","GO:0008270",5,0.431796745989484,0.617187740191491
"GOW_TC","down","GO:0004497",1,0.443883322390417,0.627641471982148
"GOW_TC","down","GO:0008236",1,0.443883322390417,0.627641471982148
"GOW_TC","down","GO:0003700",4,0.446706324020869,0.62825541827534
"GOW_TC","down","GO:0052689",1,0.464410539433646,0.649680701441749
"GOW_TC","down","GO:0015291",2,0.468324844171687,0.651690127074887
"GOW_TC","down","GO:0001664",1,0.471085383159547,0.652081346162953
"GOW_TC","down","GO:0004725",1,0.484189795273843,0.666711602916339
"GOW_TC","down","GO:0051287",1,0.503247988760267,0.683592008447334
"GOW_TC","down","GO:0030234",6,0.505621881567449,0.683592008447334
"GOW_TC","down","GO:0004930",1,0.509444994888508,0.683592008447334
"GOW_TC","down","GO:0015399",1,0.509444994888508,0.683592008447334
"GOW_TC","down","GO:0045296",1,0.509444994888508,0.683592008447334
"GOW_TC","down","GO:0004540",1,0.521611064161663,0.696364009515317
"GOW_TC","down","GO:0140297",2,0.531591478466099,0.706103832508
"GOW_TC","down","GO:0005262",1,0.539304044588224,0.712748561440718
"GOW_TC","down","GO:0004553",1,0.550739043652014,0.724221842402398
"GOW_TC","down","GO:0004175",2,0.55399353765546,0.724877116434756
"GOW_TC","down","GO:1901681",1,0.578115707160406,0.749981211226983
"GOW_TC","down","GO:0017111",5,0.57888283604212,0.749981211226983
"GOW_TC","down","GO:0004713",1,0.583390139893023,0.752115719567967
"GOW_TC","down","GO:0019842",1,0.588599499597595,0.755130089727647
"GOW_TC","down","GO:0003714",1,0.598826158882449,0.764520775660603
"GOW_TC","down","GO:0019903",1,0.60880190849168,0.773501941706821
"GOW_TC","down","GO:0016462",5,0.630484184461538,0.789606383397069
"GOW_TC","down","GO:0016817",5,0.630484184461538,0.789606383397069
"GOW_TC","down","GO:0016818",5,0.630484184461538,0.789606383397069
"GOW_TC","down","GO:0008092",5,0.636670966180108,0.793575659267149
"GOW_TC","down","GO:0008237",1,0.646315151138331,0.797505951013095
"GOW_TC","down","GO:0030695",2,0.651595463494693,0.797505951013095
"GOW_TC","down","GO:0060589",2,0.651595463494693,0.797505951013095
"GOW_TC","down","GO:0016853",1,0.659447815078785,0.797505951013095
"GOW_TC","down","GO:0001228",1,0.667934410910301,0.797505951013095
"GOW_TC","down","GO:0046982",1,0.667934410910301,0.797505951013095
"GOW_TC","down","GO:0004672",3,0.66797990862633,0.797505951013095
"GOW_TC","down","GO:0022836",1,0.672099113114603,0.797505951013095
"GOW_TC","down","GO:0022839",1,0.672099113114603,0.797505951013095
"GOW_TC","down","GO:0005198",3,0.672830365645332,0.797505951013095
"GOW_TC","down","GO:0001216",1,0.676212270250647,0.797505951013095
"GOW_TC","down","GO:0004518",1,0.676212270250647,0.797505951013095
"GOW_TC","down","GO:0005085",1,0.680274511758041,0.798715163358771
"GOW_TC","down","GO:0019902",1,0.684286459494053,0.799854839319716
"GOW_TC","down","GO:0005096",1,0.688248727823696,0.800926616892178
"GOW_TC","down","GO:0038023",3,0.696320793490931,0.801850574300872
"GOW_TC","down","GO:0060089",3,0.696320793490931,0.801850574300872
"GOW_TC","down","GO:0016747",1,0.699843489503008,0.801850574300872
"GOW_TC","down","GO:0140110",5,0.70237738899536,0.801850574300872
"GOW_TC","down","GO:0003682",2,0.706004266941135,0.801850574300872
"GOW_TC","down","GO:0042393",1,0.707335867824343,0.801850574300872
"GOW_TC","down","GO:0140097",1,0.714643656693576,0.804346878979434
"GOW_TC","down","GO:0106310",2,0.716531665724669,0.804346878979434
"GOW_TC","down","GO:0016758",1,0.721771343875081,0.804346878979434
"GOW_TC","down","GO:0050839",1,0.721771343875081,0.804346878979434
"GOW_TC","down","GO:0016829",1,0.732134736679401,0.811328260381896
"GOW_TC","down","GO:0019904",2,0.734205802170689,0.811328260381896
"GOW_TC","down","GO:0004842",2,0.757850110599854,0.830581226014651
"GOW_TC","down","GO:0016798",1,0.757944845032381,0.830581226014651
"GOW_TC","down","GO:0004674",2,0.766796384037444,0.833533184109563
"GOW_TC","down","GO:0031625",1,0.766977302488647,0.833533184109563
"GOW_TC","down","GO:0019787",2,0.7775812498521,0.840305813009404
"GOW_TC","down","GO:0016773",3,0.779599309407964,0.840305813009404
"GOW_TC","down","GO:0044389",1,0.789469861518329,0.847471728895186
"GOW_TC","down","GO:0016755",2,0.799806937961539,0.853765704918014
"GOW_TC","down","GO:0016746",3,0.801825585987641,0.853765704918014
"GOW_TC","down","GO:0016301",3,0.813012320758573,0.862186453062519
"GOW_TC","down","GO:0008233",2,0.82698349386429,0.873480557776339
"GOW_TC","down","GO:0016757",1,0.834661060599972,0.878063435751171
"GOW_TC","down","GO:0061630",1,0.873527796569346,0.915290081664295
"GOW_TC","down","GO:0061659",1,0.885830469953533,0.92449767300706
"GOW_TC","down","GO:0008047",1,0.908187245987521,0.940114675390638
"GOW_TC","down","GO:0140640",2,0.910513940185546,0.940114675390638
"GOW_TC","down","GO:0004888",1,0.911657033025844,0.940114675390638
"GOW_TC","down","GO:0003712",1,0.918213031988859,0.940114675390638
"GOW_TC","down","GO:0016772",3,0.918667192301878,0.940114675390638
"GOW_TC","down","GO:0030674",1,0.93257615955177,0.950420948579598
"GOW_TC","down","GO:0140098",1,0.935965877118311,0.950420948579598
"GOW_TC","down","GO:0140657",2,0.940186221869708,0.951034524429743
"GOW_TC","down","GO:0140677",1,0.955417500321715,0.960771481890365
"GOW_TC","down","GO:0060090",1,0.957118358385078,0.960771481890365
"GOW_TC","down","GO:0016887",1,0.963304601945162,0.963304601945162
"GDO_TC","up","GO:0016491",18,0.000605722085385203,0.0822611674335486
"GDO_TC","up","GO:0016705",7,0.000678151844353466,0.0822611674335486
"GDO_TC","up","GO:0003756",3,0.00107180674180519,0.0822611674335486
"GDO_TC","up","GO:0016864",3,0.00107180674180519,0.0822611674335486
"GDO_TC","up","GO:0004497",5,0.00221204876989672,0.110608864014938
"GDO_TC","up","GO:0004812",4,0.00252202621532432,0.110608864014938
"GDO_TC","up","GO:0016875",4,0.00252202621532432,0.110608864014938
"GDO_TC","up","GO:0016667",4,0.00475348044641391,0.182414812131134
"GDO_TC","up","GO:0042277",6,0.00625572034612145,0.182931800103946
"GDO_TC","up","GO:0015035",3,0.00641959645185329,0.182931800103946
"GDO_TC","up","GO:0008135",5,0.00756103239873259,0.182931800103946
"GDO_TC","up","GO:0045182",6,0.00798334732174324,0.182931800103946
"GDO_TC","up","GO:0000049",4,0.0080329202948957,0.182931800103946
"GDO_TC","up","GO:0015036",3,0.00868986018047098,0.182931800103946
"GDO_TC","up","GO:0019829",3,0.00997965221637287,0.182931800103946
"GDO_TC","up","GO:0003743",4,0.0105754021794226,0.182931800103946
"GDO_TC","up","GO:0020037",5,0.0107256430028372,0.182931800103946
"GDO_TC","up","GO:0140101",5,0.0107256430028372,0.182931800103946
"GDO_TC","up","GO:0016860",3,0.0113748965111611,0.183794380469814
"GDO_TC","up","GO:0033218",7,0.0126806529499465,0.190134452361792
"GDO_TC","up","GO:0046906",5,0.013005939738103,0.190134452361792
"GDO_TC","up","GO:0090079",5,0.0138336052158236,0.193041672784447
"GDO_TC","up","GO:0005507",3,0.0144872089168293,0.193372745107243
"GDO_TC","up","GO:0003924",8,0.015865816211118,0.195990611158999
"GDO_TC","up","GO:0016874",6,0.0159601474885178,0.195990611158999
"GDO_TC","up","GO:0022804",9,0.018685049310028,0.213030300054376
"GDO_TC","up","GO:0008375",3,0.0199744880477791,0.213030300054376
"GDO_TC","up","GO:0015175",3,0.0199744880477791,0.213030300054376
"GDO_TC","up","GO:0005525",10,0.0201233833927587,0.213030300054376
"GDO_TC","up","GO:0051082",4,0.0225895832563265,0.231166735323075
"GDO_TC","up","GO:0004601",3,0.0241845857626824,0.237133901459947
"GDO_TC","up","GO:0017111",15,0.0247175402173235,0.237133901459947
"GDO_TC","up","GO:0016684",3,0.0264555859462537,0.238037990205752
"GDO_TC","up","GO:0017022",3,0.0264555859462537,0.238037990205752
"GDO_TC","up","GO:0019001",10,0.0279132496658211,0.238037990205752
"GDO_TC","up","GO:0032561",10,0.0279132496658211,0.238037990205752
"GDO_TC","up","GO:0008083",2,0.0311808213775811,0.258716544943713
"GDO_TC","up","GO:0042625",2,0.0358691480464538,0.261481851137903
"GDO_TC","up","GO:0044769",2,0.0358691480464538,0.261481851137903
"GDO_TC","up","GO:0046961",2,0.0358691480464538,0.261481851137903
"GDO_TC","up","GO:0140657",13,0.0363710844127358,0.261481851137903
"GDO_TC","up","GO:0016462",15,0.037476226221719,0.261481851137903
"GDO_TC","up","GO:0016817",15,0.037476226221719,0.261481851137903
"GDO_TC","up","GO:0016818",15,0.037476226221719,0.261481851137903
"GDO_TC","up","GO:0022857",14,0.0414781501037321,0.279163574192533
"GDO_TC","up","GO:0015179",3,0.0423812881776722,0.279163574192533
"GDO_TC","up","GO:0008194",4,0.0427383973519514,0.279163574192533
"GDO_TC","up","GO:0048018",3,0.0485476276889184,0.300714038428075
"GDO_TC","up","GO:0051117",3,0.0485476276889184,0.300714038428075
"GDO_TC","up","GO:0016758",5,0.0489762277570154,0.300714038428075
"GDO_TC","up","GO:0015187",2,0.0513978058017477,0.308324509607919
"GDO_TC","up","GO:0015171",3,0.0551283043254724,0.308324509607919
"GDO_TC","up","GO:0016209",3,0.0551283043254724,0.308324509607919
"GDO_TC","up","GO:0030546",3,0.0551283043254724,0.308324509607919
"GDO_TC","up","GO:0008514",5,0.0569144153574155,0.308324509607919
"GDO_TC","up","GO:0000146",2,0.0570200819704844,0.308324509607919
"GDO_TC","up","GO:0015291",6,0.0572459187219915,0.308324509607919
"GDO_TC","up","GO:0030545",3,0.0585705941037353,0.310020213618047
"GDO_TC","up","GO:0022853",5,0.0633277870319938,0.329519163030883
"GDO_TC","up","GO:0042626",3,0.0657514944807549,0.336428480093196
"GDO_TC","up","GO:1901681",4,0.0676295160693331,0.340188308727224
"GDO_TC","up","GO:0005102",11,0.068702524889537,0.340188308727224
"GDO_TC","up","GO:0016597",2,0.0750610473861741,0.365773675358023
"GDO_TC","up","GO:0005509",11,0.076547152220435,0.366472629667422
"GDO_TC","up","GO:0005215",14,0.079065918129856,0.366472629667422
"GDO_TC","up","GO:0005048",2,0.0814296624736754,0.366472629667422
"GDO_TC","up","GO:0140662",2,0.0814296624736754,0.366472629667422
"GDO_TC","up","GO:0005342",4,0.0823668125311144,0.366472629667422
"GDO_TC","up","GO:0046943",4,0.0823668125311144,0.366472629667422
"GDO_TC","up","GO:0015297",3,0.0853534285893276,0.374335751098908
"GDO_TC","up","GO:0043022",3,0.0895420673133816,0.387174854439552
"GDO_TC","up","GO:0003823",2,0.108409677709545,0.449852107783027
"GDO_TC","up","GO:0019003",2,0.108409677709545,0.449852107783027
"GDO_TC","up","GO:0016853",4,0.108926642647282,0.449852107783027
"GDO_TC","up","GO:0051020",5,0.109898723399762,0.449852107783027
"GDO_TC","up","GO:0030276",2,0.122673746115379,0.495537369176596
"GDO_TC","up","GO:0015399",3,0.125936831533899,0.502111782868921
"GDO_TC","up","GO:0016830",2,0.129969239474838,0.511545596394554
"GDO_TC","up","GO:0005178",2,0.144847630197291,0.546009792653283
"GDO_TC","up","GO:0005506",3,0.14583974917775,0.546009792653283
"GDO_TC","up","GO:0031406",3,0.14583974917775,0.546009792653283
"GDO_TC","up","GO:0043177",3,0.14583974917775,0.546009792653283
"GDO_TC","up","GO:0003729",6,0.151318917213416,0.550489215102909
"GDO_TC","up","GO:0016757",5,0.151517674938636,0.550489215102909
"GDO_TC","up","GO:0008201",2,0.152415580728819,0.550489215102909
"GDO_TC","up","GO:0044183",2,0.16005986072906,0.571376479579318
"GDO_TC","up","GO:0050839",4,0.180242957393508,0.636029746204677
"GDO_TC","up","GO:0003725",2,0.183383945423216,0.636754700114146
"GDO_TC","up","GO:0051015",4,0.184596639446772,0.636754700114146
"GDO_TC","up","GO:0019903",3,0.193900717296014,0.640851401249028
"GDO_TC","up","GO:0005158",1,0.197173557526769,0.640851401249028
"GDO_TC","up","GO:0005164",1,0.197173557526769,0.640851401249028
"GDO_TC","up","GO:1990380",1,0.197173557526769,0.640851401249028
"GDO_TC","up","GO:0016765",2,0.199196967707362,0.640851401249028
"GDO_TC","up","GO:0015293",3,0.205080803315024,0.640851401249028
"GDO_TC","up","GO:0030246",4,0.206864650525401,0.640851401249028
"GDO_TC","up","GO:0031267",4,0.206864650525401,0.640851401249028
"GDO_TC","up","GO:0005245",1,0.214629317967085,0.640851401249028
"GDO_TC","up","GO:0008320",1,0.214629317967085,0.640851401249028
"GDO_TC","up","GO:0003774",3,0.216406834685742,0.640851401249028
"GDO_TC","up","GO:0004222",2,0.22319760448554,0.640851401249028
"GDO_TC","up","GO:0000339",1,0.231708487096554,0.640851401249028
"GDO_TC","up","GO:0004438",1,0.231708487096554,0.640851401249028
"GDO_TC","up","GO:0016645",1,0.231708487096554,0.640851401249028
"GDO_TC","up","GO:0016712",1,0.231708487096554,0.640851401249028
"GDO_TC","up","GO:0030742",1,0.231708487096554,0.640851401249028
"GDO_TC","up","GO:0032813",1,0.231708487096554,0.640851401249028
"GDO_TC","up","GO:0035255",1,0.231708487096554,0.640851401249028
"GDO_TC","up","GO:0042169",1,0.231708487096554,0.640851401249028
"GDO_TC","up","GO:0048027",1,0.231708487096554,0.640851401249028
"GDO_TC","up","GO:0052744",1,0.231708487096554,0.640851401249028
"GDO_TC","up","GO:0004843",2,0.247412598593633,0.657978814459331
"GDO_TC","up","GO:0005539",2,0.247412598593633,0.657978814459331
"GDO_TC","up","GO:0015101",1,0.248419125906469,0.657978814459331
"GDO_TC","up","GO:0022884",1,0.248419125906469,0.657978814459331
"GDO_TC","up","GO:0022890",6,0.252173644375403,0.657978814459331
"GDO_TC","up","GO:0015078",2,0.255510090071779,0.657978814459331
"GDO_TC","up","GO:0005385",1,0.264769124203393,0.657978814459331
"GDO_TC","up","GO:0015932",1,0.264769124203393,0.657978814459331
"GDO_TC","up","GO:0022829",1,0.264769124203393,0.657978814459331
"GDO_TC","up","GO:0030332",1,0.264769124203393,0.657978814459331
"GDO_TC","up","GO:0140326",1,0.264769124203393,0.657978814459331
"GDO_TC","up","GO:0046914",12,0.269778364576729,0.657978814459331
"GDO_TC","up","GO:0101005",2,0.271718294883253,0.657978814459331
"GDO_TC","up","GO:0003746",1,0.280766204215545,0.657978814459331
"GDO_TC","up","GO:0005295",1,0.280766204215545,0.657978814459331
"GDO_TC","up","GO:0015375",1,0.280766204215545,0.657978814459331
"GDO_TC","up","GO:0030331",1,0.280766204215545,0.657978814459331
"GDO_TC","up","GO:0048487",1,0.280766204215545,0.657978814459331
"GDO_TC","up","GO:0140318",1,0.280766204215545,0.657978814459331
"GDO_TC","up","GO:1901505",1,0.280766204215545,0.657978814459331
"GDO_TC","up","GO:0015075",7,0.288922566859699,0.664235786175247
"GDO_TC","up","GO:0019902",3,0.292517002998186,0.664235786175247
"GDO_TC","up","GO:0043021",3,0.292517002998186,0.664235786175247
"GDO_TC","up","GO:0008374",1,0.296417924123808,0.664235786175247
"GDO_TC","up","GO:0034185",1,0.296417924123808,0.664235786175247
"GDO_TC","up","GO:0050997",1,0.296417924123808,0.664235786175247
"GDO_TC","up","GO:0016887",7,0.309817036641024,0.670117412065908
"GDO_TC","up","GO:0004693",1,0.311731681518936,0.670117412065908
"GDO_TC","up","GO:0072349",1,0.311731681518936,0.670117412065908
"GDO_TC","up","GO:0097472",1,0.311731681518936,0.670117412065908
"GDO_TC","up","GO:1901682",1,0.311731681518936,0.670117412065908
"GDO_TC","up","GO:0004519",2,0.312139380864576,0.670117412065908
"GDO_TC","up","GO:0015294",2,0.320179133481286,0.677712284144953
"GDO_TC","up","GO:0019783",2,0.320179133481286,0.677712284144953
"GDO_TC","up","GO:0035254",1,0.326714716786492,0.677712284144953
"GDO_TC","up","GO:0052866",1,0.326714716786492,0.677712284144953
"GDO_TC","up","GO:0070566",1,0.326714716786492,0.677712284144953
"GDO_TC","up","GO:0008324",6,0.331675523978333,0.680584449473774
"GDO_TC","up","GO:0031593",1,0.341374116421001,0.680584449473774
"GDO_TC","up","GO:0051721",1,0.341374116421001,0.680584449473774
"GDO_TC","up","GO:0045296",2,0.344155008425046,0.680584449473774
"GDO_TC","up","GO:0003925",1,0.355716816270803,0.680584449473774
"GDO_TC","up","GO:0004364",1,0.355716816270803,0.680584449473774
"GDO_TC","up","GO:0022843",1,0.355716816270803,0.680584449473774
"GDO_TC","up","GO:0031490",1,0.355716816270803,0.680584449473774
"GDO_TC","up","GO:0033293",1,0.355716816270803,0.680584449473774
"GDO_TC","up","GO:0042910",1,0.355716816270803,0.680584449473774
"GDO_TC","up","GO:0015318",6,0.358985204354485,0.680584449473774
"GDO_TC","up","GO:0002039",1,0.369749604715034,0.680584449473774
"GDO_TC","up","GO:0004712",1,0.369749604715034,0.680584449473774
"GDO_TC","up","GO:0005283",1,0.369749604715034,0.680584449473774
"GDO_TC","up","GO:0005518",1,0.369749604715034,0.680584449473774
"GDO_TC","up","GO:0016706",1,0.369749604715034,0.680584449473774
"GDO_TC","up","GO:0016831",1,0.369749604715034,0.680584449473774
"GDO_TC","up","GO:0042826",1,0.369749604715034,0.680584449473774
"GDO_TC","up","GO:0016829",3,0.370220205414072,0.680584449473774
"GDO_TC","up","GO:0046915",1,0.383479125774146,0.696296844695373
"GDO_TC","up","GO:0005319",2,0.391233445919343,0.696296844695373
"GDO_TC","up","GO:0004175",4,0.391393104392065,0.696296844695373
"GDO_TC","up","GO:0001727",1,0.396911882155343,0.696296844695373
"GDO_TC","up","GO:0005416",1,0.396911882155343,0.696296844695373
"GDO_TC","up","GO:0030374",1,0.396911882155343,0.696296844695373
"GDO_TC","up","GO:0043539",1,0.396911882155343,0.696296844695373
"GDO_TC","up","GO:0140658",1,0.396911882155343,0.696296844695373
"GDO_TC","up","GO:0061631",1,0.410054238234282,0.715265063283662
"GDO_TC","up","GO:0015085",2,0.41421952893933,0.71844856149364
"GDO_TC","up","GO:0140303",1,0.422912422974375,0.727154469676071
"GDO_TC","up","GO:0140677",6,0.425708837324749,0.727154469676071
"GDO_TC","up","GO:0106310",5,0.426344640200954,0.727154469676071
"GDO_TC","up","GO:0003755",1,0.435492532784969,0.73058036920757
"GDO_TC","up","GO:0046332",1,0.435492532784969,0.73058036920757
"GDO_TC","up","GO:0071949",1,0.435492532784969,0.73058036920757
"GDO_TC","up","GO:0005343",1,0.44780053431968,0.734966488126627
"GDO_TC","up","GO:0016859",1,0.44780053431968,0.734966488126627
"GDO_TC","up","GO:0051087",2,0.451549675681338,0.734966488126627
"GDO_TC","up","GO:0008092",10,0.455466486262966,0.734966488126627
"GDO_TC","up","GO:0005201",1,0.459842267216135,0.734966488126627
"GDO_TC","up","GO:0038024",1,0.459842267216135,0.734966488126627
"GDO_TC","up","GO:0061650",1,0.459842267216135,0.734966488126627
"GDO_TC","up","GO:0046873",4,0.460001987983549,0.734966488126627
"GDO_TC","up","GO:0019842",2,0.466107017478514,0.734966488126627
"GDO_TC","up","GO:0005244",1,0.471623446778324,0.734966488126627
"GDO_TC","up","GO:0008028",1,0.471623446778324,0.734966488126627
"GDO_TC","up","GO:0022832",1,0.471623446778324,0.734966488126627
"GDO_TC","up","GO:0030165",1,0.471623446778324,0.734966488126627
"GDO_TC","up","GO:0097110",1,0.471623446778324,0.734966488126627
"GDO_TC","up","GO:0140098",5,0.477710302709928,0.74069223703004
"GDO_TC","up","GO:0016879",1,0.483149666602758,0.745361545965059
"GDO_TC","up","GO:0004521",1,0.494426401149607,0.758944525764647
"GDO_TC","up","GO:0016651",1,0.505459008259955,0.761337549183232
"GDO_TC","up","GO:0030145",1,0.505459008259955,0.761337549183232
"GDO_TC","up","GO:0140104",1,0.505459008259955,0.761337549183232
"GDO_TC","up","GO:0004674",5,0.507007738685162,0.761337549183232
"GDO_TC","up","GO:0008237",2,0.508385008412256,0.761337549183232
"GDO_TC","up","GO:0005126",1,0.526812703175362,0.781311593598242
"GDO_TC","up","GO:0005548",1,0.526812703175362,0.781311593598242
"GDO_TC","up","GO:0016922",1,0.537143945490369,0.789010484524131
"GDO_TC","up","GO:0035064",1,0.537143945490369,0.789010484524131
"GDO_TC","up","GO:0140030",2,0.541929652944378,0.792249540256781
"GDO_TC","up","GO:0008509",1,0.547251374063716,0.796237781220668
"GDO_TC","up","GO:0004252",1,0.557139799591186,0.803013701758188
"GDO_TC","up","GO:0140034",1,0.557139799591186,0.803013701758188
"GDO_TC","up","GO:0016779",2,0.561290836331381,0.805216293241747
"GDO_TC","up","GO:0004518",2,0.567614926527456,0.810501313692693
"GDO_TC","up","GO:0015370",1,0.576278373532213,0.815287837209168
"GDO_TC","up","GO:0051213",1,0.576278373532213,0.815287837209168
"GDO_TC","up","GO:0003779",4,0.583500846204252,0.818008951744491
"GDO_TC","up","GO:0005085",2,0.586195340012339,0.818008951744491
"GDO_TC","up","GO:0005516",2,0.586195340012339,0.818008951744491
"GDO_TC","up","GO:0005096",2,0.592257749279591,0.82272909062821
"GDO_TC","up","GO:1901702",4,0.600415186506664,0.830303884043
"GDO_TC","up","GO:0000287",2,0.610050921139231,0.839845886949524
"GDO_TC","up","GO:0008233",5,0.613061661439461,0.840222902062118
"GDO_TC","up","GO:0042393",2,0.627253394879781,0.854312408860213
"GDO_TC","up","GO:0030295",1,0.628907506196769,0.854312408860213
"GDO_TC","up","GO:0052689",1,0.637025154498715,0.861527411590773
"GDO_TC","up","GO:0008236",1,0.644966607968616,0.864649557407708
"GDO_TC","up","GO:0019209",1,0.644966607968616,0.864649557407708
"GDO_TC","up","GO:0008234",2,0.649275681265235,0.866641887601857
"GDO_TC","up","GO:0017171",1,0.660336026946559,0.872365111953263
"GDO_TC","up","GO:0140640",6,0.663144768524191,0.872365111953263
"GDO_TC","up","GO:0019904",4,0.667593290021304,0.872365111953263
"GDO_TC","up","GO:0003727",1,0.667771339768785,0.872365111953263
"GDO_TC","up","GO:0008094",1,0.667771339768785,0.872365111953263
"GDO_TC","up","GO:0044325",1,0.675045155787748,0.878130774689994
"GDO_TC","up","GO:0051287",1,0.689122144177098,0.892660330220967
"GDO_TC","up","GO:0016773",6,0.693476039423182,0.894525815558475
"GDO_TC","up","GO:0004672",5,0.698621964588439,0.895005572411977
"GDO_TC","up","GO:0003777",1,0.702593950981389,0.895005572411977
"GDO_TC","up","GO:0005262",1,0.702593950981389,0.895005572411977
"GDO_TC","up","GO:0016772",8,0.713892631266351,0.90011264228807
"GDO_TC","up","GO:0004540",1,0.71548639423221,0.90011264228807
"GDO_TC","up","GO:0050660",1,0.71548639423221,0.90011264228807
"GDO_TC","up","GO:0031625",2,0.718330936027939,0.90011264228807
"GDO_TC","up","GO:0004197",1,0.727824199027424,0.904623599600887
"GDO_TC","up","GO:0008757",1,0.727824199027424,0.904623599600887
"GDO_TC","up","GO:0030695",3,0.738457096064063,0.910467182697459
"GDO_TC","up","GO:0060589",3,0.738457096064063,0.910467182697459
"GDO_TC","up","GO:0031072",1,0.745342479462015,0.912500953541962
"GDO_TC","up","GO:0016301",6,0.746051268205317,0.912500953541962
"GDO_TC","up","GO:0044389",2,0.752459136376992,0.916686328840224
"GDO_TC","up","GO:0016616",1,0.766971653015915,0.930673112552909
"GDO_TC","up","GO:0016791",2,0.77195026671182,0.933026503466649
"GDO_TC","up","GO:0008047",3,0.778362702231894,0.937087645432123
"GDO_TC","up","GO:0016788",5,0.783121830439057,0.939134382596838
"GDO_TC","up","GO:0016614",1,0.791461691976962,0.945442565902441
"GDO_TC","up","GO:0015081",1,0.800526698287074,0.952564714628417
"GDO_TC","up","GO:0008168",1,0.813396235411501,0.961167851089264
"GDO_TC","up","GO:0019900",4,0.814018375515338,0.961167851089264
"GDO_TC","up","GO:0022836",1,0.82151476455771,0.962614628699301
"GDO_TC","up","GO:0022839",1,0.82151476455771,0.962614628699301
"GDO_TC","up","GO:0016741",1,0.83304003468956,0.968724585794299
"GDO_TC","up","GO:0046982",1,0.83304003468956,0.968724585794299
"GDO_TC","up","GO:0019887",1,0.836715254051739,0.969326728278807
"GDO_TC","up","GO:0015267",2,0.848024962560169,0.978068368495618
"GDO_TC","up","GO:0022803",2,0.850632750450587,0.978068368495618
"GDO_TC","up","GO:0042578",2,0.855727537569775,0.980255052365377
"GDO_TC","up","GO:0042803",3,0.860989812334005,0.980414995699903
"GDO_TC","up","GO:0061629",1,0.866381035515898,0.980414995699903
"GDO_TC","up","GO:0008289",4,0.870321085536801,0.980414995699903
"GDO_TC","up","GO:0008270",5,0.872756484967237,0.980414995699903
"GDO_TC","up","GO:0016747",1,0.875028367497633,0.980414995699903
"GDO_TC","up","GO:0019207",1,0.875028367497633,0.980414995699903
"GDO_TC","up","GO:0019901",3,0.882468236899024,0.982311270854841
"GDO_TC","up","GO:0140097",1,0.883120230475362,0.982311270854841
"GDO_TC","up","GO:0003713",1,0.900035838701237,0.99751264433675
"GDO_TC","up","GO:0005261",1,0.904406081094818,0.998420257229106
"GDO_TC","up","GO:0015631",2,0.907359126276614,0.998420257229106
"GDO_TC","up","GO:0046983",4,0.911442127258994,0.999331189530397
"GDO_TC","up","GO:0004386",1,0.920070872946148,0.999576843957271
"GDO_TC","up","GO:0003682",2,0.926863222473073,0.999576843957271
"GDO_TC","up","GO:0005198",3,0.935820123587452,0.999576843957271
"GDO_TC","up","GO:0004842",2,0.940294272180189,0.999576843957271
"GDO_TC","up","GO:0008017",1,0.942895270147427,0.999576843957271
"GDO_TC","up","GO:0005216",1,0.94661507246209,0.999576843957271
"GDO_TC","up","GO:0019787",2,0.950456605094086,0.999576843957271
"GDO_TC","up","GO:0140297",1,0.954385828839871,0.999576843957271
"GDO_TC","up","GO:0016755",2,0.959737251726056,0.999576843957271
"GDO_TC","up","GO:0030234",5,0.968462724917922,0.999576843957271
"GDO_TC","up","GO:0016746",3,0.975648985573633,0.999576843957271
"GDO_TC","up","GO:0038023",2,0.979870660285948,0.999576843957271
"GDO_TC","up","GO:0060089",2,0.979870660285948,0.999576843957271
"GDO_TC","up","GO:0008134",1,0.983485763656371,0.999576843957271
"GDO_TC","up","GO:0003712",1,0.9862265817058,0.999576843957271
"GDO_TC","up","GO:0000978",1,0.992549354628829,0.999576843957271
"GDO_TC","up","GO:0000987",1,0.993793063513165,0.999576843957271
"GDO_TC","up","GO:0000981",1,0.994588541698168,0.999576843957271
"GDO_TC","up","GO:0060090",1,0.994830535334002,0.999576843957271
"GDO_TC","up","GO:0043565",2,0.995875244055204,0.999576843957271
"GDO_TC","up","GO:0000977",1,0.996498377558496,0.999576843957271
"GDO_TC","up","GO:0003700",1,0.997018353231997,0.999576843957271
"GDO_TC","up","GO:0000976",1,0.998203356805534,0.999576843957271
"GDO_TC","up","GO:0001067",1,0.998244337443206,0.999576843957271
"GDO_TC","up","GO:1990837",1,0.998758609070725,0.999576843957271
"GDO_TC","up","GO:0003690",1,0.999351661553682,0.999576843957271
"GDO_TC","up","GO:0140110",2,0.999576843957271,0.999576843957271
"GDO_TC","down","GO:0042813",3,0.000740135883190851,0.116533577459171
"GDO_TC","down","GO:0019213",3,0.000951294509870782,0.116533577459171
"GDO_TC","down","GO:0017147",3,0.00180026777478633,0.147021868274217
"GDO_TC","down","GO:0016798",6,0.00583899588657371,0.288510275701387
"GDO_TC","down","GO:0140297",7,0.00588796481023239,0.288510275701387
"GDO_TC","down","GO:0008061",3,0.00830357064081183,0.33906246783315
"GDO_TC","down","GO:0004407",2,0.0121937119539479,0.373432428589654
"GDO_TC","down","GO:0033558",2,0.0121937119539479,0.373432428589654
"GDO_TC","down","GO:0050840",2,0.0144844271680993,0.386785356912519
"GDO_TC","down","GO:0005200",4,0.0157871574250008,0.386785356912519
"GDO_TC","down","GO:0070402",2,0.0195696538507387,0.43586956303918
"GDO_TC","down","GO:0005125",2,0.0223527672714397,0.45636899845856
"GDO_TC","down","GO:0008134",7,0.0247583086931145,0.466598894601003
"GDO_TC","down","GO:0140828",2,0.0315985096825477,0.552973919444586
"GDO_TC","down","GO:0046982",4,0.0376786361241428,0.615417723360999
"GDO_TC","down","GO:0008093",2,0.0458255413593275,0.694715088294866
"GDO_TC","down","GO:0016627",2,0.04968896695987,0.694715088294866
"GDO_TC","down","GO:0046983",9,0.0527629775294016,0.694715088294866
"GDO_TC","down","GO:0061629",4,0.0538758639902141,0.694715088294866
"GDO_TC","down","GO:0016811",2,0.0577517165019552,0.707458527148951
"GDO_TC","down","GO:1990841",2,0.0662334103160869,0.75350595350932
"GDO_TC","down","GO:0005506",3,0.0699967144647266,0.75350595350932
"GDO_TC","down","GO:0008092",11,0.0707372935947525,0.75350595350932
"GDO_TC","down","GO:0004553",3,0.0784100045490762,0.758325795384088
"GDO_TC","down","GO:0001227",2,0.0843223326301668,0.758325795384088
"GDO_TC","down","GO:0003924",5,0.0856550349380308,0.758325795384088
"GDO_TC","down","GO:0001217",2,0.0890564292824656,0.758325795384088
"GDO_TC","down","GO:0008201",2,0.0890564292824656,0.758325795384088
"GDO_TC","down","GO:0050661",2,0.0938679007703896,0.758325795384088
"GDO_TC","down","GO:0003714",3,0.0964828546017897,0.758325795384088
"GDO_TC","down","GO:0016922",2,0.103708961037128,0.758325795384088
"GDO_TC","down","GO:0003697",2,0.108731767535112,0.758325795384088
"GDO_TC","down","GO:0048018",2,0.118965622028568,0.758325795384088
"GDO_TC","down","GO:0005198",7,0.126097824972359,0.758325795384088
"GDO_TC","down","GO:0030546",2,0.129429685690534,0.758325795384088
"GDO_TC","down","GO:0004866",2,0.134740554533563,0.758325795384088
"GDO_TC","down","GO:0030414",2,0.134740554533563,0.758325795384088
"GDO_TC","down","GO:0030545",2,0.134740554533563,0.758325795384088
"GDO_TC","down","GO:0008017",4,0.143434488368329,0.758325795384088
"GDO_TC","down","GO:0016810",2,0.145505661690211,0.758325795384088
"GDO_TC","down","GO:0008175",1,0.146258398325597,0.758325795384088
"GDO_TC","down","GO:0043394",1,0.146258398325597,0.758325795384088
"GDO_TC","down","GO:0005539",2,0.150954402828617,0.758325795384088
"GDO_TC","down","GO:0001530",1,0.159664866962761,0.758325795384088
"GDO_TC","down","GO:0005080",1,0.159664866962761,0.758325795384088
"GDO_TC","down","GO:0003779",5,0.169003307423432,0.758325795384088
"GDO_TC","down","GO:0005537",1,0.172863088762277,0.758325795384088
"GDO_TC","down","GO:0016712",1,0.172863088762277,0.758325795384088
"GDO_TC","down","GO:0043495",1,0.172863088762277,0.758325795384088
"GDO_TC","down","GO:0140299",1,0.172863088762277,0.758325795384088
"GDO_TC","down","GO:0015297",2,0.173129830575045,0.758325795384088
"GDO_TC","down","GO:0061135",2,0.173129830575045,0.758325795384088
"GDO_TC","down","GO:0051082",2,0.184411512859124,0.758325795384088
"GDO_TC","down","GO:0008083",1,0.185856263097273,0.758325795384088
"GDO_TC","down","GO:0016491",8,0.193306194587893,0.758325795384088
"GDO_TC","down","GO:0005385",1,0.198647540731622,0.758325795384088
"GDO_TC","down","GO:0022829",1,0.198647540731622,0.758325795384088
"GDO_TC","down","GO:0016702",1,0.211240024550206,0.758325795384088
"GDO_TC","down","GO:0005509",7,0.218530745709366,0.758325795384088
"GDO_TC","down","GO:0008483",1,0.223636770278346,0.758325795384088
"GDO_TC","down","GO:0016701",1,0.223636770278346,0.758325795384088
"GDO_TC","down","GO:0016769",1,0.223636770278346,0.758325795384088
"GDO_TC","down","GO:0017025",1,0.223636770278346,0.758325795384088
"GDO_TC","down","GO:0034185",1,0.223636770278346,0.758325795384088
"GDO_TC","down","GO:0070840",1,0.223636770278346,0.758325795384088
"GDO_TC","down","GO:0008146",1,0.235840787190536,0.758325795384088
"GDO_TC","down","GO:0003690",7,0.246657606504688,0.758325795384088
"GDO_TC","down","GO:0019955",1,0.247855038808653,0.758325795384088
"GDO_TC","down","GO:0051537",1,0.247855038808653,0.758325795384088
"GDO_TC","down","GO:0020037",2,0.253732115610131,0.758325795384088
"GDO_TC","down","GO:0000978",5,0.258986192253648,0.758325795384088
"GDO_TC","down","GO:0042803",5,0.258986192253648,0.758325795384088
"GDO_TC","down","GO:0001786",1,0.259682443589786,0.758325795384088
"GDO_TC","down","GO:0031593",1,0.259682443589786,0.758325795384088
"GDO_TC","down","GO:0140110",9,0.267466077512634,0.758325795384088
"GDO_TC","down","GO:0015085",2,0.271262617033542,0.758325795384088
"GDO_TC","down","GO:0046906",2,0.271262617033542,0.758325795384088
"GDO_TC","down","GO:0061134",2,0.271262617033542,0.758325795384088
"GDO_TC","down","GO:0003925",1,0.271325875603842,0.758325795384088
"GDO_TC","down","GO:0004867",1,0.271325875603842,0.758325795384088
"GDO_TC","down","GO:0030507",1,0.271325875603842,0.758325795384088
"GDO_TC","down","GO:0033293",1,0.271325875603842,0.758325795384088
"GDO_TC","down","GO:0000976",6,0.277488096896567,0.758325795384088
"GDO_TC","down","GO:0001067",6,0.280208695262754,0.758325795384088
"GDO_TC","down","GO:0005484",1,0.282788165201085,0.758325795384088
"GDO_TC","down","GO:0005518",1,0.282788165201085,0.758325795384088
"GDO_TC","down","GO:0042826",1,0.282788165201085,0.758325795384088
"GDO_TC","down","GO:0070628",1,0.282788165201085,0.758325795384088
"GDO_TC","down","GO:0000987",5,0.283179747943527,0.758325795384088
"GDO_TC","down","GO:0008173",1,0.29407209966974,0.758325795384088
"GDO_TC","down","GO:0016860",1,0.29407209966974,0.758325795384088
"GDO_TC","down","GO:0046915",1,0.29407209966974,0.758325795384088
"GDO_TC","down","GO:0000981",5,0.301618945569926,0.758325795384088
"GDO_TC","down","GO:0004714",1,0.305180423883825,0.758325795384088
"GDO_TC","down","GO:1901681",2,0.306268447116685,0.758325795384088
"GDO_TC","down","GO:0015631",4,0.311865047716533,0.758325795384088
"GDO_TC","down","GO:0005507",1,0.316115840941344,0.758325795384088
"GDO_TC","down","GO:0016782",1,0.316115840941344,0.758325795384088
"GDO_TC","down","GO:0048306",1,0.316115840941344,0.758325795384088
"GDO_TC","down","GO:1990837",6,0.321702330648411,0.758325795384088
"GDO_TC","down","GO:0004879",1,0.326881012792985,0.758325795384088
"GDO_TC","down","GO:0098531",1,0.326881012792985,0.758325795384088
"GDO_TC","down","GO:0008168",2,0.335220115797407,0.758325795384088
"GDO_TC","down","GO:0003755",1,0.337478560861469,0.758325795384088
"GDO_TC","down","GO:0003823",1,0.337478560861469,0.758325795384088
"GDO_TC","down","GO:0019003",1,0.337478560861469,0.758325795384088
"GDO_TC","down","GO:0140296",1,0.337478560861469,0.758325795384088
"GDO_TC","down","GO:0016859",1,0.347911066651676,0.758325795384088
"GDO_TC","down","GO:0003712",4,0.35493781504767,0.758325795384088
"GDO_TC","down","GO:0003684",1,0.358181072351693,0.758325795384088
"GDO_TC","down","GO:0005201",1,0.358181072351693,0.758325795384088
"GDO_TC","down","GO:0019199",1,0.358181072351693,0.758325795384088
"GDO_TC","down","GO:0038024",1,0.358181072351693,0.758325795384088
"GDO_TC","down","GO:0003682",4,0.358537730382158,0.758325795384088
"GDO_TC","down","GO:0000977",5,0.361070432120327,0.758325795384088
"GDO_TC","down","GO:0016741",2,0.363826220333474,0.758325795384088
"GDO_TC","down","GO:0004601",1,0.368291081424914,0.758325795384088
"GDO_TC","down","GO:0016684",1,0.378243559193323,0.758325795384088
"GDO_TC","down","GO:0017022",1,0.378243559193323,0.758325795384088
"GDO_TC","down","GO:0072341",1,0.378243559193323,0.758325795384088
"GDO_TC","down","GO:0016853",2,0.380775752326967,0.758325795384088
"GDO_TC","down","GO:0003700",5,0.383165322732089,0.758325795384088
"GDO_TC","down","GO:0030674",4,0.387317451975853,0.758325795384088
"GDO_TC","down","GO:0005178",1,0.388040933412095,0.758325795384088
"GDO_TC","down","GO:0008080",1,0.388040933412095,0.758325795384088
"GDO_TC","down","GO:0030234",8,0.389996123340388,0.758325795384088
"GDO_TC","down","GO:0140993",2,0.397538177090753,0.761519656144402
"GDO_TC","down","GO:0019838",1,0.40717989777517,0.761519656144402
"GDO_TC","down","GO:0030544",1,0.40717989777517,0.761519656144402
"GDO_TC","down","GO:0044183",1,0.40717989777517,0.761519656144402
"GDO_TC","down","GO:0048029",1,0.40717989777517,0.761519656144402
"GDO_TC","down","GO:0005516",2,0.414094493275692,0.768584476155641
"GDO_TC","down","GO:0005096",2,0.419564487490667,0.772881950640703
"GDO_TC","down","GO:0003725",1,0.43478366363282,0.775890949213409
"GDO_TC","down","GO:0016799",1,0.443699365939877,0.775890949213409
"GDO_TC","down","GO:0043565",6,0.44380829948722,0.775890949213409
"GDO_TC","down","GO:0005525",4,0.451357838105689,0.775890949213409
"GDO_TC","down","GO:0042393",2,0.451833200614575,0.775890949213409
"GDO_TC","down","GO:0003730",1,0.452475953613156,0.775890949213409
"GDO_TC","down","GO:0016410",1,0.452475953613156,0.775890949213409
"GDO_TC","down","GO:0051117",1,0.452475953613156,0.775890949213409
"GDO_TC","down","GO:0016298",1,0.461115573557876,0.775890949213409
"GDO_TC","down","GO:0016407",1,0.461115573557876,0.775890949213409
"GDO_TC","down","GO:0017124",1,0.461115573557876,0.775890949213409
"GDO_TC","down","GO:0051213",1,0.461115573557876,0.775890949213409
"GDO_TC","down","GO:0022853",2,0.462367667694522,0.775890949213409
"GDO_TC","down","GO:0004857",2,0.467591350923231,0.776377009825171
"GDO_TC","down","GO:0016209",1,0.469620339913449,0.776377009825171
"GDO_TC","down","GO:0050839",2,0.477949703848661,0.776377009825171
"GDO_TC","down","GO:0019843",1,0.477992334547946,0.776377009825171
"GDO_TC","down","GO:0051015",2,0.483083664560362,0.776377009825171
"GDO_TC","down","GO:0051536",1,0.486233607545194,0.776377009825171
"GDO_TC","down","GO:0051540",1,0.486233607545194,0.776377009825171
"GDO_TC","down","GO:0019001",4,0.492940185551908,0.776377009825171
"GDO_TC","down","GO:0032561",4,0.492940185551908,0.776377009825171
"GDO_TC","down","GO:0004497",1,0.494346177684598,0.776377009825171
"GDO_TC","down","GO:0004888",3,0.505408772793616,0.781233231559425
"GDO_TC","down","GO:0060090",4,0.50652669189869,0.781233231559425
"GDO_TC","down","GO:0000149",1,0.510193130814318,0.781233231559425
"GDO_TC","down","GO:0030295",1,0.510193130814318,0.781233231559425
"GDO_TC","down","GO:0052689",1,0.517931399060134,0.788156476830638
"GDO_TC","down","GO:0019209",1,0.525548735869567,0.791530423557985
"GDO_TC","down","GO:0140677",4,0.526610036897762,0.791530423557985
"GDO_TC","down","GO:0005102",5,0.531166886395707,0.793511507115538
"GDO_TC","down","GO:0003727",1,0.54769370732716,0.808343122259965
"GDO_TC","down","GO:0008094",1,0.54769370732716,0.808343122259965
"GDO_TC","down","GO:0044325",1,0.554845726898529,0.811238819157969
"GDO_TC","down","GO:0140678",2,0.556278047422608,0.811238819157969
"GDO_TC","down","GO:0004930",1,0.561885879636143,0.81456828704648
"GDO_TC","down","GO:0008047",3,0.566427755632018,0.816322353704967
"GDO_TC","down","GO:0038023",4,0.590607610726631,0.841272468767585
"GDO_TC","down","GO:0060089",4,0.590607610726631,0.841272468767585
"GDO_TC","down","GO:0015291",2,0.596602016890309,0.844898810046969
"GDO_TC","down","GO:0017111",6,0.60019184768465,0.845097716567467
"GDO_TC","down","GO:0008757",1,0.608176761874232,0.851447466623924
"GDO_TC","down","GO:0031406",1,0.620490240997308,0.857503653487007
"GDO_TC","down","GO:0043177",1,0.620490240997308,0.857503653487007
"GDO_TC","down","GO:0031072",1,0.626502669282344,0.857503653487007
"GDO_TC","down","GO:0140101",1,0.626502669282344,0.857503653487007
"GDO_TC","down","GO:0016616",1,0.649624652335715,0.867671276110886
"GDO_TC","down","GO:0016462",6,0.653319117870187,0.867671276110886
"GDO_TC","down","GO:0016817",6,0.653319117870187,0.867671276110886
"GDO_TC","down","GO:0016818",6,0.653319117870187,0.867671276110886
"GDO_TC","down","GO:0003724",1,0.655180351349036,0.867671276110886
"GDO_TC","down","GO:0008186",1,0.655180351349036,0.867671276110886
"GDO_TC","down","GO:0004713",1,0.666031679339768,0.870242581264236
"GDO_TC","down","GO:0016705",1,0.666031679339768,0.870242581264236
"GDO_TC","down","GO:0019903",1,0.671329991260982,0.870242581264236
"GDO_TC","down","GO:0051087",1,0.671329991260982,0.870242581264236
"GDO_TC","down","GO:0016614",1,0.676545156177329,0.872387175070766
"GDO_TC","down","GO:0015081",1,0.686731187434289,0.880885554562308
"GDO_TC","down","GO:0042277",1,0.706160960081456,0.901090808437275
"GDO_TC","down","GO:0046914",6,0.718621737454434,0.910644731007996
"GDO_TC","down","GO:0046873",2,0.721081950267556,0.910644731007996
"GDO_TC","down","GO:0019887",1,0.728779584057012,0.911713640360454
"GDO_TC","down","GO:0001228",1,0.7330921924531,0.911713640360454
"GDO_TC","down","GO:0140030",1,0.7330921924531,0.911713640360454
"GDO_TC","down","GO:0001216",1,0.737336968840162,0.912361400837574
"GDO_TC","down","GO:0019902",1,0.749674777457863,0.918351602385883
"GDO_TC","down","GO:0043021",1,0.749674777457863,0.918351602385883
"GDO_TC","down","GO:0005085",1,0.761439125926585,0.924715288947006
"GDO_TC","down","GO:0030695",2,0.766192667984662,0.924715288947006
"GDO_TC","down","GO:0060589",2,0.766192667984662,0.924715288947006
"GDO_TC","down","GO:0016747",1,0.77627828193558,0.927747214996181
"GDO_TC","down","GO:0019207",1,0.77627828193558,0.927747214996181
"GDO_TC","down","GO:0140097",1,0.786805048186409,0.935763285464419
"GDO_TC","down","GO:0022804",2,0.792674186502043,0.938189254555558
"GDO_TC","down","GO:0016829",1,0.796841687763095,0.938587564913261
"GDO_TC","down","GO:1901702",2,0.807279111715281,0.94441705169366
"GDO_TC","down","GO:0003713",1,0.809500330023137,0.94441705169366
"GDO_TC","down","GO:0022890",2,0.818752484649219,0.944777916871853
"GDO_TC","down","GO:0030246",1,0.821378352219203,0.944777916871853
"GDO_TC","down","GO:0031267",1,0.821378352219203,0.944777916871853
"GDO_TC","down","GO:0004386",1,0.837835136268108,0.954938449845067
"GDO_TC","down","GO:0033218",1,0.842980205745413,0.954938449845067
"GDO_TC","down","GO:0051020",1,0.845491860039167,0.954938449845067
"GDO_TC","down","GO:0140098",2,0.845802627005631,0.954938449845067
"GDO_TC","down","GO:0008324",2,0.860595821379054,0.967014582168864
"GDO_TC","down","GO:0140640",3,0.867786977056846,0.967014582168864
"GDO_TC","down","GO:0022857",4,0.868339624804695,0.967014582168864
"GDO_TC","down","GO:0015318",2,0.872475859818979,0.967224369482578
"GDO_TC","down","GO:0019901",2,0.881918994322937,0.971397616091644
"GDO_TC","down","GO:0015075",2,0.90531105427882,0.971397616091644
"GDO_TC","down","GO:0061630",1,0.910853022383314,0.971397616091644
"GDO_TC","down","GO:0008270",3,0.911121659917556,0.971397616091644
"GDO_TC","down","GO:0005215",4,0.911985371716637,0.971397616091644
"GDO_TC","down","GO:0015267",1,0.912287825171272,0.971397616091644
"GDO_TC","down","GO:0016887",2,0.912491172062786,0.971397616091644
"GDO_TC","down","GO:0022803",1,0.913699784822681,0.971397616091644
"GDO_TC","down","GO:0140657",3,0.91516404368241,0.971397616091644
"GDO_TC","down","GO:0019900",2,0.915889180886407,0.971397616091644
"GDO_TC","down","GO:0061659",1,0.922973414553133,0.974691752437576
"GDO_TC","down","GO:0003729",1,0.930132806134238,0.978036641643298
"GDO_TC","down","GO:0005543",1,0.935593091976481,0.97957396382153
"GDO_TC","down","GO:0008289",2,0.941401587307435,0.981461229320517
"GDO_TC","down","GO:0004842",1,0.962426050466715,0.99241138974486
"GDO_TC","down","GO:0019904",1,0.964809675977595,0.99241138974486
"GDO_TC","down","GO:0016746",2,0.9671370109641,0.99241138974486
"GDO_TC","down","GO:0019787",1,0.968107437342945,0.99241138974486
"GDO_TC","down","GO:0016755",1,0.973379033972236,0.993657763846658
"GDO_TC","down","GO:0004672",1,0.986908451488546,0.999065200473811
"GDO_TC","down","GO:0016788",1,0.992047342873438,0.999065200473811
"GDO_TC","down","GO:0016773",1,0.994208471913245,0.999065200473811
"GDO_TC","down","GO:0016301",1,0.995786990173256,0.999065200473811
"GDO_TC","down","GO:0016772",1,0.999065200473811,0.999065200473811
