"code","direction","GO.ID","Count","p","padj"
"FOA_TC","up","GO:0030684",5,0.00049422384756531,0.0751220248299271
"FOA_TC","up","GO:0005730",9,0.00389159755166715,0.184090096162425
"FOA_TC","up","GO:0032040",3,0.00559400604233193,0.184090096162425
"FOA_TC","up","GO:0120111",3,0.00559400604233193,0.184090096162425
"FOA_TC","up","GO:0005732",2,0.00902699464086018,0.184090096162425
"FOA_TC","up","GO:0070062",6,0.00956408719140496,0.184090096162425
"FOA_TC","up","GO:0043230",6,0.0109000714833015,0.184090096162425
"FOA_TC","up","GO:0065010",6,0.0109000714833015,0.184090096162425
"FOA_TC","up","GO:1903561",6,0.0109000714833015,0.184090096162425
"FOA_TC","up","GO:0005739",10,0.0201426107909064,0.306167684021778
"FOA_TC","up","GO:0016323",3,0.0233125634077513,0.3221372398162
"FOA_TC","up","GO:0009925",3,0.0349401957497978,0.442575812830772
"FOA_TC","up","GO:0045178",3,0.0460384384584309,0.501303049526786
"FOA_TC","up","GO:0048786",2,0.0461726492985198,0.501303049526786
"FOA_TC","up","GO:0005615",7,0.052230952920998,0.529273656266113
"FOA_TC","up","GO:0098590",7,0.0737615964695624,0.642921106436533
"FOA_TC","up","GO:0000932",2,0.0739498089635506,0.642921106436533
"FOA_TC","up","GO:0010494",2,0.0769666327419534,0.642921106436533
"FOA_TC","up","GO:0005759",3,0.0803651383045666,0.642921106436533
"FOA_TC","up","GO:1990904",7,0.104252991687176,0.71697730643381
"FOA_TC","up","GO:0005790",1,0.109421854669564,0.71697730643381
"FOA_TC","up","GO:0005788",2,0.119331776455182,0.71697730643381
"FOA_TC","up","GO:0005852",1,0.128014161891798,0.71697730643381
"FOA_TC","up","GO:0030688",1,0.128014161891798,0.71697730643381
"FOA_TC","up","GO:0033290",1,0.128014161891798,0.71697730643381
"FOA_TC","up","GO:0009986",3,0.134705049194137,0.71697730643381
"FOA_TC","up","GO:0000791",1,0.137167020911101,0.71697730643381
"FOA_TC","up","GO:0030687",1,0.137167020911101,0.71697730643381
"FOA_TC","up","GO:0016282",1,0.14622563486479,0.71697730643381
"FOA_TC","up","GO:0031526",1,0.14622563486479,0.71697730643381
"FOA_TC","up","GO:0070993",1,0.14622563486479,0.71697730643381
"FOA_TC","up","GO:0043235",2,0.158685047072452,0.721300185763957
"FOA_TC","up","GO:0005771",1,0.164063924501013,0.721300185763957
"FOA_TC","up","GO:0030686",1,0.164063924501013,0.721300185763957
"FOA_TC","up","GO:0045211",2,0.166088858564069,0.721300185763957
"FOA_TC","up","GO:0044232",1,0.172845475193124,0.729792006370968
"FOA_TC","up","GO:0005902",1,0.190138006442328,0.739077826196376
"FOA_TC","up","GO:0043025",3,0.195840646746123,0.739077826196376
"FOA_TC","up","GO:0098982",1,0.198650806859753,0.739077826196376
"FOA_TC","up","GO:0043186",1,0.207075828704333,0.739077826196376
"FOA_TC","up","GO:0060293",1,0.207075828704333,0.739077826196376
"FOA_TC","up","GO:0032838",3,0.21485607149482,0.739077826196376
"FOA_TC","up","GO:0097225",1,0.215413959524833,0.739077826196376
"FOA_TC","up","GO:0045202",7,0.220454573626197,0.739077826196376
"FOA_TC","up","GO:0045495",1,0.22366607807352,0.739077826196376
"FOA_TC","up","GO:0098794",4,0.223668289506798,0.739077826196376
"FOA_TC","up","GO:0000792",1,0.239915749893734,0.740644798259401
"FOA_TC","up","GO:0016324",2,0.242639126982772,0.740644798259401
"FOA_TC","up","GO:0044297",3,0.242686212246064,0.740644798259401
"FOA_TC","up","GO:0045171",1,0.247915017452027,0.740644798259401
"FOA_TC","up","GO:0001650",1,0.255831701478847,0.740644798259401
"FOA_TC","up","GO:0098802",1,0.255831701478847,0.740644798259401
"FOA_TC","up","GO:0031253",2,0.258251146761502,0.740644798259401
"FOA_TC","up","GO:0005923",1,0.263666638009137,0.742172758840534
"FOA_TC","up","GO:0099568",3,0.273973658447814,0.757163565164867
"FOA_TC","up","GO:0005903",1,0.279094571320479,0.757542407869873
"FOA_TC","up","GO:0009897",1,0.294205341191798,0.776853877194995
"FOA_TC","up","GO:0098797",2,0.301225246409698,0.776853877194995
"FOA_TC","up","GO:0005905",1,0.301643793210044,0.776853877194995
"FOA_TC","up","GO:0036464",2,0.31678965518483,0.776853877194995
"FOA_TC","up","GO:0140535",5,0.319749931962821,0.776853877194995
"FOA_TC","up","GO:0035770",2,0.328418171972992,0.776853877194995
"FOA_TC","up","GO:0016363",1,0.330636331853815,0.776853877194995
"FOA_TC","up","GO:0097060",2,0.332284063808908,0.776853877194995
"FOA_TC","up","GO:0045177",2,0.35152268011465,0.776853877194995
"FOA_TC","up","GO:0042470",1,0.351602802721728,0.776853877194995
"FOA_TC","up","GO:0048770",1,0.351602802721728,0.776853877194995
"FOA_TC","up","GO:0070160",1,0.358447434118088,0.776853877194995
"FOA_TC","up","GO:0005774",2,0.362982899474922,0.776853877194995
"FOA_TC","up","GO:0031966",3,0.384006007027135,0.776853877194995
"FOA_TC","up","GO:0034399",1,0.385124337030106,0.776853877194995
"FOA_TC","up","GO:0030141",2,0.389435893866732,0.776853877194995
"FOA_TC","up","GO:0005773",3,0.395517077269032,0.776853877194995
"FOA_TC","up","GO:0043296",1,0.398051716824774,0.776853877194995
"FOA_TC","up","GO:0005743",2,0.400634463522655,0.776853877194995
"FOA_TC","up","GO:0005912",1,0.404415065213697,0.776853877194995
"FOA_TC","up","GO:0071011",1,0.404415065213697,0.776853877194995
"FOA_TC","up","GO:0098862",1,0.410712425239905,0.776853877194995
"FOA_TC","up","GO:0005740",3,0.415538995614672,0.776853877194995
"FOA_TC","up","GO:0042734",1,0.416944467925999,0.776853877194995
"FOA_TC","up","GO:0005769",2,0.422752481053811,0.776853877194995
"FOA_TC","up","GO:0031902",1,0.429215251991644,0.776853877194995
"FOA_TC","up","GO:0005881",1,0.441232652995097,0.776853877194995
"FOA_TC","up","GO:0098978",2,0.448043005640714,0.776853877194995
"FOA_TC","up","GO:0005635",2,0.451607792110486,0.776853877194995
"FOA_TC","up","GO:0098800",1,0.45300180260715,0.776853877194995
"FOA_TC","up","GO:0034702",1,0.458794858872818,0.776853877194995
"FOA_TC","up","GO:0140534",1,0.458794858872818,0.776853877194995
"FOA_TC","up","GO:0043197",1,0.464527730606086,0.776853877194995
"FOA_TC","up","GO:0098796",4,0.466871859831494,0.776853877194995
"FOA_TC","up","GO:0019866",2,0.46924215962295,0.776853877194995
"FOA_TC","up","GO:0044309",1,0.470201030933813,0.776853877194995
"FOA_TC","up","GO:0098858",1,0.481371339327367,0.786757457825374
"FOA_TC","up","GO:0036126",1,0.49769499569132,0.804783397288092
"FOA_TC","up","GO:0005741",1,0.503023404549756,0.804837447279609
"FOA_TC","up","GO:0036477",3,0.51206884877081,0.805159187742386
"FOA_TC","up","GO:0031901",1,0.518678202833704,0.805159187742386
"FOA_TC","up","GO:0031968",1,0.533849063216356,0.805159187742386
"FOA_TC","up","GO:0031967",4,0.538078826639987,0.805159187742386
"FOA_TC","up","GO:0019867",1,0.538801024138266,0.805159187742386
"FOA_TC","up","GO:0005764",2,0.539594770846317,0.805159187742386
"FOA_TC","up","GO:0031975",4,0.540304191774496,0.805159187742386
"FOA_TC","up","GO:0000323",2,0.552275147022157,0.815007983955028
"FOA_TC","up","GO:0097729",1,0.581108674893549,0.827674658645515
"FOA_TC","up","GO:0031965",1,0.59866731292078,0.827674658645515
"FOA_TC","up","GO:0099503",2,0.60058726088185,0.827674658645515
"FOA_TC","up","GO:0098798",1,0.602942932615129,0.827674658645515
"FOA_TC","up","GO:0005770",1,0.607173868579067,0.827674658645515
"FOA_TC","up","GO:1902495",1,0.607173868579067,0.827674658645515
"FOA_TC","up","GO:0030425",2,0.609211817834902,0.827674658645515
"FOA_TC","up","GO:0097447",2,0.609211817834902,0.827674658645515
"FOA_TC","up","GO:0005802",1,0.615503516391632,0.827674658645515
"FOA_TC","up","GO:0005765",1,0.62767415955876,0.827674658645515
"FOA_TC","up","GO:0030135",1,0.62767415955876,0.827674658645515
"FOA_TC","up","GO:0005694",4,0.630752408145048,0.827674658645515
"FOA_TC","up","GO:1990351",1,0.631646450018946,0.827674658645515
"FOA_TC","up","GO:0098793",2,0.639658412443203,0.828677701139271
"FOA_TC","up","GO:0098852",1,0.643315583779171,0.828677701139271
"FOA_TC","up","GO:0043005",4,0.652081306285487,0.82918778631704
"FOA_TC","up","GO:0098552",1,0.654621936566084,0.82918778631704
"FOA_TC","up","GO:0000139",2,0.675753498689353,0.845597197777152
"FOA_TC","up","GO:0014069",1,0.679654143291003,0.845597197777152
"FOA_TC","up","GO:0030424",2,0.687934615934804,0.845597197777152
"FOA_TC","up","GO:0005667",1,0.689829292923466,0.845597197777152
"FOA_TC","up","GO:0099572",1,0.699687270200785,0.850819720564155
"FOA_TC","up","GO:0032279",1,0.709237773874591,0.855588425626491
"FOA_TC","up","GO:0005840",1,0.715438615254261,0.856272988335809
"FOA_TC","up","GO:0098984",1,0.727453709850979,0.860601460724303
"FOA_TC","up","GO:0031514",1,0.7303788712726,0.860601460724303
"FOA_TC","up","GO:0005681",1,0.744549026549626,0.870549631042639
"FOA_TC","up","GO:0098791",1,0.785159969242862,0.911025307823779
"FOA_TC","up","GO:0005911",1,0.794279328636812,0.914624681460571
"FOA_TC","up","GO:0010008",1,0.807250824350713,0.922572370686529
"FOA_TC","up","GO:0005768",2,0.836973303906707,0.94940255368522
"FOA_TC","up","GO:0030659",2,0.849030050392447,0.955944945627052
"FOA_TC","up","GO:0012506",2,0.863873010735835,0.957764438785696
"FOA_TC","up","GO:0005794",3,0.882274314110779,0.957764438785696
"FOA_TC","up","GO:0031984",3,0.882274314110779,0.957764438785696
"FOA_TC","up","GO:0005789",2,0.885731241041568,0.957764438785696
"FOA_TC","up","GO:0098827",2,0.8887218291192,0.957764438785696
"FOA_TC","up","GO:0042175",2,0.89354912337575,0.957764438785696
"FOA_TC","up","GO:0099080",3,0.895289851632593,0.957764438785696
"FOA_TC","up","GO:0005874",1,0.901054702278648,0.957764438785696
"FOA_TC","up","GO:0070161",1,0.909397908078012,0.959920014082346
"FOA_TC","up","GO:0000785",1,0.923222967503423,0.96294265478005
"FOA_TC","up","GO:0016604",1,0.925728460572698,0.96294265478005
"FOA_TC","up","GO:0032993",1,0.931266909557022,0.96294265478005
"FOA_TC","up","GO:0099513",1,0.939161927180841,0.964544681969512
"FOA_TC","up","GO:0140513",2,0.954777675691678,0.974001387282786
"FOA_TC","up","GO:0005929",1,0.968888039833334,0.976533051722943
"FOA_TC","up","GO:0099081",1,0.976533051722943,0.976533051722943
"FOA_TC","up","GO:0099512",1,0.976533051722943,0.976533051722943
"FOA_TC","down","GO:0031514",2,0.0117747439495256,0.289545459410272
"FOA_TC","down","GO:0005858",1,0.0251083007486884,0.289545459410272
"FOA_TC","down","GO:0043195",1,0.0251083007486884,0.289545459410272
"FOA_TC","down","GO:0055038",1,0.0388223923534099,0.289545459410272
"FOA_TC","down","GO:0043679",1,0.0456171982610918,0.289545459410272
"FOA_TC","down","GO:0044306",1,0.0537165814854094,0.289545459410272
"FOA_TC","down","GO:0030286",1,0.0604209921932565,0.289545459410272
"FOA_TC","down","GO:0005929",2,0.0696525966064714,0.289545459410272
"FOA_TC","down","GO:0055037",1,0.0723863648525679,0.289545459410272
"FOA_TC","down","GO:0031901",1,0.0933358242055061,0.322388248723152
"FOA_TC","down","GO:0005875",1,0.107502169748841,0.322388248723152
"FOA_TC","down","GO:0097729",1,0.11005737697667,0.322388248723152
"FOA_TC","down","GO:0150034",1,0.116417978705583,0.322388248723152
"FOA_TC","down","GO:0045202",2,0.137397247528708,0.351473927194166
"FOA_TC","down","GO:0005930",1,0.15499078185915,0.351473927194166
"FOA_TC","down","GO:0097014",1,0.156210634308518,0.351473927194166
"FOA_TC","down","GO:0005769",1,0.177911320676625,0.3750923210899
"FOA_TC","down","GO:0032838",1,0.196797461114629,0.3750923210899
"FOA_TC","down","GO:0010008",1,0.197965391686336,0.3750923210899
"FOA_TC","down","GO:0099568",1,0.221020254010978,0.382413740529074
"FOA_TC","down","GO:0030425",1,0.243504719406981,0.382413740529074
"FOA_TC","down","GO:0097447",1,0.243504719406981,0.382413740529074
"FOA_TC","down","GO:0098793",1,0.255632330236273,0.382413740529074
"FOA_TC","down","GO:0005874",1,0.266512436853988,0.382413740529074
"FOA_TC","down","GO:0000139",1,0.270826151881218,0.382413740529074
"FOA_TC","down","GO:0030424",1,0.27618770149322,0.382413740529074
"FOA_TC","down","GO:0036477",1,0.311758237136545,0.402147410100547
"FOA_TC","down","GO:0099513",1,0.312781318967092,0.402147410100547
"FOA_TC","down","GO:0005768",1,0.357491357524537,0.431036724247761
"FOA_TC","down","GO:0030659",1,0.3661274682279,0.431036724247761
"FOA_TC","down","GO:0012506",1,0.377487377291376,0.431036724247761
"FOA_TC","down","GO:0099081",1,0.395116997227114,0.431036724247761
"FOA_TC","down","GO:0099512",1,0.395116997227114,0.431036724247761
"FOA_TC","down","GO:0043005",1,0.461425482039974,0.48856815745409
"FOA_TC","down","GO:0005794",1,0.501564447161797,0.513094174075747
"FOA_TC","down","GO:0099080",1,0.513094174075747,0.513094174075747
"FOW_TC","up","GO:0005881",6,0.000437560345925734,0.0910125519525528
"FOW_TC","up","GO:0005876",3,0.00114536158672198,0.119117605019086
"FOW_TC","up","GO:0042470",4,0.00522112077623223,0.222207057502584
"FOW_TC","up","GO:0048770",4,0.00522112077623223,0.222207057502584
"FOW_TC","up","GO:0043209",3,0.00534151580535058,0.222207057502584
"FOW_TC","up","GO:0000785",10,0.00666273227191038,0.23097471875956
"FOW_TC","up","GO:0005694",14,0.00792996700274844,0.234088413784641
"FOW_TC","up","GO:0032993",10,0.00900340053017848,0.234088413784641
"FOW_TC","up","GO:1990904",13,0.0117980819657703,0.272666783208913
"FOW_TC","up","GO:0099080",15,0.019524596378292,0.406111604668475
"FOW_TC","up","GO:0005819",6,0.028538642975893,0.513466175630954
"FOW_TC","up","GO:0005685",2,0.0296230485940935,0.513466175630954
"FOW_TC","up","GO:0031965",4,0.0415853029941235,0.638352311648266
"FOW_TC","up","GO:0043186",2,0.0460350224746346,0.638352311648266
"FOW_TC","up","GO:0060293",2,0.0460350224746346,0.638352311648266
"FOW_TC","up","GO:0045495",2,0.0552308401616755,0.670339361560242
"FOW_TC","up","GO:0022626",4,0.06176576327715,0.670339361560242
"FOW_TC","up","GO:0000781",2,0.0806587327161457,0.670339361560242
"FOW_TC","up","GO:0045171",2,0.0806587327161457,0.670339361560242
"FOW_TC","up","GO:0005635",5,0.0811796934918817,0.670339361560242
"FOW_TC","up","GO:0099081",10,0.082093700108465,0.670339361560242
"FOW_TC","up","GO:0099512",10,0.082093700108465,0.670339361560242
"FOW_TC","up","GO:0005874",7,0.0906241900993068,0.670339361560242
"FOW_TC","up","GO:0005741",3,0.09934682343244,0.670339361560242
"FOW_TC","up","GO:0005667",4,0.105863544620811,0.670339361560242
"FOW_TC","up","GO:0016363",2,0.108946988536063,0.670339361560242
"FOW_TC","up","GO:0036464",4,0.117894992514302,0.670339361560242
"FOW_TC","up","GO:0031968",3,0.118581956553189,0.670339361560242
"FOW_TC","up","GO:0019867",3,0.122586229723778,0.670339361560242
"FOW_TC","up","GO:0035770",4,0.127296112050784,0.670339361560242
"FOW_TC","up","GO:0031967",9,0.132332418626891,0.670339361560242
"FOW_TC","up","GO:0140513",11,0.133467841734333,0.670339361560242
"FOW_TC","up","GO:0031975",9,0.134146995036322,0.670339361560242
"FOW_TC","up","GO:0005840",4,0.137005704295031,0.670339361560242
"FOW_TC","up","GO:0005879",2,0.139408227388777,0.670339361560242
"FOW_TC","up","GO:0034399",2,0.158478508778549,0.670339361560242
"FOW_TC","up","GO:0072686",2,0.158478508778549,0.670339361560242
"FOW_TC","up","GO:0045121",2,0.164941711380632,0.670339361560242
"FOW_TC","up","GO:0098857",2,0.164941711380632,0.670339361560242
"FOW_TC","up","GO:0030014",1,0.168361409722619,0.670339361560242
"FOW_TC","up","GO:0099091",1,0.168361409722619,0.670339361560242
"FOW_TC","up","GO:0000932",2,0.171451511132244,0.670339361560242
"FOW_TC","up","GO:0099513",7,0.177147648103036,0.670339361560242
"FOW_TC","up","GO:0010494",2,0.178004119737987,0.670339361560242
"FOW_TC","up","GO:0034719",1,0.183570998571585,0.670339361560242
"FOW_TC","up","GO:1904813",1,0.183570998571585,0.670339361560242
"FOW_TC","up","GO:0022625",2,0.191223205712055,0.670339361560242
"FOW_TC","up","GO:0097525",2,0.191223205712055,0.670339361560242
"FOW_TC","up","GO:0005732",1,0.198505675426983,0.670339361560242
"FOW_TC","up","GO:0071782",1,0.198505675426983,0.670339361560242
"FOW_TC","up","GO:0030532",2,0.204571002677034,0.670339361560242
"FOW_TC","up","GO:0043292",3,0.206631935073094,0.670339361560242
"FOW_TC","up","GO:0048471",6,0.208889981534426,0.670339361560242
"FOW_TC","up","GO:0070603",2,0.211284915685998,0.670339361560242
"FOW_TC","up","GO:0005852",1,0.213170350500852,0.670339361560242
"FOW_TC","up","GO:0030315",1,0.213170350500852,0.670339361560242
"FOW_TC","up","GO:0030687",1,0.213170350500852,0.670339361560242
"FOW_TC","up","GO:0031526",1,0.213170350500852,0.670339361560242
"FOW_TC","up","GO:0033017",1,0.213170350500852,0.670339361560242
"FOW_TC","up","GO:0033290",1,0.213170350500852,0.670339361560242
"FOW_TC","up","GO:0071004",1,0.213170350500852,0.670339361560242
"FOW_TC","up","GO:0071010",1,0.213170350500852,0.670339361560242
"FOW_TC","up","GO:0101002",1,0.213170350500852,0.670339361560242
"FOW_TC","up","GO:0005813",6,0.22061362619135,0.670339361560242
"FOW_TC","up","GO:0044391",3,0.230640825437285,0.670339361560242
"FOW_TC","up","GO:0120114",2,0.231549642616843,0.670339361560242
"FOW_TC","up","GO:0098687",3,0.240392105659606,0.670339361560242
"FOW_TC","up","GO:0001917",1,0.241708904408741,0.670339361560242
"FOW_TC","up","GO:0005682",1,0.241708904408741,0.670339361560242
"FOW_TC","up","GO:0016234",1,0.241708904408741,0.670339361560242
"FOW_TC","up","GO:0016282",1,0.241708904408741,0.670339361560242
"FOW_TC","up","GO:0030686",1,0.241708904408741,0.670339361560242
"FOW_TC","up","GO:0060170",1,0.241708904408741,0.670339361560242
"FOW_TC","up","GO:0070993",1,0.241708904408741,0.670339361560242
"FOW_TC","up","GO:0101031",1,0.241708904408741,0.670339361560242
"FOW_TC","up","GO:0015934",2,0.251938702169912,0.671349496442052
"FOW_TC","up","GO:0005730",7,0.25401961133083,0.671349496442052
"FOW_TC","up","GO:0005686",1,0.255592176429156,0.671349496442052
"FOW_TC","up","GO:0005689",1,0.255592176429156,0.671349496442052
"FOW_TC","up","GO:0031966",5,0.258211344785404,0.671349496442052
"FOW_TC","up","GO:0071007",1,0.26922423598441,0.691341247959968
"FOW_TC","up","GO:0090575",2,0.286007169079621,0.70021476528305
"FOW_TC","up","GO:0045202",10,0.291405543630731,0.70021476528305
"FOW_TC","up","GO:0005766",1,0.295752605569678,0.70021476528305
"FOW_TC","up","GO:0042582",1,0.295752605569678,0.70021476528305
"FOW_TC","up","GO:1902562",1,0.295752605569678,0.70021476528305
"FOW_TC","up","GO:0032838",4,0.296682774465992,0.70021476528305
"FOW_TC","up","GO:0005740",5,0.29723978984509,0.70021476528305
"FOW_TC","up","GO:0030684",2,0.299611125529767,0.70021476528305
"FOW_TC","up","GO:0044297",4,0.309143377914881,0.714464695625503
"FOW_TC","up","GO:0008023",1,0.32132900365438,0.72280577672204
"FOW_TC","up","GO:0016605",1,0.32132900365438,0.72280577672204
"FOW_TC","up","GO:0031672",1,0.333770811531514,0.72280577672204
"FOW_TC","up","GO:0070062",4,0.351011553107659,0.72280577672204
"FOW_TC","up","GO:0030017",2,0.353501685974819,0.72280577672204
"FOW_TC","up","GO:0000792",1,0.357982189497329,0.72280577672204
"FOW_TC","up","GO:0005643",1,0.357982189497329,0.72280577672204
"FOW_TC","up","GO:0098802",1,0.357982189497329,0.72280577672204
"FOW_TC","up","GO:0098827",7,0.360485735714177,0.72280577672204
"FOW_TC","up","GO:0005930",3,0.36560131559258,0.72280577672204
"FOW_TC","up","GO:1904949",2,0.36677652822124,0.72280577672204
"FOW_TC","up","GO:0043230",4,0.367819856414403,0.72280577672204
"FOW_TC","up","GO:0065010",4,0.367819856414403,0.72280577672204
"FOW_TC","up","GO:1903561",4,0.367819856414403,0.72280577672204
"FOW_TC","up","GO:0005681",3,0.370623476705349,0.72280577672204
"FOW_TC","up","GO:0097014",3,0.370623476705349,0.72280577672204
"FOW_TC","up","GO:0099568",4,0.380419655857149,0.72280577672204
"FOW_TC","up","GO:0046540",1,0.381323801261809,0.72280577672204
"FOW_TC","up","GO:0030141",3,0.390640704384906,0.72280577672204
"FOW_TC","up","GO:0031983",1,0.392678138315339,0.72280577672204
"FOW_TC","up","GO:0034774",1,0.392678138315339,0.72280577672204
"FOW_TC","up","GO:0060205",1,0.392678138315339,0.72280577672204
"FOW_TC","up","GO:0097526",1,0.392678138315339,0.72280577672204
"FOW_TC","up","GO:0016529",1,0.414772664991519,0.740851863211153
"FOW_TC","up","GO:0005759",2,0.418758439394751,0.740851863211153
"FOW_TC","up","GO:0005815",6,0.423890503668283,0.740851863211153
"FOW_TC","up","GO:0030016",2,0.425112250876496,0.740851863211153
"FOW_TC","up","GO:0001669",1,0.42552017179972,0.740851863211153
"FOW_TC","up","GO:0005903",1,0.42552017179972,0.740851863211153
"FOW_TC","up","GO:0016528",1,0.436072611241842,0.740851863211153
"FOW_TC","up","GO:0035861",1,0.436072611241842,0.740851863211153
"FOW_TC","up","GO:0022627",1,0.446433481901441,0.740851863211153
"FOW_TC","up","GO:0042383",1,0.446433481901441,0.740851863211153
"FOW_TC","up","GO:0043679",1,0.446433481901441,0.740851863211153
"FOW_TC","up","GO:0031253",2,0.450167489160912,0.740851863211153
"FOW_TC","up","GO:0032040",1,0.456606220365733,0.740851863211153
"FOW_TC","up","GO:0120111",1,0.456606220365733,0.740851863211153
"FOW_TC","up","GO:0043025",3,0.464068100515145,0.740851863211153
"FOW_TC","up","GO:0005739",8,0.465206146038457,0.740851863211153
"FOW_TC","up","GO:0000118",1,0.466594202310871,0.740851863211153
"FOW_TC","up","GO:0000123",1,0.466594202310871,0.740851863211153
"FOW_TC","up","GO:0005777",1,0.486029101173585,0.75443323167243
"FOW_TC","up","GO:0042579",1,0.486029101173585,0.75443323167243
"FOW_TC","up","GO:0071005",1,0.486029101173585,0.75443323167243
"FOW_TC","up","GO:0044306",1,0.504764005746303,0.771992008788464
"FOW_TC","up","GO:0090734",1,0.504764005746303,0.771992008788464
"FOW_TC","up","GO:0005776",1,0.513876781982297,0.774538917770419
"FOW_TC","up","GO:0015935",1,0.513876781982297,0.774538917770419
"FOW_TC","up","GO:0005789",6,0.518629194473978,0.776078219068974
"FOW_TC","up","GO:0034708",1,0.522823835074647,0.776766840682333
"FOW_TC","up","GO:0031248",1,0.531608143173207,0.778693618169205
"FOW_TC","up","GO:1902493",1,0.531608143173207,0.778693618169205
"FOW_TC","up","GO:0005912",1,0.540232631549676,0.780230790937069
"FOW_TC","up","GO:0042175",6,0.540714636271467,0.780230790937069
"FOW_TC","up","GO:0014069",2,0.543910887912861,0.780230790937069
"FOW_TC","up","GO:0071011",1,0.565175657256167,0.800433934405862
"FOW_TC","up","GO:0099572",2,0.570891708274356,0.800433934405862
"FOW_TC","up","GO:0000776",1,0.573189094024592,0.800433934405862
"FOW_TC","up","GO:0016604",4,0.583329564624159,0.800433934405862
"FOW_TC","up","GO:0000779",1,0.58878073059662,0.800433934405862
"FOW_TC","up","GO:0030018",1,0.58878073059662,0.800433934405862
"FOW_TC","up","GO:0097730",1,0.58878073059662,0.800433934405862
"FOW_TC","up","GO:0098862",1,0.58878073059662,0.800433934405862
"FOW_TC","up","GO:0032279",2,0.59672051152105,0.805960171405055
"FOW_TC","up","GO:0031674",1,0.611118801151943,0.81482506820259
"FOW_TC","up","GO:0071013",1,0.611118801151943,0.81482506820259
"FOW_TC","up","GO:0098984",2,0.621388885933945,0.81682904795902
"FOW_TC","up","GO:0000922",1,0.625340305257652,0.81682904795902
"FOW_TC","up","GO:0005743",2,0.626183312653488,0.81682904795902
"FOW_TC","up","GO:0005788",1,0.632257099622126,0.81682904795902
"FOW_TC","up","GO:0030139",1,0.632257099622126,0.81682904795902
"FOW_TC","up","GO:0043197",1,0.639047691759242,0.818954794349108
"FOW_TC","up","GO:0099503",3,0.64505396053576,0.818954794349108
"FOW_TC","up","GO:0044309",1,0.64571435708295,0.818954794349108
"FOW_TC","up","GO:0036477",4,0.658720488741287,0.826465474820457
"FOW_TC","up","GO:0030425",3,0.663556414879886,0.826465474820457
"FOW_TC","up","GO:0097447",3,0.663556414879886,0.826465474820457
"FOW_TC","up","GO:0031901",1,0.677265623202105,0.833322811507793
"FOW_TC","up","GO:0030496",1,0.683234290672607,0.833322811507793
"FOW_TC","up","GO:0019866",2,0.684334658434599,0.833322811507793
"FOW_TC","up","GO:0031984",7,0.686071600826007,0.833322811507793
"FOW_TC","up","GO:0043235",1,0.689093863362213,0.833322811507793
"FOW_TC","up","GO:0000793",1,0.700493570973138,0.837371625071337
"FOW_TC","up","GO:0005684",1,0.700493570973138,0.837371625071337
"FOW_TC","up","GO:0000775",1,0.727217381469944,0.850908541672963
"FOW_TC","up","GO:0016607",2,0.727659716033913,0.850908541672963
"FOW_TC","up","GO:0098978",2,0.727659716033913,0.850908541672963
"FOW_TC","up","GO:0005938",2,0.73134181512057,0.850908541672963
"FOW_TC","up","GO:0005925",1,0.73227225461279,0.850908541672963
"FOW_TC","up","GO:0030055",1,0.760714998790308,0.874191821814276
"FOW_TC","up","GO:0098798",1,0.760714998790308,0.874191821814276
"FOW_TC","up","GO:0098794",3,0.765689618684601,0.874640600386289
"FOW_TC","up","GO:0016324",1,0.769515528224476,0.874640600386289
"FOW_TC","up","GO:0150034",1,0.790142078695233,0.893204088959829
"FOW_TC","up","GO:0005615",4,0.813722531463328,0.914888035374985
"FOW_TC","up","GO:0098797",1,0.829317416371109,0.927408723683821
"FOW_TC","up","GO:0045177",1,0.861250392402899,0.957968350908037
"FOW_TC","up","GO:0140535",4,0.867646178404585,0.959948963341243
"FOW_TC","up","GO:0098793",2,0.872441739343378,0.960147522663612
"FOW_TC","up","GO:0005773",2,0.893528553006061,0.974307120787291
"FOW_TC","up","GO:0005769",1,0.899360419188269,0.974307120787291
"FOW_TC","up","GO:0031514",1,0.899360419188269,0.974307120787291
"FOW_TC","up","GO:0005911",1,0.92133894458647,0.992497237905834
"FOW_TC","up","GO:0010008",1,0.925694539200633,0.992497237905834
"FOW_TC","up","GO:0005929",3,0.93150773795418,0.993608253817792
"FOW_TC","up","GO:0005764",1,0.952956228854398,0.997398316245371
"FOW_TC","up","GO:0000323",1,0.956417673579692,0.997398316245371
"FOW_TC","up","GO:1990234",2,0.960458368894269,0.997398316245371
"FOW_TC","up","GO:0005794",4,0.968541461992171,0.997398316245371
"FOW_TC","up","GO:0043005",3,0.979383229359494,0.997398316245371
"FOW_TC","up","GO:0070161",1,0.979389023985474,0.997398316245371
"FOW_TC","up","GO:0030424",1,0.980919973222503,0.997398316245371
"FOW_TC","up","GO:0005576",4,0.981057387601671,0.997398316245371
"FOW_TC","up","GO:0098590",2,0.982120004647044,0.997398316245371
"FOW_TC","up","GO:0005768",1,0.994715396922212,0.997398316245371
"FOW_TC","up","GO:0030659",1,0.995985448022839,0.997398316245371
"FOW_TC","up","GO:0012506",1,0.996830406506132,0.997398316245371
"FOW_TC","up","GO:0098796",1,0.997398316245371,0.997398316245371
"FOW_TC","down","GO:0005700",2,0.00410869590021295,0.461603139819948
"FOW_TC","down","GO:0042734",2,0.023307383707248,0.461603139819948
"FOW_TC","down","GO:0000139",4,0.0235359264819818,0.461603139819948
"FOW_TC","down","GO:0043204",2,0.02533238908323,0.461603139819948
"FOW_TC","down","GO:0098562",2,0.02533238908323,0.461603139819948
"FOW_TC","down","GO:0005794",6,0.0284763456345833,0.461603139819948
"FOW_TC","down","GO:0005788",2,0.0341134263278811,0.461603139819948
"FOW_TC","down","GO:0043025",3,0.0374544591844877,0.461603139819948
"FOW_TC","down","GO:0016607",3,0.0381450203788937,0.461603139819948
"FOW_TC","down","GO:0036477",4,0.0404915034929779,0.461603139819948
"FOW_TC","down","GO:0044297",3,0.0492921327656219,0.461941103609226
"FOW_TC","down","GO:0150034",2,0.0753204934996466,0.461941103609226
"FOW_TC","down","GO:0030425",3,0.0768346760492774,0.461941103609226
"FOW_TC","down","GO:0097447",3,0.0768346760492774,0.461941103609226
"FOW_TC","down","GO:0005615",4,0.0779755697422688,0.461941103609226
"FOW_TC","down","GO:0098793",3,0.0838460203187567,0.461941103609226
"FOW_TC","down","GO:0005789",4,0.0872424721358123,0.461941103609226
"FOW_TC","down","GO:0098827",4,0.0896430243108526,0.461941103609226
"FOW_TC","down","GO:0098552",2,0.0897619001588164,0.461941103609226
"FOW_TC","down","GO:0042175",4,0.0928952233513439,0.461941103609226
"FOW_TC","down","GO:0031012",2,0.0964308340374754,0.461941103609226
"FOW_TC","down","GO:0097060",2,0.0964308340374754,0.461941103609226
"FOW_TC","down","GO:0030312",2,0.0998188923114832,0.461941103609226
"FOW_TC","down","GO:0030424",3,0.103109833094894,0.461941103609226
"FOW_TC","down","GO:0099738",1,0.103401319017185,0.461941103609226
"FOW_TC","down","GO:0005874",3,0.105354988542455,0.461941103609226
"FOW_TC","down","GO:0048471",3,0.113369742713756,0.475858243903431
"FOW_TC","down","GO:0016604",3,0.116877463414878,0.475858243903431
"FOW_TC","down","GO:0005791",1,0.127600892429657,0.48227095446241
"FOW_TC","down","GO:0045171",1,0.132364976678075,0.48227095446241
"FOW_TC","down","GO:0099513",3,0.155460352159325,0.48227095446241
"FOW_TC","down","GO:0016363",1,0.155813185130871,0.48227095446241
"FOW_TC","down","GO:0016528",1,0.155813185130871,0.48227095446241
"FOW_TC","down","GO:0048786",1,0.155813185130871,0.48227095446241
"FOW_TC","down","GO:0031594",1,0.160429254765981,0.48227095446241
"FOW_TC","down","GO:0042383",1,0.160429254765981,0.48227095446241
"FOW_TC","down","GO:0043679",1,0.160429254765981,0.48227095446241
"FOW_TC","down","GO:0043005",4,0.160756984820803,0.48227095446241
"FOW_TC","down","GO:0120111",1,0.165021087763324,0.482369333462023
"FOW_TC","down","GO:0009898",1,0.178652383781784,0.48361837545325
"FOW_TC","down","GO:0044306",1,0.187620951937982,0.48361837545325
"FOW_TC","down","GO:0034399",1,0.192069906199,0.48361837545325
"FOW_TC","down","GO:0072686",1,0.192069906199,0.48361837545325
"FOW_TC","down","GO:0031984",4,0.202695563383188,0.48361837545325
"FOW_TC","down","GO:0030286",1,0.209632949370905,0.48361837545325
"FOW_TC","down","GO:0000776",1,0.222564089339131,0.48361837545325
"FOW_TC","down","GO:0070062",2,0.223200988923644,0.48361837545325
"FOW_TC","down","GO:0030672",1,0.226829153584582,0.48361837545325
"FOW_TC","down","GO:0099501",1,0.226829153584582,0.48361837545325
"FOW_TC","down","GO:0000779",1,0.23107175041522,0.48361837545325
"FOW_TC","down","GO:0043230",2,0.2313003916765,0.48361837545325
"FOW_TC","down","GO:0065010",2,0.2313003916765,0.48361837545325
"FOW_TC","down","GO:1903561",2,0.2313003916765,0.48361837545325
"FOW_TC","down","GO:0099568",2,0.237391619739713,0.48361837545325
"FOW_TC","down","GO:0016323",1,0.247819724321612,0.48361837545325
"FOW_TC","down","GO:0000922",1,0.251951674858189,0.48361837545325
"FOW_TC","down","GO:0030426",1,0.251951674858189,0.48361837545325
"FOW_TC","down","GO:0043197",1,0.260150301415815,0.48361837545325
"FOW_TC","down","GO:0005576",4,0.261351035130504,0.48361837545325
"FOW_TC","down","GO:0044309",1,0.264217197296335,0.48361837545325
"FOW_TC","down","GO:0140534",1,0.268262627265016,0.48361837545325
"FOW_TC","down","GO:0090575",1,0.272286699926339,0.48361837545325
"FOW_TC","down","GO:0099081",3,0.272398111174743,0.48361837545325
"FOW_TC","down","GO:0099512",3,0.272398111174743,0.48361837545325
"FOW_TC","down","GO:0030427",1,0.276289523359087,0.48361837545325
"FOW_TC","down","GO:0005741",1,0.284231852240068,0.48361837545325
"FOW_TC","down","GO:0045211",1,0.284231852240068,0.48361837545325
"FOW_TC","down","GO:0009925",1,0.292090468116311,0.484801755847617
"FOW_TC","down","GO:0000793",1,0.299866216939378,0.484801755847617
"FOW_TC","down","GO:0005814",1,0.303723278326887,0.484801755847617
"FOW_TC","down","GO:0031968",1,0.303723278326887,0.484801755847617
"FOW_TC","down","GO:0019867",1,0.307559936480254,0.484801755847617
"FOW_TC","down","GO:0008021",1,0.311376294855032,0.484801755847617
"FOW_TC","down","GO:0000775",1,0.318948523583959,0.484801755847617
"FOW_TC","down","GO:0045178",1,0.318948523583959,0.484801755847617
"FOW_TC","down","GO:0070382",1,0.32644078216227,0.489661173243405
"FOW_TC","down","GO:0098794",2,0.331271683005873,0.49045418003467
"FOW_TC","down","GO:0005694",3,0.339650380826763,0.492348135102425
"FOW_TC","down","GO:0005875",1,0.3411886199394,0.492348135102425
"FOW_TC","down","GO:0036064",1,0.352045542120663,0.501664897521944
"FOW_TC","down","GO:0030658",1,0.362730590245016,0.510509719604097
"FOW_TC","down","GO:0098687",1,0.400480382339224,0.556765409593555
"FOW_TC","down","GO:0005667",1,0.420156525888633,0.570212427991716
"FOW_TC","down","GO:0014069",1,0.420156525888633,0.570212427991716
"FOW_TC","down","GO:0099572",1,0.436078320339436,0.579311896427752
"FOW_TC","down","GO:0045202",3,0.440402268742852,0.579311896427752
"FOW_TC","down","GO:0045177",1,0.442328789553328,0.579311896427752
"FOW_TC","down","GO:0032279",1,0.451579946912378,0.579311896427752
"FOW_TC","down","GO:0009986",1,0.457665342118662,0.579311896427752
"FOW_TC","down","GO:0005815",2,0.466144469225248,0.579311896427752
"FOW_TC","down","GO:0098984",1,0.466672043342444,0.579311896427752
"FOW_TC","down","GO:0099080",3,0.470140711689343,0.579311896427752
"FOW_TC","down","GO:0030133",1,0.472596547085798,0.579311896427752
"FOW_TC","down","GO:0005635",1,0.504068657586874,0.608206325715597
"FOW_TC","down","GO:0005819",1,0.506838604762998,0.608206325715597
"FOW_TC","down","GO:0098590",2,0.518469540698108,0.614392524403012
"FOW_TC","down","GO:0031967",2,0.532348292667762,0.614392524403012
"FOW_TC","down","GO:0031975",2,0.534065545455944,0.614392524403012
"FOW_TC","down","GO:0031252",1,0.536344172058478,0.614392524403012
"FOW_TC","down","GO:0005938",1,0.538940810879835,0.614392524403012
"FOW_TC","down","GO:0032838",1,0.566597904060693,0.639526347157613
"FOW_TC","down","GO:0099503",1,0.632088799110624,0.706452187241286
"FOW_TC","down","GO:0031966",1,0.648412319471735,0.717660237085221
"FOW_TC","down","GO:0005740",1,0.669725741863584,0.734122447812006
"FOW_TC","down","GO:0070161",1,0.682636968845619,0.741148709032387
"FOW_TC","down","GO:0005813",1,0.712006941005209,0.765743313911263
"FOW_TC","down","GO:0030659",1,0.804317549780318,0.856936454906133
"FOW_TC","down","GO:0012506",1,0.817519322654847,0.857967688769389
"FOW_TC","down","GO:0005929",1,0.827863559338884,0.857967688769389
"FOW_TC","down","GO:0098796",1,0.827863559338884,0.857967688769389
"FOW_TC","down","GO:0140535",1,0.847785182385852,0.870698295423307
"FOW_TC","down","GO:1990904",1,0.867844065765345,0.88334128122544
"FOW_TC","down","GO:0005739",1,0.901212609310107,0.90694775095805
"FOW_TC","down","GO:0140513",1,0.90694775095805,0.90694775095805
"FDO_TC","up","GO:0005788",6,0.00500468422124357,0.598484828466051
"FDO_TC","up","GO:0030315",3,0.00509348790183873,0.598484828466051
"FDO_TC","up","GO:0009925",6,0.0101985587306903,0.616337673356165
"FDO_TC","up","GO:0016529",4,0.0105293654481741,0.616337673356165
"FDO_TC","up","GO:0016528",4,0.0131135675182163,0.616337673356165
"FDO_TC","up","GO:0045178",6,0.0173288042031422,0.624613478517458
"FDO_TC","up","GO:0016323",5,0.0186055078707328,0.624613478517458
"FDO_TC","up","GO:0140534",5,0.0214203551157216,0.629222931524322
"FDO_TC","up","GO:0031526",2,0.0575344611898857,0.958271003287979
"FDO_TC","up","GO:0042383",3,0.0599820190325427,0.958271003287979
"FDO_TC","up","GO:0031674",4,0.0646778948828775,0.958271003287979
"FDO_TC","up","GO:0001917",2,0.0651896202476349,0.958271003287979
"FDO_TC","up","GO:0005789",14,0.0780844192740738,0.958271003287979
"FDO_TC","up","GO:0098827",14,0.0827459834070925,0.958271003287979
"FDO_TC","up","GO:0005771",2,0.0899710077572779,0.958271003287979
"FDO_TC","up","GO:0016324",5,0.0907024963969219,0.958271003287979
"FDO_TC","up","GO:0042175",14,0.0909091524402921,0.958271003287979
"FDO_TC","up","GO:0005777",3,0.09609324262066,0.958271003287979
"FDO_TC","up","GO:0042579",3,0.09609324262066,0.958271003287979
"FDO_TC","up","GO:0005739",17,0.096137183364776,0.958271003287979
"FDO_TC","up","GO:0043292",5,0.101503097989711,0.958271003287979
"FDO_TC","up","GO:0005774",6,0.104778219176803,0.958271003287979
"FDO_TC","up","GO:0005759",5,0.105241144547446,0.958271003287979
"FDO_TC","up","GO:0008287",2,0.126431673092404,0.958271003287979
"FDO_TC","up","GO:0033116",2,0.136025817490864,0.958271003287979
"FDO_TC","up","GO:1903293",2,0.136025817490864,0.958271003287979
"FDO_TC","up","GO:0030017",4,0.139168960395275,0.958271003287979
"FDO_TC","up","GO:0098590",13,0.15748573373193,0.958271003287979
"FDO_TC","up","GO:0005923",2,0.165681136066771,0.958271003287979
"FDO_TC","up","GO:0031902",3,0.165948660715059,0.958271003287979
"FDO_TC","up","GO:0034702",3,0.187094715109096,0.958271003287979
"FDO_TC","up","GO:0030016",4,0.199726344813415,0.958271003287979
"FDO_TC","up","GO:0031966",8,0.205205813823818,0.958271003287979
"FDO_TC","up","GO:0045177",5,0.212933389771938,0.958271003287979
"FDO_TC","up","GO:0005903",2,0.217131138066019,0.958271003287979
"FDO_TC","up","GO:0005770",4,0.21747670930381,0.958271003287979
"FDO_TC","up","GO:0043679",2,0.227607746001584,0.958271003287979
"FDO_TC","up","GO:0005765",4,0.235641461003836,0.958271003287979
"FDO_TC","up","GO:1990351",4,0.241777946484137,0.958271003287979
"FDO_TC","up","GO:0005740",8,0.247431001965041,0.958271003287979
"FDO_TC","up","GO:0120111",2,0.248657451771662,0.958271003287979
"FDO_TC","up","GO:0034705",1,0.248927202302227,0.958271003287979
"FDO_TC","up","GO:0099091",1,0.248927202302227,0.958271003287979
"FDO_TC","up","GO:0099522",1,0.248927202302227,0.958271003287979
"FDO_TC","up","GO:0034703",2,0.259210602607412,0.958271003287979
"FDO_TC","up","GO:0098852",4,0.260400858679696,0.958271003287979
"FDO_TC","up","GO:0005741",3,0.269347186650105,0.958271003287979
"FDO_TC","up","GO:0000152",1,0.270146631965204,0.958271003287979
"FDO_TC","up","GO:0005876",1,0.270146631965204,0.958271003287979
"FDO_TC","up","GO:0098796",11,0.290566627218157,0.958271003287979
"FDO_TC","up","GO:0005732",1,0.290770915245816,0.958271003287979
"FDO_TC","up","GO:0005901",1,0.290770915245816,0.958271003287979
"FDO_TC","up","GO:0044306",2,0.290874472552478,0.958271003287979
"FDO_TC","up","GO:0045211",3,0.292560153759502,0.958271003287979
"FDO_TC","up","GO:0070160",2,0.301403187683928,0.958271003287979
"FDO_TC","up","GO:0098797",4,0.304819725316655,0.958271003287979
"FDO_TC","up","GO:0098794",8,0.309064705115961,0.958271003287979
"FDO_TC","up","GO:0005852",1,0.310816622344964,0.958271003287979
"FDO_TC","up","GO:0030688",1,0.310816622344964,0.958271003287979
"FDO_TC","up","GO:0031463",1,0.310816622344964,0.958271003287979
"FDO_TC","up","GO:0033290",1,0.310816622344964,0.958271003287979
"FDO_TC","up","GO:0031968",3,0.315910030104272,0.958271003287979
"FDO_TC","up","GO:0042470",2,0.322377200280553,0.958271003287979
"FDO_TC","up","GO:0048770",2,0.322377200280553,0.958271003287979
"FDO_TC","up","GO:0019867",3,0.323707430238493,0.958271003287979
"FDO_TC","up","GO:0005657",1,0.330299865510739,0.958271003287979
"FDO_TC","up","GO:0033017",1,0.330299865510739,0.958271003287979
"FDO_TC","up","GO:0033176",1,0.330299865510739,0.958271003287979
"FDO_TC","up","GO:0034704",1,0.330299865510739,0.958271003287979
"FDO_TC","up","GO:0099081",11,0.340444773531002,0.958271003287979
"FDO_TC","up","GO:0099512",11,0.340444773531002,0.958271003287979
"FDO_TC","up","GO:0015629",6,0.341332443546575,0.958271003287979
"FDO_TC","up","GO:0045121",2,0.343196047909749,0.958271003287979
"FDO_TC","up","GO:0098857",2,0.343196047909749,0.958271003287979
"FDO_TC","up","GO:0008021",3,0.34709609664633,0.958271003287979
"FDO_TC","up","GO:0016282",1,0.349236311600961,0.958271003287979
"FDO_TC","up","GO:0030686",1,0.349236311600961,0.958271003287979
"FDO_TC","up","GO:0070993",1,0.349236311600961,0.958271003287979
"FDO_TC","up","GO:0101031",1,0.349236311600961,0.958271003287979
"FDO_TC","up","GO:0005793",2,0.353532255185204,0.958271003287979
"FDO_TC","up","GO:0043296",2,0.363812362603405,0.958271003287979
"FDO_TC","up","GO:0000421",1,0.367641194303678,0.958271003287979
"FDO_TC","up","GO:0016460",1,0.367641194303678,0.958271003287979
"FDO_TC","up","GO:0005773",7,0.370922470123658,0.958271003287979
"FDO_TC","up","GO:0005912",2,0.374031330895074,0.958271003287979
"FDO_TC","up","GO:0070382",3,0.378159590309616,0.958271003287979
"FDO_TC","up","GO:0031984",14,0.38019558028917,0.958271003287979
"FDO_TC","up","GO:0043195",1,0.385529326024874,0.958271003287979
"FDO_TC","up","GO:0044232",1,0.385529326024874,0.958271003287979
"FDO_TC","up","GO:0030672",2,0.394267300329077,0.958271003287979
"FDO_TC","up","GO:0098862",2,0.394267300329077,0.958271003287979
"FDO_TC","up","GO:0099501",2,0.394267300329077,0.958271003287979
"FDO_TC","up","GO:0010008",5,0.394412031853298,0.958271003287979
"FDO_TC","up","GO:0044853",1,0.40291510945238,0.958271003287979
"FDO_TC","up","GO:1902495",3,0.41654694843061,0.958271003287979
"FDO_TC","up","GO:0001725",1,0.419812548804731,0.958271003287979
"FDO_TC","up","GO:0005766",1,0.419812548804731,0.958271003287979
"FDO_TC","up","GO:0005902",1,0.419812548804731,0.958271003287979
"FDO_TC","up","GO:0042582",1,0.419812548804731,0.958271003287979
"FDO_TC","up","GO:0097517",1,0.419812548804731,0.958271003287979
"FDO_TC","up","GO:0099503",6,0.422998136304646,0.958271003287979
"FDO_TC","up","GO:0030018",2,0.424054638140771,0.958271003287979
"FDO_TC","up","GO:0098839",1,0.436235260773502,0.958271003287979
"FDO_TC","up","GO:0098982",1,0.436235260773502,0.958271003287979
"FDO_TC","up","GO:0005581",1,0.452196485167407,0.958271003287979
"FDO_TC","up","GO:0008023",1,0.452196485167407,0.958271003287979
"FDO_TC","up","GO:0099634",1,0.452196485167407,0.958271003287979
"FDO_TC","up","GO:1904115",1,0.452196485167407,0.958271003287979
"FDO_TC","up","GO:0048471",7,0.455331846138538,0.958271003287979
"FDO_TC","up","GO:0005730",9,0.45759044830715,0.958271003287979
"FDO_TC","up","GO:0005743",4,0.459094087402255,0.958271003287979
"FDO_TC","up","GO:0005881",2,0.462569168748341,0.958271003287979
"FDO_TC","up","GO:0016469",1,0.467709095266217,0.958271003287979
"FDO_TC","up","GO:0097225",1,0.467709095266217,0.958271003287979
"FDO_TC","up","GO:0031253",3,0.468941129268585,0.958271003287979
"FDO_TC","up","GO:0031672",1,0.482785607892369,0.963162731642265
"FDO_TC","up","GO:0032432",1,0.482785607892369,0.963162731642265
"FDO_TC","up","GO:0042641",1,0.497438193207892,0.963162731642265
"FDO_TC","up","GO:0045171",1,0.497438193207892,0.963162731642265
"FDO_TC","up","GO:0043197",2,0.499554229299456,0.963162731642265
"FDO_TC","up","GO:0005764",5,0.500264019357362,0.963162731642265
"FDO_TC","up","GO:0030684",2,0.508546314839027,0.963162731642265
"FDO_TC","up","GO:0044309",2,0.508546314839027,0.963162731642265
"FDO_TC","up","GO:0000323",5,0.521755539349045,0.963162731642265
"FDO_TC","up","GO:0031901",2,0.534888840535186,0.963162731642265
"FDO_TC","up","GO:0098802",1,0.538969085315042,0.963162731642265
"FDO_TC","up","GO:0045202",13,0.543674803599897,0.963162731642265
"FDO_TC","up","GO:0019866",4,0.550014455115631,0.963162731642265
"FDO_TC","up","GO:0030665",1,0.552041057927777,0.963162731642265
"FDO_TC","up","GO:0043235",2,0.568495598935286,0.963162731642265
"FDO_TC","up","GO:0030864",1,0.577091429153129,0.963162731642265
"FDO_TC","up","GO:0035861",1,0.577091429153129,0.963162731642265
"FDO_TC","up","GO:0098978",4,0.57855026198331,0.963162731642265
"FDO_TC","up","GO:0014069",3,0.579865948944692,0.963162731642265
"FDO_TC","up","GO:0031012",3,0.592690555470249,0.963162731642265
"FDO_TC","up","GO:0030312",3,0.599008694111798,0.963162731642265
"FDO_TC","up","GO:0097060",3,0.599008694111798,0.963162731642265
"FDO_TC","up","GO:0032040",1,0.600750826797574,0.963162731642265
"FDO_TC","up","GO:0099572",3,0.611454137836645,0.963162731642265
"FDO_TC","up","GO:0005884",1,0.612083042262333,0.963162731642265
"FDO_TC","up","GO:0009897",1,0.612083042262333,0.963162731642265
"FDO_TC","up","GO:0048786",1,0.612083042262333,0.963162731642265
"FDO_TC","up","GO:0005905",1,0.623095938943868,0.963162731642265
"FDO_TC","up","GO:0005925",2,0.630387647690074,0.963162731642265
"FDO_TC","up","GO:0016459",1,0.633798448836117,0.963162731642265
"FDO_TC","up","GO:0031594",1,0.633798448836117,0.963162731642265
"FDO_TC","up","GO:0032279",3,0.635570579172899,0.963162731642265
"FDO_TC","up","GO:0031967",9,0.653158777645394,0.963162731642265
"FDO_TC","up","GO:0005576",13,0.653608590511181,0.963162731642265
"FDO_TC","up","GO:0031975",9,0.656599559118038,0.963162731642265
"FDO_TC","up","GO:0009986",3,0.658639527065173,0.963162731642265
"FDO_TC","up","GO:0062023",2,0.658670710911459,0.963162731642265
"FDO_TC","up","GO:0005615",8,0.658714883178604,0.963162731642265
"FDO_TC","up","GO:0090734",1,0.664129298453117,0.963162731642265
"FDO_TC","up","GO:0098984",3,0.664241814729563,0.963162731642265
"FDO_TC","up","GO:0098793",5,0.672428568660064,0.963162731642265
"FDO_TC","up","GO:0030863",1,0.673674722420727,0.963162731642265
"FDO_TC","up","GO:0030141",3,0.675247956725548,0.963162731642265
"FDO_TC","up","GO:0030055",2,0.678737122125876,0.963162731642265
"FDO_TC","up","GO:0030133",3,0.685989547766528,0.963162731642265
"FDO_TC","up","GO:0099080",12,0.686403922413486,0.963162731642265
"FDO_TC","up","GO:0070062",4,0.686465999490387,0.963162731642265
"FDO_TC","up","GO:0005776",1,0.691965174236538,0.963162731642265
"FDO_TC","up","GO:0010494",1,0.691965174236538,0.963162731642265
"FDO_TC","up","GO:0000139",5,0.693617279636172,0.963162731642265
"FDO_TC","up","GO:0030658",2,0.697840606881838,0.963162731642265
"FDO_TC","up","GO:0043230",4,0.70468337089206,0.963162731642265
"FDO_TC","up","GO:0065010",4,0.70468337089206,0.963162731642265
"FDO_TC","up","GO:1903561",4,0.70468337089206,0.963162731642265
"FDO_TC","up","GO:0005769",3,0.706681377663452,0.963162731642265
"FDO_TC","up","GO:0005874",5,0.709892647084451,0.963162731642265
"FDO_TC","up","GO:0150034",2,0.710051751087383,0.963162731642265
"FDO_TC","up","GO:0099513",6,0.716042809706373,0.963162731642265
"FDO_TC","up","GO:0005768",7,0.719248566874953,0.963162731642265
"FDO_TC","up","GO:0070161",5,0.725562829401028,0.963162731642265
"FDO_TC","up","GO:0000151",2,0.738796533508838,0.963162731642265
"FDO_TC","up","GO:0030135",2,0.738796533508838,0.963162731642265
"FDO_TC","up","GO:0030424",5,0.74429803147964,0.963162731642265
"FDO_TC","up","GO:0043204",1,0.748326980834655,0.963162731642265
"FDO_TC","up","GO:1990204",1,0.748326980834655,0.963162731642265
"FDO_TC","up","GO:0030659",7,0.751705097390229,0.963162731642265
"FDO_TC","up","GO:0000776",1,0.755494714005357,0.963162731642265
"FDO_TC","up","GO:0031461",1,0.755494714005357,0.963162731642265
"FDO_TC","up","GO:0042734",1,0.755494714005357,0.963162731642265
"FDO_TC","up","GO:0005911",3,0.758234490867315,0.963162731642265
"FDO_TC","up","GO:0000779",1,0.769227891051932,0.971873948372065
"FDO_TC","up","GO:0030136",1,0.775804552600005,0.97201174547359
"FDO_TC","up","GO:0012506",7,0.787075955179216,0.97201174547359
"FDO_TC","up","GO:0031252",3,0.790988651614233,0.97201174547359
"FDO_TC","up","GO:0098800",1,0.794438898645679,0.97201174547359
"FDO_TC","up","GO:0030425",4,0.798102023250169,0.97201174547359
"FDO_TC","up","GO:0097447",4,0.798102023250169,0.97201174547359
"FDO_TC","up","GO:0030662",1,0.800302071821813,0.97201174547359
"FDO_TC","up","GO:0036464",2,0.8024267175399,0.97201174547359
"FDO_TC","up","GO:0000228",1,0.811535020980264,0.977194774982047
"FDO_TC","up","GO:0035770",2,0.815022025091409,0.977194774982047
"FDO_TC","up","GO:0098858",1,0.8221405710846,0.979609622201734
"FDO_TC","up","GO:0043005",9,0.825373213599759,0.979609622201734
"FDO_TC","up","GO:0030496",1,0.836948107263547,0.988355805059967
"FDO_TC","up","GO:0036126",1,0.841606732770303,0.988887911005106
"FDO_TC","up","GO:0036477",5,0.84743764788746,0.990785309719169
"FDO_TC","up","GO:0000793",1,0.858956539450015,0.99879870922828
"FDO_TC","up","GO:1904949",1,0.870718469584522,0.99879870922828
"FDO_TC","up","GO:0000775",1,0.881506255809651,0.99879870922828
"FDO_TC","up","GO:0005813",4,0.882163610151379,0.99879870922828
"FDO_TC","up","GO:0030027",1,0.88819676492849,0.99879870922828
"FDO_TC","up","GO:0036064",1,0.88819676492849,0.99879870922828
"FDO_TC","up","GO:0031965",1,0.89753577697157,0.99879870922828
"FDO_TC","up","GO:0005794",9,0.900020136464866,0.99879870922828
"FDO_TC","up","GO:0097729",1,0.903327311256737,0.99879870922828
"FDO_TC","up","GO:0005635",2,0.906617380903244,0.99879870922828
"FDO_TC","up","GO:0098798",1,0.908793798861384,0.99879870922828
"FDO_TC","up","GO:0005815",5,0.910795462384381,0.99879870922828
"FDO_TC","up","GO:0043025",2,0.9129766189284,0.99879870922828
"FDO_TC","up","GO:0005802",1,0.913953353356932,0.99879870922828
"FDO_TC","up","GO:0032838",2,0.926280425306833,0.99879870922828
"FDO_TC","up","GO:0044297",2,0.939145884457439,0.99879870922828
"FDO_TC","up","GO:0098687",1,0.939359860556571,0.99879870922828
"FDO_TC","up","GO:0098552",1,0.941105087937461,0.99879870922828
"FDO_TC","up","GO:0005667",1,0.950577444705031,0.99879870922828
"FDO_TC","up","GO:0099568",2,0.955644155587536,0.99879870922828
"FDO_TC","up","GO:0016604",3,0.962697305093521,0.99879870922828
"FDO_TC","up","GO:0000785",3,0.964320706208027,0.99879870922828
"FDO_TC","up","GO:0140535",5,0.966489785868492,0.99879870922828
"FDO_TC","up","GO:0031514",1,0.969071199384427,0.99879870922828
"FDO_TC","up","GO:0032993",3,0.971493534504426,0.99879870922828
"FDO_TC","up","GO:0005694",6,0.97174848948941,0.99879870922828
"FDO_TC","up","GO:0005819",1,0.975548001432716,0.99879870922828
"FDO_TC","up","GO:0098791",1,0.981237304354896,0.99879870922828
"FDO_TC","up","GO:0016607",1,0.984735644524085,0.99879870922828
"FDO_TC","up","GO:0005938",1,0.985610413566762,0.99879870922828
"FDO_TC","up","GO:1990234",3,0.987006965344863,0.99879870922828
"FDO_TC","up","GO:0140513",4,0.998539297631098,0.99879870922828
"FDO_TC","up","GO:1990904",3,0.998550470539488,0.99879870922828
"FDO_TC","up","GO:0005929",2,0.99879870922828,0.99879870922828
"FDO_TC","down","GO:0005929",44,5.61098241379881e-25,1.01558781689758e-22
"FDO_TC","down","GO:0005930",26,9.45714156774739e-20,7.24450235745215e-18
"FDO_TC","down","GO:0097014",26,1.20074624709152e-19,7.24450235745215e-18
"FDO_TC","down","GO:0031514",26,3.81873652711598e-19,1.72797827851998e-17
"FDO_TC","down","GO:0032838",26,9.81668073772166e-17,3.02495749682541e-15
"FDO_TC","down","GO:0005874",30,1.00274834148909e-16,3.02495749682541e-15
"FDO_TC","down","GO:0099513",32,2.40632947282862e-16,6.22208049402829e-15
"FDO_TC","down","GO:0099568",26,2.89765762109916e-15,6.55595036773686e-14
"FDO_TC","down","GO:0099081",33,1.71303599587432e-13,3.10059515253252e-12
"FDO_TC","down","GO:0099512",33,1.71303599587432e-13,3.10059515253252e-12
"FDO_TC","down","GO:0005858",10,1.09436320145319e-12,1.80072490420933e-11
"FDO_TC","down","GO:0097729",17,1.68950867384286e-12,2.54834224971299e-11
"FDO_TC","down","GO:0030286",13,5.46039860646364e-12,7.60255498284553e-11
"FDO_TC","down","GO:0099080",36,2.33102642376038e-11,3.01368416214735e-10
"FDO_TC","down","GO:0005875",15,9.78985500776218e-11,1.18130917093664e-09
"FDO_TC","down","GO:0036126",10,1.55444488342006e-06,1.75846577436894e-05
"FDO_TC","down","GO:0005815",20,5.64077071243889e-06,6.00576175853788e-05
"FDO_TC","down","GO:0036064",10,7.7641031628557e-06,7.80723706931601e-05
"FDO_TC","down","GO:0005879",6,0.000148277090516564,0.00141253438860516
"FDO_TC","down","GO:0005881",6,0.00154486053908571,0.0139809878787256
"FDO_TC","down","GO:0005814",5,0.0166401941527646,0.143422625792876
"FDO_TC","down","GO:0002177",2,0.0211575238844152,0.174068719230871
"FDO_TC","down","GO:0005882",2,0.0254729250724954,0.195751861915131
"FDO_TC","down","GO:0001669",3,0.0259560479887466,0.195751861915131
"FDO_TC","down","GO:0005813",10,0.0325891720117074,0.235905206081143
"FDO_TC","down","GO:0034451",3,0.0338869356801642,0.235905206081143
"FDO_TC","down","GO:0060170",2,0.0458018420908869,0.307041978461131
"FDO_TC","down","GO:0030667",3,0.0642302271605483,0.415202539859259
"FDO_TC","down","GO:0005871",2,0.083801373856443,0.498205811285824
"FDO_TC","down","GO:0043209",2,0.083801373856443,0.498205811285824
"FDO_TC","down","GO:0031985",3,0.0894880506351783,0.498205811285824
"FDO_TC","down","GO:0045111",2,0.0908331037150951,0.498205811285824
"FDO_TC","down","GO:0097225",2,0.0908331037150951,0.498205811285824
"FDO_TC","down","GO:0005635",6,0.0992341898059955,0.528276128084858
"FDO_TC","down","GO:0031965",4,0.109398133616438,0.565744633845006
"FDO_TC","down","GO:0045335",2,0.12827203045628,0.628554357498881
"FDO_TC","down","GO:0000922",3,0.128489012306401,0.628554357498881
"FDO_TC","down","GO:0016323",3,0.133735909976534,0.637005255414545
"FDO_TC","down","GO:0030141",5,0.151336848307132,0.70235819342541
"FDO_TC","down","GO:0005819",5,0.173979767735083,0.787258449001252
"FDO_TC","down","GO:0005795",3,0.18397379994936,0.81217701928864
"FDO_TC","down","GO:0097731",2,0.193696827118325,0.824016651473487
"FDO_TC","down","GO:0009925",3,0.195760861952265,0.824016651473487
"FDO_TC","down","GO:0097431",1,0.208936861820785,0.859490272490047
"FDO_TC","down","GO:0005790",1,0.227283255495614,0.887652733620746
"FDO_TC","down","GO:0030992",1,0.227283255495614,0.887652733620746
"FDO_TC","down","GO:0072686",2,0.236451014185269,0.887652733620746
"FDO_TC","down","GO:0045178",3,0.244538599648526,0.887652733620746
"FDO_TC","down","GO:0030670",1,0.245207937464295,0.887652733620746
"FDO_TC","down","GO:0097546",1,0.245207937464295,0.887652733620746
"FDO_TC","down","GO:0000786",1,0.279830375803267,0.909744959912131
"FDO_TC","down","GO:0005637",1,0.279830375803267,0.909744959912131
"FDO_TC","down","GO:0005657",1,0.279830375803267,0.909744959912131
"FDO_TC","down","GO:0030990",1,0.279830375803267,0.909744959912131
"FDO_TC","down","GO:0034704",1,0.279830375803267,0.909744959912131
"FDO_TC","down","GO:0097730",2,0.288322688572072,0.909744959912131
"FDO_TC","down","GO:0000791",1,0.296546699639866,0.909744959912131
"FDO_TC","down","GO:0005868",1,0.296546699639866,0.909744959912131
"FDO_TC","down","GO:0090543",1,0.296546699639866,0.909744959912131
"FDO_TC","down","GO:0005802",3,0.314177405652332,0.947768507051203
"FDO_TC","down","GO:0005576",13,0.360349904736532,0.99860996661548
"FDO_TC","down","GO:0043186",1,0.374532223058207,0.99860996661548
"FDO_TC","down","GO:0060293",1,0.374532223058207,0.99860996661548
"FDO_TC","down","GO:0098982",1,0.374532223058207,0.99860996661548
"FDO_TC","down","GO:0098791",4,0.391850314402765,0.99860996661548
"FDO_TC","down","GO:0008287",1,0.4032704636994,0.99860996661548
"FDO_TC","down","GO:0045495",1,0.4032704636994,0.99860996661548
"FDO_TC","down","GO:0030139",2,0.414742971653153,0.99860996661548
"FDO_TC","down","GO:0030666",1,0.41714496147853,0.99860996661548
"FDO_TC","down","GO:0032588",1,0.41714496147853,0.99860996661548
"FDO_TC","down","GO:1903293",1,0.41714496147853,0.99860996661548
"FDO_TC","down","GO:0099503",5,0.427609724034073,0.99860996661548
"FDO_TC","down","GO:0045171",1,0.430699729816238,0.99860996661548
"FDO_TC","down","GO:0036464",3,0.440620173818404,0.99860996661548
"FDO_TC","down","GO:0001650",1,0.456879120596657,0.99860996661548
"FDO_TC","down","GO:0035770",3,0.45897075241634,0.99860996661548
"FDO_TC","down","GO:0031968",2,0.485280330444753,0.99860996661548
"FDO_TC","down","GO:0019867",2,0.492796173646758,0.99860996661548
"FDO_TC","down","GO:0030864",1,0.505711566766878,0.99860996661548
"FDO_TC","down","GO:0032580",1,0.505711566766878,0.99860996661548
"FDO_TC","down","GO:0016529",1,0.517223683568835,0.99860996661548
"FDO_TC","down","GO:0009897",1,0.539456778613618,0.99860996661548
"FDO_TC","down","GO:0016528",1,0.539456778613618,0.99860996661548
"FDO_TC","down","GO:0031967",8,0.55840060346428,0.99860996661548
"FDO_TC","down","GO:0005811",1,0.560674864190609,0.99860996661548
"FDO_TC","down","GO:0034703",1,0.560674864190609,0.99860996661548
"FDO_TC","down","GO:0031975",8,0.561771058707318,0.99860996661548
"FDO_TC","down","GO:0009898",1,0.580923872789312,0.99860996661548
"FDO_TC","down","GO:0030658",2,0.590524374156852,0.99860996661548
"FDO_TC","down","GO:0090734",1,0.590698761252666,0.99860996661548
"FDO_TC","down","GO:0098685",1,0.590698761252666,0.99860996661548
"FDO_TC","down","GO:0005777",1,0.600247676684735,0.99860996661548
"FDO_TC","down","GO:0030863",1,0.600247676684735,0.99860996661548
"FDO_TC","down","GO:0042579",1,0.600247676684735,0.99860996661548
"FDO_TC","down","GO:0010494",1,0.618688179519271,0.99860996661548
"FDO_TC","down","GO:0030880",1,0.618688179519271,0.99860996661548
"FDO_TC","down","GO:0031253",2,0.621913070159986,0.99860996661548
"FDO_TC","down","GO:0034399",1,0.627589771253753,0.99860996661548
"FDO_TC","down","GO:0000785",5,0.633676453906342,0.99860996661548
"FDO_TC","down","GO:0000932",1,0.636285403850248,0.99860996661548
"FDO_TC","down","GO:0045121",1,0.636285403850248,0.99860996661548
"FDO_TC","down","GO:0098857",1,0.636285403850248,0.99860996661548
"FDO_TC","down","GO:0030425",4,0.656080471472207,0.99860996661548
"FDO_TC","down","GO:0097447",4,0.656080471472207,0.99860996661548
"FDO_TC","down","GO:0098552",2,0.668265350308804,0.99860996661548
"FDO_TC","down","GO:0032993",5,0.670704176365423,0.99860996661548
"FDO_TC","down","GO:0043204",1,0.676835766331546,0.99860996661548
"FDO_TC","down","GO:0098562",1,0.684391146927408,0.99860996661548
"FDO_TC","down","GO:0030018",1,0.698980713878257,0.99860996661548
"FDO_TC","down","GO:0071013",1,0.706022849453202,0.99860996661548
"FDO_TC","down","GO:0014069",2,0.709972837013922,0.99860996661548
"FDO_TC","down","GO:0034702",1,0.712901702156914,0.99860996661548
"FDO_TC","down","GO:0031674",1,0.719621024021326,0.99860996661548
"FDO_TC","down","GO:0005794",9,0.727166406181318,0.99860996661548
"FDO_TC","down","GO:0030426",1,0.732595658103799,0.99860996661548
"FDO_TC","down","GO:0099572",2,0.733776008901213,0.99860996661548
"FDO_TC","down","GO:0000228",1,0.744975093618316,0.99860996661548
"FDO_TC","down","GO:0030424",4,0.751138547661979,0.99860996661548
"FDO_TC","down","GO:0032279",2,0.751617714378473,0.99860996661548
"FDO_TC","down","GO:0030427",1,0.76805540941389,0.99860996661548
"FDO_TC","down","GO:0009986",2,0.768432203027353,0.99860996661548
"FDO_TC","down","GO:0098984",2,0.77247987800027,0.99860996661548
"FDO_TC","down","GO:0030496",1,0.773494314756988,0.99860996661548
"FDO_TC","down","GO:0031901",1,0.773494314756988,0.99860996661548
"FDO_TC","down","GO:0048471",4,0.776040631001512,0.99860996661548
"FDO_TC","down","GO:0005741",1,0.778806814837314,0.99860996661548
"FDO_TC","down","GO:0030133",2,0.788065557940188,0.99860996661548
"FDO_TC","down","GO:0098590",6,0.807533819491341,0.99860996661548
"FDO_TC","down","GO:0030017",1,0.812691343138708,0.99860996661548
"FDO_TC","down","GO:0030659",5,0.833789749628517,0.99860996661548
"FDO_TC","down","GO:0070382",1,0.841425034282777,0.99860996661548
"FDO_TC","down","GO:0036477",4,0.843732053305923,0.99860996661548
"FDO_TC","down","GO:0043025",2,0.844345826081667,0.99860996661548
"FDO_TC","down","GO:0030016",1,0.855835657659559,0.99860996661548
"FDO_TC","down","GO:0005615",5,0.856283062575768,0.99860996661548
"FDO_TC","down","GO:0012506",5,0.858198318222889,0.99860996661548
"FDO_TC","down","GO:1902495",1,0.859230664651091,0.99860996661548
"FDO_TC","down","GO:0150034",1,0.872036402352833,0.99860996661548
"FDO_TC","down","GO:0005765",1,0.875053118113911,0.99860996661548
"FDO_TC","down","GO:0043292",1,0.875053118113911,0.99860996661548
"FDO_TC","down","GO:1990351",1,0.877999346840057,0.99860996661548
"FDO_TC","down","GO:0044297",2,0.882451731981041,0.99860996661548
"FDO_TC","down","GO:0061695",1,0.883686834550288,0.99860996661548
"FDO_TC","down","GO:0098852",1,0.886431246433486,0.99860996661548
"FDO_TC","down","GO:0070062",2,0.899091144307552,0.99860996661548
"FDO_TC","down","GO:0140535",5,0.899635212767042,0.99860996661548
"FDO_TC","down","GO:0098797",1,0.90392604963659,0.99860996661548
"FDO_TC","down","GO:0043230",2,0.906570695952228,0.99860996661548
"FDO_TC","down","GO:0065010",2,0.906570695952228,0.99860996661548
"FDO_TC","down","GO:1903561",2,0.906570695952228,0.99860996661548
"FDO_TC","down","GO:0005730",4,0.919401486515251,0.99860996661548
"FDO_TC","down","GO:0043005",6,0.920679111500879,0.99860996661548
"FDO_TC","down","GO:0097060",1,0.924382329960814,0.99860996661548
"FDO_TC","down","GO:0005774",1,0.93451752886781,0.99860996661548
"FDO_TC","down","GO:0005681",1,0.939068025037285,0.99860996661548
"FDO_TC","down","GO:0098796",4,0.945187663741214,0.99860996661548
"FDO_TC","down","GO:0031966",2,0.951286304732221,0.99860996661548
"FDO_TC","down","GO:0005769",1,0.952089460176877,0.99860996661548
"FDO_TC","down","GO:0031984",6,0.954666288636218,0.99860996661548
"FDO_TC","down","GO:0000139",2,0.95506275314253,0.99860996661548
"FDO_TC","down","GO:0005694",5,0.957308769916525,0.99860996661548
"FDO_TC","down","GO:0042175",4,0.958672650421695,0.99860996661548
"FDO_TC","down","GO:0005740",2,0.961013209032048,0.99860996661548
"FDO_TC","down","GO:0019866",1,0.962347991457402,0.99860996661548
"FDO_TC","down","GO:0098978",1,0.966628125223953,0.99860996661548
"FDO_TC","down","GO:0005768",3,0.968507160307855,0.99860996661548
"FDO_TC","down","GO:0005938",1,0.968960947221313,0.99860996661548
"FDO_TC","down","GO:0010008",1,0.968960947221313,0.99860996661548
"FDO_TC","down","GO:0098794",2,0.971341418084028,0.99860996661548
"FDO_TC","down","GO:0005739",5,0.976539077588693,0.99860996661548
"FDO_TC","down","GO:0005764",1,0.98040695599586,0.99860996661548
"FDO_TC","down","GO:0000323",1,0.982220044272194,0.99860996661548
"FDO_TC","down","GO:0015629",1,0.982220044272194,0.99860996661548
"FDO_TC","down","GO:0005789",3,0.984986413996288,0.99860996661548
"FDO_TC","down","GO:0098827",3,0.985836343135816,0.99860996661548
"FDO_TC","down","GO:1990234",2,0.990026206549186,0.99860996661548
"FDO_TC","down","GO:0098793",1,0.991647141394411,0.99860996661548
"FDO_TC","down","GO:0005773",1,0.993132506841631,0.99860996661548
"FDO_TC","down","GO:0045202",4,0.995659821943492,0.99860996661548
"FDO_TC","down","GO:0140513",3,0.997895206818493,0.99860996661548
"FDO_TC","down","GO:1990904",2,0.99860996661548,0.99860996661548
"GOA_TC","up","GO:0005788",11,5.71178618459744e-08,1.53647048365671e-05
"GOA_TC","up","GO:0005743",15,1.08309539171427e-05,0.00145676330185569
"GOA_TC","up","GO:0009986",13,2.56990411733093e-05,0.00148894936543583
"GOA_TC","up","GO:0042470",7,3.15911896767725e-05,0.00148894936543583
"GOA_TC","up","GO:0048770",7,3.15911896767725e-05,0.00148894936543583
"GOA_TC","up","GO:0019866",15,3.32107665152972e-05,0.00148894936543583
"GOA_TC","up","GO:0140534",8,0.000113613675532601,0.0043660112454671
"GOA_TC","up","GO:0098800",7,0.000359871559910903,0.0121006812020041
"GOA_TC","up","GO:0005615",21,0.000631873073859841,0.0188859840964775
"GOA_TC","up","GO:0043209",4,0.00123243326947619,0.0330016581736661
"GOA_TC","up","GO:0016469",4,0.00146650556816293,0.0330016581736661
"GOA_TC","up","GO:0005790",3,0.0015363740483712,0.0330016581736661
"GOA_TC","up","GO:1904949",7,0.0015948756738203,0.0330016581736661
"GOA_TC","up","GO:0031966",15,0.00189833760860403,0.0364752011938918
"GOA_TC","up","GO:0005740",15,0.00338188596132279,0.060648488239722
"GOA_TC","up","GO:0098798",8,0.00599745384880939,0.100701142892655
"GOA_TC","up","GO:0005903",4,0.00636401274786294,0.100701142892655
"GOA_TC","up","GO:0042175",17,0.00810139034551526,0.121070777941311
"GOA_TC","up","GO:0005793",4,0.0103674350844537,0.146781054616739
"GOA_TC","up","GO:0048471",12,0.0122140712777981,0.164279258686384
"GOA_TC","up","GO:0005789",16,0.0142660122983922,0.182740824203214
"GOA_TC","up","GO:0098827",16,0.0152328291099827,0.186255955935697
"GOA_TC","up","GO:0098796",16,0.0176879600858821,0.204790119300112
"GOA_TC","up","GO:0016529",4,0.0182712374096754,0.204790119300112
"GOA_TC","up","GO:1990752",2,0.0194748836877139,0.209549748479802
"GOA_TC","up","GO:0016528",4,0.021063867362374,0.2179300123261
"GOA_TC","up","GO:0010494",4,0.0225530997611171,0.224695697620019
"GOA_TC","up","GO:0031010",2,0.0234612191631234,0.224743500125593
"GOA_TC","up","GO:0070062",10,0.0242288531733911,0.224743500125593
"GOA_TC","up","GO:0033178",2,0.0277503682372938,0.238469223169977
"GOA_TC","up","GO:1903561",10,0.0284945839423471,0.238469223169977
"GOA_TC","up","GO:0043230",10,0.0292545887160195,0.238469223169977
"GOA_TC","up","GO:0065010",10,0.0292545887160195,0.238469223169977
"GOA_TC","up","GO:0005782",2,0.0323271772236426,0.248457447804568
"GOA_TC","up","GO:0031907",2,0.0323271772236426,0.248457447804568
"GOA_TC","up","GO:0005902",3,0.0356723082182084,0.266551414186057
"GOA_TC","up","GO:0016459",3,0.038508594876629,0.277885040236294
"GOA_TC","up","GO:0098862",4,0.0409655415455593,0.277885040236294
"GOA_TC","up","GO:0005905",3,0.0414565340313063,0.277885040236294
"GOA_TC","up","GO:0031967",17,0.0423542254635243,0.277885040236294
"GOA_TC","up","GO:0031975",17,0.0423542254635243,0.277885040236294
"GOA_TC","up","GO:0030867",2,0.0476396481860956,0.305120603858564
"GOA_TC","up","GO:0005759",7,0.0525432305455674,0.328700674808317
"GOA_TC","up","GO:0036464",6,0.0619304501369357,0.378620251973539
"GOA_TC","up","GO:0035770",6,0.0677823367917902,0.405187746599812
"GOA_TC","up","GO:1905368",4,0.080740164384223,0.472154439551217
"GOA_TC","up","GO:0005791",2,0.0978093048808881,0.559802191765083
"GOA_TC","up","GO:0031252",7,0.105843206777745,0.593162971316946
"GOA_TC","up","GO:0098858",4,0.114895313276233,0.615435387903976
"GOA_TC","up","GO:0099503",8,0.116044705005792,0.615435387903976
"GOA_TC","up","GO:0070603",3,0.116681058673245,0.615435387903976
"GOA_TC","up","GO:0042641",2,0.119255874417727,0.616919811891702
"GOA_TC","up","GO:0014069",5,0.12321460456175,0.625372238247374
"GOA_TC","up","GO:0030141",6,0.128470537350585,0.639973602727913
"GOA_TC","up","GO:1905369",3,0.131411361646291,0.642721023324585
"GOA_TC","up","GO:0016324",5,0.139620619307235,0.663284523135876
"GOA_TC","up","GO:0005925",4,0.14199966031582,0.663284523135876
"GOA_TC","up","GO:0099572",5,0.143013019858293,0.663284523135876
"GOA_TC","up","GO:0045177",6,0.158308289643195,0.700393277430137
"GOA_TC","up","GO:0032279",5,0.160501783440203,0.700393277430137
"GOA_TC","up","GO:0005746",2,0.172926137051775,0.700393277430137
"GOA_TC","up","GO:0048786",2,0.172926137051775,0.700393277430137
"GOA_TC","up","GO:0005777",3,0.173530789703748,0.700393277430137
"GOA_TC","up","GO:0042579",3,0.173530789703748,0.700393277430137
"GOA_TC","up","GO:0045121",3,0.173530789703748,0.700393277430137
"GOA_TC","up","GO:0098857",3,0.173530789703748,0.700393277430137
"GOA_TC","up","GO:0098984",5,0.186356607583647,0.700393277430137
"GOA_TC","up","GO:0030016",4,0.189041741908723,0.700393277430137
"GOA_TC","up","GO:0030133",5,0.190170271680775,0.700393277430137
"GOA_TC","up","GO:0030135",4,0.193548678659892,0.700393277430137
"GOA_TC","up","GO:0002080",1,0.200625357220251,0.700393277430137
"GOA_TC","up","GO:0031672",2,0.205099417704149,0.700393277430137
"GOA_TC","up","GO:0070469",2,0.205099417704149,0.700393277430137
"GOA_TC","up","GO:0030055",4,0.207267721148494,0.700393277430137
"GOA_TC","up","GO:0005882",1,0.218341771025963,0.700393277430137
"GOA_TC","up","GO:0030428",1,0.218341771025963,0.700393277430137
"GOA_TC","up","GO:0043292",4,0.221261351115337,0.700393277430137
"GOA_TC","up","GO:0030018",3,0.224698081316832,0.700393277430137
"GOA_TC","up","GO:0044297",6,0.225815982914206,0.700393277430137
"GOA_TC","up","GO:0000781",2,0.229633979591984,0.700393277430137
"GOA_TC","up","GO:0030175",2,0.229633979591984,0.700393277430137
"GOA_TC","up","GO:0009925",4,0.23072854305986,0.700393277430137
"GOA_TC","up","GO:0000178",1,0.23566826218857,0.700393277430137
"GOA_TC","up","GO:0031462",1,0.23566826218857,0.700393277430137
"GOA_TC","up","GO:0097038",1,0.23566826218857,0.700393277430137
"GOA_TC","up","GO:0099522",1,0.23566826218857,0.700393277430137
"GOA_TC","up","GO:1902555",1,0.23566826218857,0.700393277430137
"GOA_TC","up","GO:1905354",1,0.23566826218857,0.700393277430137
"GOA_TC","up","GO:0031674",3,0.236460350334538,0.700393277430137
"GOA_TC","up","GO:0035861",2,0.246101588947115,0.700393277430137
"GOA_TC","up","GO:0005921",1,0.252613352602314,0.700393277430137
"GOA_TC","up","GO:0008540",1,0.252613352602314,0.700393277430137
"GOA_TC","up","GO:0033017",1,0.252613352602314,0.700393277430137
"GOA_TC","up","GO:1905348",1,0.252613352602314,0.700393277430137
"GOA_TC","up","GO:0016363",2,0.254354104435313,0.700393277430137
"GOA_TC","up","GO:0034451",2,0.254354104435313,0.700393277430137
"GOA_TC","up","GO:0044306",2,0.254354104435313,0.700393277430137
"GOA_TC","up","GO:0015629",6,0.255161863152987,0.700393277430137
"GOA_TC","up","GO:0005798",2,0.262613049572775,0.702782863775056
"GOA_TC","up","GO:0005839",1,0.269185379223335,0.702782863775056
"GOA_TC","up","GO:0016460",1,0.269185379223335,0.702782863775056
"GOA_TC","up","GO:0016514",1,0.269185379223335,0.702782863775056
"GOA_TC","up","GO:0045178",4,0.269516086732739,0.702782863775056
"GOA_TC","up","GO:0031253",4,0.284364979288356,0.702782863775056
"GOA_TC","up","GO:0005801",1,0.285392498054652,0.702782863775056
"GOA_TC","up","GO:0016282",1,0.285392498054652,0.702782863775056
"GOA_TC","up","GO:0030140",1,0.285392498054652,0.702782863775056
"GOA_TC","up","GO:0031463",1,0.285392498054652,0.702782863775056
"GOA_TC","up","GO:0070993",1,0.285392498054652,0.702782863775056
"GOA_TC","up","GO:0000502",2,0.295629982311908,0.702782863775056
"GOA_TC","up","GO:0031526",1,0.301242688045889,0.702782863775056
"GOA_TC","up","GO:0043198",1,0.301242688045889,0.702782863775056
"GOA_TC","up","GO:0080008",1,0.301242688045889,0.702782863775056
"GOA_TC","up","GO:0097386",1,0.301242688045889,0.702782863775056
"GOA_TC","up","GO:0101031",1,0.301242688045889,0.702782863775056
"GOA_TC","up","GO:0070382",3,0.308735073897054,0.702782863775056
"GOA_TC","up","GO:0030424",7,0.327356554275279,0.702782863775056
"GOA_TC","up","GO:0005700",1,0.331903334855711,0.702782863775056
"GOA_TC","up","GO:0014704",1,0.331903334855711,0.702782863775056
"GOA_TC","up","GO:0043034",1,0.331903334855711,0.702782863775056
"GOA_TC","up","GO:0043195",1,0.331903334855711,0.702782863775056
"GOA_TC","up","GO:0090734",2,0.336582570687126,0.702782863775056
"GOA_TC","up","GO:0030017",3,0.339226569773586,0.702782863775056
"GOA_TC","up","GO:1990204",2,0.34469817595231,0.702782863775056
"GOA_TC","up","GO:0005901",1,0.346728898246542,0.702782863775056
"GOA_TC","up","GO:0030137",1,0.346728898246542,0.702782863775056
"GOA_TC","up","GO:0030673",1,0.346728898246542,0.702782863775056
"GOA_TC","up","GO:0005814",3,0.351413127805719,0.702782863775056
"GOA_TC","up","GO:0034399",2,0.352782186508939,0.702782863775056
"GOA_TC","up","GO:0044665",1,0.361227753172914,0.702782863775056
"GOA_TC","up","GO:0071339",1,0.361227753172914,0.702782863775056
"GOA_TC","up","GO:0019867",3,0.363576513471685,0.702782863775056
"GOA_TC","up","GO:0031968",3,0.363576513471685,0.702782863775056
"GOA_TC","up","GO:0030136",2,0.368845280227511,0.702782863775056
"GOA_TC","up","GO:0030667",2,0.368845280227511,0.702782863775056
"GOA_TC","up","GO:0001725",1,0.375407048954182,0.702782863775056
"GOA_TC","up","GO:0005838",1,0.375407048954182,0.702782863775056
"GOA_TC","up","GO:0008287",1,0.375407048954182,0.702782863775056
"GOA_TC","up","GO:0033116",1,0.375407048954182,0.702782863775056
"GOA_TC","up","GO:0097517",1,0.375407048954182,0.702782863775056
"GOA_TC","up","GO:0098982",1,0.375407048954182,0.702782863775056
"GOA_TC","up","GO:0016323",3,0.375705836723706,0.702782863775056
"GOA_TC","up","GO:0005802",3,0.381754466615602,0.702782863775056
"GOA_TC","up","GO:0098793",6,0.384112191340778,0.702782863775056
"GOA_TC","up","GO:0005747",1,0.389273779563135,0.702782863775056
"GOA_TC","up","GO:0030964",1,0.389273779563135,0.702782863775056
"GOA_TC","up","GO:0045111",1,0.389273779563135,0.702782863775056
"GOA_TC","up","GO:0045271",1,0.389273779563135,0.702782863775056
"GOA_TC","up","GO:1903293",1,0.389273779563135,0.702782863775056
"GOA_TC","up","GO:0022624",1,0.40283478697756,0.717632832430223
"GOA_TC","up","GO:0044232",1,0.40283478697756,0.717632832430223
"GOA_TC","up","GO:0005911",5,0.411986811861743,0.729108239413216
"GOA_TC","up","GO:0098794",7,0.415077362511287,0.729776539317231
"GOA_TC","up","GO:0070161",7,0.426083790170778,0.73515174444221
"GOA_TC","up","GO:0032432",1,0.429066259767386,0.73515174444221
"GOA_TC","up","GO:0097225",1,0.429066259767386,0.73515174444221
"GOA_TC","up","GO:1904115",1,0.429066259767386,0.73515174444221
"GOA_TC","up","GO:0005912",2,0.438972461854365,0.747364507840659
"GOA_TC","up","GO:0000785",7,0.444381396097511,0.751815066353651
"GOA_TC","up","GO:0005871",1,0.45415328613284,0.763545212310837
"GOA_TC","up","GO:0098590",11,0.457678306433464,0.764692325655912
"GOA_TC","up","GO:0032588",1,0.466283213107666,0.764818197109525
"GOA_TC","up","GO:0044291",1,0.466283213107666,0.764818197109525
"GOA_TC","up","GO:0044853",1,0.466283213107666,0.764818197109525
"GOA_TC","up","GO:0031256",2,0.476089442824581,0.776170061332196
"GOA_TC","up","GO:0036477",7,0.484271992015317,0.784176438647627
"GOA_TC","up","GO:0030134",1,0.48974587989889,0.784176438647627
"GOA_TC","up","GO:0032587",1,0.48974587989889,0.784176438647627
"GOA_TC","up","GO:0030139",2,0.49764170273,0.792104248724083
"GOA_TC","up","GO:0043025",4,0.50839925105015,0.796401869252424
"GOA_TC","up","GO:0031430",1,0.512184101786875,0.796401869252424
"GOA_TC","up","GO:0045171",1,0.512184101786875,0.796401869252424
"GOA_TC","up","GO:0098803",1,0.512184101786875,0.796401869252424
"GOA_TC","up","GO:0032993",7,0.519860041521071,0.797498775429209
"GOA_TC","up","GO:0000792",1,0.523033004255022,0.797498775429209
"GOA_TC","up","GO:0032589",1,0.523033004255022,0.797498775429209
"GOA_TC","up","GO:0031461",2,0.52549217469992,0.797498775429209
"GOA_TC","up","GO:0016607",4,0.531810052301147,0.797498775429209
"GOA_TC","up","GO:0022627",1,0.533642303261181,0.797498775429209
"GOA_TC","up","GO:0044304",1,0.533642303261181,0.797498775429209
"GOA_TC","up","GO:0001669",1,0.544017253598854,0.806539043058835
"GOA_TC","up","GO:0030425",5,0.548686412192441,0.806539043058835
"GOA_TC","up","GO:0097447",5,0.548686412192441,0.806539043058835
"GOA_TC","up","GO:0045335",1,0.554162995628609,0.810162205565739
"GOA_TC","up","GO:0008021",2,0.558828142175161,0.812566325649289
"GOA_TC","up","GO:0035097",1,0.564084557752405,0.814074547692659
"GOA_TC","up","GO:0043679",1,0.57378685883479,0.814074547692659
"GOA_TC","up","GO:0098685",1,0.57378685883479,0.814074547692659
"GOA_TC","up","GO:0030027",2,0.578023191856125,0.814074547692659
"GOA_TC","up","GO:0030496",2,0.578023191856125,0.814074547692659
"GOA_TC","up","GO:0043235",2,0.578023191856125,0.814074547692659
"GOA_TC","up","GO:0120111",1,0.583274710572127,0.817192172624491
"GOA_TC","up","GO:0000139",5,0.588375883879316,0.820067941779979
"GOA_TC","up","GO:0005884",1,0.592552819810929,0.821632518191443
"GOA_TC","up","GO:0005741",2,0.596606260819313,0.823010688002026
"GOA_TC","up","GO:0009897",1,0.601625790816403,0.825700702702103
"GOA_TC","up","GO:0005604",1,0.6359549104458,0.865213371740566
"GOA_TC","up","GO:0005681",3,0.636848504106439,0.865213371740566
"GOA_TC","up","GO:0032040",1,0.652001177055291,0.881348324763183
"GOA_TC","up","GO:0099513",6,0.658884110387009,0.885654129051327
"GOA_TC","up","GO:0005874",5,0.661771300889653,0.885654129051327
"GOA_TC","up","GO:0000932",1,0.667344957274254,0.887911486085155
"GOA_TC","up","GO:0032154",1,0.674763012157115,0.887911486085155
"GOA_TC","up","GO:0098791",3,0.680837591807992,0.887911486085155
"GOA_TC","up","GO:0015935",1,0.682016795024221,0.887911486085155
"GOA_TC","up","GO:0005813",6,0.686909012592973,0.887911486085155
"GOA_TC","up","GO:0005776",1,0.689109918248645,0.887911486085155
"GOA_TC","up","GO:0099081",8,0.689864314467648,0.887911486085155
"GOA_TC","up","GO:0099512",8,0.689864314467648,0.887911486085155
"GOA_TC","up","GO:0042734",1,0.696045915325693,0.891601672488625
"GOA_TC","up","GO:0034708",1,0.702828242583024,0.896022735804898
"GOA_TC","up","GO:0043204",1,0.709460280853963,0.900211394102434
"GOA_TC","up","GO:0098978",3,0.71312209430895,0.900609593282196
"GOA_TC","up","GO:0043296",1,0.722286646086729,0.907921064473505
"GOA_TC","up","GO:0042383",1,0.728487371803557,0.910571953272271
"GOA_TC","up","GO:0001726",1,0.73455060914529,0.910571953272271
"GOA_TC","up","GO:0009898",1,0.73455060914529,0.910571953272271
"GOA_TC","up","GO:0032153",1,0.74047938533894,0.913710801175114
"GOA_TC","up","GO:0071013",1,0.75748823512172,0.930430754555903
"GOA_TC","up","GO:0043197",1,0.778456650482459,0.951840177180825
"GOA_TC","up","GO:0044309",1,0.783411069559695,0.953563700052299
"GOA_TC","up","GO:0005815",7,0.793294988872297,0.95762337615044
"GOA_TC","up","GO:0098687",2,0.798685335584607,0.95762337615044
"GOA_TC","up","GO:0098562",1,0.802152462469312,0.95762337615044
"GOA_TC","up","GO:0140535",8,0.808564788876086,0.95762337615044
"GOA_TC","up","GO:0000151",2,0.812017286921278,0.95762337615044
"GOA_TC","up","GO:1990904",8,0.812351168239187,0.95762337615044
"GOA_TC","up","GO:0036126",1,0.815143435555141,0.95762337615044
"GOA_TC","up","GO:0098552",2,0.81522584809833,0.95762337615044
"GOA_TC","up","GO:0030684",1,0.834939307730869,0.976515972954799
"GOA_TC","up","GO:0022626",1,0.859165354874858,0.994284060821246
"GOA_TC","up","GO:0031901",1,0.86232489106621,0.994284060821246
"GOA_TC","up","GO:0043005",8,0.864049356867681,0.994284060821246
"GOA_TC","up","GO:0005768",6,0.873898365655369,0.994284060821246
"GOA_TC","up","GO:0016604",4,0.882578053893706,0.994284060821246
"GOA_TC","up","GO:0012506",6,0.882802547446074,0.994284060821246
"GOA_TC","up","GO:0005875",1,0.887773008654922,0.994284060821246
"GOA_TC","up","GO:0150034",1,0.887773008654922,0.994284060821246
"GOA_TC","up","GO:1902495",1,0.892760245267006,0.994284060821246
"GOA_TC","up","GO:0097729",1,0.895170703646945,0.994284060821246
"GOA_TC","up","GO:0005819",2,0.906069603714216,0.994284060821246
"GOA_TC","up","GO:1990351",1,0.910602356513693,0.994284060821246
"GOA_TC","up","GO:0031012",2,0.911101748239879,0.994284060821246
"GOA_TC","up","GO:0005769",2,0.912722658600114,0.994284060821246
"GOA_TC","up","GO:0030312",2,0.915882289019444,0.994284060821246
"GOA_TC","up","GO:0031965",1,0.916504397745992,0.994284060821246
"GOA_TC","up","GO:0036064",1,0.918384448834752,0.994284060821246
"GOA_TC","up","GO:0005635",2,0.926120446134416,0.994284060821246
"GOA_TC","up","GO:0005770",1,0.928813893162295,0.994284060821246
"GOA_TC","up","GO:0030659",5,0.934600302170923,0.994284060821246
"GOA_TC","up","GO:0010008",2,0.93518270184043,0.994284060821246
"GOA_TC","up","GO:0044391",1,0.936485947468695,0.994284060821246
"GOA_TC","up","GO:0005765",1,0.942027686973867,0.994284060821246
"GOA_TC","up","GO:0098797",1,0.944615734672046,0.994284060821246
"GOA_TC","up","GO:0098852",1,0.947089027596847,0.994284060821246
"GOA_TC","up","GO:0005840",1,0.959786987132071,0.994284060821246
"GOA_TC","up","GO:0062023",1,0.962456431393509,0.994284060821246
"GOA_TC","up","GO:0097060",1,0.965743879187536,0.994284060821246
"GOA_TC","up","GO:0031514",1,0.966520050332411,0.994284060821246
"GOA_TC","up","GO:0005774",1,0.970823681915234,0.994284060821246
"GOA_TC","up","GO:0005730",4,0.971770388485825,0.994284060821246
"GOA_TC","up","GO:0005764",2,0.974745021278335,0.994284060821246
"GOA_TC","up","GO:0000323",2,0.976657798444847,0.994284060821246
"GOA_TC","up","GO:0005938",1,0.978354759182518,0.994284060821246
"GOA_TC","up","GO:1990234",4,0.98005801896312,0.994284060821246
"GOA_TC","up","GO:0032838",1,0.98319539099796,0.994284060821246
"GOA_TC","up","GO:0099568",1,0.98964846534289,0.994968826183842
"GOA_TC","up","GO:0005773",2,0.99127005731327,0.994968826183842
"GOA_TC","up","GO:0005929",2,0.9989709157387,0.9989709157387
"GOA_TC","down","GO:0005615",25,1.38219268133617e-06,0.000320668702069992
"GOA_TC","down","GO:0062023",13,5.25511997366551e-06,0.000609593916945199
"GOA_TC","down","GO:0005581",6,2.23348160446236e-05,0.00172722577411755
"GOA_TC","down","GO:0031012",13,5.09657229108233e-05,0.00281118485715837
"GOA_TC","down","GO:0030312",13,6.05858805422063e-05,0.00281118485715837
"GOA_TC","down","GO:0005901",3,0.00593269958396556,0.229397717246668
"GOA_TC","down","GO:0002080",2,0.0159735451337981,0.448528165935807
"GOA_TC","down","GO:0044853",3,0.0176124618728959,0.448528165935807
"GOA_TC","down","GO:0070822",2,0.0192709996632624,0.448528165935807
"GOA_TC","down","GO:1990904",16,0.0205968220532583,0.448528165935807
"GOA_TC","down","GO:0030684",5,0.0212664216607495,0.448528165935807
"GOA_TC","down","GO:0001726",4,0.0294947670005779,0.555537386710978
"GOA_TC","down","GO:0005788",4,0.0311292501174255,0.555537386710978
"GOA_TC","down","GO:0015629",8,0.0383642761531909,0.581336930716686
"GOA_TC","down","GO:0045121",4,0.0400922021183921,0.581336930716686
"GOA_TC","down","GO:0098857",4,0.0400922021183921,0.581336930716686
"GOA_TC","down","GO:0005938",7,0.0513299135296241,0.700502349345459
"GOA_TC","down","GO:0005604",3,0.0598686230937081,0.771640030985571
"GOA_TC","down","GO:0090575",4,0.0803913015226104,0.954770921417477
"GOA_TC","down","GO:0005925",4,0.107566421712073,0.954770921417477
"GOA_TC","down","GO:0030667",3,0.108477209227603,0.954770921417477
"GOA_TC","down","GO:0055038",2,0.112979859822837,0.954770921417477
"GOA_TC","down","GO:0043025",6,0.115763220109041,0.954770921417477
"GOA_TC","down","GO:0001669",2,0.153574756841293,0.954770921417477
"GOA_TC","down","GO:0030055",4,0.16058796078279,0.954770921417477
"GOA_TC","down","GO:0044297",6,0.163375624113154,0.954770921417477
"GOA_TC","down","GO:0000118",2,0.1676733926837,0.954770921417477
"GOA_TC","down","GO:0000139",7,0.179797758770549,0.954770921417477
"GOA_TC","down","GO:0016586",1,0.182468828597704,0.954770921417477
"GOA_TC","down","GO:1990752",1,0.182468828597704,0.954770921417477
"GOA_TC","down","GO:0030863",2,0.19646976281765,0.954770921417477
"GOA_TC","down","GO:0051233",1,0.198788611491148,0.954770921417477
"GOA_TC","down","GO:0016591",2,0.21109351965299,0.954770921417477
"GOA_TC","down","GO:0000178",1,0.214785128758971,0.954770921417477
"GOA_TC","down","GO:0030127",1,0.214785128758971,0.954770921417477
"GOA_TC","down","GO:0034705",1,0.214785128758971,0.954770921417477
"GOA_TC","down","GO:1905354",1,0.214785128758971,0.954770921417477
"GOA_TC","down","GO:0005669",1,0.230464733892244,0.954770921417477
"GOA_TC","down","GO:0032040",2,0.24062623442452,0.954770921417477
"GOA_TC","down","GO:0016460",1,0.245833656489457,0.954770921417477
"GOA_TC","down","GO:0016514",1,0.245833656489457,0.954770921417477
"GOA_TC","down","GO:0030992",1,0.245833656489457,0.954770921417477
"GOA_TC","down","GO:0031312",1,0.245833656489457,0.954770921417477
"GOA_TC","down","GO:0071004",1,0.245833656489457,0.954770921417477
"GOA_TC","down","GO:0071010",1,0.245833656489457,0.954770921417477
"GOA_TC","down","GO:0071782",1,0.260898004653321,0.954770921417477
"GOA_TC","down","GO:0030688",1,0.275663767341543,0.954770921417477
"GOA_TC","down","GO:0055029",2,0.277779080997057,0.954770921417477
"GOA_TC","down","GO:0000428",2,0.285209075443208,0.954770921417477
"GOA_TC","down","GO:0000421",1,0.290136816672509,0.954770921417477
"GOA_TC","down","GO:0005682",1,0.290136816672509,0.954770921417477
"GOA_TC","down","GO:0030687",1,0.290136816672509,0.954770921417477
"GOA_TC","down","GO:0034708",2,0.292632150652197,0.954770921417477
"GOA_TC","down","GO:0031252",5,0.293060154907681,0.954770921417477
"GOA_TC","down","GO:0005667",4,0.295824246277969,0.954770921417477
"GOA_TC","down","GO:0043204",2,0.300045649244242,0.954770921417477
"GOA_TC","down","GO:0000791",1,0.304322910186686,0.954770921417477
"GOA_TC","down","GO:0016592",1,0.304322910186686,0.954770921417477
"GOA_TC","down","GO:0090543",1,0.304322910186686,0.954770921417477
"GOA_TC","down","GO:0072686",2,0.307447020853206,0.954770921417477
"GOA_TC","down","GO:0030670",1,0.318227693064604,0.954770921417477
"GOA_TC","down","GO:0042383",2,0.322203697893932,0.954770921417477
"GOA_TC","down","GO:0098590",11,0.324211940090618,0.954770921417477
"GOA_TC","down","GO:0030662",2,0.329554409697587,0.954770921417477
"GOA_TC","down","GO:0012507",1,0.331856700302254,0.954770921417477
"GOA_TC","down","GO:0030990",1,0.331856700302254,0.954770921417477
"GOA_TC","down","GO:0030880",2,0.358723889414574,0.954770921417477
"GOA_TC","down","GO:0055037",2,0.358723889414574,0.954770921417477
"GOA_TC","down","GO:0016234",1,0.371142809885124,0.954770921417477
"GOA_TC","down","GO:0030141",4,0.37314402584078,0.954770921417477
"GOA_TC","down","GO:0036477",7,0.376900879512054,0.954770921417477
"GOA_TC","down","GO:0005768",9,0.380105727236214,0.954770921417477
"GOA_TC","down","GO:0005771",1,0.383721934651952,0.954770921417477
"GOA_TC","down","GO:0030686",1,0.383721934651952,0.954770921417477
"GOA_TC","down","GO:0000315",1,0.408136060962026,0.954770921417477
"GOA_TC","down","GO:0005762",1,0.408136060962026,0.954770921417477
"GOA_TC","down","GO:0030427",2,0.408593822761674,0.954770921417477
"GOA_TC","down","GO:0048471",6,0.416843544177098,0.954770921417477
"GOA_TC","down","GO:0030665",1,0.41998080099635,0.954770921417477
"GOA_TC","down","GO:0015934",2,0.422507525293553,0.954770921417477
"GOA_TC","down","GO:0031256",2,0.422507525293553,0.954770921417477
"GOA_TC","down","GO:0044391",3,0.440688758421916,0.954770921417477
"GOA_TC","down","GO:0030139",2,0.443061475936415,0.954770921417477
"GOA_TC","down","GO:0016607",4,0.449943626538546,0.954770921417477
"GOA_TC","down","GO:0070062",5,0.451812220972932,0.954770921417477
"GOA_TC","down","GO:0030134",1,0.454122180681663,0.954770921417477
"GOA_TC","down","GO:0032587",1,0.454122180681663,0.954770921417477
"GOA_TC","down","GO:0030666",1,0.465053508820015,0.954770921417477
"GOA_TC","down","GO:0098797",3,0.47203119633566,0.954770921417477
"GOA_TC","down","GO:1903561",5,0.47525182613107,0.954770921417477
"GOA_TC","down","GO:0001650",1,0.475767624003718,0.954770921417477
"GOA_TC","down","GO:0045171",1,0.475767624003718,0.954770921417477
"GOA_TC","down","GO:0046540",1,0.475767624003718,0.954770921417477
"GOA_TC","down","GO:0098803",1,0.475767624003718,0.954770921417477
"GOA_TC","down","GO:0043230",5,0.479129306272657,0.954770921417477
"GOA_TC","down","GO:0065010",5,0.479129306272657,0.954770921417477
"GOA_TC","down","GO:0005730",8,0.4834192017444,0.954770921417477
"GOA_TC","down","GO:0005769",4,0.485148066967214,0.954770921417477
"GOA_TC","down","GO:0030864",1,0.486268808822571,0.954770921417477
"GOA_TC","down","GO:0032589",1,0.486268808822571,0.954770921417477
"GOA_TC","down","GO:0097526",1,0.486268808822571,0.954770921417477
"GOA_TC","down","GO:0070161",6,0.488010258804603,0.954770921417477
"GOA_TC","down","GO:0000228",2,0.495833349848263,0.954770921417477
"GOA_TC","down","GO:0005684",2,0.495833349848263,0.954770921417477
"GOA_TC","down","GO:0005746",1,0.496561262092729,0.954770921417477
"GOA_TC","down","GO:0016459",1,0.496561262092729,0.954770921417477
"GOA_TC","down","GO:0022627",1,0.496561262092729,0.954770921417477
"GOA_TC","down","GO:0030120",1,0.496561262092729,0.954770921417477
"GOA_TC","down","GO:0030659",8,0.504557109642726,0.954770921417477
"GOA_TC","down","GO:0016604",6,0.505429802700305,0.954770921417477
"GOA_TC","down","GO:0005905",1,0.506649100482477,0.954770921417477
"GOA_TC","down","GO:0016328",1,0.516536360106704,0.954770921417477
"GOA_TC","down","GO:0045335",1,0.516536360106704,0.954770921417477
"GOA_TC","down","GO:0000151",3,0.517511746960674,0.954770921417477
"GOA_TC","down","GO:0022626",2,0.521019483119322,0.954770921417477
"GOA_TC","down","GO:0030027",2,0.521019483119322,0.954770921417477
"GOA_TC","down","GO:0043235",2,0.521019483119322,0.954770921417477
"GOA_TC","down","GO:0098552",3,0.522438135864734,0.954770921417477
"GOA_TC","down","GO:0031901",2,0.527185087969334,0.954770921417477
"GOA_TC","down","GO:0070469",1,0.535724894103696,0.954770921417477
"GOA_TC","down","GO:0005741",2,0.539356397587423,0.954770921417477
"GOA_TC","down","GO:0005840",3,0.541870087974499,0.954770921417477
"GOA_TC","down","GO:0012506",8,0.543103163551552,0.954770921417477
"GOA_TC","down","GO:0005884",1,0.554157600610003,0.954770921417477
"GOA_TC","down","GO:0034703",1,0.563099796554812,0.954770921417477
"GOA_TC","down","GO:0005681",3,0.565518494424329,0.954770921417477
"GOA_TC","down","GO:0000313",1,0.571864024297276,0.954770921417477
"GOA_TC","down","GO:0005761",1,0.571864024297276,0.954770921417477
"GOA_TC","down","GO:0042470",1,0.571864024297276,0.954770921417477
"GOA_TC","down","GO:0048770",1,0.571864024297276,0.954770921417477
"GOA_TC","down","GO:0019867",2,0.580247918157756,0.954770921417477
"GOA_TC","down","GO:0031968",2,0.580247918157756,0.954770921417477
"GOA_TC","down","GO:0035861",1,0.580453798217378,0.954770921417477
"GOA_TC","down","GO:0016323",2,0.59143708385522,0.954770921417477
"GOA_TC","down","GO:0005802",2,0.596948805460148,0.954770921417477
"GOA_TC","down","GO:0022625",1,0.597123699173932,0.954770921417477
"GOA_TC","down","GO:0030117",1,0.597123699173932,0.954770921417477
"GOA_TC","down","GO:0048475",1,0.597123699173932,0.954770921417477
"GOA_TC","down","GO:0030135",2,0.613152279140088,0.954770921417477
"GOA_TC","down","GO:0045211",2,0.613152279140088,0.954770921417477
"GOA_TC","down","GO:0000502",1,0.628517207504626,0.954770921417477
"GOA_TC","down","GO:0000932",1,0.628517207504626,0.954770921417477
"GOA_TC","down","GO:0010494",1,0.628517207504626,0.954770921417477
"GOA_TC","down","GO:0005811",1,0.635978588913279,0.954770921417477
"GOA_TC","down","GO:0032154",1,0.635978588913279,0.954770921417477
"GOA_TC","down","GO:0015935",1,0.643291261992686,0.954770921417477
"GOA_TC","down","GO:0019898",1,0.643291261992686,0.954770921417477
"GOA_TC","down","GO:0099503",4,0.648136319461119,0.954770921417477
"GOA_TC","down","GO:0005776",1,0.650458167502404,0.954770921417477
"GOA_TC","down","GO:0009925",2,0.653938531412347,0.954770921417477
"GOA_TC","down","GO:0042734",1,0.657482188503543,0.954770921417477
"GOA_TC","down","GO:0070603",1,0.66436615148187,0.954770921417477
"GOA_TC","down","GO:0090734",1,0.66436615148187,0.954770921417477
"GOA_TC","down","GO:0071011",1,0.677724933023707,0.954770921417477
"GOA_TC","down","GO:0005770",2,0.682247275136803,0.954770921417477
"GOA_TC","down","GO:0097525",1,0.684205131488873,0.954770921417477
"GOA_TC","down","GO:1905369",1,0.684205131488873,0.954770921417477
"GOA_TC","down","GO:0005819",3,0.687269328070904,0.954770921417477
"GOA_TC","down","GO:0030136",1,0.690556033832644,0.954770921417477
"GOA_TC","down","GO:1990234",7,0.69101908198424,0.954770921417477
"GOA_TC","down","GO:0014069",2,0.691257847670352,0.954770921417477
"GOA_TC","down","GO:0045178",2,0.691257847670352,0.954770921417477
"GOA_TC","down","GO:0009898",1,0.696780199766007,0.954770921417477
"GOA_TC","down","GO:0030532",1,0.696780199766007,0.954770921417477
"GOA_TC","down","GO:0032153",1,0.702880138722084,0.954770921417477
"GOA_TC","down","GO:0031253",2,0.704381916974036,0.954770921417477
"GOA_TC","down","GO:0098800",1,0.708858310835883,0.954770921417477
"GOA_TC","down","GO:0098798",2,0.712873573141441,0.954770921417477
"GOA_TC","down","GO:0005773",5,0.715742306728254,0.954770921417477
"GOA_TC","down","GO:0099572",2,0.717043028360188,0.954770921417477
"GOA_TC","down","GO:0030426",1,0.720458954332369,0.954770921417477
"GOA_TC","down","GO:0120114",1,0.726086108049248,0.954770921417477
"GOA_TC","down","GO:0005764",4,0.726361549580345,0.954770921417477
"GOA_TC","down","GO:0034702",1,0.737005442142117,0.954770921417477
"GOA_TC","down","GO:0032279",2,0.737139989645221,0.954770921417477
"GOA_TC","down","GO:0061695",2,0.737139989645221,0.954770921417477
"GOA_TC","down","GO:0000323",4,0.738071891635374,0.954770921417477
"GOA_TC","down","GO:0043197",1,0.742302034093901,0.954770921417477
"GOA_TC","down","GO:0044309",1,0.747492778212866,0.954770921417477
"GOA_TC","down","GO:0140534",1,0.747492778212866,0.954770921417477
"GOA_TC","down","GO:0010008",3,0.755347364580492,0.954770921417477
"GOA_TC","down","GO:0098984",2,0.763240025495192,0.954770921417477
"GOA_TC","down","GO:0030133",2,0.766781229754464,0.954770921417477
"GOA_TC","down","GO:0098562",1,0.767238638279305,0.954770921417477
"GOA_TC","down","GO:0031902",1,0.776529126876117,0.954770921417477
"GOA_TC","down","GO:1905368",1,0.776529126876117,0.954770921417477
"GOA_TC","down","GO:1904949",1,0.794020514904471,0.954770921417477
"GOA_TC","down","GO:0097060",2,0.802808141854454,0.954770921417477
"GOA_TC","down","GO:0098794",4,0.809722350890514,0.954770921417477
"GOA_TC","down","GO:0005759",2,0.814643709512265,0.954770921417477
"GOA_TC","down","GO:0008021",1,0.817742293854335,0.954770921417477
"GOA_TC","down","GO:0005774",2,0.823103425602238,0.954770921417477
"GOA_TC","down","GO:0030425",3,0.82560396993163,0.954770921417477
"GOA_TC","down","GO:0097447",3,0.82560396993163,0.954770921417477
"GOA_TC","down","GO:0098791",2,0.825846098294712,0.954770921417477
"GOA_TC","down","GO:0000785",4,0.82703092563526,0.954770921417477
"GOA_TC","down","GO:0030496",1,0.828565725042533,0.954770921417477
"GOA_TC","down","GO:0070382",1,0.832029870296248,0.954770921417477
"GOA_TC","down","GO:0098796",6,0.832197504422019,0.954770921417477
"GOA_TC","down","GO:0099081",6,0.832197504422019,0.954770921417477
"GOA_TC","down","GO:0099512",6,0.832197504422019,0.954770921417477
"GOA_TC","down","GO:0098793",3,0.834743411171605,0.954770921417477
"GOA_TC","down","GO:0030658",1,0.835424556240292,0.954770921417477
"GOA_TC","down","GO:0031966",4,0.841100244367754,0.956545375947642
"GOA_TC","down","GO:0099513",4,0.856005102811857,0.966367525644753
"GOA_TC","down","GO:0150034",1,0.860241739698508,0.966367525644753
"GOA_TC","down","GO:1902495",1,0.865842080900536,0.966367525644753
"GOA_TC","down","GO:0032993",4,0.86639847126771,0.966367525644753
"GOA_TC","down","GO:0005740",4,0.872968835507947,0.969037176257626
"GOA_TC","down","GO:0005874",3,0.884717528051272,0.969697023935813
"GOA_TC","down","GO:0005743",2,0.885006330663637,0.969697023935813
"GOA_TC","down","GO:1990351",1,0.886102452906864,0.969697023935813
"GOA_TC","down","GO:0036064",1,0.895062914700215,0.974904207560797
"GOA_TC","down","GO:0140535",6,0.905019610471566,0.979616526640205
"GOA_TC","down","GO:0019866",2,0.914486808648151,0.979616526640205
"GOA_TC","down","GO:0016324",1,0.919625606528208,0.979616526640205
"GOA_TC","down","GO:0005765",1,0.922860115643269,0.979616526640205
"GOA_TC","down","GO:0036464",1,0.924428601924618,0.979616526640205
"GOA_TC","down","GO:0035770",1,0.928946706296746,0.979616526640205
"GOA_TC","down","GO:0098852",1,0.928946706296746,0.979616526640205
"GOA_TC","down","GO:0005813",3,0.950381001590712,0.990637210998464
"GOA_TC","down","GO:0031514",1,0.952927959316267,0.990637210998464
"GOA_TC","down","GO:0005929",4,0.962691376585496,0.990637210998464
"GOA_TC","down","GO:0030424",2,0.964836441947291,0.990637210998464
"GOA_TC","down","GO:0045177",1,0.965464510037434,0.990637210998464
"GOA_TC","down","GO:0043005",5,0.973044144385314,0.990637210998464
"GOA_TC","down","GO:0005789",3,0.988135773944647,0.990637210998464
"GOA_TC","down","GO:0005815",3,0.988717108557984,0.990637210998464
"GOA_TC","down","GO:0098827",3,0.988717108557984,0.990637210998464
"GOA_TC","down","GO:0042175",3,0.989799314049582,0.990637210998464
"GOA_TC","down","GO:0031967",4,0.990637210998464,0.990637210998464
"GOA_TC","down","GO:0031975",4,0.990637210998464,0.990637210998464
"GOW_TC","up","GO:0010494",4,0.00374702891906616,0.592812909543021
"GOW_TC","up","GO:0005902",3,0.00536316118734828,0.592812909543021
"GOW_TC","up","GO:0005811",3,0.011363454408105,0.592812909543021
"GOW_TC","up","GO:0098590",10,0.0141263157049706,0.592812909543021
"GOW_TC","up","GO:0098858",4,0.0144194300282143,0.592812909543021
"GOW_TC","up","GO:0045202",12,0.0158789172199024,0.592812909543021
"GOW_TC","up","GO:0036464",5,0.0210717875111857,0.612995678718619
"GOW_TC","up","GO:0035770",5,0.0218927028113792,0.612995678718619
"GOW_TC","up","GO:0045177",5,0.0323236755618582,0.669605517477276
"GOW_TC","up","GO:0031253",4,0.0327929824561985,0.669605517477276
"GOW_TC","up","GO:0016324",4,0.0370080458858566,0.669605517477276
"GOW_TC","up","GO:0008023",2,0.0390969900091472,0.669605517477276
"GOW_TC","up","GO:0030425",6,0.0418503448423298,0.669605517477276
"GOW_TC","up","GO:0097447",6,0.0418503448423298,0.669605517477276
"GOW_TC","up","GO:0030134",2,0.0465850442604124,0.695669994288825
"GOW_TC","up","GO:0036477",7,0.0563403807784653,0.700129251224834
"GOW_TC","up","GO:0005643",2,0.0717776068036175,0.700129251224834
"GOW_TC","up","GO:0120111",2,0.0763283446469072,0.700129251224834
"GOW_TC","up","GO:0098588",12,0.077699592285895,0.700129251224834
"GOW_TC","up","GO:0098794",6,0.078588969940127,0.700129251224834
"GOW_TC","up","GO:0009986",4,0.0814791954861725,0.700129251224834
"GOW_TC","up","GO:0005789",7,0.0876970591743864,0.700129251224834
"GOW_TC","up","GO:0005793",2,0.0905028053566749,0.700129251224834
"GOW_TC","up","GO:0016363",2,0.0905028053566749,0.700129251224834
"GOW_TC","up","GO:0016459",2,0.0905028053566749,0.700129251224834
"GOW_TC","up","GO:0098827",7,0.0922088313234029,0.700129251224834
"GOW_TC","up","GO:0043005",9,0.0931305440168591,0.700129251224834
"GOW_TC","up","GO:0000139",5,0.0934804689111948,0.700129251224834
"GOW_TC","up","GO:0042175",7,0.100018812029731,0.700129251224834
"GOW_TC","up","GO:0005884",2,0.100350056684932,0.700129251224834
"GOW_TC","up","GO:0005776",2,0.110482053171999,0.700129251224834
"GOW_TC","up","GO:0005783",10,0.111896749102204,0.700129251224834
"GOW_TC","up","GO:0140513",10,0.111896749102204,0.700129251224834
"GOW_TC","up","GO:0097060",3,0.114927704018789,0.700129251224834
"GOW_TC","up","GO:0009898",2,0.115646349532674,0.700129251224834
"GOW_TC","up","GO:0042470",2,0.115646349532674,0.700129251224834
"GOW_TC","up","GO:0048770",2,0.115646349532674,0.700129251224834
"GOW_TC","up","GO:0099503",5,0.123444548607353,0.702205342475652
"GOW_TC","up","GO:0034399",2,0.136884186612483,0.702205342475652
"GOW_TC","up","GO:0010008",4,0.1465715042813,0.702205342475652
"GOW_TC","up","GO:0030428",1,0.14774358400722,0.702205342475652
"GOW_TC","up","GO:0034704",1,0.14774358400722,0.702205342475652
"GOW_TC","up","GO:0099091",1,0.14774358400722,0.702205342475652
"GOW_TC","up","GO:0120293",1,0.14774358400722,0.702205342475652
"GOW_TC","up","GO:0045211",2,0.153338333421951,0.702205342475652
"GOW_TC","up","GO:0098562",2,0.153338333421951,0.702205342475652
"GOW_TC","up","GO:0099080",10,0.159619644201503,0.702205342475652
"GOW_TC","up","GO:0032589",1,0.161277973674093,0.702205342475652
"GOW_TC","up","GO:0005794",8,0.176373166565735,0.702205342475652
"GOW_TC","up","GO:0000421",1,0.187714827124223,0.702205342475652
"GOW_TC","up","GO:0001750",1,0.187714827124223,0.702205342475652
"GOW_TC","up","GO:0043195",1,0.187714827124223,0.702205342475652
"GOW_TC","up","GO:0043198",1,0.187714827124223,0.702205342475652
"GOW_TC","up","GO:0098839",1,0.187714827124223,0.702205342475652
"GOW_TC","up","GO:0099634",1,0.187714827124223,0.702205342475652
"GOW_TC","up","GO:0005774",3,0.189905351960104,0.702205342475652
"GOW_TC","up","GO:0001917",1,0.200623765580713,0.702205342475652
"GOW_TC","up","GO:0030137",1,0.200623765580713,0.702205342475652
"GOW_TC","up","GO:0031045",1,0.200623765580713,0.702205342475652
"GOW_TC","up","GO:0032420",1,0.200623765580713,0.702205342475652
"GOW_TC","up","GO:0098982",1,0.200623765580713,0.702205342475652
"GOW_TC","up","GO:0031901",2,0.204633321424314,0.702205342475652
"GOW_TC","up","GO:0030133",3,0.206208740863969,0.702205342475652
"GOW_TC","up","GO:0043197",2,0.210460053433877,0.702205342475652
"GOW_TC","up","GO:0012507",1,0.213330613237667,0.702205342475652
"GOW_TC","up","GO:0044665",1,0.213330613237667,0.702205342475652
"GOW_TC","up","GO:0071339",1,0.213330613237667,0.702205342475652
"GOW_TC","up","GO:0016323",2,0.216304324244732,0.702205342475652
"GOW_TC","up","GO:0044309",2,0.216304324244732,0.702205342475652
"GOW_TC","up","GO:0030659",6,0.235681676573233,0.711267530114102
"GOW_TC","up","GO:0032391",1,0.238150452173223,0.711267530114102
"GOW_TC","up","GO:0032421",1,0.238150452173223,0.711267530114102
"GOW_TC","up","GO:0031672",1,0.250269533917394,0.711267530114102
"GOW_TC","up","GO:0034703",1,0.250269533917394,0.711267530114102
"GOW_TC","up","GO:0043209",1,0.250269533917394,0.711267530114102
"GOW_TC","up","GO:0071007",1,0.250269533917394,0.711267530114102
"GOW_TC","up","GO:0098793",4,0.250479423902198,0.711267530114102
"GOW_TC","up","GO:0070382",2,0.251631271683898,0.711267530114102
"GOW_TC","up","GO:1904115",1,0.262198707196433,0.711267530114102
"GOW_TC","up","GO:0030658",2,0.263463848296075,0.711267530114102
"GOW_TC","up","GO:0031984",7,0.268254103119925,0.711267530114102
"GOW_TC","up","GO:0005681",3,0.269766933399216,0.711267530114102
"GOW_TC","up","GO:0012506",6,0.270751447899682,0.711267530114102
"GOW_TC","up","GO:0009925",2,0.275303078920021,0.711267530114102
"GOW_TC","up","GO:0043025",3,0.295878451094275,0.711267530114102
"GOW_TC","up","GO:0098978",3,0.295878451094275,0.711267530114102
"GOW_TC","up","GO:0032580",1,0.29687586250917,0.711267530114102
"GOW_TC","up","GO:1990904",7,0.298798605007863,0.711267530114102
"GOW_TC","up","GO:0030141",3,0.300251145861639,0.711267530114102
"GOW_TC","up","GO:0005871",1,0.308074268173841,0.711267530114102
"GOW_TC","up","GO:0043679",1,0.308074268173841,0.711267530114102
"GOW_TC","up","GO:0045178",2,0.316626945302746,0.711267530114102
"GOW_TC","up","GO:0005773",4,0.318442391046471,0.711267530114102
"GOW_TC","up","GO:0000792",1,0.319096980773534,0.711267530114102
"GOW_TC","up","GO:0035869",1,0.319096980773534,0.711267530114102
"GOW_TC","up","GO:0005765",2,0.322498536676528,0.711267530114102
"GOW_TC","up","GO:0030135",2,0.322498536676528,0.711267530114102
"GOW_TC","up","GO:0005635",3,0.326555118596898,0.711267530114102
"GOW_TC","up","GO:0035097",1,0.329946715024848,0.711267530114102
"GOW_TC","up","GO:0097733",1,0.329946715024848,0.711267530114102
"GOW_TC","up","GO:0098852",2,0.340039740489987,0.711267530114102
"GOW_TC","up","GO:0016529",1,0.340626144343457,0.711267530114102
"GOW_TC","up","GO:0016607",3,0.344112471779669,0.711267530114102
"GOW_TC","up","GO:0005938",3,0.348499314268912,0.711267530114102
"GOW_TC","up","GO:0005905",1,0.35113790146262,0.711267530114102
"GOW_TC","up","GO:0031594",1,0.35113790146262,0.711267530114102
"GOW_TC","up","GO:0016528",1,0.361484579042583,0.711267530114102
"GOW_TC","up","GO:0016591",1,0.361484579042583,0.711267530114102
"GOW_TC","up","GO:0044306",1,0.361484579042583,0.711267530114102
"GOW_TC","up","GO:0005768",5,0.363003825542971,0.711267530114102
"GOW_TC","up","GO:0044297",3,0.366020749769317,0.711267530114102
"GOW_TC","up","GO:0031967",6,0.367514999516931,0.711267530114102
"GOW_TC","up","GO:0031975",6,0.367514999516931,0.711267530114102
"GOW_TC","up","GO:0034702",1,0.371668730271,0.711267530114102
"GOW_TC","up","GO:0048471",4,0.376942965709097,0.711267530114102
"GOW_TC","up","GO:0032040",1,0.381692869454494,0.711267530114102
"GOW_TC","up","GO:0005615",6,0.387897137900189,0.711267530114102
"GOW_TC","up","GO:0097731",1,0.391559472601496,0.711267530114102
"GOW_TC","up","GO:0005764",3,0.39650678233673,0.711267530114102
"GOW_TC","up","GO:0005798",1,0.401270977996491,0.711267530114102
"GOW_TC","up","GO:0055029",1,0.401270977996491,0.711267530114102
"GOW_TC","up","GO:0098685",1,0.401270977996491,0.711267530114102
"GOW_TC","up","GO:0098797",2,0.403037604077472,0.711267530114102
"GOW_TC","up","GO:0005730",5,0.404843646857472,0.711267530114102
"GOW_TC","up","GO:0000323",3,0.409470854785215,0.711267530114102
"GOW_TC","up","GO:0000785",4,0.409805143378444,0.711267530114102
"GOW_TC","up","GO:0000118",1,0.410829786765778,0.711267530114102
"GOW_TC","up","GO:0000428",1,0.410829786765778,0.711267530114102
"GOW_TC","up","GO:0032154",1,0.410829786765778,0.711267530114102
"GOW_TC","up","GO:0031985",1,0.420238263434894,0.711267530114102
"GOW_TC","up","GO:0071005",1,0.420238263434894,0.711267530114102
"GOW_TC","up","GO:0099572",2,0.425283322908895,0.711267530114102
"GOW_TC","up","GO:0098552",2,0.436250547783844,0.711267530114102
"GOW_TC","up","GO:0030672",1,0.438613498857968,0.711267530114102
"GOW_TC","up","GO:0042734",1,0.438613498857968,0.711267530114102
"GOW_TC","up","GO:0099501",1,0.438613498857968,0.711267530114102
"GOW_TC","up","GO:0032993",4,0.445955019254894,0.711267530114102
"GOW_TC","up","GO:0031902",1,0.456414889122103,0.711267530114102
"GOW_TC","up","GO:0015629",3,0.460446985758398,0.711267530114102
"GOW_TC","up","GO:0031256",1,0.465105930139047,0.711267530114102
"GOW_TC","up","GO:0034708",1,0.465105930139047,0.711267530114102
"GOW_TC","up","GO:0005667",2,0.46847843276976,0.711267530114102
"GOW_TC","up","GO:0005694",6,0.469171189699636,0.711267530114102
"GOW_TC","up","GO:0032153",1,0.473660087786447,0.711267530114102
"GOW_TC","up","GO:0043230",3,0.481169976748882,0.711267530114102
"GOW_TC","up","GO:0065010",3,0.481169976748882,0.711267530114102
"GOW_TC","up","GO:1903561",3,0.481169976748882,0.711267530114102
"GOW_TC","up","GO:0005912",1,0.482079485315797,0.711267530114102
"GOW_TC","up","GO:0030880",1,0.482079485315797,0.711267530114102
"GOW_TC","up","GO:0045121",1,0.482079485315797,0.711267530114102
"GOW_TC","up","GO:0098857",1,0.482079485315797,0.711267530114102
"GOW_TC","up","GO:0000932",1,0.490366213550744,0.711267530114102
"GOW_TC","up","GO:0005769",2,0.4945104920059,0.711267530114102
"GOW_TC","up","GO:0022625",1,0.498522331374617,0.711267530114102
"GOW_TC","up","GO:0071011",1,0.498522331374617,0.711267530114102
"GOW_TC","up","GO:0097730",1,0.498522331374617,0.711267530114102
"GOW_TC","up","GO:0098862",1,0.498522331374617,0.711267530114102
"GOW_TC","up","GO:0005576",8,0.5064343403026,0.713630000196241
"GOW_TC","up","GO:0030662",1,0.506549866210725,0.713630000196241
"GOW_TC","up","GO:0005743",2,0.50974974141526,0.713649637981364
"GOW_TC","up","GO:0005788",1,0.522227142144989,0.717661839512132
"GOW_TC","up","GO:0005795",1,0.522227142144989,0.717661839512132
"GOW_TC","up","GO:0070603",1,0.522227142144989,0.717661839512132
"GOW_TC","up","GO:0031966",3,0.525444032045917,0.717679653526131
"GOW_TC","up","GO:0005881",1,0.552124522014666,0.742627348626466
"GOW_TC","up","GO:0099513",4,0.556356847257743,0.742627348626466
"GOW_TC","up","GO:0015934",1,0.559306198775364,0.742627348626466
"GOW_TC","up","GO:0030139",1,0.559306198775364,0.742627348626466
"GOW_TC","up","GO:0071013",1,0.566374434712381,0.742627348626466
"GOW_TC","up","GO:0019866",2,0.572314748418629,0.742627348626466
"GOW_TC","up","GO:0005740",3,0.575090189739402,0.742627348626466
"GOW_TC","up","GO:0099081",5,0.577615821579328,0.742627348626466
"GOW_TC","up","GO:0099512",5,0.577615821579328,0.742627348626466
"GOW_TC","up","GO:0005741",1,0.580177616114426,0.742627348626466
"GOW_TC","up","GO:0030684",1,0.580177616114426,0.742627348626466
"GOW_TC","up","GO:0008021",1,0.600074830979191,0.755621612679251
"GOW_TC","up","GO:1902495",1,0.600074830979191,0.755621612679251
"GOW_TC","up","GO:0090575",1,0.606498549926715,0.755621612679251
"GOW_TC","up","GO:0031252",2,0.616466636651854,0.755621612679251
"GOW_TC","up","GO:0070161",3,0.618046083492941,0.755621612679251
"GOW_TC","up","GO:0019867",1,0.619042648342932,0.755621612679251
"GOW_TC","up","GO:0030017",1,0.619042648342932,0.755621612679251
"GOW_TC","up","GO:0031968",1,0.619042648342932,0.755621612679251
"GOW_TC","up","GO:0005911",2,0.62068918184367,0.755621612679251
"GOW_TC","up","GO:0043235",1,0.625166171287249,0.756957958747804
"GOW_TC","up","GO:0005684",1,0.631192732236102,0.7601460861338
"GOW_TC","up","GO:1990351",1,0.637123843267393,0.763185780170567
"GOW_TC","up","GO:0005802",1,0.642960993241644,0.766081183436852
"GOW_TC","up","GO:0005770",1,0.648705648152919,0.768208154794881
"GOW_TC","up","GO:0016604",3,0.65160513129923,0.768208154794881
"GOW_TC","up","GO:0030016",1,0.665398966676449,0.776298794455857
"GOW_TC","up","GO:1904949",1,0.665398966676449,0.776298794455857
"GOW_TC","up","GO:0005925",1,0.676091249033807,0.780641442183364
"GOW_TC","up","GO:0150034",1,0.676091249033807,0.780641442183364
"GOW_TC","up","GO:0031965",1,0.686446869675978,0.788533840038047
"GOW_TC","up","GO:0043292",1,0.696476270863265,0.794906859274679
"GOW_TC","up","GO:0030055",1,0.701371814881599,0.794906859274679
"GOW_TC","up","GO:0032838",2,0.704844444121259,0.794906859274679
"GOW_TC","up","GO:0036064",1,0.706189575873487,0.794906859274679
"GOW_TC","up","GO:0022626",1,0.720188238638261,0.806610827274852
"GOW_TC","up","GO:0070062",2,0.728221759310309,0.808566351714119
"GOW_TC","up","GO:0005875",1,0.729153585027911,0.808566351714119
"GOW_TC","up","GO:0061695",1,0.73783589069904,0.81416374146101
"GOW_TC","up","GO:0014069",1,0.75438632049682,0.828345763682782
"GOW_TC","up","GO:0099568",2,0.75893601205607,0.828877474670615
"GOW_TC","up","GO:0044391",1,0.762271249027441,0.828877474670615
"GOW_TC","up","GO:0032279",1,0.784460388491042,0.848884671603833
"GOW_TC","up","GO:0098984",1,0.79477698030632,0.85540619312503
"GOW_TC","up","GO:0098791",1,0.801382920050484,0.85540619312503
"GOW_TC","up","GO:0030424",2,0.801943306054716,0.85540619312503
"GOW_TC","up","GO:0005840",1,0.81699538545701,0.867331594039669
"GOW_TC","up","GO:0062023",1,0.822896207237025,0.869475237835347
"GOW_TC","up","GO:0005739",4,0.8348877290321,0.878003996728594
"GOW_TC","up","GO:0005874",2,0.844214158445,0.883663418185421
"GOW_TC","up","GO:0140535",3,0.856994307637249,0.892868487956948
"GOW_TC","up","GO:0005930",1,0.866047419334793,0.896242240800661
"GOW_TC","up","GO:0097014",1,0.86823467077564,0.896242240800661
"GOW_TC","up","GO:0031012",1,0.886401822581298,0.910798203019316
"GOW_TC","up","GO:0030312",1,0.891890827493079,0.912253631773742
"GOW_TC","up","GO:1990234",2,0.907943965317566,0.924452037414249
"GOW_TC","up","GO:0098796",2,0.938934506211348,0.951680223490235
"GOW_TC","up","GO:0005929",2,0.965308858799813,0.974005335005216
"GOW_TC","up","GO:0005815",1,0.990887141307397,0.995330581402946
"GOW_TC","up","GO:0015630",2,0.997918136654034,0.997918136654034
"GOW_TC","down","GO:0090575",4,0.00725359018633697,0.822443007447649
"GOW_TC","down","GO:0005667",5,0.0100297927737518,0.822443007447649
"GOW_TC","down","GO:0005700",2,0.0212107866406895,0.95894975194585
"GOW_TC","down","GO:0055038",2,0.0262168900462357,0.95894975194585
"GOW_TC","down","GO:0005604",2,0.0502697050579779,0.95894975194585
"GOW_TC","down","GO:0016591",2,0.0536796050351723,0.95894975194585
"GOW_TC","down","GO:0055029",2,0.0680941026108399,0.95894975194585
"GOW_TC","down","GO:0000428",2,0.071878443081692,0.95894975194585
"GOW_TC","down","GO:0055037",2,0.100120593606055,0.95894975194585
"GOW_TC","down","GO:0030880",2,0.104378220663511,0.95894975194585
"GOW_TC","down","GO:0014069",3,0.110852173537981,0.95894975194585
"GOW_TC","down","GO:0099572",3,0.122484146792253,0.95894975194585
"GOW_TC","down","GO:0099091",1,0.126703847955064,0.95894975194585
"GOW_TC","down","GO:0032279",3,0.134549046114494,0.95894975194585
"GOW_TC","down","GO:0005790",1,0.138471072332956,0.95894975194585
"GOW_TC","down","GO:0071782",1,0.138471072332956,0.95894975194585
"GOW_TC","down","GO:0098984",3,0.143862709310211,0.95894975194585
"GOW_TC","down","GO:0071004",1,0.15008253321126,0.95894975194585
"GOW_TC","down","GO:0071010",1,0.15008253321126,0.95894975194585
"GOW_TC","down","GO:0005823",1,0.161540255440477,0.95894975194585
"GOW_TC","down","GO:0098839",1,0.161540255440477,0.95894975194585
"GOW_TC","down","GO:0099634",1,0.161540255440477,0.95894975194585
"GOW_TC","down","GO:0000786",1,0.172846238030252,0.95894975194585
"GOW_TC","down","GO:0005685",1,0.172846238030252,0.95894975194585
"GOW_TC","down","GO:0005694",7,0.177533819380057,0.95894975194585
"GOW_TC","down","GO:0005816",1,0.184002454473004,0.95894975194585
"GOW_TC","down","GO:0001725",1,0.205873357215019,0.95894975194585
"GOW_TC","down","GO:0005775",1,0.205873357215019,0.95894975194585
"GOW_TC","down","GO:0097517",1,0.205873357215019,0.95894975194585
"GOW_TC","down","GO:0031672",1,0.216591865770323,0.95894975194585
"GOW_TC","down","GO:0000775",2,0.217192177218669,0.95894975194585
"GOW_TC","down","GO:0098978",3,0.217778532383262,0.95894975194585
"GOW_TC","down","GO:0030666",1,0.22716825331055,0.95894975194585
"GOW_TC","down","GO:0044853",1,0.22716825331055,0.95894975194585
"GOW_TC","down","GO:0008287",1,0.237604370458997,0.95894975194585
"GOW_TC","down","GO:0032432",1,0.247902044181693,0.95894975194585
"GOW_TC","down","GO:0042641",1,0.247902044181693,0.95894975194585
"GOW_TC","down","GO:0045335",1,0.247902044181693,0.95894975194585
"GOW_TC","down","GO:1903293",1,0.247902044181693,0.95894975194585
"GOW_TC","down","GO:0098794",4,0.250972284838623,0.95894975194585
"GOW_TC","down","GO:0030055",2,0.267230600334368,0.95894975194585
"GOW_TC","down","GO:0035861",1,0.277982325803519,0.95894975194585
"GOW_TC","down","GO:0031594",1,0.306880177887202,0.95894975194585
"GOW_TC","down","GO:0061695",2,0.307366650471677,0.95894975194585
"GOW_TC","down","GO:0016604",4,0.3086219800247,0.95894975194585
"GOW_TC","down","GO:0098687",2,0.31236507666983,0.95894975194585
"GOW_TC","down","GO:0140513",7,0.315295928515391,0.95894975194585
"GOW_TC","down","GO:0005777",1,0.316257976881722,0.95894975194585
"GOW_TC","down","GO:0042579",1,0.316257976881722,0.95894975194585
"GOW_TC","down","GO:0120111",1,0.325511131375348,0.95894975194585
"GOW_TC","down","GO:0090734",1,0.334641268344886,0.95894975194585
"GOW_TC","down","GO:0098685",1,0.352538893638156,0.95894975194585
"GOW_TC","down","GO:0000118",1,0.361309532718046,0.95894975194585
"GOW_TC","down","GO:0032154",1,0.361309532718046,0.95894975194585
"GOW_TC","down","GO:0032153",1,0.419520034316313,0.95894975194585
"GOW_TC","down","GO:0062023",2,0.424229169091168,0.95894975194585
"GOW_TC","down","GO:0005912",1,0.427398579657633,0.95894975194585
"GOW_TC","down","GO:0043204",1,0.427398579657633,0.95894975194585
"GOW_TC","down","GO:0045121",1,0.427398579657633,0.95894975194585
"GOW_TC","down","GO:0098857",1,0.427398579657633,0.95894975194585
"GOW_TC","down","GO:0097525",1,0.435172077727735,0.95894975194585
"GOW_TC","down","GO:0030018",1,0.45040941636358,0.95894975194585
"GOW_TC","down","GO:0030532",1,0.45040941636358,0.95894975194585
"GOW_TC","down","GO:0045211",1,0.45040941636358,0.95894975194585
"GOW_TC","down","GO:0000776",1,0.457875955102939,0.95894975194585
"GOW_TC","down","GO:0031674",1,0.465242843361671,0.95894975194585
"GOW_TC","down","GO:0000779",1,0.472511387238309,0.95894975194585
"GOW_TC","down","GO:0120114",1,0.479682876025552,0.95894975194585
"GOW_TC","down","GO:1990904",5,0.494370236621646,0.95894975194585
"GOW_TC","down","GO:0030139",1,0.500627657128594,0.95894975194585
"GOW_TC","down","GO:0031901",1,0.514128468976596,0.95894975194585
"GOW_TC","down","GO:0030684",1,0.520743787658169,0.95894975194585
"GOW_TC","down","GO:0010008",2,0.522268698066518,0.95894975194585
"GOW_TC","down","GO:0000785",3,0.525696587888502,0.95894975194585
"GOW_TC","down","GO:0016323",1,0.527270623234809,0.95894975194585
"GOW_TC","down","GO:0016607",2,0.530636250001566,0.95894975194585
"GOW_TC","down","GO:0000922",1,0.540063479161204,0.95894975194585
"GOW_TC","down","GO:0008021",1,0.540063479161204,0.95894975194585
"GOW_TC","down","GO:0031012",2,0.543006041961118,0.95894975194585
"GOW_TC","down","GO:0098590",4,0.54843681141274,0.95894975194585
"GOW_TC","down","GO:0030312",2,0.555155465499715,0.95894975194585
"GOW_TC","down","GO:0032993",3,0.558568559259202,0.95894975194585
"GOW_TC","down","GO:0030017",1,0.558617713347689,0.95894975194585
"GOW_TC","down","GO:0070382",1,0.564637539955709,0.95894975194585
"GOW_TC","down","GO:0000793",1,0.570576711152415,0.95894975194585
"GOW_TC","down","GO:0005684",1,0.570576711152415,0.95894975194585
"GOW_TC","down","GO:0036477",3,0.571348039014901,0.95894975194585
"GOW_TC","down","GO:0005764",2,0.578784411997396,0.95894975194585
"GOW_TC","down","GO:0005802",1,0.5822173186249,0.95894975194585
"GOW_TC","down","GO:0009925",1,0.587920836459372,0.95894975194585
"GOW_TC","down","GO:0000323",2,0.59026080628933,0.95894975194585
"GOW_TC","down","GO:0030016",1,0.604576455064999,0.95894975194585
"GOW_TC","down","GO:0005925",1,0.615311001096588,0.95894975194585
"GOW_TC","down","GO:0032838",2,0.616156737007934,0.95894975194585
"GOW_TC","down","GO:0045178",1,0.625759201570945,0.95894975194585
"GOW_TC","down","GO:0005615",4,0.626441817809775,0.95894975194585
"GOW_TC","down","GO:0005759",1,0.630878274534313,0.95894975194585
"GOW_TC","down","GO:0015629",2,0.633896809505883,0.95894975194585
"GOW_TC","down","GO:0043292",1,0.635928559563894,0.95894975194585
"GOW_TC","down","GO:0097060",1,0.640910964418347,0.95894975194585
"GOW_TC","down","GO:0098793",2,0.644238937866341,0.95894975194585
"GOW_TC","down","GO:0030027",1,0.645826385096072,0.95894975194585
"GOW_TC","down","GO:0005576",6,0.646871189144721,0.95894975194585
"GOW_TC","down","GO:0030425",2,0.647636179735469,0.95894975194585
"GOW_TC","down","GO:0097447",2,0.647636179735469,0.95894975194585
"GOW_TC","down","GO:1990234",3,0.648857016886178,0.95894975194585
"GOW_TC","down","GO:0000151",1,0.655459800008908,0.95894975194585
"GOW_TC","down","GO:0099503",2,0.664248327988823,0.95894975194585
"GOW_TC","down","GO:0016324",1,0.664835742719768,0.95894975194585
"GOW_TC","down","GO:0099568",2,0.673918272577225,0.95894975194585
"GOW_TC","down","GO:0098797",1,0.69571998023028,0.95894975194585
"GOW_TC","down","GO:0005773",2,0.704566688899203,0.95894975194585
"GOW_TC","down","GO:0030133",1,0.742289946717558,0.95894975194585
"GOW_TC","down","GO:0098791",1,0.745838450032979,0.95894975194585
"GOW_TC","down","GO:0036464",1,0.749338953426524,0.95894975194585
"GOW_TC","down","GO:0035770",1,0.752792094535531,0.95894975194585
"GOW_TC","down","GO:0070161",2,0.756338068536769,0.95894975194585
"GOW_TC","down","GO:0005769",1,0.759558798977492,0.95894975194585
"GOW_TC","down","GO:0140535",3,0.769428117952479,0.95894975194585
"GOW_TC","down","GO:0005874",2,0.771018408626984,0.95894975194585
"GOW_TC","down","GO:0045202",4,0.772489170614319,0.95894975194585
"GOW_TC","down","GO:0045177",1,0.787824985384212,0.95894975194585
"GOW_TC","down","GO:0005681",1,0.790756591803774,0.95894975194585
"GOW_TC","down","GO:0019866",1,0.807528916325801,0.95894975194585
"GOW_TC","down","GO:0043025",1,0.807528916325801,0.95894975194585
"GOW_TC","down","GO:0030141",1,0.81019287596143,0.95894975194585
"GOW_TC","down","GO:0099081",3,0.814428004564936,0.95894975194585
"GOW_TC","down","GO:0099512",3,0.814428004564936,0.95894975194585
"GOW_TC","down","GO:0005930",1,0.817969351542787,0.95894975194585
"GOW_TC","down","GO:0015630",5,0.818030215756951,0.95894975194585
"GOW_TC","down","GO:0005783",4,0.818982723862316,0.95894975194585
"GOW_TC","down","GO:0097014",1,0.8204913001607,0.95894975194585
"GOW_TC","down","GO:0005819",1,0.8302404029717,0.95894975194585
"GOW_TC","down","GO:0031252",1,0.832595254949304,0.95894975194585
"GOW_TC","down","GO:0005911",1,0.834918016525825,0.95894975194585
"GOW_TC","down","GO:0005938",1,0.83720911716388,0.95894975194585
"GOW_TC","down","GO:0044297",1,0.846065303620458,0.95894975194585
"GOW_TC","down","GO:0005789",2,0.84750146928987,0.95894975194585
"GOW_TC","down","GO:0098827",2,0.852447500505424,0.95894975194585
"GOW_TC","down","GO:0099513",2,0.854064177012393,0.95894975194585
"GOW_TC","down","GO:0005794",3,0.854768527534047,0.95894975194585
"GOW_TC","down","GO:0043005",3,0.856159258061403,0.95894975194585
"GOW_TC","down","GO:0005768",2,0.858819927331246,0.95894975194585
"GOW_TC","down","GO:0042175",2,0.860374158709576,0.95894975194585
"GOW_TC","down","GO:0099080",4,0.862524603515721,0.95894975194585
"GOW_TC","down","GO:0005730",2,0.877865352411049,0.95894975194585
"GOW_TC","down","GO:0030659",2,0.877865352411049,0.95894975194585
"GOW_TC","down","GO:0000139",1,0.87871214793848,0.95894975194585
"GOW_TC","down","GO:0070062",1,0.890083386170952,0.95894975194585
"GOW_TC","down","GO:0012506",2,0.894563311167249,0.95894975194585
"GOW_TC","down","GO:0043230",1,0.894629951510458,0.95894975194585
"GOW_TC","down","GO:0065010",1,0.894629951510458,0.95894975194585
"GOW_TC","down","GO:1903561",1,0.894629951510458,0.95894975194585
"GOW_TC","down","GO:0005815",2,0.903779555321993,0.96246653943381
"GOW_TC","down","GO:0030424",1,0.923861976421194,0.975572357136554
"GOW_TC","down","GO:0005929",2,0.932949614146396,0.975572357136554
"GOW_TC","down","GO:0048471",1,0.933932073600237,0.975572357136554
"GOW_TC","down","GO:0031984",2,0.944573144781713,0.980443011039246
"GOW_TC","down","GO:0005813",1,0.953066330079389,0.983036969390061
"GOW_TC","down","GO:0005739",2,0.960997198864431,0.985022128836042
"GOW_TC","down","GO:0098796",1,0.978733390894809,0.992311375794352
"GOW_TC","down","GO:0031967",1,0.987224806387515,0.992311375794352
"GOW_TC","down","GO:0031975",1,0.987224806387515,0.992311375794352
"GOW_TC","down","GO:0098588",2,0.992311375794352,0.992311375794352
"GDO_TC","up","GO:0042470",9,3.89602989346542e-07,4.85055721736445e-05
"GDO_TC","up","GO:0048770",9,3.89602989346542e-07,4.85055721736445e-05
"GDO_TC","up","GO:0140534",9,8.96776381288608e-06,0.000744324396469545
"GDO_TC","up","GO:0005788",8,3.51283398232035e-05,0.00218673915399441
"GDO_TC","up","GO:0005789",20,7.82499641460898e-05,0.00345851252066127
"GDO_TC","up","GO:0098827",20,8.93898576422798e-05,0.00345851252066127
"GDO_TC","up","GO:0031984",24,0.00010062138280721,0.00345851252066127
"GDO_TC","up","GO:0042175",20,0.000111116868133695,0.00345851252066127
"GDO_TC","up","GO:0016529",5,0.00136775866505167,0.0378413230664294
"GDO_TC","up","GO:0016528",5,0.00178095819906678,0.0443458591567628
"GDO_TC","up","GO:0009986",9,0.0045307427806027,0.102559541124552
"GDO_TC","up","GO:0000139",10,0.019808525711188,0.41102690850715
"GDO_TC","up","GO:0030428",2,0.0242007704743552,0.432643832414395
"GDO_TC","up","GO:0005615",16,0.026296454320332,0.432643832414395
"GDO_TC","up","GO:0005790",2,0.0291036570592589,0.432643832414395
"GDO_TC","up","GO:0031901",5,0.0325897621835712,0.432643832414395
"GDO_TC","up","GO:0098858",5,0.0343131086377862,0.432643832414395
"GDO_TC","up","GO:0005794",17,0.0362460230469645,0.432643832414395
"GDO_TC","up","GO:0005902",3,0.037348566931333,0.432643832414395
"GDO_TC","up","GO:0098796",14,0.0381837752279614,0.432643832414395
"GDO_TC","up","GO:0012506",14,0.0398451139957685,0.432643832414395
"GDO_TC","up","GO:0005852",2,0.0399630849218116,0.432643832414395
"GDO_TC","up","GO:0033290",2,0.0399630849218116,0.432643832414395
"GDO_TC","up","GO:0030667",4,0.0417914048580367,0.433585825402131
"GDO_TC","up","GO:0030867",2,0.0458793481866296,0.449623742031126
"GDO_TC","up","GO:0010008",8,0.0476245926932949,0.449623742031126
"GDO_TC","up","GO:0016282",2,0.0520944090746197,0.449623742031126
"GDO_TC","up","GO:0070993",2,0.0520944090746197,0.449623742031126
"GDO_TC","up","GO:0005802",5,0.0523658173449906,0.449623742031126
"GDO_TC","up","GO:0030659",13,0.0588891604720996,0.488780031918427
"GDO_TC","up","GO:0005793",3,0.0631341489211335,0.507109776818137
"GDO_TC","up","GO:0030139",4,0.0673035835290214,0.523706009335197
"GDO_TC","up","GO:0070062",8,0.0884018907032234,0.626171328767621
"GDO_TC","up","GO:0005791",2,0.0946858364903837,0.626171328767621
"GDO_TC","up","GO:0031985",3,0.0951620551504882,0.626171328767621
"GDO_TC","up","GO:1903561",8,0.0993491363977912,0.626171328767621
"GDO_TC","up","GO:0043230",8,0.101627454974544,0.626171328767621
"GDO_TC","up","GO:0065010",8,0.101627454974544,0.626171328767621
"GDO_TC","up","GO:0031253",5,0.102319978013792,0.626171328767621
"GDO_TC","up","GO:0098791",6,0.103699957190687,0.626171328767621
"GDO_TC","up","GO:0042734",3,0.105330678323568,0.626171328767621
"GDO_TC","up","GO:0016324",5,0.105619260274057,0.626171328767621
"GDO_TC","up","GO:0008021",4,0.115345343786202,0.667930014017776
"GDO_TC","up","GO:0045177",6,0.118513078805776,0.67067628687814
"GDO_TC","up","GO:0099503",8,0.123444207083947,0.674823371853928
"GDO_TC","up","GO:0070382",4,0.132517847798191,0.674823371853928
"GDO_TC","up","GO:0045335",2,0.135439375408389,0.674823371853928
"GDO_TC","up","GO:0055038",2,0.135439375408389,0.674823371853928
"GDO_TC","up","GO:0055037",3,0.138181678082868,0.674823371853928
"GDO_TC","up","GO:0098862",3,0.138181678082868,0.674823371853928
"GDO_TC","up","GO:0098793",8,0.13926785693303,0.674823371853928
"GDO_TC","up","GO:0030141",6,0.140926969222507,0.674823371853928
"GDO_TC","up","GO:0098978",6,0.147673186864592,0.693785349609122
"GDO_TC","up","GO:0032580",2,0.161453174926801,0.744478528829137
"GDO_TC","up","GO:0005938",6,0.17240424748494,0.769592121359935
"GDO_TC","up","GO:0005795",3,0.174008445433052,0.769592121359935
"GDO_TC","up","GO:0005903",2,0.179262421842876,0.769592121359935
"GDO_TC","up","GO:0005905",2,0.179262421842876,0.769592121359935
"GDO_TC","up","GO:0030133",5,0.185981939029174,0.784906827428209
"GDO_TC","up","GO:0031252",6,0.194885163424981,0.80877342821367
"GDO_TC","up","GO:0044297",6,0.198737887971193,0.811241542702084
"GDO_TC","up","GO:0016459",2,0.206484950178475,0.813452198152189
"GDO_TC","up","GO:0120111",2,0.206484950178475,0.813452198152189
"GDO_TC","up","GO:0098590",12,0.222629079029431,0.813452198152189
"GDO_TC","up","GO:0030673",1,0.222652765758619,0.813452198152189
"GDO_TC","up","GO:0099522",1,0.222652765758619,0.813452198152189
"GDO_TC","up","GO:0030175",2,0.234114792596847,0.813452198152189
"GDO_TC","up","GO:0005921",1,0.242007676628555,0.813452198152189
"GDO_TC","up","GO:0030125",1,0.242007676628555,0.813452198152189
"GDO_TC","up","GO:0031312",1,0.242007676628555,0.813452198152189
"GDO_TC","up","GO:0090443",1,0.242007676628555,0.813452198152189
"GDO_TC","up","GO:0098690",1,0.242007676628555,0.813452198152189
"GDO_TC","up","GO:0044306",2,0.252660404868429,0.813452198152189
"GDO_TC","up","GO:0030670",1,0.260884319430662,0.813452198152189
"GDO_TC","up","GO:0071782",1,0.260884319430662,0.813452198152189
"GDO_TC","up","GO:0098636",1,0.260884319430662,0.813452198152189
"GDO_TC","up","GO:0120293",1,0.260884319430662,0.813452198152189
"GDO_TC","up","GO:0043025",5,0.272712540540812,0.813452198152189
"GDO_TC","up","GO:0030140",1,0.2792944223064,0.813452198152189
"GDO_TC","up","GO:0031526",1,0.2792944223064,0.813452198152189
"GDO_TC","up","GO:0033017",1,0.2792944223064,0.813452198152189
"GDO_TC","up","GO:0005769",5,0.282349790065675,0.813452198152189
"GDO_TC","up","GO:0016323",3,0.285712724932457,0.813452198152189
"GDO_TC","up","GO:0005776",2,0.28981770925069,0.813452198152189
"GDO_TC","up","GO:0032154",2,0.28981770925069,0.813452198152189
"GDO_TC","up","GO:0005823",1,0.297249428007921,0.813452198152189
"GDO_TC","up","GO:0097386",1,0.297249428007921,0.813452198152189
"GDO_TC","up","GO:0010494",2,0.299087026112604,0.813452198152189
"GDO_TC","up","GO:0030672",2,0.299087026112604,0.813452198152189
"GDO_TC","up","GO:0099501",2,0.299087026112604,0.813452198152189
"GDO_TC","up","GO:0030658",3,0.299382453108196,0.813452198152189
"GDO_TC","up","GO:0033176",1,0.31476050078887,0.813452198152189
"GDO_TC","up","GO:0034704",1,0.31476050078887,0.813452198152189
"GDO_TC","up","GO:1990351",3,0.326815933132516,0.813452198152189
"GDO_TC","up","GO:0043195",1,0.331838533130106,0.813452198152189
"GDO_TC","up","GO:0043198",1,0.331838533130106,0.813452198152189
"GDO_TC","up","GO:0030136",2,0.335933037922113,0.813452198152189
"GDO_TC","up","GO:1990204",2,0.345064638255996,0.813452198152189
"GDO_TC","up","GO:0005637",1,0.348494152304254,0.813452198152189
"GDO_TC","up","GO:0030118",1,0.348494152304254,0.813452198152189
"GDO_TC","up","GO:0030315",1,0.348494152304254,0.813452198152189
"GDO_TC","up","GO:0031045",1,0.348494152304254,0.813452198152189
"GDO_TC","up","GO:0044232",1,0.348494152304254,0.813452198152189
"GDO_TC","up","GO:0098794",7,0.350478049251646,0.813452198152189
"GDO_TC","up","GO:0045121",2,0.363204216288082,0.813452198152189
"GDO_TC","up","GO:0098857",2,0.363204216288082,0.813452198152189
"GDO_TC","up","GO:0005816",1,0.364737726782946,0.813452198152189
"GDO_TC","up","GO:0098982",1,0.364737726782946,0.813452198152189
"GDO_TC","up","GO:0009925",3,0.367933310097771,0.813452198152189
"GDO_TC","up","GO:0032153",2,0.37220511781629,0.813452198152189
"GDO_TC","up","GO:0019866",5,0.376247113624343,0.813452198152189
"GDO_TC","up","GO:0032420",1,0.380579372490466,0.813452198152189
"GDO_TC","up","GO:0001726",2,0.381155706966876,0.813452198152189
"GDO_TC","up","GO:0098562",2,0.390052929465828,0.813452198152189
"GDO_TC","up","GO:0005771",1,0.396028958907467,0.813452198152189
"GDO_TC","up","GO:0032588",1,0.396028958907467,0.813452198152189
"GDO_TC","up","GO:0033116",1,0.396028958907467,0.813452198152189
"GDO_TC","up","GO:0044304",1,0.396028958907467,0.813452198152189
"GDO_TC","up","GO:0005768",9,0.396691313836807,0.813452198152189
"GDO_TC","up","GO:0031256",2,0.407675952124511,0.813452198152189
"GDO_TC","up","GO:0031902",2,0.407675952124511,0.813452198152189
"GDO_TC","up","GO:0045178",3,0.41534328365657,0.813452198152189
"GDO_TC","up","GO:0005747",1,0.425790235175583,0.813452198152189
"GDO_TC","up","GO:0005766",1,0.425790235175583,0.813452198152189
"GDO_TC","up","GO:0030660",1,0.425790235175583,0.813452198152189
"GDO_TC","up","GO:0030964",1,0.425790235175583,0.813452198152189
"GDO_TC","up","GO:0032589",1,0.425790235175583,0.813452198152189
"GDO_TC","up","GO:0042582",1,0.425790235175583,0.813452198152189
"GDO_TC","up","GO:0043209",1,0.425790235175583,0.813452198152189
"GDO_TC","up","GO:0045271",1,0.425790235175583,0.813452198152189
"GDO_TC","up","GO:0005765",3,0.42870028953035,0.813452198152189
"GDO_TC","up","GO:0016469",1,0.440120484674974,0.813452198152189
"GDO_TC","up","GO:0030666",1,0.440120484674974,0.813452198152189
"GDO_TC","up","GO:1904115",1,0.440120484674974,0.813452198152189
"GDO_TC","up","GO:0098852",3,0.448533511551721,0.813452198152189
"GDO_TC","up","GO:0043197",2,0.450618826565755,0.813452198152189
"GDO_TC","up","GO:0005739",13,0.451348292304811,0.813452198152189
"GDO_TC","up","GO:0030665",1,0.454095805394194,0.813452198152189
"GDO_TC","up","GO:0032421",1,0.454095805394194,0.813452198152189
"GDO_TC","up","GO:0044309",2,0.458999397998315,0.815659588826246
"GDO_TC","up","GO:0036477",7,0.461879526202814,0.815659588826246
"GDO_TC","up","GO:0005871",1,0.467724921148819,0.820165530746873
"GDO_TC","up","GO:0005743",4,0.483440644504535,0.841795248123282
"GDO_TC","up","GO:0098797",3,0.487344691460542,0.842469967121447
"GDO_TC","up","GO:0032587",1,0.49397837429611,0.842469967121447
"GDO_TC","up","GO:0045171",1,0.49397837429611,0.842469967121447
"GDO_TC","up","GO:0031966",6,0.498820655877484,0.84455994291775
"GDO_TC","up","GO:0000792",1,0.506619115914196,0.84455994291775
"GDO_TC","up","GO:0030120",1,0.506619115914196,0.84455994291775
"GDO_TC","up","GO:0097060",3,0.51248891455975,0.84455994291775
"GDO_TC","up","GO:0045202",12,0.518346712815342,0.84455994291775
"GDO_TC","up","GO:0031970",1,0.518946470949461,0.84455994291775
"GDO_TC","up","GO:0034703",1,0.518946470949461,0.84455994291775
"GDO_TC","up","GO:0031967",10,0.527536258707278,0.84746147366524
"GDO_TC","up","GO:0031975",10,0.527536258707278,0.84746147366524
"GDO_TC","up","GO:0030425",5,0.536865922030706,0.848877556459659
"GDO_TC","up","GO:0097447",5,0.536865922030706,0.848877556459659
"GDO_TC","up","GO:0030864",1,0.542691673869268,0.848877556459659
"GDO_TC","up","GO:0035861",1,0.542691673869268,0.848877556459659
"GDO_TC","up","GO:0005759",3,0.548964929619465,0.848877556459659
"GDO_TC","up","GO:0098803",1,0.554124382022536,0.848877556459659
"GDO_TC","up","GO:0005635",4,0.557153748581486,0.848877556459659
"GDO_TC","up","GO:1902495",2,0.560807072441835,0.848877556459659
"GDO_TC","up","GO:0001669",1,0.565273433140794,0.848877556459659
"GDO_TC","up","GO:0030496",2,0.568057488200157,0.848877556459659
"GDO_TC","up","GO:0005740",6,0.570641064298979,0.848877556459659
"GDO_TC","up","GO:0005746",1,0.576145811412379,0.848877556459659
"GDO_TC","up","GO:0031594",1,0.576145811412379,0.848877556459659
"GDO_TC","up","GO:0043679",1,0.576145811412379,0.848877556459659
"GDO_TC","up","GO:0005774",3,0.595056754480007,0.863110089734252
"GDO_TC","up","GO:0005811",1,0.597087637089167,0.863110089734252
"GDO_TC","up","GO:0098685",1,0.597087637089167,0.863110089734252
"GDO_TC","up","GO:0030117",1,0.607170216102843,0.863110089734252
"GDO_TC","up","GO:0048475",1,0.607170216102843,0.863110089734252
"GDO_TC","up","GO:0070469",1,0.607170216102843,0.863110089734252
"GDO_TC","up","GO:0005798",1,0.617002393464646,0.863110089734252
"GDO_TC","up","GO:0016363",1,0.617002393464646,0.863110089734252
"GDO_TC","up","GO:0030863",1,0.617002393464646,0.863110089734252
"GDO_TC","up","GO:0030424",5,0.63306294829681,0.868378387636374
"GDO_TC","up","GO:0150034",2,0.63582475149428,0.868378387636374
"GDO_TC","up","GO:0090734",1,0.635940077736237,0.868378387636374
"GDO_TC","up","GO:0030135",2,0.642128079527138,0.868378387636374
"GDO_TC","up","GO:0048471",5,0.653188025752347,0.868378387636374
"GDO_TC","up","GO:0062023",3,0.65330833757182,0.868378387636374
"GDO_TC","up","GO:0005604",1,0.653948271499177,0.868378387636374
"GDO_TC","up","GO:0005777",1,0.653948271499177,0.868378387636374
"GDO_TC","up","GO:0042579",1,0.653948271499177,0.868378387636374
"GDO_TC","up","GO:0019898",1,0.662618046790808,0.868378387636374
"GDO_TC","up","GO:0034702",1,0.662618046790808,0.868378387636374
"GDO_TC","up","GO:0042383",1,0.662618046790808,0.868378387636374
"GDO_TC","up","GO:0009898",1,0.671072256574021,0.870431520400448
"GDO_TC","up","GO:0005773",5,0.672612525605808,0.870431520400448
"GDO_TC","up","GO:0005770",2,0.67816752995055,0.870431520400448
"GDO_TC","up","GO:0031965",2,0.67816752995055,0.870431520400448
"GDO_TC","up","GO:0005764",4,0.685972724415582,0.875934401946051
"GDO_TC","up","GO:0000323",4,0.69810627809187,0.886879914514672
"GDO_TC","up","GO:0034399",1,0.710291495034457,0.893245364967574
"GDO_TC","up","GO:0043204",1,0.710291495034457,0.893245364967574
"GDO_TC","up","GO:1905369",1,0.724646668280206,0.906229849416465
"GDO_TC","up","GO:0043005",9,0.727895461378687,0.906229849416465
"GDO_TC","up","GO:0030662",1,0.731557286916753,0.906257534538665
"GDO_TC","up","GO:0014069",2,0.741416616850531,0.91365385842833
"GDO_TC","up","GO:0030426",1,0.744866398638358,0.91365385842833
"GDO_TC","up","GO:0099572",2,0.764496569120128,0.931714701585121
"GDO_TC","up","GO:0036464",2,0.77322110285573,0.931714701585121
"GDO_TC","up","GO:0098552",2,0.777477702316508,0.931714701585121
"GDO_TC","up","GO:0030427",1,0.780990226020425,0.931714701585121
"GDO_TC","up","GO:0098800",1,0.780990226020425,0.931714701585121
"GDO_TC","up","GO:0031012",3,0.784586463289194,0.931714701585121
"GDO_TC","up","GO:0035770",2,0.78578348326456,0.931714701585121
"GDO_TC","up","GO:0032279",2,0.789834245095224,0.932079275017586
"GDO_TC","up","GO:0030312",3,0.794823584950096,0.933542795531009
"GDO_TC","up","GO:1905368",1,0.802204191285089,0.937787998262851
"GDO_TC","up","GO:0098984",2,0.809098648670468,0.940447943692521
"GDO_TC","up","GO:0005741",1,0.812033365035711,0.940447943692521
"GDO_TC","up","GO:0015629",3,0.820172680945262,0.945476840534122
"GDO_TC","up","GO:0019867",1,0.838705602767297,0.957971078390169
"GDO_TC","up","GO:0031968",1,0.838705602767297,0.957971078390169
"GDO_TC","up","GO:1904949",1,0.846733259884394,0.962724117402804
"GDO_TC","up","GO:0000785",4,0.868148595996997,0.980615838965581
"GDO_TC","up","GO:0030027",1,0.871832184909173,0.980615838965581
"GDO_TC","up","GO:0005925",1,0.875067732491701,0.980615838965581
"GDO_TC","up","GO:0022626",1,0.878222217226203,0.980615838965581
"GDO_TC","up","GO:1990904",7,0.885359510124758,0.981793470585462
"GDO_TC","up","GO:0005875",1,0.88721920155479,0.981793470585462
"GDO_TC","up","GO:0032993",4,0.891105720290419,0.981793470585462
"GDO_TC","up","GO:0030055",1,0.905728332872885,0.993508171301094
"GDO_TC","up","GO:0098798",1,0.928908086792339,0.999970096084531
"GDO_TC","up","GO:0032838",2,0.929254044159876,0.999970096084531
"GDO_TC","up","GO:0005815",5,0.933503800418312,0.999970096084531
"GDO_TC","up","GO:0000151",1,0.935851573610864,0.999970096084531
"GDO_TC","up","GO:0099568",2,0.950726458004328,0.999970096084531
"GDO_TC","up","GO:0005840",1,0.959645601371217,0.999970096084531
"GDO_TC","up","GO:1990234",4,0.961028457353521,0.999970096084531
"GDO_TC","up","GO:0005813",3,0.961060270586988,0.999970096084531
"GDO_TC","up","GO:0005681",1,0.964531161725663,0.999970096084531
"GDO_TC","up","GO:0005819",1,0.976550762158663,0.999970096084531
"GDO_TC","up","GO:0016607",1,0.978304618932658,0.999970096084531
"GDO_TC","up","GO:0005874",2,0.979058533621611,0.999970096084531
"GDO_TC","up","GO:0005911",1,0.982822471249663,0.999970096084531
"GDO_TC","up","GO:0070161",2,0.984713623492156,0.999970096084531
"GDO_TC","up","GO:0016604",2,0.986657471648807,0.999970096084531
"GDO_TC","up","GO:0005730",3,0.98795240971371,0.999970096084531
"GDO_TC","up","GO:0140535",4,0.988757533948504,0.999970096084531
"GDO_TC","up","GO:0099513",2,0.992651628158223,0.999970096084531
"GDO_TC","up","GO:0005694",4,0.995152240927004,0.999970096084531
"GDO_TC","up","GO:0099081",2,0.999093357178331,0.999970096084531
"GDO_TC","up","GO:0099512",2,0.999093357178331,0.999970096084531
"GDO_TC","up","GO:0140513",2,0.999970096084531,0.999970096084531
"GDO_TC","down","GO:0045121",4,0.00401696910380986,0.365544188446698
"GDO_TC","down","GO:0098857",4,0.00401696910380986,0.365544188446698
"GDO_TC","down","GO:0017053",2,0.00996494017010242,0.45340477773966
"GDO_TC","down","GO:0030670",2,0.00996494017010242,0.45340477773966
"GDO_TC","down","GO:0000793",4,0.0148300664225605,0.467500923302484
"GDO_TC","down","GO:0000786",2,0.0175266519202104,0.467500923302484
"GDO_TC","down","GO:0031012",6,0.0189729875770655,0.467500923302484
"GDO_TC","down","GO:0030312",6,0.0205494911341751,0.467500923302484
"GDO_TC","down","GO:0034399",3,0.0248195417925189,0.501906289582049
"GDO_TC","down","GO:0062023",5,0.0286383762018552,0.521218446873764
"GDO_TC","down","GO:0030666",2,0.0348777217777524,0.577067760322812
"GDO_TC","down","GO:0045335",2,0.0437129729179343,0.584424397215129
"GDO_TC","down","GO:0055038",2,0.0437129729179343,0.584424397215129
"GDO_TC","down","GO:0005694",10,0.0449557228627023,0.584424397215129
"GDO_TC","down","GO:0005581",2,0.0500152741111177,0.606851992548228
"GDO_TC","down","GO:0005667",4,0.0684335540000734,0.778431676750835
"GDO_TC","down","GO:0016363",2,0.0857431347195977,0.917955912880399
"GDO_TC","down","GO:0000785",6,0.0962246400618311,0.931928742215311
"GDO_TC","down","GO:0032993",6,0.114145495616705,0.931928742215311
"GDO_TC","down","GO:0005882",1,0.133280106486586,0.931928742215311
"GDO_TC","down","GO:0044295",1,0.133280106486586,0.931928742215311
"GDO_TC","down","GO:0005669",1,0.144490576151721,0.931928742215311
"GDO_TC","down","GO:0071782",1,0.144490576151721,0.931928742215311
"GDO_TC","down","GO:0055037",2,0.144505638919147,0.931928742215311
"GDO_TC","down","GO:0030424",5,0.14713896508089,0.931928742215311
"GDO_TC","down","GO:0016514",1,0.155558182137014,0.931928742215311
"GDO_TC","down","GO:0005823",1,0.166484717825855,0.931928742215311
"GDO_TC","down","GO:0043005",8,0.17130088993814,0.931928742215311
"GDO_TC","down","GO:0031201",1,0.187921641265225,0.931928742215311
"GDO_TC","down","GO:0030139",2,0.190348517674895,0.931928742215311
"GDO_TC","down","GO:0005637",1,0.198435506006332,0.931928742215311
"GDO_TC","down","GO:0099738",1,0.198435506006332,0.931928742215311
"GDO_TC","down","GO:0005700",1,0.208815254962183,0.931928742215311
"GDO_TC","down","GO:0005816",1,0.208815254962183,0.931928742215311
"GDO_TC","down","GO:0001725",1,0.229179125454458,0.931928742215311
"GDO_TC","down","GO:0097517",1,0.229179125454458,0.931928742215311
"GDO_TC","down","GO:0009986",3,0.231812821749813,0.931928742215311
"GDO_TC","down","GO:0008023",1,0.239166555080169,0.931928742215311
"GDO_TC","down","GO:0044853",1,0.249026485604275,0.931928742215311
"GDO_TC","down","GO:0045111",1,0.249026485604275,0.931928742215311
"GDO_TC","down","GO:0000775",2,0.257080283836996,0.931928742215311
"GDO_TC","down","GO:1904115",1,0.258760520323663,0.931928742215311
"GDO_TC","down","GO:0032432",1,0.268370242680148,0.931928742215311
"GDO_TC","down","GO:0099513",5,0.273315755435473,0.931928742215311
"GDO_TC","down","GO:0043025",3,0.273648595072058,0.931928742215311
"GDO_TC","down","GO:0042641",1,0.277857216502565,0.931928742215311
"GDO_TC","down","GO:0005769",3,0.280714183046092,0.931928742215311
"GDO_TC","down","GO:0005802",2,0.285964478998354,0.931928742215311
"GDO_TC","down","GO:0150034",2,0.305179878372563,0.931928742215311
"GDO_TC","down","GO:0000792",1,0.305596995861805,0.931928742215311
"GDO_TC","down","GO:0005938",3,0.309136396210638,0.931928742215311
"GDO_TC","down","GO:0048786",1,0.323504248601196,0.931928742215311
"GDO_TC","down","GO:0030864",1,0.332286503075856,0.931928742215311
"GDO_TC","down","GO:0005874",4,0.333525706924979,0.931928742215311
"GDO_TC","down","GO:0005635",3,0.334116043730636,0.931928742215311
"GDO_TC","down","GO:0044297",3,0.334116043730636,0.931928742215311
"GDO_TC","down","GO:0031965",2,0.338576884067745,0.931928742215311
"GDO_TC","down","GO:0098803",1,0.340956426388631,0.931928742215311
"GDO_TC","down","GO:0005746",1,0.357964923162062,0.931928742215311
"GDO_TC","down","GO:0031594",1,0.357964923162062,0.931928742215311
"GDO_TC","down","GO:0043679",1,0.357964923162062,0.931928742215311
"GDO_TC","down","GO:0120111",1,0.357964923162062,0.931928742215311
"GDO_TC","down","GO:0000118",1,0.366306274751773,0.931928742215311
"GDO_TC","down","GO:0032040",1,0.366306274751773,0.931928742215311
"GDO_TC","down","GO:0005615",6,0.371104831040573,0.931928742215311
"GDO_TC","down","GO:0016528",1,0.374540851864192,0.931928742215311
"GDO_TC","down","GO:0005793",1,0.382670000831233,0.931928742215311
"GDO_TC","down","GO:0016591",1,0.382670000831233,0.931928742215311
"GDO_TC","down","GO:0070469",1,0.382670000831233,0.931928742215311
"GDO_TC","down","GO:0030863",1,0.390695051266683,0.931928742215311
"GDO_TC","down","GO:0098687",2,0.39464761406234,0.931928742215311
"GDO_TC","down","GO:0098797",2,0.39464761406234,0.931928742215311
"GDO_TC","down","GO:0015629",3,0.398073077239969,0.931928742215311
"GDO_TC","down","GO:0044306",1,0.39861731627059,0.931928742215311
"GDO_TC","down","GO:0097060",2,0.412890368327473,0.931928742215311
"GDO_TC","down","GO:0005604",1,0.421780286211139,0.931928742215311
"GDO_TC","down","GO:0005777",1,0.421780286211139,0.931928742215311
"GDO_TC","down","GO:0042579",1,0.421780286211139,0.931928742215311
"GDO_TC","down","GO:0036477",4,0.428521591138895,0.931928742215311
"GDO_TC","down","GO:0034702",1,0.429304217231503,0.931928742215311
"GDO_TC","down","GO:0042383",1,0.429304217231503,0.931928742215311
"GDO_TC","down","GO:0055029",1,0.429304217231503,0.931928742215311
"GDO_TC","down","GO:0099568",3,0.436461338666594,0.931928742215311
"GDO_TC","down","GO:0000428",1,0.436731687597759,0.931928742215311
"GDO_TC","down","GO:0022625",1,0.436731687597759,0.931928742215311
"GDO_TC","down","GO:0042734",1,0.451302103914438,0.931928742215311
"GDO_TC","down","GO:0000502",1,0.458447440948011,0.931928742215311
"GDO_TC","down","GO:0000776",1,0.465501099862569,0.931928742215311
"GDO_TC","down","GO:1990204",1,0.472464239335485,0.931928742215311
"GDO_TC","down","GO:0070603",1,0.479338003622634,0.931928742215311
"GDO_TC","down","GO:0000779",1,0.486123522735119,0.931928742215311
"GDO_TC","down","GO:1905369",1,0.486123522735119,0.931928742215311
"GDO_TC","down","GO:0032153",1,0.492821912613863,0.931928742215311
"GDO_TC","down","GO:0030880",1,0.499434275302104,0.931928742215311
"GDO_TC","down","GO:0099081",5,0.500513883642476,0.931928742215311
"GDO_TC","down","GO:0099512",5,0.500513883642476,0.931928742215311
"GDO_TC","down","GO:0098791",2,0.503903428510888,0.931928742215311
"GDO_TC","down","GO:0030426",1,0.505961699115798,0.931928742215311
"GDO_TC","down","GO:0045177",2,0.524244263332241,0.931928742215311
"GDO_TC","down","GO:0030427",1,0.54340178368921,0.931928742215311
"GDO_TC","down","GO:0098800",1,0.54340178368921,0.931928742215311
"GDO_TC","down","GO:0048471",3,0.551681286790329,0.931928742215311
"GDO_TC","down","GO:0030684",1,0.555249489528913,0.931928742215311
"GDO_TC","down","GO:0015934",1,0.561059254434658,0.931928742215311
"GDO_TC","down","GO:1905368",1,0.566794244675079,0.931928742215311
"GDO_TC","down","GO:0005819",2,0.570788281682514,0.931928742215311
"GDO_TC","down","GO:0000922",1,0.578043681290568,0.931928742215311
"GDO_TC","down","GO:0045202",6,0.582639894587584,0.931928742215311
"GDO_TC","down","GO:0005730",4,0.594643048042951,0.931928742215311
"GDO_TC","down","GO:0005768",4,0.597180549804805,0.931928742215311
"GDO_TC","down","GO:0090575",1,0.604923643874718,0.931928742215311
"GDO_TC","down","GO:0031901",1,0.610093588378701,0.931928742215311
"GDO_TC","down","GO:0043235",1,0.6151968760479,0.931928742215311
"GDO_TC","down","GO:1904949",1,0.620234353442349,0.931928742215311
"GDO_TC","down","GO:0010008",2,0.624318752153133,0.931928742215311
"GDO_TC","down","GO:0019866",2,0.624318752153133,0.931928742215311
"GDO_TC","down","GO:0008021",1,0.62520685653388,0.931928742215311
"GDO_TC","down","GO:1902495",1,0.62520685653388,0.931928742215311
"GDO_TC","down","GO:0030496",1,0.630115210836505,0.931928742215311
"GDO_TC","down","GO:0098796",4,0.638899303721492,0.931928742215311
"GDO_TC","down","GO:0070382",1,0.644463481977817,0.931928742215311
"GDO_TC","down","GO:0032838",2,0.65073967276495,0.931928742215311
"GDO_TC","down","GO:1990351",1,0.653722927558279,0.931928742215311
"GDO_TC","down","GO:0022626",1,0.662744730693827,0.931928742215311
"GDO_TC","down","GO:0005814",1,0.675844959459249,0.931928742215311
"GDO_TC","down","GO:0005764",2,0.699215815172413,0.931928742215311
"GDO_TC","down","GO:0036064",1,0.704494262685687,0.931928742215311
"GDO_TC","down","GO:0000323",2,0.707672188718574,0.931928742215311
"GDO_TC","down","GO:0045178",1,0.7083779198846,0.931928742215311
"GDO_TC","down","GO:0000139",2,0.713201325686892,0.931928742215311
"GDO_TC","down","GO:0005765",1,0.715995009695397,0.931928742215311
"GDO_TC","down","GO:0030425",2,0.724002372105745,0.931928742215311
"GDO_TC","down","GO:0097447",2,0.724002372105745,0.931928742215311
"GDO_TC","down","GO:0098852",1,0.727054584238757,0.931928742215311
"GDO_TC","down","GO:0031253",1,0.730645971288248,0.931928742215311
"GDO_TC","down","GO:0099503",2,0.737028741273278,0.931928742215311
"GDO_TC","down","GO:0061695",1,0.741143149597015,0.931928742215311
"GDO_TC","down","GO:0140535",4,0.741281339569535,0.931928742215311
"GDO_TC","down","GO:0098798",1,0.744551838468281,0.931928742215311
"GDO_TC","down","GO:0014069",1,0.747916302164491,0.931928742215311
"GDO_TC","down","GO:0098793",2,0.751979356178134,0.931928742215311
"GDO_TC","down","GO:0000151",1,0.757749958779815,0.931928742215311
"GDO_TC","down","GO:0044391",1,0.757749958779815,0.931928742215311
"GDO_TC","down","GO:0031967",4,0.763233502733703,0.931928742215311
"GDO_TC","down","GO:0031975",4,0.763233502733703,0.931928742215311
"GDO_TC","down","GO:0099572",1,0.764094778084674,0.931928742215311
"GDO_TC","down","GO:1990904",4,0.777071222958476,0.931928742215311
"GDO_TC","down","GO:0005759",1,0.779249447311739,0.931928742215311
"GDO_TC","down","GO:0140513",5,0.780844456855777,0.931928742215311
"GDO_TC","down","GO:0032279",1,0.782163215442179,0.931928742215311
"GDO_TC","down","GO:0098984",1,0.79617327318135,0.931928742215311
"GDO_TC","down","GO:0005773",2,0.798764420046594,0.931928742215311
"GDO_TC","down","GO:0030133",1,0.798866841366134,0.931928742215311
"GDO_TC","down","GO:0030659",3,0.800260056372375,0.931928742215311
"GDO_TC","down","GO:0005774",1,0.801525338432314,0.931928742215311
"GDO_TC","down","GO:0098794",2,0.806753874342111,0.931928742215311
"GDO_TC","down","GO:0005840",1,0.809294872654533,0.931928742215311
"GDO_TC","down","GO:0005794",4,0.81777765848451,0.931928742215311
"GDO_TC","down","GO:0005681",1,0.821583556081792,0.931928742215311
"GDO_TC","down","GO:0012506",3,0.821731371739562,0.931928742215311
"GDO_TC","down","GO:0005815",3,0.826404658384225,0.931928742215311
"GDO_TC","down","GO:0005930",1,0.833091443556078,0.931928742215311
"GDO_TC","down","GO:0097014",1,0.835303683572249,0.931928742215311
"GDO_TC","down","GO:0030141",1,0.845938902474117,0.931928742215311
"GDO_TC","down","GO:0005929",3,0.849631438609133,0.931928742215311
"GDO_TC","down","GO:0005743",1,0.850000940701877,0.931928742215311
"GDO_TC","down","GO:0005813",2,0.856808847729994,0.933361572145648
"GDO_TC","down","GO:0016607",1,0.861564528134445,0.933361572145648
"GDO_TC","down","GO:0098590",3,0.873732860694306,0.940943080747715
"GDO_TC","down","GO:0070062",1,0.913469017341136,0.94771213278436
"GDO_TC","down","GO:1903561",1,0.919108895705834,0.94771213278436
"GDO_TC","down","GO:0005789",2,0.920088664048642,0.94771213278436
"GDO_TC","down","GO:0043230",1,0.920192619758565,0.94771213278436
"GDO_TC","down","GO:0065010",1,0.920192619758565,0.94771213278436
"GDO_TC","down","GO:0031984",3,0.921819618159459,0.94771213278436
"GDO_TC","down","GO:0098827",2,0.922702314086176,0.94771213278436
"GDO_TC","down","GO:1990234",2,0.923555809630208,0.94771213278436
"GDO_TC","down","GO:0042175",2,0.926883294701187,0.94771213278436
"GDO_TC","down","GO:0031966",1,0.950979665260268,0.96215231127434
"GDO_TC","down","GO:0005739",3,0.96005837556079,0.96215231127434
"GDO_TC","down","GO:0005740",1,0.961105808737077,0.96215231127434
"GDO_TC","down","GO:0016604",1,0.96215231127434,0.96215231127434
