"gene","baseMean","log2FoldChange","lfcSE","pvalue","padj"
"STRG.10192|LOC134694016",14.1974917837177,-0.671267948801713,0.465182881014668,0.00527323743730827,0.0779670571702421
"STRG.10953|LOC134697817",36.8570031073543,-0.0441709597626299,0.136954367217207,0.638610056895237,0.859640224025582
"STRG.11120|LOC134697233",56.0997588188226,-0.373374366656196,0.478392846212376,0.0189136165820233,0.164458399422736
"STRG.11668|LOC134701764",104.510157712606,-0.0752998752101809,0.119021166083897,0.415722058050043,0.731191078000085
"STRG.11669|LOC134701762",71.916867240647,0.0401688505522018,0.158155825824397,0.647064779453025,0.863225780662081
"STRG.11671|LOC134701767",105.253222040779,-0.0792932771337653,0.118874100936287,0.391819567229547,0.713856352966978
"STRG.11672|LOC134701768",52.3945734454148,0.0542533795771064,0.136255088733208,0.568210628307034,0.817936623798694
"STRG.11721|LOC134702039",313.204994613617,-0.171443845993744,0.205967500370288,0.117508428152844,0.393887819746843
"STRG.11747|LOC134702182",13.642534900703,-0.0149203588917242,0.141773888097917,0.870556536056749,0.95833382658003
"STRG.11749|LOC134702185",113.820182780967,-0.0852643790130784,0.11824526555376,0.356528687296638,0.688183280130719
"STRG.11797|LOC134702606",28.9794173834429,-0.0171248531197395,0.138402905778521,0.852456076109877,0.950561841435073
"STRG.11802|LOC134702608",101.881596373053,-0.118446120362562,0.119872297221253,0.208545920200968,0.539383640633099
"STRG.11813|LOC134702623",172.654849198048,-0.295386415296299,0.215827767554455,0.026903349330706,0.19760586462375
"STRG.11836|LOC134702632",32.2447454408154,0.0493963241904071,0.12549179501253,0.597285429737854,0.833708971477336
"STRG.11837|LOC134702631",60.7201153676799,-0.110614103870169,0.122903460003686,0.244652851102355,0.583396808505257
"STRG.11844|LOC134702689",114.188311233239,-0.0963084321218789,0.119538160546866,0.302001915758942,0.638213125574991
"STRG.11849|LOC134702697",69.0581508439703,0.0302816292207207,0.154818478925928,0.731522022609648,0.902997609116253
"STRG.11850|LOC134702698",125.797773025124,-0.102605340181372,0.120091915634015,0.273930510383203,0.609122301384034
"STRG.11853|LOC134702702",29.4559958897016,-0.0279945634510168,0.132207599982104,0.763617516824791,0.91587064699078
"STRG.11868|LOC134702742",261.179544814581,-0.104823982250513,0.1658732638948,0.286566469985903,0.621461252012184
"STRG.11876|LOC134702750",32.6958961375997,0.0778329975098292,0.135331521117643,0.419843192873191,0.732852680235575
"STRG.11890|LOC134702765",33.2928201741781,0.075197131506643,0.135596367050816,0.435003811951718,0.743742472494229
"STRG.11891|LOC134702768",88.2787304415869,-0.155020951979845,0.14644323530847,0.136473089145646,0.428178454948368
"STRG.11892|LOC134702769",32.3016161910881,0.0642291449681559,0.131508025921811,0.500675429752443,0.778441964044762
"STRG.11893|LOC134702772",42.8965955542757,-0.0450402422703692,0.143795028274219,0.628937074482807,0.853540764032408
"STRG.11894|LOC134702770",25.4608901905409,0.0729336030139571,0.144943815765413,0.449590655692935,0.754308497116589
"STRG.11910|LOC134702860",23.7303309355661,0.0383819660762448,0.140845282634367,0.680036250724729,0.87910350866109
"STRG.11911|LOC134702857",57.3824531454832,-0.0817739675879765,0.112530390305995,0.365353012866168,0.694208742449139
"STRG.11913|LOC134702859",23.5972568942607,0.0246410608680925,0.137563766657556,0.7928604967665,0.927763996462669
"STRG.11914|LOC134702869",31.1593363010389,-0.0263377968403862,0.142654105780088,0.765411523777576,0.915885611020874
"STRG.11916|LOC134702862",71.2595658392051,-0.102223460825049,0.116180790157573,0.268135242043354,0.603070567226158
"STRG.11920|LOC134702868",112.142852516201,-0.084364518513066,0.116819353657104,0.35930501789607,0.688644047661838
"STRG.11938|LOC134702892",20.90663834823,-0.0613792891361047,0.14017454436896,0.519385685934965,0.790826151775899
"STRG.11939|LOC134702889",24.3413359335874,0.0594438722484977,0.13360823636395,0.531028453659624,0.797624000319931
"STRG.11940|LOC134702893",74.2887337606113,-0.197732158898338,0.139634346896676,0.0597286912366844,0.293564442172124
"STRG.11942|LOC134702895",114.692533991667,-0.0882338812302377,0.120375801968364,0.344486421531422,0.676742555907882
"STRG.11944|LOC134702897",178.785773613832,-0.0476922067736621,0.150771652402313,0.602693502809036,0.837306109531757
"STRG.11950|LOC134702907",26.4437038334769,0.00622608238603684,0.125433192935278,0.947021204795682,0.984382904200939
"STRG.11951|LOC134702906",58.299734732073,-0.099743427456053,0.113735837350838,0.274137368723189,0.609342465354282
"STRG.11954|LOC134702909",61.0964668371851,-0.012115002974783,0.125843729493307,0.893280624861975,0.967145830285884
"STRG.11956|LOC134702912",97.9710119148276,-0.103577089946989,0.121412656846102,0.271829022976642,0.60679681657133
"STRG.11960|LOC134702914",33.9475207021773,0.0882871013555559,0.130392878332393,0.35939725461985,0.688644047661838
"STRG.11961|LOC134702917",59.8663544383785,-0.134012165057232,0.120393701514674,0.15767593819528,0.462328825864174
"STRG.11962|LOC134702915",26.7250377797784,0.0720960065112313,0.137054790779869,0.453553887833973,0.757057892173282
"STRG.11977|LOC134703000",32.7415824972751,0.0885758422231099,0.138174597430836,0.36397770391704,0.692315924325537
"STRG.11979|LOC134703001",18.3830093381981,-0.0702625855326291,0.145094226367366,0.464215928985482,0.761766837421861
"STRG.11980|LOC134702998",71.7611683477782,0.0487427094923423,0.15432334918339,0.593153524118718,0.830756153434921
"STRG.11991|LOC134703074",30.6452317436925,0.0931339445723968,0.137886643874468,0.341711420143658,0.674192385934434
"STRG.11992|LOC134703075",59.1137098585827,-0.122034139326232,0.122710871358507,0.200781207283911,0.529467592192527
"STRG.11993|LOC134703073",66.4013881454765,0.0359823465440857,0.153623680556072,0.68819147488521,0.882935277105493
"STRG.12001|LOC134703089",146.481102936823,-0.420115874163589,0.281913925230656,0.0105491635418199,0.119459055053415
"STRG.12006|LOC134703104",29.6855011258043,0.0599536410319521,0.136604140534707,0.529341320633225,0.796737530162518
"STRG.12007|LOC134703106",58.9789855827109,-0.0878531310986085,0.114530207034176,0.335848447099871,0.668949293050848
"STRG.12017|LOC134703111",97.0271748461373,-0.0816280334238682,0.119913913441582,0.38024958591711,0.704597669686427
"STRG.12018|LOC134703110",65.4583257885019,0.0639839824374939,0.161348354874553,0.481894791641261,0.768703185047799
"STRG.12021|LOC134703117",21.5928832190243,0.0335559216379763,0.144711745510098,0.71728930056264,0.897160554132699
"STRG.12022|LOC134703145",21.8749040535819,-0.0062821779662957,0.154421204692418,0.940923656622559,0.982488404284656
"STRG.12026|LOC134703149",114.400067395809,-0.0919666116259079,0.115631871912512,0.316199301056382,0.652591041230805
"STRG.12032|LOC134703120",192.468603349128,-0.180733318608927,0.18513571651716,0.107054438212978,0.380684331405839
"STRG.12034|LOC134703147",55.7569392828732,-0.0833337722023504,0.124477071213663,0.377775679125721,0.703091279805338
"STRG.12058|LOC134703247",201.37845710575,-0.35056495418866,0.257987804520697,0.0179009678998661,0.158711342252909
"STRG.12063|LOC134703254",187.203761111267,-0.209634534008332,0.179220641377561,0.0700020774000972,0.31777201574289
"STRG.12068|LOC134703266",190.380991606778,-0.181902339203757,0.17135825738552,0.101493697059698,0.373644134739936
"STRG.12073|LOC134703269",244.045408032724,-0.260230668121209,0.203287759306977,0.0386283521049139,0.240529824189507
"STRG.12112|LOC134703352",17.0289683945068,-0.0340066112522178,0.136473195603831,0.716176505222351,0.897160554132699
"STRG.12116|LOC134703357",64.3978040731572,-0.106242954250145,0.141351032244052,0.284073236333474,0.619481113212048
"STRG.12117|LOC134703359",71.5822534058604,-0.105334779830276,0.119198992168744,0.26006234893798,0.596200689467359
"STRG.12118|LOC134703362",32.7359548595996,0.0747904019036534,0.139843585495833,0.438450744693056,0.746316532099297
"STRG.12145|LOC134703410",71.0485203767274,-0.0721195237153598,0.12004027823819,0.435978810515438,0.744518677890383
"STRG.12146|LOC134703417",32.7598822443091,0.0803409390602191,0.136948184440579,0.406927754709689,0.724003575020308
"STRG.12150|LOC134703414",113.375247114132,-0.0934675435902697,0.121992488520056,0.32244314232165,0.658407803052091
"STRG.12151|LOC134703424",62.6725225954121,-0.142176685539914,0.131351968167163,0.152378731063283,0.452796684982187
"STRG.12158|LOC134703427",71.4093360772379,-0.0743701680775672,0.112158330870534,0.409422978637068,0.725781825426142
"STRG.12159|LOC134703426",33.3951417151685,0.0920345444666507,0.139324129446949,0.347444424246077,0.680175308146165
"STRG.12163|LOC134703432",113.153041940158,-0.101626693987572,0.119538494928668,0.277481341182033,0.613269829981719
"STRG.12165|LOC134703435",14.3871600139527,-0.0207904672130916,0.14897783325981,0.81636157548625,0.937860797680614
"STRG.12166|LOC134703440",16.534013167829,-0.0442796238645068,0.14087137755454,0.637176663784366,0.858185202338375
"STRG.12167|LOC134703438",75.843600163716,-0.13636830036718,0.146098201277464,0.183335657441219,0.503983305212895
"STRG.12168|LOC134703436",21.8503163084545,-0.0307072464651806,0.139907143917562,0.740411116753118,0.905553047013525
"STRG.12173|LOC134703445",52.4702408390973,-0.103606529275986,0.130980792768726,0.28536543542886,0.620330101301308
"STRG.12174|LOC134703452",75.8399785840313,-0.094478977959496,0.117753832935281,0.307777559264869,0.643454798261771
"STRG.12177|LOC134703449",119.816466953525,-0.080195050169145,0.117653108021221,0.384049132171973,0.708715225210735
"STRG.12179|LOC134703450",73.7605942857615,-0.0789543890656518,0.115825407420605,0.386754167169597,0.709811963443349
"STRG.12180|LOC134703451",77.5961234046629,0.0409389790235789,0.151590229302481,0.651893887041358,0.865953865311871
"STRG.12181|LOC134703453",59.512296928252,-0.0850587374917829,0.111481308395354,0.344349941754489,0.676667936943662
"STRG.12183|LOC134703456",23.2370686373328,-0.058389971987765,0.146442441555226,0.535540219312684,0.800734035181135
"STRG.12190|LOC134703465",214.169470589058,-0.187672415557299,0.19042250499372,0.0987172518468519,0.369771931367816
"STRG.12198|LOC134703472",19.1803461482157,-0.0363210194385294,0.13810164086172,0.697539805731964,0.886520052386683
"STRG.12209|LOC134703485",96.8303666917831,-0.0905518366478349,0.122143744425725,0.335557932741096,0.668552957103372
"STRG.12213|LOC134703486",30.2798401450253,0.0239076276012756,0.131099340833325,0.796161458124562,0.928130564935971
"STRG.12236|LOC134703517",32.3921783536877,-0.0768064134809723,0.136140948691313,0.425268613217346,0.73574140696376
"STRG.12248|LOC134703532",112.537543799449,-0.0984108867130686,0.11763834963346,0.288239230588412,0.623053962775307
"STRG.12250|LOC134703531",35.2552955604407,0.0604212931665792,0.134676583814976,0.524517047488115,0.793902456953513
"STRG.12251|LOC134703579",60.9512173112199,-0.106749852510599,0.119361968677604,0.254391846989974,0.589926257508827
"STRG.12297|LOC134703632",50.7605858776664,-0.0465246016294405,0.135999810966377,0.621766405438073,0.850211686953882
"STRG.12298|LOC134703633",71.2107763486517,0.0129106266053316,0.149865413111303,0.886271543547357,0.964924331339366
"STRG.12299|LOC134703629",121.377696992825,-0.128011484830281,0.124242784231422,0.182342467656339,0.502198108507503
"STRG.12300|LOC134703636",22.3990705141945,-0.0950848561420781,0.140711212457246,0.332994083463635,0.667134378779407
"STRG.12301|LOC134703631",33.8078533254241,0.0839102473513474,0.137451524312764,0.387205624792007,0.710153276777517
"STRG.12303|LOC134703634",115.577959855399,0.0353125148160586,0.131793587325919,0.707467043519275,0.892151119797097
"STRG.12304|LOC134703635",114.593022043107,-0.0745220757817711,0.109882013825216,0.402943428814392,0.721418464082478
"STRG.12305|LOC134703640",247.402119600466,-0.193259894634742,0.196759058054434,0.0920392431721281,0.358535803802253
"STRG.12314|LOC134703646",34.8868606689115,-0.00556697068068923,0.135808422591199,0.951426886103481,0.984494493039383
"STRG.12315|LOC134703650",16.5099707244743,-0.0543543517841164,0.142577297160726,0.565217370564336,0.817009237008096
"STRG.12327|LOC134703740",203.725266193612,-0.335932116196188,0.253193435148183,0.020684214673282,0.173055560107275
"STRG.12329|LOC134703805",67.8448423472092,0.0499709781841655,0.161936812749831,0.569349220770431,0.817946493625246
"STRG.12331|LOC134703806",32.0800695080707,0.0713010848201643,0.126666748642615,0.451078798686054,0.754794855808233
"STRG.12332|LOC134703809",46.2437218199091,0.0358049255899127,0.146462476336304,0.693711232664378,0.885257856795296
"STRG.12339|LOC134703812",103.168483949755,-0.498713905564343,0.312905502538034,0.00657512892086467,0.0907840106578366
"STRG.12341|LOC134703821",74.6154195721589,-0.158085690675948,0.137173353088946,0.120717758564123,0.39717230114971
"STRG.12342|LOC134703822",23.6646843713208,0.0131179751815772,0.146312371168517,0.885637558900396,0.964901063575253
"STRG.12345|LOC134703820",26.9238946812661,0.055324149180709,0.13688093182511,0.559125400599751,0.81508058814187
"STRG.12347|LOC134703827",23.9779768015958,-0.0204717936443687,0.143760706293768,0.822292892562057,0.941001940894699
"STRG.12352|LOC134703834",170.675114650225,-0.354434582440215,0.254723437390871,0.0171235899640769,0.154790471655467
"STRG.12406|LOC134703938",62.6297930981668,-0.143726562634373,0.126733801942263,0.141508067152891,0.436844853121181
"STRG.12409|LOC134703937",92.0061261818306,-0.119852031005305,0.120885722459745,0.205013800683563,0.53521449749408
"STRG.12410|LOC134703946",239.885605245503,-0.120182369893022,0.170542624690988,0.233377162302855,0.569905313761302
"STRG.12415|LOC134703948",177.872862154509,-0.269231286235065,0.207196961827319,0.0359307963243181,0.229806073864115
"STRG.12425|LOC134703958",77.6416862796645,-0.0881498505569557,0.135969241386505,0.363510370500837,0.691787323120926
"STRG.12433|LOC134703969",178.313943028261,-0.21412692333248,0.203953667711098,0.0717048767094083,0.321505475436168
"STRG.12440|LOC134704075",33.2059712367559,0.080426349651911,0.136665284163627,0.406107095946947,0.724003575020308
"STRG.12441|LOC134704067",30.1941519781791,-0.0209980819289918,0.144930272000782,0.817162606244059,0.937860797680614
"STRG.12443|LOC134704068",75.2244255205146,-0.106286581187461,0.113467621585318,0.243996030967293,0.582591373058225
"STRG.12444|LOC134704065",34.9011364465551,0.029662284258795,0.132311525451156,0.75159347531469,0.910103639544865
"STRG.12446|LOC134704073",23.8721677951596,-0.0560325179789346,0.136040792819355,0.555938392372599,0.812485555973805
"STRG.12447|LOC134704071",440.390801110514,-0.140058934060058,0.10178129251646,0.10287683952472,0.375828025087224
"STRG.12448|LOC134704072",37.236105002488,-0.0139618303224379,0.13068576982404,0.879202261331621,0.96225707753286
"STRG.12449|LOC134704079",18.1366876660038,-0.0265981202153149,0.137948882681167,0.774574116220008,0.921115165234604
"STRG.12451|LOC134704076",113.808314083061,-0.0868457399052158,0.122543586536098,0.35499246558282,0.68685164731574
"STRG.12458|LOC134704091",23.2289535159313,-0.0180456438388859,0.141130362869455,0.843892722251791,0.94769256508719
"STRG.12459|LOC134704086",275.709168648285,-0.203903784897923,0.204239520682453,0.0812181706381892,0.341376353588327
"STRG.12465|LOC134704094",32.0546453874643,0.0730789545055156,0.130204792054554,0.444077728987636,0.74989475369772
"STRG.12466|LOC134704093",58.0726993770771,-0.0860562995304335,0.117031617455766,0.350774680274808,0.68310349960589
"STRG.12479|LOC134704121",13.6991692197775,-0.0224308459369459,0.141432198076098,0.807644820144686,0.933096767848274
"STRG.12480|LOC134704113",30.5148298176387,-0.0311827379654863,0.144524345769213,0.733938568231548,0.904191610246111
"STRG.12482|LOC134704118",71.1157619196197,-0.0743135496326736,0.115407870071785,0.41574980105892,0.731191078000085
"STRG.12483|LOC134704114",33.2286646260325,0.0698184324245708,0.14007576489382,0.467260598263252,0.762655343019731
"STRG.12493|LOC134704120",114.539297032628,-0.0780124986399472,0.116289249895453,0.396498069445535,0.717540325651713
"STRG.12511|LOC134704170",123.938502763845,-0.238828490986244,0.217050602767364,0.0544324591641944,0.282368381914259
"STRG.12528|LOC134704204",73.0442467681688,0.0424054387776827,0.153414262761569,0.639484537381488,0.86002486853883
"STRG.12529|LOC134704207",122.01356028724,-0.0922281416389937,0.119356530821383,0.321582372765611,0.657569331097431
"STRG.12532|LOC134704210",60.7840830251216,0.0176664074052586,0.139726701995338,0.849485789098954,0.949567149848377
"STRG.12539|LOC134704238",17.753415082589,-0.0422943238716283,0.154167276420492,0.63637928796972,0.857585667773217
"STRG.12547|LOC134704242",28.5674533677572,0.020928498789703,0.133704419687495,0.823115649086306,0.941278015844234
"STRG.12553|LOC134704248",57.1743498431648,-0.0816857317568507,0.11649465574409,0.374188080948747,0.700248460991455
"STRG.12555|LOC134704251",66.026987916723,0.0540482329000509,0.157133869712982,0.551289522184304,0.810665485595894
"STRG.12556|LOC134704258",33.2142674699934,0.0866162530396503,0.137555594053331,0.37359813185617,0.699890810079645
"STRG.12558|LOC134704252",18.6296829378047,-0.0638409421195542,0.142954524610873,0.503447306725199,0.780309868242846
"STRG.12560|LOC134704256",113.632312684921,-0.118822405015683,0.126826640581092,0.218677678663393,0.55176392738795
"STRG.12566|LOC134704266",28.4593391971241,-0.0194214613469248,0.147178241784865,0.83047888216538,0.943802358073119
"STRG.12568|LOC134704270",70.2407026505249,-0.0941992771920179,0.112847180269808,0.299417642555529,0.634769176556597
"STRG.12569|LOC134704277",32.7343386308879,0.0803669918616086,0.138224933543856,0.406827383025051,0.724003575020308
"STRG.12576|LOC134704273",115.194020559242,-0.0915891908201379,0.124015547342603,0.332424703048867,0.667041217326628
"STRG.12578|LOC134704278",40.3224600207325,-0.0880314444144782,0.125562657862278,0.35344366503997,0.685671322563597
"STRG.12592|LOC134704293",156.689771956024,-0.406558488701879,0.288812563311824,0.0124968607241547,0.132670160943642
"STRG.12593|LOC134704319",105.91724063054,-0.506372853057816,0.306284744206747,0.00587771919936888,0.0843435383736548
"STRG.12599|LOC134704322",222.516291537408,-0.272757338301718,0.229432870211417,0.0376542369909939,0.236508709499216
"STRG.12605|LOC134704384",98.8792519740039,-0.081290390946164,0.118252649801284,0.379164931763659,0.70450792714367
"STRG.12606|LOC134704385",9.92586223323714,0.0560783119901175,0.162598401598917,0.524921087062994,0.794287056123494
"STRG.12607|LOC134704388",58.1993930648968,-0.103447811387551,0.116358288153994,0.262796012270916,0.597987156010979
"STRG.12613|LOC134704395",29.1443699109455,0.064961405978218,0.138860856657385,0.4977171157174,0.775841529303202
"STRG.12614|LOC134704393",58.1884205760472,-0.107318461447512,0.117432518637516,0.247896051900603,0.585394060688682
"STRG.12624|LOC134704428",26.7538727716442,-0.0728580997463474,0.160963198444357,0.433174345390853,0.742438414340246
"STRG.12639|LOC134704439",56.557138139334,-0.0583903305781511,0.140158613588163,0.538389292663021,0.80158647245437
"STRG.12640|LOC134704443",70.8369620958503,-0.097635500024016,0.117957141705024,0.292930821022745,0.628360269236454
"STRG.12641|LOC134704447",32.1541849041647,0.0695590928937052,0.133537699709365,0.467673021849002,0.762979127039266
"STRG.12645|LOC134704446",113.931945412606,-0.0830802737604791,0.119115981911995,0.371013780752948,0.698522651067537
"STRG.12646|LOC134704452",188.313030158989,-0.304848923254544,0.250736945260337,0.0284800644366116,0.202746969439582
"STRG.12650|LOC134704455",230.773459834179,-0.209929631873699,0.218093073078313,0.0757384744625139,0.330462256555676
"STRG.12653",775.187438961124,-0.17277412798084,0.0950602185330381,0.0358597845320565,0.229552906417301
"STRG.12679",1564.50783327386,-0.0278681812229908,0.183991779629084,0.497903643000265,0.775841529303202
"STRG.1759|LOC134706618",13.4577837190125,0.00606242745863335,0.182475895927597,0.870496028270369,0.95833382658003
"STRG.202|LOC134713724",29.0498922638959,-0.0750520912109533,0.143717907951947,0.437352626656345,0.745617441420359
"STRG.3072|LOC134711248",13.0569021641137,0.0647462989085105,0.193071947727832,0.241364493631126,0.579601441182874
"STRG.3157|LOC134710736",23.0761122417697,0.479207395444351,0.825057967419933,0.01233053207176,0.131669892181485
"STRG.3163|LOC134710737",32.1332381448145,0.142727930840735,0.246320320587454,0.0684496134415986,0.314240085843769
"STRG.337|LOC134684371",19.1686344573404,-0.0652770984472479,0.189135532666216,0.302375379504765,0.638213125574991
"STRG.3399|LOC134710889",61.8633681515779,-0.447883780702641,0.232013573775203,0.00478978051476178,0.0741198238979238
"STRG.3769|LOC134712563",34.2254225518201,0.136811784219042,0.153838087737426,0.189248297331543,0.513624629479392
"STRG.5026|LOC134716292",24.5318214801451,0.0965746509131739,0.170592679859333,0.313548627421691,0.649874907686728
"STRG.5094|LOC134717375",230.356365677105,-0.154581404932628,0.183327898114672,0.149142868778002,0.447484215450884
"STRG.5238|LOC134718653",284.852411860654,0.0743828772221025,0.140194039696139,0.443329471297778,0.74989475369772
"STRG.5661|LOC134720800",47.1745016265957,0.405238206690665,0.168002751728242,0.00204279426696271,0.0442995864480746
"STRG.6066|LOC134721468",26.2723592238308,0.947288789921444,0.577193648664409,0.0031914467082736,0.0584218715720059
"STRG.6124|LOC134721622",41.7251325098703,0.786539145121973,0.281116739307003,0.000289272771819315,0.0138094661788776
"STRG.6456|LOC134722182",39.6143542435686,-0.305427975079234,0.168492684802177,0.0131397338538804,0.135938549672439
"STRG.6599|LOC134724706",266.179707730328,-0.0834950375475565,0.112370524136978,0.355325856203477,0.687314632868166
"STRG.8134|LOC134685403",13.138194219365,0.00790598673008939,0.177748769294486,0.883106654318584,0.96449445448395
"STRG.854|LOC134681509",9.97150833392736,-0.0942819657839506,0.214132220333547,0.0696179207979678,0.3176073038778
"STRG.8727|LOC134686868",34.7774194283666,-0.0940700838232767,0.166730304857586,0.329574992091334,0.664965275687907
"STRG.8786|LOC134687731",20.8049749549679,-0.150247882708683,0.165915078608704,0.158952574777882,0.463137934400657
"STRG.9442|LOC134690890",23.1341070939147,0.00381362211118671,0.183143479872482,0.909262667104288,0.973615656161784
"gene-LOC134680597|LOC134680597",15.1653754598108,-0.0633244222687187,0.163997840186558,0.475980880511589,0.765853785338503
"gene-LOC134680600|LOC134680600",18.0595477068797,0.284616530133975,0.341239813269168,0.036529923651022,0.23241686615598
"gene-LOC134680606|LOC134680606",8.76648627422972,-0.00017272989215773,0.183415222102641,0.992801274503979,0.996621840156276
"gene-LOC134680608|LOC134680608",101.0245472439,-0.0802007072475562,0.185529616639153,0.309510781423119,0.64498338017531
"gene-LOC134680615|LOC134680615",95.6660638372451,-0.000136857199093471,0.111624226609289,0.99866717081242,0.999351283136583
"gene-LOC134680616|LOC134680616",42.2389856939261,0.176021346229682,0.16988115303131,0.110955624090173,0.385547040130648
"gene-LOC134680617|LOC134680617",16.4740835199899,0.0499042734970268,0.17315704706897,0.518975763253009,0.790366758715591
"gene-LOC134680618|LOC134680618",29.24186713564,-0.0221569069306482,0.156948187441944,0.795001719597986,0.928130564935971
"gene-LOC134680619|LOC134680619",10.989378509455,-0.0811489956683356,0.183131689880855,0.326014231997473,0.662366606539512
"gene-LOC134680621|LOC134680621",10.9036050309551,0.00792431360078271,0.179011550508268,0.874205404847794,0.959746743141416
"gene-LOC134680628|LOC134680628",102.40847918963,0.282055902563089,0.192411381296767,0.0274575333589463,0.198888619299433
"gene-LOC134680629|LOC134680629",25.9254036299212,0.0707210514028455,0.160913120649615,0.445297530181148,0.750745861268743
"gene-LOC134680631|LOC134680631",30.2009960107006,-0.0100215074140277,0.133501279495986,0.913545439456905,0.973951058977618
"gene-LOC134680632|LOC134680632",25.8175701942842,0.0765979797023926,0.146404306158177,0.429759485053,0.739903952089544
"gene-LOC134680633|LOC134680633",10.60393396956,-0.0292898609759172,0.180598329220674,0.580047532852077,0.822792030282288
"gene-LOC134680634|LOC134680634",146.323813965713,0.054554306211527,0.112258552737784,0.529638406088811,0.796737530162518
"gene-LOC134680638|LOC134680638",38.1152016548946,0.0274607388046838,0.124726005011444,0.768183523333651,0.916799420658332
"gene-LOC134680643|LOC134680643",20.1938375164205,-0.00370167700898836,0.17621285715967,0.946880956577325,0.984382904200939
"gene-LOC134680644|LOC134680644",56.8454075210238,0.0628575366813827,0.170884934106424,0.45792680989142,0.759544727242592
"gene-LOC134680648|LOC134680648",12.9632316207948,0.0420292432483113,0.190355784026639,0.190242943185481,0.513624629479392
"gene-LOC134680651|LOC134680651",52.7303651105714,-0.0742998150360298,0.117528545887575,0.420360142869117,0.733296031410565
"gene-LOC134680654|LOC134680654",223.066404782675,0.131057226884708,0.184685875828376,0.200797539755381,0.529467592192527
"gene-LOC134680656|LOC134680656",12.3036710534622,-0.108955611642733,0.222450814747777,0.0732641223552872,0.324906587542816
"gene-LOC134680661|LOC134680661",12.8780475360241,0.0537026026222572,0.168179541131405,0.521202253238501,0.792765776271139
"gene-LOC134680663|LOC134680663",7.19488518415926,0.0225737413554997,0.183947960506387,0.552270165617646,NA
"gene-LOC134680666|LOC134680666",20.7190005097788,0.159731916156314,0.174491073567829,0.143238716937699,0.439333236631996
"gene-LOC134680667|LOC134680667",1459.77858873505,0.0376715206013141,0.102035022037771,0.728079959270506,0.901491104002674
"gene-LOC134680673|LOC134680673",76.9216775416512,0.0626804034402313,0.179706598285705,0.411497400555699,0.727742618319328
"gene-LOC134680676|LOC134680676",22.5106077407072,1.42465381067689,0.334462363787672,1.02500299742159e-06,0.000249554063105577
"gene-LOC134680677|LOC134680677",223.03554996063,0.0691740954973368,0.0788299115743687,0.333024393412749,0.667134378779407
"gene-LOC134680679|LOC134680679",749.93857009306,0.0454948559101581,0.0831326047707749,0.540568007988048,0.80331815469882
"gene-LOC134680681|LOC134680681",14.7608155425821,-0.000234925971618258,0.168352434449841,0.996206198915801,0.998633377216779
"gene-LOC134680685|LOC134680685",10.1541590970964,0.0520056240332633,0.170852266573094,0.521698030562193,0.792859428886029
"gene-LOC134680687|LOC134680687",36.226363091843,0.198167667736979,0.23955986651304,0.083326332153661,0.344539617215092
"gene-LOC134680689|LOC134680689",37.8818305510017,-0.3939654940954,0.186790758627018,0.00432500381601131,0.070043964239793
"gene-LOC134680690|LOC134680690",43.3251759360668,0.021131094359699,0.186517639245547,0.344278490204651,0.676667936943662
"gene-LOC134680707|LOC134680707",133.621359781906,-0.0679302705267414,0.123786215304649,0.470397965214204,0.764187441709196
"gene-LOC134680721|LOC134680721",16.6946464446231,0.114089677979178,0.186893914621199,0.233316260285595,0.569905313761302
"gene-LOC134680725|LOC134680725",18.3068176815373,-0.645079644725271,0.235678044593649,0.000421631891832787,0.0174977235110607
"gene-LOC134680726|LOC134680726",9.15662575090731,-0.0242438359963754,0.174318964125397,0.709214398921319,0.892813162654484
"gene-LOC134680738|LOC134680738",6.60280050088063,-0.000796327557009646,0.181776500933803,0.979927948056713,NA
"gene-LOC134680746|LOC134680746",17.6272878957135,-0.0393215513021215,0.185438586818586,0.403681832813192,0.722124427779873
"gene-LOC134680747|LOC134680747",16.3045367309296,-0.0228168993922656,0.18047182427008,0.647989585860654,0.863872436991949
"gene-LOC134680748|LOC134680748",15.6309271871524,-0.0444827196582846,0.187709014431758,0.327177017784458,0.663371777282146
"gene-LOC134680749|LOC134680749",6.84510309309885,-0.00372276347007485,0.182076224003257,0.918814478287801,NA
"gene-LOC134680750|LOC134680750",9.11164583225247,-0.0282771916930544,0.186475318535317,0.364972974481283,0.6936670844682
"gene-LOC134680751|LOC134680751",26.6588839596596,0.076445766305992,0.160085063186801,0.418411883355266,0.731995304437573
"gene-LOC134680752|LOC134680752",101.120654060316,0.161416309626818,0.253866474654008,0.076787437718524,0.333049551719774
"gene-LOC134680753|LOC134680753",11.0717261316189,-0.0695584552470391,0.197814934092531,0.162477277630947,0.468324402453211
"gene-LOC134680783|LOC134680783",53.4604491442712,-0.177713297646783,0.221765794941023,0.103978957401778,0.376538829798529
"gene-LOC134680785|LOC134680785",17.4333063980876,-0.0307401240610554,0.137817242429712,0.741607863557844,0.905785755552463
"gene-LOC134680786|LOC134680786",32.0416770513606,0.134744278504196,0.211488874015653,0.15337022521215,0.454299184661183
"gene-LOC134680789|LOC134680789",54.1730192614437,0.109331353904553,0.161967839430119,0.277581385947264,0.613269829981719
"gene-LOC134680791|LOC134680791",53.0043713059957,-0.10206630930027,0.134895039887276,0.297920637680413,0.633298119213545
"gene-LOC134680796|LOC134680796",28.7218665571612,-0.129478792558353,0.137827000540133,0.197599447539339,0.524463940700506
"gene-LOC134680798|LOC134680798",64.01475571755,-0.032547346831768,0.107418572077528,0.710320824971618,0.893436078111365
"gene-LOC134680805|LOC134680805",13.1564562516345,0.115045912384069,0.169749956096309,0.253987312499237,0.589838906250425
"gene-LOC134680808|LOC134680808",8.97468449307601,-0.0855840199882952,0.168769752046991,0.359381922532865,0.688644047661838
"gene-LOC134680813|LOC134680813",59.7125107756503,-0.0470401000184885,0.141716695572673,0.616649003497532,0.847061073162524
"gene-LOC134680819|LOC134680819",8.8312799894646,-0.0872924023423095,0.205028497814191,0.139793210182883,0.433935234668837
"gene-LOC134680824|LOC134680824",29.9150136751216,0.0987782230844505,0.141055343967725,0.318102612828478,0.654116408811713
"gene-LOC134680826|LOC134680826",93.6532360652281,0.220012765090449,0.12274445599554,0.0265391222088524,0.196480550519656
"gene-LOC134680830|LOC134680830",16.6448917397173,-0.0447091086195501,0.141619441584407,0.633465788045623,0.85623909964459
"gene-LOC134680833|LOC134680833",20.988182473838,-0.00208731439798507,0.170467449681184,0.974127225290791,0.991945908801517
"gene-LOC134680834|LOC134680834",117.003079202038,-0.0350275581920746,0.127095460206769,0.706811791078845,0.891831605563335
"gene-LOC134680835|LOC134680835",13.1715673312973,-0.113831123233292,0.212409232116492,0.145984988041614,0.442590484929448
"gene-LOC134680843|LOC134680843",11.6326756297696,0.0381668609842516,0.166704370251977,0.633698793958637,0.85623909964459
"gene-LOC134680849|LOC134680849",63.4470908748325,-0.10574247967557,0.161732450328564,0.287977961488888,0.622673484521859
"gene-LOC134680850|LOC134680850",30.7468772723896,-0.0272240745075903,0.16807950557914,0.717490843973807,0.897160554132699
"gene-LOC134680861|LOC134680861",100.611664893977,0.671855031083148,0.325740219819465,0.00208990287766839,0.0451616882203844
"gene-LOC134680862|LOC134680862",13.9734652510435,0.0201262875747586,0.184145565765551,0.567939350270257,0.817936623798694
"gene-LOC134680865|LOC134680865",19.3717837326468,0.127894797138187,0.176805821464639,0.213408757733847,0.544714737745469
"gene-LOC134680870|LOC134680870",8.39469706516913,-0.136546064077114,0.251226418439657,0.0369297391218981,0.233271138040976
"gene-LOC134680872|LOC134680872",66.6217743465487,0.111549033031664,0.173221042229935,0.261442660288703,0.596929412550386
"gene-LOC134680874|LOC134680874",143.094791080034,0.191870789126108,0.120655096783112,0.047788581937425,0.264831413103909
"gene-LOC134680880|LOC134680880",23.5889044832452,-0.606682304663233,0.27930203357773,0.00183608144329381,0.0416482573348385
"gene-LOC134680881|LOC134680881",17.2069765771513,-0.0489829034391997,0.177995744289822,0.482956355958375,0.768733904638168
"gene-LOC134680882|LOC134680882",12.6305822641136,-0.0127098163698089,0.180217202711163,0.78590808052288,0.925104370691235
"gene-LOC134680887|LOC134680887",34.1653901332146,0.0794316017827523,0.168308300793722,0.38732407513093,0.710153276777517
"gene-LOC134680889|LOC134680889",9.06780654527891,-0.0567133979969154,0.191123055323571,0.255943591477565,0.591211888726165
"gene-LOC134680890|LOC134680890",8.21435532423771,-0.012302008629584,0.183038163193605,0.726305078669052,NA
"gene-LOC134680897|LOC134680897",153.169475387361,-0.258105760163403,0.107686921908356,0.00505679716216713,0.0767313580054311
"gene-LOC134680904|LOC134680904",635.746317459126,-0.00625683800150367,0.0898775236558211,0.940104602452439,0.982276445936544
"gene-LOC134680905|LOC134680905",90.4592031423687,0.205634920009011,0.145440356717188,0.056745313467628,0.288623374338428
"gene-LOC134680910|LOC134680910",26.9376754315798,-0.00583377232637807,0.135143862104979,0.949208218017872,0.984494493039383
"gene-LOC134680917|LOC134680917",45.0374878013033,0.134210808718819,0.155647864769554,0.197822858246152,0.524463940700506
"gene-LOC134680920|LOC134680920",54.4956090713091,0.43679631564129,0.183987859561092,0.00198699839941035,0.0437052408654138
"gene-LOC134680925|LOC134680925",7.78744137373444,0.00117250875356672,0.179111769403069,0.982194576234125,NA
"gene-LOC134680931|LOC134680931",17.9067068732851,-0.0059724270423021,0.177730613399612,0.90819091742092,0.973283642470783
"gene-LOC134680943|LOC134680943",15.9877264505291,0.0357895374874658,0.177192485491888,0.581511735553705,0.823352005505491
"gene-LOC134680950|LOC134680950",60.1181676351053,0.139094473572224,0.138012742640552,0.170165445772663,0.481057572710393
"gene-LOC134680951|LOC134680951",9.16610095893349,-0.0889659375564782,0.186519660934952,0.28729796358999,0.622556249870652
"gene-LOC134680959|LOC134680959",106.171066685327,0.257895017144127,0.133960627240659,0.0152157971432701,0.146261109871469
"gene-LOC134680960|LOC134680960",9.46021724272585,0.0563407161324845,0.160562636921396,0.530019238720973,0.79688359810992
"gene-LOC134680963|LOC134680963",137.108688659634,0.0388325997182253,0.144273365516754,0.676509091044665,0.876880639039971
"gene-LOC134680966|LOC134680966",7.66367448919314,0.0394649476648582,0.177907596231897,0.545542968618828,NA
"gene-LOC134680970|LOC134680970",26.0060961429086,-0.0220856855122998,0.185983218808886,0.403576854961327,0.722124427779873
"gene-LOC134680973|LOC134680973",108.007208190003,-0.0195717609024092,0.172808413358794,0.766467997298273,0.916399124613944
"gene-LOC134680977|LOC134680977",8.01019164454505,-0.0224391943822846,0.18444766129309,0.524869248375652,NA
"gene-LOC134680982|LOC134680982",86.3805993204669,0.00316020731687716,0.184951258968034,0.26989494381727,0.604697137926792
"gene-LOC134680988|LOC134680988",17.0644351620703,0.353129717296089,0.305594775166278,0.0228633275001133,0.18207744822855
"gene-LOC134680989|LOC134680989",34.7079804964015,0.0775383038370305,0.154215978154734,0.420333974788825,0.733296031410565
"gene-LOC134680992|LOC134680992",66.2653884958789,0.0236177164436262,0.128613799204359,0.800716518309645,0.929503091184623
"gene-LOC134680997|LOC134680997",25.7883847771236,0.0622162567890011,0.143497376576512,0.515051839045744,0.787300322121578
"gene-LOC134680999|LOC134680999",54.8704084894452,0.145557877523146,0.120722542964496,0.127234243903385,0.410114261902171
"gene-LOC134681000|LOC134681000",17.4092676332821,-0.479898171226238,0.387290233395001,0.0109525488380807,0.121024836177521
"gene-LOC134681001|LOC134681001",17.5834095612376,0.00159607532306211,0.165146566622613,0.984382688093646,0.993633382232724
"gene-LOC134681003|LOC134681003",7.8013728559523,0.152753223189632,0.214554349593246,0.133662102991469,NA
"gene-LOC134681009|LOC134681009",6.31097062769098,-0.0110749540831711,0.183907730941665,0.712955572654062,NA
"gene-LOC134681010|LOC134681010",299.322347872051,-0.0209839892649288,0.138995711571541,0.822474861811577,0.941001940894699
"gene-LOC134681011|LOC134681011",9.79281978153353,-0.0112145778547754,0.163207512011809,0.885296513772079,0.964901063575253
"gene-LOC134681012|LOC134681012",99.6965544649679,-0.172963526839752,0.130308940555253,0.08462929570459,0.346878574711956
"gene-LOC134681014|LOC134681014",17.8911320994618,0.106414647371632,0.161900354651241,0.286953621633779,0.622116133099769
"gene-LOC134681016|LOC134681016",20.3579077981535,-0.0321648948432777,0.184457949946732,0.460706631918666,0.760652977325952
"gene-LOC134681017|LOC134681017",15.1958634670327,0.0838851191365647,0.160842279819758,0.379871772533355,0.704597669686427
"gene-LOC134681022|LOC134681022",42.311241404016,-0.0789096082520871,0.166660685752412,0.390928004873522,0.713363405618116
"gene-LOC134681023|LOC134681023",371.581310551659,0.290237422332593,0.12871626068436,0.00586137665195222,0.0842745965863366
"gene-LOC134681025|LOC134681025",27.9669791392838,0.0762410603247368,0.147557035137915,0.431889281511704,0.741367640931019
"gene-LOC134681026|LOC134681026",38.3631128020506,0.774770389118218,0.257221304956678,0.00015997879601813,0.00981920274047414
"gene-LOC134681027|LOC134681027",175.591742037236,0.288647079174341,0.118691616788113,0.00384833696511416,0.0641842643128354
"gene-LOC134681028|LOC134681028",9.21001245402167,0.0569802695285724,0.172416857797449,0.482510701034444,0.768733904638168
"gene-LOC134681029|LOC134681029",1096.08235675266,0.0201708783781177,0.0754634409589875,0.770436942209545,0.918288418064379
"gene-LOC134681037|LOC134681037",56.8573094285511,0.592776295313376,0.394924774399565,0.0062554639698671,0.0880288834515192
"gene-LOC134681039|LOC134681039",17.917257477805,0.0732088337332689,0.151659834281972,0.445244357921799,0.750745861268743
"gene-LOC134681040|LOC134681040",52.3752409971903,0.204160823024412,0.132085514753449,0.0469752793120013,0.263119202526731
"gene-LOC134681041|LOC134681041",7.0055834075568,-0.052825756483633,0.184401120497406,0.390606972015009,NA
"gene-LOC134681045|LOC134681045",58.8491930430221,0.0920914977634728,0.178551543962646,0.311201640592034,0.646661958146291
"gene-LOC134681046|LOC134681046",9.69693255721558,0.0131423988323014,0.149637854857389,0.883433202022771,0.96449445448395
"gene-LOC134681048|LOC134681048",48.0453287500254,0.175795979900019,0.128492573462552,0.078741588964131,0.336726326577291
"gene-LOC134681049|LOC134681049",60.2122585390585,-0.226403305405921,0.402554204494142,0.0166360507967354,0.153809765847285
"gene-LOC134681050|LOC134681050",19.0515398195277,-0.0886939125294205,0.175552532800729,0.329211928380287,0.66470521928408
"gene-LOC134681051|LOC134681051",26.0431131865202,-0.279376674922227,0.279354267371061,0.0387094481461758,0.240624518518866
"gene-LOC134681054|LOC134681054",35.6599456909693,0.129222018386667,0.155939568198725,0.21267246527815,0.544402815603716
"gene-LOC134681055|LOC134681055",39.7056651717524,-0.0396287263946167,0.135371273230461,0.675686421603415,0.876268037250577
"gene-LOC134681056|LOC134681056",11.9305818316118,0.0110830754688044,0.169464525315049,0.875638082226942,0.960597860105976
"gene-LOC134681057|LOC134681057",42.9800964324853,-0.0506028926527598,0.114411703429054,0.576839336481431,0.82191665666956
"gene-LOC134681058|LOC134681058",98.9930148658711,0.000786051675837158,0.1773670776048,0.991159086540631,0.995794493547836
"gene-LOC134681060|LOC134681060",13.5242270285282,-0.0613256007979522,0.170783518168901,0.464106441092878,0.761766837421861
"gene-LOC134681061|LOC134681061",123.250006540557,-0.259215883984309,0.230742934041437,0.0447000088136215,0.257280428979268
"gene-LOC134681063|LOC134681063",13.2947258170006,0.0146016033030248,0.169539355040922,0.838371461711862,0.94707747408349
"gene-LOC134681066|LOC134681066",25.7542680078075,0.0603318975581389,0.168400753347139,0.482147942713042,0.768733904638168
"gene-LOC134681071|LOC134681071",69.8091275253455,0.166918182598966,0.14246640042059,0.109810174054023,0.383574132611469
"gene-LOC134681073|LOC134681073",51.2358531358444,0.0028030910071692,0.131261757111562,0.976905013742906,0.991980289222603
"gene-LOC134681074|LOC134681074",70.0779825856549,0.173910496609677,0.205909137257419,0.117644512602225,0.393892238040277
"gene-LOC134681076|LOC134681076",15.3213160604859,-0.0498537449260516,0.187151853541323,0.343792036900093,0.67654591107757
"gene-LOC134681077|LOC134681077",23.9233028290373,0.0224662483645796,0.175743810362398,0.717237243541628,0.897160554132699
"gene-LOC134681078|LOC134681078",58.0417756144446,-0.00225536893921453,0.101917536586099,0.97590803251042,0.991980289222603
"gene-LOC134681090|LOC134681090",17.1053572500182,-0.0424996231264491,0.176724730843729,0.534268336231236,0.80040523076659
"gene-LOC134681092|LOC134681092",9.65692461723964,-0.0620034170000256,0.196337127877243,0.141205072769439,0.436462907959365
"gene-LOC134681093|LOC134681093",98.3195906356335,0.0512973485438154,0.174159801608869,0.504140382305486,0.780797572595265
"gene-LOC134681096|LOC134681096",27.883234314534,-0.146031241526244,0.148114369343359,0.160400915272365,0.465611639557216
"gene-LOC134681104|LOC134681104",11.1979031231335,-0.0507344142998604,0.182790940503252,0.418317901105341,0.731995304437573
"gene-LOC134681106|LOC134681106",18.7325665852822,0.383237276181751,0.310165613778688,0.0178289377897442,0.158614569569174
"gene-LOC134681107|LOC134681107",8.11036744100213,0.0204005273495634,0.180729871694645,0.67292265135024,NA
"gene-LOC134681111|LOC134681111",25.696508303092,0.125662909199501,0.188575933044341,0.206306914511295,0.53701557505007
"gene-LOC134681115|LOC134681115",103.498051684798,-0.11781634970203,0.121591748790548,0.212722567871441,0.544402815603716
"gene-LOC134681117|LOC134681117",9.89334770023721,-0.0121868553379007,0.173556220027128,0.846259803273224,0.948631110948735
"gene-LOC134681121|LOC134681121",72.2248055779298,0.30984380735621,0.178618979338239,0.0149632099387502,0.144948654366885
"gene-LOC134681123|LOC134681123",8.84596812585789,0.133027491643897,0.238595654103825,0.0730086357500932,0.324515865312662
"gene-LOC134681126|LOC134681126",33.4382264414844,0.0337905207188803,0.135351723110866,0.718468000869268,0.897347858814831
"gene-LOC134681128|LOC134681128",69.8838408061017,0.0114438601138872,0.152745048221378,0.897201817665731,0.968576719678461
"gene-LOC134681129|LOC134681129",37.3469080393414,0.225212515850607,0.204900700280295,0.0641486120234982,0.304841549915179
"gene-LOC134681142|LOC134681142",17.3096494864037,-0.0605787989719197,0.188488755105516,0.314430069850573,0.65086669384203
"gene-LOC134681144|LOC134681144",84.8926966744409,-0.00965723251697309,0.105213717775925,0.910871660725119,0.973810014537272
"gene-LOC134681151|LOC134681151",195.628575535113,-0.0454373176682459,0.111784974735071,0.615078436017618,0.846622290098858
"gene-LOC134681152|LOC134681152",236.821143475129,-0.00407534450756389,0.103192227548788,0.961391648716388,0.987888161259382
"gene-LOC134681153|LOC134681153",134.066754571306,-0.553075752453581,0.269837984447134,0.00257515329049716,0.0511111946570414
"gene-LOC134681164|LOC134681164",112.472743977264,-0.0181997335840422,0.108288914636626,0.83578787900307,0.946302072273822
"gene-LOC134681170|LOC134681170",24.9067064103456,0.275069256765327,0.21477340675158,0.0362344566847838,0.231343069602851
"gene-LOC134681172|LOC134681172",34.1057701758466,0.185132241416603,0.172212528181649,0.0995843328372627,0.371467317714289
"gene-LOC134681175|LOC134681175",13.7360397193596,-0.000555817080967932,0.177941144603418,0.989427811126065,0.995013180843285
"gene-LOC134681176|LOC134681176",29.0982381366881,0.0878302060253469,0.16217122426189,0.359610281240996,0.688644047661838
"gene-LOC134681181|LOC134681181",11.7448707795275,-0.142808972135239,0.23650544426311,0.0935689852497712,0.360370690491233
"gene-LOC134681182|LOC134681182",88.4858315763239,0.0347095586491423,0.156743493800769,0.70083650975555,0.888441942531616
"gene-LOC134681183|LOC134681183",18.8418976571987,0.0727868193862383,0.143649279374465,0.450955423820716,0.754794855808233
"gene-LOC134681189|LOC134681189",13.0621447481084,-0.0287697600378854,0.148277139925169,0.751783992497644,0.910103639544865
"gene-LOC134681190|LOC134681190",11.0735912848225,-0.138622299762637,0.238238913739753,0.0839590836077823,0.345680465992808
"gene-LOC134681202|LOC134681202",9.84939598269388,-0.0336784120776278,0.165572761449204,0.672973491246619,0.874831740074501
"gene-LOC134681206|LOC134681206",19.8001682080694,-0.68828409834332,0.219795818624884,0.000119300345922089,0.0085428404570092
"gene-LOC134681210|LOC134681210",58.4346518391974,0.307012102427388,0.158946706871592,0.0106963929125661,0.120360399672071
"gene-LOC134681211|LOC134681211",64.9470486872792,-0.0284533707134371,0.0978374451982247,0.732836380662356,0.903703684679697
"gene-LOC134681212|LOC134681212",24.3358720573372,-1.46711992933456,0.644655099316779,0.000598370674022933,0.0213195092832366
"gene-LOC134681213|LOC134681213",17.2344624464207,-0.00870846028639802,0.183601978539099,0.775492182827549,0.921594957636969
"gene-LOC134681219|LOC134681219",16.9968960550424,-0.178806773720303,0.267606215904194,0.0662117221700002,0.309464395609367
"gene-LOC134681225|LOC134681225",92.1932455662717,-0.0718447076597773,0.13671465197408,0.453450237670219,0.757057892173282
"gene-LOC134681231|LOC134681231",53.001179506001,0.0343099708207463,0.174525095511221,0.618836372644809,0.84850401084995
"gene-LOC134681232|LOC134681232",54.5805108942917,0.038593229082266,0.179516765845256,0.532437618066156,0.79917803394832
"gene-LOC134681233|LOC134681233",11.1000974512195,-0.113694426952677,0.180606660298721,0.242858716877623,0.581777654337212
"gene-LOC134681236|LOC134681236",15.7526989662439,0.0196596356979824,0.147455830084574,0.828900596177011,0.943316813472115
"gene-LOC134681238|LOC134681238",9.18811445146537,-0.00262534724929368,0.184404396881772,0.90995831408237,0.973615656161784
"gene-LOC134681239|LOC134681239",88.9307783656722,0.0470607867737867,0.141020665732415,0.616681619858778,0.847061073162524
"gene-LOC134681240|LOC134681240",65.2537498788371,-0.0824065486958033,0.132058615573065,0.391400980906969,0.713563582837615
"gene-LOC134681253|LOC134681253",139.505510072963,0.0308173264224484,0.126919902101889,0.741542519854476,0.905785755552463
"gene-LOC134681254|LOC134681254",8.50178288242754,0.0458000715599151,0.167245054001524,0.575140473193019,0.820634111389297
"gene-LOC134681258|LOC134681258",30.92827281625,0.316107664351656,0.492276699888093,0.0232228473362599,0.1821908452675
"gene-LOC134681260|LOC134681260",22.4096890238938,0.0427251524044453,0.17055797677434,0.582093864787539,0.823352005505491
"gene-LOC134681274|LOC134681274",11.2751616955593,-0.0316249458554822,0.169326652256584,0.671096008110128,0.874285257527977
"gene-LOC134681276|LOC134681276",76.672297771599,-0.149616011211086,0.131437080234936,0.132979621155236,0.421077112913551
"gene-LOC134681287|LOC134681287",26.5267275976427,-0.794351200237008,0.253602006128042,0.000100519034157849,0.00741607096453461
"gene-LOC134681290|LOC134681290",21.5856271220287,-0.154599439284849,0.178543459434051,0.151818429876606,0.451867078980738
"gene-LOC134681291|LOC134681291",131.979983007895,-0.00290648587207697,0.107540620433478,0.972840935276423,0.991575522084705
"gene-LOC134681293|LOC134681293",15.2193476069361,-0.0380836745743949,0.166313956118147,0.634345474998445,0.856400507590126
"gene-LOC134681301|LOC134681301",9.11498966363325,-0.0873592056853124,0.183552545165686,0.304663113986134,0.64038811285791
"gene-LOC134681314|LOC134681314",42.6789537328362,-0.00625703551901901,0.155571341415691,0.941233372993687,0.98253087842588
"gene-LOC134681316|LOC134681316",7.43022260541703,-0.00470275189439199,0.180676927683791,0.911453825177725,NA
"gene-LOC134681328|LOC134681328",34.8659212153854,0.143293922828048,0.215353795839146,0.141656644756692,0.436953035259127
"gene-LOC134681330|LOC134681330",17.5366247355336,0.0557271126583011,0.177434968135179,0.457021519390139,0.759328963147013
"gene-LOC134681335|LOC134681335",142.265162153135,-0.0470388914342694,0.125391461594298,0.614197445823583,0.84638775868642
"gene-LOC134681337|LOC134681337",56.3670158653699,0.0492926222770981,0.125550022550945,0.599304968093844,0.835367077663633
"gene-LOC134681342|LOC134681342",48.7580070623521,-0.0828007019739326,0.140612579977567,0.394303159267903,0.71588125162634
"gene-LOC134681343|LOC134681343",51.9264559357824,-0.0643069725724493,0.148493193831694,0.499658051179553,0.777648072835171
"gene-LOC134681344|LOC134681344",13.4216017060379,0.0270245399398729,0.181725060503845,0.582117984177212,0.823352005505491
"gene-LOC134681346|LOC134681346",25.3068395371081,-0.0500998841459995,0.191035828554796,0.226130036521388,0.561595983254748
"gene-LOC134681347|LOC134681347",7.65041306241454,-0.053091685893288,0.189237876839663,0.295667737013081,NA
"gene-LOC134681352|LOC134681352",20.2373728903292,-0.0953031545503728,0.197590111432572,0.21907032025826,0.55176392738795
"gene-LOC134681355|LOC134681355",9.66618619468244,-0.051985103764587,0.180849610143038,0.440132544780502,0.747785091201858
"gene-LOC134681356|LOC134681356",24.0457983935523,0.0382708037599475,0.13748503923746,0.682646597158227,0.880511724932235
"gene-LOC134681360|LOC134681360",33.3413641755054,0.0447313731354589,0.16213324541601,0.603361777311512,0.837346460475639
"gene-LOC134681367|LOC134681367",70.427545657269,0.0696885104674096,0.117780038039989,0.450660862300752,0.754626803436734
"gene-LOC134681368|LOC134681368",65.0369182303685,0.0123801019325363,0.111585896848551,0.890510264129742,0.966192374292837
"gene-LOC134681371|LOC134681371",61.0552529495018,-0.0793163191367735,0.141907715796724,0.413806685994601,0.730673063606098
"gene-LOC134681379|LOC134681379",33.1509101660747,0.0328461850896801,0.138221404253892,0.726006089150321,0.901061762982828
"gene-LOC134681391|LOC134681391",32.0635657548256,0.178932530427235,0.165102544351605,0.106075966919089,0.379940634494197
"gene-LOC134681395|LOC134681395",161.030907639107,0.0188578580459167,0.147689046382047,0.838938330687117,0.94707747408349
"gene-LOC134681401|LOC134681401",27.3905643079846,0.170408370425602,0.180341409319312,0.124074339063883,0.403669920945479
"gene-LOC134681402|LOC134681402",24.1376494972875,-0.0127776509020637,0.14516085598626,0.887079575695399,0.965550682610003
"gene-LOC134681403|LOC134681403",18.6400005591662,0.0751337290952567,0.187871363980887,0.308337096704795,0.643857963614526
"gene-LOC134681405|LOC134681405",12.6087868901659,-0.000244470040433279,0.156983664978894,0.996866541312732,0.998656613214738
"gene-LOC134681407|LOC134681407",10.6209681168664,-0.0579589183480268,0.162564181593363,0.512702342874772,0.785562809388994
"gene-LOC134681409|LOC134681409",33.8869353579259,0.128969615989629,0.176343382076806,0.210125430666727,0.540978549732033
"gene-LOC134681413|LOC134681413",11.1897346988972,1.06725885009987,0.370425315798705,0.000189621172627803,0.0109293271487293
"gene-LOC134681421|LOC134681421",43.1329397149725,0.0857428199252988,0.119983576688106,0.35915795175259,0.688644047661838
"gene-LOC134681427|LOC134681427",10.4364808773962,0.0333481005982312,0.184485289792756,0.458314555503709,0.759544727242592
"gene-LOC134681429|LOC134681429",43.1710752733228,0.111274261265017,0.132686290780967,0.257694420013087,0.592632255596848
"gene-LOC134681430|LOC134681430",31.1147857978309,0.17364682962741,0.169734992661551,0.115270189610558,0.390507172966379
"gene-LOC134681432|LOC134681432",35.9254720565499,-0.0562723791763464,0.141335711926298,0.553119341148365,0.810968809659803
"gene-LOC134681433|LOC134681433",46.0817771901796,-0.0658740138283775,0.180776899437106,0.385662753398634,0.709715972786821
"gene-LOC134681436|LOC134681436",24.7799601575475,0.0260175865967463,0.166634091585687,0.735771864772975,0.904191610246111
"gene-LOC134681450|LOC134681450",53.216673345148,0.0801579151952638,0.121137007216042,0.392765626462304,0.715133510128769
"gene-LOC134681478|LOC134681478",51.4584381202688,0.0916209754115916,0.132485020044618,0.344233022880994,0.676667936943662
"gene-LOC134681496|LOC134681496",15.9004356697292,-0.0497732363825228,0.158750295496667,0.574214342808484,0.820634111389297
"gene-LOC134681505|LOC134681505",23.0438936726555,-0.0248379543714907,0.172368897110726,0.716233524072801,0.897160554132699
"gene-LOC134681561|LOC134681561",94.9220908574892,0.0186743244798238,0.186345800391226,0.362188307525017,0.690891459431372
"gene-LOC134681590|LOC134681590",5.88900959343178,-0.000569230607060263,0.182168997921085,0.98583002927531,NA
"gene-LOC134681627|LOC134681627",18.9605739664194,0.0626529061547702,0.165105805723629,0.480715225949756,0.768475292394854
"gene-LOC134681663|LOC134681663",46.8407669249075,0.0868463193181285,0.190912335401423,0.269379513767254,0.604098240268967
"gene-LOC134681684|LOC134681684",7.71877591399143,0.00827355892090415,0.182084187274916,0.83057629023959,NA
"gene-LOC134681698|LOC134681698",52.1612144130844,0.397412475517348,0.284414365975044,0.0142713774315936,0.142390246715563
"gene-LOC134681724|LOC134681724",95.4667886351643,0.0736659510877716,0.101634531958762,0.389527960776283,0.711811915313978
"gene-LOC134681726|LOC134681726",888.93410012361,0.0265814560141967,0.184478723756732,0.00279950827736796,0.0542376882172296
"gene-LOC134681727|LOC134681727",802.24551691279,0.0184605821978437,0.183296554464776,0.00506584933522096,0.0767313580054311
"gene-LOC134681729|LOC134681729",1610.34705992651,0.146698307277159,0.181536022292538,0.169322682858684,0.48061176284473
"gene-LOC134681730|LOC134681730",975.667285279839,0.10108438881557,0.180108750134868,0.281803644757685,0.617179556614731
"gene-LOC134681731|LOC134681731",139.788738497603,0.0109999448673876,0.182335659182125,0.777403625781007,0.921628969762128
"gene-LOC134681735|LOC134681735",8.88971463908973,0.126748660334853,0.228783469016495,0.0966521216436469,0.366420689241297
"gene-LOC134681737|LOC134681737",66.1474621269835,-0.40403216543633,0.476691224560106,0.0165879450407288,0.153809765847285
"gene-LOC134681795|LOC134681795",16.5371407460818,0.0843781245163251,0.198462045608594,0.205938077398822,0.536246601540462
"gene-LOC134681796|LOC134681796",45.779924909198,-0.0102928699283521,0.182280239713045,0.78316128096526,0.924403683931846
"gene-LOC134681840|LOC134681840",10.1270364517631,0.049727541550186,0.169380476688062,0.541725973564886,0.803977469425458
"gene-LOC134681874|LOC134681874",140.163795664498,0.00724231252476551,0.184132868551141,0.801024071486222,0.929564635865168
"gene-LOC134681875|LOC134681875",7.07914739069786,-0.01415120417132,0.185258121105239,0.547815687660291,NA
"gene-LOC134681880|LOC134681880",20.71544871599,-0.0768140509775759,0.189232266597382,0.291083936247031,0.626606858340205
"gene-LOC134681930|LOC134681930",9.95097501622493,0.028037227650236,0.177430979106854,0.644177347508857,0.862587165029007
"gene-LOC134681971|LOC134681971",69.4636930860416,0.0896132728252612,0.173464226154343,0.33360625572022,0.667657426809053
"gene-LOC134681976|LOC134681976",19.962521089711,0.31409838574105,0.262855304745434,0.0288369681475815,0.204245113808884
"gene-LOC134682011|LOC134682011",447.595649390029,-0.102703377928123,0.215705781293193,0.0983345806468201,0.368704197661383
"gene-LOC134682024|LOC134682024",83.1509475429536,-0.00602692006629846,0.179241557277559,0.898250538175602,0.968718523675564
"gene-LOC134682025|LOC134682025",48.4541441117558,0.030343233265374,0.171769795460002,0.671075185520534,0.874285257527977
"gene-LOC134682031|LOC134682031",11.197708751533,0.0806907953378014,0.177525524901069,0.350930125104347,0.68310349960589
"gene-LOC134682044|LOC134682044",10.2157718115555,0.74551246648496,0.39742134203475,0.00268321606218711,0.0522618936485724
"gene-LOC134682079|LOC134682079",52.9663771829428,-0.654601883934058,0.28763766308443,0.00126128416141638,0.0342898692905793
"gene-LOC134682110|LOC134682110",263.182550730229,-0.0132133379065466,0.16929916810455,0.849213261967036,0.949567149848377
"gene-LOC134682112|LOC134682112",198.649592976157,0.102682726068788,0.212118437623392,0.130307232273402,0.415980779949707
"gene-LOC134682149|LOC134682149",11.3217509495031,0.0262421193800098,0.186509379270356,0.363242414153119,0.691787323120926
"gene-LOC134682152|LOC134682152",1437.67020798258,0.351510672814778,0.469914131149982,0.0223647314987266,0.179903082452312
"gene-LOC134682178|LOC134682178",30.4819567983389,-0.0707900145841876,0.145503974910945,0.461515419295123,0.760652977325952
"gene-LOC134682204|LOC134682204",24.0505401525312,0.035563794981312,0.148396766899926,0.698520205979291,0.887122213446823
"gene-LOC134682220|LOC134682220",12.598159057051,0.400268240950665,0.326587281760184,0.0163790250437241,0.152787227227792
"gene-LOC134682252|LOC134682252",47.4466500535754,0.0284732862315246,0.122473855238082,0.758711429370085,0.913833878347383
"gene-LOC134682314|LOC134682314",18.6195837793801,0.0921570588489883,0.145521062012577,0.350342189158926,0.68310349960589
"gene-LOC134682382|LOC134682382",27.762640642228,-0.538287665842261,0.326245005071068,0.00561095651033828,0.0813143379990293
"gene-LOC134682520|LOC134682520",60.9408078257398,0.179410935687617,0.147441452244037,0.0924028379423121,0.358756101067796
"gene-LOC134682546|LOC134682546",15.8367690690732,0.851048896614765,0.324215620702337,0.000438896877756826,0.0179089541627701
"gene-LOC134682572|LOC134682572",13.4912028037151,0.86472611492146,0.320049485202483,0.000347014336612756,0.0152252236789402
"gene-LOC134682599|LOC134682599",42.8508212524907,0.286429517740189,0.169664210914374,0.0187609349241434,0.164107627168795
"gene-LOC134682645|LOC134682645",13.4543702985578,0.157083264849757,0.281012233893317,0.021327723330151,0.175954596236408
"gene-LOC134682677|LOC134682677",30.9873199947127,-0.0112163903561475,0.123870872810854,0.902851099334526,0.970481888085266
"gene-LOC134682853|LOC134682853",123.213554359321,0.423971333538913,0.211447678197725,0.00481886362773776,0.0742552319345919
"gene-LOC134682895|LOC134682895",19.1845025248965,0.0654833624427695,0.163794060665701,0.467831538925551,0.762979127039266
"gene-LOC134682898|LOC134682898",46.5558772231035,-0.448596006524633,0.417028566369358,0.0133350464191341,0.137569461928468
"gene-LOC134682899|LOC134682899",88.3920713689393,0.318714801748694,0.151041839319641,0.00680430848331277,0.0927213976905158
"gene-LOC134682900|LOC134682900",6.70473535458406,-0.0249185456752767,0.184889873435453,0.482761868911682,NA
"gene-LOC134682903|LOC134682903",17.6609401588884,-0.00517141669243985,0.18511540571596,0.779262440266387,0.922485067051166
"gene-LOC134682905|LOC134682905",344.66711961456,0.0272272955576045,0.125472987556939,0.771338913906739,0.918362331555817
"gene-LOC134682908|LOC134682908",22.1396365721316,0.0800269355045737,0.181861511988082,0.336197989946228,0.669098124950205
"gene-LOC134682910|LOC134682910",9.31069824337858,0.0454411593668596,0.166000855956964,0.583564081159978,0.824439467851543
"gene-LOC134682912|LOC134682912",7.86704134930431,-0.294511977115866,0.376091594912626,0.0308245444854878,NA
"gene-LOC134682914|LOC134682914",15.2033564123168,-0.0750187323367284,0.186685544408847,0.314595737846121,0.65086669384203
"gene-LOC134682920|LOC134682920",54.9413431723084,0.459161841104369,0.299420754448905,0.00909753144534284,0.109820855267527
"gene-LOC134682928|LOC134682928",25.2147680727339,0.569911733395899,0.48949419641417,0.00921243373978786,0.109947085025181
"gene-LOC134682931|LOC134682931",50.0298023170079,0.32270228873647,0.19682694419714,0.016058018238852,0.150561957916014
"gene-LOC134682932|LOC134682932",12.1747518598076,-0.0122149969424239,0.165338911336656,0.872437293392628,0.959014358574425
"gene-LOC134682935|LOC134682935",20.3141031613162,-0.296758836122736,0.264081660813747,0.0331594197104276,0.219778948788533
"gene-LOC134682936|LOC134682936",14.107167851186,-0.238675712830154,0.316213882637621,0.0461990898110856,0.261410548712399
"gene-LOC134682937|LOC134682937",21.9364032862074,0.0204887280355231,0.152442969047027,0.817852981733363,0.938359751583488
"gene-LOC134682938|LOC134682938",35.0931569456504,-0.0932301075559614,0.208516349054737,0.126257664733911,0.408227526877594
"gene-LOC134682951|LOC134682951",46.0595011031109,0.0864695431820713,0.142468111248398,0.378177366126875,0.703552925063684
"gene-LOC134682955|LOC134682955",416.271479529146,0.140576793994861,0.170905703596145,0.184193042024445,0.505162420955789
"gene-LOC134682957|LOC134682957",6.89340898013301,-0.0113071309153198,0.185204890208805,0.602915335760322,NA
"gene-LOC134682960|LOC134682960",21.9893106729498,0.806863358346944,0.311629753239476,0.000494561981952804,0.0193170091774507
"gene-LOC134682961|LOC134682961",39.7553678428354,-0.0604788355230224,0.161199334168447,0.50083157651724,0.778479215765465
"gene-LOC134682970|LOC134682970",127.604363975872,-0.0671711484428453,0.111371307496868,0.453603283523094,0.757057892173282
"gene-LOC134682971|LOC134682971",196.818916624614,0.258576212295269,0.102446346812206,0.00365730048912935,0.0624133709640205
"gene-LOC134682976|LOC134682976",36.2089119365037,-0.0714675356398868,0.16263161836784,0.435927556441635,0.744518677890383
"gene-LOC134682985|LOC134682985",44.1785417243159,0.0613420964691184,0.126975664428845,0.515676251400282,0.78731173499742
"gene-LOC134682986|LOC134682986",61.734550296872,-0.201910278296642,0.169322044006146,0.0751256253838727,0.329560100783067
"gene-LOC134682990|LOC134682990",8.35133131427207,-0.248801508576092,0.526785887167608,0.00726765182698729,0.0956449170167841
"gene-LOC134682991|LOC134682991",17.5023759343173,-0.0474336267904619,0.187831078328464,0.324529017633137,0.660819611037756
"gene-LOC134682992|LOC134682992",27.6858419612278,-0.0528215709114941,0.168540325991701,0.522764495919998,0.793351473304905
"gene-LOC134682997|LOC134682997",24.6221037027405,0.237808225666794,0.331905347122198,0.0427336528049539,0.253190666285736
"gene-LOC134683005|LOC134683005",38.4519653421769,0.0881555893968453,0.145318234892973,0.370083262786013,0.698232694300389
"gene-LOC134683007|LOC134683007",11.6693788429497,-0.0504869985347166,0.173627496078224,0.510575994737914,0.784619510158629
"gene-LOC134683012|LOC134683012",18.0793483958381,0.0238447731733958,0.143371705826259,0.796189267023017,0.928130564935971
"gene-LOC134683013|LOC134683013",109.053254836916,-0.854145853888987,0.378025476518914,0.000949417054621871,0.0295086900721623
"gene-LOC134683016|LOC134683016",1304.25850299332,-0.034251167307225,0.0774474734115317,0.625767804802349,0.852041103684068
"gene-LOC134683025|LOC134683025",13.6898738677257,-0.0769565255984887,0.169587870855494,0.393410522066476,0.715133510128769
"gene-LOC134683027|LOC134683027",52.7399269183622,0.0388295516471364,0.123412733425789,0.676683979320053,0.876951700666017
"gene-LOC134683028|LOC134683028",12.3781879165459,0.860781716502421,0.320663622066196,0.000389294937215622,0.0165314547757146
"gene-LOC134683029|LOC134683029",8.61448786445661,-0.0135362547346067,0.162855723907039,0.864054406094179,0.954382077635501
"gene-LOC134683030|LOC134683030",114.658687053462,-0.117949804046216,0.12460316458329,0.218886104400595,0.55176392738795
"gene-LOC134683033|LOC134683033",15.5972033409392,-0.0186622584063609,0.175845354685257,0.755267289565067,0.911964338400273
"gene-LOC134683034|LOC134683034",16.1866232517973,-0.0973869082290691,0.187870984776396,0.262094907881844,0.597969519261434
"gene-LOC134683039|LOC134683039",24.7861285158685,0.00245338064044557,0.17202142236851,0.971833909281275,0.99111348081943
"gene-LOC134683040|LOC134683040",44.6099439541484,0.120878178506358,0.121413670753834,0.203501709597671,0.532969850931619
"gene-LOC134683041|LOC134683041",19.3722123766034,0.0316834334883975,0.180413985449367,0.569271205742019,0.817946493625246
"gene-LOC134683044|LOC134683044",33.6359546079805,0.0118997230694893,0.150960990647979,0.893589951591724,0.967145830285884
"gene-LOC134683046|LOC134683046",76.4986589686363,0.000882860923560247,0.116493280781216,0.990696551704292,0.995733655622312
"gene-LOC134683047|LOC134683047",38.5669706210559,0.166842834499864,0.169483933574926,0.127824212190022,0.411652577529067
"gene-LOC134683053|LOC134683053",48.0989037306441,-0.0382183202163755,0.163959398291782,0.64187473035976,0.861494492934158
"gene-LOC134683062|LOC134683062",10.4076408471325,0.00901538726587127,0.149686293240259,0.920109357433015,0.975962641111058
"gene-LOC134683064|LOC134683064",91.2882371224716,-0.100684244375736,0.103891838519882,0.245357759893323,0.583684132857744
"gene-LOC134683065|LOC134683065",49.9047226642002,-0.304786085252887,0.291430876314642,0.0312794319850282,0.21292168799501
"gene-LOC134683070|LOC134683070",46.4711496481689,-0.13093872822908,0.1997812955449,0.176471102453826,0.491469867941464
"gene-LOC134683073|LOC134683073",32.9682203021776,-0.204150812012174,0.216082342491058,0.0820378768002101,0.342202283132397
"gene-LOC134683075|LOC134683075",9.62599201806834,0.166416000040265,0.218087627195179,0.118878680277643,0.394497901293914
"gene-LOC134683076|LOC134683076",14.351126748731,-0.0113657632144487,0.158439728463429,0.890714458200088,0.966252547555835
"gene-LOC134683077|LOC134683077",30.3709467067203,-0.0455886159690112,0.184981376933874,0.396077920560298,0.717351105545702
"gene-LOC134683080|LOC134683080",17.296263877868,0.0267055185473605,0.182297560153343,0.571823940153803,0.819262859726045
"gene-LOC134683087|LOC134683087",14.6603630521647,-0.0214080531930473,0.148817788527269,0.811665700298723,0.935302339935327
"gene-LOC134683090|LOC134683090",8.3641314668178,-0.084073055906821,0.209499861697179,0.056071334092364,0.286796235441615
"gene-LOC134683093|LOC134683093",18.0282669248022,0.0986666559023993,0.180098818840061,0.292503989727834,0.628182634805087
"gene-LOC134683096|LOC134683096",92.906824422529,0.0455508120490378,0.147317393861091,0.62268287032149,0.850425520723292
"gene-LOC134683097|LOC134683097",11.6992816354677,-0.00496081608327791,0.182947684986214,0.879192118657982,0.96225707753286
"gene-LOC134683115|LOC134683115",39.2244688068995,-0.0147851701919033,0.120325619864337,0.871600308999869,0.958767462736132
"gene-LOC134683119|LOC134683119",11.9319350703149,0.00222561187702786,0.176639015496233,0.969568761636414,0.990571682794176
"gene-LOC134683121|LOC134683121",19.0732028861158,0.337875831777485,0.200487857403566,0.0135219572858818,0.138003664617467
"gene-LOC134683122|LOC134683122",15.5435405721768,0.0460344623787207,0.164224856513819,0.587486562158389,0.82733006849527
"gene-LOC134683137|LOC134683137",63.5335051980076,0.131198310164761,0.142825933634923,0.198171904755267,0.525198690976949
"gene-LOC134683138|LOC134683138",8.50565191786223,0.0724664626886913,0.179972955988424,0.370473281306388,0.698232694300389
"gene-LOC134683141|LOC134683141",104.547752141686,-0.0626834191608925,0.0967573268901947,0.44822024980157,0.753117254324976
"gene-LOC134683142|LOC134683142",29.8163237054096,-0.013695569457872,0.156515215935657,0.871177809121547,0.958767462736132
"gene-LOC134683156|LOC134683156",51.5280864315744,-0.0224330629317055,0.151396082458777,0.799766117430826,0.929028186366712
"gene-LOC134683157|LOC134683157",80.5194163271077,-0.113444190691848,0.122158293150536,0.231800018076763,0.568524960387063
"gene-LOC134683162|LOC134683162",98.3443521104235,0.977179099809122,0.284704176576844,3.20592753378815e-05,0.00337470784509543
"gene-LOC134683163|LOC134683163",24.5815706398057,-0.0257518804746938,0.130604732531747,0.781757075149162,0.92385639025449
"gene-LOC134683164|LOC134683164",13.0932508365658,0.0766260073268666,0.158642703419703,0.419229519309984,0.732373214312395
"gene-LOC134683165|LOC134683165",174.559396272556,-0.833980981137624,0.247887719943611,4.0863438249478e-05,0.00397955403965583
"gene-LOC134683168|LOC134683168",10.6931363437331,-0.0326461245662675,0.164794355327652,0.684767253832151,0.881738598006672
"gene-LOC134683169|LOC134683169",120.26780319785,0.00908371525972845,0.0912477823047959,0.901996479797867,0.970134337865354
"gene-LOC134683170|LOC134683170",8.35456899210686,-0.266158928493273,0.427524630055949,0.0252676516393065,0.190959403828814
"gene-LOC134683178|LOC134683178",11.2908266290198,-0.0393587903147458,0.172394583110545,0.591845640741702,0.829713415244029
"gene-LOC134683182|LOC134683182",49.7922582005407,-0.189707801007619,0.213128598019264,0.0960661616797196,0.365631292545164
"gene-LOC134683186|LOC134683186",360.200387119838,0.207169170003635,0.135953755127198,0.0472939975775276,0.263691113210887
"gene-LOC134683187|LOC134683187",21.6043872427982,-0.0300761719496302,0.167548448286873,0.69544178316294,0.885429430712772
"gene-LOC134683189|LOC134683189",7.51688121076863,0.0240717018554376,0.180895393191493,0.628517880039376,NA
"gene-LOC134683196|LOC134683196",10.9907978604325,0.00887612029403748,0.171533536194134,0.895458420631841,0.967916535971467
"gene-LOC134683201|LOC134683201",10.4830826982934,0.0569977555577201,0.189363846387031,0.300540299349211,0.636458784124859
"gene-LOC134683202|LOC134683202",25.1037596520858,3.81527550447779,1.13236602469473,3.11061888622946e-05,0.00334117063897352
"gene-LOC134683207|LOC134683207",19.296818188362,0.126164734649498,0.16136916632645,0.221920843214375,0.555955503884862
"gene-LOC134683210|LOC134683210",25.5122658584154,1.16573181737581,0.409055645594699,0.000184752172463048,0.0108824989328234
"gene-LOC134683219|LOC134683219",13.6071858626061,-0.935665955689362,0.430567343248788,0.00111961904983065,0.0318555036891481
"gene-LOC134683222|LOC134683222",21.7528693969915,0.193514852439047,0.240754689138866,0.0857727302388117,0.348363479737245
"gene-LOC134683225|LOC134683225",390.731266204238,0.164628708105098,0.115725640748042,0.0811439187130429,0.341376353588327
"gene-LOC134683226|LOC134683226",263.122946073011,0.0410686093976567,0.18954784611478,0.233586578466377,0.570040981693848
"gene-LOC134683232|LOC134683232",17.9154281635105,0.281233859533482,0.362653856747821,0.0346805632272108,0.224961664131037
"gene-LOC134683234|LOC134683234",5.95783857329188,-0.00798820221101388,0.184069141871271,0.773365381273151,NA
"gene-LOC134683237|LOC134683237",6.86607326972966,-0.0317975566563565,0.188399518497512,0.206875026511521,NA
"gene-LOC134683239|LOC134683239",60.8819329682223,-0.19989439230468,0.355304783193435,0.0143868373962915,0.142390246715563
"gene-LOC134683240|LOC134683240",63.3800206232728,-0.235857291314129,0.469876848951024,0.00827935829138915,0.103998377623544
"gene-LOC134683241|LOC134683241",11.0681494339151,-0.0448614010419601,0.193076162502971,0.0415810058809522,0.249349480258189
"gene-LOC134683242|LOC134683242",146.810348495382,-0.162577229687377,0.295062444972435,0.0115094435286053,0.125283122999901
"gene-LOC134683247|LOC134683247",688.488474463595,0.203298467725404,0.107850980376576,0.0251606347043316,0.190499724296379
"gene-LOC134683250|LOC134683250",24.8585547786243,0.00292073305666053,0.175633837850631,0.961612178416534,0.987888161259382
"gene-LOC134683257|LOC134683257",20.7961824351288,0.0150270353791443,0.167307663310411,0.840367712648924,0.94707747408349
"gene-LOC134683258|LOC134683258",649.295200042372,0.0292310346520098,0.119205018122422,0.751711528103155,0.910103639544865
"gene-LOC134683261|LOC134683261",34.1566519709787,-0.355859229658462,0.226488108910587,0.0139355716248857,0.14000744862196
"gene-LOC134683262|LOC134683262",7.40817857709447,0.292595966650104,0.65510514794833,0.0124295226096244,NA
"gene-LOC134683263|LOC134683263",7.21391726826784,-0.0984514456241967,0.216644933592925,0.0687290046435606,NA
"gene-LOC134683264|LOC134683264",124.612272058143,0.0739443838689421,0.174418809918398,0.391025409624423,0.713363405618116
"gene-LOC134683266|LOC134683266",26.4884518147716,-0.0246776581782403,0.127473847222393,0.790200974868682,0.926871353852715
"gene-LOC134683269|LOC134683269",26.3314078733184,-0.0360562673840402,0.17188732601161,0.620858466563251,0.84979396141643
"gene-LOC134683279|LOC134683279",16.3325413296883,-0.0351243423829216,0.148408692622823,0.699925893632872,0.887853200259551
"gene-LOC134683281|LOC134683281",13.3372551419912,0.0144270924567662,0.179762275402493,0.769151686486662,0.917374979983037
"gene-LOC134683286|LOC134683286",9.02807804355576,-0.0768902423564855,0.194011199373807,0.243375287006009,0.582413124977151
"gene-LOC134683293|LOC134683293",29.449399083061,-0.0264165141986186,0.173312233579189,0.694670114995786,0.885429430712772
"gene-LOC134683295|LOC134683295",22.8573932158436,0.201931225260989,0.183446461054127,0.0819021516044184,0.342202283132397
"gene-LOC134683298|LOC134683298",24.2507110052987,0.00149549009675623,0.149030957638761,0.987524544217863,0.994257256425384
"gene-LOC134683300|LOC134683300",67.2763584699176,-0.213759805483228,0.158157204605013,0.0561940443563926,0.287021888097267
"gene-LOC134683308|LOC134683308",45.2054344654987,0.030748680720676,0.175164247873981,0.642763858980832,0.862054209694454
"gene-LOC134683316|LOC134683316",148.213200919721,0.0378985861859253,0.141826428913443,0.686067742894916,0.881738598006672
"gene-LOC134683320|LOC134683320",44.7966713707098,-0.0407619913532981,0.122148172298609,0.659303212977313,0.869861030994634
"gene-LOC134683322|LOC134683322",17.6280476979648,0.196296863796389,0.206555255114634,0.0916402592632568,0.357287531360656
"gene-LOC134683324|LOC134683324",47.8913428232876,-0.637525480002133,0.243403420574301,0.000564333243368141,0.0208176263109136
"gene-LOC134683326|LOC134683326",17.4783227552418,-0.0224335642321476,0.144114041272431,0.80590671146388,0.931678160894616
"gene-LOC134683329|LOC134683329",7.39104158210855,0.0351338762610459,0.166883316670764,0.656999336304119,NA
"gene-LOC134683330|LOC134683330",10.6076544627539,-0.0794244233651848,0.170037824149938,0.380625381545839,0.704597669686427
"gene-LOC134683334|LOC134683334",14.2239698715833,0.0567140397970129,0.180873137308604,0.422416488067206,0.734252743656086
"gene-LOC134683337|LOC134683337",11.3192926002765,-0.0466426424975134,0.165058164173344,0.577270360624589,0.822227518331123
"gene-LOC134683339|LOC134683339",19.8582261568524,-0.0856474508531545,0.142265829493184,0.379787266645869,0.704597669686427
"gene-LOC134683344|LOC134683344",141.169488488957,0.0389607385305783,0.145327174279093,0.675748588827022,0.876268037250577
"gene-LOC134683351|LOC134683351",133.263395346876,0.190193042945583,0.12086016309695,0.0503656087907754,0.27169158538244
"gene-LOC134683353|LOC134683353",14.6649626569614,0.135083051982447,0.200641559045989,0.172330732500732,0.483602529346774
"gene-LOC134683355|LOC134683355",19.303394349768,-0.157483285689048,0.171438312681582,0.145035128950361,0.442570217279314
"gene-LOC134683360|LOC134683360",45.2323521560087,-0.242879151797112,0.142418927958509,0.0258721825672045,0.193221289847507
"gene-LOC134683362|LOC134683362",9.16603864704755,-0.111457675677246,0.197839101607283,0.206810164390196,0.537240553322642
"gene-LOC134683370|LOC134683370",9.53186324026521,0.103294369891775,0.210658888451149,0.140370188377029,0.434676300169632
"gene-LOC134683373|LOC134683373",23.2543311596423,-0.0394163804628259,0.180694261721048,0.506480758763689,0.782332579068189
"gene-LOC134683378|LOC134683378",9.74241654652562,0.0288502027694496,0.165856496888435,0.715669357493077,0.896765995390194
"gene-LOC134683379|LOC134683379",32.8995046357001,-0.394393850000376,0.252387794962175,0.0114670097264729,0.1251943782394
"gene-LOC134683381|LOC134683381",176.401922560452,-0.35194009975679,0.266478093485904,0.0189009324617778,0.164458399422736
"gene-LOC134683382|LOC134683382",13.7531352851025,-0.413287968238,0.436195633752974,0.0167977426329301,0.154072825277708
"gene-LOC134683383|LOC134683383",10.9896093189451,-0.0185929798716461,0.169974691305953,0.792774685198187,0.927763996462669
"gene-LOC134683384|LOC134683384",7.76978770250896,0.0070313595957729,0.178119219924759,0.89391903290814,NA
"gene-LOC134683385|LOC134683385",31.9854466715973,-0.0516082955491155,0.175338267309894,0.489825158946987,0.773849716079487
"gene-LOC134683387|LOC134683387",11.2794561016055,0.0567464165828969,0.188904437816872,0.307901356973898,0.643454798261771
"gene-LOC134683388|LOC134683388",6.79760386322092,0.0263439284346588,0.184520153029502,0.495719829376502,NA
"gene-LOC134683389|LOC134683389",32.3969785059979,-0.0392101111871794,0.139537081947607,0.674619403908709,0.875674449289001
"gene-LOC134683390|LOC134683390",244.71289408281,0.0123988811619002,0.177510059580489,0.82393163204424,0.941539895714397
"gene-LOC134683391|LOC134683391",176.864802417646,-0.0388464910751237,0.18109217078643,0.503198819295232,0.780309868242846
"gene-LOC134683394|LOC134683394",533.793693869462,0.115878998855989,0.225258800314164,0.0857476032263754,0.348363479737245
"gene-LOC134683395|LOC134683395",37.0967072394911,0.0159824892303608,0.183111546376806,0.669503176858406,0.874285257527977
"gene-LOC134683396|LOC134683396",23.7289203810718,0.0428665464055183,0.190880077107731,0.166570173611603,0.475431241914478
"gene-LOC134683398|LOC134683398",10.7483581475735,-0.07444477931263,0.177616085231615,0.372261133898278,0.698972219840205
"gene-LOC134683400|LOC134683400",18.6620214678955,0.0948638631807461,0.163029919517497,0.33135368883054,0.666256660814621
"gene-LOC134683404|LOC134683404",57.1743170711117,-0.0346314026863444,0.131009103392042,0.711155748786132,0.894024369902565
"gene-LOC134683410|LOC134683410",650.938369243496,0.0902459232281833,0.103401353665546,0.296952825595998,0.632493649518168
"gene-LOC134683411|LOC134683411",20.1369362961443,-0.271647097963785,0.283366208558158,0.0417236265539695,0.249589982268791
"gene-LOC134683435|LOC134683435",23.0436454108884,0.332594933809452,0.243578840392675,0.0215110879012826,0.176337806993231
"gene-LOC134683452|LOC134683452",37.2642339767019,-0.867823274280309,0.274165195444304,7.79624904465843e-05,0.00612298957227798
"gene-LOC134683457|LOC134683457",14.1033368775768,-0.107074730166829,0.185384582141013,0.247409029407758,0.585394060688682
"gene-LOC134683459|LOC134683459",354.720490598913,0.3349858164027,0.215907474598442,0.0168121634373403,0.154072825277708
"gene-LOC134683463|LOC134683463",15.4157678533886,0.164385329104352,0.219677970900609,0.119261594982146,0.394872199013448
"gene-LOC134683471|LOC134683471",84.6572103672646,-0.0303641471663586,0.164178995433166,0.704511411927388,0.89026840012416
"gene-LOC134683475|LOC134683475",15.1123464560583,0.0679780886284401,0.160997409244136,0.46101404690676,0.760652977325952
"gene-LOC134683486|LOC134683486",9.87463114330026,-0.0682962550841009,0.202070442846689,0.0431751931027555,0.253909395889724
"gene-LOC134683513|LOC134683513",101.166549357763,0.0238666553590895,0.151382560521087,0.788945205719157,0.926588805687848
"gene-LOC134683530|LOC134683530",49.5803592157414,0.0920950956687063,0.181106951247663,0.303180825834974,0.639270424913006
"gene-LOC134683534|LOC134683534",1282.60876763004,0.054165831485831,0.167736625321692,0.512155060191645,0.785310813099577
"gene-LOC134683549|LOC134683549",47.1618253166168,2.99494845036734,0.495257285850054,8.48826454967340e-11,7.74978553385182e-08
"gene-LOC134683560|LOC134683560",3095.81169530921,-0.000352557283857795,0.182590825843477,0.984266361189265,0.993633382232724
"gene-LOC134683568|LOC134683568",109.640730917258,0.0761561761079121,0.116835760900476,0.408978338696625,0.725571480650996
"gene-LOC134683599|LOC134683599",136.222475370882,0.11062447871873,0.105887681205852,0.209020115440645,0.539979416274957
"gene-LOC134683600|LOC134683600",13.0541405529691,-0.184565500647908,0.307373772862885,0.0305856288131308,0.211081756643366
"gene-LOC134683610|LOC134683610",15.4551214316846,0.0136195984786874,0.171333329283012,0.842070223108131,0.947401394060797
"gene-LOC134683634|LOC134683634",57.3328313921579,0.21110821721343,0.190423612320321,0.0742648083961459,0.326215143128044
"gene-LOC134683639|LOC134683639",22.4440854724978,0.122109897305373,0.240762657702178,0.0269074771013413,0.19760586462375
"gene-LOC134683663|LOC134683663",22.4343105002977,-0.00231938155116691,0.155256464331926,0.977286013097692,0.992091318925023
"gene-LOC134683666|LOC134683666",588.506803417488,-0.00258489264188917,0.185431472155238,0.843780517375111,0.94769256508719
"gene-LOC134683694|LOC134683694",11.8748935928684,-0.0411435914232572,0.154711929788367,0.645257465543775,0.862705569894148
"gene-LOC134683698|LOC134683698",14.635521051679,-0.000721126386026852,0.184714221710982,0.968531485592288,0.990498216692925
"gene-LOC134683743|LOC134683743",7.75242487718852,-0.0266174278139799,0.187345077924105,0.262143666959687,NA
"gene-LOC134683744|LOC134683744",31.9427213901885,-0.107446999664496,0.170045906953716,0.275772226889087,0.6118591571075
"gene-LOC134683754|LOC134683754",9.31667509975517,-0.143388632975645,0.263038934660814,0.0236199255609995,0.183487221919373
"gene-LOC134683810|LOC134683810",6.78712509926704,-0.065092041312199,0.192331334395441,0.252479766653792,NA
"gene-LOC134683821|LOC134683821",868.379455962821,-0.0196778423135812,0.0593651245278922,0.725982753152241,0.901061762982828
"gene-LOC134683827|LOC134683827",433.71458060158,0.624795398100974,0.706144368389386,0.00927158623892584,0.110472538155162
"gene-LOC134683828|LOC134683828",2243.74131096992,0.126924038965299,0.214548142989806,0.147366494321102,0.444778873769144
"gene-LOC134683830|LOC134683830",8902.39903878279,-0.0154607488881925,0.168677973743446,0.804102240435957,0.930918174693966
"gene-LOC134683831|LOC134683831",5410.35735108285,0.166156669580356,0.231038759172676,0.108142234615024,0.381019677617619
"gene-LOC134683890|LOC134683890",2465.14482305594,0.0866770779948604,0.196364455367286,0.230893095812083,0.567062263554624
"gene-LOC134683914|LOC134683914",7.22270828497043,0.0208813482461981,0.183039789834097,0.605968245942733,NA
"gene-LOC134683918|LOC134683918",12.0313898368999,0.0226806547617444,0.183948581351481,0.551505585696331,0.810665485595894
"gene-LOC134683926|LOC134683926",71.7646309072226,-0.639477433611011,0.209244342396619,0.000154610048824143,0.00981920274047414
"gene-LOC134683945|LOC134683945",8.64380035873597,-0.182348045354773,0.238574929525636,0.0929248914118709,0.359493329911178
"gene-LOC134683957|LOC134683957",12.0578483087122,-0.0303026698133055,0.152165481180519,0.73399934513422,0.904191610246111
"gene-LOC134683965|LOC134683965",7384.7576473604,0.010220669077108,0.180218061162721,0.830905539281038,0.943993476265158
"gene-LOC134683969|LOC134683969",16.5900541633164,0.0552374491467117,0.181048770848866,0.426747899097715,0.737220117078928
"gene-LOC134683980|LOC134683980",12.0852164190916,-0.111112524060956,0.196176384599962,0.213008055144647,0.544561020222786
"gene-LOC134683983|LOC134683983",10.8943550930633,-0.00120835521187314,0.182972542203015,0.967907984931462,0.990333763867984
"gene-LOC134684002|LOC134684002",40.0990614234233,-0.0534295151258576,0.112190788123472,0.55093611540985,0.810665485595894
"gene-LOC134684011|LOC134684011",11.2616415238187,0.0903279535579396,0.19564716705454,0.234734579555356,0.571881710831327
"gene-LOC134684020|LOC134684020",50.6460019511,0.091176225547186,0.120748780633668,0.331343187086304,0.666256660814621
"gene-LOC134684025|LOC134684025",859.317345576975,0.07029098875548,0.137550889111702,0.457891069621,0.759544727242592
"gene-LOC134684050|LOC134684050",60.0692406154404,0.0130080175338819,0.185940110486747,0.449277787110494,0.754200173995645
"gene-LOC134684063|LOC134684063",144.21298898202,-0.0440005187853161,0.192234768199954,0.0828079566799157,0.343457873702501
"gene-LOC134684088|LOC134684088",109.295283677164,0.654651597628784,0.571027849855957,0.0077228708299937,0.0990183720315234
"gene-LOC134684149|LOC134684149",109.763386333223,0.0279203659161512,0.187675445018875,0.246174276060208,0.584543859669622
"gene-LOC134684152|LOC134684152",598.366427414573,0.0458062748394156,0.183907005164041,0.423102872395291,0.734567682779207
"gene-LOC134684174|LOC134684174",15.4201106975818,-0.130851190578779,0.241051057177239,0.0548067156926269,0.283303787274556
"gene-LOC134684188|LOC134684188",10.2944266818941,-0.145858887999028,0.208195761037795,0.147111411101259,0.444560093787171
"gene-LOC134684197|LOC134684197",32.9511838415296,0.1372155982996,0.179343399012209,0.187388403689725,0.51013227750643
"gene-LOC134684199|LOC134684199",91.2928846541516,-0.154280916209268,0.270040913539886,0.0339421052754058,0.223136411628517
"gene-LOC134684206|LOC134684206",312.390072061646,0.0544327297948332,0.168271583010876,0.517359315878759,0.788891950559176
"gene-LOC134684209|LOC134684209",77.8857520143687,0.203990888115157,0.145145376455342,0.0581203235535757,0.291128312721651
"gene-LOC134684230|LOC134684230",544.692480731068,0.00164264368703687,0.185565863195835,0.915337858454347,0.973951058977618
"gene-LOC134684252|LOC134684252",8.3386291583211,0.0186374580133044,0.171946127044498,0.784374574007024,0.92464039518194
"gene-LOC134684255|LOC134684255",1167.67410110783,0.0960378547593731,0.0769329010376216,0.168684780531004,0.479592696379312
"gene-LOC134684256|LOC134684256",7.84445658917533,-0.00812022431312623,0.177161354811798,0.881032095585779,NA
"gene-LOC134684257|LOC134684257",43.7079829950295,-0.147102039911852,0.155905283759884,0.160892232746019,0.465616779072289
"gene-LOC134684259|LOC134684259",67.6032699911306,0.223438955673988,0.113053554473979,0.0177987509338562,0.158614569569174
"gene-LOC134684267|LOC134684267",35.6130642021231,0.088759283180432,0.184201023227031,0.299380181243944,0.634769176556597
"gene-LOC134684268|LOC134684268",49.6071810105417,0.298111347437389,0.39733365627867,0.0301162439143197,0.208897479154977
"gene-LOC134684271|LOC134684271",39.8986588805905,-0.00466483888055222,0.129479191524139,0.959283054674792,0.986770319480221
"gene-LOC134684272|LOC134684272",29.2324028735659,0.119921906387249,0.161436740291727,0.241193959748604,0.579500224343356
"gene-LOC134684276|LOC134684276",31.0267937483437,-0.0371563507821504,0.139258746469058,0.690285765895066,0.884015722789647
"gene-LOC134684277|LOC134684277",10.4261567892609,0.0433695415521598,0.175760487056271,0.541077308995871,0.803480872096684
"gene-LOC134684281|LOC134684281",9.59710017377578,-0.00386141600006632,0.183195513408299,0.901259013896577,0.969912455797937
"gene-LOC134684285|LOC134684285",13.2177928528017,0.00386951969913155,0.17392755967019,0.951399390170376,0.984494493039383
"gene-LOC134684286|LOC134684286",8.4181554404972,0.121643295061549,0.232978124842324,0.0632161912705229,0.302180013769568
"gene-LOC134684299|LOC134684299",10.8361239131903,0.0228665395965399,0.165330202194411,0.773315410295893,0.920217620853894
"gene-LOC134684313|LOC134684313",10.3494535964672,0.0226778231012666,0.178281585032249,0.68782718829619,0.882622941552244
"gene-LOC134684315|LOC134684315",24.7378889051148,0.148383455726491,0.193353445621122,0.159296704208429,0.463731816476033
"gene-LOC134684350|LOC134684350",11.6456363922007,-0.125647904164518,0.210419685045478,0.157411028772454,0.462033368085639
"gene-LOC134684392|LOC134684392",7.29754931916291,0.00479811929327483,0.181247629934912,0.908867494794587,NA
"gene-LOC134684409|LOC134684409",12.6237320363953,-0.0331339209221611,0.179890843032251,0.561674684181983,0.816455812197265
"gene-LOC134684419|LOC134684419",11.4933132807523,-0.00527109043890647,0.182148984238597,0.885576769784841,0.964901063575253
"gene-LOC134684448|LOC134684448",22.8135137338002,-0.11859863960799,0.226166892108199,0.0851501718414063,0.348000285865672
"gene-LOC134684518|LOC134684518",30.4669741263099,0.558257502235981,0.182949709117961,0.000198083562896595,0.0112341877489537
"gene-LOC134684548|LOC134684548",11.6572256049928,0.00333596739492711,0.145890746922625,0.971216609699414,0.991072815997239
"gene-LOC134684560|LOC134684560",167.525186426742,-0.0108707492068216,0.183976353431457,0.709790705991562,0.893039844781025
"gene-LOC134684561|LOC134684561",36.3638501443967,-0.0162605119769314,0.18372432773572,0.631495702926117,0.855488208355661
"gene-LOC134684562|LOC134684562",554.743064267311,0.000841130087675406,0.185337714711916,0.974470062448427,0.991945908801517
"gene-LOC134684563|LOC134684563",13559.5365489785,0.42245798030247,0.210649756217088,0.00457596547889032,0.0723438351900755
"gene-LOC134684565|LOC134684565",8081.52428346449,0.199222612714935,0.207326136387467,0.0889944107959914,0.352120897320651
"gene-LOC134684566|LOC134684566",1291.91172455543,0.0660782558295202,0.197995169443514,0.137768110495667,0.430392762643436
"gene-LOC134684573|LOC134684573",58.4894718454861,0.0330760075678628,0.115920210100103,0.716661575711208,0.897160554132699
"gene-LOC134684620|LOC134684620",4708.91358294809,0.0817132810374102,0.189772428901718,0.306891357162106,0.642457573147613
"gene-LOC134684638|LOC134684638",10.2689215447804,-0.00418293399429591,0.184315539976986,0.864147771033142,0.954382077635501
"gene-LOC134684641|LOC134684641",28.4206566381389,0.209572602118863,0.357624925659737,0.023008965596242,0.18207744822855
"gene-LOC134684642|LOC134684642",105.716418662572,0.0503241034502049,0.124534910247466,0.591176830292386,0.829259759641941
"gene-LOC134684652|LOC134684652",26.1180534881637,0.0747703777295678,0.157363092474989,0.431017514030617,0.740815091656585
"gene-LOC134684656|LOC134684656",15.0387158138977,0.0672025858183288,0.176712188630061,0.409127581172307,0.725659993414893
"gene-LOC134684657|LOC134684657",16.7668516544243,-0.0632564955632108,0.170821471856195,0.454786391080746,0.757873557028011
"gene-LOC134684671|LOC134684671",45.896421789054,0.171899702148361,0.170297059780957,0.119122776907208,0.394872199013448
"gene-LOC134684677|LOC134684677",10.8648675483617,-0.0559399126998098,0.18844370272712,0.314017088007134,0.650542770723379
"gene-LOC134684682|LOC134684682",46.7378131497969,0.00154850829831013,0.183604870085798,0.964108279618288,0.98891760419251
"gene-LOC134684687|LOC134684687",12.6547308792936,-0.0860247093670019,0.206189369448662,0.117997310635665,0.393892238040277
"gene-LOC134684698|LOC134684698",19.3257785419591,-0.0910089651780864,0.207255634028826,0.129574572293405,0.415093278960977
"gene-LOC134684705|LOC134684705",72.0518344884816,-0.420555339576524,0.180830931341193,0.00232758128252416,0.0481604920327378
"gene-LOC134684714|LOC134684714",14.8307622646476,-0.0780848528836941,0.176637848825452,0.361999335919177,0.690711376581418
"gene-LOC134684728|LOC134684728",22.4424058988637,0.0237237260255443,0.142815120503806,0.797536325829552,0.928511095105415
"gene-LOC134684739|LOC134684739",25.6853039814133,-0.44329952813654,0.337621854334649,0.0118980922637719,0.128106619477931
"gene-LOC134684749|LOC134684749",10.3879219755057,-0.250966568882251,0.251040610965766,0.0514967741013493,0.274191739876795
"gene-LOC134684752|LOC134684752",17.6627434896178,-0.00452619873828386,0.178302976910592,0.927178541234353,0.978198919183154
"gene-LOC134684759|LOC134684759",59.0123519195465,0.0797632342481132,0.130818363782381,0.406812643283984,0.724003575020308
"gene-LOC134684767|LOC134684767",9.71430826058294,0.00702092776117293,0.16420881075965,0.928479454536635,0.978198919183154
"gene-LOC134684786|LOC134684786",428.861574413717,0.056603316735952,0.159866679281134,0.531057709961093,0.797624000319931
"gene-LOC134684792|LOC134684792",36.6230391279008,-0.0212810207217249,0.122357187819169,0.817289701155135,0.937860797680614
"gene-LOC134684844|LOC134684844",19.335108483334,-0.178374996132328,0.257261263618775,0.0767279300349902,0.333049551719774
"gene-LOC134684854|LOC134684854",20.8477857211854,0.0211695395450086,0.143288553069257,0.818762539006508,0.938813435620649
"gene-LOC134684872|LOC134684872",12.4507164700731,0.11719476763481,0.193164222638057,0.213774169184581,0.544729677706068
"gene-LOC134684885|LOC134684885",6.62775559225405,0.011195464707343,0.184050409412579,0.707522732082429,NA
"gene-LOC134684887|LOC134684887",8.08215693156834,-0.0383161021626839,0.190352202727547,0.123963708770292,NA
"gene-LOC134684888|LOC134684888",19.7775834461328,-0.035812805188048,0.152549492271716,0.688597857669174,0.883032784937872
"gene-LOC134684900|LOC134684900",7.67427392166983,-0.00717505418289832,0.178477599947844,0.886407286991071,NA
"gene-LOC134684908|LOC134684908",11.2282715479378,0.0477962515824395,0.177775227715816,0.495629540869336,0.775820923750395
"gene-LOC134684924|LOC134684924",17.030211026438,-0.00371385505463219,0.181001235695583,0.926733374372815,0.978198919183154
"gene-LOC134684971|LOC134684971",82.4123439928661,0.0811225665645635,0.193118853643564,0.253019733767525,0.589303614616709
"gene-LOC134684975|LOC134684975",7.32332644103096,0.00890878009328198,0.181448087739566,0.830263086838641,NA
"gene-LOC134684979|LOC134684979",12.4425920675249,0.0367559965637436,0.169958009385631,0.634444570998107,0.856400507590126
"gene-LOC134684981|LOC134684981",14.5932730264046,0.0363199202338512,0.154823913521213,0.682970081649873,0.880511724932235
"gene-LOC134684983|LOC134684983",7.64224664964935,0.00950047471466825,0.174524691751437,0.877486003029664,NA
"gene-LOC134684992|LOC134684992",28.4677662819132,-0.10248079844507,0.201537804267434,0.194657407292332,0.519465729946361
"gene-LOC134684993|LOC134684993",561.922353868623,-0.239056300192734,0.154889623129452,0.0324922401724074,0.217130212460442
"gene-LOC134684994|LOC134684994",13.7953167351916,-1.31495886549722,0.39495190116269,3.61930235891348e-05,0.00367158117076446
"gene-LOC134684996|LOC134684996",11.8678993825094,-0.422588901326672,0.554506181453677,0.0159580167618586,0.149816650936523
"gene-LOC134684998|LOC134684998",95.817049353837,0.0628282300585294,0.11789122539285,0.49612209732057,0.775820923750395
"gene-LOC134685003|LOC134685003",30.3041799883041,-0.0826566601218736,0.169329371133036,0.367550438442017,0.695849767335534
"gene-LOC134685007|LOC134685007",9.65519093978347,-0.00473025809760488,0.150917310200793,0.956638065280819,0.986068928706055
"gene-LOC134685011|LOC134685011",9.98732850570369,0.0761192231659254,0.190739794699718,0.280326211251882,0.61542588955031
"gene-LOC134685012|LOC134685012",24.2526109306835,-0.0576332425427137,0.190406392033661,0.274846530614883,0.610176005960822
"gene-LOC134685014|LOC134685014",81.6934706791385,-0.0251123134376423,0.160520028366744,0.760973381966968,0.914365980545461
"gene-LOC134685015|LOC134685015",13.4547697737155,-1.0813191140189,0.486445212920503,0.00092564218882891,0.0291417696000274
"gene-LOC134685016|LOC134685016",15.2692385982427,-0.368625193919963,0.490910375747877,0.0190834676500879,0.165148871701708
"gene-LOC134685018|LOC134685018",10.7115587227802,0.181664515505611,0.219907717190002,0.103376475034961,0.376515593148228
"gene-LOC134685023|LOC134685023",57.5857724631317,0.353587922658766,0.296312843577252,0.0218786412359947,0.177666631453987
"gene-LOC134685026|LOC134685026",7.41367112754171,-0.0702487541109848,0.200704480398832,0.101022234653084,NA
"gene-LOC134685033|LOC134685033",174.522145660117,0.440658224516387,0.423823706323556,0.0150960608598304,0.14565604824333
"gene-LOC134685034|LOC134685034",20.4854791746981,0.316363611241118,0.240167590592637,0.025036338729416,0.189932444161333
"gene-LOC134685037|LOC134685037",27.9147477091824,-0.0762786399833838,0.18555702038235,0.319767130071747,0.656408764734919
"gene-LOC134685042|LOC134685042",29.4266310733963,0.125558839288462,0.17776981060713,0.219073848497406,0.55176392738795
"gene-LOC134685047|LOC134685047",74.3334453186743,-0.176904720259861,0.121532440327768,0.0675673414802922,0.312745159804851
"gene-LOC134685054|LOC134685054",12.4925508194892,-0.0182523562231434,0.183000186116356,0.635741503134261,0.857358925201743
"gene-LOC134685059|LOC134685059",42.3938078059098,0.492056208978881,0.311039615821251,0.00761323084680859,0.0984195364691857
"gene-LOC134685060|LOC134685060",10.7925614377534,0.121222566824827,0.197811069072149,0.196537272625264,0.52333512185743
"gene-LOC134685061|LOC134685061",9.69875566308905,-0.00917263377325938,0.17322161192224,0.88456755547868,0.964867103368543
"gene-LOC134685063|LOC134685063",27.3750580542172,-0.185703070454973,0.202269099404451,0.101691047974103,0.373805442578181
"gene-LOC134685069|LOC134685069",951.445134416269,0.063526395989464,0.0835972729664075,0.395113487968847,0.716284168807261
"gene-LOC134685070|LOC134685070",18.792175384676,-0.0614431396405885,0.162647649307388,0.491519439613205,0.774219966990478
"gene-LOC134685071|LOC134685071",9.31244515316032,0.0227499678187483,0.183552004114991,0.566771725263162,0.817307907549455
"gene-LOC134685072|LOC134685072",23.6798671726913,-0.000131515682313814,0.139706229603834,0.998081776494007,0.999350774880081
"gene-LOC134685075|LOC134685075",16.0576668303014,-0.0239694573255936,0.183333890891203,0.559196170205218,0.81508058814187
"gene-LOC134685076|LOC134685076",21.7989637774653,-0.29865880896649,0.452633322714453,0.0241708013339743,0.185639887427286
"gene-LOC134685077|LOC134685077",15.132798116373,0.127346333635143,0.187662053784653,0.202242563361673,0.531550803452198
"gene-LOC134685078|LOC134685078",14.459045553225,-0.221707410184744,0.256747931380724,0.0654465289001493,0.307459586664456
"gene-LOC134685081|LOC134685081",5.22647347868691,-0.00986416942273876,0.184531849867019,0.701480559515046,NA
"gene-LOC134685084|LOC134685084",29.6440007750902,-0.293892432102973,0.15255137973022,0.0116470737018536,0.126216952994568
"gene-LOC134685085|LOC134685085",77.0189082419363,0.0059920170115316,0.13213847631608,0.950085797599439,0.984494493039383
"gene-LOC134685087|LOC134685087",32.3904851478622,-0.261290499857034,0.241739901355433,0.0449572312088205,0.258127480943923
"gene-LOC134685089|LOC134685089",46.4521016690661,0.356983072337444,0.18812762765143,0.00828683677120788,0.103998377623544
"gene-LOC134685090|LOC134685090",118.812675684407,-0.0548762005105796,0.102816347630329,0.521660261586494,0.792859428886029
"gene-LOC134685091|LOC134685091",10.6315571509469,0.0989414896048296,0.177930887908337,0.290949260253979,0.626606858340205
"gene-LOC134685092|LOC134685092",42.5122309880844,0.276512910135538,0.199959952866947,0.032144745401604,0.215827530051034
"gene-LOC134685094|LOC134685094",60.7824481214471,0.121854323755987,0.117286136103587,0.194534132769,0.519326500637711
"gene-LOC134685105|LOC134685105",15.1818810498351,0.0408688988419985,0.177371745847133,0.543106523601959,0.804132019513899
"gene-LOC134685106|LOC134685106",27.1272701724998,0.023897880252643,0.126025180264312,0.79757374187998,0.928511095105415
"gene-LOC134685107|LOC134685107",41.1053765254504,0.0788604307940407,0.150052227171654,0.416717517821763,0.731628477305431
"gene-LOC134685109|LOC134685109",20.9492143529417,0.127348210123632,0.156714530790172,0.217407149709555,0.550222391364723
"gene-LOC134685111|LOC134685111",88.4030659517111,-0.00422596211211946,0.179870717255617,0.923158541450708,0.976727238151949
"gene-LOC134685112|LOC134685112",111.592728989042,0.00738920384548624,0.132648168503406,0.938321105490641,0.982194049933955
"gene-LOC134685115|LOC134685115",16.1816245356955,0.960572394186254,0.359333079202936,0.000353240063447673,0.0152252236789402
"gene-LOC134685123|LOC134685123",94.5123914560148,0.105019462870308,0.171051659619257,0.284793714788202,0.620191146240631
"gene-LOC134685124|LOC134685124",222.111145846697,0.21698164896937,0.0952277730803311,0.00918398476784355,0.109947085025181
"gene-LOC134685125|LOC134685125",75.1342055999955,0.314123850125196,0.240493926416805,0.0259257292271186,0.193226047219259
"gene-LOC134685128|LOC134685128",70.8265875461722,0.189228888619203,0.101167545310156,0.0289297802030673,0.204245113808884
"gene-LOC134685130|LOC134685130",164.08729032111,0.119260380028028,0.155813829120219,0.243590662991565,0.582413124977151
"gene-LOC134685136|LOC134685136",8.08158769647717,-0.0432848058537952,0.189661832565828,0.239481405794804,NA
"gene-LOC134685137|LOC134685137",21.6971493421572,0.117125464202007,0.215609994292126,0.138500794107112,0.431942698615862
"gene-LOC134685139|LOC134685139",8.45400829293728,0.016048574652381,0.164743910555244,0.839981074247561,0.94707747408349
"gene-LOC134685143|LOC134685143",24.8358584458559,0.222522535568113,0.200585655202001,0.0660998471634158,0.30937322044293
"gene-LOC134685144|LOC134685144",36.2043305964328,0.0103670035799421,0.140406804004301,0.911227778736809,0.973810014537272
"gene-LOC134685145|LOC134685145",25.3764095757021,0.300700743641315,0.227288661054741,0.0281751352266488,0.201954060545086
"gene-LOC134685150|LOC134685150",8.70639659904365,0.0149398291538412,0.183984742465469,0.644591235088889,0.862705569894148
"gene-LOC134685155|LOC134685155",14.810671558939,1.05501508240893,0.365540934368344,0.000190036219590446,0.0109293271487293
"gene-LOC134685156|LOC134685156",18.5488690939314,0.219907920078743,0.231077763966502,0.0708763002074659,0.319555862169957
"gene-LOC134685157|LOC134685157",10.7589043407346,-0.062046910316913,0.171276221021268,0.457864743082083,0.759544727242592
"gene-LOC134685158|LOC134685158",18.2335217283284,0.0477590929582732,0.144241179292204,0.611769805173646,0.843884165625744
"gene-LOC134685160|LOC134685160",10.2409284368914,-0.398035815511887,0.585179694511707,0.0167194187485121,0.153995756039259
"gene-LOC134685161|LOC134685161",11.4629752033141,-0.437667715302141,0.70656967311473,0.0136548770269555,0.138906994157218
"gene-LOC134685170|LOC134685170",16.4754746981094,0.0461651243203439,0.181450900004371,0.462886198762352,0.761580199771773
"gene-LOC134685177|LOC134685177",8.8486369193817,-0.00207066468575945,0.183094247715267,0.946224904106694,0.984382904200939
"gene-LOC134685179|LOC134685179",171.676615584255,-0.0589451012961462,0.119819598995008,0.523891098266339,0.793749970491724
"gene-LOC134685180|LOC134685180",8.69725080884187,0.0342639930073541,0.171099074260618,0.643505144450869,0.862370250040993
"gene-LOC134685181|LOC134685181",10.2322062067515,0.107501514826966,0.186723736800941,0.246491310318018,0.584916351709814
"gene-LOC134685184|LOC134685184",19.0710942552513,-0.116232855115048,0.160611187166578,0.253162670883209,0.589357810819211
"gene-LOC134685188|LOC134685188",20.6074670047585,0.192261842857202,0.190634593746715,0.094548169527389,0.361749518191749
"gene-LOC134685190|LOC134685190",16.8454908821618,-0.0749738692534154,0.167980444958742,0.406487548538608,0.724003575020308
"gene-LOC134685191|LOC134685191",12.8365586782797,0.00773118655314923,0.17611345515683,0.894008045235433,0.967145830285884
"gene-LOC134685196|LOC134685196",8.24014117169654,0.0274013901484063,0.181429930636503,0.584675351348227,NA
"gene-LOC134685202|LOC134685202",62.0513388696928,0.261406755035665,0.151923679113294,0.0218921095712744,0.177666631453987
"gene-LOC134685204|LOC134685204",48.7788338624328,-0.114272169464989,0.151928322920142,0.258688651011672,0.593796953799262
"gene-LOC134685205|LOC134685205",70.9216290524638,-0.040854098018717,0.093293014114304,0.61227696679369,0.844105504994548
"gene-LOC134685206|LOC134685206",12.2786441452926,0.026428013821153,0.143982824896711,0.774088365037733,0.920837364533486
"gene-LOC134685208|LOC134685208",19.1534226254017,0.127494240533038,0.193271040755156,0.194510902515881,0.519326500637711
"gene-LOC134685209|LOC134685209",709.326659412777,0.180969458299886,0.0911522278857931,0.0248227150524361,0.189056424132423
"gene-LOC134685211|LOC134685211",71.3524688638269,1.09170145345294,0.838877069631614,0.00426434061569186,0.0692149863489185
"gene-LOC134685220|LOC134685220",10.2406428258193,0.0251237599475569,0.156218317211857,0.770752218068937,0.918362331555817
"gene-LOC134685231|LOC134685231",11.2773423270281,0.00131854915712936,0.171457542065674,0.985260537511418,0.993832753208589
"gene-LOC134685234|LOC134685234",30.7152581696673,-0.605122103157552,0.38391934133475,0.005021082900976,0.0765663719640908
"gene-LOC134685236|LOC134685236",22.9009888158338,0.0632627708661874,0.162277938914201,0.482828806280869,0.768733904638168
"gene-LOC134685237|LOC134685237",33.2137318061827,0.877546717646267,0.338359596899708,0.000470012861187182,0.0187594204268371
"gene-LOC134685239|LOC134685239",19.8304898948388,-0.0590175972372128,0.154226778365004,0.524318900355328,0.793902456953513
"gene-LOC134685240|LOC134685240",186.354032467497,0.000880356123381302,0.105710797116784,0.992673563689237,0.996621840156276
"gene-LOC134685241|LOC134685241",13.0524225513864,0.0190231106868048,0.168671070291294,0.794324635394232,0.928130564935971
"gene-LOC134685243|LOC134685243",11.9726109062487,0.117683522721064,0.224955875744971,0.0924396196891555,0.358756101067796
"gene-LOC134685244|LOC134685244",29.3356660714491,0.250473724576087,0.170545931741887,0.035723122455553,0.229097046065444
"gene-LOC134685246|LOC134685246",144.783680143373,0.0592723231421636,0.105789683960549,0.498608306341307,0.776510675803179
"gene-LOC134685249|LOC134685249",12.3471266973456,-0.574558860376881,0.567555302667825,0.00921143845727351,0.109947085025181
"gene-LOC134685251|LOC134685251",104.544377083525,-0.371269757701457,0.163331058751975,0.00336733292929908,0.0595520574227614
"gene-LOC134685253|LOC134685253",10.5390590802768,0.0184292326649056,0.173065836705357,0.779720596195132,0.922548215841139
"gene-LOC134685254|LOC134685254",13.885949731229,-0.151275021010371,0.246173207361687,0.0801288199217121,0.339085110491417
"gene-LOC134685267|LOC134685267",12.4253513626292,0.164806062844359,0.200639771609694,0.129859644167435,0.415213419258458
"gene-LOC134685268|LOC134685268",9.33044892939536,-0.0363507143086824,0.176012015434019,0.586846675326403,0.827157104705528
"gene-LOC134685272|LOC134685272",33.8064342202574,-0.277351634179232,0.330421451029756,0.0368682827758593,0.233271138040976
"gene-LOC134685273|LOC134685273",26.369047127898,0.0864666838560583,0.178915481629688,0.329132197083371,0.66470521928408
"gene-LOC134685279|LOC134685279",10.0542681895992,0.00431859628015091,0.177457155552641,0.937176549117388,0.981804003837264
"gene-LOC134685282|LOC134685282",53.7133759192278,-0.0035522734304329,0.124383099596415,0.96866494548707,0.990498216692925
"gene-LOC134685285|LOC134685285",427.926642840396,0.465362787640834,0.264899734781078,0.00648417374999984,0.0902102953714263
"gene-LOC134685286|LOC134685286",97.9905118892115,0.0872762710797433,0.166623252414878,0.356519933325428,0.688183280130719
"gene-LOC134685291|LOC134685291",15.6526244026925,-0.352567980510221,0.29577250035461,0.0215944101449661,0.176426813980797
"gene-LOC134685292|LOC134685292",1992.1579619016,0.000637458800837566,0.0729907934484144,0.993357888406578,0.997004455737975
"gene-LOC134685295|LOC134685295",43.8231825593567,-0.132703766247996,0.203028942065791,0.168868833347767,0.479929166837389
"gene-LOC134685296|LOC134685296",12.4932680680325,-0.0141595699580333,0.167507599786134,0.847358259796916,0.949103623609366
"gene-LOC134685299|LOC134685299",19.6008723477476,0.00773880273083345,0.148834484236558,0.931831247581146,0.978889308511316
"gene-LOC134685302|LOC134685302",23.4257395498366,0.0421440577057757,0.163762273203643,0.615294966880856,0.846622290098858
"gene-LOC134685304|LOC134685304",97.4387406887832,0.132378601723179,0.113845024863016,0.151423670400299,0.451612286077494
"gene-LOC134685312|LOC134685312",9.6567071780615,0.012116952478547,0.162915092151183,0.879521939979378,0.96225707753286
"gene-LOC134685318|LOC134685318",23.7729412612547,0.461153132406535,0.235948978196057,0.00446518070498233,0.0719948782984348
"gene-LOC134685319|LOC134685319",9.28067044431419,0.120788257444649,0.200820767654246,0.189048266675032,0.513615220585355
"gene-LOC134685321|LOC134685321",15.6500035301762,-0.0270361149928314,0.177625279774592,0.648166986391796,0.863872436991949
"gene-LOC134685322|LOC134685322",17.7357914917252,0.185457827064927,0.29018657284413,0.0496616198543455,0.269686595848431
"gene-LOC134685325|LOC134685325",20.9634013471376,-0.301563806434356,0.532498890322067,0.01884913610186,0.164369398010369
"gene-LOC134685327|LOC134685327",41.4526702577069,0.0715410404890925,0.123589652793392,0.453469777051687,0.757057892173282
"gene-LOC134685332|LOC134685332",46.2821680752185,0.30178711832192,0.221918993406437,0.0269962729370552,0.197611107544858
"gene-LOC134685337|LOC134685337",25.2820266912472,-0.109065995031696,0.195708842933164,0.21610044090503,0.548245092174483
"gene-LOC134685341|LOC134685341",33.3192368922768,0.175414199746903,0.148787987823492,0.100709991523109,0.37294540033701
"gene-LOC134685346|LOC134685346",10.4896215842517,-0.024002803822695,0.179471204083718,0.651749654894997,0.865953865311871
"gene-LOC134685349|LOC134685349",22.1354134624446,0.159875905910956,0.19030517446467,0.141662758419169,0.436953035259127
"gene-LOC134685351|LOC134685351",7.07710944548434,0.0327732683693699,0.181189767051879,0.545460577730284,NA
"gene-LOC134685354|LOC134685354",78.7430831955071,-0.106602289421362,0.120874594006554,0.258272639657756,0.59336758748354
"gene-LOC134685357|LOC134685357",73.7309291091832,0.358046590801707,0.153064257373259,0.0031186953884497,0.0578144562494061
"gene-LOC134685359|LOC134685359",11.5117154906722,-0.0201238457911137,0.175450114066379,0.74196552238094,0.905785755552463
"gene-LOC134685363|LOC134685363",51.6345141293395,-0.0122943033662768,0.163990450414997,0.873248175203275,0.959399645548286
"gene-LOC134685371|LOC134685371",18.1318117834204,0.0795703661897563,0.187084427391005,0.30460239969374,0.64038811285791
"gene-LOC134685372|LOC134685372",19.2808356052666,-0.0274629390875945,0.177791237243078,0.640773898407003,0.860966253488732
"gene-LOC134685375|LOC134685375",16.1459916490045,-0.0522152590562228,0.146648364797778,0.577415547126707,0.822273962997362
"gene-LOC134685376|LOC134685376",6.80733330725229,0.0230032234126848,0.18203725366245,0.612935380410637,NA
"gene-LOC134685377|LOC134685377",14.5244252042243,-0.00571694384781629,0.177683278349616,0.912157178584345,0.973951058977618
"gene-LOC134685378|LOC134685378",24.5440059862221,-0.0508859651337423,0.168954577604437,0.533531012647606,0.799694339498895
"gene-LOC134685381|LOC134685381",9.64295260111568,-0.178432967198435,0.280203575735579,0.0527122406935915,0.27698575973093
"gene-LOC134685383|LOC134685383",8.64358399581227,0.0211604684372716,0.184228726473139,0.552152407998359,0.810968809659803
"gene-LOC134685386|LOC134685386",91.4364021165621,0.0324981200808653,0.123498129009732,0.726597853215039,0.901183684816208
"gene-LOC134685387|LOC134685387",15.9824959539381,0.217828384065767,0.273671902124008,0.0633033358476507,0.302392595327363
"gene-LOC134685388|LOC134685388",10.6411342339824,-0.0255274789760746,0.183405986782564,0.543011542499395,0.804132019513899
"gene-LOC134685395|LOC134685395",85.9469770520602,0.161283337936174,0.133037451026537,0.109238127619825,0.38212417822567
"gene-LOC134685396|LOC134685396",52.757774427236,0.0532455540338309,0.103255028960073,0.536566664479765,0.800777567013534
"gene-LOC134685397|LOC134685397",102.162587018439,-0.0202671951642812,0.0935822784719352,0.801604067596708,0.929908785195012
"gene-LOC134685400|LOC134685400",269.067800567056,0.413506845129801,0.117513017946622,6.52797246418545e-05,0.00579453499408469
"gene-LOC134685401|LOC134685401",65.2129310193434,-0.316426214007191,0.146917790406594,0.0061503377004029,0.0869643404483041
"gene-LOC134685402|LOC134685402",137.693241569179,0.118655536995283,0.105890479451114,0.178074307650791,0.493607113123862
"gene-LOC134685405|LOC134685405",10.2711228046536,-0.106581535174421,0.191403279708593,0.235754041929989,0.572298167494372
"gene-LOC134685431|LOC134685431",32.2388391607107,0.0228047858322904,0.163378233462199,0.775419328567569,0.921594957636969
"gene-LOC134685466|LOC134685466",19.4572298345179,-0.81467020194281,0.36076569484966,0.00103876107920174,0.0305931892035867
"gene-LOC134685488|LOC134685488",15.7970269596504,-0.0292215661209001,0.165242577679475,0.712124482450917,0.894318641647437
"gene-LOC134685499|LOC134685499",13.9516978485352,-0.0659291070006412,0.186885171274002,0.32989884307987,0.664965275687907
"gene-LOC134685510|LOC134685510",6.97735515486999,-0.0512931621538687,0.189715389103729,0.278675053644034,NA
"gene-LOC134685515|LOC134685515",28.7522747572849,0.0417392623477926,0.168006708214024,0.602218826930019,0.837306109531757
"gene-LOC134685519|LOC134685519",183.198118258924,-0.00898907932458943,0.139453184026906,0.921308617005407,0.976343998089279
"gene-LOC134685520|LOC134685520",19.7797607320524,0.415049116004506,0.473329619603767,0.0174282124687413,0.156768058955279
"gene-LOC134685522|LOC134685522",12.9106424671111,-0.0875271711607591,0.187289097583682,0.285951802315491,0.621050242079198
"gene-LOC134685530|LOC134685530",16.958576924706,0.00964475593902873,0.173918483768863,0.878331271975186,0.96225707753286
"gene-LOC134685537|LOC134685537",11.4426017482446,-0.160024811491145,0.207001186001415,0.132306204138263,0.420341241855533
"gene-LOC134685543|LOC134685543",14.1224563397011,0.0495429833366947,0.167060365549198,0.552291446980252,0.810968809659803
"gene-LOC134685544|LOC134685544",26.3708472758102,0.172712248872804,0.258750486528142,0.0761617266156717,0.331319387254834
"gene-LOC134685545|LOC134685545",73.9862857852782,-0.0517323576920648,0.0993149576266844,0.538415010112423,0.80158647245437
"gene-LOC134685546|LOC134685546",7.65871534326811,0.0604308526868139,0.19027171974094,0.285877448927291,NA
"gene-LOC134685550|LOC134685550",11.5555144574245,-0.0663829938422305,0.180027475527295,0.388574115130756,0.710958250730222
"gene-LOC134685551|LOC134685551",8.5136371527124,-0.0731417893523382,0.18746371526633,0.312454652077177,0.648896439798606
"gene-LOC134685569|LOC134685569",395.927548375111,0.128896333651942,0.195213932408275,0.190508431694012,0.513774896783828
"gene-LOC134685570|LOC134685570",24.3687624675211,-0.513532380884089,0.262272621179775,0.00359468957378962,0.0617031448855608
"gene-LOC134685572|LOC134685572",14.8998398260649,0.136181249830779,0.214973654165248,0.145644695666761,0.442590484929448
"gene-LOC134685587|LOC134685587",10.925581908317,-0.11969126458684,0.200191617619958,0.190288642849293,0.513624629479392
"gene-LOC134685590|LOC134685590",18.8110493274965,0.164413744604998,0.180335713271585,0.133829639778747,0.422603607294132
"gene-LOC134685591|LOC134685591",1530.14916324195,-0.0045363117114866,0.087162515180218,0.951482820132798,0.984494493039383
"gene-LOC134685593|LOC134685593",42.3846727735687,0.0340601344376855,0.130810473689257,0.717089385790973,0.897160554132699
"gene-LOC134685594|LOC134685594",35.6767292358878,-0.0367998395345858,0.183681557626993,0.46143074857034,0.760652977325952
"gene-LOC134685596|LOC134685596",63.7105892128192,-0.0502231321644483,0.118693211608429,0.584477551645369,0.825091619098912
"gene-LOC134685601|LOC134685601",19.2124920437323,-0.790802883768628,0.48467406620089,0.00333622228495871,0.0591811315720426
"gene-LOC134685602|LOC134685602",13.4397560123277,-0.0454896610122104,0.182828947872546,0.441543572632375,0.74870749616306
"gene-LOC134685607|LOC134685607",24.3950776759399,-0.0160313988752628,0.125626299896398,0.862248193922041,0.953887307624109
"gene-LOC134685608|LOC134685608",34.6936976528547,0.171458327781778,0.140553000024835,0.101483106153926,0.373644134739936
"gene-LOC134685609|LOC134685609",174.484550962296,0.579797438837503,0.206944582419631,0.000407436462330673,0.0170052338335042
"gene-LOC134685613|LOC134685613",48.3595969659103,0.075670616238517,0.139069991240356,0.433549756822387,0.74247301848317
"gene-LOC134685614|LOC134685614",58.193073138731,-0.293417657123894,0.257605312602553,0.0332365237763328,0.220090271679361
"gene-LOC134685617|LOC134685617",23.1848467868676,0.268964689001445,0.185680466392963,0.0310811310015587,0.212464731039602
"gene-LOC134685619|LOC134685619",22.8212749457636,0.213721984095471,0.184814106554177,0.0699406763627438,0.31777201574289
"gene-LOC134685621|LOC134685621",121.125165010711,0.331616503812219,0.124528366437026,0.00154955959316887,0.0376012733172939
"gene-LOC134685623|LOC134685623",12.3296305222025,0.1466003091393,0.263920536130358,0.0302968726809249,0.209951003853392
"gene-LOC134685627|LOC134685627",41.9959264751943,0.103955079086726,0.129217864234017,0.283144785234465,0.618598685841112
"gene-LOC134685634|LOC134685634",27.4729208462687,0.169285012720494,0.226638181524072,0.110809062832756,0.385404473776405
"gene-LOC134685636|LOC134685636",28.834667762942,-0.0569546598549001,0.177861595330702,0.443884926926795,0.74989475369772
"gene-LOC134685642|LOC134685642",10.2329229950587,0.0144758143250811,0.181344458449424,0.740028881063694,0.905553047013525
"gene-LOC134685644|LOC134685644",6.61712310292358,-0.00359135899147091,0.183869717237013,0.895414218787433,NA
"gene-LOC134685645|LOC134685645",33.5262805297835,0.114344560900722,0.13211939953976,0.243861737109144,0.582591373058225
"gene-LOC134685646|LOC134685646",23.6444369442211,0.266830840001908,0.22233327717791,0.041399636289376,0.249079854577926
"gene-LOC134685647|LOC134685647",7.36995978526658,0.067930270165826,0.190259460554984,0.291430405360972,NA
"gene-LOC134685657|LOC134685657",20.4531284265813,-0.0685640090220736,0.167984000976064,0.437254374356719,0.745617441420359
"gene-LOC134685658|LOC134685658",635.897153942434,-0.0485408460359736,0.0994000634615958,0.562280633104112,0.816643019326394
"gene-LOC134685659|LOC134685659",29.3355995705775,0.282749030119796,0.213107729084799,0.0323643852895292,0.216871073536441
"gene-LOC134685661|LOC134685661",93.4979346924209,-0.141389341707005,0.112368298210713,0.1222564409698,0.400251476845998
"gene-LOC134685663|LOC134685663",54.797977998032,0.29709458029614,0.137728027974462,0.00703689019157634,0.0946545966100802
"gene-LOC134685664|LOC134685664",24.9915602272606,0.22040756089545,0.176864164597258,0.0606017559762717,0.295484129272823
"gene-LOC134685667|LOC134685667",7.76334536058277,-0.0420935340084994,0.181107730442771,0.484766774157494,NA
"gene-LOC134685668|LOC134685668",9.1680320973959,-0.0375705558145426,0.174845362130905,0.587504116230191,0.82733006849527
"gene-LOC134685670|LOC134685670",49.4870931489892,-0.127677500553144,0.1710848432562,0.213913258002487,0.544777697507032
"gene-LOC134685671|LOC134685671",19.9718257635893,0.336113791401913,0.305281993064099,0.0255809365019446,0.191830759969408
"gene-LOC134685676|LOC134685676",17.1443970629583,0.0348510089820754,0.156774502256636,0.691427633969065,0.884601057717648
"gene-LOC134685678|LOC134685678",8.71312258410097,-0.582894393949372,0.311295549092587,0.00372676461389178,0.0630099276385777
"gene-LOC134685680|LOC134685680",21.9771078725836,0.822215912363094,0.253443800930058,7.18706814187856e-05,0.00605838112675455
"gene-LOC134685682|LOC134685682",36.417980580292,0.0832621789993059,0.172683079201279,0.359512053971555,0.688644047661838
"gene-LOC134685686|LOC134685686",8.57776067009218,-0.0653450899192417,0.195345677417444,0.192021084025994,0.516012508361243
"gene-LOC134685716|LOC134685716",18.7398833920093,0.0125095340759906,0.180061162152323,0.793057847669761,0.927763996462669
"gene-LOC134685794|LOC134685794",7.82898567434731,0.0108706301246052,0.16857324092683,0.880715588309162,NA
"gene-LOC134685810|LOC134685810",11.4824238342348,-0.00568513039487135,0.156742813986767,0.945634656319596,0.98435236790023
"gene-LOC134685857|LOC134685857",23.4763803436426,-0.402958944523026,0.370267048377178,0.01693561568493,0.154236579754026
"gene-LOC134685961|LOC134685961",12.7193083104173,-0.00739020209864078,0.161865940299494,0.925591792889079,0.977660514137647
"gene-LOC134685991|LOC134685991",7.85834810886884,0.00323404669139774,0.183475235135928,0.917422020938356,NA
"gene-LOC134685994|LOC134685994",25.3977984355449,0.0823034403758677,0.188850538522236,0.287850816759057,0.622673484521859
"gene-LOC134686033|LOC134686033",11.4727390178999,-0.0673883665847993,0.167621198068528,0.444193638683243,0.74989475369772
"gene-LOC134686096|LOC134686096",33.6901484485584,0.0668623413609124,0.135535475334038,0.485411865613667,0.770414660243856
"gene-LOC134686125|LOC134686125",43.0612352159483,0.134065612480587,0.143888899233098,0.190280416045325,0.513624629479392
"gene-LOC134686153|LOC134686153",69.0801014212984,-0.0591205748359543,0.123194681686028,0.526583282336405,0.79498896697287
"gene-LOC134686179|LOC134686179",1081.06985418111,0.119579363117774,0.144724899852463,0.2394272829929,0.576773082240143
"gene-LOC134686198|LOC134686198",24.5184664276621,0.0143510222488246,0.177165575434623,0.799670507624717,0.929028186366712
"gene-LOC134686201|LOC134686201",51.4318302083155,-0.00614772398183156,0.17275905680286,0.921825502311964,0.976506666988628
"gene-LOC134686228|LOC134686228",52.392521613921,0.0864393339404972,0.131051419287324,0.370625432064979,0.698232694300389
"gene-LOC134686237|LOC134686237",13.0777105871079,0.035442747192211,0.152437107541677,0.693880234139248,0.885257856795296
"gene-LOC134686279|LOC134686279",338.497250137554,0.738859874230039,0.355583691143223,0.00183221054763367,0.0416482573348385
"gene-LOC134686289|LOC134686289",27.7340868223119,0.135443307207556,0.191543786233566,0.183902273269995,0.505160663393774
"gene-LOC134686307|LOC134686307",11.5782532014069,0.00392260249063357,0.168170045209137,0.957491360331768,0.986511583647276
"gene-LOC134686344|LOC134686344",29.0885935046414,0.108647674011436,0.161055117534964,0.280742371436239,0.615963436758873
"gene-LOC134686367|LOC134686367",166.092147299692,-0.0068317623384206,0.184219278513357,0.791261239774641,0.927763996462669
"gene-LOC134686370|LOC134686370",3200.1703371264,0.0705758671195657,0.164186160186966,0.436069400878294,0.744518677890383
"gene-LOC134686371|LOC134686371",14087.9484815518,0.0681076456731426,0.151991980302254,0.370233250164784,0.698232694300389
"gene-LOC134686373|LOC134686373",8805.07405290581,0.0268530105900478,0.153664597795165,0.745843364420427,0.908353381995804
"gene-LOC134686386|LOC134686386",18.0299547591275,-0.144055983143718,0.233375826370192,0.102653449810202,0.375824193044838
"gene-LOC134686417|LOC134686417",8.91490227687399,-0.0691909095518852,0.193719793515459,0.238161881403448,0.575340820601424
"gene-LOC134686433|LOC134686433",314.703961890807,-0.00613948461012405,0.183608610826152,0.838114065054276,0.94707747408349
"gene-LOC134686461|LOC134686461",67.0282829637313,0.0653687364002147,0.164689139959296,0.463402805448704,0.761580199771773
"gene-LOC134686495|LOC134686495",16.1168273153528,0.086883701570006,0.184080254298148,0.304599389367502,0.64038811285791
"gene-LOC134686501|LOC134686501",50.1555377813614,0.0107560375660448,0.130459056206384,0.909145479738862,0.973615656161784
"gene-LOC134686515|LOC134686515",1481.15543511222,0.0694408165999246,0.198254774740346,0.153630748372552,0.454299184661183
"gene-LOC134686521|LOC134686521",57.8426346915957,-0.0192144567261961,0.102848905067084,0.820654647312807,0.93991925961532
"gene-LOC134686531|LOC134686531",14.274762378129,-0.00412563194265226,0.182174987438085,0.908461774885965,0.973361420532065
"gene-LOC134686582|LOC134686582",18.6126898061317,0.245788683963549,0.273961500695433,0.0523481987792804,0.276065880060552
"gene-LOC134686583|LOC134686583",29.6745522014272,-0.0496940980051819,0.177120424336383,0.486941764032196,0.771940955107046
"gene-LOC134686666|LOC134686666",49.2309016551359,0.16310398164743,0.213637408447919,0.125478797009281,0.406851836958091
"gene-LOC134686685|LOC134686685",11.5667448681139,0.0597946935711123,0.153307462548339,0.521385125201319,0.792859428886029
"gene-LOC134686690|LOC134686690",11.0534329568118,-0.0859256016885161,0.181644951228786,0.317211419153562,0.652911533601758
"gene-LOC134686694|LOC134686694",14.0663358717896,-0.146445267108697,0.183380395753833,0.167042506959931,0.476221104931824
"gene-LOC134686697|LOC134686697",8.27870519094703,-0.0673629022825882,0.203344063351627,0.427885373474778,0.738312016976088
"gene-LOC134686698|LOC134686698",74.6297441685185,-0.806557168348118,0.390851787346788,0.00150760323886171,0.0370456243469771
"gene-LOC134686701|LOC134686701",8.60742693331395,0.00736349947012704,0.182993880014299,0.829887425248154,0.943717539158106
"gene-LOC134686702|LOC134686702",25.9967174073511,-0.169544261796002,0.184789801155982,0.125633020023994,0.406928416077716
"gene-LOC134686708|LOC134686708",14.5708205993605,-0.115152503598225,0.215182494663694,0.135139646262078,0.425090429069001
"gene-LOC134686710|LOC134686710",11.662591251294,0.0974468251800071,0.203108187192298,0.185468499258646,0.507815767735654
"gene-LOC134686718|LOC134686718",146.538101673996,0.0343733114344849,0.106742648479682,0.695623227416239,0.885470905027572
"gene-LOC134686725|LOC134686725",33.5458630839375,-0.190324285784086,0.232767367133373,0.0884147375843537,0.351579936368371
"gene-LOC134686726|LOC134686726",107.552050842889,0.0340769526605687,0.102418775359928,0.69106432995843,0.884446095324404
"gene-LOC134686733|LOC134686733",29.7337481374227,0.106610760207751,0.208647296092782,0.160761279250416,0.465616779072289
"gene-LOC134686735|LOC134686735",25.3559258369552,0.0322428767587691,0.173358726146188,0.644966933142788,0.862705569894148
"gene-LOC134686737|LOC134686737",13.7414795142098,-0.488044453941694,1.16721686816259,0.0103968332724658,0.118468752296553
"gene-LOC134686744|LOC134686744",605.057014474256,0.00434990224043949,0.0770153158121156,0.95113707466673,0.984494493039383
"gene-LOC134686747|LOC134686747",58.5742412873103,0.190672516993407,0.232952955661783,0.0907510135980927,0.35522261699918
"gene-LOC134686749|LOC134686749",117.591038610769,0.182308107157898,0.156835685360694,0.0963301016142517,0.366011369259346
"gene-LOC134686753|LOC134686753",42.6314816419218,0.350958012972251,0.21300703594051,0.0131187404354983,0.135913872540254
"gene-LOC134686754|LOC134686754",7.07743485346311,-0.0709149911174273,0.19263155221942,0.255568014929679,NA
"gene-LOC134686756|LOC134686756",8.23049650404245,-0.0303099681231131,0.165300900990777,0.701621414532267,NA
"gene-LOC134686760|LOC134686760",13.6330350778788,0.0427086550444789,0.182798782110704,0.456522758821097,0.759023854372562
"gene-LOC134686761|LOC134686761",16.5073598507553,-0.122139168758209,0.212964974854997,0.1498508795981,0.448570010075625
"gene-LOC134686763|LOC134686763",107.059597054713,0.265432107923881,0.189390320344665,0.0342892835027279,0.224015140164512
"gene-LOC134686767|LOC134686767",11.1261766174855,0.00456880160955418,0.177321782582992,0.933662873568652,0.979527955838184
"gene-LOC134686768|LOC134686768",13.3507439234996,-0.620408791708127,0.35433774663995,0.00391317867018564,0.0648351317942843
"gene-LOC134686770|LOC134686770",13.7149627055283,-0.0699040431128465,0.155674528826788,0.458158549232872,0.759544727242592
"gene-LOC134686775|LOC134686775",10.1438624403795,-0.051166520765819,0.166195566288285,0.543058811566519,0.804132019513899
"gene-LOC134686777|LOC134686777",14.4257296135742,-0.0796135801044956,0.197371579425821,0.206834670857512,0.537240553322642
"gene-LOC134686781|LOC134686781",25.7715074787425,0.0119619851431516,0.136546824833649,0.898439232314408,0.968718523675564
"gene-LOC134686782|LOC134686782",16.669001710524,-0.179646924640719,0.275424361921977,0.0583721375661857,0.291128312721651
"gene-LOC134686783|LOC134686783",84.827306548055,-0.435311282866773,0.19906626579464,0.0029815227143348,0.0568591172467399
"gene-LOC134686785|LOC134686785",31.2927363077561,0.0107789692185046,0.139364173292478,0.90809302832244,0.973283642470783
"gene-LOC134686786|LOC134686786",14.0180734072269,-0.00164615623674874,0.156767074084445,0.983526135993637,0.993455247863024
"gene-LOC134686787|LOC134686787",32.0017749842659,0.0591451802822479,0.141264372125748,0.536279474795288,0.800777567013534
"gene-LOC134686788|LOC134686788",20.9553342216388,-0.0472513854957008,0.154735821282629,0.600472625259444,0.836196769284076
"gene-LOC134686793|LOC134686793",17.5884667126991,0.0351418007583514,0.165519719163217,0.667862321451772,0.874048807719717
"gene-LOC134686794|LOC134686794",20.4528910748765,0.191918049538343,0.20427876042035,0.0970008848868837,0.366525847498085
"gene-LOC134686797|LOC134686797",19.6416249004414,0.0400331534933222,0.155292726865451,0.654368091400571,0.867108951304385
"gene-LOC134686799|LOC134686799",15.162400249774,-0.0356509612440499,0.150770077846806,0.693848208280543,0.885257856795296
"gene-LOC134686804|LOC134686804",214.765449841097,-0.325063576962381,0.201180249337716,0.0154761852875456,0.146993572614087
"gene-LOC134686806|LOC134686806",99.2160139538283,0.346392470196505,0.146006059881281,0.00311017049168818,0.0578032704104082
"gene-LOC134686808|LOC134686808",7.96829405870408,-0.124523167766161,0.23328212090926,0.0696780258880202,NA
"gene-LOC134686811|LOC134686811",11.668345440468,0.240414281851682,0.257146855380574,0.0563639759661386,0.287487765682037
"gene-LOC134686812|LOC134686812",22.3977747520237,-0.0282433330221758,0.160487595865596,0.734875782477685,0.904191610246111
"gene-LOC134686816|LOC134686816",18.507551707161,0.0458101541446987,0.148950566012549,0.621173324206232,0.84979396141643
"gene-LOC134686818|LOC134686818",43.4282255683975,-0.0342771675484804,0.141637732606702,0.711506766448474,0.894157849645501
"gene-LOC134686823|LOC134686823",125.677043637855,1.23650644806367,0.328360868448745,8.46888497807694e-06,0.0011895526130745
"gene-LOC134686829|LOC134686829",118.992860537444,0.0922431968915827,0.106371130806414,0.289991452185317,0.625730448083177
"gene-LOC134686831|LOC134686831",8.04190541119951,-0.0238884469371539,0.182506314693201,0.587997635133902,NA
"gene-LOC134686834|LOC134686834",3090.99680162612,0.290929513024816,0.169035435011564,0.017809677418897,0.158614569569174
"gene-LOC134686835|LOC134686835",15.782843805349,0.0834902780682509,0.174986361158142,0.350997731930573,0.68310349960589
"gene-LOC134686843|LOC134686843",86.8242947118851,-0.0281579612456878,0.0981555974166663,0.734912539327313,0.904191610246111
"gene-LOC134686844|LOC134686844",18.1223034773191,0.396524501634498,0.361771821789785,0.0180633956242747,0.159921262593579
"gene-LOC134686847|LOC134686847",132.278274358189,-0.22787391322736,0.132321091664586,0.0278180064339033,0.200488471199577
"gene-LOC134686863|LOC134686863",71.835711674864,-0.515975893816309,0.274762975868615,0.00403617332070299,0.0662476627739655
"gene-LOC134686865|LOC134686865",48.6352888988282,-0.108470857965427,0.122614089653389,0.252469523156001,0.589130303037539
"gene-LOC134686866|LOC134686866",79.4330203794265,0.0430461690376254,0.140653468056234,0.645877565419201,0.862830318168985
"gene-LOC134686870|LOC134686870",520.164645446131,0.0062682499753836,0.11867072654314,0.946522768400326,0.984382904200939
"gene-LOC134686872|LOC134686872",41.9863214264511,-0.0315870007926271,0.130468727428386,0.734298555901301,0.904191610246111
"gene-LOC134686873|LOC134686873",13.497181508806,-0.0541682997231395,0.184824377677271,0.379982197085696,0.704597669686427
"gene-LOC134686875|LOC134686875",17.7216227467041,0.590880181218301,0.252083049906254,0.00133444261993931,0.0350434189210693
"gene-LOC134686876|LOC134686876",13.6150251112563,0.0275940569628385,0.174864870342584,0.674389074150824,0.875531069604981
"gene-LOC134686877|LOC134686877",397.107017569235,0.103537596778067,0.110366403829639,0.251173792027453,0.588581934986234
"gene-LOC134686881|LOC134686881",43.1470262696494,-0.516089263508223,0.195791676580154,0.000738018176166456,0.0243913337498633
"gene-LOC134686883|LOC134686883",17.9205298545168,0.023505096478355,0.185537330385675,0.452023939924264,0.755339602563074
"gene-LOC134686890|LOC134686890",25.7059110279208,0.18826743938405,0.212048896483531,0.100101723120682,0.371893685490061
"gene-LOC134686891|LOC134686891",17.046422277395,-0.0382841473800974,0.140528090106169,0.681411525917562,0.879955761191986
"gene-LOC134686893|LOC134686893",50.1889710349193,0.0862678596263295,0.113071468593522,0.342868462512331,0.675745075604444
"gene-LOC134686896|LOC134686896",34.7869621693944,0.0030773470788299,0.124212617117334,0.974193687309158,0.991945908801517
"gene-LOC134686904|LOC134686904",35.2394919146867,0.253375728374649,0.185724824433086,0.0394762092684735,0.242947438897563
"gene-LOC134686909|LOC134686909",23.967179958953,-0.0657415428604214,0.143323556849665,0.49232965919798,0.774514408343274
"gene-LOC134686910|LOC134686910",89.6490457401212,-0.382901683507802,0.288543135622063,0.0156916074580471,0.148268435800228
"gene-LOC134686911|LOC134686911",177.719541094821,0.412541606624486,0.200170236748408,0.0045150918978682,0.0723438351900755
"gene-LOC134686912|LOC134686912",67.4821105445596,-0.196145401643719,0.162754043365199,0.0785049520562181,0.336032203896429
"gene-LOC134686913|LOC134686913",7.55848150472493,0.0169033058651042,0.176507517804945,0.773040772399434,NA
"gene-LOC134686914|LOC134686914",37.5480268412106,0.0943187119269722,0.150650112322759,0.340330586026605,0.67330714202973
"gene-LOC134686915|LOC134686915",14.009084762734,0.0120907406067377,0.17435422926125,0.846684233715928,0.948785155425152
"gene-LOC134686917|LOC134686917",88.9846531656878,-0.0444402961741308,0.10597417774173,0.610450892541896,0.842701440016255
"gene-LOC134686929|LOC134686929",26.0195675677096,-0.0265564454694585,0.133356530346593,0.775734638492892,0.921594957636969
"gene-LOC134686930|LOC134686930",22.4868924255062,0.183020954416568,0.18384670214026,0.106430719673953,0.379940634494197
"gene-LOC134686931|LOC134686931",8.96508789807683,-0.0747398387256096,0.191615896217326,0.270665709118131,0.605514845592152
"gene-LOC134686938|LOC134686938",19.8831042469325,0.00293969516360597,0.185031499926317,0.883554647827188,0.96449445448395
"gene-LOC134686939|LOC134686939",12.7194994069902,0.000602043868602391,0.177898153291298,0.992483336414751,0.99657661385391
"gene-LOC134686941|LOC134686941",59.2924585438582,0.0864789865195306,0.112017581351348,0.339857363566718,0.673079767757946
"gene-LOC134686942|LOC134686942",9.5673704829462,0.0725886094929289,0.170767738393698,0.411051509855401,0.727130110918829
"gene-LOC134686945|LOC134686945",36.4007352617399,-0.0861401752184363,0.126925728758079,0.365649536496913,0.694362166551989
"gene-LOC134686949|LOC134686949",64.7216533666169,-0.221098773395564,0.15138245380683,0.0453199401845516,0.25915206108131
"gene-LOC134686953|LOC134686953",26.5595434869797,0.088628687588842,0.131680516665364,0.359610844714721,0.688644047661838
"gene-LOC134686954|LOC134686954",79.8831984227771,0.126407044593326,0.142005530840783,0.212592047533931,0.544402815603716
"gene-LOC134686955|LOC134686955",44.4234388310132,0.0506109669329783,0.11289963319024,0.575060610332335,0.820634111389297
"gene-LOC134686956|LOC134686956",18.873560678156,0.218139638016548,0.23617903675206,0.0708396779206139,0.319555862169957
"gene-LOC134686957|LOC134686957",8.40949622188908,-0.0432596656444393,0.164915355461339,0.602339561819293,0.837306109531757
"gene-LOC134686958|LOC134686958",37.7070250888266,-0.0745358857896797,0.133407386269241,0.437986640434087,0.746154273629061
"gene-LOC134686959|LOC134686959",22.3630059811274,0.11310306869471,0.150743115785263,0.264078911894097,0.599360733893505
"gene-LOC134686961|LOC134686961",24.2357600560013,0.642116661879732,0.296068629575118,0.00168468507054727,0.0399511031015495
"gene-LOC134686962|LOC134686962",66.8569517540307,0.0520318436179048,0.0985816564506942,0.534640996544243,0.80040523076659
"gene-LOC134686963|LOC134686963",32.2915267162157,-0.0296576879675116,0.155338255806934,0.735708458460877,0.904191610246111
"gene-LOC134686964|LOC134686964",31.5707057922904,0.0213972121762022,0.130842958228652,0.819388265300217,0.939012643124375
"gene-LOC134686969|LOC134686969",7.67051769529056,0.111953380646781,0.197798306725045,0.20845314765418,NA
"gene-LOC134686970|LOC134686970",12.4754830660507,0.0743671417079707,0.173256320635926,0.393072060902131,0.715133510128769
"gene-LOC134686975|LOC134686975",12.1918740641177,-0.0345638911188952,0.160337943787512,0.683902674216864,0.88114749205856
"gene-LOC134686980|LOC134686980",50.6449780988766,0.2576912652839,0.130066780670591,0.0134704660198056,0.137991982901347
"gene-LOC134686981|LOC134686981",29.0460197894706,0.185957848172147,0.160425206497572,0.0921397822532626,0.358545002438908
"gene-LOC134686982|LOC134686982",13.619831073096,-0.122451635979376,0.16991901943309,0.229727681874236,0.565912643645673
"gene-LOC134686983|LOC134686983",23.0483366630601,0.0610453654417557,0.132715819329277,0.522372472681482,0.793351473304905
"gene-LOC134686986|LOC134686986",649.652291366808,0.0113356909906599,0.0908742079482777,0.887159177299525,0.965550682610003
"gene-LOC134686987|LOC134686987",14.6828788589406,0.0310005054731689,0.149860987710963,0.732559048839257,0.903514233826736
"gene-LOC134686989|LOC134686989",13.4432044132451,-0.0092399778071613,0.153982546606847,0.913973311865954,0.973951058977618
"gene-LOC134686995|LOC134686995",14.0610477602524,0.00180865717324689,0.153844883085878,0.984578576422997,0.993640027609472
"gene-LOC134686997|LOC134686997",8.43093772718422,0.027765897747763,0.183292974847956,0.531746047026301,0.798329522606394
"gene-LOC134686998|LOC134686998",21.0361774266883,-0.195859937222526,0.18258621587571,0.0883730042975312,0.351579936368371
"gene-LOC134687000|LOC134687000",55.0972500135893,0.0809923641403467,0.118219022097187,0.38306344298934,0.70779038390947
"gene-LOC134687001|LOC134687001",22.1087071741977,-0.0345201028276236,0.134029187267671,0.711799170204671,0.894211525954754
"gene-LOC134687005|LOC134687005",8.34925553349802,-0.23705849340058,0.333056494672081,0.0422412752713287,0.251041720571021
"gene-LOC134687006|LOC134687006",11.7630754581828,-0.0716282837148624,0.174708516160652,0.398737757132467,0.71768849326368
"gene-LOC134687007|LOC134687007",27.1751256059254,0.359765575514359,0.403893487364786,0.0229208147711801,0.18207744822855
"gene-LOC134687008|LOC134687008",48.613764538726,0.436256575460083,0.193056048576787,0.0026400927206612,0.0516976869482826
"gene-LOC134687010|LOC134687010",17.4656855974806,-0.031250094068381,0.148238806647024,0.731221704099051,0.902997609116253
"gene-LOC134687016|LOC134687016",52.772886723195,0.229961291104743,0.152427546024297,0.0401646194388329,0.244876778281499
"gene-LOC134687017|LOC134687017",9.53659277464704,-0.0375815818409899,0.164101309412984,0.647703691383896,0.863762600304541
"gene-LOC134687019|LOC134687019",18.3193903973353,0.0100049788219102,0.13225906540843,0.914380509108024,0.973951058977618
"gene-LOC134687026|LOC134687026",9.39089051299287,0.053524605338496,0.16260765699094,0.541849022057188,0.803977469425458
"gene-LOC134687030|LOC134687030",21.3467246967873,-0.0578626345883469,0.184928522416712,0.369658539834117,0.698091563692772
"gene-LOC134687034|LOC134687034",37.7318960748781,0.0195841021589178,0.181370316534645,0.671982797272456,0.87473932476885
"gene-LOC134687039|LOC134687039",26.5812208115014,0.184703931575298,0.169569040245063,0.0987206005157779,0.369771931367816
"gene-LOC134687040|LOC134687040",21.086610858354,-0.0296177348063735,0.150272679305786,0.74195074836927,0.905785755552463
"gene-LOC134687043|LOC134687043",31.0283208875561,0.00848127181373784,0.129630028401394,0.930460368097768,0.978345195468773
"gene-LOC134687044|LOC134687044",17.5530076843328,-0.0292297962134214,0.162483274753076,0.720871702549039,0.898488617623077
"gene-LOC134687045|LOC134687045",9.77096999277068,-0.0119692809871493,0.180110230435913,0.79629916459139,0.928130564935971
"gene-LOC134687050|LOC134687050",81.6127339392361,0.132775086266999,0.139365013641187,0.190402882376856,0.513743129989123
"gene-LOC134687055|LOC134687055",13.158979333709,0.0314103030826504,0.150422782108465,0.729316700577733,0.901997543907916
"gene-LOC134687056|LOC134687056",1597.14027690338,0.039160666975562,0.0851903335631985,0.60857964613293,0.841020502764934
"gene-LOC134687062|LOC134687062",24.2573966175072,-0.050407881584313,0.186405569810724,0.359690175496976,0.688644047661838
"gene-LOC134687063|LOC134687063",18.0800559773232,-0.0728075667867742,0.175981678136977,0.386443688866259,0.709811963443349
"gene-LOC134687068|LOC134687068",8.80649219629015,0.0321037744813538,0.160887023841913,0.701775161170138,0.888655647917248
"gene-LOC134687071|LOC134687071",20.6916750249415,-0.0684480775991548,0.173907779748377,0.41525518716168,0.730673063606098
"gene-LOC134687073|LOC134687073",46.698807688479,0.0701385803779462,0.122767757404059,0.454730909120099,0.757873557028011
"gene-LOC134687086|LOC134687086",40.7358730150952,0.663521257995339,0.230057371111346,0.000271538341059789,0.0135602636598044
"gene-LOC134687093|LOC134687093",48.9842744320736,0.0621010874173377,0.124381552511094,0.508176223401697,0.783393654648795
"gene-LOC134687095|LOC134687095",11.3635875233191,-0.0167152303871994,0.18034428382329,0.721925139248392,0.89893416528748
"gene-LOC134687096|LOC134687096",35.0522706817745,-0.00939568713185674,0.15527153639616,0.90947211258312,0.973615656161784
"gene-LOC134687098|LOC134687098",48.1984851535717,0.286030454333517,0.212624223515309,0.030854213988238,0.212002990564525
"gene-LOC134687102|LOC134687102",16.0506408520412,-0.0467901039438469,0.181296387875795,0.458206503127174,0.759544727242592
"gene-LOC134687111|LOC134687111",59.1649775510699,-0.197772873052991,0.159041048358154,0.0742737928562346,0.326215143128044
"gene-LOC134687112|LOC134687112",38.3871373225946,-0.157999925946727,0.147422033133457,0.131336013803912,0.418533265629919
"gene-LOC134687113|LOC134687113",11.7804034868124,-0.0485170568553181,0.172856336542502,0.526003746041295,0.794937173822806
"gene-LOC134687115|LOC134687115",47.5497524217941,-0.639475048994308,0.222863379341766,0.000279832456686937,0.0137104408519467
"gene-LOC134687116|LOC134687116",23.6634132746843,0.118912522894906,0.189112654138851,0.219632736243373,0.552599898560659
"gene-LOC134687118|LOC134687118",112.272617902941,-0.511253787359302,0.185381033845197,0.000522589674947837,0.0198984208724736
"gene-LOC134687120|LOC134687120",13.7554028969814,0.00878843381513337,0.147717336620715,0.922936089002123,0.976727238151949
"gene-LOC134687121|LOC134687121",160.821488913179,-0.0410935693633806,0.0998931410280855,0.625439349346588,0.851959904443766
"gene-LOC134687122|LOC134687122",25.4382248914994,-0.228225813327698,0.194171553403155,0.0590225636294903,0.291875968009341
"gene-LOC134687124|LOC134687124",19.2597615107615,-0.249668554841196,0.250793526144147,0.0512630431215487,0.27414318412911
"gene-LOC134687125|LOC134687125",16.7685742883695,0.069256366847839,0.17277159171032,0.418206989848895,0.731995304437573
"gene-LOC134687128|LOC134687128",45.4523600694992,0.375478089246943,0.252147602516921,0.0143919943600432,0.142390246715563
"gene-LOC134687129|LOC134687129",15.6504731751818,-0.12083858279005,0.176132807244631,0.228811579380598,0.564798842783336
"gene-LOC134687135|LOC134687135",9.64595983155247,0.0322955144062684,0.17403694627972,0.639401194416559,0.86002486853883
"gene-LOC134687136|LOC134687136",70.1999411775933,-0.118568163749488,0.148815498455154,0.241594021898038,0.57969866489595
"gene-LOC134687137|LOC134687137",17.8581687231668,-0.0695504484948331,0.145075538227844,0.469002768317687,0.763108981909643
"gene-LOC134687138|LOC134687138",11.9334644129603,0.0337746340602118,0.170769275485484,0.649029840762861,0.864426323291746
"gene-LOC134687141|LOC134687141",17.6880360427225,0.173080844165233,0.216898319066795,0.113964629123248,0.388789187817004
"gene-LOC134687142|LOC134687142",7.30804972336841,0.041595615852636,0.181693061094184,0.480717894594963,NA
"gene-LOC134687143|LOC134687143",2772.17560032804,0.144113070284958,0.105805772342085,0.103530252969764,0.376515593148228
"gene-LOC134687144|LOC134687144",16.9257773996762,0.00356532023883062,0.170848462572448,0.959347320301453,0.986770319480221
"gene-LOC134687147|LOC134687147",42.8505519492642,0.0539957806784048,0.180151987606234,0.441098089790837,0.748640163354425
"gene-LOC134687150|LOC134687150",58.855074417463,-0.337723584141016,0.225262839801688,0.0172218778088085,0.155486521032803
"gene-LOC134687152|LOC134687152",18.0634821669392,-0.165047061491065,0.244401261812078,0.0905108698325212,0.354950803762658
"gene-LOC134687153|LOC134687153",220.81647513754,0.0600597222878439,0.0935346684002336,0.458140670868875,0.759544727242592
"gene-LOC134687154|LOC134687154",151.112952831716,-0.0420296925581547,0.0955101455208585,0.607891704226564,0.84058975616787
"gene-LOC134687157|LOC134687157",19.2752313878432,-0.236348110515359,0.174570701922662,0.0464196990251891,0.261410548712399
"gene-LOC134687160|LOC134687160",10.6303819008401,-0.0796863060953173,0.181134788590895,0.337841458392336,0.671271494041791
"gene-LOC134687168|LOC134687168",7.98207839462531,-0.0248099146777888,0.186119747221923,0.393459917638235,NA
"gene-LOC134687172|LOC134687172",11.150241082502,0.0687173823306325,0.194619527807128,0.221874649446005,0.555955503884862
"gene-LOC134687173|LOC134687173",555.745277316592,-0.0897318036513536,0.139888620118582,0.357257015042469,0.688588172006813
"gene-LOC134687174|LOC134687174",244.575032946594,0.0378761804132733,0.109209317553671,0.669725685248973,0.874285257527977
"gene-LOC134687179|LOC134687179",80.164967624879,0.106537102127994,0.130323989737093,0.273954923336056,0.609122301384034
"gene-LOC134687180|LOC134687180",18.7313642754194,0.070878918047605,0.169726340916929,0.42241223452535,0.734252743656086
"gene-LOC134687181|LOC134687181",114.908062909865,0.0230998026390423,0.112975232590925,0.798777511161052,0.929028186366712
"gene-LOC134687183|LOC134687183",9.57249935895456,-0.763178618750036,0.332129061007941,0.00111386838077666,0.0318555036891481
"gene-LOC134687190|LOC134687190",88.2621105552847,0.154450312610603,0.284975744992062,0.0104536623250776,0.118636739028961
"gene-LOC134687194|LOC134687194",24.9665219141897,0.186104100653179,0.193785569724443,0.103559963304755,0.376515593148228
"gene-LOC134687196|LOC134687196",17.7410703341447,0.0380637596583435,0.172499966725345,0.603823440544861,0.837509762578744
"gene-LOC134687198|LOC134687198",8.27195993615036,0.0619648995042399,0.190750770681269,0.278439721661459,NA
"gene-LOC134687200|LOC134687200",79.7192384770991,-0.0669508123091391,0.0965361339791343,0.417219661600845,0.731662042816944
"gene-LOC134687204|LOC134687204",13.8563144106265,0.305436168539199,0.479901966953069,0.0233390381212164,0.182747765923664
"gene-LOC134687205|LOC134687205",22.9104706036945,-0.0975635680827562,0.17825644530894,0.292908746979154,0.628360269236454
"gene-LOC134687206|LOC134687206",232.576825410729,-0.168240712436552,0.0971582914730108,0.0441402280298961,0.255467690594581
"gene-LOC134687209|LOC134687209",27.8003629881222,-0.0783409462114452,0.149034479253015,0.41775033287618,0.731684880296006
"gene-LOC134687211|LOC134687211",26.9882162130433,1.53426457051206,0.307637986883173,3.15410084723695e-08,1.27986403267881e-05
"gene-LOC134687212|LOC134687212",30.4893474788275,0.0161194771939631,0.157181408628695,0.851112225033682,0.94966753615124
"gene-LOC134687214|LOC134687214",77.6638278179975,0.316387432603986,0.131869362950239,0.0034803228734782,0.0603807084747856
"gene-LOC134687215|LOC134687215",5.96106822801734,0.000863628956602176,0.180995074088673,0.985004506475749,NA
"gene-LOC134687216|LOC134687216",14.3274154473605,1.02174196055822,1.40923207018694,0.00613277818302126,0.0869643404483041
"gene-LOC134687224|LOC134687224",7.48692394607389,0.0362368008532407,0.167140536016829,0.647856993097523,NA
"gene-LOC134687225|LOC134687225",420.092154361631,-0.737858734477561,0.248538286036261,0.000165596277892323,0.0100246009322839
"gene-LOC134687227|LOC134687227",45.9861790727458,0.047621676316181,0.11868630297993,0.604943643648818,0.838144777861411
"gene-LOC134687228|LOC134687228",7.73761728508771,-1.2479244728082,0.637686509315114,0.00152518551099736,NA
"gene-LOC134687230|LOC134687230",17.0351864948541,0.00132554954517803,0.167439633219057,0.98685622833731,0.994206605762167
"gene-LOC134687231|LOC134687231",8.13022817600775,0.0107482275898181,0.183503532021026,0.742344900635367,NA
"gene-LOC134687235|LOC134687235",22.6990099296055,0.0923951389600447,0.194424622021806,0.241552922251264,0.57969866489595
"gene-LOC134687239|LOC134687239",13.0725064042336,0.0199993755621481,0.183675613498424,0.591647337555231,0.829713415244029
"gene-LOC134687243|LOC134687243",573.915352056435,0.0229960700414746,0.105873077665355,0.793965099646047,0.928130564935971
"gene-LOC134687244|LOC134687244",47.4696620624234,0.336422795108069,0.186342773573159,0.0112107134878559,0.123132407992931
"gene-LOC134687246|LOC134687246",47.1075988900834,0.00395136267703775,0.14711151921062,0.966084561227176,0.989660818401584
"gene-LOC134687248|LOC134687248",1845.92006026888,-0.00112290427873091,0.0920249554964928,0.987652665716021,0.994257256425384
"gene-LOC134687253|LOC134687253",16.0705294427381,0.0083511640499683,0.182460698170801,0.822371314133002,0.941001940894699
"gene-LOC134687254|LOC134687254",9.3537995348528,0.10238822693333,0.182962621240902,0.270319598356013,0.605353711324991
"gene-LOC134687256|LOC134687256",44.5662345499161,-0.134233794993064,0.179260267426459,0.193541915120205,0.518382892569848
"gene-LOC134687257|LOC134687257",14.74221211076,-0.456694756201695,0.666564892049871,0.0132416518505887,0.136799186869448
"gene-LOC134687258|LOC134687258",237.656340467485,0.294528500348924,0.167089865233071,0.015949682006223,0.149816650936523
"gene-LOC134687264|LOC134687264",24.2004393975278,0.271557069483624,0.237781715945753,0.0413264003994846,0.248844211473896
"gene-LOC134687280|LOC134687280",7.38300534681757,0.0582743630167849,0.183884997992549,0.384115766018055,NA
"gene-LOC134687282|LOC134687282",7.11468845842469,0.021675027173219,0.184708460542256,0.520362814697223,NA
"gene-LOC134687283|LOC134687283",15.6552852201406,-0.0169529144307103,0.154501971540992,0.845704804266118,0.948415152826612
"gene-LOC134687284|LOC134687284",22.9949577094266,0.172601062797536,0.208280001827736,0.1187366095061,0.394384809382699
"gene-LOC134687289|LOC134687289",49.1449805038834,0.34566460691367,0.185266023754986,0.00951377741673358,0.111895246221747
"gene-LOC134687290|LOC134687290",26.9333463888445,0.0589688422923872,0.131497478994504,0.534996095268608,0.800436174125587
"gene-LOC134687291|LOC134687291",9.02689195047818,-0.0409943234483095,0.187332976837055,0.336903387337932,0.669772003570021
"gene-LOC134687297|LOC134687297",126.047253686274,0.0304587124744562,0.100419614217459,0.719402771874257,0.897594438976695
"gene-LOC134687298|LOC134687298",19.5445086617034,-0.231783146562396,0.200752218692891,0.0572622022002797,0.289355044616888
"gene-LOC134687299|LOC134687299",1278.83623819969,0.0627415049320888,0.107379418052678,0.477776271983308,0.766288513519123
"gene-LOC134687300|LOC134687300",43.2932709102242,-0.177808504679279,0.233424412163315,0.0969518721112708,0.366525847498085
"gene-LOC134687302|LOC134687302",76.9150165442405,-0.0431327337566049,0.125919413872361,0.643825982129454,0.862370250040993
"gene-LOC134687308|LOC134687308",21.6575352662904,0.00391366662713192,0.170678739396537,0.954956760279019,0.985236037805162
"gene-LOC134687312|LOC134687312",18.0076416082917,0.0883763090026566,0.15699654801702,0.364872285680784,0.693656214110476
"gene-LOC134687313|LOC134687313",12.7041808061933,0.0988856030246388,0.175003565761567,0.296894271149537,0.632493649518168
"gene-LOC134687315|LOC134687315",69.62174305094,0.0483606563696479,0.118890753178736,0.599853410881292,0.835812535878854
"gene-LOC134687316|LOC134687316",10.728818902435,-0.022993467049384,0.185188030667185,0.474236125563022,0.765558069143675
"gene-LOC134687317|LOC134687317",237.568206987674,0.0624149384656751,0.0817729928143216,0.396350721107827,0.717458653524553
"gene-LOC134687319|LOC134687319",10.9954117858665,-0.0459516928068442,0.158170933119112,0.60306101064747,0.837306109531757
"gene-LOC134687322|LOC134687322",17.155302550814,-0.111739241834398,0.212193524246055,0.144965663294807,0.442570217279314
"gene-LOC134687323|LOC134687323",102.441466916586,-0.386702050405559,0.268041355804149,0.0135446651495184,0.138003664617467
"gene-LOC134687325|LOC134687325",60.5528289256021,-0.187493287909844,0.139582091628803,0.0727320733182173,0.323923819217231
"gene-LOC134687328|LOC134687328",25.5174094520968,-0.029610687205017,0.137400288694236,0.744478539646813,0.907640002266787
"gene-LOC134687329|LOC134687329",6.53394640387182,0.0184218317547604,0.183131235759251,0.632989796339977,NA
"gene-LOC134687336|LOC134687336",33.020584676014,-0.0264104499925914,0.182777520052767,0.555926614615515,0.812485555973805
"gene-LOC134687348|LOC134687348",11.2196922511243,-0.0671244601473508,0.168607925877624,0.441346730527168,0.748640163354425
"gene-LOC134687350|LOC134687350",110.397359171993,0.456318973133478,0.373361308688462,0.0127031466053273,0.133887132475196
"gene-LOC134687351|LOC134687351",14.1394601891862,0.0772007326269048,0.187247047926332,0.307705385211411,0.643454798261771
"gene-LOC134687352|LOC134687352",9.44525211286471,0.157795839246645,0.259023701301273,0.0633434653410277,0.302392595327363
"gene-LOC134687354|LOC134687354",785.699719095088,0.197747325973846,0.126728100118892,0.0484642597752357,0.265752968016758
"gene-LOC134687355|LOC134687355",28.7822616933247,-0.026115117830381,0.158024142421025,0.757965758510155,0.913410641834379
"gene-LOC134687359|LOC134687359",48.1561450017513,0.0250134724146019,0.187173628360027,0.277837742887377,0.613645864544724
"gene-LOC134687360|LOC134687360",11.1392141495526,0.263882089807701,0.363161761769062,0.0357572059850227,0.229097046065444
"gene-LOC134687366|LOC134687366",100.073506414343,0.724376647549653,0.194694488917093,1.3812015190334e-05,0.00180148140982499
"gene-LOC134687367|LOC134687367",18.1320696371806,-0.0202507889637619,0.150620036761883,0.819396630332364,0.939012643124375
"gene-LOC134687369|LOC134687369",37.9181318346805,0.093227034361722,0.145080200212939,0.344292254839752,0.676667936943662
"gene-LOC134687371|LOC134687371",32.7321102043366,0.0697326744241259,0.138781023348838,0.468842129135496,0.763108981909643
"gene-LOC134687372|LOC134687372",35.04036162463,0.104678553682346,0.151661252351943,0.296413483781641,0.632493649518168
"gene-LOC134687373|LOC134687373",19.0620331062609,0.125635882175346,0.173983898063673,0.220870343450974,0.554758249162969
"gene-LOC134687374|LOC134687374",88.8489535101559,-0.350626280173087,0.201256813810395,0.0110328059774706,0.121543913815151
"gene-LOC134687387|LOC134687387",12.1118715421441,-0.262435532746985,0.262248558686867,0.0463288028318823,0.261410548712399
"gene-LOC134687389|LOC134687389",7.44440246647519,-0.0653308676664605,0.179958701643057,0.393041292127391,NA
"gene-LOC134687394|LOC134687394",23.4410181890673,0.106620958512555,0.181436534432217,0.263407524092066,0.598795068773249
"gene-LOC134687409|LOC134687409",25.4167653398341,0.0731698462965182,0.193311269157397,0.252831631273589,0.589303614616709
"gene-LOC134687410|LOC134687410",8.69920051634726,-0.0157893199552127,0.179980779676223,0.743119934119974,0.906710099467667
"gene-LOC134687412|LOC134687412",9.6482317335476,-0.0805139966206146,0.171737551210988,0.37047958067241,0.698232694300389
"gene-LOC134687417|LOC134687417",80.5875354567734,0.203915816807756,0.118823475931808,0.0349295352187132,0.225774624103966
"gene-LOC134687421|LOC134687421",22.8674555755346,-0.027747396196945,0.157209761453211,0.746545795078355,0.908405854766401
"gene-LOC134687424|LOC134687424",41.9644430707079,0.0998250549448277,0.152874806475,0.317077649464699,0.652911533601758
"gene-LOC134687425|LOC134687425",23.4970388777093,0.0317889245284768,0.171635453877216,0.660925154629257,0.870742664035371
"gene-LOC134687426|LOC134687426",21.8822217988424,0.308239205456175,0.194450035538887,0.0190159696549005,0.164955632255812
"gene-LOC134687427|LOC134687427",11.8717438131448,-0.711853407750666,0.743849167796313,0.00700401617648496,0.0943862253746239
"gene-LOC134687429|LOC134687429",25.029428609917,0.0937867358501725,0.215192351984577,0.0576185931424951,0.290439064398057
"gene-LOC134687432|LOC134687432",24.4215478542807,-0.246915813500652,0.243780743839521,0.0527062124481614,0.27698575973093
"gene-LOC134687433|LOC134687433",35.0053697530753,-0.00195072979915146,0.170076224195644,0.976081482214752,0.991980289222603
"gene-LOC134687434|LOC134687434",35.7576772626653,-0.505253475127278,0.392620013683515,0.00917011158947885,0.109947085025181
"gene-LOC134687435|LOC134687435",116.40845567297,-0.0720305963620095,0.0910243436845802,0.363304752922863,0.691787323120926
"gene-LOC134687436|LOC134687436",5643.88212916294,-0.184185937037114,0.130783406296707,0.0660936025099084,0.30937322044293
"gene-LOC134687438|LOC134687438",28.8568395105032,-0.193215981305672,0.198155645386376,0.0937014836569259,0.360370690491233
"gene-LOC134687439|LOC134687439",8.64811849600723,0.0492388979518756,0.181023672738224,0.452770972970002,0.756413354659857
"gene-LOC134687442|LOC134687442",38.0067919321052,0.0789630604723754,0.190601510307366,0.279930992361924,0.61527952800711
"gene-LOC134687443|LOC134687443",13.6055134901644,0.171767684744672,0.239382176655113,0.0964703805005838,0.366036186585072
"gene-LOC134687444|LOC134687444",26.2687243390069,0.363039233192012,0.257776918280399,0.0170230345425864,0.154523328884253
"gene-LOC134687445|LOC134687445",10.9842127641989,0.0432538480607389,0.159451925112295,0.621160168097155,0.84979396141643
"gene-LOC134687446|LOC134687446",18.8804923822705,-0.0293574359902608,0.182334699364222,0.54320747320394,0.804132019513899
"gene-LOC134687447|LOC134687447",12.9835462625349,0.0273752392742065,0.179605076713219,0.620449992475791,0.849789271055738
"gene-LOC134687451|LOC134687451",18.3024953576262,-0.133540926749667,0.227690601725758,0.108272571155757,0.381019677617619
"gene-LOC134687452|LOC134687452",28.529766419827,0.116206477864978,0.150196228763311,0.252257446335347,0.589130303037539
"gene-LOC134687455|LOC134687455",257.936903604073,0.109125284493296,0.108866269969145,0.220243600316996,0.553564782076853
"gene-LOC134687457|LOC134687457",10.6311949318433,0.03658660549896,0.167726873412114,0.646216447778779,0.862830318168985
"gene-LOC134687460|LOC134687460",21.3514697155582,-0.0856523523119416,0.201930486678593,0.170092151520086,0.481057572710393
"gene-LOC134687462|LOC134687462",676.234900850175,0.000352272629771259,0.120489133562378,0.998214247530765,0.999350774880081
"gene-LOC134687468|LOC134687468",6.61604876291143,-0.0086975517475922,0.182698061751948,0.805021704390509,NA
"gene-LOC134687471|LOC134687471",5.46821837037854,-0.0217045841130799,0.185753743125107,0.434812586067578,NA
"gene-LOC134687472|LOC134687472",89.1901399157717,0.121126777474357,0.141157893410789,0.230204908821183,0.566324235106071
"gene-LOC134687482|LOC134687482",22.8648006792231,-0.0365067129052778,0.151808335076827,0.685679915823496,0.881738598006672
"gene-LOC134687498|LOC134687498",7.5537566955769,-0.0674919617050773,0.201750475565989,0.0431368645110873,NA
"gene-LOC134687507|LOC134687507",32.5986721963756,0.0491194571009309,0.189005901285878,0.297655694026276,0.63292817118075
"gene-LOC134687508|LOC134687508",49.8706913260812,0.0540047550493846,0.14150247105716,0.569130804768833,0.817946493625246
"gene-LOC134687509|LOC134687509",74.9759611473029,-0.348940575398937,0.153124956780037,0.0037626143074225,0.0633228914779124
"gene-LOC134687511|LOC134687511",27.0455863404585,0.424371809534057,0.237577824075774,0.00723836874827307,0.0955852328412856
"gene-LOC134687515|LOC134687515",8.44442968947741,0.0522501311573949,0.180636766223173,0.444340367791733,0.74989475369772
"gene-LOC134687528|LOC134687528",12.8294261287406,-0.0981556220652048,0.213688001710402,0.0961050903279764,0.365631292545164
"gene-LOC134687534|LOC134687534",22.265398056599,0.0686617200753703,0.161411026152243,0.456060389175286,0.759008374628369
"gene-LOC134687536|LOC134687536",35.7572913073619,0.32152775750684,0.224251841281106,0.021536077340126,0.176344740910628
"gene-LOC134687539|LOC134687539",19.5971421635751,0.0485206562160756,0.145747385439123,0.604750446812379,0.838144777861411
"gene-LOC134687542|LOC134687542",28.2363402180948,0.0459582687736812,0.163095195094613,0.590929995399067,0.829072740375486
"gene-LOC134687548|LOC134687548",410.169518275288,0.0483381079973727,0.0966032368497664,0.559691819433546,0.815371050559352
"gene-LOC134687549|LOC134687549",47.646274246928,-0.113203190906016,0.143124854316343,0.259213576475663,0.594814942688734
"gene-LOC134687550|LOC134687550",26.5097170184564,-0.016922612864962,0.154373881185268,0.844297041666502,0.947860356680987
"gene-LOC134687551|LOC134687551",7.19756919604885,0.00203983672978682,0.176646560824274,0.972043449319371,NA
"gene-LOC134687556|LOC134687556",9.94350549114586,0.00565902143234295,0.178270377364838,0.913084082783324,0.973951058977618
"gene-LOC134687557|LOC134687557",23.2516536158158,-0.00988498235255914,0.18464942352202,0.689291761179022,0.883494793758255
"gene-LOC134687559|LOC134687559",57.9341947803347,0.107773759790806,0.122246718648284,0.255604294256701,0.591061629955809
"gene-LOC134687560|LOC134687560",105.926417549092,-0.0625133374127962,0.139376673391239,0.512255065127172,0.785310813099577
"gene-LOC134687561|LOC134687561",67.5565126487557,0.0232233063590796,0.117425349484315,0.79992583023826,0.929028186366712
"gene-LOC134687563|LOC134687563",26.559169095037,-0.0202382178221606,0.161700411867206,0.802167808739668,0.930152988575097
"gene-LOC134687566|LOC134687566",66.8670759219259,0.351604301345561,0.178280483989687,0.00742401926619759,0.0967849210881575
"gene-LOC134687568|LOC134687568",33.4499494537824,0.297475528837816,0.176962910509266,0.0177764925507266,0.158614569569174
"gene-LOC134687569|LOC134687569",13.4469426659092,0.00806478248348003,0.180952122373526,0.852865679186949,0.950561841435073
"gene-LOC134687571|LOC134687571",6.592056613998,0.0292012160770709,0.182532683810568,0.54419718894832,NA
"gene-LOC134687574|LOC134687574",18.3675597884454,0.0963422286845163,0.168938819994594,0.317068417672637,0.652911533601758
"gene-LOC134687577|LOC134687577",10.80652724118,-0.0861976821109752,0.2088888367106,0.081701853999754,0.341977273131348
"gene-LOC134687578|LOC134687578",30.0870134796935,0.00555827186258358,0.135359776801153,0.952918511088764,0.984875732983208
"gene-LOC134687581|LOC134687581",46.0942533069151,-0.0908465522433314,0.142708618102856,0.354315326073504,0.686602459888457
"gene-LOC134687585|LOC134687585",17.7703570235389,-0.863709758368206,0.405007663283395,0.00126286621565797,0.0342898692905793
"gene-LOC134687586|LOC134687586",163.531841695028,0.480855685637325,0.196096160947757,0.00138354162715664,0.0352104113057566
"gene-LOC134687591|LOC134687591",28.2853675228855,-0.188594563328468,0.170995131755023,0.09369249300626,0.360370690491233
"gene-LOC134687596|LOC134687596",38.8783317459645,0.210555668642307,0.222295445017579,0.0784173144113265,0.336032203896429
"gene-LOC134687598|LOC134687598",23.8272240668805,-0.14028128435301,0.191915278161148,0.172323381991985,0.483602529346774
"gene-LOC134687603|LOC134687603",20.9978805386494,-0.0134716258001865,0.168841810750976,0.849893487520483,0.949567149848377
"gene-LOC134687604|LOC134687604",10.7759744601972,-0.0073884633213393,0.166472489592401,0.91989902687577,0.975881262498275
"gene-LOC134687610|LOC134687610",11.8375164077955,-0.039988507052961,0.157683424774761,0.647653299035928,0.863762600304541
"gene-LOC134687613|LOC134687613",12.5560253548724,-0.0996271129579629,0.18911705984769,0.255090273271456,0.590735369681267
"gene-LOC134687618|LOC134687618",26.9249188964711,0.138480625268979,0.237860709237281,0.086776480683952,0.349457678103089
"gene-LOC134687619|LOC134687619",19.9924244833908,0.15223580787217,0.216822718326834,0.131616124340614,0.419060231989469
"gene-LOC134687627|LOC134687627",16.8269504417632,-0.00197186982522476,0.154654498784116,0.980813568225683,0.992729503672812
"gene-LOC134687630|LOC134687630",25.6176432949535,0.0473311843954217,0.164807884606835,0.576208069043465,0.821675856363426
"gene-LOC134687631|LOC134687631",131.879456582081,-0.0240440659022671,0.157527398808797,0.776525133530323,0.921617126274472
"gene-LOC134687632|LOC134687632",20.0014981032535,0.0148406716784515,0.167124042321898,0.843145322719,0.94769256508719
"gene-LOC134687638|LOC134687638",25.8241058349939,-0.121257902333422,0.22153278406678,0.114726548630365,0.389568903391996
"gene-LOC134687640|LOC134687640",23.7599003698612,0.167102383493832,0.243096599420967,0.0936349725360427,0.360370690491233
"gene-LOC134687645|LOC134687645",9.32120277042375,-0.062632821853692,0.186935109806921,0.333734911482371,0.667657426809053
"gene-LOC134687647|LOC134687647",69.8918101224581,-0.461732944179707,0.23521479397637,0.00425444550843198,0.0692149863489185
"gene-LOC134687650|LOC134687650",9.56154000524613,-0.0918333308026989,0.211802182160802,0.0812311202815598,0.341376353588327
"gene-LOC134687670|LOC134687670",21.0439512060165,0.0125840663120992,0.148758888189032,0.889222810258993,0.965876007167068
"gene-LOC134687679|LOC134687679",123.785261835559,-0.510478854112957,0.229609878109688,0.0020439431315719,0.0442995864480746
"gene-LOC134687704|LOC134687704",10.7962604622806,0.086176786090782,0.205354858538879,0.133500105924323,0.422297433378629
"gene-LOC134687712|LOC134687712",21.1164525918691,-0.0188784720457027,0.186078329916762,0.39817068688338,0.717599701142351
"gene-LOC134687714|LOC134687714",67.1699712294575,0.0822424608370901,0.160905496263902,0.38818395276779,0.71095676805816
"gene-LOC134687715|LOC134687715",30.2750149194723,-0.00453154573934996,0.185205793708146,0.792027717808558,0.927763996462669
"gene-LOC134687730|LOC134687730",27.980156523777,-0.0664770330059306,0.125187909184021,0.479936506025566,0.767898409640906
"gene-LOC134687744|LOC134687744",17.4669100773594,0.178985799080679,0.199691917881603,0.111280822384651,0.385942605269463
"gene-LOC134687754|LOC134687754",29.5753516764196,-0.446831840260231,0.291455721056994,0.00912667841557896,0.109820855267527
"gene-LOC134687770|LOC134687770",15.4551343760722,-0.212530006910638,0.251995882608591,0.0698878638902795,0.31777201574289
"gene-LOC134687823|LOC134687823",11.5167987344063,-0.0374824309229673,0.15955871796277,0.663042426753392,0.872161925793236
"gene-LOC134687833|LOC134687833",50.2126899925584,-0.0346164244844434,0.154108629241659,0.696260278320036,0.885694443708241
"gene-LOC134687836|LOC134687836",22.556923084283,0.0145695406201808,0.177969517649956,0.789484759902841,0.926768482516198
"gene-LOC134687860|LOC134687860",44.1527669568562,0.400880614180061,0.163333834263929,0.00192469025143085,0.0429906348515318
"gene-LOC134687868|LOC134687868",888.090425238552,0.00259244631787882,0.183506833043617,0.939632725029737,0.982276445936544
"gene-LOC134687870|LOC134687870",6.69138554059884,-0.00441329463707912,0.181434604505118,0.910385234519093,NA
"gene-LOC134687879|LOC134687879",93.712814216273,-0.208922535042053,0.282679839771227,0.0582515929317197,0.291128312721651
"gene-LOC134687903|LOC134687903",56.5591384900159,-0.069024679823258,0.151257655527574,0.466527904870069,0.762382103707458
"gene-LOC134687904|LOC134687904",35.5247338873013,0.105004550484746,0.145857850999772,0.29367178196616,0.629639232963791
"gene-LOC134687913|LOC134687913",14.8148995986723,0.253633838402067,0.301084557796128,0.0466379362834674,0.262320586450181
"gene-LOC134687941|LOC134687941",31.1635546488882,-0.689329202303646,0.262778596277231,0.000507140783534406,0.0197029589517835
"gene-LOC134687951|LOC134687951",16.9469433342109,-0.0660681799344784,0.175758153328144,0.41771821869635,0.731684880296006
"gene-LOC134687952|LOC134687952",14.4676134597876,0.0701745225076677,0.196380527706198,0.197820725111872,0.524463940700506
"gene-LOC134687958|LOC134687958",6.9392947621864,-0.0626249912156492,0.199781388507982,0.0373761822314603,NA
"gene-LOC134687982|LOC134687982",199.909021721498,-0.113172036292544,0.0918461500384992,0.156726333527898,0.460655589572542
"gene-LOC134687984|LOC134687984",6.94457691030879,-0.028554482306106,0.18442809446956,0.481556051133112,NA
"gene-LOC134687988|LOC134687988",15.9717032917398,0.0931800094907066,0.193370978791421,0.246813037793069,0.585299489623563
"gene-LOC134688002|LOC134688002",6.36246753363188,-0.171599659546068,0.32697387603095,0.00130864425444674,NA
"gene-LOC134688009|LOC134688009",7.36912885691348,-0.0230276089688798,0.185149742755718,0.477021060214385,NA
"gene-LOC134688016|LOC134688016",71.080077086822,0.170844184588899,0.108492647631116,0.0588970508153573,0.291546286914326
"gene-LOC134688021|LOC134688021",128.875272876524,0.430535654524947,0.168224973915527,0.00128333643425309,0.0344613577786197
"gene-LOC134688026|LOC134688026",19.5331622838123,0.0404762944069684,0.178574780274245,0.532530050825092,0.79917803394832
"gene-LOC134688053|LOC134688053",9.95850971412542,0.0319180955720551,0.152660751668343,0.72098052955762,0.898488617623077
"gene-LOC134688066|LOC134688066",48.50795758436,-0.188124429250293,0.154689721588581,0.0835456130102893,0.344755456173533
"gene-LOC134688075|LOC134688075",23.3439682407261,0.0023673351906472,0.159661134340593,0.978129385745103,0.992206620821689
"gene-LOC134688085|LOC134688085",9.21380976429565,0.264896851561469,0.368931250875717,0.0346284185424668,0.224942263050374
"gene-LOC134688122|LOC134688122",27.6704273203611,-0.0216335843087294,0.133990585731295,0.815805739258451,0.937860797680614
"gene-LOC134688123|LOC134688123",95.6717543632854,-0.0398698807852306,0.175359817949286,0.560321723368915,0.815671947128201
"gene-LOC134688126|LOC134688126",140.109142468604,-0.0298514434985686,0.105948962508489,0.731378901273496,0.902997609116253
"gene-LOC134688133|LOC134688133",6.10194907090498,-0.00965341887665062,0.181985677532385,0.803841534548775,NA
"gene-LOC134688148|LOC134688148",9.03826714124065,0.0126195829757722,0.177904066481828,0.815323846795528,0.937579726848238
"gene-LOC134688158|LOC134688158",27.6087731997535,-0.667453301407322,0.264116658461147,0.000663612349977863,0.022866094934546
"gene-LOC134688159|LOC134688159",11.6780501080283,-0.17272763649513,0.288983277746739,0.0356482847808133,0.229097046065444
"gene-LOC134688160|LOC134688160",24.9891720588301,-0.287360245323039,0.246488244985669,0.0345874329433089,0.224942263050374
"gene-LOC134688181|LOC134688181",22.2887136016961,0.462315194234357,0.245887042874029,0.00522079554645845,0.0776633211228769
"gene-LOC134688182|LOC134688182",20.9780927920209,-0.391599342246451,0.209217951794531,0.00717703435249537,0.0951380379503198
"gene-LOC134688189|LOC134688189",16.8574961421628,-0.162528912447123,0.185382271653473,0.136980998950282,0.42921888302568
"gene-LOC134688209|LOC134688209",9.45705806860557,-0.0142507387585856,0.176962610841778,0.798856063882158,0.929028186366712
"gene-LOC134688210|LOC134688210",44.0479625535034,0.0177156117325036,0.161741802370008,0.828024172278425,0.943316813472115
"gene-LOC134688211|LOC134688211",25.9954974660405,0.00572308322876043,0.142639206104379,0.950964587526027,0.984494493039383
"gene-LOC134688216|LOC134688216",37.1978075678346,-0.158831258300481,0.170321855737583,0.142396250423341,0.438179037893196
"gene-LOC134688226|LOC134688226",10.058052709463,0.349927411449978,0.349003469747379,0.0245664369193879,0.187888225402313
"gene-LOC134688227|LOC134688227",10.6394500395372,-0.0117416061317394,0.157464488590594,0.859718925923129,0.953010629070047
"gene-LOC134688228|LOC134688228",34.1563654519182,0.0272059843235864,0.146169150323981,0.767549738655255,0.916642133933614
"gene-LOC134688238|LOC134688238",97.5766350555858,-0.446321571634603,0.207436688030366,0.00304559796588015,0.0572374108971868
"gene-LOC134688240|LOC134688240",36.6617179660835,0.1637157789093,0.152637660108041,0.124006477138804,0.403669920945479
"gene-LOC134688241|LOC134688241",296.435616890746,0.0488026473987017,0.107534857071961,0.580228393587274,0.822792030282288
"gene-LOC134688248|LOC134688248",25.2824029539327,-0.0987075868983075,0.187066620681346,0.263041965491374,0.598336504499843
"gene-LOC134688249|LOC134688249",5.9228329035175,-0.00927666568346286,0.183120961007368,0.781813917055855,NA
"gene-LOC134688250|LOC134688250",14.9254281889921,0.00605246583186646,0.160251729994333,0.941769291311413,0.9826587964502
"gene-LOC134688255|LOC134688255",81.0555243456125,-0.246889971695646,0.211542224458079,0.0491520876162628,0.267678420305177
"gene-LOC134688256|LOC134688256",18.5647344981832,-0.0494691935117999,0.174894389920886,0.505885212298694,0.782007532408394
"gene-LOC134688258|LOC134688258",10.8008942662781,-0.094943262473462,0.186961789867896,0.272520696982334,0.607969203041835
"gene-LOC134688259|LOC134688259",56.1051200102866,-0.521461700594428,0.180164519368098,0.000350360781214823,0.0152252236789402
"gene-LOC134688266|LOC134688266",39.2369157077555,-0.0769520351802769,0.147496057848375,0.426501302188995,0.73696841996414
"gene-LOC134688267|LOC134688267",6.85426731328454,0.020708931986356,0.181335163663535,0.657578431307583,NA
"gene-LOC134688271|LOC134688271",9.60444055727424,0.619639539871183,0.365893243997734,0.0045582141968662,0.0723438351900755
"gene-LOC134688272|LOC134688272",14.6305889321053,0.118022888563831,0.193724956242348,0.210873481049515,0.541758672383278
"gene-LOC134688273|LOC134688273",136.252753952099,0.027579558468709,0.0753257516594869,0.689353344691716,0.883494793758255
"gene-LOC134688274|LOC134688274",13.7373027579955,-0.00262900827665814,0.164688260637148,0.971719603534838,0.99111348081943
"gene-LOC134688277|LOC134688277",37.092408867552,-0.015598113235579,0.14759429330335,0.862338156111992,0.953887307624109
"gene-LOC134688278|LOC134688278",9.34303363167025,0.0811370851901133,0.172178238886317,0.37026277694356,0.698232694300389
"gene-LOC134688286|LOC134688286",24.2190360132457,0.170672826781897,0.204488092468106,0.121660776969739,0.398837663818209
"gene-LOC134688288|LOC134688288",8.83883754280392,-0.0778970418042872,0.20112692945725,0.147789272351785,0.445318830551749
"gene-LOC134688290|LOC134688290",15.2113682150738,0.0267865998888317,0.181493839040529,0.58984778907429,0.828828059137864
"gene-LOC134688291|LOC134688291",61.6625113840894,-0.111896985933483,0.123403320114257,0.241171684794033,0.579500224343356
"gene-LOC134688292|LOC134688292",104.326257806181,1.08521292287779,0.332420422638292,5.42545487438798e-05,0.00508045159006793
"gene-LOC134688300|LOC134688300",9.19830249159606,-0.0426387507782694,0.187515487465204,0.331549391147977,0.666256660814621
"gene-LOC134688301|LOC134688301",55.7274353076408,0.0204393193745073,0.142831547034326,0.825342076761333,0.941981536877499
"gene-LOC134688302|LOC134688302",72.6734739920509,-0.00857251761261706,0.180687744696519,0.840115201273607,0.94707747408349
"gene-LOC134688305|LOC134688305",19.9243007390768,-0.0472967723291612,0.168076147446002,0.56012266134743,0.815617208628714
"gene-LOC134688307|LOC134688307",160.681049202519,-0.356146542300564,0.270034130702822,0.0183369478295497,0.161365140900037
"gene-LOC134688313|LOC134688313",44.1391586528712,0.0122852603166588,0.145631777947398,0.893473146016914,0.967145830285884
"gene-LOC134688314|LOC134688314",56.5894261449026,0.0343294466818149,0.133119416947036,0.714388391565304,0.895621835220216
"gene-LOC134688320|LOC134688320",10.9852902285636,-0.101442114419293,0.218561818042812,0.0667189770250872,0.310787887877064
"gene-LOC134688321|LOC134688321",50.3373185306515,-0.0113749131999648,0.14112722590639,0.900708982778425,0.969749176033846
"gene-LOC134688322|LOC134688322",18.0042995600506,0.0210188775675233,0.156496842024635,0.807380703759674,0.932939196370931
"gene-LOC134688323|LOC134688323",54.3321358153989,-0.0473249456302983,0.131995222471942,0.615386079966609,0.846622290098858
"gene-LOC134688324|LOC134688324",10.1516783889779,0.0181349574471773,0.180422798275401,0.708426428674817,0.89260035633232
"gene-LOC134688325|LOC134688325",14.5570973176435,0.62259541128042,0.267813321849513,0.00129552421264968,0.0346612045757996
"gene-LOC134688331|LOC134688331",29.6112749372143,-0.115804170221102,0.168807717923388,0.249604159579985,0.587152586657717
"gene-LOC134688333|LOC134688333",8.03989186582461,0.0721935602202355,0.199832646625013,0.140523314004911,NA
"gene-LOC134688334|LOC134688334",89.5066456821819,-0.797810784332193,0.429909870778176,0.00225039381271988,0.047274075740722
"gene-LOC134688343|LOC134688343",26.4312238015182,0.020909775010836,0.177787258568413,0.713460579284248,0.895380768228892
"gene-LOC134688348|LOC134688348",80.8050817155672,-0.81732712844596,0.186530708844589,7.3651106790541e-07,0.000192124172856468
"gene-LOC134688349|LOC134688349",16.210873220146,-0.0891535374500658,0.181582896156852,0.308455257708308,0.643886025236205
"gene-LOC134688350|LOC134688350",682.780748532537,0.163696593575079,0.111399703517094,0.0738920060607683,0.325534299732559
"gene-LOC134688351|LOC134688351",13.6286675419593,0.0759453420073635,0.179304813896381,0.361174875206738,0.689760738654579
"gene-LOC134688352|LOC134688352",23.4390676576566,-0.424311859131989,0.343895076476307,0.0138309615454529,0.139342119722971
"gene-LOC134688364|LOC134688364",46.1167788189931,-0.663010417991025,0.242508246122847,0.000393827047034448,0.0166272413383792
"gene-LOC134688365|LOC134688365",51.1803941447409,-0.337498755622161,0.180641426038867,0.00952886680584973,0.111895246221747
"gene-LOC134688368|LOC134688368",913.458751792687,-0.00411451180359293,0.136715159431978,0.963770489655787,0.988815796663277
"gene-LOC134688372|LOC134688372",12.7012535479153,0.0606291168163515,0.154089626859351,0.51552659176717,0.78731173499742
"gene-LOC134688373|LOC134688373",17.0080731412578,-0.0377608459349414,0.184276209597086,0.44177353758917,0.74870749616306
"gene-LOC134688377|LOC134688377",32.2690716101268,-0.0129071321079257,0.131636392638034,0.889044211803415,0.965876007167068
"gene-LOC134688382|LOC134688382",309.970079050402,0.0929078412116779,0.119809177631778,0.321172972234226,0.657284222246788
"gene-LOC134688385|LOC134688385",32.1487374750085,0.0947673515459569,0.177227717217789,0.30608044183023,0.641679548544202
"gene-LOC134688388|LOC134688388",21.574995160645,0.0777649120763711,0.187647750277245,0.304881355140063,0.640636771560133
"gene-LOC134688391|LOC134688391",12.6748242717452,0.0438479850705541,0.191123155485023,0.163652321086322,0.470063190481412
"gene-LOC134688398|LOC134688398",16.4477614184505,-0.580553122928452,0.330262022603522,0.00426108730615977,0.0692149863489185
"gene-LOC134688400|LOC134688400",45.0629012518634,-0.0935317065021387,0.199863462293302,0.202493419313286,0.531636209440778
"gene-LOC134688403|LOC134688403",37.0138183147172,0.310985284785535,0.159073065515739,0.00982003485414179,0.114212634673012
"gene-LOC134688405|LOC134688405",9.85393154572133,0.0447589374399895,0.166312719869036,0.587110890383368,0.82733006849527
"gene-LOC134688406|LOC134688406",27.7731231461122,0.0965997779275984,0.141133042545033,0.327890569724608,0.663594547317411
"gene-LOC134688422|LOC134688422",14.6296697148504,0.0348164027373701,0.187339305201006,0.327334781492271,0.663371777282146
"gene-LOC134688429|LOC134688429",51.3794665321872,-0.306915583361464,0.152349874543879,0.0088895722723764,0.108964479918509
"gene-LOC134688430|LOC134688430",13.2857042887454,0.035988278329696,0.184013801084394,0.461332470859922,0.760652977325952
"gene-LOC134688440|LOC134688440",10.699319936763,-0.00127502521209282,0.182049624803558,0.970304899128859,0.991058020572458
"gene-LOC134688442|LOC134688442",25.0310379007578,-0.32587132110712,0.321844014998631,0.0273221405699588,0.198729057975444
"gene-LOC134688450|LOC134688450",11.6904066156168,-0.0859166005485572,0.210448737153532,0.0569422621059249,0.288623374338428
"gene-LOC134688451|LOC134688451",54.7265144739935,0.0332131269821451,0.119260899415167,0.71831197320794,0.897306422492012
"gene-LOC134688470|LOC134688470",108.684331845318,0.360775679990127,0.213145529697996,0.011572180818704,0.125599365852043
"gene-LOC134688472|LOC134688472",29.9117768777459,0.0186000387600423,0.141174802668543,0.841046903008856,0.94707747408349
"gene-LOC134688473|LOC134688473",135.44895743069,-0.588535589550523,0.199912604133038,0.000244303986679108,0.0130247906474759
"gene-LOC134688478|LOC134688478",13.5266960783005,0.00338609963120439,0.175892876986506,0.954426789783222,0.985217007976971
"gene-LOC134688484|LOC134688484",14.5150608270314,-0.189623837740623,0.300631147261802,0.042198006739637,0.251041720571021
"gene-LOC134688485|LOC134688485",9.29705870472487,-0.183275469566634,0.27612605276971,0.0604412096552721,0.295326685107531
"gene-LOC134688486|LOC134688486",21.9960353432071,0.0488372757732447,0.177060213518187,0.495396353173602,0.775820738124454
"gene-LOC134688493|LOC134688493",29.1176348082564,0.104735444577417,0.173678057949102,0.281502167278744,0.61707437869266
"gene-LOC134688497|LOC134688497",12.1471182048917,-0.13723624423289,0.253617908843589,0.0310524416111225,0.212464731039602
"gene-LOC134688500|LOC134688500",25.0776834435015,-0.0875666491061787,0.156559906348047,0.366924044390655,0.695204466985562
"gene-LOC134688502|LOC134688502",16.8531327428369,0.0690722595995793,0.187243842560337,0.322668355262362,0.658683529020763
"gene-LOC134688506|LOC134688506",11.9270638311227,0.0489079186552862,0.187742694045713,0.332614201353324,0.667054949666305
"gene-LOC134688512|LOC134688512",12.0060959998385,0.071045919844764,0.182559015555095,0.357492654470131,0.688588172006813
"gene-LOC134688513|LOC134688513",8.63482355820898,0.0403810587964658,0.183325317921689,0.457383313194269,0.759544727242592
"gene-LOC134688520|LOC134688520",94.9004007407767,-0.482815528672763,0.126972098422475,1.64511707730948e-05,0.00203934054562594
"gene-LOC134688525|LOC134688525",20.1211221992114,0.114357517326734,0.172177491038794,0.252348323392286,0.589130303037539
"gene-LOC134688527|LOC134688527",8.17868975483134,-0.0249553883039338,0.184461285421362,0.504350135176037,NA
"gene-LOC134688529|LOC134688529",73.4397335985966,0.167390541479423,0.141683130390287,0.107920750468603,0.381019677617619
"gene-LOC134688541|LOC134688541",14.8605869967709,-0.264408200407458,0.4304592432843,0.0246625152963524,0.188425744481755
"gene-LOC134688542|LOC134688542",17.6825320460706,-0.0839803519285075,0.154470953211269,0.386378349268177,0.709811963443349
"gene-LOC134688546|LOC134688546",11.4276764985218,-0.0584674808772099,0.183446568746033,0.385766022914243,0.709715972786821
"gene-LOC134688549|LOC134688549",16.3645706600167,-0.0240830492490864,0.179989937111317,0.64268859175559,0.862054209694454
"gene-LOC134688551|LOC134688551",11.714448852492,-0.0145902515738685,0.174608361877155,0.811997776241449,0.935302339935327
"gene-LOC134688564|LOC134688564",17.0862907105157,-0.0878880665535194,0.168951701042352,0.347706037009309,0.680322768367531
"gene-LOC134688571|LOC134688571",24.2046402584215,0.0218652171715834,0.17950364289359,0.679582717864694,0.878992769839512
"gene-LOC134688574|LOC134688574",9.6816666534944,0.0294978480738618,0.184779017277774,0.466323015352027,0.762382103707458
"gene-LOC134688576|LOC134688576",90.4452202473,0.382098250238313,0.205564843561821,0.00778382590789396,0.0993934692854152
"gene-LOC134688588|LOC134688588",10.0584546224796,-0.0242403482113041,0.167119004865576,0.749289072150483,0.909737962799943
"gene-LOC134688592|LOC134688592",161.030853712089,0.0440188664352492,0.0857325704985711,0.56389116722896,0.817009237008096
"gene-LOC134688593|LOC134688593",25.6039780257237,0.196471902729757,0.177058647786906,0.0865465610618253,0.349457678103089
"gene-LOC134688594|LOC134688594",21.8043059426617,-0.544685038871971,0.668137219299632,0.0100843849703524,0.115520774389742
"gene-LOC134688595|LOC134688595",11.0022525071513,0.208424013113418,0.252357891472922,0.0730871575081228,0.324515865312662
"gene-LOC134688597|LOC134688597",20.9227898118893,-0.0515911706934533,0.187027929583368,0.344355794307173,0.676667936943662
"gene-LOC134688598|LOC134688598",38.8417695879729,-0.266243266250044,0.26192211349911,0.0435256434036197,0.254390589445007
"gene-LOC134688602|LOC134688602",148.896950670022,-0.50352563664193,0.171700112676366,0.000319822466029746,0.0147774639874467
"gene-LOC134688604|LOC134688604",23.0492914213579,-0.108560234806793,0.207556782146379,0.166079356354263,0.474700044557976
"gene-LOC134688605|LOC134688605",14.8582941456509,0.0559234908886685,0.174732852693235,0.475724458745951,0.765853785338503
"gene-LOC134688692|LOC134688692",90.2192224786635,-0.512006316800154,0.276059982011301,0.0042531432559993,0.0692149863489185
"gene-LOC134688709|LOC134688709",42.4767808720546,0.0502410351744113,0.128523181223932,0.59466650764532,0.831918056280677
"gene-LOC134688781|LOC134688781",485.806466264365,0.430235137203385,0.221127183563487,0.00526148951862746,0.0779670571702421
"gene-LOC134688978|LOC134688978",184.001733761989,-0.00983603009296338,0.0847727528009413,0.895735472636148,0.967916535971467
"gene-LOC134689168|LOC134689168",17.740252667813,-0.0486647152230283,0.144994342711108,0.603033569319561,0.837306109531757
"gene-LOC134689184|LOC134689184",31.0985346550648,0.166108100930153,0.254311695646959,0.0783719429303978,0.336032203896429
"gene-LOC134689200|LOC134689200",30.9538701893693,-0.0250998233131458,0.144185578606883,0.784291253239211,0.92464039518194
"gene-LOC134689353|LOC134689353",38.3212091088683,0.0283759385893026,0.163109879660123,0.728521994480247,0.901564640483318
"gene-LOC134689399|LOC134689399",40.8770482432267,0.0809853052662513,0.159872994858648,0.396193094163658,0.717351105545702
"gene-LOC134689431|LOC134689431",35.1179852831074,0.0202590386328201,0.16506654720423,0.796066311499198,0.928130564935971
"gene-LOC134689568|LOC134689568",374.921639529708,0.0868649191507348,0.199542765988277,0.201524072778844,0.530234808204856
"gene-LOC134689594|LOC134689594",11.6321128218214,-0.093553472896532,0.175166845729676,0.313064292178948,0.649338534511101
"gene-LOC134689642|LOC134689642",104.149335717168,-1.31587273028916,0.794528322297201,0.00194872577584182,0.0433947959352093
"gene-LOC134689651|LOC134689651",283.564419979597,0.0191684527479463,0.184130028307133,0.582774175566383,0.823801544094612
"gene-LOC134689660|LOC134689660",183.45831769373,0.032185471260512,0.142647577507142,0.728494140310705,0.901564640483318
"gene-LOC134689709|LOC134689709",90.9727809401744,-0.41319221254206,0.186298094219179,0.00307184152435862,0.0572374108971868
"gene-LOC134689739|LOC134689739",135.621235314604,0.0173769276939703,0.119247420399912,0.8505022308746,0.949567149848377
"gene-LOC134689748|LOC134689748",260.626149359878,0.0150560482893159,0.185452623464684,0.524380691548474,0.793902456953513
"gene-LOC134689749|LOC134689749",53.7236414103229,0.0176847805394743,0.186583472279984,0.697925221709513,0.886855570523014
"gene-LOC134689775|LOC134689775",13.9298309912228,-0.134041086870822,0.192404594768558,0.184130633518957,0.505162420955789
"gene-LOC134689795|LOC134689795",425.929790546797,-0.0551668591888447,0.174087378890408,0.479700985033085,0.767804492953786
"gene-LOC134689803|LOC134689803",246.479152877462,0.0132057502172711,0.181702680647741,0.755262609503547,0.911964338400273
"gene-LOC134689851|LOC134689851",6.89639918584255,-0.0272037078768347,0.18385116583097,0.513511908940406,NA
"gene-LOC134689886|LOC134689886",7.76096264428001,0.0558167221499412,0.191001662274535,0.259637435481186,NA
"gene-LOC134689920|LOC134689920",23.2493417261637,-0.00426648987975202,0.153972333699136,0.959480121707082,0.986770319480221
"gene-LOC134689929|LOC134689929",12.914756246111,0.334554152363908,0.291271207444385,0.0254259210879526,0.190959403828814
"gene-LOC134689938|LOC134689938",11.8094736012687,0.0238136967267181,0.153075651750908,0.788250172642419,0.926070333115688
"gene-LOC134689949|LOC134689949",7.53460934174273,-0.00681829404293301,0.182483125895967,0.848134004256707,NA
"gene-LOC134689986|LOC134689986",17.1311806170462,-0.0155952376296236,0.185080016213534,0.548705050836566,0.808740012235365
"gene-LOC134689988|LOC134689988",12.0524496484837,-0.0122760558695319,0.185781645331011,0.482519926900223,0.768733904638168
"gene-LOC134690003|LOC134690003",150.512030957818,-0.194810184140337,0.142637432916187,0.0654993314416612,0.307459586664456
"gene-LOC134690044|LOC134690044",44.1155804395906,-0.0250179413841613,0.11306519119242,0.780204305467686,0.922852185771008
"gene-LOC134690050|LOC134690050",115.240707194349,-0.121150462274643,0.236114166054973,0.0428108533492448,0.253190666285736
"gene-LOC134690060|LOC134690060",1492.96531584613,0.0690402206923998,0.193030710802446,0.253204382578133,0.589357810819211
"gene-LOC134690073|LOC134690073",12.7524908003811,0.0291690332262266,0.174873790007128,0.660200090013445,0.870341358703986
"gene-LOC134690078|LOC134690078",8.89837548776793,0.0356346458566989,0.167679240837213,0.649915287716111,0.86513236039338
"gene-LOC134690094|LOC134690094",8.36169905569944,0.0485608941566422,0.186909995188062,0.353952578798636,0.686294036513204
"gene-LOC134690106|LOC134690106",21.3147976665339,-0.0768762542371019,0.204508027795122,0.0795677859337354,0.338475893104253
"gene-LOC134690109|LOC134690109",7.12397853294485,0.0480518966109281,0.189223369983502,0.284566451133417,NA
"gene-LOC134690112|LOC134690112",50.5629902657226,-0.110398604715169,0.190842355385884,0.22847133706631,0.56434042811374
"gene-LOC134690114|LOC134690114",26.7849581099841,0.0281881072862212,0.154513590771899,0.748897548463409,0.909535699031716
"gene-LOC134690130|LOC134690130",29.9447037663933,-0.758127366159977,0.267741347781055,0.000256201534805607,0.0132224703555143
"gene-LOC134690133|LOC134690133",36.6145820944603,-0.0753393733560606,0.143053913114405,0.434480306248926,0.743369444095141
"gene-LOC134690148|LOC134690148",40.2125731185869,0.236583726415726,0.430098084160273,0.0169058448078355,0.154236579754026
"gene-LOC134690185|LOC134690185",20.3089088520887,0.0199929053514334,0.176301107953889,0.739761222191719,0.905553047013525
"gene-LOC134690232|LOC134690232",11.476376297366,0.491402673107865,0.308540971856997,0.00749121400105683,0.0971861937188616
"gene-LOC134690247|LOC134690247",9.09898184806124,-0.0452210879361115,0.176500547751273,0.520266692309825,0.791968124457045
"gene-LOC134690263|LOC134690263",29.3994637062295,0.0486654293335322,0.166712976798626,0.5599378698403,0.815510708138296
"gene-LOC134690274|LOC134690274",15.567228648247,-0.0275143905196606,0.179698119703477,0.614310969403719,0.84638775868642
"gene-LOC134690276|LOC134690276",314.375825697489,0.125292172002969,0.103928238911111,0.151027087348093,0.45098194848343
"gene-LOC134690341|LOC134690341",1882.87214671332,0.159214858930069,0.258718771668711,0.0674895804365586,0.312745159804851
"gene-LOC134690359|LOC134690359",15.0165205320937,0.0067494358884809,0.157707033748727,0.93648819711803,0.98122361092384
"gene-LOC134690368|LOC134690368",3321.68227191635,0.0739504631889095,0.191697270183094,0.267332861355789,0.602836943712239
"gene-LOC134690375|LOC134690375",11.2042662000583,0.0711106854308003,0.168334023531139,0.424445792957225,0.735172029629556
"gene-LOC134690381|LOC134690381",87.686999732787,0.0315764362763841,0.186207551985675,0.390788879683851,0.713363405618116
"gene-LOC134690383|LOC134690383",11.6263207743701,0.12401979334065,0.185846840021717,0.212880087998637,0.544442609937118
"gene-LOC134690429|LOC134690429",43.8412111963351,-0.264517230909086,0.261818313755641,0.0433359444025322,0.254237540494855
"gene-LOC134690469|LOC134690469",2241.29486757953,0.114896304475611,0.166835949515333,0.257555435424479,0.592499181209572
"gene-LOC134690485|LOC134690485",151.425748423319,0.0291316401573151,0.108085188765063,0.741505533370168,0.905785755552463
"gene-LOC134690496|LOC134690496",19.3262399000042,0.275022321299091,0.338454696839293,0.0381304093082261,0.238649965370423
"gene-LOC134690518|LOC134690518",15.5303715451901,0.0695071755578704,0.145325628572948,0.468979944504022,0.763108981909643
"gene-LOC134690531|LOC134690531",93.8423150794613,0.396247878846969,0.245930377187514,0.0108748212721542,0.120696210186545
"gene-LOC134690571|LOC134690571",396.882417180147,-0.00522058049905393,0.183246531720975,0.86305214703478,0.954046500877709
"gene-LOC134690574|LOC134690574",402.644180946046,-0.00534364355763074,0.18326020472799,0.85953185538011,0.953010629070047
"gene-LOC134690612|LOC134690612",79.3794455073441,0.0272134912237416,0.185669550734118,0.430770734433821,0.740815091656585
"gene-LOC134690618|LOC134690618",7.83276424628805,-0.103829045490585,0.203195617559191,0.185717791070799,NA
"gene-LOC134690622|LOC134690622",12.8365665100252,-0.0475729743982105,0.181715319247434,0.447695524305132,0.753070183925988
"gene-LOC134690625|LOC134690625",22.2599139785739,0.199730374742774,0.211625570200499,0.0873254116017335,0.349629923371922
"gene-LOC134690632|LOC134690632",14.3028683148084,0.053381085459046,0.147290582568153,0.570266624274629,0.818280203677845
"gene-LOC134690639|LOC134690639",986.8541046407,0.142850393726554,0.0853179229210146,0.0604994713701667,0.295326685107531
"gene-LOC134690645|LOC134690645",7.03285579373682,0.0538600557451676,0.186429730672468,0.357378060271244,NA
"gene-LOC134690651|LOC134690651",9.94542001894739,0.222731599309031,0.28713041231312,0.0573185836322439,0.289355044616888
"gene-LOC134690657|LOC134690657",39.6210883811878,0.0871393251641264,0.186070572337693,0.295962714377559,0.632264307052849
"gene-LOC134690659|LOC134690659",72.8537167508418,0.1686559393274,0.151752547760908,0.114044072568257,0.38887857424769
"gene-LOC134690669|LOC134690669",13.5563746534442,-0.0788899394722245,0.171133722500962,0.380246671517799,0.704597669686427
"gene-LOC134690670|LOC134690670",12.6486713257872,0.025093633896065,0.170029693465791,0.730028647282732,0.902679742636377
"gene-LOC134690676|LOC134690676",18.5050542478432,-0.0222484042921613,0.166897073442164,0.768920905199211,0.917374979983037
"gene-LOC134690680|LOC134690680",8.53346308173757,-0.239783610025247,0.409186591107768,0.0222356466974266,0.179656154289827
"gene-LOC134690682|LOC134690682",453.13808065706,-0.127598424622365,0.155961126306073,0.214392797069484,0.545469055496334
"gene-LOC134690685|LOC134690685",44.5317399735463,-0.020073545663064,0.130134830243984,0.833321628511233,0.944830017434723
"gene-LOC134690687|LOC134690687",702.738560595845,0.0918330261926048,0.133877246526588,0.345917987945059,0.678642219702045
"gene-LOC134690695|LOC134690695",69.9171032894242,0.281630445140599,0.166519489597716,0.0195416768275943,0.167699786279633
"gene-LOC134690700|LOC134690700",13.2177773334254,-0.00762346431373557,0.150079445114292,0.931009650089029,0.978430861043204
"gene-LOC134690701|LOC134690701",8.92319266670545,0.112589450207719,0.205107168832964,0.179276442493561,0.495382585204624
"gene-LOC134690707|LOC134690707",1165.66737634606,-0.0483205056647816,0.0947793189255326,0.555285071611724,0.812297649319453
"gene-LOC134690708|LOC134690708",89.0560397927922,0.305405737871312,0.273971302642256,0.0317574675732555,0.215144211213378
"gene-LOC134690709|LOC134690709",3080.33400008563,-0.0210652277360642,0.0726955093902761,0.750060910871137,0.909737993408831
"gene-LOC134690711|LOC134690711",29.7858337437872,-0.0374584747277635,0.1440313890094,0.685989269869117,0.881738598006672
"gene-LOC134690715|LOC134690715",9.54216215693306,-0.0919867881249301,0.18480228900504,0.287940912268036,0.622673484521859
"gene-LOC134690716|LOC134690716",14.196161025957,0.0252261932296193,0.173384134262438,0.708295977508653,0.89260035633232
"gene-LOC134690718|LOC134690718",31.8895512145338,-0.0708315370652285,0.159034689511696,0.447721889861727,0.753070183925988
"gene-LOC134690719|LOC134690719",12.3482635257847,0.0114800125916148,0.1534846274501,0.895958885501518,0.967916535971467
"gene-LOC134690720|LOC134690720",56.4196348161046,-0.116188698526954,0.13641457125709,0.24174373264326,0.579867396790271
"gene-LOC134690723|LOC134690723",10.8480099799818,0.00312234103815457,0.176769914621696,0.956302718927498,0.986009796636623
"gene-LOC134690726|LOC134690726",9.50744148500375,-0.0330442044225388,0.185225640241746,0.427843844853601,0.738312016976088
"gene-LOC134690733|LOC134690733",351.795115303357,0.157035262098788,0.141174261071597,0.128198223683285,0.41188665270623
"gene-LOC134690734|LOC134690734",28.2788967340116,0.115952131194724,0.184232510206232,0.233809874018759,0.570199439009355
"gene-LOC134690736|LOC134690736",19.3227523795206,0.0326503744844785,0.151106132686407,0.718111993956651,0.8972100588196
"gene-LOC134690738|LOC134690738",42.5090614834654,0.252982103385382,0.164771083960843,0.0317826675656126,0.215144211213378
"gene-LOC134690739|LOC134690739",9.33571553931043,-0.00630527441941372,0.184286555367132,0.805052799186055,0.931160199523829
"gene-LOC134690740|LOC134690740",136.53610635773,0.26829578528524,0.147960166985091,0.0176057853874717,0.157782400576801
"gene-LOC134690743|LOC134690743",128.874877502181,0.381726239831157,0.205374722686455,0.00784336910738473,0.0998048222305541
"gene-LOC134690745|LOC134690745",45.099516641064,0.261235692480496,0.15851990727234,0.024763283809358,0.188997936200157
"gene-LOC134690748|LOC134690748",26.8679205214334,0.263986659935135,0.218267552956171,0.041879434354553,0.250317011886788
"gene-LOC134690763|LOC134690763",45.2996568282875,0.115939679388696,0.196438423324382,0.20792704049704,0.538736822912515
"gene-LOC134690771|LOC134690771",8.5189576846941,0.0965022686873118,0.196930295301478,0.224946721243696,0.56053724374169
"gene-LOC134690772|LOC134690772",75.7728423537343,0.108602267639532,0.127878671812267,0.262563922721911,0.597987156010979
"gene-LOC134690773|LOC134690773",11.160421184779,-0.00869408442741738,0.180864388938203,0.838304154426004,0.94707747408349
"gene-LOC134690779|LOC134690779",44.2403219834977,0.214158046641589,0.237919043132732,0.0738214154903451,0.325534299732559
"gene-LOC134690781|LOC134690781",9.29224975776301,0.130326757182315,0.214124204191297,0.147482131630481,0.44485547792142
"gene-LOC134690783|LOC134690783",69.3242251423687,-0.104315547418718,0.116130742956556,0.257864139814285,0.592782297491505
"gene-LOC134690789|LOC134690789",168.67179106212,0.2100760921892,0.312145983353228,0.0468158945675068,0.262769295120849
"gene-LOC134690790|LOC134690790",58.7513712939302,-0.0941850778048162,0.145330675534251,0.338975283439262,0.672198574134421
"gene-LOC134690793|LOC134690793",17.3515854486713,0.181744378302223,0.199022603068808,0.108201101922162,0.381019677617619
"gene-LOC134690794|LOC134690794",244.679779980953,-0.082059040599113,0.0857763220109427,0.280093706273774,0.61527952800711
"gene-LOC134690795|LOC134690795",6.87196400196807,0.00151933051552624,0.182496180455676,0.96761916339086,NA
"gene-LOC134690798|LOC134690798",7.47534721877703,-0.0928614365362745,0.181718082365361,0.297031160884214,NA
"gene-LOC134690800|LOC134690800",67.0003876982721,0.39152835456797,0.189256326506912,0.00490596021020951,0.0751880069455161
"gene-LOC134690801|LOC134690801",1074.58405194191,0.138646768484975,0.106421975780116,0.121224818143529,0.398123233687201
"gene-LOC134690802|LOC134690802",38.3032509862857,0.76646730692995,0.192683897982957,4.75398587036191e-06,0.000771624728824964
"gene-LOC134690810|LOC134690810",7.8541652560297,-0.0168754805045945,0.183443393990472,0.63736628163037,NA
"gene-LOC134690812|LOC134690812",292.744877164745,0.486117464563317,0.204089884038274,0.00163034320338665,0.0390427106804462
"gene-LOC134690816|LOC134690816",89.8768180368488,0.00945541254093887,0.102199700667099,0.912431176581797,0.973951058977618
"gene-LOC134690819|LOC134690819",184.175276692915,0.0336968831099925,0.166769986899473,0.671155180580417,0.874285257527977
"gene-LOC134690830|LOC134690830",52.7234881754568,-0.588654226689785,0.269076671091749,0.00178238674560773,0.0409828087233943
"gene-LOC134690831|LOC134690831",1559.95479329444,-0.0303845094320488,0.0774537156394092,0.663516988031992,0.872251675130844
"gene-LOC134690833|LOC134690833",94.497846740229,-0.359923204436935,0.245666843276818,0.0154519540152474,0.146954520999176
"gene-LOC134690845|LOC134690845",12.2718764116462,-0.0846119213078945,0.161427978827233,0.375020446300149,0.700728917824581
"gene-LOC134690852|LOC134690852",42.7858712655013,0.117215389100556,0.152451282451571,0.250278545705758,0.587263367770376
"gene-LOC134690853|LOC134690853",28.6242059372993,0.0180209287242188,0.158148177886711,0.831957033045589,0.944600368314158
"gene-LOC134690854|LOC134690854",8.99158490438866,-0.00793326381317359,0.172597138114749,0.901208048422776,0.969912455797937
"gene-LOC134690856|LOC134690856",26.9402473429759,-0.0254229720993567,0.173809450885313,0.701068484575693,0.888441942531616
"gene-LOC134690857|LOC134690857",42.0774188213295,0.00410357511527994,0.185156232139908,0.828964483755015,0.943316813472115
"gene-LOC134690862|LOC134690862",45.3486445652626,0.0519902451563143,0.136063074453805,0.584200057449961,0.824916695596325
"gene-LOC134690870|LOC134690870",17.5958222904784,-0.0115905372374718,0.140061779810961,0.899584436650818,0.969207475356932
"gene-LOC134690872|LOC134690872",754.761743056336,0.045933880924363,0.130502549640452,0.6272805935242,0.852389367744934
"gene-LOC134690874|LOC134690874",99.4789554471568,0.50635270280136,0.188082383878018,0.000671625711802109,0.0229920350069631
"gene-LOC134690878|LOC134690878",19.6204259229476,0.065931304731095,0.189190056798096,0.303350329708132,0.639443234686348
"gene-LOC134690879|LOC134690879",155.825817629421,-0.133736149290717,0.0784852999656071,0.0595649119567734,0.292971122513315
"gene-LOC134690880|LOC134690880",21.4184908259106,0.19593430556858,0.228216566627111,0.0887116190998313,0.351686411477795
"gene-LOC134690884|LOC134690884",13.8871344111942,-0.107119025217417,0.176149737638939,0.268209399099274,0.603070567226158
"gene-LOC134690891|LOC134690891",22.5468796713901,0.202381117858602,0.176461413314071,0.0785332656148965,0.336032203896429
"gene-LOC134690892|LOC134690892",46.2505406991418,0.0860778798632814,0.137116343653362,0.375989640583226,0.701793510817392
"gene-LOC134690893|LOC134690893",176.377648320897,0.0527353375600245,0.156580667099777,0.560961827543432,0.816018967674286
"gene-LOC134690895|LOC134690895",199.903998524119,-0.132733516312091,0.171382637313852,0.201115002396771,0.529730969169136
"gene-LOC134690903|LOC134690903",8.86166583516305,-0.0820650971533428,0.194973257561945,0.236827906929695,0.573348038519884
"gene-LOC134690914|LOC134690914",21.4821236512559,0.012586843381304,0.155871990955262,0.883862514182867,0.96449445448395
"gene-LOC134690923|LOC134690923",95.1819995880156,0.10638567599857,0.119609260367719,0.256955278369287,0.591864192118976
"gene-LOC134690927|LOC134690927",7.4324206793485,-0.0871458053701087,0.201581414419231,0.177989660133493,NA
"gene-LOC134690941|LOC134690941",18.2574732443091,-0.0517482224500184,0.152365545286791,0.573876224665041,0.820634111389297
"gene-LOC134690942|LOC134690942",10.5004712495739,-0.185812182684093,0.269847259069291,0.0672346523079798,0.312194469458032
"gene-LOC134690943|LOC134690943",28.8094689230391,0.0777126145526019,0.143405722236229,0.424042799253063,0.735155140219409
"gene-LOC134690957|LOC134690957",841.122555978165,0.0244156243718712,0.0979704423424502,0.770875051840285,0.918362331555817
"gene-LOC134690969|LOC134690969",221.811784450901,0.0129465394858412,0.134403587306824,0.890286467047308,0.966192374292837
"gene-LOC134690972|LOC134690972",6.62258299872419,0.0150810564159127,0.183463533236773,0.667855873951222,NA
"gene-LOC134690981|LOC134690981",8.26371997253042,-0.0596673874547841,0.195372944098635,0.148434051308504,NA
"gene-LOC134691003|LOC134691003",30.3343106402924,-0.151296462966134,0.15425333261367,0.151653019700794,0.451657408647388
"gene-LOC134691004|LOC134691004",31.0987190780325,0.0536114414714154,0.187722063855599,0.333201836498805,0.667134378779407
"gene-LOC134691008|LOC134691008",110.641837569757,0.0422037695295975,0.105951039995492,0.629220360879876,0.853608008147589
"gene-LOC134691011|LOC134691011",35.7711010649186,-0.0485016137919729,0.146071391208505,0.603103428566069,0.837306109531757
"gene-LOC134691012|LOC134691012",23.7769248576376,0.0587391602846512,0.148036012124474,0.534285699397907,0.80040523076659
"gene-LOC134691016|LOC134691016",61.4396923462829,0.0640997907260308,0.116791671784935,0.485021072527141,0.770166733330883
"gene-LOC134691023|LOC134691023",19.8319655396547,-0.0148820446767241,0.17374826342813,0.81377093175048,0.936323705971251
"gene-LOC134691037|LOC134691037",116.735406993787,0.0514763368276852,0.16974096759134,0.528288277975948,0.7961422399219
"gene-LOC134691040|LOC134691040",50.213123021404,-0.0731960808021411,0.186061819988001,0.322369460994234,0.658407803052091
"gene-LOC134691042|LOC134691042",16.4848988895377,0.0165976738159336,0.179318306180901,0.746142052849973,0.908353381995804
"gene-LOC134691043|LOC134691043",23.3732398346701,-0.0701042612637075,0.156031662623574,0.456517304115014,0.759023854372562
"gene-LOC134691045|LOC134691045",18.2150357519397,0.211356122831957,0.237997071758679,0.0758286683294041,0.330483174224457
"gene-LOC134691060|LOC134691060",144.859788495806,0.213995207318001,0.103836733847432,0.015799944039813,0.14909921352299
"gene-LOC134691061|LOC134691061",15.3882962047187,0.0493508305763983,0.171508401266379,0.530660500407247,0.797519402258135
"gene-LOC134691062|LOC134691062",11.3187013123639,0.0638861111266984,0.192173992067985,0.254897952798624,0.590664545444527
"gene-LOC134691063|LOC134691063",155.165684919326,0.00686692399272293,0.173716665747073,0.91342070480319,0.973951058977618
"gene-LOC134691064|LOC134691064",55.0583810224278,-0.184677080141509,0.267623114036181,0.0677399980078613,0.313114796297928
"gene-LOC134691069|LOC134691069",13.6386950370383,-0.0373574350886794,0.176836846282187,0.568945167214661,0.817946493625246
"gene-LOC134691070|LOC134691070",9.8998080195823,0.0268539377970051,0.150382876609744,0.765100961480088,0.915885611020874
"gene-LOC134691072|LOC134691072",19.3194450856357,0.204423590047313,0.188921160149673,0.0810862450044708,0.341376353588327
"gene-LOC134691074|LOC134691074",45.8509215605595,0.302760962061442,0.182131543505728,0.0178173549881882,0.158614569569174
"gene-LOC134691076|LOC134691076",19.6980962512325,0.0515926653298949,0.173628631181712,0.505398012967338,0.781916349653344
"gene-LOC134691084|LOC134691084",48.565416042997,-0.000634577545561882,0.184551396611934,0.970810372453064,0.991058020572458
"gene-LOC134691094|LOC134691094",11.9318826286038,-0.0230029666749436,0.172754501640704,0.732240345371778,0.903273683937758
"gene-LOC134691096|LOC134691096",40.5168567807074,0.0900538423081812,0.119625421674873,0.333004191672588,0.667134378779407
"gene-LOC134691099|LOC134691099",32.3958731962627,0.0585329269533006,0.149727757139488,0.534928017475347,0.800436174125587
"gene-LOC134691100|LOC134691100",12.7512864322946,0.0791849890655476,0.174491930288871,0.37027058912771,0.698232694300389
"gene-LOC134691114|LOC134691114",11.8920192302253,-0.509284935078263,0.918486495333022,0.0107441101569263,0.120360399672071
"gene-LOC134691116|LOC134691116",26.8332073255045,0.031213392069559,0.160894630886544,0.71191676114826,0.894211525954754
"gene-LOC134691121|LOC134691121",28.3299393347188,1.16365286407525,0.318307106504096,1.31358695726659e-05,0.00174444347925003
"gene-LOC134691122|LOC134691122",28.3779508084844,0.00129610397091575,0.183884567410482,0.966903260782277,0.990082912765141
"gene-LOC134691126|LOC134691126",8.44648897693125,0.0402833594995547,0.187666527207125,0.324921674354814,0.661066270052245
"gene-LOC134691127|LOC134691127",20.2219126412881,0.00968827309920958,0.175844500062733,0.869831118914703,0.958226102587002
"gene-LOC134691133|LOC134691133",52.0113971332862,0.145422188833446,0.162960730991607,0.170693834563121,0.481555723309785
"gene-LOC134691134|LOC134691134",19.4782732754686,0.129487251015911,0.198402931009773,0.184248725277412,0.505162420955789
"gene-LOC134691136|LOC134691136",7.66162483413062,0.0510863485852959,0.190619510276151,0.251943039377543,NA
"gene-LOC134691143|LOC134691143",25.8211058864885,-0.227675930501007,0.186842023586311,0.0573016380961497,0.289355044616888
"gene-LOC134691145|LOC134691145",7.94845467218954,-0.0346859298904338,0.184504113445433,0.449099096675206,NA
"gene-LOC134691150|LOC134691150",20.1970611905227,-0.1518318720076,0.262239880533509,0.045565326918364,0.259601519353924
"gene-LOC134691153|LOC134691153",32.869720387719,0.0396297590211281,0.180326127177949,0.514909827297333,0.787300322121578
"gene-LOC134691157|LOC134691157",8.64905623673045,-0.649140992853131,0.35757843263698,0.00345535423794741,0.0603807084747856
"gene-LOC134691158|LOC134691158",20.508525367033,-0.0982699861826768,0.168991414614225,0.307573234862186,0.643454798261771
"gene-LOC134691161|LOC134691161",140.077107002116,0.0251658019494104,0.087221984870237,0.744630205143367,0.907673400929097
"gene-LOC134691165|LOC134691165",10.8026990229531,-0.0176409857202894,0.148792708670278,0.843551260981334,0.94769256508719
"gene-LOC134691167|LOC134691167",7.87495863892462,0.037352488562159,0.183106536110575,0.477115313604651,NA
"gene-LOC134691177|LOC134691177",15.9337394833618,0.200427855881014,0.322032659906165,0.0364155906989067,0.23209378225551
"gene-LOC134691180|LOC134691180",219.788121231719,-0.0605282219037233,0.12259229204093,0.510675429069661,0.784619510158629
"gene-LOC134691181|LOC134691181",12.7566672595539,-0.035242500287503,0.168167078149493,0.648358465716124,0.863872436991949
"gene-LOC134691183|LOC134691183",27.8654961656307,0.0816690865153033,0.204954192090762,0.112566047345614,0.38730637830542
"gene-LOC134691184|LOC134691184",20.5459822591802,0.101528170156557,0.161871715803619,0.304528284904834,0.64038811285791
"gene-LOC134691186|LOC134691186",20.8699113243037,-0.320263408503817,0.287750337325888,0.0272046783668709,0.198702970791625
"gene-LOC134691192|LOC134691192",10.0469540388388,0.0688090100191199,0.168281707736753,0.437427537854085,0.745617441420359
"gene-LOC134691194|LOC134691194",14.7440683627288,0.869955603187431,0.519192236853218,0.00324107201587472,0.0584513333430839
"gene-LOC134691195|LOC134691195",10.5299588756209,-0.71502774361417,0.392834973975996,0.00293596493804599,0.0561368793389736
"gene-LOC134691196|LOC134691196",18.5027757233059,0.145896076694275,0.211565346119088,0.144456518512392,0.442023632683079
"gene-LOC134691198|LOC134691198",24.5803275971097,0.0269320803292497,0.138051141509925,0.774559441249608,0.921115165234604
"gene-LOC134691199|LOC134691199",8.95918631202686,-0.0235209258341014,0.172700694869763,0.72795685857742,0.901491104002674
"gene-LOC134691203|LOC134691203",125.777093392386,-0.114954429038484,0.118096141260496,0.21833908753454,0.55176392738795
"gene-LOC134691206|LOC134691206",9.6096697646308,0.0332087749637595,0.162154580685393,0.690137599194821,0.884015722789647
"gene-LOC134691212|LOC134691212",59.3748394906455,-0.434906796820758,0.24425203127008,0.00657257070986893,0.0907840106578366
"gene-LOC134691214|LOC134691214",6.12035007328509,-0.00650667399303105,0.182875717196218,0.846782172825456,NA
"gene-LOC134691216|LOC134691216",17.5120469985292,-0.917902609199392,0.448096793481811,0.00145402757319827,0.0362464757496251
"gene-LOC134691217|LOC134691217",12.8678366311664,-0.294243299483763,0.51156668655572,0.0201508436130951,0.170349261284776
"gene-LOC134691218|LOC134691218",6.0563124156464,-0.0181416091939665,0.184062909427819,0.591057582037555,NA
"gene-LOC134691220|LOC134691220",32.6475329884923,0.465584930803203,0.298237318304538,0.0085201822337104,0.106016032427633
"gene-LOC134691221|LOC134691221",25.5731378466005,-0.328274330036779,0.192158370267673,0.0137616791221212,0.139342119722971
"gene-LOC134691223|LOC134691223",28.7876903233173,0.121604003152767,0.141611889930351,0.224928716603843,0.56053724374169
"gene-LOC134691224|LOC134691224",125.915268770122,1.14486714478071,0.219753781715792,1.10595139674162e-08,5.76990642985772e-06
"gene-LOC134691226|LOC134691226",14.4616996245515,0.0687279212350385,0.175964097962507,0.406470198335722,0.724003575020308
"gene-LOC134691227|LOC134691227",149.425378030682,1.37139010836565,0.217155878269274,1.58306843157655e-11,1.92712197070586e-08
"gene-LOC134691228|LOC134691228",145.553612606571,0.319870492241179,0.175524991226294,0.0120732208106476,0.129300300294677
"gene-LOC134691229|LOC134691229",6.07109267341861,0.0288858990474189,0.185867984350949,0.411610933754541,NA
"gene-LOC134691230|LOC134691230",12.6104526604336,-0.0807807988771288,0.19771431441397,0.206804204382201,0.537240553322642
"gene-LOC134691233|LOC134691233",16.3433943591813,-0.376087338100986,0.242373050019198,0.0130381376131067,0.135463096907726
"gene-LOC134691234|LOC134691234",62.2297634219908,0.105032727473657,0.144996768856119,0.294286385975527,0.630157655574685
"gene-LOC134691235|LOC134691235",17.1095356735294,-0.220142005968189,0.294774391859694,0.0537546470443095,0.281063125247639
"gene-LOC134691244|LOC134691244",128.495458856827,1.85528977665991,1.21166465350987,0.00257105237062848,0.0511111946570414
"gene-LOC134691246|LOC134691246",197.841027525787,0.0495120167595859,0.106948209846817,0.573781036741538,0.820634111389297
"gene-LOC134691255|LOC134691255",37.6561394612512,0.768843328196399,0.198300537316619,7.29042814115014e-06,0.00108672014577471
"gene-LOC134691256|LOC134691256",102.091103670268,0.23633219291018,0.149904539197561,0.034000677929446,0.223136411628517
"gene-LOC134691262|LOC134691262",107.389483273836,-0.239599728221928,0.204907704312299,0.0524035563012162,0.2761584236826
"gene-LOC134691269|LOC134691269",6.738118075348,0.0377163574393597,0.188066799533755,0.295370229157858,NA
"gene-LOC134691273|LOC134691273",97.105564069662,0.424460908978074,0.245998912439792,0.00797157901770546,0.101259848948384
"gene-LOC134691274|LOC134691274",11.9943259351489,0.0291674024133542,0.169561398267379,0.695264021946841,0.885429430712772
"gene-LOC134691276|LOC134691276",15.4372291873358,0.179740102941544,0.188136601007169,0.111177733241077,0.385797310919355
"gene-LOC134691277|LOC134691277",16.383619018675,-0.0251305873711407,0.173042382153989,0.708800940132456,0.89260035633232
"gene-LOC134691278|LOC134691278",2239.44532397908,0.0450997013004146,0.148849456623167,0.628682704573927,0.853354111542085
"gene-LOC134691282|LOC134691282",54.480143236738,0.064994626251247,0.115174555362127,0.476716759831671,0.766271834025204
"gene-LOC134691283|LOC134691283",57.2642448045496,0.230686641939606,0.153763212267973,0.0403766158007322,0.245350084699291
"gene-LOC134691284|LOC134691284",13.632691088261,0.0122172538008739,0.183327970939769,0.722394945148106,0.89893416528748
"gene-LOC134691286|LOC134691286",9.11470103831654,-0.0412148578797233,0.1875077406201,0.328604807788187,0.664143224355932
"gene-LOC134691287|LOC134691287",11.2323271664951,0.0500074638629639,0.161749920976333,0.56734019356947,0.817650507859394
"gene-LOC134691291|LOC134691291",66.1224198705455,0.0119416463657047,0.124024538521981,0.8980064979402,0.968718523675564
"gene-LOC134691292|LOC134691292",1050.76124650026,-0.0499837905404065,0.0871783407314324,0.515435928756454,0.78731173499742
"gene-LOC134691295|LOC134691295",10.1209669937656,-0.1459613861715,0.227846018669497,0.115661644164966,0.390627865043395
"gene-LOC134691310|LOC134691310",54.2405072671616,0.199728570593365,0.153861068219254,0.0693242797355235,0.316861413759865
"gene-LOC134691315|LOC134691315",9.939110517644,0.0178439757705804,0.170133948499987,0.801879855966889,0.929966730387767
"gene-LOC134691316|LOC134691316",11.2973009591933,-0.0263916243589126,0.184583141767155,0.487959492135759,0.772468189224533
"gene-LOC134691323|LOC134691323",11.4791654088443,-0.0409009478684747,0.188019782183985,0.306574561250242,0.642213046593968
"gene-LOC134691327|LOC134691327",12.1480719279147,0.0199284881663277,0.168786013932824,0.785713837136721,0.925024801168054
"gene-LOC134691330|LOC134691330",10.5797953022344,-0.0751725904033822,0.190864053194462,0.276437219739375,0.612590246655459
"gene-LOC134691331|LOC134691331",1722.54667947102,-0.205465258308093,0.172899129250374,0.0723249353397903,0.32273217503882
"gene-LOC134691332|LOC134691332",31.981370570579,0.052640950993377,0.125299241418868,0.574434564769096,0.820634111389297
"gene-LOC134691333|LOC134691333",35.2830804733084,0.00958385156846196,0.170955257234687,0.889415750726169,0.965876007167068
"gene-LOC134691334|LOC134691334",9.67155759508988,0.083128445412909,0.206662803812235,0.0944308692386614,0.361490078049886
"gene-LOC134691335|LOC134691335",76.6206875276341,0.0141226365686664,0.107572451947664,0.872837451764111,0.959254400795226
"gene-LOC134691336|LOC134691336",33.1169023420704,-0.17499136521786,0.276677708328731,0.0531693933493971,0.278786251991383
"gene-LOC134691337|LOC134691337",18.5521136481753,0.0602767499698067,0.170679130881313,0.471256995611105,0.764562660138496
"gene-LOC134691338|LOC134691338",135.153912231364,0.155429761247317,0.102882579113542,0.0740296374391813,0.325534299732559
"gene-LOC134691339|LOC134691339",49.0083960883875,-0.0310156787604198,0.141703149800053,0.737319294823949,0.904480627390373
"gene-LOC134691340|LOC134691340",29.7345824409121,0.00588362311058089,0.164641915049153,0.939125035459055,0.982276445936544
"gene-LOC134691351|LOC134691351",10.177486332807,0.00722406088647549,0.183241098873833,0.824475058601947,0.941539895714397
"gene-LOC134691352|LOC134691352",10.399517463266,-0.0370455916484694,0.181082762772809,0.515034913842146,0.787300322121578
"gene-LOC134691353|LOC134691353",12.1047321548302,0.236912765275003,0.264490606190797,0.0568107077252615,0.288623374338428
"gene-LOC134691358|LOC134691358",7.9791655865607,-0.00506607094798943,0.181688473197829,0.895428390759213,NA
"gene-LOC134691360|LOC134691360",8.22391352403866,-0.152465337477219,0.260617843335579,0.0509470298657265,NA
"gene-LOC134691361|LOC134691361",9.47402495462727,0.254090296367007,0.459935510609466,0.0188583728823506,0.164369398010369
"gene-LOC134691366|LOC134691366",11.9675531722046,0.121937872364125,0.217567672281461,0.134256581456123,0.423466931906179
"gene-LOC134691367|LOC134691367",11.5000152470271,0.0461913142283869,0.162457476388075,0.592295716308291,0.829872992886199
"gene-LOC134691374|LOC134691374",21.5513867777676,0.104870823269606,0.164879230693408,0.291675951788205,0.627326605377224
"gene-LOC134691376|LOC134691376",45.5088293147999,-0.426690251208269,0.267216695017897,0.00918325915278564,0.109947085025181
"gene-LOC134691382|LOC134691382",11.8148834615688,0.107055960699212,0.180717742874093,0.261405474080492,0.596929412550386
"gene-LOC134691384|LOC134691384",9.74240814798031,-0.0252138562319445,0.186964205306628,0.301049786615509,0.63716825309756
"gene-LOC134691386|LOC134691386",49.9697163309923,0.63651304567069,0.247056883812687,0.000673643961047385,0.0229920350069631
"gene-LOC134691387|LOC134691387",113.956269130959,0.0661788365175787,0.138686067865384,0.490985638359933,0.774213968605559
"gene-LOC134691388|LOC134691388",12.5083266612796,0.000460027476141041,0.157308694318094,0.996461681881628,0.998649303576208
"gene-LOC134691390|LOC134691390",34.3839773892886,0.00427046104444612,0.13255903040498,0.964217411222822,0.98891760419251
"gene-LOC134691391|LOC134691391",11.729094915843,0.206499811223651,0.287408894728857,0.0582452110411064,0.291128312721651
"gene-LOC134691396|LOC134691396",22.7640743055429,0.280683721554889,0.22742922458747,0.0356518210675986,0.229097046065444
"gene-LOC134691421|LOC134691421",10.4273852484417,0.0651271752137697,0.165228886750366,0.46583404296919,0.762382103707458
"gene-LOC134691427|LOC134691427",30.1246374359931,0.0665764296271282,0.164018670229986,0.461212449557986,0.760652977325952
"gene-LOC134691434|LOC134691434",6.13379868878426,-0.000541092412864695,0.184492457197209,0.978338206712076,NA
"gene-LOC134691435|LOC134691435",164.356961626544,0.547807514205362,0.184008205426927,0.000259377009958604,0.0132224703555143
"gene-LOC134691436|LOC134691436",2018.42777145544,0.0581405526188095,0.0942141890641587,0.479039475960741,0.767430957249192
"gene-LOC134691437|LOC134691437",7.2356641646673,-0.00251799188451417,0.173330601633224,0.966949818308162,NA
"gene-LOC134691438|LOC134691438",13.0888085936008,-0.0652250124903754,0.18116805924425,0.385039444680567,0.70928829859946
"gene-LOC134691443|LOC134691443",22.5145553072723,0.141134191724192,0.195205005747473,0.168678388118781,0.479592696379312
"gene-LOC134691447|LOC134691447",51.1718438643319,0.306062447880091,0.203945227227023,0.0218063658501781,0.177364917783631
"gene-LOC134691449|LOC134691449",8.19162853236868,-0.0804911653439952,0.193568490604833,0.251399581571236,NA
"gene-LOC134691457|LOC134691457",15.0167327821715,-0.0260704509907613,0.172541262048307,0.702754248983006,0.889093026307605
"gene-LOC134691465|LOC134691465",29.7929338202599,0.042208180806906,0.137132417065499,0.655131881715161,0.867334287483693
"gene-LOC134691466|LOC134691466",226.69336012297,-0.0235543259607537,0.0867352943967644,0.75825435907452,0.913549089046824
"gene-LOC134691489|LOC134691489",10.2407504142493,-0.0885101814175742,0.20031936029261,0.193520257679588,0.518382892569848
"gene-LOC134691508|LOC134691508",15.8124149300482,-0.15204220753336,0.201702673416125,0.145747262344524,0.442590484929448
"gene-LOC134691514|LOC134691514",7.86827417332247,-0.0102516636081748,0.165178153924439,0.892459656479709,NA
"gene-LOC134691515|LOC134691515",17.5999211857285,-0.106083857961541,0.183020473057694,0.25792197993264,0.592782297491505
"gene-LOC134691516|LOC134691516",12.0679845759267,0.00118540400788349,0.169754552147052,0.987486665771276,0.994257256425384
"gene-LOC134691519|LOC134691519",36.0582226027589,0.323819800311143,0.157558469348489,0.0073323936966705,0.0959781425815078
"gene-LOC134691520|LOC134691520",33.8018878026614,0.068614123898958,0.173813435510976,0.417080391373054,0.731628477305431
"gene-LOC134691523|LOC134691523",16.0082164888727,0.00683377413396799,0.180721482951768,0.87698315366174,0.961784527679481
"gene-LOC134691524|LOC134691524",42.7163138742759,-0.0237400319735227,0.118170990033032,0.794856792462252,0.928130564935971
"gene-LOC134691555|LOC134691555",31.4651304433927,0.079100148914708,0.148045367709155,0.414975137906893,0.730673063606098
"gene-LOC134691568|LOC134691568",50.8783235035615,0.114895845186185,0.176290018124522,0.248389018207669,0.585394060688682
"gene-LOC134691571|LOC134691571",123.05439458851,-0.069538341764544,0.101535730999546,0.414484828823659,0.730673063606098
"gene-LOC134691630|LOC134691630",8.81787922976433,-0.0329985873356754,0.163364974498137,0.686763591974918,0.881877861424895
"gene-LOC134691643|LOC134691643",54.3205008574025,0.00575035028113614,0.130970520959977,0.951815140152657,0.984494493039383
"gene-LOC134691651|LOC134691651",1217.22456382599,0.0438844713556145,0.186802711279873,0.354765402175465,0.68685164731574
"gene-LOC134691722|LOC134691722",54.9276231786295,0.158195870474829,0.140947831229454,0.126112192580868,0.407937756692055
"gene-LOC134691772|LOC134691772",627.964156092471,0.286446665069653,0.104100036100755,0.00160057087402262,0.0385827381645584
"gene-LOC134691798|LOC134691798",19.9959968298321,-0.0390168105574923,0.149132394376058,0.669254137134605,0.874285257527977
"gene-LOC134691824|LOC134691824",91.785869088537,0.192477426889961,0.166073544891101,0.085380135853133,0.348000285865672
"gene-LOC134691870|LOC134691870",12.1465859346394,-0.158048839631796,0.24925303636923,0.080543742328775,0.340052886687499
"gene-LOC134691907|LOC134691907",9.57371347731082,0.0718043383547578,0.198607802146921,0.162401900430968,0.468291938708169
"gene-LOC134691990|LOC134691990",6.20434795651656,-0.0139247292841266,0.181825029371887,0.734951595783514,NA
"gene-LOC134691995|LOC134691995",30.1942453570638,0.0219919623290124,0.119811577210548,0.811354466520595,0.935302339935327
"gene-LOC134691997|LOC134691997",45.0242795911466,-0.0222209745123047,0.121651717314596,0.809033736244657,0.933815172176197
"gene-LOC134692000|LOC134692000",7.02144835049517,-0.003360375732638,0.178863576259735,0.944003001685509,NA
"gene-LOC134692001|LOC134692001",12.1172032203665,-1.31159234141283,0.719664599705958,0.00163004372004109,0.0390427106804462
"gene-LOC134692004|LOC134692004",38.9124895822697,-0.0013871671855018,0.119509212887973,0.987159108184142,0.994237469136373
"gene-LOC134692007|LOC134692007",477.371690133841,0.0429993686024774,0.0778270455259544,0.543520724525932,0.804171348953697
"gene-LOC134692009|LOC134692009",20.4134904121498,0.045649302183198,0.178202835887542,0.503052208171332,0.780309868242846
"gene-LOC134692010|LOC134692010",453.379618077351,-0.789055065771719,0.521428220295927,0.00371168821646902,0.0629006281510202
"gene-LOC134692011|LOC134692011",38.3385952633223,-0.129560889092908,0.253266932669164,0.00934340424101384,0.110816215239901
"gene-LOC134692018|LOC134692018",9.72747252554254,0.122565919093332,0.197889624352535,0.194018849738562,0.51927947178104
"gene-LOC134692028|LOC134692028",20.3833612754996,0.327678155131652,0.187125317143039,0.0128860032376357,0.13475642685906
"gene-LOC134692032|LOC134692032",10.7212416455265,-1.27382126732022,0.633616886526799,0.00122193124535348,0.0339353072854062
"gene-LOC134692039|LOC134692039",6.3764405675734,0.0428931108396815,0.188758602741519,0.285302386497596,NA
"gene-LOC134692043|LOC134692043",7.18539847505015,-0.0105176733474341,0.177952066785039,0.841255664921583,NA
"gene-LOC134692044|LOC134692044",17.0953704223655,0.0391464162097118,0.182154159583847,0.487007656234018,0.771940955107046
"gene-LOC134692049|LOC134692049",8.40550920510044,-0.0313504694464407,0.180310926653503,0.569309193521186,0.817946493625246
"gene-LOC134692058|LOC134692058",29.1260738850263,-0.3690179667041,0.341847886656782,0.0202888047638635,0.171119434174664
"gene-LOC134692059|LOC134692059",53.3888765170896,0.343236406266047,0.18969111414,0.0106499279580174,0.120041780563825
"gene-LOC134692060|LOC134692060",31.5117875792035,-0.0594188570736948,0.13329787651038,0.531345454160397,0.797892104684939
"gene-LOC134692061|LOC134692061",9.54253977082494,-0.114565308243386,0.214240869206649,0.138671511539817,0.432290533626473
"gene-LOC134692063|LOC134692063",9.25127920414632,0.0294377958762185,0.178424792010507,0.618795198204871,0.84850401084995
"gene-LOC134692068|LOC134692068",19.8201002074754,-0.0219390345556102,0.17363736505768,0.736037275583138,0.904191610246111
"gene-LOC134692069|LOC134692069",10.195386154732,0.0212353893871807,0.182154526749689,0.630386996961998,0.854714428403645
"gene-LOC134692076|LOC134692076",8.4933745702119,-0.0270456571418562,0.184679477038651,0.479689476306729,0.767804492953786
"gene-LOC134692092|LOC134692092",185.795099335759,-0.0259312544856928,0.0815805123661049,0.722940693476658,0.899243669133772
"gene-LOC134692094|LOC134692094",18.5463989805266,0.0420911660507579,0.187964286592482,0.316506014182235,0.652827356665472
"gene-LOC134692097|LOC134692097",9.7310481115977,-0.0292594225528026,0.188262043886026,0.17739252135009,0.492839473541672
"gene-LOC134692098|LOC134692098",10.5095286072887,-0.0461439904151519,0.181594661422114,0.456194792527182,0.759008374628369
"gene-LOC134692099|LOC134692099",8.36248430430349,0.00536342590231588,0.161034666186365,0.947888221270131,0.984494493039383
"gene-LOC134692101|LOC134692101",448.971084173035,-0.0491316324155711,0.125962634624447,0.599140901459646,0.835367077663633
"gene-LOC134692103|LOC134692103",287.823566261952,0.134222699699779,0.111875536812455,0.142420185646009,0.438179037893196
"gene-LOC134692104|LOC134692104",7.79521722190156,-0.0878900721816215,0.18846719747601,0.27912604799716,NA
"gene-LOC134692106|LOC134692106",22.1106597612753,-0.0247304596789746,0.183180062676963,0.557081049754301,0.813198673919836
"gene-LOC134692117|LOC134692117",83.5041120553947,0.183119154510116,0.161710471908978,0.097262486883393,0.36713447245287
"gene-LOC134692118|LOC134692118",43.0078659555677,-0.0058546668497349,0.130516190901014,0.949136657712108,0.984494493039383
"gene-LOC134692121|LOC134692121",11.0493315353815,-0.0509022267798374,0.183039951291837,0.416810299615283,0.731628477305431
"gene-LOC134692127|LOC134692127",157.543274787057,-0.0956929957492828,0.138555451630989,0.328823866421959,0.664378843802485
"gene-LOC134692129|LOC134692129",18.5594459827298,0.267357949748481,0.202174325035339,0.036453977021496,0.232135874598959
"gene-LOC134692132|LOC134692132",8.14698114567633,-0.00415952664927339,0.183566039961727,0.8870119662774,NA
"gene-LOC134692133|LOC134692133",32.737449681653,-0.0590092917191696,0.19648324835134,0.10294966483221,0.375828025087224
"gene-LOC134692134|LOC134692134",16.5353498237386,-0.114462492784265,0.232277876049064,0.03477881684708,0.225398827197047
"gene-LOC134692138|LOC134692138",31.5091482451354,0.108922712519557,0.212497127451045,0.142300994452516,0.438179037893196
"gene-LOC134692139|LOC134692139",13.7346049634987,-0.0138463682004969,0.154684490854113,0.872085794376779,0.959005516731104
"gene-LOC134692140|LOC134692140",9.42562031145099,-0.0142681281839012,0.183105049487709,0.690416115785635,0.884015722789647
"gene-LOC134692142|LOC134692142",33.452876913731,0.0563720831148331,0.128555586048124,0.551092201355298,0.810665485595894
"gene-LOC134692154|LOC134692154",252.764753899855,-0.0142526838374094,0.115105868644004,0.873954157821085,0.959746743141416
"gene-LOC134692155|LOC134692155",40.4800546567673,0.453149581689091,0.258563084744627,0.00671420105037701,0.092204426515871
"gene-LOC134692157|LOC134692157",20.1579891204387,0.017340216196512,0.143329597124431,0.850393967120541,0.949567149848377
"gene-LOC134692162|LOC134692162",17.1893921089549,-0.0464912741767537,0.158577498275472,0.59914979714532,0.835367077663633
"gene-LOC134692168|LOC134692168",1134.50096234723,-0.0562800701243599,0.0889815097670236,0.470760534786842,0.764325182077214
"gene-LOC134692172|LOC134692172",10.5795219241894,0.0516519406954205,0.177824038676626,0.472968175692518,0.765376164698452
"gene-LOC134692175|LOC134692175",7.20487125257017,-0.00336389487535712,0.179326125039788,0.942359850210395,NA
"gene-LOC134692176|LOC134692176",13.851837871696,0.0615986155769139,0.195219125746445,0.174293779969004,0.487224849374927
"gene-LOC134692194|LOC134692194",22.431995510651,-0.0933515523371372,0.177318021971267,0.307984388653224,0.643454798261771
"gene-LOC134692215|LOC134692215",27.1754043556854,0.322447457531526,0.234453360000981,0.0226969188628064,0.181631227716787
"gene-LOC134692221|LOC134692221",44.4584232854819,-0.0220610128730088,0.185330730699789,0.46867767842256,0.763108981909643
"gene-LOC134692246|LOC134692246",11.8877410920755,0.00245437547413583,0.181192353608042,0.954597585631575,0.985217007976971
"gene-LOC134692256|LOC134692256",27.43933317554,0.142184345891641,0.139865923654763,0.163441621810105,0.470063190481412
"gene-LOC134692333|LOC134692333",9.30258032224439,0.117847689148419,0.18710842759939,0.22373758052306,0.558651147740059
"gene-LOC134692341|LOC134692341",63.0051868436305,0.0126717230048312,0.143326846776519,0.891113608603133,0.966398485113183
"gene-LOC134692352|LOC134692352",13.2243320635275,0.0623148253799256,0.165012031652674,0.481662481661449,0.768703185047799
"gene-LOC134692397|LOC134692397",14.686009182253,0.0772654489825517,0.166313187506596,0.401503001929468,0.719827669634962
"gene-LOC134692413|LOC134692413",39.2068462480409,0.402592191300822,0.199512878669143,0.00511181554489474,0.0768244871191587
"gene-LOC134692445|LOC134692445",22.5549261415922,0.445463773830299,0.271604701734896,0.00836859517405255,0.104844286708885
"gene-LOC134692455|LOC134692455",178.834941846468,0.497976427603604,0.168729548461208,0.000325642922684265,0.0147774639874467
"gene-LOC134692465|LOC134692465",12.3816169762741,-0.0195875701949476,0.147616600767493,0.828237988061428,0.943316813472115
"gene-LOC134692473|LOC134692473",12.0007609463769,0.013522710974802,0.181221898395378,0.757718957117417,0.913410641834379
"gene-LOC134692487|LOC134692487",27.1829427762364,-0.0625103023697194,0.19632570598334,0.146020213270948,0.442590484929448
"gene-LOC134692488|LOC134692488",48.6788656396799,-0.065634344097297,0.193197019960387,0.236730588382616,0.573348038519884
"gene-LOC134692491|LOC134692491",14.4985404098033,-0.00307979642814471,0.183589625696968,0.913536973437822,0.973951058977618
"gene-LOC134692496|LOC134692496",6.53601381017529,-0.0151803310644373,0.183181249774568,0.673608227622672,NA
"gene-LOC134692498|LOC134692498",7.7737629605886,-0.085153234401518,0.194939241060995,0.236872714282018,NA
"gene-LOC134692517|LOC134692517",202.438623289893,0.040654911510553,0.074765351300823,0.552879544552519,0.810968809659803
"gene-LOC134692521|LOC134692521",15.7918547513541,-0.0577315046559387,0.140267858567678,0.543674441557141,0.804171348953697
"gene-LOC134692532|LOC134692532",24.6127969821461,0.0272487633298266,0.150378439444219,0.76309420532471,0.915662900557201
"gene-LOC134692543|LOC134692543",19.5599046678813,-0.0815403291953236,0.153073643196509,0.399022262853678,0.71768849326368
"gene-LOC134692592|LOC134692592",10.4854394486134,0.0084975071771306,0.176345583694253,0.88243615806716,0.964434191010405
"gene-LOC134692595|LOC134692595",101.371421127406,-0.00567245165740827,0.111998778908116,0.949310197410011,0.984494493039383
"gene-LOC134692596|LOC134692596",10.1276650276368,0.00703066917679777,0.184395979721959,0.785469201743754,0.925024801168054
"gene-LOC134692647|LOC134692647",5.68482627336353,-0.0492080856756861,0.192927292648539,0.128925289963785,NA
"gene-LOC134692648|LOC134692648",83.7116010482074,0.0460740789125866,0.154568656908338,0.611163322285495,0.843366126199368
"gene-LOC134692649|LOC134692649",85.9228642630875,-0.113381632559439,0.165046274915321,0.258532610028923,0.593625332804543
"gene-LOC134692655|LOC134692655",55.667078024746,-0.356855327644632,0.225610683747537,0.0135247086379002,0.138003664617467
"gene-LOC134692657|LOC134692657",102.948671225273,-0.0157557158727465,0.137646577202715,0.864069418519888,0.954382077635501
"gene-LOC134692659|LOC134692659",7.04411302347472,0.0300637974155584,0.181738579466009,0.555773665414153,NA
"gene-LOC134692667|LOC134692667",18.958882949464,-0.181290945008658,0.263765786966155,0.0715394526644827,0.321355573346483
"gene-LOC134692668|LOC134692668",15.0543118500809,0.905423325409566,0.250492561220054,1.78858441099346e-05,0.00217730342298271
"gene-LOC134692679|LOC134692679",12.1494323937668,-0.00166419494942891,0.150384354518397,0.984311413582982,0.993633382232724
"gene-LOC134692682|LOC134692682",62.6069244767197,-0.104679075758125,0.118152276865075,0.260976096373335,0.5966036408723
"gene-LOC134692684|LOC134692684",77.8064153052016,-0.0710076308050283,0.141294384531812,0.46036444468115,0.760652977325952
"gene-LOC134692688|LOC134692688",17.4594133310569,0.0760915411089396,0.172155330199947,0.391361987007566,0.713563582837615
"gene-LOC134692689|LOC134692689",46.5249518998348,0.0326520832474795,0.180173594836439,0.566295493785504,0.817156914923183
"gene-LOC134692691|LOC134692691",23.7858131912185,-0.178902900911272,0.194661970084437,0.111759573601379,0.386800170180124
"gene-LOC134692692|LOC134692692",75.2753548534586,0.143720321118331,0.229232909567685,0.11387183092936,0.388789187817004
"gene-LOC134692696|LOC134692696",19.3128660527404,-0.586160290947051,0.304878323416696,0.00313449392105857,0.0578144562494061
"gene-LOC134692698|LOC134692698",9.61525897438664,0.0356155251695143,0.183612273066133,0.472043098951013,0.765376164698452
"gene-LOC134692700|LOC134692700",21.519580259078,-0.14608760123253,0.248662036071804,0.0668856818057333,0.31136585080247
"gene-LOC134692703|LOC134692703",30.1223150992615,-0.448023970091216,0.170881685078665,0.00101542176916403,0.030083479471047
"gene-LOC134692706|LOC134692706",36.7903637611755,-0.0684772585487287,0.17079877732941,0.427507333647391,0.738182875877197
"gene-LOC134692707|LOC134692707",8.0165479568671,-0.0283455478824665,0.183408656386906,0.520627200005784,NA
"gene-LOC134692708|LOC134692708",11.0097294916362,-0.0447762009026512,0.16322342238703,0.596623557843477,0.833378937940095
"gene-LOC134692710|LOC134692710",15.5848733629874,-0.251450633553308,0.283634999702188,0.0479916125368541,0.26546247526304
"gene-LOC134692717|LOC134692717",37.7217596604017,0.318601167124954,0.156849260325356,0.00806261429592375,0.102061238851693
"gene-LOC134692718|LOC134692718",15.0395924097154,0.192666972027073,0.185302902871005,0.0925418428479585,0.35877156059527
"gene-LOC134692720|LOC134692720",171.436900539346,-0.0904787402599856,0.150573198426789,0.356976866396428,0.688451992193075
"gene-LOC134692722|LOC134692722",10.6318981454537,0.0796356749884395,0.171301164852875,0.376264591116602,0.701976136274755
"gene-LOC134692724|LOC134692724",6.94842992240404,0.0190322802712113,0.184231744439952,0.575928859748736,NA
"gene-LOC134692726|LOC134692726",39.8482501040286,-0.308099250016181,0.190520015611126,0.0177507483014107,0.158614569569174
"gene-LOC134692734|LOC134692734",22.5315874856277,-0.275916450712146,0.265216394243731,0.0398775900324118,0.24436032026868
"gene-LOC134692735|LOC134692735",24.8446198703598,-0.174667676930762,0.27500885545644,0.0555046565202929,0.285497191002971
"gene-LOC134692743|LOC134692743",35.5193546927902,0.0837499132943897,0.117982920552913,0.366415665683491,0.694853761812525
"gene-LOC134692755|LOC134692755",25.8344411653069,-0.00199338813397081,0.155913461719556,0.980292223680396,0.992729503672812
"gene-LOC134692757|LOC134692757",80.4449952129117,0.646671096467832,0.132135936744853,8.90768628086736e-08,3.42430213660291e-05
"gene-LOC134692759|LOC134692759",21.96400694348,0.0367561400649194,0.154879885522446,0.680815023177977,0.879652030654864
"gene-LOC134692763|LOC134692763",8.06572846947357,0.0709582207885458,0.182818571029816,0.356200603940352,NA
"gene-LOC134692780|LOC134692780",11.4653125151671,-0.147769725065124,0.219453576089594,0.128751972788631,0.413364575493697
"gene-LOC134692781|LOC134692781",16.242814712144,-0.465058457784745,0.385290590939544,0.0118612006098376,0.128106619477931
"gene-LOC134692782|LOC134692782",14.2384956526402,-0.0226721169837021,0.172993513794395,0.734140477129516,0.904191610246111
"gene-LOC134692784|LOC134692784",7.90248345277681,-0.00378810029667099,0.176828814032862,0.94386457162306,NA
"gene-LOC134692786|LOC134692786",126.630644701354,0.0464193834306109,0.144081373045062,0.621827879478045,0.850211686953882
"gene-LOC134692790|LOC134692790",14.2245742667933,0.401212918370204,0.367573855754106,0.0169272259454855,0.154236579754026
"gene-LOC134692796|LOC134692796",38.3019999603663,0.111043792806933,0.189716972801068,0.232887987068899,0.569597666198549
"gene-LOC134692798|LOC134692798",15.7935963707286,-0.063592461559173,0.153972751672293,0.496405156557785,0.775820923750395
"gene-LOC134692801|LOC134692801",27.3039814539451,-0.205197663851247,0.254963074869047,0.0719547455964439,0.322427890697194
"gene-LOC134692802|LOC134692802",95.2245580163464,0.188586552340289,0.132411605990384,0.0650144218098781,0.306958847381609
"gene-LOC134692804|LOC134692804",10.2160232937451,0.105629077405835,0.214856335683228,0.117973565190873,0.393892238040277
"gene-LOC134692807|LOC134692807",67.3905277970352,-0.0122700985885262,0.103818589409895,0.886319460426589,0.964924331339366
"gene-LOC134692819|LOC134692819",36.7539070190948,-0.07261806905192,0.199519415154184,0.145544039143608,0.442570217279314
"gene-LOC134692823|LOC134692823",281.434876216491,0.267992850798798,0.0946371674804735,0.00141569825934213,0.0359036808549823
"gene-LOC134692825|LOC134692825",52.3832752837059,0.128183726533133,0.158890053265563,0.216476380532136,0.548801009657769
"gene-LOC134692826|LOC134692826",11.597711404158,0.028419107893716,0.159972642742615,0.73624267521004,0.904191610246111
"gene-LOC134692827|LOC134692827",47.0809139601089,-0.0775034276097103,0.12349016000494,0.41046975029093,0.726628952041918
"gene-LOC134692828|LOC134692828",42.3689881221199,-0.0146140392350302,0.186157995580485,0.372439628595749,0.699125943783951
"gene-LOC134692829|LOC134692829",9.72877208561444,0.0166984625109398,0.174275724392471,0.792507547309685,0.927763996462669
"gene-LOC134692832|LOC134692832",22.3364699091588,0.0954033112249799,0.153796107530408,0.333778301968867,0.667657426809053
"gene-LOC134692835|LOC134692835",8.816688826968,0.253238804058674,0.408793834177462,0.027398348826521,0.198888619299433
"gene-LOC134692840|LOC134692840",16.6828783205391,-0.0887034417001598,0.162143306191528,0.355526740084772,0.687521130415455
"gene-LOC134692847|LOC134692847",8.41490546539468,-0.0164123370710511,0.182462276787083,0.67956886512038,0.878992769839512
"gene-LOC134692851|LOC134692851",279.107710480483,0.22691695883368,0.263899612008502,0.0616161895663098,0.298090225320071
"gene-LOC134692857|LOC134692857",30.8938173523283,0.500146457391454,0.237050650134591,0.00289055212211182,0.0555594544734336
"gene-LOC134692859|LOC134692859",30.4552726180539,0.104272455691084,0.176894314163323,0.27758352381155,0.613269829981719
"gene-LOC134692860|LOC134692860",412.344155962379,-0.075014436055506,0.101904415192572,0.379152827237167,0.70450792714367
"gene-LOC134692861|LOC134692861",39.4692037572759,-0.241149818677071,0.192364259338753,0.0485472777278128,0.265830057001972
"gene-LOC134692862|LOC134692862",430.55486870588,0.0469697970555698,0.124097193285553,0.615493477604728,0.846622290098858
"gene-LOC134692870|LOC134692870",40.0952636065665,-0.27414575873954,0.190116076440678,0.0296626743337089,0.207128272785287
"gene-LOC134692872|LOC134692872",13.2506134010419,-0.0230622644029327,0.184844801240615,0.497575331347908,0.775841529303202
"gene-LOC134692876|LOC134692876",48.2093420815079,0.728719973323299,0.179573728518913,3.60116866027101e-06,0.000641535021819987
"gene-LOC134692877|LOC134692877",17.947029429047,-0.0024827551688237,0.183638663758339,0.928401816560916,0.978198919183154
"gene-LOC134692880|LOC134692880",47.8660748783634,0.0253202905995986,0.148775030693385,0.780381209939946,0.922911974967837
"gene-LOC134692887|LOC134692887",20.5727774458749,-0.0761346074770171,0.192081588872267,0.264277028020689,0.599465656106556
"gene-LOC134692888|LOC134692888",9.11047978905614,0.0599216885358483,0.184600155579131,0.371161885103109,0.698522651067537
"gene-LOC134692889|LOC134692889",12.3674526780863,-0.00764331814422075,0.168652539297747,0.913205749483832,0.973951058977618
"gene-LOC134692891|LOC134692891",24.9125746546607,0.0518570146943489,0.152054133516716,0.576084075754868,0.821659458955977
"gene-LOC134692893|LOC134692893",9.38057593287019,0.0386793825919865,0.187863130861081,0.311570543434487,0.647244382606796
"gene-LOC134692894|LOC134692894",20.745720269395,-0.163927834843365,0.2554319305188,0.0739384807003829,0.325534299732559
"gene-LOC134692900|LOC134692900",47.8748009834598,-0.0361127164122245,0.144316066983709,0.696405146524702,0.885694443708241
"gene-LOC134692901|LOC134692901",10.5875333372287,-0.0957588639138227,0.192440864524199,0.248003490846442,0.585394060688682
"gene-LOC134692905|LOC134692905",78.8650271466172,1.4963108763812,0.372612381562376,2.92217024425155e-06,0.000547270037538803
"gene-LOC134692906|LOC134692906",20.7015846908615,0.152075176691982,0.177203825279825,0.158133739963104,0.462558605002208
"gene-LOC134692907|LOC134692907",13.3040561345464,0.0880256825401014,0.212822786720952,0.0427499731251108,0.253190666285736
"gene-LOC134692914|LOC134692914",17.1993656343685,0.048432927915238,0.165770089119693,0.565113869189575,0.817009237008096
"gene-LOC134692917|LOC134692917",22666.6194040334,0.118272278660416,0.165340030400788,0.246744404081601,0.585299489623563
"gene-LOC134692933|LOC134692933",177.804829815331,0.155668579082423,0.137882926106347,0.128235247570368,0.41188665270623
"gene-LOC134692946|LOC134692946",9.51479131971367,0.0565736557394997,0.169838382060434,0.497473555756767,0.775841529303202
"gene-LOC134692947|LOC134692947",6.13957163224322,-0.100052737977731,0.223527508814562,0.0166544958880902,NA
"gene-LOC134692954|LOC134692954",13.1811495811196,-0.0451584193141872,0.179563918832265,0.488671248628034,0.77290056300978
"gene-LOC134692957|LOC134692957",38.7079928154315,0.251411750376545,0.179318451210809,0.0384650852914634,0.240043449665217
"gene-LOC134692960|LOC134692960",10.2345487688358,-0.0315128642020924,0.180801311667715,0.559549958766687,0.815371050559352
"gene-LOC134692964|LOC134692964",55.3360631673742,-0.0636552907562066,0.129988414992576,0.501499135003814,0.779171186688516
"gene-LOC134692974|LOC134692974",7.50330856051072,0.0155289461086838,0.173381183090609,0.811047090994543,NA
"gene-LOC134692975|LOC134692975",10.0149224012724,-0.0537461370409779,0.183212062840828,0.404138411800108,0.722424610814487
"gene-LOC134692998|LOC134692998",11.2796941145047,-0.00821519637301904,0.158034749827257,0.921001265382704,0.976343998089279
"gene-LOC134693000|LOC134693000",25.048197220754,0.0244179593007392,0.165170195350965,0.756625837491684,0.912548731347302
"gene-LOC134693005|LOC134693005",8.46431882640253,-0.0422194737065047,0.190200518775879,0.197476104854575,0.524463940700506
"gene-LOC134693008|LOC134693008",16.7602883995995,-0.0343319889288297,0.181539544076152,0.524558222516108,0.793902456953513
"gene-LOC134693010|LOC134693010",12.6345253786362,0.0474220641755104,0.179845394392164,0.475714860572512,0.765853785338503
"gene-LOC134693011|LOC134693011",25.3979235554629,-0.0422886058827611,0.143617049387796,0.650455138295085,0.865377837906613
"gene-LOC134693012|LOC134693012",10.6188245425519,0.135643227805242,0.224831704606331,0.121366477672876,0.398409327156263
"gene-LOC134693014|LOC134693014",431.532664860168,0.27107249580521,0.140510583386411,0.0137451399214718,0.139342119722971
"gene-LOC134693024|LOC134693024",12.7263002514409,-0.146147604467535,0.254712072339841,0.0517139582231438,0.274191739876795
"gene-LOC134693031|LOC134693031",57.1678156835295,0.141833335584332,0.240791832952183,0.0832272189765473,0.34441450844459
"gene-LOC134693036|LOC134693036",25.0581512115273,0.0494156117944741,0.13875471985666,0.602483900251018,0.837306109531757
"gene-LOC134693038|LOC134693038",18.1253064639074,-0.00516982083222269,0.149775343625026,0.952750600264217,0.984841548872041
"gene-LOC134693062|LOC134693062",20.3529247862739,-0.0660785334904569,0.148839256151608,0.48728772568258,0.772049793576045
"gene-LOC134693064|LOC134693064",78.8012764839839,0.177034491986964,0.189072107047876,0.11512259130067,0.390394440055923
"gene-LOC134693067|LOC134693067",38.2218010078318,-0.00327381257901286,0.116123022254434,0.970447734129533,0.991058020572458
"gene-LOC134693083|LOC134693083",16.1082683537053,0.500267793936222,0.251535426886666,0.00373623499384393,0.0630241579562034
"gene-LOC134693098|LOC134693098",71.968037740843,0.0871089254980881,0.1529021499993,0.373047003180417,0.699214272029153
"gene-LOC134693103|LOC134693103",25.6590840273659,0.026882142174172,0.142313616847124,0.772493262043403,0.919538915574481
"gene-LOC134693114|LOC134693114",14.5804818512334,0.85907653494532,0.401346473800858,0.00136930768360823,0.0351785046481171
"gene-LOC134693121|LOC134693121",133.454789983808,1.08035629556349,0.30273683718477,1.89102188352516e-05,0.00226426620283078
"gene-LOC134693128|LOC134693128",9.93809033591724,0.200570575592582,0.254669399268097,0.0764544026265349,0.332394617133459
"gene-LOC134693134|LOC134693134",60.8620177847179,-0.0611591171631662,0.187419583029613,0.328268554104447,0.664143224355932
"gene-LOC134693144|LOC134693144",36.2491038959216,-0.228201800774176,0.207165590551331,0.0615991211877744,0.298090225320071
"gene-LOC134693149|LOC134693149",61.7537340710129,-0.0712302809415937,0.119361758331279,0.441353305504402,0.748640163354425
"gene-LOC134693182|LOC134693182",11.1272020223572,0.135178468238922,0.190282620459391,0.184898894919775,0.506564714363855
"gene-LOC134693190|LOC134693190",37.6642779027246,-0.0856961089934042,0.149326904563704,0.37988559850969,0.704597669686427
"gene-LOC134693193|LOC134693193",8.69997510274876,0.0356617304483794,0.181163959269713,0.526377934188594,0.79498896697287
"gene-LOC134693194|LOC134693194",12.7027299456051,0.0798763734521704,0.178742682928502,0.350124773386495,0.68304256004673
"gene-LOC134693196|LOC134693196",78.0311162672266,0.0981965633922624,0.107093583293195,0.26606430008758,0.601465081792289
"gene-LOC134693203|LOC134693203",14.1459356177882,-0.000862472690309433,0.183067175463607,0.975666369072301,0.991980289222603
"gene-LOC134693204|LOC134693204",20.1037638930869,0.0506522507651939,0.168217898613377,0.539894082080535,0.802643267965852
"gene-LOC134693212|LOC134693212",33.3662893585633,0.0769183975866477,0.154656892409132,0.42270838536676,0.734567682779207
"gene-LOC134693213|LOC134693213",14.676857793073,-0.00357903745339437,0.143569923948033,0.96807831856033,0.990333763867984
"gene-LOC134693217|LOC134693217",22.0370267026357,-0.0154079223149424,0.185688953473584,0.47322545999154,0.765376164698452
"gene-LOC134693219|LOC134693219",29.922848297828,0.580428595227705,0.270846862155806,0.00212865207864184,0.0454610373754387
"gene-LOC134693234|LOC134693234",93.6264716233703,0.277564950005014,0.171947479869708,0.0230921821469886,0.182143950757673
"gene-LOC134693245|LOC134693245",40.2426579753201,0.0583240334889835,0.134272315892167,0.540851983308999,0.803480872096684
"gene-LOC134693253|LOC134693253",14.022725156311,0.0700449472981916,0.194746447531198,0.225243265386344,0.56053724374169
"gene-LOC134693259|LOC134693259",24.934439962146,0.0220637439830809,0.179940017441587,0.669893671676309,0.874285257527977
"gene-LOC134693263|LOC134693263",90.5271526292285,-0.191017196921863,0.250349831706511,0.0796290645010263,0.338539398786668
"gene-LOC134693266|LOC134693266",41.3779443843405,0.0064781624483385,0.185059312821605,0.752891992535484,0.910736679592323
"gene-LOC134693268|LOC134693268",52.6280981825974,0.056829054335225,0.155807580041817,0.536738498570699,0.800777567013534
"gene-LOC134693271|LOC134693271",42.2325030735845,-0.118212643540855,0.151769917774094,0.245012191217526,0.58368201064997
"gene-LOC134693283|LOC134693283",7.48037059731211,-0.0400292224246106,0.179028394137506,0.526222840032336,NA
"gene-LOC134693288|LOC134693288",11.2127257167567,-0.062215628510065,0.17256510923428,0.451498315766667,0.754977952921186
"gene-LOC134693290|LOC134693290",9.41914776844944,-0.0381417028806501,0.16642615993343,0.633554158913841,0.85623909964459
"gene-LOC134693295|LOC134693295",5.64863595425267,-0.00226938363802747,0.184497843173664,0.919986913292843,NA
"gene-LOC134693296|LOC134693296",564.215186567978,0.0585682322786967,0.12918387980369,0.538236383706908,0.80158647245437
"gene-LOC134693304|LOC134693304",45.0337852134084,-0.0116145985977793,0.110243924390796,0.894633237765412,0.967486107290283
"gene-LOC134693315|LOC134693315",16.3350611706483,0.0781510719928791,0.19887214190361,0.187350873499698,0.51013227750643
"gene-LOC134693325|LOC134693325",133.255363656583,0.178479071595653,0.139589172508875,0.0871530905345469,0.349569562473548
"gene-LOC134693340|LOC134693340",38.8484391064138,0.11808157991118,0.15651471497146,0.247544526751389,0.585394060688682
"gene-LOC134693341|LOC134693341",47.2978192429297,-0.18771985828124,0.116806256344219,0.0484394100091694,0.265752968016758
"gene-LOC134693343|LOC134693343",48.0669715795871,-0.0109683977173673,0.164960401921203,0.884918940369807,0.964867103368543
"gene-LOC134693348|LOC134693348",11.6827615578419,-0.0357898861726295,0.158317359666057,0.677657555182695,0.877746193128995
"gene-LOC134693356|LOC134693356",15.1150124001677,-0.0977119250219792,0.204746603979424,0.172157510515767,0.483602529346774
"gene-LOC134693357|LOC134693357",321.076912778189,-0.179118146649869,0.255441914592799,0.0792760861682825,0.337825282014665
"gene-LOC134693358|LOC134693358",22.4803280872897,0.0698743838242013,0.16123989537848,0.450408107384726,0.754536884481202
"gene-LOC134693379|LOC134693379",12.3875848180679,0.0114024964863104,0.182925162077381,0.750434201846688,0.909737993408831
"gene-LOC134693389|LOC134693389",11.5689227445438,0.222831876111511,0.269120501621747,0.0614334472657276,0.297804599517151
"gene-LOC134693391|LOC134693391",26.7860381961758,-0.266398370525344,0.318175534848493,0.0404517424726794,0.245602266849917
"gene-LOC134693393|LOC134693393",11.5579122576201,0.113699913059637,0.196490121456904,0.211342796518572,0.54248519676859
"gene-LOC134693398|LOC134693398",25.8725528338575,0.153407064668477,0.186833211702387,0.157448117903225,0.462033368085639
"gene-LOC134693399|LOC134693399",10.5117929530205,-0.0281046270551591,0.170292435578392,0.699007227485273,0.887458506788186
"gene-LOC134693407|LOC134693407",20.7418544716009,0.0847175357627957,0.167334481981667,0.367481800935816,0.695849767335534
"gene-LOC134693408|LOC134693408",40.1245764449159,-0.00405655061927086,0.151954514467424,0.964665562958929,0.98891760419251
"gene-LOC134693411|LOC134693411",28.2642207302593,0.0615867130899559,0.163190943324236,0.492154799751456,0.774514408343274
"gene-LOC134693415|LOC134693415",10.6307864255603,-0.0722256282543879,0.198204754595427,0.170117094518874,0.481057572710393
"gene-LOC134693417|LOC134693417",9.94195461781108,-0.00562040153034627,0.166550210115523,0.938542670151428,0.982248984494345
"gene-LOC134693426|LOC134693426",11.8677580147141,-0.00871622171055188,0.182803331842569,0.801702576721384,0.929908785195012
"gene-LOC134693428|LOC134693428",7.86799678754371,-0.108403908597055,0.226097774865632,0.0434900670600651,NA
"gene-LOC134693429|LOC134693429",2454.95827481695,-0.0353845664772281,0.117647171747301,0.697403387558945,0.886520052386683
"gene-LOC134693434|LOC134693434",40.8450101839133,0.0471307159780981,0.184731154129267,0.404239645542648,0.722428767076952
"gene-LOC134693435|LOC134693435",19.1784358104898,-0.15959595083476,0.259561542192136,0.062612206315618,0.300670318822665
"gene-LOC134693440|LOC134693440",34.2290411434192,0.0124121824906123,0.14184678768746,0.894005759136428,0.967145830285884
"gene-LOC134693447|LOC134693447",117.901756870891,-0.0496718279024583,0.119797604111339,0.589510122592141,0.828828059137864
"gene-LOC134693449|LOC134693449",113.804520552031,0.235303320189475,0.143340902376918,0.0309658690533976,0.212464731039602
"gene-LOC134693457|LOC134693457",15.6130207181904,-0.0951112160049005,0.198487324005999,0.214191134167899,0.545295240140236
"gene-LOC134693461|LOC134693461",17.17507804897,-0.013194954021443,0.152922975187994,0.879148713764439,0.96225707753286
"gene-LOC134693471|LOC134693471",11.7498908704999,-0.0395603552654316,0.182578845441528,0.472473719933588,0.765376164698452
"gene-LOC134693478|LOC134693478",7.91135090919,-0.0914903812396796,0.214123290880182,0.0495033558520738,NA
"gene-LOC134693487|LOC134693487",8.33239364723684,0.204351874887915,0.312793320561251,0.0435710059413614,0.254390589445007
"gene-LOC134693495|LOC134693495",27.3299008301625,0.116120263706883,0.163653796302869,0.253473399012743,0.589608186748113
"gene-LOC134693505|LOC134693505",62.3449772821887,-0.0736437521087561,0.162877687204897,0.42416599241935,0.735172029629556
"gene-LOC134693509|LOC134693509",38.0103167963812,0.227935062299268,0.16342537757944,0.0472425766578038,0.263691113210887
"gene-LOC134693519|LOC134693519",50.5535301921437,0.031131915161009,0.181294071986183,0.557495589340846,0.813516979556245
"gene-LOC134693520|LOC134693520",17.7156166602238,0.134573408550628,0.236102442992362,0.0853388777158549,0.348000285865672
"gene-LOC134693521|LOC134693521",69.8948841305596,-0.0124036391231163,0.185123070029107,0.589691055172708,0.828828059137864
"gene-LOC134693539|LOC134693539",7.35651900509428,-0.024835038473611,0.183567164149307,0.543702568687717,NA
"gene-LOC134693542|LOC134693542",7.19470388656703,-0.135719277365984,0.258415637541305,0.0135674903910689,NA
"gene-LOC134693574|LOC134693574",119.196196097482,0.111022775074739,0.130655366135864,0.256345837201359,0.591805350247473
"gene-LOC134693601|LOC134693601",53.201600505501,-0.499545993178488,0.412928552182456,0.010090670052116,0.115520774389742
"gene-LOC134693628|LOC134693628",14.1084056786216,0.0434395338171938,0.184019524663964,0.430355238682114,0.740300203328818
"gene-LOC134693635|LOC134693635",15.6364606922193,0.119489191581633,0.209739196899611,0.164138009032047,0.47052138949355
"gene-LOC134693637|LOC134693637",10.6367417947683,-0.066393710129771,0.189364928972332,0.298329032684211,0.633795123271695
"gene-LOC134693643|LOC134693643",71.0092316783098,-0.19684022611867,0.111993132193212,0.0338480349529276,0.222927003873925
"gene-LOC134693644|LOC134693644",57.1660705594468,0.0944398442023338,0.127939749729515,0.326628776826663,0.663193908321984
"gene-LOC134693647|LOC134693647",12.1361757186028,0.00408585010495061,0.162608631523765,0.959669662229736,0.986826300566802
"gene-LOC134693651|LOC134693651",53.4725277866706,0.0566410782192805,0.132600834496829,0.549776860961763,0.80991734418409
"gene-LOC134693656|LOC134693656",358.145974401904,0.050503682457819,0.0847867184081558,0.503425984832188,0.780309868242846
"gene-LOC134693659|LOC134693659",9.46909544063248,-0.721389253429735,0.66367383972453,0.00671587553483617,0.092204426515871
"gene-LOC134693666|LOC134693666",19.2105171690981,0.0143938667660213,0.149800137385337,0.87247547985858,0.959014358574425
"gene-LOC134693677|LOC134693677",34.5550677789197,-0.284409225406686,0.203212441630535,0.0284519153945577,0.202746969439582
"gene-LOC134693678|LOC134693678",9.81795705246259,-0.059978980416841,0.164887284456018,0.49273688298227,0.774514408343274
"gene-LOC134693679|LOC134693679",1616.38514339491,0.0390116180548687,0.0870149422916805,0.616524264091667,0.847061073162524
"gene-LOC134693682|LOC134693682",53.236199038379,0.1302387855481,0.111068393687668,0.153808817608781,0.454641685072657
"gene-LOC134693684|LOC134693684",11.1645075545419,0.10495456974384,0.180343238093451,0.268269098414642,0.603070567226158
"gene-LOC134693703|LOC134693703",8.63040117010246,-0.00558503665612641,0.175612426141796,0.922120176710435,0.976677170924162
"gene-LOC134693705|LOC134693705",47.954989110152,0.658664242412982,0.233344307974396,0.000330387737478233,0.0148960002132161
"gene-LOC134693708|LOC134693708",20.3454670617123,0.341999339320645,0.224168827325027,0.0167584928199202,0.154071917417238
"gene-LOC134693709|LOC134693709",8.73175579169044,0.268806156182845,0.3423964386623,0.0389638386475312,0.241589030120176
"gene-LOC134693720|LOC134693720",14.5185415686269,0.085713741569683,0.190853627747582,0.26958560379571,0.604374846569632
"gene-LOC134693724|LOC134693724",22.6427857338509,0.363624639165557,0.201949069026295,0.0096695963483036,0.112822255156565
"gene-LOC134693734|LOC134693734",23.1902958236577,0.12428985801468,0.188572583483436,0.209071986476667,0.539979416274957
"gene-LOC134693741|LOC134693741",106.710931335133,-0.0793775503939659,0.168547445106243,0.384019150232418,0.708715225210735
"gene-LOC134693742|LOC134693742",8.0347620391806,-0.0155541982459789,0.172584012104348,0.812800027741914,NA
"gene-LOC134693780|LOC134693780",75.3728457906168,-0.632965778339288,0.425387208462192,0.00514400496762066,0.0771495118757727
"gene-LOC134693794|LOC134693794",105.075970502313,-0.0866775691056273,0.123178236488896,0.357704703403627,0.688644047661838
"gene-LOC134693815|LOC134693815",14.5983549514042,0.0396426543796284,0.181724575858376,0.492108729053282,0.774514408343274
"gene-LOC134693823|LOC134693823",20.1870680222527,-0.388868086384858,0.228023413182073,0.00955967190312855,0.112076795474239
"gene-LOC134693827|LOC134693827",63.6290309752822,0.162258562987131,0.128862028576065,0.10270798628314,0.375824193044838
"gene-LOC134693829|LOC134693829",47.090561615606,-0.0985987463911204,0.181756689287806,0.280009576357913,0.61527952800711
"gene-LOC134693837|LOC134693837",35.7180332681988,-0.352066631954591,0.210351369758581,0.012395794056133,0.13178876242503
"gene-LOC134693841|LOC134693841",309.69939025024,0.185973208891684,0.109828954280606,0.0416435585088802,0.249519730392831
"gene-LOC134693842|LOC134693842",106.021406448356,-0.895994892817935,0.223263608652929,3.35371616769895e-06,0.000612388572221829
"gene-LOC134693852|LOC134693852",15.4716449585621,-0.00633424016557085,0.141297717861766,0.944478805469811,0.984230731224354
"gene-LOC134693853|LOC134693853",39.3328763392922,0.0744494611296427,0.180525251814881,0.359163019093345,0.688644047661838
"gene-LOC134693854|LOC134693854",20.4263090753525,0.103720221304509,0.170085576437136,0.289429533247846,0.62470251502431
"gene-LOC134693856|LOC134693856",10.5998891484473,-0.0539316858685019,0.184403899526808,0.386406524916241,0.709811963443349
"gene-LOC134693860|LOC134693860",7.95525400118197,0.0729649516404901,0.19244251251425,0.263662135820793,NA
"gene-LOC134693865|LOC134693865",14.9881116619335,0.0679062131171243,0.189477152599551,0.299031727365315,0.634446920731012
"gene-LOC134693867|LOC134693867",27.9609335380288,-0.111185933343928,0.165068706466662,0.266712541102673,0.602184976882202
"gene-LOC134693869|LOC134693869",10.030785514769,-0.0609651290266579,0.18841688388757,0.315440955259035,0.651947011095639
"gene-LOC134693874|LOC134693874",311.024696715408,0.337954922009567,0.20703806184803,0.0147300742028146,0.144220458414689
"gene-LOC134693876|LOC134693876",12.3763670197745,-0.0339881254002091,0.178252185887477,0.578715219926394,0.822792030282288
"gene-LOC134693881|LOC134693881",45.9078553826076,0.0661699134013037,0.175886248415251,0.417066772672048,0.731628477305431
"gene-LOC134693886|LOC134693886",10.2909105816467,-0.00223711723176766,0.180415200748617,0.956310706376484,0.986009796636623
"gene-LOC134693887|LOC134693887",59.6802569019546,-0.479992996404952,0.2547327216529,0.00456620055293284,0.0723438351900755
"gene-LOC134693889|LOC134693889",28.0228832754843,0.0687751466920308,0.153428928190751,0.468557815492427,0.763108981909643
"gene-LOC134693895|LOC134693895",12.3933666904413,0.0423686068121806,0.186831117797749,0.3591034161217,0.688644047661838
"gene-LOC134693911|LOC134693911",28.1891514063126,0.114032330690255,0.205420257917412,0.180478446321706,0.497815170669843
"gene-LOC134693917|LOC134693917",22.4587387026223,-0.270456761112422,0.442294378035895,0.0233438753568973,0.182747765923664
"gene-LOC134693920|LOC134693920",16.4849696090265,-0.0217168603047586,0.157669702973685,0.797100964881812,0.928511095105415
"gene-LOC134693921|LOC134693921",48.589488863602,-0.0166799394437716,0.120158376383306,0.855054520256088,0.951545739399413
"gene-LOC134693922|LOC134693922",57.2810771856234,-0.0475798188332451,0.162261694848153,0.579761454522094,0.822792030282288
"gene-LOC134693926|LOC134693926",130.882729187259,0.062409658409218,0.123724884528371,0.506136739511023,0.782065315292683
"gene-LOC134693929|LOC134693929",64.6857489349659,0.214646347406408,0.245029257220272,0.0723179661909248,0.32273217503882
"gene-LOC134693930|LOC134693930",16.3922956739476,0.0133350505493535,0.160187658405725,0.871606784305575,0.958767462736132
"gene-LOC134693932|LOC134693932",60.9733940864591,0.280843697755434,0.182889413459016,0.0254385952800432,0.190959403828814
"gene-LOC134693934|LOC134693934",2390.00721555869,0.0427469379137715,0.106528507536801,0.628031674679816,0.85294595609174
"gene-LOC134693935|LOC134693935",11.9278005401605,0.0179823159552622,0.1802170493553,0.713649218497347,0.895463647466865
"gene-LOC134693938|LOC134693938",14.9586992369885,-0.0333994733227213,0.158030929228268,0.698620888793281,0.887122213446823
"gene-LOC134693939|LOC134693939",26.7629192057633,-0.036317456738064,0.140730639709182,0.696921596445846,0.886196960383088
"gene-LOC134693946|LOC134693946",44.5395910275223,0.057117471739901,0.120324831935065,0.538066008213143,0.801557031203099
"gene-LOC134693947|LOC134693947",23.8123993721404,-0.0680846972863445,0.145976708473835,0.47590604378404,0.765853785338503
"gene-LOC134693949|LOC134693949",65.5307682710463,0.33259504838368,0.156657900650001,0.00597617918695326,0.0852539312138801
"gene-LOC134693950|LOC134693950",25.9142522973604,0.370154787596952,0.194671384304586,0.00769726237919551,0.0990183720315234
"gene-LOC134693952|LOC134693952",27.952296058935,-0.202704268763221,0.193180323725392,0.0821643830475734,0.342202283132397
"gene-LOC134693953|LOC134693953",39.2478137051151,0.0765788367460712,0.138403038352241,0.432259508921392,0.741828818882014
"gene-LOC134693954|LOC134693954",20.2743180045069,-0.112224091101409,0.219289433707864,0.106399966480602,0.379940634494197
"gene-LOC134693958|LOC134693958",15.2951991580747,0.0541110837135349,0.1857384000987,0.369089460580014,0.697859026682998
"gene-LOC134693961|LOC134693961",15.9645245345869,0.0351318166753945,0.151404867004954,0.69830701495412,0.887122213446823
"gene-LOC134693962|LOC134693962",23.3905809753865,-0.0882164690769542,0.177263950055458,0.324501464588134,0.660819611037756
"gene-LOC134693969|LOC134693969",12.6281070228634,-0.0219323063520512,0.156795726327731,0.797409442630616,0.928511095105415
"gene-LOC134693972|LOC134693972",26.9655691909343,-0.0918324188968083,0.202050655315947,0.183486060554859,0.504206992585661
"gene-LOC134693974|LOC134693974",11.89658513064,0.0402341798135175,0.187281766261679,0.341589564619203,0.674134066462756
"gene-LOC134693976|LOC134693976",36.0404069775169,-0.213230316889028,0.327445121392052,0.0381904037387566,0.238820812421129
"gene-LOC134693980|LOC134693980",56.9503580044284,-0.0222467149491754,0.165497930221444,0.772826750379749,0.919785984157355
"gene-LOC134693992|LOC134693992",260.547601625876,0.107800031001444,0.113702505612172,0.235247566982703,0.572298167494372
"gene-LOC134693993|LOC134693993",47.24504483228,-0.0460507486979805,0.119687921010128,0.616674289480049,0.847061073162524
"gene-LOC134693999|LOC134693999",199.734822878735,0.0626789085590726,0.169701240253568,0.46335079010287,0.761580199771773
"gene-LOC134694000|LOC134694000",6.63915235545652,-0.0426008714628634,0.189042970965846,0.266913210515664,NA
"gene-LOC134694007|LOC134694007",21.3911689842529,-0.148457600463512,0.222973384386066,0.122824629587522,0.401624033668067
"gene-LOC134694009|LOC134694009",55.3317360851975,-0.115804816193041,0.150842658622421,0.252179917166694,0.589130303037539
"gene-LOC134694012|LOC134694012",1538.36506873073,0.00151729226837151,0.0754390363698162,0.983261162247595,0.993455247863024
"gene-LOC134694013|LOC134694013",22.0658706397443,-0.0192632205486014,0.139504534059866,0.833587038111,0.944886253276339
"gene-LOC134694015|LOC134694015",153.817385417404,0.360210517018152,0.294738533057858,0.0206295972595576,0.172796534843817
"gene-LOC134694018|LOC134694018",11.2558523742744,-0.122146868396096,0.206810395477626,0.169547505143092,0.480627955308159
"gene-LOC134694019|LOC134694019",11.7333727712568,-0.0731467845063115,0.177880427759929,0.375616394202422,0.701483544682815
"gene-LOC134694020|LOC134694020",7.21805670321868,-0.000818117695163269,0.182000542058858,0.980542702925909,NA
"gene-LOC134694021|LOC134694021",26.7957685032503,0.257718543259177,0.149428825465752,0.0222243962009349,0.179656154289827
"gene-LOC134694022|LOC134694022",22.196166222649,0.0477974835668783,0.149701991208416,0.606926823038993,0.83960158449969
"gene-LOC134694027|LOC134694027",158.603627093337,0.0466614777599913,0.173822783795737,0.535121828895844,0.800436174125587
"gene-LOC134694031|LOC134694031",15.9371896999342,0.0572279230238117,0.19049114991435,0.276379835549056,0.612590246655459
"gene-LOC134694033|LOC134694033",9.84452079258077,-0.0520927042882674,0.187119057962255,0.34377239511194,0.67654591107757
"gene-LOC134694035|LOC134694035",28.5946424856056,0.0668057548292731,0.15931269794136,0.471231641219727,0.764562660138496
"gene-LOC134694036|LOC134694036",9.5330871671827,0.0245922670731303,0.161803233865809,0.764225188651846,0.915885611020874
"gene-LOC134694042|LOC134694042",41.3301288609808,0.244613401198054,0.165856881780321,0.0369110870117423,0.233271138040976
"gene-LOC134694047|LOC134694047",51.8417498692536,0.42288568935203,0.310742986163972,0.013094568410019,0.135856147253947
"gene-LOC134694048|LOC134694048",16.2055854721324,1.09206154523421,0.488144619479346,0.000985726963116422,0.030083479471047
"gene-LOC134694050|LOC134694050",265.317523987219,-0.0392465526935223,0.0805364634006825,0.588007652896104,0.827356558804305
"gene-LOC134694060|LOC134694060",22.6309922592935,0.720217218489087,0.36839491203411,0.00244408642790239,0.049450435649305
"gene-LOC134694061|LOC134694061",9.47016259395119,0.0123662994347709,0.178141683653073,0.816863943182591,0.937860797680614
"gene-LOC134694063|LOC134694063",108.98627607752,-0.042812291137705,0.116796406105936,0.646199433763932,0.862830318168985
"gene-LOC134694072|LOC134694072",16.1521927197773,-0.00214981094141945,0.141839892764188,0.980644474124456,0.992729503672812
"gene-LOC134694149|LOC134694149",3319.84828345734,0.0786870762450071,0.161521886182372,0.406473473447055,0.724003575020308
"gene-LOC134694150|LOC134694150",334.634454145599,0.0796166718821365,0.160529514089839,0.402498643974677,0.72108170115061
"gene-LOC134694159|LOC134694159",10.4249999432509,0.0612657709678172,0.167290705764041,0.48064322158314,0.768475292394854
"gene-LOC134694184|LOC134694184",42.2882445879515,0.0205135151248432,0.186805341944172,0.282705682736881,0.618413389251327
"gene-LOC134694187|LOC134694187",38.6405155929234,0.0173916367888688,0.186855592400372,0.186845327410994,0.509413315195933
"gene-LOC134694199|LOC134694199",22.7845154245015,-0.78423310394587,0.317262602358567,0.000657396843796072,0.0228648883194596
"gene-LOC134694200|LOC134694200",168.166431752486,-0.102320940405341,0.137184844395371,0.297659949069808,0.63292817118075
"gene-LOC134694221|LOC134694221",15.7350113139822,-0.164229188151631,0.27007488847268,0.0520633302565082,0.275558379850388
"gene-LOC134694326|LOC134694326",12.8244032326758,-0.132349585525857,0.198193013249347,0.178694733163111,0.49476358264722
"gene-LOC134694328|LOC134694328",26.0914308548046,-0.0861189718938739,0.153040355057715,0.376813199524907,0.702217474338246
"gene-LOC134694336|LOC134694336",9.04409376431583,-0.0253202796653196,0.159990429978854,0.761066326359086,0.914365980545461
"gene-LOC134694369|LOC134694369",43.8822072324793,-0.501393328608279,0.17118831802718,0.000324919191174021,0.0147774639874467
"gene-LOC134694377|LOC134694377",37.8112433204048,-0.00490913301727391,0.185532836229262,0.723205141507539,0.899266318279038
"gene-LOC134694421|LOC134694421",442.457330759765,0.0192617353205676,0.133484224633262,0.856088212226065,0.951912276729093
"gene-LOC134694436|LOC134694436",21.654858702468,-0.0359372464649176,0.184441831051568,0.444056697471669,0.74989475369772
"gene-LOC134694447|LOC134694447",220.409703725008,-0.00549112165142606,0.183255859793237,0.857068280630513,0.952095318893577
"gene-LOC134694453|LOC134694453",98.6362176958133,0.0266102392863064,0.17936953842386,0.632872398417374,0.85623909964459
"gene-LOC134694485|LOC134694485",8.36785115129572,-0.00290135123599368,0.175825312225432,0.958439585978727,0.986765553736196
"gene-LOC134694498|LOC134694498",17.6180036161794,-0.0994663979157291,0.187699054452362,0.260364274110166,0.596485623785032
"gene-LOC134694513|LOC134694513",720.423906207964,0.0209154543634959,0.184545296477999,0.542000510486555,0.803977469425458
"gene-LOC134694518|LOC134694518",29.4612440280167,-0.0976550243861889,0.212171948696311,0.108222620446927,0.381019677617619
"gene-LOC134694523|LOC134694523",191.991305407464,0.000878757721407793,0.183720963256578,0.981446767041894,0.992729503672812
"gene-LOC134694546|LOC134694546",9.59411886081083,0.0254701440557732,0.162995967737442,0.75300367032558,0.910736679592323
"gene-LOC134694557|LOC134694557",32.9628912949931,0.158401020187881,0.183339435976161,0.145481007621903,0.442570217279314
"gene-LOC134694565|LOC134694565",17.1893751512831,0.000338754830882109,0.160411492864386,0.997680211576512,0.999185008275722
"gene-LOC134694574|LOC134694574",12.9894152811418,0.0600430703345237,0.172731709791889,0.464136799658347,0.761766837421861
"gene-LOC134694583|LOC134694583",139.133047363959,-0.0209162083336167,0.185424997696605,0.466524185494067,0.762382103707458
"gene-LOC134694585|LOC134694585",381.184737000456,0.0488995173867774,0.166576038567619,0.562705590584668,0.817009237008096
"gene-LOC134694587|LOC134694587",25.4017443414574,0.0247966007789788,0.170503818440345,0.731151938188201,0.902997609116253
"gene-LOC134694590|LOC134694590",16.2121146665247,-0.0942623082961617,0.196860644345216,0.223018896076531,0.557470916133806
"gene-LOC134694607|LOC134694607",9.9242394957364,-1.04422408700069,0.630296951800137,0.00259111227402414,0.0512885746598167
"gene-LOC134694608|LOC134694608",65.2312260222735,0.122198691280975,0.189204426102573,0.212122893114438,0.543630039055387
"gene-LOC134694619|LOC134694619",40.7497928348046,-0.00704767797272044,0.107155041397341,0.935340892765623,0.980588711436929
"gene-LOC134694620|LOC134694620",684.367951877515,-0.227462052910336,0.0973183900024871,0.00729708386058465,0.0958595333052343
"gene-LOC134694621|LOC134694621",14.1891600826951,0.0750962353072837,0.163271515376532,0.418827779357545,0.732372061390353
"gene-LOC134694627|LOC134694627",177.747894382014,0.268677675492272,0.109369646115256,0.0040615657198396,0.0665149686495704
"gene-LOC134694630|LOC134694630",36.353076805873,0.21614638307577,0.238807603357239,0.0723761367351571,0.32273217503882
"gene-LOC134694639|LOC134694639",31.7863193916506,0.0808007837926334,0.138752750897616,0.406078137710149,0.724003575020308
"gene-LOC134694648|LOC134694648",20.8765959578773,-0.0186296841597233,0.136976282705768,0.84074263202591,0.94707747408349
"gene-LOC134694649|LOC134694649",90.1252314762129,0.131918172938798,0.117606761675942,0.160470919062389,0.465611639557216
"gene-LOC134694650|LOC134694650",32.9421316530106,0.0744725594158861,0.158578902084215,0.431173796473051,0.740815091656585
"gene-LOC134694654|LOC134694654",18.3917580528946,0.0672789359675955,0.174720651585395,0.417833739829497,0.731684880296006
"gene-LOC134694655|LOC134694655",22.430866388397,0.688256610144422,0.286586961756659,0.000945532461528184,0.0295086900721623
"gene-LOC134694667|LOC134694667",4.6705030945029,-0.0387921076005438,0.190255030835241,0.13970637340362,NA
"gene-LOC134694671|LOC134694671",8.83543805053872,0.0908491372047324,0.193169211341335,0.249975460034695,0.587263367770376
"gene-LOC134694682|LOC134694682",85.0482010494795,0.00667187158591559,0.119328296461018,0.942617828639206,0.983133031612275
"gene-LOC134694700|LOC134694700",12.882778734044,0.014187378443468,0.165452693067548,0.85379286114778,0.951303996418525
"gene-LOC134694703|LOC134694703",12.1265535941676,-0.0175254361637795,0.177546079170612,0.751857250960256,0.910103639544865
"gene-LOC134694704|LOC134694704",13.8757088758287,0.178773713093001,0.214895533067885,0.106995266211879,0.380684331405839
"gene-LOC134694724|LOC134694724",7.62829769906302,0.0187730673102895,0.182511858856944,0.650397772911345,NA
"gene-LOC134694726|LOC134694726",38.3025477405192,0.2494091595274,0.289211768296949,0.0498332497660939,0.270417575253752
"gene-LOC134694727|LOC134694727",46.7355164628307,-0.0664132461919271,0.130512562685625,0.48461069267621,0.769812200806229
"gene-LOC134694731|LOC134694731",22.4113750439689,0.199626648312547,0.215974143393446,0.0875549112861009,0.349836472666128
"gene-LOC134694740|LOC134694740",13.8510470355601,-0.0577471945935701,0.192996352331498,0.209243623972114,0.540231682393892
"gene-LOC134694743|LOC134694743",30.010364158948,0.00221318155285106,0.183950048690405,0.940182726388606,0.982276445936544
"gene-LOC134694744|LOC134694744",16.8676513472477,0.0494082439075857,0.172952899414855,0.52280458019899,0.793351473304905
"gene-LOC134694754|LOC134694754",8.71594064372842,-0.049422373891448,0.188434423654037,0.311147006637963,0.646661958146291
"gene-LOC134694760|LOC134694760",14.9331780398497,0.0138711655092027,0.146749392395999,0.878772095807876,0.96225707753286
"gene-LOC134694784|LOC134694784",101.431935477516,0.0251344218370553,0.185291935766622,0.463579623245523,0.761580199771773
"gene-LOC134694786|LOC134694786",21.2393992901482,-0.183342612135188,0.177013289950748,0.102961648165325,0.375828025087224
"gene-LOC134694787|LOC134694787",125.322295939506,-0.510675662667099,0.150260906430232,6.83236152427628e-05,0.00594090102063261
"gene-LOC134694788|LOC134694788",10.5131194060499,0.0609501819284271,0.170888296267584,0.466305593283118,0.762382103707458
"gene-LOC134694790|LOC134694790",110.508475099633,-0.619761310588676,0.172942941802929,2.66779440921739e-05,0.00299778005614212
"gene-LOC134694796|LOC134694796",8.77920271081067,-0.0595517618227868,0.185001560730663,0.364155234132315,0.692473270008443
"gene-LOC134694800|LOC134694800",13.4668388295836,0.0341903812064151,0.165128045889584,0.67080202626948,0.874285257527977
"gene-LOC134694836|LOC134694836",45.8337178643151,0.153754172566031,0.146943149186323,0.141904694239496,0.437145460449297
"gene-LOC134694837|LOC134694837",35.3045371685718,0.003457746293074,0.162681341717412,0.966360119692858,0.989804279096429
"gene-LOC134694860|LOC134694860",88.5711426148224,-0.600803830251894,0.222927858112421,0.000489382550311005,0.0192788589743007
"gene-LOC134694864|LOC134694864",12.6601473078522,0.00509552750607361,0.183323633599846,0.874231737055712,0.959746743141416
"gene-LOC134694865|LOC134694865",21.3813309425436,-0.0646609501710393,0.189104052095285,0.30258974727829,0.638392696164249
"gene-LOC134694876|LOC134694876",44.6918658178528,0.0977502757324853,0.144275197276603,0.324813229633793,0.661029765741216
"gene-LOC134694888|LOC134694888",10.101350624373,-0.00699745813117004,0.174203556954312,0.907907224788485,0.973283642470783
"gene-LOC134694889|LOC134694889",12.920687081528,0.627178056433164,0.413359881217192,0.00548784788390863,0.0800064689502367
"gene-LOC134694892|LOC134694892",8.2788270437952,-0.00290269580240877,0.177688199857498,0.954481791276954,0.985217007976971
"gene-LOC134694915|LOC134694915",7.52474834800431,0.0530941758064385,0.188688335190401,0.311399382735809,NA
"gene-LOC134694934|LOC134694934",10.6015917821212,0.0293454583680868,0.186774786267028,0.348356160347561,0.680865238206739
"gene-LOC134694936|LOC134694936",11.7435399982949,-0.00595881826532072,0.17733362458076,0.910032048824822,0.973615656161784
"gene-LOC134694938|LOC134694938",16.7044453811604,0.0399276667695449,0.140922748414323,0.67098338092349,0.874285257527977
"gene-LOC134694945|LOC134694945",7.38250220763992,-0.0353423362284233,0.182878759261771,0.489711489468814,NA
"gene-LOC134694946|LOC134694946",199.669631820015,-0.0618802393193541,0.113267216348708,0.493719907190983,0.774845337800374
"gene-LOC134694950|LOC134694950",105.847612251544,-0.471829280151792,0.347285352348483,0.00997795671392771,0.115314866833114
"gene-LOC134694951|LOC134694951",15.6236955688624,0.153716448290091,0.197719400027337,0.148913211906519,0.447291411857814
"gene-LOC134694957|LOC134694957",6.55652574292619,0.0276325971629345,0.182647852305022,0.552417296148922,NA
"gene-LOC134694961|LOC134694961",8.21571148779422,-0.000176658029194436,0.181634706065895,0.994791655338868,NA
"gene-LOC134694964|LOC134694964",340.457436599633,0.0636050234213169,0.109388450383905,0.475473108792985,0.765853785338503
"gene-LOC134694996|LOC134694996",14.7643010364204,0.129942682005489,0.214300187905182,0.149580645842743,0.448000849453394
"gene-LOC134695001|LOC134695001",28.4854555811037,-0.0334059813808669,0.171490333547507,0.645670648660763,0.862830318168985
"gene-LOC134695020|LOC134695020",9.44674528467256,-0.00763071189318874,0.154389394097482,0.928518253030977,0.978198919183154
"gene-LOC134695028|LOC134695028",17.2088010960058,-0.00896328295057613,0.157561488059581,0.913949580338623,0.973951058977618
"gene-LOC134695031|LOC134695031",40.4537476952542,-0.0956886035640386,0.154631079639464,0.332081510712852,0.666718898913323
"gene-LOC134695033|LOC134695033",161.462536303219,0.0403805033323431,0.10582235821121,0.644224121746061,0.862587165029007
"gene-LOC134695034|LOC134695034",43.2534371569762,-0.0247127359447877,0.166289688813975,0.746307317272292,0.908353381995804
"gene-LOC134695040|LOC134695040",5.87891335940072,-0.0255378284271135,0.186049658446551,0.400065104833319,NA
"gene-LOC134695041|LOC134695041",143.731399773096,-0.00501340101218843,0.185434930584002,0.736233043917286,0.904191610246111
"gene-LOC134695042|LOC134695042",529.443413242355,0.0017371653789181,0.184407226683653,0.951153311816279,0.984494493039383
"gene-LOC134695044|LOC134695044",7.9706661289664,-9.34256370204071e-05,0.175780035739699,0.997446478855215,NA
"gene-LOC134695045|LOC134695045",55.2891405652186,0.0609379775053115,0.125596937431843,0.517313562142441,0.788891950559176
"gene-LOC134695068|LOC134695068",10.8417033476417,0.051364956275645,0.188219380629516,0.321334389711396,0.657430359230261
"gene-LOC134695069|LOC134695069",8.24247854797983,0.00720572568404042,0.180668132374755,0.870574461547773,NA
"gene-LOC134695072|LOC134695072",43.6861275428811,0.00271807943075538,0.116423980131122,0.976839038606853,0.991980289222603
"gene-LOC134695086|LOC134695086",16.9981731541606,0.0523846660169138,0.162743305620717,0.548756229550721,0.808740012235365
"gene-LOC134695089|LOC134695089",47.9941840261176,0.0589489820544246,0.120764157806722,0.525878386596835,0.794937173822806
"gene-LOC134695094|LOC134695094",13.9022741760579,0.606876722685738,0.517279207069273,0.00847464101385052,0.105659972567163
"gene-LOC134695099|LOC134695099",11.812793643386,0.0419112270227882,0.173318118982242,0.568811882183349,0.817946493625246
"gene-LOC134695108|LOC134695108",8.90428716928398,-0.432028436466878,0.407200483413857,0.015447969712119,0.146954520999176
"gene-LOC134695109|LOC134695109",27.6002544138341,-0.022014793689658,0.183293492109061,0.579799632705024,0.822792030282288
"gene-LOC134695113|LOC134695113",9.3971408678673,-0.231556516670979,0.303198098644251,0.0503006300225855,0.27169158538244
"gene-LOC134695124|LOC134695124",34.1041923133017,0.013914393472263,0.117148055042947,0.879003975418687,0.96225707753286
"gene-LOC134695143|LOC134695143",55.9797703721375,-0.305137439497621,0.213959044934858,0.0236684438240533,0.183487221919373
"gene-LOC134695149|LOC134695149",19.3640483519221,0.0429432451179776,0.191325851104795,0.135802311948406,0.426440277932571
"gene-LOC134695151|LOC134695151",109.231726836828,0.107899061160847,0.134919016848204,0.274368796771184,0.609485915941827
"gene-LOC134695156|LOC134695156",15.1227547982697,-0.0193773278446324,0.171313934027237,0.777036369056903,0.921617126274472
"gene-LOC134695166|LOC134695166",200.833322240339,0.0732241651337913,0.140816563617138,0.45066841683886,0.754626803436734
"gene-LOC134695169|LOC134695169",33.8186515450724,0.123325106653512,0.161190387602302,0.231447033030432,0.567849892258742
"gene-LOC134695171|LOC134695171",36.916823197061,0.0838139133637118,0.180042668505875,0.331989127835022,0.666718898913323
"gene-LOC134695177|LOC134695177",16.3577713696487,0.0375761767001531,0.153806910944337,0.675796529823727,0.876268037250577
"gene-LOC134695180|LOC134695180",58.6091080469569,-0.205201100462183,0.219000123320777,0.0809709869652315,0.341376353588327
"gene-LOC134695183|LOC134695183",106.578011222846,-0.107871455347551,0.0967273304748445,0.193191915381488,0.517825229338124
"gene-LOC134695187|LOC134695187",8.57755793121157,-0.0698059824557242,0.192404675596281,0.256848707596452,0.591805350247473
"gene-LOC134695189|LOC134695189",9.31535735956462,0.0431402876553425,0.186545387969258,0.368189956962222,0.696518892942779
"gene-LOC134695190|LOC134695190",17.9455591240678,-0.039643359123639,0.153997942021619,0.657842869743781,0.868745373297953
"gene-LOC134695193|LOC134695193",29.9653541241974,0.11105708536042,0.167251079167684,0.267705657264284,0.603070567226158
"gene-LOC134695199|LOC134695199",9.13148331868837,0.0202362614816105,0.175803724221883,0.741827034254224,0.905785755552463
"gene-LOC134695203|LOC134695203",100.637415364388,0.0353359114692443,0.0910641265486878,0.65694487784363,0.868632401841034
"gene-LOC134695208|LOC134695208",14.7615461908791,0.0150230167065599,0.169329809142809,0.833813174560951,0.944886253276339
"gene-LOC134695209|LOC134695209",10.4487499222879,0.0957777383826994,0.195957859428832,0.228226819633751,0.564231211901911
"gene-LOC134695210|LOC134695210",227.001677432397,0.706654233234102,0.181344906676213,7.27907435805222e-06,0.00108672014577471
"gene-LOC134695213|LOC134695213",626.248218267557,0.116047413463056,0.181714657356304,0.238202442702452,0.575340820601424
"gene-LOC134695214|LOC134695214",36.8154925846391,-0.451910363801875,0.275672820221785,0.00772733735733411,0.0990183720315234
"gene-LOC134695220|LOC134695220",8.37261166446165,-0.227971314788502,0.313051366941329,0.0476395492680248,0.264406738490618
"gene-LOC134695224|LOC134695224",25.0790993524261,0.904055960303413,0.394159496506104,0.000963856382573632,0.029830538213211
"gene-LOC134695225|LOC134695225",11.3074643468012,-0.143919511323306,0.246513324723279,0.0690931701761173,0.316399068944427
"gene-LOC134695228|LOC134695228",318.834441498197,0.131354764325001,0.125976703172439,0.180898869078381,0.498786462721213
"gene-LOC134695234|LOC134695234",273.434357294947,-0.0305595015713137,0.133974623186872,0.742765785972722,0.906611179937294
"gene-LOC134695245|LOC134695245",26.4618120632609,0.144668524502546,0.185827458448351,0.170762645304055,0.481563846062092
"gene-LOC134695252|LOC134695252",50.3707740264729,0.193074768016934,0.223012642238249,0.0922444945200033,0.358584204885462
"gene-LOC134695253|LOC134695253",13.6962460585567,0.0358962621773065,0.178088329182579,0.570154442611066,0.818280203677845
"gene-LOC134695286|LOC134695286",287.031613173493,0.0684004921766573,0.129338840898599,0.473078057555332,0.765376164698452
"gene-LOC134695289|LOC134695289",51.1416107204643,-0.160910298518887,0.216976255908582,0.12207074454302,0.400002116708037
"gene-LOC134695307|LOC134695307",252.742446577206,0.0504802236321527,0.0941379597830285,0.536124743305779,0.800777567013534
"gene-LOC134695310|LOC134695310",14.865112008923,-0.430526886142452,0.299614704906412,0.0113463937237802,0.124062963710315
"gene-LOC134695314|LOC134695314",62.4996657758974,0.117448799794572,0.147682426332651,0.247554628193675,0.585394060688682
"gene-LOC134695315|LOC134695315",21.0197461653694,-0.103707760271623,0.146575743801602,0.298884855847788,0.634424582130848
"gene-LOC134695318|LOC134695318",25.4092173178853,-0.00931223566356454,0.137257128479015,0.919117456323057,0.975645967948068
"gene-LOC134695323|LOC134695323",192.148238004235,-0.129082626060216,0.124077929974301,0.177829003142176,0.493301571952317
"gene-LOC134695326|LOC134695326",261.131173549012,0.0821709432818345,0.0983642921095016,0.327472910348663,0.663371777282146
"gene-LOC134695336|LOC134695336",49.3430992340854,0.0115402542938168,0.113924827990158,0.898892382212407,0.968792970293555
"gene-LOC134695379|LOC134695379",6.57966987223428,0.0397904991603516,0.188718705801718,0.270314415018693,NA
"gene-LOC134695389|LOC134695389",26.3831687008811,-0.550476538670678,0.28743821991695,0.00346019103837727,0.0603807084747856
"gene-LOC134695400|LOC134695400",29.1915118420766,0.122190620710268,0.201230306083022,0.187593460210485,0.510500235982632
"gene-LOC134695401|LOC134695401",42.0119217082729,0.0127513510179976,0.138619244182983,0.891461235186534,0.966631956918415
"gene-LOC134695414|LOC134695414",9.33403760134656,0.0321047228994338,0.16420096505134,0.691802732640283,0.88483335346043
"gene-LOC134695419|LOC134695419",80.7622272075854,-0.175857141948828,0.109360124834405,0.0530692554929536,0.278461093477395
"gene-LOC134695422|LOC134695422",45.2249173962163,0.0695542703261877,0.128162903478064,0.464692455922888,0.762079815003099
"gene-LOC134695430|LOC134695430",604.738867306213,-0.0823565667074664,0.208386626060085,0.0586489880318589,0.291211562600066
"gene-LOC134695435|LOC134695435",99.1280900805687,0.0420932916956836,0.131091312342538,0.655061929157065,0.867334287483693
"gene-LOC134695436|LOC134695436",70.6088700399264,-0.168846332957476,0.113391015669625,0.0686508028451359,0.314673031217991
"gene-LOC134695437|LOC134695437",18.2726597476689,-0.0636811709361117,0.140096640847104,0.505049943059101,0.781682629491198
"gene-LOC134695438|LOC134695438",14.5740479620291,-0.0145755810012747,0.165539153161873,0.84792098999236,0.949463449622848
"gene-LOC134695440|LOC134695440",606.981379106353,-0.0810283425891282,0.207557984359568,0.0610002758217265,0.296437800799661
"gene-LOC134695444|LOC134695444",13.361520299428,-0.103490765242464,0.208954822668389,0.151139689756709,0.451133753160196
"gene-LOC134695450|LOC134695450",174.22897799032,0.303716169006229,0.193978539684068,0.0204390653369625,0.1717916377689
"gene-LOC134695455|LOC134695455",16.0073857128195,-0.246333078070688,0.221858963080475,0.0516368316396139,0.274191739876795
"gene-LOC134695456|LOC134695456",10.4729509918357,-0.0772436175529995,0.204192188123041,0.0895707616260356,0.353253154922551
"gene-LOC134695457|LOC134695457",17.9550718833438,-0.211656040261544,0.28464015681952,0.0588996283521169,0.291546286914326
"gene-LOC134695460|LOC134695460",9.2230866007754,-0.0582360501620128,0.19058395356584,0.273680710238167,0.609068832291155
"gene-LOC134695474",13.6288599991171,0.0197210491783738,0.184015299838482,0.57953289094505,0.822792030282288
"gene-LOC134695490|LOC134695490",8.59403639008794,0.0183554139170089,0.173914772964044,0.776269546085088,0.921617126274472
"gene-LOC134695499|LOC134695499",36.7554426355639,-0.131879243795889,0.141190770216156,0.193966929197064,0.51927947178104
"gene-LOC134695503|LOC134695503",12.7027675175832,-0.00446365243972507,0.175287441018348,0.93805815715794,0.982164102620641
"gene-LOC134695507|LOC134695507",13.674127533484,0.129763892024751,0.212234683357754,0.152754976958699,0.453361378182176
"gene-LOC134695530|LOC134695530",113.570761535334,-0.326485560382062,0.159798056870893,0.00724364049228566,0.0955852328412856
"gene-LOC134695533|LOC134695533",21.528059821657,-0.0026656475006115,0.185116769643632,0.894610104219479,0.967486107290283
"gene-LOC134695542|LOC134695542",33.3668717743549,0.0303891422771041,0.124241491668361,0.743422186347916,0.906710099467667
"gene-LOC134695547|LOC134695547",54.330341383232,-0.0268649874333535,0.121230879805633,0.769836712736484,0.91772275988694
"gene-LOC134695556|LOC134695556",354.062107488596,-0.200376317221957,0.129704019817503,0.0475178324032209,0.263931747432035
"gene-LOC134695557|LOC134695557",306.34091039642,-0.170099766994297,0.16514756806424,0.117954255497081,0.393892238040277
"gene-LOC134695558|LOC134695558",279.533451590374,-0.184444679052684,0.16662360063185,0.0961634327737211,0.365631292545164
"gene-LOC134695559|LOC134695559",279.144547595434,-0.17536370848361,0.167747348979028,0.110057322786524,0.384253673820638
"gene-LOC134695560|LOC134695560",279.342771539933,-0.185253645964276,0.168506946502099,0.0937922645046527,0.360370690491233
"gene-LOC134695561|LOC134695561",273.852014753864,-0.179427608776454,0.166894411870494,0.103171894927954,0.376031696883121
"gene-LOC134695562|LOC134695562",252.455018389178,-0.205901091983046,0.161747437699539,0.0654012933398448,0.307459586664456
"gene-LOC134695564|LOC134695564",238.923970566746,-0.16266428631753,0.161430322549159,0.131583806560598,0.419060231989469
"gene-LOC134695565|LOC134695565",262.971883175335,-0.227414598130344,0.210978344314606,0.0622188478845116,0.299470571584153
"gene-LOC134695567|LOC134695567",279.009645456671,-0.19915933375391,0.200791579155901,0.0857444625165588,0.348363479737245
"gene-LOC134695568|LOC134695568",275.132192371193,-0.227746963864511,0.213416471585838,0.0621174924330162,0.299470571584153
"gene-LOC134695569|LOC134695569",547.049764896759,-0.251570133376254,0.225649398756984,0.0480114909395504,0.26546247526304
"gene-LOC134695570|LOC134695570",290.900632331927,-0.253597737159308,0.244842463009763,0.0483330967785315,0.265503197377263
"gene-LOC134695571|LOC134695571",263.703196707837,-0.22053549157122,0.209535667081453,0.0682253373359323,0.31404478804417
"gene-LOC134695572|LOC134695572",266.503188944688,-0.111040553914892,0.183698623386863,0.243007812405709,0.581943954692229
"gene-LOC134695573|LOC134695573",272.078510987833,-0.238488901082472,0.214507149938744,0.0544843626563821,0.282437036793623
"gene-LOC134695574|LOC134695574",231.973028869912,-0.119062971905766,0.168365269029513,0.237732221318615,0.574965610765286
"gene-LOC134695575|LOC134695575",203.937444787876,-0.165661704323997,0.17875601445832,0.129975654422093,0.415285293044167
"gene-LOC134695579|LOC134695579",40.6160192192945,-0.435544385278945,0.282259609528212,0.00947606493489207,0.111634158523309
"gene-LOC134695582|LOC134695582",9.07494123184888,-0.0232639922787008,0.168086603346989,0.754428765018567,0.911554623605561
"gene-LOC134695585|LOC134695585",27.4810033790666,-0.0823875372775445,0.144022798194297,0.397470932969507,0.717599701142351
"gene-LOC134695590|LOC134695590",31.2027169413795,-0.0116517204850832,0.171182294518357,0.859509733111635,0.953010629070047
"gene-LOC134695592|LOC134695592",40.318089087127,-0.127319249209828,0.144244141033822,0.211054204482655,0.542032316997649
"gene-LOC134695593|LOC134695593",49.1876697686505,0.187576339763516,0.152279122987759,0.0841903956879355,0.34606267901481
"gene-LOC134695612|LOC134695612",19.5036779711783,-0.512033811285387,0.308469896167006,0.00596573572732942,0.0852539312138801
"gene-LOC134695613|LOC134695613",19.4693714397279,0.355875053553888,0.489371484879999,0.0214481018415182,0.176068674346639
"gene-LOC134695615|LOC134695615",15.3034241237338,-0.0396398473064369,0.154386071685538,0.656423813907871,0.868257793694873
"gene-LOC134695620|LOC134695620",8.26592652178961,-0.0417646447786983,0.177752921753254,0.530032423072877,NA
"gene-LOC134695623|LOC134695623",74.1849577197773,-0.0370752088250784,0.117734938922944,0.684350110683034,0.881568467095041
"gene-LOC134695636|LOC134695636",19.2112430269357,-0.00277785096243978,0.153347016662073,0.973526736928234,0.991945908801517
"gene-LOC134695637|LOC134695637",36.4661321666084,-0.147225678281951,0.163247308384637,0.164270424344216,0.470706621973382
"gene-LOC134695643|LOC134695643",20.972959915446,-0.109319746940896,0.219790522383202,0.0934569295940815,0.360370690491233
"gene-LOC134695646|LOC134695646",14.8956352414761,-0.0141003691632012,0.150715981691931,0.871824233256379,0.958862249616713
"gene-LOC134695647|LOC134695647",110.945203843828,0.196307883944793,0.253367424234158,0.0785324817054857,0.336032203896429
"gene-LOC134695649|LOC134695649",45.7333018775577,0.107316261717695,0.215018596306552,0.123110035868927,0.401964998652947
"gene-LOC134695651|LOC134695651",18.2721723987221,-0.0313217361307495,0.177750393537128,0.606787575945957,0.83960158449969
"gene-LOC134695653|LOC134695653",20.008120563367,0.430978142565283,0.395884815605273,0.0152693327617627,0.146361163375216
"gene-LOC134695655|LOC134695655",25.2514365695323,0.131698530120664,0.176256205391715,0.197094375156377,0.524463940700506
"gene-LOC134695657|LOC134695657",23.260643179226,-0.170002737783514,0.228616189580402,0.104516576204483,0.377541578930535
"gene-LOC134695662|LOC134695662",33.7464831708221,-0.045010236884688,0.137328989925154,0.632588523928817,0.85623909964459
"gene-LOC134695663|LOC134695663",25.1180182139885,0.152658424005147,0.216020191034253,0.132645788405272,0.42050557227088
"gene-LOC134695665|LOC134695665",8.26349130473814,0.110423808901248,0.204599246548765,0.184138741271519,NA
"gene-LOC134695670|LOC134695670",11.8851177945485,0.0819996907522903,0.173437251252407,0.360507535273842,0.689125107992708
"gene-LOC134695672|LOC134695672",269.736256559373,0.111494276973576,0.0937406183086534,0.171831671974442,0.483587352187574
"gene-LOC134695674|LOC134695674",32.6192413794323,-0.00909281274287916,0.177189893496903,0.865657424171868,0.95509997373887
"gene-LOC134695675|LOC134695675",7.80814872568953,0.243989908952468,0.366665369097712,0.0351288446007198,NA
"gene-LOC134695681|LOC134695681",9.42837995955132,0.0183665038198574,0.180146946279757,0.709840756271387,0.893039844781025
"gene-LOC134695682|LOC134695682",27.1925790754317,-0.011372341329328,0.184771071648166,0.646820453177474,0.863169817522039
"gene-LOC134695684|LOC134695684",15.7485612506109,-0.105526141273364,0.203906666009862,0.182319874785403,0.502198108507503
"gene-LOC134695686|LOC134695686",38.2701879666402,-0.0488016990027884,0.177695005242804,0.486223729096697,0.77153554580106
"gene-LOC134695687|LOC134695687",13.8615281006258,-0.0619257404644959,0.175330616599966,0.43826215398896,0.746316532099297
"gene-LOC134695691|LOC134695691",28.3080216733039,0.0805157035624468,0.149771331363875,0.408245581878951,0.72504811977352
"gene-LOC134695693|LOC134695693",103.384335430226,-0.0804295312289971,0.117925348347568,0.38460283209505,0.70887365997838
"gene-LOC134695695|LOC134695695",9.0395809565911,-0.0706078077008059,0.173545023997006,0.408286270075094,0.72504811977352
"gene-LOC134695696|LOC134695696",22.0033718964429,-0.209719165606144,0.225142213908987,0.0774287669706508,0.333651748645211
"gene-LOC134695697|LOC134695697",14.4697186263532,-0.0302226327436824,0.173287885147016,0.660382230276217,0.870341358703986
"gene-LOC134695698|LOC134695698",12.5846649281537,0.0110247644298555,0.150198913714437,0.901730348994997,0.969990938005811
"gene-LOC134695700|LOC134695700",17.4362012455643,-0.0150999151950759,0.170568086680056,0.826542488111242,0.94211397209184
"gene-LOC134695703|LOC134695703",10.6674090611231,-0.00430389202038531,0.175236347607419,0.940011514468035,0.982276445936544
"gene-LOC134695710|LOC134695710",16.8798155071904,0.0167796486722918,0.18555484624936,0.869676820497734,0.958226102587002
"gene-LOC134695717|LOC134695717",11.6480210610257,-0.075281038420035,0.193454488484424,0.248251403707326,0.585394060688682
"gene-LOC134695719|LOC134695719",6.40996474002762,0.0313801336810118,0.18771976164858,0.276980972243615,NA
"gene-LOC134695720|LOC134695720",68.210387444778,0.00872132153134753,0.107243790979535,0.921391840029625,0.976343998089279
"gene-LOC134695721|LOC134695721",9.27242503227081,-0.0805617185927877,0.180270076587415,0.341030005865555,0.673901383821425
"gene-LOC134695723|LOC134695723",11.7011668394164,1.49496106805496,1.01149387625443,0.00307188733183149,0.0572374108971868
"gene-LOC134695726|LOC134695726",20.8853613014514,0.258627492175102,0.194989905379298,0.0393498019014643,0.242947438897563
"gene-LOC134695730|LOC134695730",10.3183067609627,-0.0431279791790447,0.176488237198084,0.533299545236766,0.799520324458755
"gene-LOC134695733|LOC134695733",13.8967607834895,0.137499934771077,0.233380743851347,0.0968199608636527,0.366420689241297
"gene-LOC134695736|LOC134695736",105.461099351543,0.000166861464054037,0.18237754928692,0.999932606236167,0.999932606236167
"gene-LOC134695742|LOC134695742",15.6894907720888,-0.327703767613504,0.396943939841725,0.0254338349321317,0.190959403828814
"gene-LOC134695746|LOC134695746",341.305952649257,0.0714611350288105,0.0902412235926863,0.365849294713673,0.694429118656099
"gene-LOC134695751|LOC134695751",16.8801493856647,-0.0391190183927999,0.166203960180073,0.626610780273059,0.852274214144405
"gene-LOC134695772|LOC134695772",12.0615970753345,0.136153134634355,0.215427041183572,0.144572490239993,0.442025032146387
"gene-LOC134695774|LOC134695774",10.8310201545459,-0.0898203996937467,0.191460814998965,0.259680051792862,0.595592710417406
"gene-LOC134695781|LOC134695781",92.3998146768808,0.665333261011886,0.23492782057136,0.00031454904485374,0.0146335428255524
"gene-LOC134695787|LOC134695787",247.362012557422,-0.0152107484426509,0.182939019648402,0.678826805466721,0.87848174825105
"gene-LOC134695797|LOC134695797",27.9194227905666,0.210200391996818,0.182513172690227,0.0733696674738622,0.324980018938199
"gene-LOC134695811|LOC134695811",11.5334926582217,0.068405937080397,0.165493823199351,0.446826554311067,0.752333138010151
"gene-LOC134695822|LOC134695822",11.5680362236301,0.0239968725333395,0.181293125940428,0.621504094542178,0.850087248414994
"gene-LOC134695823|LOC134695823",11.1366081010708,0.00612205243736819,0.150548872560798,0.945618477454489,0.98435236790023
"gene-LOC134695824|LOC134695824",12.2495765996922,0.020904815665684,0.167165072697544,0.782339542595887,0.924230937237932
"gene-LOC134695827|LOC134695827",185.716254433877,0.0824240427931962,0.09699684358309,0.320685298763226,0.656654169376677
"gene-LOC134695828|LOC134695828",7.35312117567097,0.343842261827813,0.35283321552068,0.0254152285557358,NA
"gene-LOC134695831|LOC134695831",18.9160151160953,0.06247621928136,0.170482595678711,0.460590027785191,0.760652977325952
"gene-LOC134695835|LOC134695835",231.626866495906,-0.122976891679116,0.171162835366804,0.225233329397198,0.56053724374169
"gene-LOC134695838|LOC134695838",15.7288290456628,0.0581234476491492,0.195043000393698,0.149599407422895,0.448000849453394
"gene-LOC134695841|LOC134695841",451.642806431347,-0.0366158166415283,0.187895056467569,0.294160479814557,0.630157655574685
"gene-LOC134695842|LOC134695842",52.7213691121983,0.0109902969404065,0.137857410304646,0.905848472637094,0.972558759979617
"gene-LOC134695843|LOC134695843",23.4863752974722,0.0554160161583911,0.18004177608678,0.425061196716752,0.73574140696376
"gene-LOC134695852|LOC134695852",24.8793925308545,0.00166843746491456,0.139121315868479,0.986349447571284,0.994155396948371
"gene-LOC134695854|LOC134695854",331.180823421088,-0.0957608838132967,0.161129730366615,0.329349423410335,0.66470521928408
"gene-LOC134695857|LOC134695857",8.11679753716496,0.0743874007404959,0.1991566342793,0.166725541608541,NA
"gene-LOC134695859|LOC134695859",17.0905611232676,0.717371678198139,0.286594641503962,0.000724350867255212,0.0241582590613336
"gene-LOC134695862|LOC134695862",9.83861043878475,-0.0357824621179645,0.168213155822349,0.643653104880417,0.862370250040993
"gene-LOC134695863|LOC134695863",21.2066996946614,-1.12619081028002,0.646848162381251,0.00203328962015637,0.0442995864480746
"gene-LOC134695868|LOC134695868",18.0531945368898,-0.0312319750983712,0.184660598143455,0.457728235022425,0.759544727242592
"gene-LOC134695869|LOC134695869",10.7887117315292,0.0978942649613866,0.211624570720806,0.117206457796657,0.393236549263564
"gene-LOC134695870|LOC134695870",55.0051827006742,0.447842599509402,0.313920575200535,0.0108127821316532,0.120610522978773
"gene-LOC134695874|LOC134695874",70.6597380404279,0.0359781107984173,0.12698292259338,0.701119846214709,0.888441942531616
"gene-LOC134695885|LOC134695885",74.7661213755776,0.0158749196519055,0.166255743257612,0.835735799695977,0.946302072273822
"gene-LOC134695888|LOC134695888",6.86954377026812,0.0236069290841974,0.186078101497984,0.402801619376225,NA
"gene-LOC134695890|LOC134695890",712.106020271744,-0.0158738414396526,0.087567779991105,0.83664677190803,0.946432919838704
"gene-LOC134695894|LOC134695894",29.2251464824496,-0.00458099735071128,0.125994410509211,0.959881213106936,0.98690489590837
"gene-LOC134695896|LOC134695896",68.1950056124831,-0.0873267882789005,0.110390950300365,0.330174316155386,0.664965275687907
"gene-LOC134695897|LOC134695897",22.5809692576577,0.150880539636217,0.164587668996689,0.158723119105193,0.463137934400657
"gene-LOC134695898|LOC134695898",13.4284366177241,-0.108655363059949,0.159048372622627,0.279836345863468,0.615269316732923
"gene-LOC134695907|LOC134695907",15.8789531672603,0.0728327034722588,0.181290329648949,0.36121780193781,0.689760738654579
"gene-LOC134695915|LOC134695915",71.4829209864833,0.0725785474799675,0.126126316408865,0.444351655805549,0.74989475369772
"gene-LOC134695922|LOC134695922",10.5417255326138,0.000696177156720073,0.164944975957221,0.993455425638141,0.997004455737975
"gene-LOC134695924|LOC134695924",299.265545060066,0.00809434386063571,0.180924760423913,0.855140502932331,0.951545739399413
"gene-LOC134695936|LOC134695936",13.8641005413503,-0.111461477595024,0.168407678244153,0.264732724010685,0.599943334691713
"gene-LOC134695937|LOC134695937",45.7263200438412,0.398177755959862,0.169470980323873,0.00249347952601339,0.0503104266795629
"gene-LOC134695940|LOC134695940",25.4980498270031,0.109841560726804,0.148833599785563,0.276432160975018,0.612590246655459
"gene-LOC134695944|LOC134695944",27.9756492199206,-0.126809293824024,0.1467425057802,0.213353274852453,0.544714737745469
"gene-LOC134695945|LOC134695945",157.451419475825,0.262291336101451,0.153149359263714,0.0220258213514461,0.178553384185308
"gene-LOC134695946|LOC134695946",34.7173684262937,0.0352997087719122,0.133424768325568,0.707403535758536,0.892151119797097
"gene-LOC134695947|LOC134695947",30.1319345059969,-0.0690497324168728,0.150364191409397,0.465505763631122,0.762382103707458
"gene-LOC134695948|LOC134695948",100.095964668113,-0.151624199953554,0.179704477706202,0.156194887613179,0.459648452508728
"gene-LOC134695949|LOC134695949",25.5235447149815,0.0264358022661565,0.138458252393586,0.778844085422337,0.92228878079195
"gene-LOC134695950|LOC134695950",21.7327321772188,-0.0916481240163496,0.176274952330702,0.31724849846011,0.652911533601758
"gene-LOC134695963|LOC134695963",8.92115615745235,-0.0104738948493043,0.177606596054488,0.844779761468725,0.947869779197742
"gene-LOC134695966|LOC134695966",17.016276332731,0.329141526877882,0.530294461442686,0.0213438899596738,0.175954596236408
"gene-LOC134695971|LOC134695971",61.425886298605,0.511809375484391,0.204621738615429,0.00111968432412394,0.0318555036891481
"gene-LOC134695995|LOC134695995",33.2830757016713,0.0137330692700248,0.136200131968519,0.883393291520717,0.96449445448395
"gene-LOC134696001|LOC134696001",31.7759229804388,0.0297821711044607,0.140261835493009,0.750157772230515,0.909737993408831
"gene-LOC134696002|LOC134696002",16.8340992263749,0.00887592440653628,0.185159647516809,0.670468796682891,0.874285257527977
"gene-LOC134696003|LOC134696003",14.6536897016198,-0.0934314878253066,0.168645222053478,0.327692966454696,0.663562358465512
"gene-LOC134696006|LOC134696006",58.6539863087871,0.288153835133553,0.193204230445447,0.0256193262602362,0.191921598979246
"gene-LOC134696015|LOC134696015",244.409476204813,-0.0245107063545028,0.0745021231682802,0.719129482326494,0.897533909930502
"gene-LOC134696016|LOC134696016",23.9186403308352,-0.00545596482298584,0.143822820696703,0.951824256374717,0.984494493039383
"gene-LOC134696017|LOC134696017",26.2429786789652,-0.367625036119469,0.187575353204537,0.00680350595377691,0.0927213976905158
"gene-LOC134696019|LOC134696019",8.43399210067394,0.0998687784765448,0.180147051858597,0.284079972454329,0.619481113212048
"gene-LOC134696026|LOC134696026",20.1008814505064,0.0834933337203217,0.165390553182776,0.375494866954466,0.701435935610081
"gene-LOC134696032|LOC134696032",18.286491137922,-0.705028524337713,1.03989908470322,0.00716134418881518,0.0951380379503198
"gene-LOC134696038|LOC134696038",57.6983154543222,-0.0252037768119121,0.122799043674031,0.784227563099421,0.92464039518194
"gene-LOC134696039|LOC134696039",10.0477643204188,-0.00942617239422911,0.182829027844458,0.785679145628863,0.925024801168054
"gene-LOC134696041|LOC134696041",12.6894089234913,-2.01798138307805,0.79878106539229,0.000303741966401097,0.0143131053070556
"gene-LOC134696046|LOC134696046",31.3519489176409,0.00718761912303132,0.12808081112681,0.938993736077245,0.982276445936544
"gene-LOC134696050|LOC134696050",13.2037617353352,0.00195182008616935,0.179336761988659,0.969240574008841,0.990571682794176
"gene-LOC134696051|LOC134696051",83.4339534517654,0.0396151528664279,0.118784539725194,0.667184275933968,0.873886939453985
"gene-LOC134696055|LOC134696055",14.3113098084869,0.0132661240019194,0.183624294260706,0.691232489546713,0.884506325096215
"gene-LOC134696057|LOC134696057",26.1726062141061,-0.0680287663610763,0.186357716670953,0.329728101555419,0.664965275687907
"gene-LOC134696058|LOC134696058",8.71795201486088,-0.00527872729875754,0.175761964081198,0.925461876398124,0.977660514137647
"gene-LOC134696061|LOC134696061",16.5746242623167,-0.00532075133240275,0.172337455892616,0.933245536035743,0.979230770752057
"gene-LOC134696068|LOC134696068",15.125278856079,-0.090115275051669,0.18313656269551,0.299481733627332,0.634769176556597
"gene-LOC134696069|LOC134696069",21.031648752364,-0.0156050452075201,0.175233400949378,0.7956410426465,0.928130564935971
"gene-LOC134696070|LOC134696070",257.160430954885,-0.0922449663176772,0.099770627318851,0.274273943541074,0.609460566968058
"gene-LOC134696071|LOC134696071",23.1098226671213,-0.104456955649319,0.148940305116937,0.296684442769253,0.632493649518168
"gene-LOC134696077|LOC134696077",12.4955207299924,-0.0373041140732641,0.167541785738854,0.635628739942072,0.857358925201743
"gene-LOC134696078|LOC134696078",10.6696360185341,-0.0801058389351865,0.184291592872247,0.319335696773145,0.656124257349628
"gene-LOC134696081|LOC134696081",25.962068298967,0.064879151059548,0.176176757659323,0.421292803175367,0.733859361048806
"gene-LOC134696089|LOC134696089",34.6772796552746,-0.062125036975069,0.140927648557754,0.514668890557207,0.787300322121578
"gene-LOC134696103|LOC134696103",18.4644356400822,-0.0995568291186248,0.192739208037396,0.240994042821382,0.579401082543573
"gene-LOC134696107|LOC134696107",22.8411168709047,0.136581902456829,0.228686524941996,0.111156702772512,0.385797310919355
"gene-LOC134696109|LOC134696109",12.8671496580831,0.0545236258579813,0.177041579913524,0.466379669514652,0.762382103707458
"gene-LOC134696113|LOC134696113",38.1805014234541,0.0231616294248146,0.186499411166393,0.357044926947887,0.688451992193075
"gene-LOC134696131|LOC134696131",21.3583870173994,-0.0321720511432174,0.160041404732333,0.703394666221001,0.889490206643187
"gene-LOC134696137|LOC134696137",632.563556854506,0.388152188533512,0.370269659443741,0.0193734339864496,0.166956717731268
"gene-LOC134696143|LOC134696143",8.9085899321516,0.0216740572894486,0.185847304565878,0.429491301714061,0.73968509024275
"gene-LOC134696145|LOC134696145",9.12502250292919,-0.0113738601146053,0.154887256690319,0.894053757679393,0.967145830285884
"gene-LOC134696146|LOC134696146",18.1301930256292,0.0443384661943811,0.184874976418901,0.40881678366375,0.725571480650996
"gene-LOC134696147|LOC134696147",1067.63771595173,0.0183865556305489,0.0753623711731601,0.789605732023316,0.926768482516198
"gene-LOC134696151|LOC134696151",31.186031509496,0.0880813843421269,0.134064515700925,0.359273167831451,0.688644047661838
"gene-LOC134696162|LOC134696162",13.7859256645723,0.0335453757912005,0.173486775734916,0.63268927433883,0.85623909964459
"gene-LOC134696168|LOC134696168",9.26160491840917,-0.0624190182368146,0.19844403050653,0.0770743158685071,0.333376077707712
"gene-LOC134696172|LOC134696172",31.8161316356375,0.151322317270074,0.193254713402267,0.155285072930824,0.457466335686714
"gene-LOC134696175|LOC134696175",9.83905758404761,-0.0141097884718394,0.173155938136181,0.826068951316947,0.94211397209184
"gene-LOC134696183|LOC134696183",14.1737232074946,0.00714224149820902,0.147632314773099,0.937466677908089,0.981967103892254
"gene-LOC134696190|LOC134696190",351.241715442524,-0.070497940491369,0.129006214377854,0.456635422341426,0.759023854372562
"gene-LOC134696196|LOC134696196",14.1471230134445,0.197520990153292,0.321804506091674,0.0340020298661746,0.223136411628517
"gene-LOC134696213|LOC134696213",22.5749948053559,0.0267709276864317,0.172119940313665,0.702850921946893,0.889093026307605
"gene-LOC134696224|LOC134696224",14.498852799669,0.0543329173942349,0.19539508691223,0.086583962885251,0.349457678103089
"gene-LOC134696225|LOC134696225",48.3250618007537,0.117589472332476,0.109525990266017,0.190019316978185,0.513624629479392
"gene-LOC134696226|LOC134696226",9.36702555074575,0.00337702162372051,0.181747360006408,0.932695255474622,0.979075329977959
"gene-LOC134696228|LOC134696228",17.6534926333923,0.0388755669546733,0.142643670234104,0.677495848002069,0.87769238627299
"gene-LOC134696232|LOC134696232",12.2482207117159,0.0493676547231375,0.168512487480009,0.547753514674236,0.807914311627751
"gene-LOC134696238|LOC134696238",69.8357048077802,-0.148217282598944,0.163916274215217,0.162949546661385,0.46931525584178
"gene-LOC134696244|LOC134696244",80.8672140502384,0.0632856624807927,0.189012444339808,0.309059604132859,0.644410890261605
"gene-LOC134696254|LOC134696254",13.1314779837888,0.0115903097766306,0.159064955660258,0.889393905700156,0.965876007167068
"gene-LOC134696257|LOC134696257",191.654848088391,-0.0372410968678631,0.155850868913416,0.671697801524229,0.87468011095257
"gene-LOC134696261|LOC134696261",273.93575894229,-0.0390477942578613,0.104435053319115,0.651088709312243,0.865747666633283
"gene-LOC134696267|LOC134696267",22.5039018568048,0.0402376345154003,0.189448152618134,0.229924462245917,0.566206430291361
"gene-LOC134696272|LOC134696272",11.9653932401071,0.0263512878284477,0.169046971972083,0.723421440297095,0.899382161690209
"gene-LOC134696273|LOC134696273",8.73174093466719,0.0498802859443049,0.190053458545775,0.266228999101105,0.601465081792289
"gene-LOC134696286|LOC134696286",46.3787512606822,-0.612972824527677,0.221623856279462,0.000402963016522005,0.016915183176303
"gene-LOC134696294|LOC134696294",147.857589288798,-0.0693337651459166,0.10727778304741,0.430959246858141,0.740815091656585
"gene-LOC134696295|LOC134696295",27.0208429457926,0.00632457474586668,0.16710407960625,0.932836647995856,0.979083040230166
"gene-LOC134696296|LOC134696296",11.917228483624,0.0786429952199626,0.204963228696187,0.0884694727200251,0.351579936368371
"gene-LOC134696297|LOC134696297",7.52669826362535,-0.0749078061766761,0.195168920105969,0.227682187833698,NA
"gene-LOC134696304|LOC134696304",18.2489744519307,0.0622187751020205,0.147051150208926,0.512186876863412,0.785310813099577
"gene-LOC134696313|LOC134696313",10.0862552260364,-0.049567349828802,0.171889696060023,0.526908760831827,0.79498896697287
"gene-LOC134696314|LOC134696314",1322.3930491861,0.0960348680822252,0.213172924935498,0.0908713259496598,0.355312722021582
"gene-LOC134696328|LOC134696328",20.0631432393009,0.143385185782321,0.202407032804389,0.159031937999437,0.463145643998359
"gene-LOC134696330|LOC134696330",25.286309835739,0.0436442498106143,0.186055574247683,0.381336246290139,0.705134162760297
"gene-LOC134696333|LOC134696333",12.9277750843014,-0.042210340113402,0.190326953511997,0.188279019032566,0.511984346617223
"gene-LOC134696344|LOC134696344",49.6926060693283,-0.797371783700484,0.284734552241406,0.000261075019053582,0.0132224703555143
"gene-LOC134696346|LOC134696346",643.952889720816,-0.283986220186495,0.337366770869217,0.0335944929669199,0.221656889458341
"gene-LOC134696347|LOC134696347",825.773894403574,-0.241584509006148,0.15669933670256,0.0334514393776984,0.221112500646795
"gene-LOC134696349|LOC134696349",16.1126247112937,-0.0851774875265318,0.198029733459046,0.209448887930128,0.540379610541029
"gene-LOC134696354|LOC134696354",16.0231144421178,0.0708410852554319,0.201263863943378,0.0961446424664086,0.365631292545164
"gene-LOC134696369|LOC134696369",1523.16320563564,0.0525069563417182,0.0821511849148801,0.476351827326508,0.765853785338503
"gene-LOC134696371|LOC134696371",17.4926572225565,0.0344927720860935,0.171168492325868,0.640626317580069,0.86092633368994
"gene-LOC134696374|LOC134696374",235.375591660622,0.0161089657268989,0.182642526555087,0.685318205013981,0.881738598006672
"gene-LOC134696375|LOC134696375",803.68552955876,-0.0896090571033117,0.199226778936146,0.203647194227085,0.533132296284814
"gene-LOC134696376|LOC134696376",34.428706114757,-0.137172486688948,0.169557492372531,0.19055533890846,0.513774896783828
"gene-LOC134696380|LOC134696380",30.4253733019086,-0.0860047144053645,0.163077629233746,0.3667220779491,0.69501309435271
"gene-LOC134696383|LOC134696383",7.54066698155251,0.089911631673338,0.18475959749642,0.297019734726549,NA
"gene-LOC134696387|LOC134696387",107.796195471404,0.0932551204380983,0.21990858201191,0.00897053320789735,0.10920129091747
"gene-LOC134696390|LOC134696390",253.208725232947,0.0786427086167142,0.135509937133915,0.418222008411013,0.731995304437573
"gene-LOC134696394|LOC134696394",48.8213130158975,0.14164462200578,0.193006566119316,0.170027171064084,0.481057572710393
"gene-LOC134696397|LOC134696397",49.5120916566567,0.185245278005798,0.144838321697597,0.0815307555646337,0.341649717113286
"gene-LOC134696398|LOC134696398",90.554077855484,0.104246172803935,0.136774023382378,0.291439811366754,0.62718809140329
"gene-LOC134696399|LOC134696399",46.0381387758053,0.151222861997902,0.185650405254912,0.158374198983735,0.462891216237376
"gene-LOC134696401|LOC134696401",42.8159518756664,-0.00800272762258459,0.149058828031459,0.927450013228155,0.978198919183154
"gene-LOC134696403|LOC134696403",29.3704790580645,-0.651476775104652,0.389180795476493,0.00396354769062256,0.0654971772224145
"gene-LOC134696420|LOC134696420",11.1333126280998,0.0192038478240834,0.156320390802009,0.82410199197376,0.941539895714397
"gene-LOC134696421|LOC134696421",13.3668377337342,0.0699975541570761,0.191026830222497,0.279501822732564,0.615121167803291
"gene-LOC134696426|LOC134696426",18.177382328615,-0.271087074079933,0.273254606217311,0.04208644921811,0.250739763094952
"gene-LOC134696427|LOC134696427",11.9040628645646,-0.0415509303402131,0.173812994004628,0.56482410034205,0.817009237008096
"gene-LOC134696433|LOC134696433",62.2194744450867,0.0510901895658635,0.139313865945034,0.590301527422456,0.82884347668173
"gene-LOC134696439|LOC134696439",18.1329992192692,-0.0662172058578475,0.186421827890908,0.333920123238427,0.667657426809053
"gene-LOC134696440|LOC134696440",325.255935969673,-0.18711146246935,0.202463473884842,0.0992628585081538,0.370799378289434
"gene-LOC134696444|LOC134696444",6.81340772653063,0.0313688031194728,0.184928375239774,0.450598439078437,NA
"gene-LOC134696445|LOC134696445",73.5064565524019,0.216250587526661,0.119753464033827,0.0266115411600077,0.196480550519656
"gene-LOC134696459|LOC134696459",25.5522816883213,0.0195059144027865,0.15315163086739,0.825394555861992,0.941981536877499
"gene-LOC134696460|LOC134696460",24.0673145739299,0.0462331283276505,0.14776874101212,0.618550256677831,0.84850401084995
"gene-LOC134696461|LOC134696461",7.80105364892997,-0.0804567895687264,0.180312668337098,0.340427630885157,NA
"gene-LOC134696466|LOC134696466",31.6011075302363,0.0163871540777005,0.136265864481963,0.860963987808414,0.9535915016752
"gene-LOC134696476|LOC134696476",40.3286974992193,-0.228569652343372,0.209667331395413,0.0614446236955567,0.297804599517151
"gene-LOC134696481|LOC134696481",11.7857976797572,-0.0308026227436206,0.184670120186403,0.4590400620201,0.760278597050978
"gene-LOC134696483|LOC134696483",19.2251771401149,0.071720337969063,0.183413134429039,0.350858725868273,0.68310349960589
"gene-LOC134696497|LOC134696497",45.0956538872998,-0.0651575918668337,0.180930933500881,0.385731975940624,0.709715972786821
"gene-LOC134696498|LOC134696498",36.5149079477541,-0.326605855962402,0.656633459972175,0.0149153627520667,0.144948654366885
"gene-LOC134696499|LOC134696499",19.2023115705457,0.0475831837271259,0.137987003417563,0.614395933263335,0.84638775868642
"gene-LOC134696508|LOC134696508",19.8600827037498,-0.0238376140865815,0.17979184245495,0.648378914727913,0.863872436991949
"gene-LOC134696510|LOC134696510",342.810589193919,-0.00619750724084687,0.173031244435005,0.919326514181702,0.975645967948068
"gene-LOC134696519|LOC134696519",49.7384780533341,-0.109740483381814,0.219413998677444,0.0981183215151019,0.368532245345769
"gene-LOC134696527|LOC134696527",56.0094788087345,0.0519897190770202,0.111196735396439,0.561939576706173,0.816455812197265
"gene-LOC134696529|LOC134696529",34.3798389031127,0.154953851995519,0.171864289569925,0.150319762087611,0.44942101608183
"gene-LOC134696535|LOC134696535",79.4132568084887,-0.508350180112269,0.25360282006492,0.00327271407825604,0.0588027747827248
"gene-LOC134696538|LOC134696538",16.1222849414555,-0.0101872363075355,0.150771871170208,0.907660065527322,0.973283642470783
"gene-LOC134696539|LOC134696539",66.2452383092369,0.0418270070038676,0.14167962142893,0.656222924178626,0.868149291469061
"gene-LOC134696546|LOC134696546",183.904171107618,0.0222533113597972,0.185268534278163,0.481590202409627,0.768703185047799
"gene-LOC134696548|LOC134696548",23.587641004686,0.00682397104294341,0.141133987103563,0.941690878577936,0.9826587964502
"gene-LOC134696549|LOC134696549",34.5602484138544,0.183339291493152,0.192079677958868,0.105922919088956,0.379940634494197
"gene-LOC134696566|LOC134696566",33.1382591140355,0.0344105900569782,0.129076724967457,0.714093609915182,0.895621835220216
"gene-LOC134696567|LOC134696567",35.0320171969095,-0.00962352420020654,0.178415769336966,0.847939496425225,0.949463449622848
"gene-LOC134696570|LOC134696570",57.9122648845736,-0.068682133597482,0.180490143631357,0.376671662629859,0.702197504810744
"gene-LOC134696574|LOC134696574",18.9806150827863,-0.0489890929780618,0.18609481758391,0.368145374053811,0.696518892942779
"gene-LOC134696602|LOC134696602",25.6515581267574,-0.0739284386109145,0.171262500582755,0.399826248285017,0.718347290670998
"gene-LOC134696606|LOC134696606",16.7908631236922,-0.0547175727331199,0.185371908289002,0.371061762259064,0.698522651067537
"gene-LOC134696607|LOC134696607",22.5364210387964,0.0440432759298899,0.141212534591449,0.639377341830684,0.86002486853883
"gene-LOC134696614|LOC134696614",28.0131681227082,0.295618752141369,0.193953070577561,0.0226808917293142,0.181631227716787
"gene-LOC134696622|LOC134696622",256.687707772123,0.169321269369354,0.138382885838506,0.100651865141189,0.37294540033701
"gene-LOC134696627|LOC134696627",9.4103047065533,-0.112242961437479,0.217040038759056,0.119479954662478,0.394969677198417
"gene-LOC134696640|LOC134696640",18.079596880728,-0.00146760685914635,0.142275353096245,0.986520053106458,0.994155396948371
"gene-LOC134696653|LOC134696653",63.4611682764133,0.133979038121888,0.1577237964802,0.199221041291898,0.52728950745376
"gene-LOC134696665|LOC134696665",73.6669419293578,0.0508509464331258,0.109754073006052,0.567978294359762,0.817936623798694
"gene-LOC134696666|LOC134696666",13.3633458244822,-0.0386331575892412,0.18807184723571,0.295708411064222,0.631905861443265
"gene-LOC134696668|LOC134696668",22.3503297197977,-0.0614311276958787,0.19891683799629,0.0490278525568109,0.267437964955151
"gene-LOC134696669|LOC134696669",8.81149961710903,0.0131832736879068,0.181765616253771,0.751669634342125,0.910103639544865
"gene-LOC134696670|LOC134696670",15.0808141775471,-0.0633766594683728,0.181759088087069,0.386556960183801,0.709811963443349
"gene-LOC134696677|LOC134696677",12.892547329506,-0.0860869800190911,0.19000395411953,0.272933084968825,0.60812259163038
"gene-LOC134696700|LOC134696700",27.3556258166933,0.131181795067283,0.194747090710925,0.186986858470392,0.509608960547664
"gene-LOC134696706|LOC134696706",108.402500964112,0.0410629531533115,0.102108153641859,0.6313441816839,0.855488208355661
"gene-LOC134696709|LOC134696709",79.3373461416255,0.353278024964887,0.211462830185575,0.0126559064488467,0.133759539234353
"gene-LOC134696710|LOC134696710",25.5043998335181,0.0270424898568211,0.182574879557314,0.560886464532515,0.816018967674286
"gene-LOC134696716|LOC134696716",10.4380520754723,0.0116153603400973,0.180795422505939,0.795569939244669,0.928130564935971
"gene-LOC134696732|LOC134696732",42.2590204412117,0.142443490187417,0.12371051963051,0.140839329801066,0.435516708241738
"gene-LOC134696733|LOC134696733",14.1645957598655,-0.0101831670853756,0.150716512397813,0.907737277930919,0.973283642470783
"gene-LOC134696737|LOC134696737",56.6642423822561,0.0686417609873095,0.15882169051213,0.462244730493075,0.761385796023582
"gene-LOC134696741|LOC134696741",9.94775782367147,0.00518559605860897,0.162824206136723,0.948240651436621,0.984494493039383
"gene-LOC134696745|LOC134696745",13.1295457285532,0.405976941846348,0.280123715180529,0.0128557793094902,0.13475642685906
"gene-LOC134696746|LOC134696746",66.2288274934542,0.0876872102728065,0.169624405151112,0.349333027265583,0.68222685324808
"gene-LOC134696752|LOC134696752",37.4417089601621,-0.0169933742385405,0.134902877236878,0.854377850569357,0.95142183573084
"gene-LOC134696763|LOC134696763",16.2458424578333,-0.0549622819710305,0.163266261664436,0.528908103936443,0.79651088437358
"gene-LOC134696767|LOC134696767",8.87824890139336,0.0413439301396327,0.186022292607188,0.386029765997523,0.709811963443349
"gene-LOC134696768|LOC134696768",27.2650806922842,-0.107405506183133,0.159645341315752,0.283092820455448,0.618598685841112
"gene-LOC134696773|LOC134696773",14.4792824760441,-0.0803562921700745,0.200930718224252,0.163449536154992,0.470063190481412
"gene-LOC134696776|LOC134696776",9.71612539791547,-0.0590377804618772,0.18641934795373,0.346786828076725,0.679663050269696
"gene-LOC134696779|LOC134696779",7.87046610056474,0.0331668997813502,0.187096441297755,0.33639550196616,NA
"gene-LOC134696787|LOC134696787",30.1148363461261,-0.825164244111472,0.256562774385243,6.95926358557727e-05,0.00598005426224193
"gene-LOC134696790|LOC134696790",7.76914055615415,-0.0206395459448173,0.177127322138417,0.721220107256211,NA
"gene-LOC134696794|LOC134696794",9.91752196765662,0.00314856620866157,0.179349707204604,0.948962483793137,0.984494493039383
"gene-LOC134696802|LOC134696802",117.629422036331,0.00190373972264577,0.0894530676115001,0.981128838451536,0.992729503672812
"gene-LOC134696803|LOC134696803",12.5614272252619,0.217843406425133,0.304608098340276,0.0515337902565334,0.274191739876795
"gene-LOC134696820|LOC134696820",15.7747868602141,-0.0496639352703803,0.187134794190508,0.343739638552765,0.67654591107757
"gene-LOC134696838|LOC134696838",29.2865249387519,-0.0417912054696415,0.130641183287211,0.656914543719131,0.868632401841034
"gene-LOC134696846|LOC134696846",32.4634357451846,0.129100900896882,0.134224703621013,0.195424432677111,0.521131820472295
"gene-LOC134696857|LOC134696857",42.8604501501437,-0.0233738640246944,0.124011561201383,0.799878707149563,0.929028186366712
"gene-LOC134696861|LOC134696861",19.1576547005945,-0.0788407723156443,0.16705913004827,0.389104465040481,0.711311276421191
"gene-LOC134696869|LOC134696869",1729.48714831606,-0.0142139872826275,0.178746713135058,0.781812205389239,0.92385639025449
"gene-LOC134696872|LOC134696872",19.8856911629906,0.0351989950039384,0.139488617555606,0.706847366457577,0.891831605563335
"gene-LOC134696875|LOC134696875",35.3189298876012,0.306246833982005,0.152358095703194,0.00891091898349606,0.108964479918509
"gene-LOC134696885|LOC134696885",45.5825805809832,0.0287744703309486,0.144754794724503,0.755752087240223,0.912097363714903
"gene-LOC134696895|LOC134696895",11.3896406588665,-0.0341665707293912,0.186379399173618,0.374291568928554,0.700262709901167
"gene-LOC134696896|LOC134696896",19.0632053923063,0.336768529029252,0.201288381448132,0.0139748586110162,0.140209295734701
"gene-LOC134696905|LOC134696905",130.94491599203,0.0321734478704986,0.0880985758626047,0.680091711461525,0.87910350866109
"gene-LOC134696906|LOC134696906",46.8533884240549,0.0175152016843269,0.118821500294256,0.84897171193058,0.949567149848377
"gene-LOC134696920|LOC134696920",476.600140425375,0.0305888334720902,0.1844250487684,0.477365794213847,0.766288513519123
"gene-LOC134696927|LOC134696927",29.3158933938862,0.0247404540651159,0.148420813978946,0.786798403354202,0.925853961349942
"gene-LOC134696942|LOC134696942",1949.31289984837,0.0107995590518554,0.180521456912076,0.81180279118564,0.935302339935327
"gene-LOC134696948|LOC134696948",8.30425806038553,0.463806634707868,0.56264261866252,0.0143941125039199,0.142390246715563
"gene-LOC134696961|LOC134696961",10.4729970650009,0.0625782757777205,0.164571380067164,0.481555568005766,0.768703185047799
"gene-LOC134696962",6.56591405004566,0.0206059442067569,0.185495483263243,0.469882890619343,NA
"gene-LOC134696966|LOC134696966",58.1460425634749,-0.0265441075872483,0.184344149915625,0.496851266618796,0.775820923750395
"gene-LOC134696967|LOC134696967",55.9498926296275,-0.0673323571328995,0.126361478855736,0.475643851930381,0.765853785338503
"gene-LOC134696971|LOC134696971",68.0202829858393,-0.0362757307057791,0.180890882223913,0.52251283792317,0.793351473304905
"gene-LOC134696981|LOC134696981",11.0857877422139,0.0489903589208511,0.179334781594371,0.473682911753227,0.765438050319816
"gene-LOC134696987|LOC134696987",178.521519739073,0.130695616681703,0.076720605928503,0.0608180421476479,0.295976365047087
"gene-LOC134696989|LOC134696989",10.3112390572533,0.127377779108295,0.250472598170326,0.0105794726992533,0.119616824451
"gene-LOC134697001|LOC134697001",4140.40754659104,0.106683657606187,0.181319212726443,0.262456989575781,0.597969519261434
"gene-LOC134697002|LOC134697002",2241.12461180903,0.00908018096930248,0.152131449461124,0.978840037092289,0.99256526876608
"gene-LOC134697009|LOC134697009",33.6900451831802,0.144060726445081,0.141433907005513,0.158565410498108,0.463079471522664
"gene-LOC134697014|LOC134697014",145.897554514937,-0.0162508439462429,0.141626899379807,0.858730682332944,0.952927515004531
"gene-LOC134697017|LOC134697017",18.7771306362655,0.0692112634965533,0.181118893191837,0.371991406519172,0.698972219840205
"gene-LOC134697034|LOC134697034",1287.10769865431,-0.227983000862825,0.175057374591299,0.0521622811557267,0.275682562634897
"gene-LOC134697039|LOC134697039",11.189389879057,-0.000617250849247425,0.184981649657987,0.967852998975338,0.990333763867984
"gene-LOC134697042|LOC134697042",116.827431689428,0.06225171159879,0.0866409931578481,0.416673699973482,0.731628477305431
"gene-LOC134697043|LOC134697043",43.0727404046822,0.24248744804395,0.19624563450548,0.0500364741063845,0.270817540997302
"gene-LOC134697050|LOC134697050",24.5731711427129,-0.055249549127186,0.178133261082298,0.449755408672336,0.754308497116589
"gene-LOC134697053|LOC134697053",989.141549576213,-0.0679304308989155,0.0674851253367632,0.279390845455573,0.615121167803291
"gene-LOC134697055|LOC134697055",149.967942932255,0.336636265303235,0.142167375916034,0.00333744476002602,0.0591811315720426
"gene-LOC134697058|LOC134697058",9.14123197783938,0.0122667413855219,0.181824205488497,0.765306640889445,0.915885611020874
"gene-LOC134697061|LOC134697061",15.3634010629789,0.0684408273146497,0.182891651470251,0.362625945679283,0.691365154591877
"gene-LOC134697064|LOC134697064",34.4534441455203,0.0548979648611287,0.150126203414608,0.558110169432983,0.814147528967148
"gene-LOC134697067|LOC134697067",9.63257848875912,-0.0303447422790808,0.173159671110153,0.659429961689104,0.869871128802097
"gene-LOC134697070|LOC134697070",14.4149023479844,-0.204322683430421,0.265847899294344,0.0671321926590462,0.312194469458032
"gene-LOC134697076|LOC134697076",13.0975673485406,0.0428705304482354,0.149202839356423,0.641737044366631,0.861467997069266
"gene-LOC134697077|LOC134697077",19.8930149906107,-0.0081886000706633,0.135325139735886,0.929021113559702,0.978198919183154
"gene-LOC134697084|LOC134697084",218.939249926766,0.421888009480057,0.135708916113638,0.000259883069128846,0.0132224703555143
"gene-LOC134697086|LOC134697086",19.0116607013817,-0.0507840311620515,0.142457106360349,0.58976887346771,0.828828059137864
"gene-LOC134697090|LOC134697090",37.1816960323791,-0.16869697797554,0.149761185146606,0.112388811536104,0.387211263896085
"gene-LOC134697091|LOC134697091",9.6155723485705,-0.0215090457921318,0.180447011619387,0.663077104864436,0.872161925793236
"gene-LOC134697093|LOC134697093",7.24554045334113,-0.025695322535487,0.176937532309609,0.67022945940778,NA
"gene-LOC134697101|LOC134697101",38.5880908752635,0.576899841500019,0.25733437642044,0.00174606142051689,0.0407543912524674
"gene-LOC134697105|LOC134697105",9.77772025145001,0.17425225425009,0.251371645819213,0.085129826688872,0.348000285865672
"gene-LOC134697107|LOC134697107",9.84243930303461,-8.31782645183599e-05,0.179692094616906,0.996784142834459,0.998656613214738
"gene-LOC134697116|LOC134697116",1024.74521262432,-0.021093681970211,0.175173770200073,0.732134421683546,0.903273683937758
"gene-LOC134697121|LOC134697121",10.1248050698278,0.0239072195924001,0.18380758441115,0.547036124147143,0.807508458118579
"gene-LOC134697125|LOC134697125",34.5800892580262,-0.471645934195712,0.187636209777221,0.00120418906376402,0.0335702172585206
"gene-LOC134697128|LOC134697128",7.45841428481846,-0.0171520362877446,0.18408106303529,0.602875843809711,NA
"gene-LOC134697131|LOC134697131",38.9961374055416,-0.135429843319113,0.152036058490103,0.191111218045858,0.514335643007377
"gene-LOC134697132|LOC134697132",16.3857039566249,0.0430993216942921,0.155004704664115,0.611567271630645,0.843764139023467
"gene-LOC134697135|LOC134697135",26.991218584414,0.0204157808127903,0.182161710379993,0.640306910573035,0.860806322881688
"gene-LOC134697136|LOC134697136",78.4932658888703,0.270072399175591,0.12455806269334,0.00820431137127315,0.103317741820309
"gene-LOC134697139|LOC134697139",14.1144056375292,-0.0196458672515733,0.14156971723956,0.830857966440298,0.943993476265158
"gene-LOC134697144|LOC134697144",17.1551821053489,0.198131293930822,0.275844230912165,0.0661187838323403,0.30937322044293
"gene-LOC134697153|LOC134697153",65.0521283579877,0.506709290678548,0.158814036818098,0.000148069397019927,0.00974323311561756
"gene-LOC134697155|LOC134697155",16.5244102314456,-0.0375847306635532,0.184025901647581,0.448948678957584,0.753820954277286
"gene-LOC134697157|LOC134697157",45.8307407579934,0.0233738208165953,0.12774255607726,0.802692921309967,0.93031880311774
"gene-LOC134697158|LOC134697158",29.8866169530853,0.120998396580596,0.201629128535815,0.187075979426569,0.509661676140118
"gene-LOC134697162|LOC134697162",94.3327354233302,0.15969052605433,0.127168730353841,0.105693023662784,0.379794652741288
"gene-LOC134697167|LOC134697167",6.98139666320538,-0.00642940089312068,0.18416713693671,0.807598248245467,NA
"gene-LOC134697168|LOC134697168",37.9118035660254,-0.450275688611635,0.256569621463679,0.00644756093920496,0.089872108969376
"gene-LOC134697172|LOC134697172",43.1542078830805,-0.197917241270647,0.152468994121086,0.0701227708249318,0.317900953524847
"gene-LOC134697177|LOC134697177",86.8912412462555,-0.123660823794023,0.133070444294398,0.210353940070077,0.540994781081633
"gene-LOC134697178|LOC134697178",26.343835245764,-0.5607013955228,0.241428949011748,0.00144463933530279,0.0361730970010093
"gene-LOC134697180|LOC134697180",29.8447954903225,0.0217445795470911,0.138994053660242,0.81640007402715,0.937860797680614
"gene-LOC134697182|LOC134697182",12.1870173760908,-0.0412389963657,0.156477703577562,0.641194710832107,0.861056475072203
"gene-LOC134697183|LOC134697183",186.265983935533,0.172992502119279,0.182292508872804,0.121160942581333,0.398092453717525
"gene-LOC134697184|LOC134697184",216.585728484937,0.000792320924497882,0.184299308597676,0.942912401654787,0.983299854609732
"gene-LOC134697186|LOC134697186",772.465558902562,-0.0526722471076074,0.0985698028236879,0.527982327623611,0.795951067278196
"gene-LOC134697187|LOC134697187",9.09510120477614,0.00504641223147817,0.176682305592897,0.92871250015727,0.978198919183154
"gene-LOC134697189|LOC134697189",92.3549181649301,-0.0189088590639803,0.145651775478173,0.830127048976594,0.943802358073119
"gene-LOC134697193|LOC134697193",18.382668062013,0.0426958185838754,0.14033380858979,0.650233710230425,0.865377837906613
"gene-LOC134697195|LOC134697195",13.7880173375709,-0.145471001709526,0.253304437027222,0.053893435021856,0.281303827527352
"gene-LOC134697198|LOC134697198",13.3455290314221,0.0343215358023642,0.18068057014679,0.544677146776669,0.804676755674917
"gene-LOC134697202|LOC134697202",44.052275505272,0.0858650806331355,0.131855269797927,0.374605189584651,0.70066998840622
"gene-LOC134697203|LOC134697203",37.5420661013416,-0.313275044324548,0.272812323638498,0.0284790983896274,0.202746969439582
"gene-LOC134697206|LOC134697206",535.795649495055,-0.108887978546302,0.166191741323843,0.273005747255752,0.60812259163038
"gene-LOC134697210|LOC134697210",47.5146533312447,-0.457719973271378,0.246999821610716,0.00527003666335495,0.0779670571702421
"gene-LOC134697216|LOC134697216",13.9898646149834,-0.0813518188931922,0.169385372348126,0.374180001841989,0.700248460991455
"gene-LOC134697218|LOC134697218",128.437268723261,0.395497757062798,0.199172204452583,0.00569520153359223,0.0822089960501139
"gene-LOC134697219|LOC134697219",855.335833770093,0.0655871001906395,0.162300804726371,0.461661370274637,0.760652977325952
"gene-LOC134697223|LOC134697223",20.0629372083818,-0.0505494358176186,0.164513334558328,0.553640299629913,0.811028629862994
"gene-LOC134697229|LOC134697229",14.0136932627717,0.288093598949975,0.345382527464275,0.0352632511251873,0.227127677441242
"gene-LOC134697230|LOC134697230",44.6620954116821,0.263244563101058,0.14277604516257,0.017072881490908,0.154523328884253
"gene-LOC134697240|LOC134697240",7.85195519435019,0.000318744397666049,0.16866902318761,0.997350591086311,NA
"gene-LOC134697241|LOC134697241",11.845489355444,0.363939987866173,0.359394756658009,0.0227287708287436,0.181631227716787
"gene-LOC134697243|LOC134697243",8.93214796725325,-0.00470995416613014,0.174824194396722,0.935916178045345,0.981046464472331
"gene-LOC134697248|LOC134697248",26.6683878195432,-0.155322923782173,0.281259374690868,0.211616416884324,0.542663402113283
"gene-LOC134697254|LOC134697254",12.4108608948402,-0.0356780071322589,0.181102436236394,0.523584238834539,0.793744142890716
"gene-LOC134697259|LOC134697259",63.6733061846837,-0.233304798510712,0.130043622517151,0.0234031477138762,0.182819883317809
"gene-LOC134697261|LOC134697261",9.10176907687903,0.0818610883755075,0.185287941221916,0.310414050611179,0.64611845907125
"gene-LOC134697262|LOC134697262",38.7445351366334,0.122920326175298,0.14509738012814,0.227155209099005,0.563184537426725
"gene-LOC134697272|LOC134697272",12.104407175006,-0.0251679578652427,0.168600911048581,0.73454039161263,0.904191610246111
"gene-LOC134697275|LOC134697275",8.88114484272562,-0.0893616536929547,0.203090706164114,0.169080940483227,0.480277068930026
"gene-LOC134697278|LOC134697278",10.6616276083311,-0.485818943946754,0.449888010884955,0.0118766320783182,0.128106619477931
"gene-LOC134697279|LOC134697279",7.68645268608721,-0.00440435930239368,0.179438421370193,0.924469886590327,NA
"gene-LOC134697281|LOC134697281",33.1455226608711,0.314350668564692,0.332900667920117,0.030675097424337,0.211368784516375
"gene-LOC134697285|LOC134697285",87.3079354309735,0.117263995438269,0.181171333261533,0.235540919419937,0.572298167494372
"gene-LOC134697286|LOC134697286",9.04281799900691,-0.0313983588015343,0.18297558415563,0.511950720908075,0.785310813099577
"gene-LOC134697294|LOC134697294",71.7746681688045,-0.0657167226248655,0.11743003139161,0.474191084342241,0.765558069143675
"gene-LOC134697296|LOC134697296",37.1305238727544,-0.0213375803617866,0.174721125897192,0.734055637992555,0.904191610246111
"gene-LOC134697300|LOC134697300",39.9773252538425,5.04125646560128,0.712991842982752,7.84135653649992e-14,1.90910893808651e-10
"gene-LOC134697301|LOC134697301",11.5555892096169,-0.0826423246537204,0.195866628047302,0.229689779861242,0.565912643645673
"gene-LOC134697302|LOC134697302",42.9564471202191,0.147218886719183,0.144434406532804,0.154166286254098,0.455513978478936
"gene-LOC134697303|LOC134697303",372.58649531313,0.0698119315203228,0.104309901511199,0.409593741019518,0.725781825426142
"gene-LOC134697304|LOC134697304",9.19231202469704,0.053874060553545,0.184858134941825,0.384281120108291,0.70887365997838
"gene-LOC134697306|LOC134697306",524.379699014119,0.0392593461134508,0.185700590119814,0.400778443503307,0.719234828341069
"gene-LOC134697316|LOC134697316",14.9079012441914,0.0538925139471231,0.156863619121921,0.553536273238128,0.811028629862994
"gene-LOC134697320|LOC134697320",282.240179776622,0.0485493559758684,0.102131177425009,0.571292709871016,0.81908683995263
"gene-LOC134697321|LOC134697321",19.764833626507,0.00202012350131898,0.179657045828947,0.967324967895482,0.990237079959159
"gene-LOC134697322|LOC134697322",20.9498775941118,-0.0539747113583411,0.146902205512806,0.564851440916032,0.817009237008096
"gene-LOC134697323|LOC134697323",854.557956001269,0.0100408544898296,0.183576643611398,0.759637608717767,0.913937949082784
"gene-LOC134697341|LOC134697341",11.080367059813,0.0409481450085287,0.158191145243804,0.640419161902943,0.860806322881688
"gene-LOC134697342|LOC134697342",183.497293786974,0.019282782529369,0.184768595646291,0.543057124099567,0.804132019513899
"gene-LOC134697348|LOC134697348",15.2591789796697,0.012536679310122,0.172646377238791,0.849660722015909,0.949567149848377
"gene-LOC134697352|LOC134697352",96.4706775119324,-0.076815015717533,0.112671178833421,0.395330281534371,0.716499348964528
"gene-LOC134697354|LOC134697354",13.7579431442865,0.033997708214902,0.161027428536035,0.687690719008144,0.882602883787644
"gene-LOC134697356|LOC134697356",16.6606604000135,0.0603946263654434,0.166398809582966,0.488307352091287,0.772659640310824
"gene-LOC134697359|LOC134697359",13.8952338079851,-0.0215574323920622,0.178971608780455,0.686940354273992,0.881949788647783
"gene-LOC134697360|LOC134697360",24.7084599449192,-0.176874020342756,0.234614015871732,0.0969873946116173,0.366525847498085
"gene-LOC134697361|LOC134697361",9.6733468035816,-0.0356093281089817,0.188379629777045,0.255824379370419,0.591123463119752
"gene-LOC134697364|LOC134697364",9.46303287250022,0.0119408905381418,0.181076202801808,0.785055393057064,0.925014486374558
"gene-LOC134697371|LOC134697371",11.5073499608534,0.0269738248754412,0.182350968596147,0.567322272148213,0.817650507859394
"gene-LOC134697372|LOC134697372",8.56160256508795,-0.0169267391844249,0.181183329606343,0.705446248529935,0.89098727291417
"gene-LOC134697373|LOC134697373",21.024042035941,0.0723851231977611,0.154182675698752,0.44817061452186,0.753117254324976
"gene-LOC134697375|LOC134697375",8.47685829352276,0.00512706900953554,0.178340368942394,0.921318338710971,0.976343998089279
"gene-LOC134697376|LOC134697376",32.9073783222535,-0.0540792430552241,0.128823532513829,0.566438316026297,0.817156914923183
"gene-LOC134697382|LOC134697382",10.6919603737422,-0.00368488599197769,0.178880724104059,0.98245838240281,0.992925975518212
"gene-LOC134697387|LOC134697387",146.998543054158,-0.0064019417322009,0.102276336080598,0.939635927585833,0.982276445936544
"gene-LOC134697391|LOC134697391",8.5063756508105,-0.00694420197555883,0.177103885015466,0.897364798496333,0.968576719678461
"gene-LOC134697393|LOC134697393",10.9974149117287,0.0785229188591524,0.20335546779925,0.117493460098147,0.393887819746843
"gene-LOC134697394|LOC134697394",37.7284854123895,0.00413633964796992,0.141779712647624,0.964952870355972,0.98891760419251
"gene-LOC134697395|LOC134697395",237.826352842626,0.157404037218368,0.125030253460464,0.107882016238508,0.381019677617619
"gene-LOC134697396|LOC134697396",16.0780835669739,0.00791729131588576,0.177654790868161,0.883664350069377,0.96449445448395
"gene-LOC134697400|LOC134697400",11.2473376919686,0.0402052987590493,0.180680697043227,0.505011931298671,0.781682629491198
"gene-LOC134697401|LOC134697401",16.9868920815006,0.0042814537434515,0.16981963182464,0.952094143060234,0.984494493039383
"gene-LOC134697412|LOC134697412",367.523403261066,0.205294303768017,0.167459645878866,0.0715853843714835,0.321364257805357
"gene-LOC134697421|LOC134697421",6.76577734813411,-0.17552432742924,0.275908179495557,0.0566013701550136,NA
"gene-LOC134697423|LOC134697423",30.0127013664039,-0.305439903951449,0.190496984376571,0.0188248138626414,0.164369398010369
"gene-LOC134697432|LOC134697432",13.1473830994957,0.044142708821014,0.187736694503955,0.328616321580276,0.664143224355932
"gene-LOC134697434|LOC134697434",46.5811154637696,0.17360872654425,0.146558897266779,0.102432704914891,0.375824193044838
"gene-LOC134697435|LOC134697435",10.3893185189511,0.00366038388628821,0.173880830550435,0.954063717865556,0.985217007976971
"gene-LOC134697440|LOC134697440",373.790658539049,-0.942569359969045,0.214588733930664,6.01066278040742e-07,0.000162599559067021
"gene-LOC134697442|LOC134697442",9.53096747793042,0.0589182729269812,0.182458936503138,0.397840598476661,0.717599701142351
"gene-LOC134697448|LOC134697448",44.19412179261,-0.0537491478920003,0.177268330461229,0.4648227787293,0.762079815003099
"gene-LOC134697452|LOC134697452",16.0608759609222,-0.0244187643382471,0.154147382663,0.779715251362346,0.922548215841139
"gene-LOC134697453|LOC134697453",13.268086374085,-0.0986416157012694,0.180244143978085,0.285896969326048,0.621050242079198
"gene-LOC134697458|LOC134697458",126.498443754739,-0.0291980124049806,0.187192222128488,0.304225276321784,0.64038811285791
"gene-LOC134697461|LOC134697461",21.5968665522291,-0.221507869444596,0.380048393955302,0.0209355087257248,0.174359128543551
"gene-LOC134697473|LOC134697473",20.3971543758563,0.0741052930268326,0.157606788865439,0.433359907687454,0.74247301848317
"gene-LOC134697478|LOC134697478",690.714930239277,-0.0334943633594098,0.0830600627807981,0.651687638582917,0.865953865311871
"gene-LOC134697483|LOC134697483",10.4828336660617,0.0117521267188755,0.16219217983137,0.884001055198766,0.96449445448395
"gene-LOC134697522|LOC134697522",15.0787717214594,0.061372168705192,0.156255578186066,0.506863981781471,0.782343916562848
"gene-LOC134697524|LOC134697524",11.2641158457258,0.0417360066974427,0.162250782139748,0.623550662360726,0.851292343529485
"gene-LOC134697554|LOC134697554",22.5914276088727,-0.0140794344202414,0.185837445565309,0.454651630061042,0.757873557028011
"gene-LOC134697571|LOC134697571",70.0386777641349,-0.400389662148993,0.356905497517163,0.0164164035321835,0.152940575764118
"gene-LOC134697585|LOC134697585",84.187910083288,-0.0381537570135185,0.179820542643576,0.526428284884875,0.79498896697287
"gene-LOC134697590|LOC134697590",9.86728809092169,-0.0346000202857575,0.185889924490471,0.39682534203739,0.717599701142351
"gene-LOC134697629|LOC134697629",22.0803787877342,-0.0607511859808996,0.147172738045684,0.521118861054443,0.792765776271139
"gene-LOC134697631|LOC134697631",77.949772634377,-0.0341212394382384,0.137651727871662,0.711702706589522,0.894211525954754
"gene-LOC134697661|LOC134697661",11.6262282109387,0.0821095402081331,0.186810424551622,0.303902237943364,0.640237076994038
"gene-LOC134697678|LOC134697678",8.99942461990643,0.0694532179207533,0.176702851397647,0.399310997031824,0.718012683978444
"gene-LOC134697688|LOC134697688",59.287432139959,-0.4771891380029,0.208255868931475,0.0019925855980535,0.0437052408654138
"gene-LOC134697700|LOC134697700",4.91568378608268,0.0077467807874914,0.184285817461824,0.772535408200911,NA
"gene-LOC134697715|LOC134697715",84.9445010037865,-0.13536335623142,0.116401145877713,0.146609967755261,0.443595362255356
"gene-LOC134697720|LOC134697720",11.185760305717,-0.0033321197437227,0.185264290824072,0.836940344721534,0.946579789074959
"gene-LOC134697758|LOC134697758",7.84252672036975,0.0137743993650849,0.18457646766486,0.626358268296296,NA
"gene-LOC134697777|LOC134697777",16.1460786093238,0.00171594756719869,0.155657820227363,0.984255012612498,0.993633382232724
"gene-LOC134697791|LOC134697791",8.9822348223593,-0.0988250372720217,0.220322666466452,0.035749530153021,0.229097046065444
"gene-LOC134697792|LOC134697792",28.7316957942179,-0.0172434804607614,0.165342132110937,0.821501260224947,0.940477304809249
"gene-LOC134697807|LOC134697807",25.8580345406287,0.0784518086036603,0.153191090883848,0.415198977283506,0.730673063606098
"gene-LOC134697822|LOC134697822",45.5093246249898,-0.089198628735946,0.156326902965646,0.358987052487168,0.688644047661838
"gene-LOC134697826|LOC134697826",17.5878438339578,-0.053817126264507,0.188639277206044,0.309928738026511,0.645662912231472
"gene-LOC134697854|LOC134697854",14.4905908177955,0.0963494807706819,0.171581387482913,0.313455522299287,0.649866345408456
"gene-LOC134697876|LOC134697876",16.2453706291279,-0.0980713521953263,0.155525139078872,0.322120324667025,0.658300741848895
"gene-LOC134697877|LOC134697877",9.44592866480082,0.142335717272328,0.2282137906189,0.114639053052237,0.389452857438857
"gene-LOC134697884|LOC134697884",52.4291170212841,0.0266780047686309,0.176265934706126,0.669726865659986,0.874285257527977
"gene-LOC134697985|LOC134697985",7.70862124110729,-0.0135490918571062,0.181483163364688,0.748873696957857,NA
"gene-LOC134698063|LOC134698063",15.1960759488873,0.106616143851,0.19593366607582,0.22122033488699,0.555064694611671
"gene-LOC134698109|LOC134698109",39.6955165596415,-0.0944861436998622,0.140805601982382,0.336110036020324,0.669098124950205
"gene-LOC134698115|LOC134698115",13.6835839130018,0.201101679542751,0.232882418478914,0.0833989653937957,0.344539617215092
"gene-LOC134698126|LOC134698126",6.5838143024524,-0.0381084442112682,0.187702487719251,0.31294227725745,NA
"gene-LOC134698134|LOC134698134",8.11477931202344,-0.0102792467852472,0.172476710209721,0.874199346491849,NA
"gene-LOC134698136|LOC134698136",24.2247787376632,0.0918438005267691,0.14585707725158,0.352020460925179,0.68436450534935
"gene-LOC134698137|LOC134698137",25.103994120175,0.0803315302516007,0.168952609003276,0.382282696247591,0.70670534380977
"gene-LOC134698138|LOC134698138",18.0565733633914,0.0848953301120888,0.178383142362034,0.334605207514823,0.667835364477281
"gene-LOC134698146|LOC134698146",16.2212555691796,0.0561615483752877,0.184814969511428,0.378265653987553,0.703552925063684
"gene-LOC134698147|LOC134698147",7.39902350474654,-0.0193151718320608,0.171151352786164,0.780235438341553,NA
"gene-LOC134698149|LOC134698149",63.7856107298812,-0.52827568034105,0.223691920255718,0.00142781217668725,0.035961172891461
"gene-LOC134698152|LOC134698152",25.85112708866,-0.0221506813816745,0.132329904586194,0.81171776542023,0.935302339935327
"gene-LOC134698278|LOC134698278",14.4532743199667,-0.0430092382446483,0.173972906594169,0.55490012745853,0.812059813856363
"gene-LOC134698324|LOC134698324",18.2380519313834,-0.0165930303971214,0.151196606007012,0.850440713826269,0.949567149848377
"gene-LOC134698389|LOC134698389",40.981417197549,0.107439365611524,0.151217471057126,0.28535956942953,0.620330101301308
"gene-LOC134698421|LOC134698421",11.46083657094,-0.104232817674733,0.185398623250381,0.257442706804045,0.592426443130669
"gene-LOC134698481|LOC134698481",1838.10857062027,-0.108520261683944,0.149787413888192,0.27862711125908,0.614645853408736
"gene-LOC134698482|LOC134698482",315.518986310642,-0.184590131563003,0.167584730455709,0.0958073215116649,0.365037389838915
"gene-LOC134698483|LOC134698483",274.969469168053,-0.163480335611548,0.164189936366482,0.129489430523636,0.415002545214849
"gene-LOC134698484|LOC134698484",277.064548509124,-0.176006611068229,0.1667179883104,0.108696321900241,0.381396450972524
"gene-LOC134698486|LOC134698486",280.007384932556,-0.170293365198785,0.165587695139835,0.11785440356919,0.393892238040277
"gene-LOC134698487|LOC134698487",274.603459391953,-0.173700903756924,0.166181042332396,0.112276964696781,0.387191194591732
"gene-LOC134698488|LOC134698488",310.801039721181,-0.164722980754198,0.166404663377595,0.128166950843642,0.41188665270623
"gene-LOC134698489|LOC134698489",313.094795515265,-0.163864180616038,0.165427171761279,0.129438478906781,0.415002545214849
"gene-LOC134698490|LOC134698490",314.144370781515,-0.174223814904079,0.170006292248061,0.113086043702871,0.387866075345669
"gene-LOC134698491|LOC134698491",276.312022141745,-0.167486274883013,0.163194435102348,0.121630926834132,0.398837663818209
"gene-LOC134698492|LOC134698492",277.906920308647,-0.175606411130946,0.165769553463877,0.10851813923014,0.381390799056292
"gene-LOC134698493|LOC134698493",311.201840244933,-0.177866993306938,0.167423391038927,0.105913574926126,0.379940634494197
"gene-LOC134698494|LOC134698494",308.937256981629,-0.18849026671857,0.170357644313185,0.0898332533260274,0.353715408244369
"gene-LOC134698495|LOC134698495",315.69001876068,-0.179167834672712,0.172680524118599,0.107422511988668,0.381019677617619
"gene-LOC134698497|LOC134698497",282.707894363778,-0.177241845577409,0.166226548502384,0.108146837616487,0.381019677617619
"gene-LOC134698498|LOC134698498",284.808187727204,-0.180223370828024,0.170209519812917,0.102670630772509,0.375824193044838
"gene-LOC134698499|LOC134698499",1616.40415759301,-0.227397024219646,0.161382259206492,0.0457059296536159,0.259829035388571
"gene-LOC134698500|LOC134698500",268.463483498463,-0.170296641123896,0.167472082713265,0.118379350012363,0.394384809382699
"gene-LOC134698501|LOC134698501",309.750316412697,-0.153694633882361,0.160990685514723,0.148250815743419,0.446311635527618
"gene-LOC134698503|LOC134698503",1464.31591577084,-0.279470175151729,0.164089783335887,0.0198682211690891,0.168741264440729
"gene-LOC134698504|LOC134698504",305.858970020338,-0.203840926825876,0.140882682573631,0.054048752186931,0.281577807398962
"gene-LOC134698506|LOC134698506",279.986001118912,-0.191932013736232,0.19493058175037,0.0934920451906116,0.360370690491233
"gene-LOC134698507|LOC134698507",279.308475656846,-0.223846080352135,0.208107471772678,0.0635267901315676,0.303069676760921
"gene-LOC134698508|LOC134698508",281.052437386999,-0.209115617093276,0.202870023271441,0.076158957295495,0.331319387254834
"gene-LOC134698509|LOC134698509",261.719769345932,-0.114334559248708,0.168849506752188,0.252310493233806,0.589130303037539
"gene-LOC134698510|LOC134698510",250.80715124331,-0.120442041444938,0.170093820062117,0.233025743172582,0.569597666198549
"gene-LOC134698511|LOC134698511",256.517780041456,-0.126780174306777,0.173400461139786,0.213611554248838,0.544714737745469
"gene-LOC134698513|LOC134698513",254.568766630571,-0.135867379598792,0.178287760402546,0.189714469230549,0.513624629479392
"gene-LOC134698514|LOC134698514",256.481067790421,-0.133436288169413,0.175392680743896,0.195915515709962,0.522060170282949
"gene-LOC134698515|LOC134698515",267.145789212008,-0.155447014467628,0.199279986736687,0.141353942049329,0.436730915483218
"gene-LOC134698516|LOC134698516",251.378175790434,-0.140004026027272,0.176717093183457,0.179557645480492,0.495837067141592
"gene-LOC134698517|LOC134698517",241.692908692424,-0.126011592415044,0.17181135565063,0.21573765339421,0.547895626005323
"gene-LOC134698519|LOC134698519",262.158710380436,-0.299118922719474,0.224334453301705,0.026942320624722,0.19760586462375
"gene-LOC134698520|LOC134698520",263.363751155151,-0.293139312718483,0.220752784140806,0.0279898689264483,0.201020651562221
"gene-LOC134698521|LOC134698521",256.206766526228,-0.294268253538373,0.216832845854606,0.0271900895965523,0.198702970791625
"gene-LOC134698522|LOC134698522",346.083625242831,-0.184463904852148,0.211800999667059,0.100653811835726,0.37294540033701
"gene-LOC134698523|LOC134698523",174.894664725766,-0.0926798050709464,0.164170554801063,0.334507400759193,0.667835364477281
"gene-LOC134698525|LOC134698525",250.761138702122,-0.135707313281359,0.175634117937329,0.189603425865077,0.513624629479392
"gene-LOC134698526|LOC134698526",213.282751213777,-0.111889111262651,0.164101673341382,0.263611948302299,0.599073326197881
"gene-LOC134698527|LOC134698527",113.958374194849,-0.233767926439132,0.269287448238414,0.0558295549607967,0.286160750479761
"gene-LOC134698528|LOC134698528",215.130391191855,-0.156932106070401,0.173397848856426,0.145431255800982,0.442570217279314
"gene-LOC134698851|LOC134698851",20.9493342230611,0.0614559821236647,0.149564434955567,0.516047620281155,0.78771406865905
"gene-LOC134698856|LOC134698856",9.90766738996805,-0.0271375327999657,0.179596491615133,0.608657499673527,0.841020502764934
"gene-LOC134698864|LOC134698864",14.23026515061,0.0190868263749827,0.141239817580811,0.836310748269282,0.946432919838704
"gene-LOC134698867|LOC134698867",13.8484045811279,-0.0525885176557732,0.156618865458041,0.561068901377363,0.816018967674286
"gene-LOC134698873|LOC134698873",9.65910970669359,-0.00919852964577034,0.174611965765113,0.878358882437965,0.96225707753286
"gene-LOC134698874|LOC134698874",81.7599683206087,0.6122546464916,0.196426325958194,0.000144704060846931,0.00969784021238205
"gene-LOC134698879|LOC134698879",13.9958705685991,0.126652993417042,0.177076623425813,0.21515199696929,0.546598325517806
"gene-LOC134698888|LOC134698888",11.7577947730073,0.00442474010674584,0.159519423416127,0.958372322222175,0.986765553736196
"gene-LOC134698897|LOC134698897",10.1023493610613,-0.0258757742422896,0.186745693544854,0.331423420046601,0.666256660814621
"gene-LOC134698907|LOC134698907",68.715184249367,0.225007197079241,0.106045072780303,0.0126661380021852,0.133759539234353
"gene-LOC134698911|LOC134698911",17.1066449033898,-0.0813260899916229,0.161729134228054,0.390388962126354,0.712917943948889
"gene-LOC134698922|LOC134698922",9.39459512262788,0.926275185890011,0.554421824983775,0.00305813917762535,0.0572374108971868
"gene-LOC134698924|LOC134698924",19.1959501059695,0.0094160973124411,0.170398964512728,0.892868704028168,0.96692218063611
"gene-LOC134698944|LOC134698944",31.9125580994069,0.0846697366898439,0.130749483228756,0.380461479381255,0.704597669686427
"gene-LOC134698970|LOC134698970",8.22996321946127,-0.0484485816563975,0.176420863276163,0.500748229304332,NA
"gene-LOC134698975|LOC134698975",14.0177255816855,-0.102663368186232,0.196898424880973,0.220197717906897,0.553564782076853
"gene-LOC134698995|LOC134698995",16.0651313576622,-0.117940052759042,0.225820387945724,0.085816064963179,0.348363479737245
"gene-LOC134699002|LOC134699002",108.172121078944,0.0923044342726009,0.108360433918835,0.299961309363773,0.635601219493183
"gene-LOC134699004|LOC134699004",11.340537582779,-0.0727849143204228,0.183020901127238,0.344658753084572,0.676784523798218
"gene-LOC134699005|LOC134699005",9.85694140486502,-0.145127491352796,0.236624156469701,0.0963636176185271,0.366011369259346
"gene-LOC134699043|LOC134699043",5.52447743142021,-0.119299501131692,0.238848025442105,0.022923286808263,NA
"gene-LOC134699083|LOC134699083",63.8124596152911,-0.0500405632709132,0.151043923472508,0.587918791658303,0.827356558804305
"gene-LOC134699092|LOC134699092",42.284693598853,-0.16498755098905,0.144024315646152,0.113745544051808,0.388789187817004
"gene-LOC134699095|LOC134699095",30.6226143650954,0.0753944653638391,0.147193995732953,0.436997656870028,0.745580678761664
"gene-LOC134699099|LOC134699099",17.5566540221055,0.0357655817175229,0.167318722788515,0.650921628847985,0.865683098526162
"gene-LOC134699101|LOC134699101",17.0875076834631,-0.0240207675786404,0.168160641574767,0.746686108150174,0.908405854766401
"gene-LOC134699104|LOC134699104",65.728193469261,-0.0532796576533466,0.118249729775156,0.561474291682015,0.816445993717984
"gene-LOC134699108|LOC134699108",37.7300371132322,0.157221911523636,0.160174491957479,0.143229071033941,0.439333236631996
"gene-LOC134699110|LOC134699110",29.8359370987974,0.032154616225048,0.184545400869477,0.462620840525562,0.761580199771773
"gene-LOC134699112|LOC134699112",55.2431877439505,0.00137180663249092,0.15737511700001,0.988540354934294,0.994529637841419
"gene-LOC134699204|LOC134699204",308.252976046233,-0.15992871577524,0.161928256318335,0.135731924551542,0.4264025707202
"gene-LOC134699205|LOC134699205",273.250137112692,-0.222111003372879,0.207534609658696,0.0651075907999232,0.307001835508482
"gene-LOC134699212|LOC134699212",13.6198061665342,-0.555707776276374,0.261948375373118,0.00238640850292598,0.0485524448617587
"gene-LOC134699214|LOC134699214",21.7283533727957,-0.0567351052615124,0.188348429739159,0.315941921797066,0.652428554369739
"gene-LOC134699220|LOC134699220",18.1609961554147,0.0510288841433516,0.186156496226567,0.367882652053011,0.696298235448353
"gene-LOC134699244|LOC134699244",16.5901345990536,-0.0575128363139433,0.19301813168716,0.206923539121027,0.537280316295763
"gene-LOC134699268|LOC134699268",74.5680046118909,0.678155456764325,0.245052491797202,0.000367869901271469,0.0157129927420281
"gene-LOC134699274|LOC134699274",9.75299626743112,-0.00955299036886469,0.178635712393469,0.849246711951283,0.949567149848377
"gene-LOC134699282|LOC134699282",3324.93698077685,0.056153706825737,0.18548332838312,0.372022156877494,0.698972219840205
"gene-LOC134699300|LOC134699300",87.4253853009403,0.129977512193275,0.134689120953155,0.192786188098915,0.517307243892165
"gene-LOC134699302|LOC134699302",6.68879866445772,-0.0669181765016734,0.199991302861891,0.0841875280612548,NA
"gene-LOC134699308|LOC134699308",17.4675656245113,0.0969314390729151,0.159425776769645,0.326693822856311,0.663193908321984
"gene-LOC134699309|LOC134699309",12.1672905281136,0.0935422606616345,0.191625498008375,0.255635773415991,0.591061629955809
"gene-LOC134699312|LOC134699312",19.3657552936589,0.030219982647394,0.169594404480633,0.685292818070451,0.881738598006672
"gene-LOC134699321|LOC134699321",125.595159336071,-0.027530307480617,0.123769742441781,0.765388616808577,0.915885611020874
"gene-LOC134699356|LOC134699356",22.6172190651184,-0.0484783925326655,0.185051252804257,0.399890482457322,0.718347290670998
"gene-LOC134699383|LOC134699383",9.71542520753474,-0.0555686917595987,0.191021456602421,0.255211291576491,0.590828295934927
"gene-LOC134699386|LOC134699386",8.4677175218973,-0.00742197498755659,0.162373788953532,0.924531202752615,0.97724687480537
"gene-LOC134699393|LOC134699393",11.6437826419771,0.0234518450852046,0.179862690392452,0.655009603143499,0.867334287483693
"gene-LOC134699404|LOC134699404",16.7161252517339,-0.0155225080442541,0.182128357958361,0.700834310467524,0.888441942531616
"gene-LOC134699405|LOC134699405",17.4793989475561,0.0203941016773563,0.180498399474557,0.678743612883896,0.87848174825105
"gene-LOC134699410|LOC134699410",8.67673083979181,0.0526620821565108,0.182581937020199,0.419623537828853,0.732745798363579
"gene-LOC134699412|LOC134699412",1172.87005246218,0.0600270579377185,0.118928444394075,0.516296474159357,0.787929261859579
"gene-LOC134699419|LOC134699419",31.317011775623,-0.314377929822257,0.310837877976026,0.0293062273656104,0.205238847517695
"gene-LOC134699437|LOC134699437",78.9381845099284,-0.464171020168173,0.226514204726683,0.003532918799707,0.0610304237282286
"gene-LOC134699447|LOC134699447",2269.54464414617,0.001517587876014,0.166256526264616,0.976683771641021,0.991980289222603
"gene-LOC134699471|LOC134699471",22.1255056518897,0.296117857238918,0.231498217670373,0.0305736716714477,0.211081756643366
"gene-LOC134699473|LOC134699473",8.00605279557178,0.0819196452211449,0.201887951468807,0.159778235515535,NA
"gene-LOC134699479|LOC134699479",15.9981230091184,0.147412097742817,0.194670755400114,0.160172158769846,0.465611639557216
"gene-LOC134699486|LOC134699486",343.707778208824,0.350933195549693,0.224133878602709,0.0146907238034587,0.144220458414689
"gene-LOC134699489|LOC134699489",8.52182128579964,0.0825401316291676,0.20281632438485,0.148927768674143,0.447291411857814
"gene-LOC134699723|LOC134699723",24.493955112627,-0.00988542857413467,0.184730120757036,0.682335482182129,0.880440491024719
"gene-LOC134699725|LOC134699725",14.0431432701361,0.00945110971712035,0.149542776498172,0.916303069400629,0.974043098561236
"gene-LOC134699733|LOC134699733",9.66508061452958,0.0200964183020536,0.180672680110075,0.678708672716985,0.87848174825105
"gene-LOC134699734|LOC134699734",150.000409282256,0.0308537378809413,0.14472442184452,0.739543240217952,0.905553030436198
"gene-LOC134699739|LOC134699739",78.5275768181563,0.116507318045955,0.0987354285305047,0.165964583844134,0.474630117618464
"gene-LOC134699781|LOC134699781",122.653081902611,0.0472001368742415,0.183098501728287,0.434053139909719,0.742812589948592
"gene-LOC134699784|LOC134699784",31.6648556518985,-0.0728763091219418,0.142698824859541,0.449995557179263,0.754536884481202
"gene-LOC134699802|LOC134699802",9.22405666766509,0.0674424594381547,0.161357769961062,0.462898700060166,0.761580199771773
"gene-LOC134699805|LOC134699805",18.3726845684795,0.0119263875893593,0.151138173877846,0.893750459169031,0.967145830285884
"gene-LOC134699824|LOC134699824",46.1603107309235,0.0689630274525328,0.160264527733166,0.456467018310071,0.759023854372562
"gene-LOC134699843|LOC134699843",44.4235997585333,0.0388421507259239,0.152959865268896,0.667408740997074,0.873924963112698
"gene-LOC134699854|LOC134699854",56.0462221742353,-0.0445656097036178,0.154432599403002,0.62006968253601,0.849716503047471
"gene-LOC134699862|LOC134699862",9.13324785093362,0.0768279220484741,0.16736938751196,0.401029069330764,0.719507816848907
"gene-LOC134699897|LOC134699897",28.3963496084472,-0.0681934203315994,0.160182738317767,0.46127371295769,0.760652977325952
"gene-LOC134699929|LOC134699929",51.2810853473898,0.182834750913772,0.207535910761487,0.107988747607038,0.381019677617619
"gene-LOC134699934|LOC134699934",7.29610179914498,0.0167962192356903,0.173993445843193,0.792896201687292,NA
"gene-LOC134699977|LOC134699977",2170.38701341664,0.0405021179710751,0.0767464022874652,0.564005992514804,0.817009237008096
"gene-LOC134699991|LOC134699991",23.6834708969208,0.189113723179427,0.294396172510413,0.0482248203989926,0.265503197377263
"gene-LOC134699998|LOC134699998",14.7683825475844,0.101092179158852,0.183047023508956,0.272177623698209,0.607389356398324
"gene-LOC134700101|LOC134700101",12.9876674787934,0.143055323909548,0.222397765474368,0.128134056724081,0.41188665270623
"gene-LOC134700104|LOC134700104",10.5595634694532,0.00784683929774165,0.183919234026584,0.784707011763339,0.924883010153207
"gene-LOC134700108|LOC134700108",6.87364708558969,0.0493836256612038,0.190154662262801,0.259779007340548,NA
"gene-LOC134700112|LOC134700112",100.531850914525,0.024490763217859,0.185158383572234,0.475184071436031,0.765853785338503
"gene-LOC134700133|LOC134700133",36.475293578937,0.0187883286239529,0.128508973671729,0.840916372989273,0.94707747408349
"gene-LOC134700135|LOC134700135",1137.16477188189,-0.0582567849030895,0.187007458891166,0.338686038296147,0.672198574134421
"gene-LOC134700147|LOC134700147",11.0662706114442,-0.0906114489252526,0.207848737992804,0.120862755731614,0.397291434682137
"gene-LOC134700154|LOC134700154",11.3442552471404,-0.00818734212157431,0.180748754570919,0.848655552006523,0.949567149848377
"gene-LOC134700168|LOC134700168",34.0717295874711,0.00917779413415109,0.157157251943407,0.914499862065475,0.973951058977618
"gene-LOC134700169|LOC134700169",92.1536316566197,0.121658758635516,0.173081068091803,0.232150661485719,0.569093467548897
"gene-LOC134700173|LOC134700173",467.470261031059,0.0607549106537777,0.159215748130357,0.508315857165256,0.783405169764461
"gene-LOC134700174|LOC134700174",7.50959897720867,-0.0373167177989344,0.186860586003611,0.353296410892923,NA
"gene-LOC134700175|LOC134700175",12.1110028227287,0.0166131543813913,0.18112576117938,0.714380903764117,0.895621835220216
"gene-LOC134700188|LOC134700188",11.2227026636075,0.0092543939732017,0.181643874128302,0.820490793405459,0.939909779647659
"gene-LOC134700196|LOC134700196",79.0211850897706,-0.0791227220043661,0.200512615993938,0.16414136095695,0.47052138949355
"gene-LOC134700197|LOC134700197",9.48015953633523,-0.056065803220024,0.183768317114565,0.38877334045047,0.710966569516834
"gene-LOC134700206|LOC134700206",14.0172534451349,-0.0455362068342639,0.166200135593788,0.581129738336575,0.823229559505497
"gene-LOC134700226|LOC134700226",111.017220734291,-0.064977302934017,0.0984709150333418,0.437196757095937,0.745617441420359
"gene-LOC134700238|LOC134700238",13.8062046496795,0.28917099549337,0.280721910202782,0.0369180489571583,0.233271138040976
"gene-LOC134700257|LOC134700257",29.2138381683913,-0.0486915560448435,0.127727113891024,0.603692313680535,0.837509762578744
"gene-LOC134700258|LOC134700258",34.7041120380396,0.109510678545075,0.15995351167444,0.272974682169253,0.60812259163038
"gene-LOC134700282|LOC134700282",19.7037521591367,-0.0625106157835115,0.150605055983678,0.506772433820348,0.782343916562848
"gene-LOC134700318|LOC134700318",21.0880711349026,-0.181245561581963,0.176936905923121,0.106046929170908,0.379940634494197
"gene-LOC134700319|LOC134700319",31.4693456071745,-0.76636457393368,0.304443604554553,0.000595065406070306,0.0213195092832366
"gene-LOC134700326|LOC134700326",8.62804297053946,-0.0361052786017102,0.187656634119248,0.306063044846052,0.641679548544202
"gene-LOC134700327|LOC134700327",81.6195964308762,1.16627688654849,0.344870550123838,3.56841816544723e-05,0.00367094736344036
"gene-LOC134700347|LOC134700347",12.2717513773872,0.0351385208933943,0.154020062266982,0.693548432700318,0.885257856795296
"gene-LOC134700354|LOC134700354",15.5601257178344,0.0213457733206811,0.149845977278785,0.812876116687475,0.935736352448435
"gene-LOC134700360|LOC134700360",20.7098186067192,0.108278493186972,0.182968918515385,0.255031381044213,0.590735369681267
"gene-LOC134700361|LOC134700361",47.5525782493126,0.051170243546706,0.191550737661313,0.218627730615759,0.55176392738795
"gene-LOC134700367|LOC134700367",71.2444928543397,0.160709823513824,0.225260210664556,0.117105633936231,0.393182437900634
"gene-LOC134700375|LOC134700375",15.7660027590943,-0.127752832322703,0.206070485857876,0.168466424019611,0.479531863226515
"gene-LOC134700380|LOC134700380",37.3347935985799,-0.0214029879905964,0.139530558233579,0.816359442364643,0.937860797680614
"gene-LOC134700384|LOC134700384",27.5002169744123,0.221274243044675,0.214117970072002,0.069258498554532,0.316758968968254
"gene-LOC134700386|LOC134700386",34.2038330981029,0.0539796022270826,0.137085248876255,0.5696950473999,0.817977713034965
"gene-LOC134700388|LOC134700388",21.9646061590878,0.703164447826369,1.21837124861728,0.00810796966970139,0.102280847094126
"gene-LOC134700391|LOC134700391",13.1780839020025,-0.201065846459104,0.290325805749833,0.0548696878969794,0.283373135477274
"gene-LOC134700393|LOC134700393",9.42835046147174,-0.0613897827646321,0.168321485650961,0.473099240318433,0.765376164698452
"gene-LOC134700395|LOC134700395",17.077857869192,0.0553320695844949,0.154391671695395,0.549625540983888,0.809857767066031
"gene-LOC134700396|LOC134700396",22.0576845134087,-0.0133215344097163,0.178696209069834,0.793687106832175,0.928128502770126
"gene-LOC134700398|LOC134700398",112.299092425554,0.0597010064265164,0.079336824020248,0.405600832839592,0.724003575020308
"gene-LOC134700405|LOC134700405",16.5885818709493,-0.0226456385189991,0.18027074090008,0.653187363227588,0.866527353170768
"gene-LOC134700433|LOC134700433",10.5386324448225,-0.0535907204131045,0.192284898354308,0.20323991246701,0.532926418050087
"gene-LOC134700434|LOC134700434",23.3145470143785,-0.0678065613181876,0.193879409307434,0.230466832424898,0.566777691593083
"gene-LOC134700441|LOC134700441",19.9667585009232,0.182422368372251,0.212462065331803,0.106613121239526,0.379940634494197
"gene-LOC134700442|LOC134700442",13.7480991455717,0.0415506550730022,0.18174336025809,0.480978210526632,0.768554987899042
"gene-LOC134700451|LOC134700451",16.7181731051734,0.0165593101556911,0.152495604701194,0.851305787081978,0.949738425056785
"gene-LOC134700455|LOC134700455",19.2610723605067,0.0468555130482735,0.178542166759699,0.493016665548636,0.774573827740855
"gene-LOC134700466|LOC134700466",11.3703432658708,-0.00862442526206015,0.180582644217917,0.843653714696097,0.94769256508719
"gene-LOC134700471|LOC134700471",206.495949726551,0.0265880308504264,0.0816081397790423,0.717675567464156,0.897160554132699
"gene-LOC134700521|LOC134700521",24.116630557329,0.190900067983719,0.193904426100592,0.0975492050644456,0.367646746022038
"gene-LOC134700525|LOC134700525",13.6244811768502,-0.14303268961422,0.228290712324708,0.112888921476145,0.387866075345669
"gene-LOC134700535|LOC134700535",8.31735923453248,0.0550259608789993,0.189532899716578,0.29281765295907,0.628360269236454
"gene-LOC134700578|LOC134700578",25.2442289552208,-0.0912301466340705,0.211464876485255,0.0814103024569384,0.341649717113286
"gene-LOC134700604|LOC134700604",17.1856675788185,0.0628085023555789,0.187916312698817,0.323338044154507,0.659129521212537
"gene-LOC134700605|LOC134700605",8.32385456755008,-0.0949192370538499,0.215178596800139,0.0623228488932493,0.299674844184525
"gene-LOC134700607|LOC134700607",7.859441379592,0.00811510597991569,0.178189084326237,0.876487308830603,NA
"gene-LOC134700608|LOC134700608",18.0076622002208,-0.943132183200738,0.425704790683265,0.00100165808816222,0.030083479471047
"gene-LOC134700613|LOC134700613",28.8177267437628,-0.173526224401592,0.155243752208112,0.10829639248825,0.381019677617619
"gene-LOC134700619|LOC134700619",428.440924249471,0.366513193998267,0.102299675264067,6.38713569192495e-05,0.00575946161652097
"gene-LOC134700620|LOC134700620",43.9071448040387,-0.0280790551313272,0.183671574912011,0.513060559719447,0.785946797019892
"gene-LOC134700846|LOC134700846",13.0228327844261,-0.0142990915288758,0.151770921954153,0.870065103006161,0.958226102587002
"gene-LOC134700857|LOC134700857",14.5666503128813,0.0803015398376468,0.197097395036653,0.215960497374392,0.548080428360861
"gene-LOC134700905|LOC134700905",55.5494493168617,0.206955450012517,0.164232878396572,0.0677758068109288,0.313114796297928
"gene-LOC134700906|LOC134700906",11.526875328315,-0.00793440071956275,0.150005099211666,0.928311413543264,0.978198919183154
"gene-LOC134700935|LOC134700935",8.58368765150167,0.0228914855399483,0.183527292008479,0.566878677388491,0.817307907549455
"gene-LOC134700975|LOC134700975",7.42645338512527,-0.0146157807220325,0.175737570702243,0.804806839566106,NA
"gene-LOC134700981|LOC134700981",795.064021056277,0.0671470066628206,0.140997650799507,0.487943656141977,0.772468189224533
"gene-LOC134700984|LOC134700984",771.383708107154,-0.136792386840136,0.123494364146984,0.155063505520374,0.457055627248107
"gene-LOC134700994|LOC134700994",64.0997796780761,0.273924900419146,0.122667172288004,0.00690001880361558,0.0936760917130264
"gene-LOC134701007|LOC134701007",14.4292838789403,0.114534167183971,0.166035178997956,0.256708822162357,0.591805350247473
"gene-LOC134701012|LOC134701012",14.0833979308445,0.112786685961859,0.223105831092249,0.0871246771613671,0.349569562473548
"gene-LOC134701023|LOC134701023",7.55700673155695,0.0089067420641786,0.183684494617871,0.773524084023405,NA
"gene-LOC134701057|LOC134701057",7.18464256313465,0.0413553724173651,0.187389982880302,0.337066716665055,NA
"gene-LOC134701061|LOC134701061",8.89528326827781,0.0323610188655875,0.175404373706043,0.626934411651977,0.852274214144405
"gene-LOC134701076|LOC134701076",32.0851373169717,0.165965411900125,0.283340022276104,0.0350669773779512,0.226462601917379
"gene-LOC134701106|LOC134701106",10.664490466762,0.0779215076003588,0.186909398927615,0.308353663297318,0.643857963614526
"gene-LOC134701110|LOC134701110",17.7827537330393,0.00335278111793242,0.155758658333187,0.969483379282835,0.990571682794176
"gene-LOC134701111|LOC134701111",28.4639392774305,-0.294757211183639,0.251843240827989,0.0328635095435173,0.218641811099529
"gene-LOC134701112|LOC134701112",40.004509403519,0.0362223611959725,0.120775948684426,0.695424481061613,0.885429430712772
"gene-LOC134701114|LOC134701114",1306.8921378935,-0.0463771945073341,0.101572548455883,0.584800951959152,0.825370057093644
"gene-LOC134701132|LOC134701132",25.4421432435382,-0.0139382639176161,0.180457651419373,0.760763038129245,0.914365980545461
"gene-LOC134701141|LOC134701141",51.9219103122513,-0.341158960296477,0.344015167354318,0.0240179826840013,0.185049942535807
"gene-LOC134701144|LOC134701144",1684.65338479715,0.0381656639781082,0.188060022717738,0.302417254602279,0.638213125574991
"gene-LOC134701246|LOC134701246",136.889334432755,0.341755369007108,0.189003101562622,0.0107168872715456,0.120360399672071
"gene-LOC134701277|LOC134701277",9.39389974667431,0.0141479771283076,0.184065667717083,0.652715129949733,0.866333147220216
"gene-LOC134701330|LOC134701330",13.4658640610296,1.07609749862276,0.435093220115015,0.000595633503604849,0.0213195092832366
"gene-LOC134701346|LOC134701346",25.0752196941943,-0.0245959727091797,0.159509783058178,0.767866089280487,0.916720156277326
"gene-LOC134701352|LOC134701352",29.0369928960465,0.0563319121621468,0.154077390138409,0.542524877063717,0.804099371362294
"gene-LOC134701362|LOC134701362",22.6748385751078,0.251765812619342,0.183447109155095,0.0398973854913578,0.24436032026868
"gene-LOC134701363|LOC134701363",160.440027696867,0.139836833554887,0.13213779888948,0.160409590916087,0.465611639557216
"gene-LOC134701368|LOC134701368",45.8481679168998,0.016798928197731,0.162214569142452,0.836114488916755,0.946432919838704
"gene-LOC134701372|LOC134701372",36.3805993767681,-0.0558055374972033,0.109472574205039,0.529703922024806,0.796737530162518
"gene-LOC134701373|LOC134701373",27.7792201696108,0.113584282380637,0.163478311570035,0.26186502895858,0.597706928597959
"gene-LOC134701377|LOC134701377",58.4837104351993,0.0553983204541535,0.170924768942033,0.499634538666893,0.777648072835171
"gene-LOC134701378|LOC134701378",20.6784415095625,-0.104533651634702,0.198674763503847,0.209559104677034,0.540454408457196
"gene-LOC134701379|LOC134701379",17.5484427862914,0.0451267383734502,0.163680896075712,0.5951395946499,0.832261075880311
"gene-LOC134701381|LOC134701381",235.117166011357,-0.0466336469498998,0.178262489650388,0.492980833243849,0.774573827740855
"gene-LOC134701386|LOC134701386",8.11369270008619,0.0206251654599937,0.17464978114262,0.746548402057006,NA
"gene-LOC134701401|LOC134701401",8.82194512668705,0.00830746395581616,0.167327434772649,0.910872839948366,0.973810014537272
"gene-LOC134701417|LOC134701417",10.2586715330849,-0.00642471122255685,0.168849558086455,0.926793028090506,0.978198919183154
"gene-LOC134701439|LOC134701439",9.89211176163516,-0.00682693957332817,0.182948367142903,0.837593674916913,0.947025418203271
"gene-LOC134701440|LOC134701440",12.6791693838194,0.104077939782694,0.176414784858346,0.278919682044992,0.614734266040019
"gene-LOC134701442|LOC134701442",496.022084030179,0.0873740909096005,0.140848789251346,0.370566164431982,0.698232694300389
"gene-LOC134701444|LOC134701444",41.5273022637415,0.254639472868498,0.209792443092741,0.0454588567866391,0.259399601538759
"gene-LOC134701451|LOC134701451",142.341076517015,0.0144920127988727,0.185128642181625,0.569211271473393,0.817946493625246
"gene-LOC134701473|LOC134701473",43.5243404787343,0.0196746663246507,0.151928479846388,0.824420142258538,0.941539895714397
"gene-LOC134701481|LOC134701481",9.9824365547028,0.054946791577577,0.181809990243442,0.419130781792481,0.732373214312395
"gene-LOC134701485|LOC134701485",18.6306797285333,0.812190894646561,0.290734848205602,0.000294415802977984,0.0139637209412415
"gene-LOC134701488|LOC134701488",551.382527841183,0.0936358580017334,0.208390991957752,0.132548176145515,0.42050557227088
"gene-LOC134701490|LOC134701490",13.273739276595,0.0441100486857064,0.177244189377219,0.523914102921769,0.793749970491724
"gene-LOC134701505|LOC134701505",246.597255413205,-0.0296431458597292,0.185027690294313,0.44763359682971,0.753070183925988
"gene-LOC134701515|LOC134701515",80.912196622815,0.0376764143205956,0.12858956066573,0.68832609130958,0.882952892680922
"gene-LOC134701527|LOC134701527",15.587304459753,0.170699313949912,0.229603582884188,0.10621147302133,0.379940634494197
"gene-LOC134701530|LOC134701530",44.5869662474848,0.224442192247377,0.203968960158931,0.0646559099249776,0.306057528251482
"gene-LOC134701538|LOC134701538",47.1357477424007,-0.199257499004918,0.256910189892893,0.0729620023841813,0.324515865312662
"gene-LOC134701540|LOC134701540",13.4904578960368,-0.0399536862466889,0.181233455110686,0.494433830649485,0.775432519915755
"gene-LOC134701575|LOC134701575",80.154718870132,0.0241497489454612,0.0939290338151109,0.766452636766667,0.916399124613944
"gene-LOC134701576|LOC134701576",44.6512665589543,-0.215046138170592,0.132501266701017,0.0372384595153152,0.234676193528785
"gene-LOC134701577|LOC134701577",17.0635455938052,0.0261532246702192,0.16737327768153,0.732229361627297,0.903273683937758
"gene-LOC134701584|LOC134701584",25.6661964173153,-0.00194136800002682,0.141935494348472,0.982320286590659,0.992925975518212
"gene-LOC134701585|LOC134701585",15.9722223800583,0.0631702950160039,0.193763815491736,0.221131706312508,0.555032983816687
"gene-LOC134701589|LOC134701589",63.1422681532678,-0.0411778431304793,0.105389951700136,0.635890677387556,0.857369772409951
"gene-LOC134701597|LOC134701597",7.23362543593753,0.000387029103696127,0.181210391722015,0.994154236672218,NA
"gene-LOC134701603|LOC134701603",823.266648125331,0.0502229499117104,0.139540693531805,0.601617561053415,0.837152727364097
"gene-LOC134701626|LOC134701626",12.1232299072127,0.00777920805925851,0.161113431492383,0.924400574716875,0.97724687480537
"gene-LOC134701632|LOC134701632",52.3076704986137,0.0369041894726782,0.133553783328015,0.694931732927276,0.885429430712772
"gene-LOC134701633|LOC134701633",23.2282639085914,-0.0327873495195623,0.138843234499857,0.725194786141364,0.900671561173723
"gene-LOC134701640|LOC134701640",7.60255502439052,-0.142232815454201,0.248763606120197,0.0595964565167526,NA
"gene-LOC134701676|LOC134701676",18.995293675992,0.0162242369722526,0.184406482219075,0.600794412848075,0.836325975117656
"gene-LOC134701690|LOC134701690",14.22004239398,0.0417302947916164,0.152432502678121,0.645567010701494,0.862830318168985
"gene-LOC134701691|LOC134701691",10.1012132403623,0.00707089345106885,0.183266946844149,0.830445028791195,0.943802358073119
"gene-LOC134701697|LOC134701697",12.0196226544817,-0.129092942212907,0.202868034560466,0.172367859188248,0.483602529346774
"gene-LOC134701699|LOC134701699",18.055261684431,-0.216431626845825,0.233754381308668,0.070602303467458,0.318911085050286
"gene-LOC134701706|LOC134701706",7.2245847498443,-0.0103278742349316,0.179755852471893,0.826128110129183,NA
"gene-LOC134701714|LOC134701714",162.138516409506,-0.0381586124409362,0.110278225942412,0.667260057685497,0.873886939453985
"gene-LOC134701723|LOC134701723",13.5014454259009,-0.253979675643693,0.311206224994223,0.0446206431562724,0.257026165310263
"gene-LOC134701726|LOC134701726",39.0374476584981,-0.173240839963589,0.260478421948573,0.0722021955308598,0.32273217503882
"gene-LOC134701730|LOC134701730",9.30476860729347,-0.0611234805072962,0.164363651955965,0.48797483914047,0.772468189224533
"gene-LOC134701759|LOC134701759",276.114860844149,-0.176990756420229,0.167795593763193,0.10753547018392,0.381019677617619
"gene-LOC134701760|LOC134701760",278.355304466471,-0.177660123917609,0.166596861841114,0.10588027237184,0.379940634494197
"gene-LOC134701761|LOC134701761",254.497645268185,-0.11118540684353,0.168262038599485,0.263405729159795,0.598795068773249
"gene-LOC134701771|LOC134701771",9.01998217845805,0.014196061887889,0.161654959772232,0.861386019787689,0.9535915016752
"gene-LOC134701799|LOC134701799",9.51734499040218,0.115443990600805,0.195741446818545,0.210544762060857,0.541281339806758
"gene-LOC134701822|LOC134701822",11.1575289294545,0.323528372927898,0.301636568797743,0.0284655322105016,0.202746969439582
"gene-LOC134701837|LOC134701837",7.79521113254367,0.0522709988442991,0.193419464852647,0.148879132099084,NA
"gene-LOC134701888|LOC134701888",13.0465867074135,-0.0279220277621254,0.164673523703073,0.72496384026967,0.900671561173723
"gene-LOC134701892|LOC134701892",9.62448908911575,0.0885461200196334,0.180931265535799,0.314253375938402,0.650781587143206
"gene-LOC134701894|LOC134701894",12.2171726077312,-0.0634208970694924,0.162291161513515,0.48252607957054,0.768733904638168
"gene-LOC134701902|LOC134701902",9.69951049484933,0.0816936132070158,0.197660496935389,0.211417736883295,0.54248519676859
"gene-LOC134701920|LOC134701920",35.4082659232474,0.152577329217718,0.155910220213266,0.150757752166504,0.450361808517032
"gene-LOC134701935|LOC134701935",10.4172456989812,0.0171246079259278,0.174310610635895,0.788142703243754,0.926070333115688
"gene-LOC134701937|LOC134701937",34.6129493558131,0.0653370502933815,0.158546611058051,0.480843658670029,0.768508114425798
"gene-LOC134701947|LOC134701947",24.260009832644,0.0719763422689086,0.155565667381713,0.447407261898655,0.753070183925988
"gene-LOC134701953|LOC134701953",21.182297630172,-0.00559630545705813,0.161899884688845,0.943115830378735,0.983371595301397
"gene-LOC134701960|LOC134701960",81.2862876676371,-0.0397281243056869,0.170154486741828,0.601213297496416,0.83674960459486
"gene-LOC134701961|LOC134701961",81.1989932024732,-0.040626170846524,0.170333608079285,0.593860433579877,0.831268035045501
"gene-LOC134701963|LOC134701963",12.7514435321485,-0.0382924714378155,0.147578476533641,0.675928696528366,0.876283847966487
"gene-LOC134701964|LOC134701964",116.414182777311,-0.0599769484857761,0.0966385491656705,0.467262138556037,0.762655343019731
"gene-LOC134701987|LOC134701987",158.733164471726,0.0133134026749132,0.142590856326387,0.885938745142479,0.964924331339366
"gene-LOC134702007|LOC134702007",13.7803037994159,0.0408389571819863,0.172897875179866,0.580859926504668,0.823123320182855
"gene-LOC134702042|LOC134702042",281.265700422077,-0.187308242473774,0.169117952480408,0.0931518488840913,0.359990002248361
"gene-LOC134702043|LOC134702043",279.941216522691,-0.178439962902246,0.16745316887423,0.105142251461429,0.379051828565783
"gene-LOC134702044|LOC134702044",276.631835141869,-0.258834233693255,0.206092608711704,0.0402756462477927,0.245144433494898
"gene-LOC134702059|LOC134702059",14.5178818889456,-0.181866180892115,0.183901316478398,0.107681627496555,0.381019677617619
"gene-LOC134702070|LOC134702070",13.1332604829403,-0.122746937572248,0.222900444469181,0.1119517469552,0.386800170180124
"gene-LOC134702108|LOC134702108",11.4175502593242,0.0260752529994139,0.178668946008335,0.646520915309949,0.862973093096467
"gene-LOC134702114|LOC134702114",9.02751104231003,0.0186466241021949,0.179477066173868,0.717703877025925,0.897160554132699
"gene-LOC134702117|LOC134702117",140.359573708365,0.00726884415151375,0.184134277245236,0.799448327291522,0.929028186366712
"gene-LOC134702120|LOC134702120",18.6740616262995,0.0149971458324968,0.179762325631355,0.761230519527445,0.914365980545461
"gene-LOC134702194|LOC134702194",276.335594082132,0.0925992762184912,0.102549852727432,0.282037335347902,0.617321155942786
"gene-LOC134702199|LOC134702199",12.7721424089031,-0.0971760774198473,0.21384018060246,0.0898150672862892,0.353715408244369
"gene-LOC134702200|LOC134702200",8.79463285873112,-0.104104598615901,0.188630211875484,0.248239850732639,0.585394060688682
"gene-LOC134702204|LOC134702204",9.90546323537843,0.0984911954049731,0.19671587025106,0.223014967482631,0.557470916133806
"gene-LOC134702206|LOC134702206",18.5931319038032,0.109294266907557,0.204701921726674,0.182932289724889,0.503063796743444
"gene-LOC134702209|LOC134702209",277.069034608147,-0.181254998711007,0.166447959718544,0.100383849864869,0.372562824904982
"gene-LOC134702210|LOC134702210",279.195693108965,-0.177561580478025,0.165214144255548,0.106304068131841,0.379940634494197
"gene-LOC134702211|LOC134702211",253.595842130888,-0.129179633402621,0.173283290628838,0.207124763117786,0.537420699755704
"gene-LOC134702376|LOC134702376",167.769816720602,-0.22540329222429,0.223700451337854,0.0644115048991146,0.305149533709109
"gene-LOC134702378|LOC134702378",247.53285498679,-0.185391207090661,0.16813037756076,0.0955325376501617,0.364490557265249
"gene-LOC134702379|LOC134702379",270.424559268813,-0.237695889547696,0.214827136000897,0.0548977254518541,0.283373135477274
"gene-LOC134702380|LOC134702380",23.12074082164,-0.0148864527825213,0.17969615880001,0.759567448780721,0.913937949082784
"gene-LOC134702398|LOC134702398",18.9836002067633,-0.0145732368277545,0.181290469029133,0.735332426820079,0.904191610246111
"gene-LOC134702413|LOC134702413",10.9349818431373,-0.0246266574346671,0.183544132060767,0.546330414894481,0.806629745378873
"gene-LOC134702420|LOC134702420",13.0074907039509,-0.5331238680014,0.334168425030182,0.00633305694532498,0.0884448335155902
"gene-LOC134702435|LOC134702435",22.0649163342925,0.0591740598819135,0.14556098185064,0.533305451911699,0.799520324458755
"gene-LOC134702437|LOC134702437",24.4210404608838,-0.157981887011628,0.23841361299989,0.0979993918797749,0.3683929790478
"gene-LOC134702452|LOC134702452",27.6196901993862,-0.304581879515813,0.35125354273558,0.0308282160905185,0.212002990564525
"gene-LOC134702454|LOC134702454",10.5411666918957,0.00517457813054664,0.171394293829163,0.939339362337214,0.982276445936544
"gene-LOC134702463|LOC134702463",18.6052049412775,-0.0222614054858417,0.17087137994601,0.751310027164528,0.910103639544865
"gene-LOC134702468|LOC134702468",8.42073047883094,0.057460331662999,0.173100502576029,0.474580289631974,0.765702327252471
"gene-LOC134702479|LOC134702479",41.5126010432827,-0.0394733565715483,0.170267666753565,0.60508453089584,0.838144777861411
"gene-LOC134702480|LOC134702480",62.2395361675262,0.0744962622062264,0.153881212000817,0.436602554556307,0.745080621140016
"gene-LOC134702484|LOC134702484",347.747605400244,-0.194119101102933,0.136426165656792,0.0604671971997476,0.295326685107531
"gene-LOC134702485|LOC134702485",260.017489411958,-0.304773701087832,0.225611815828299,0.0253294911277335,0.190959403828814
"gene-LOC134702598|LOC134702598",256.606301354638,-0.244104464774733,0.202452552368158,0.0483409779193271,0.265503197377263
"gene-LOC134702602|LOC134702602",280.026570838984,-0.173550962689979,0.164731974477266,0.111694591694746,0.386800170180124
"gene-LOC134702603|LOC134702603",272.248219674575,-0.191250991314119,0.166450968002341,0.0874109425573892,0.349629923371922
"gene-LOC134702604|LOC134702604",274.690548081576,-0.252697843891311,0.200273353372104,0.0422341275775688,0.251041720571021
"gene-LOC134702618|LOC134702618",268.891418310337,-0.178151995773812,0.170876311170565,0.106074244815079,0.379940634494197
"gene-LOC134702620|LOC134702620",284.806585377182,-0.172388063658795,0.169599064169144,0.115655309030438,0.390627865043395
"gene-LOC134702621|LOC134702621",275.71056842061,-0.248905336147441,0.199210441837733,0.0442145082626262,0.255694986817278
"gene-LOC134702625|LOC134702625",357.069468939771,-0.199781502275728,0.139608679772621,0.0557709720296539,0.286160750479761
"gene-LOC134702626|LOC134702626",331.60490189511,-0.198026018009117,0.133399690722519,0.0533598631363078,0.279584247021228
"gene-LOC134702627|LOC134702627",264.799275086782,-0.335301050465501,0.237566644610265,0.0191340884124845,0.165390984337025
"gene-LOC134702685|LOC134702685",282.496192415403,-0.19557686201196,0.183736455590602,0.0885207424673377,0.351579936368371
"gene-LOC134702695|LOC134702695",36.5727714871735,0.0269695382992481,0.181863253787297,0.580285392162372,0.822792030282288
"gene-LOC134702726|LOC134702726",270.58223356509,-0.220197980012263,0.208533506671449,0.0684256482043288,0.314240085843769
"gene-LOC134702727|LOC134702727",238.102149859712,-0.226014350956325,0.214703378807781,0.063108907968523,0.301864743812765
"gene-LOC134702730|LOC134702730",278.488897654599,-0.176084867001133,0.165266409501082,0.108006122660102,0.381019677617619
"gene-LOC134702731|LOC134702731",226.082494408186,-0.181645337699837,0.169464830952163,0.100742233689064,0.37294540033701
"gene-LOC134702732|LOC134702732",27.7454304229834,-0.0627879572085687,0.181623246188872,0.389156607417727,0.711311276421191
"gene-LOC134702735|LOC134702735",265.221136457686,-0.11353979650103,0.168590639206521,0.255594692249986,0.591061629955809
"gene-LOC134702737|LOC134702737",309.891690641314,-0.166093151927644,0.163683522375321,0.124627441691419,0.405108515404595
"gene-LOC134702738|LOC134702738",308.202362246593,-0.18026642196502,0.168806299468597,0.104409984943235,0.377343161813652
"gene-LOC134702739|LOC134702739",261.991288890186,-0.117850506134867,0.173263738124943,0.239506127934605,0.576773082240143
"gene-LOC134702745|LOC134702745",307.22285656889,-0.182085295421415,0.170393486277982,0.0999563419036919,0.371731731804769
"gene-LOC134702746|LOC134702746",264.484014482372,-0.104667405384326,0.166186458081077,0.287637314610567,0.622556249870652
"gene-LOC134702747|LOC134702747",62.510118601135,0.0732335251301669,0.152972731327844,0.444542880115581,0.750044166404297
"gene-LOC134702756|LOC134702756",274.589354390369,-0.161209979048804,0.163835921916931,0.133886192124674,0.422603607294132
"gene-LOC134702757|LOC134702757",305.868504154228,-0.147227122310587,0.13608983006147,0.143445636626641,0.439667196777584
"gene-LOC134702758|LOC134702758",213.725801680022,-0.136581850854555,0.182873375639102,0.185716549837191,0.508042576783087
"gene-LOC134702760|LOC134702760",255.808607534004,-0.136117786144263,0.17734593979328,0.189594493415359,0.513624629479392
"gene-LOC134702762|LOC134702762",274.138738339132,-0.161053857905433,0.160626205670385,0.133702345573471,0.422388378922419
"gene-LOC134702764|LOC134702764",252.592354225694,-0.137003548181404,0.177820956181197,0.186782100482081,0.509413315195933
"gene-LOC134702775|LOC134702775",353.410455463111,-0.192924014466827,0.132584611500064,0.0584643391874733,0.291128312721651
"gene-LOC134702776|LOC134702776",355.011916019555,-0.203289957097319,0.130717968548383,0.0457475546973853,0.259829035388571
"gene-LOC134702777|LOC134702777",181.557914839372,-0.398411403414406,0.257041863785886,0.0108897593801935,0.120696210186545
"gene-LOC134702848|LOC134702848",279.442424372488,-0.254597915034828,0.202259204452743,0.0417020554685434,0.249589982268791
"gene-LOC134702849|LOC134702849",276.493135456832,-0.247703154147019,0.198886248301222,0.0448811165266612,0.257916345484448
"gene-LOC134702852|LOC134702852",307.512434866944,-0.171721829266146,0.167822130623946,0.11578132308339,0.39073973939958
"gene-LOC134702853|LOC134702853",306.223880342167,-0.173382451300729,0.163460473564383,0.111894786464493,0.386800170180124
"gene-LOC134702855|LOC134702855",249.674338122947,-0.124226645385205,0.172264783614866,0.221460478653991,0.555476420360147
"gene-LOC134702872|LOC134702872",263.012625045788,-0.124097089333308,0.173604773603534,0.221057193877551,0.555032983816687
"gene-LOC134702873|LOC134702873",262.683973773297,-0.116837199891514,0.17103113940997,0.24387253893018,0.582591373058225
"gene-LOC134702877|LOC134702877",310.071657486556,-0.192970518760658,0.172555008610406,0.0862874425767095,0.349272301036212
"gene-LOC134702878|LOC134702878",267.768033333329,-0.149975795443409,0.163112691802088,0.158079106886127,0.462558605002208
"gene-LOC134702900|LOC134702900",312.825230460392,-0.194150762946987,0.181806550341926,0.0892658517633142,0.35262183952366
"gene-LOC134702901|LOC134702901",311.358169234086,-0.169978546242613,0.167249756213667,0.118662004604371,0.394384809382699
"gene-LOC134702902|LOC134702902",261.770897971724,-0.121091429042875,0.173728346857691,0.230098883004353,0.56625412448241
"gene-LOC134702958|LOC134702958",284.184361324075,-0.173166776268983,0.181519250711484,0.117136498476421,0.393182437900634
"gene-LOC134702961|LOC134702961",283.018966089868,-0.19069058886885,0.168207861281346,0.0880418511074449,0.350822520724919
"gene-LOC134702962|LOC134702962",278.571845232675,-0.1791605330185,0.166922714164185,0.103688467780079,0.376538829798529
"gene-LOC134702963|LOC134702963",256.671655068986,-0.258803075750587,0.209311364263349,0.0409150556584549,0.247797318846894
"gene-LOC134702965|LOC134702965",268.655531051318,-0.242240258799406,0.212159702302451,0.051514372494873,0.274191739876795
"gene-LOC134702967|LOC134702967",277.958224623779,-0.177604634416171,0.172361915695659,0.109064340691359,0.382065201155725
"gene-LOC134702968|LOC134702968",269.366810168343,-0.231091370411033,0.21269409721092,0.0591930685055254,0.292125792138079
"gene-LOC134702971|LOC134702971",279.715785938154,-0.180765520115563,0.17270444693806,0.103631714315629,0.376538829798529
"gene-LOC134702972|LOC134702972",220.757704061688,-0.115729094219136,0.176606967486942,0.249758282682853,0.587263367770376
"gene-LOC134703004|LOC134703004",207.023715883886,-0.200550855307685,0.177113970745672,0.0791919310765374,0.337663668758336
"gene-LOC134703005|LOC134703005",224.594200875339,-0.114483572681223,0.169071529940481,0.251497644124189,0.588951199962512
"gene-LOC134703027|LOC134703027",347.758803228433,-0.201602229403319,0.132216983413179,0.0485511084392978,0.265830057001972
"gene-LOC134703028|LOC134703028",260.008908432441,-0.306714787159208,0.223251818474708,0.0241069420922858,0.1853443210969
"gene-LOC134703079|LOC134703079",209.967363801444,-0.149079898158254,0.191860450382271,0.156316215961949,0.459820234146628
"gene-LOC134703081|LOC134703081",277.013082776647,-0.172851319659154,0.163197128054462,0.113109904228679,0.387866075345669
"gene-LOC134703082|LOC134703082",274.94150896355,-0.172392007603373,0.166023544642627,0.114379808224147,0.389184591564389
"gene-LOC134703083|LOC134703083",255.259392332697,-0.131949343332022,0.174716548568185,0.199706381188088,0.527924505319506
"gene-LOC134703086|LOC134703086",348.458929450373,-0.178807908424192,0.134732885533788,0.0794824638412866,0.338475893104253
"gene-LOC134703088|LOC134703088",270.447904195436,-0.299116851050078,0.221046526452223,0.0259177416314688,0.193226047219259
"gene-LOC134703091|LOC134703091",232.283558063422,-0.151846848107976,0.189244093404168,0.153607013166854,0.454299184661183
"gene-LOC134703093|LOC134703093",277.380918414609,-0.173896995003971,0.168017734380021,0.112921614607314,0.387866075345669
"gene-LOC134703094|LOC134703094",221.364108630612,-0.19130757259057,0.171699352457577,0.0882036610837718,0.351275649158053
"gene-LOC134703095|LOC134703095",252.0241732638,-0.142977251487344,0.17907188534476,0.172227480791635,0.483602529346774
"gene-LOC134703123|LOC134703123",279.134753323498,-0.187410876768548,0.167448060182602,0.0922480450410436,0.358584204885462
"gene-LOC134703124|LOC134703124",278.698676784836,-0.184921799172216,0.167362167379735,0.0956863936604769,0.364766920300691
"gene-LOC134703125|LOC134703125",266.968697760747,-0.225372053812813,0.205885269650333,0.062469915285568,0.300184382398545
"gene-LOC134703154|LOC134703154",346.546739576071,-0.206132862133194,0.135348377241828,0.0467332631596351,0.262569041629211
"gene-LOC134703155|LOC134703155",262.874510088085,-0.294355039481078,0.21823267974406,0.0274751666036594,0.198888619299433
"gene-LOC134703156|LOC134703156",258.502246664701,-0.296271384292834,0.225689477893497,0.0275366284588648,0.199136172538167
"gene-LOC134703206|LOC134703206",243.455207066315,-0.130173947159335,0.174299111539415,0.204012120859767,0.533896284758057
"gene-LOC134703209|LOC134703209",273.756149814278,-0.190041122131411,0.168689555343142,0.0892044962048518,0.352570151666795
"gene-LOC134703210|LOC134703210",253.624008330177,-0.12488204271484,0.174711615107246,0.218126759222916,0.551659838602426
"gene-LOC134703212|LOC134703212",262.986490442983,-0.1273907340974,0.17775323943146,0.210613577181107,0.541281339806758
"gene-LOC134703214|LOC134703214",313.383804687832,-0.171431935216822,0.168231242592151,0.116485575197632,0.391717606465701
"gene-LOC134703215|LOC134703215",309.079735329383,-0.170937751577092,0.163508082034502,0.113951446453104,0.388789187817004
"gene-LOC134703216|LOC134703216",263.811134422542,-0.108431632871019,0.167746220060938,0.273275472172421,0.60853781974005
"gene-LOC134703246|LOC134703246",196.709156718729,-0.263402391374374,0.214270789161537,0.0397785231962841,0.2441532213661
"gene-LOC134703249|LOC134703249",356.16552844578,-0.19588007290023,0.135564697711664,0.0576877101558383,0.290487007362255
"gene-LOC134703250|LOC134703250",321.496678469919,-0.199354241114478,0.136829669786575,0.0551647617441929,0.284349625814809
"gene-LOC134703251|LOC134703251",263.306802192905,-0.309398284555175,0.21976532246426,0.0229711039333927,0.18207744822855
"gene-LOC134703256|LOC134703256",282.894909354109,-0.196228524283834,0.175355206215128,0.0834905696166773,0.344723075455178
"gene-LOC134703257|LOC134703257",274.631707274751,-0.256692102224076,0.204095031152211,0.0410195632071626,0.248224432199765
"gene-LOC134703259|LOC134703259",308.829595203433,-0.177260971734035,0.169407132039219,0.107010778505125,0.380684331405839
"gene-LOC134703260|LOC134703260",261.873003168896,-0.114246230230286,0.170631865302489,0.252383598360016,0.589130303037539
"gene-LOC134703264|LOC134703264",306.624087447059,-0.187291153532174,0.166770802127065,0.0921051439143377,0.358545002438908
"gene-LOC134703265|LOC134703265",276.320793800181,-0.251376629654659,0.199278567454559,0.0431571276611207,0.253909395889724
"gene-LOC134703268|LOC134703268",305.090529244221,-0.174300545725264,0.1645061941011,0.110346881740532,0.384762012399225
"gene-LOC134703309|LOC134703309",308.350497561636,-0.174668305301189,0.16770852273796,0.111892770729364,0.386800170180124
"gene-LOC134703310|LOC134703310",240.086856512386,-0.13055905300378,0.17170073621792,0.203276697794023,0.532926418050087
"gene-LOC134703313|LOC134703313",262.698932735716,-0.11464197698557,0.170179332800034,0.251260101048032,0.588583636322907
"gene-LOC134703315|LOC134703315",307.867807181356,-0.154503110140545,0.160764129919004,0.14624255988038,0.442850604214883
"gene-LOC134703317|LOC134703317",263.679591629976,-0.125816937171716,0.174436876015341,0.215867005357632,0.548033579121358
"gene-LOC134703319|LOC134703319",242.364511375313,-0.278887249890337,0.204156094690688,0.0297427078825601,0.207231811144725
"gene-LOC134703321|LOC134703321",279.725495971254,-0.18398688061163,0.170465445049987,0.099799238663781,0.371525809989937
"gene-LOC134703322|LOC134703322",274.135958376422,-0.178542514149995,0.168852583732663,0.105416992566961,0.379488793178778
"gene-LOC134703323|LOC134703323",247.100216127801,-0.232930621429856,0.198466570433743,0.0552765637775241,0.284669615520526
"gene-LOC134703325|LOC134703325",307.578549288,-0.169266793166913,0.16718791434335,0.119899526972301,0.395728036604468
"gene-LOC134703326|LOC134703326",273.081259220572,-0.256207282708004,0.201887592309143,0.0406626541422241,0.246677762337878
"gene-LOC134703330|LOC134703330",305.872059784505,-0.165622975666988,0.166774089771346,0.126564696917863,0.408858269034972
"gene-LOC134703331|LOC134703331",279.632285934528,-0.229930184882303,0.199432698762739,0.0586355467617824,0.291211562600066
"gene-LOC134703332|LOC134703332",277.877882101164,-0.252389424022449,0.204232031328987,0.0434535438754187,0.254390589445007
"gene-LOC134703334|LOC134703334",220.970655673686,-0.174070656678101,0.157294490485672,0.106637226275069,0.379940634494197
"gene-LOC134703335|LOC134703335",270.863978346612,-0.227938068471067,0.209996580813933,0.0610894080856165,0.296673561607276
"gene-LOC134703336|LOC134703336",226.040996242587,-0.201699871895579,0.200215651086352,0.0831933887059573,0.34441450844459
"gene-LOC134703340|LOC134703340",277.867020867169,-0.192001307203269,0.172118474519331,0.087371223815588,0.349629923371922
"gene-LOC134703341|LOC134703341",278.003545969644,-0.183696800390826,0.169523294428988,0.0982382641960861,0.368532245345769
"gene-LOC134703342|LOC134703342",129.0729764061,-0.0460737345774189,0.168604498805503,0.565529119509542,0.817098929635215
"gene-LOC134703345|LOC134703345",288.819167216885,-0.173739410924223,0.169386534865253,0.112877108527663,0.387866075345669
"gene-LOC134703346|LOC134703346",240.186981323035,-0.100077511499496,0.165591340338127,0.304675341207727,0.64038811285791
"gene-LOC134703365|LOC134703365",348.576606977843,-0.201524258134675,0.138396971065066,0.0539191345205767,0.281303827527352
"gene-LOC134703366|LOC134703366",265.183313054198,-0.323141492761446,0.233465720669404,0.0214259641638491,0.176068674346639
"gene-LOC134703369|LOC134703369",253.253787867929,-0.123401675620822,0.172334174878873,0.223933415004258,0.558651147740059
"gene-LOC134703371|LOC134703371",276.478750949163,-0.179594356008954,0.16781633540917,0.103493078132203,0.376515593148228
"gene-LOC134703372|LOC134703372",218.240904483039,-0.223611821442421,0.175095923624926,0.0540046214084619,0.281548718606285
"gene-LOC134703373|LOC134703373",252.479833408922,-0.124894189704464,0.172847267169552,0.218642962670835,0.55176392738795
"gene-LOC134703377|LOC134703377",306.935904383297,-0.180136683935167,0.170011285342602,0.102754780053469,0.375824193044838
"gene-LOC134703378|LOC134703378",266.909599402527,-0.199107718230241,0.200119073753343,0.0852411423139757,0.348000285865672
"gene-LOC134703402|LOC134703402",193.447801029212,-0.233187286221536,0.196947485631701,0.0551205549361195,0.284322410489701
"gene-LOC134703403|LOC134703403",270.695002036165,-0.216736043671617,0.206018667479583,0.0695923450770375,0.3176073038778
"gene-LOC134703404|LOC134703404",283.265914050295,-0.168853467702088,0.197720357141819,0.122874119256394,0.401624033668067
"gene-LOC134703408|LOC134703408",285.248464957927,-0.215609173800829,0.172340043105156,0.0619801520760101,0.299208876908908
"gene-LOC134703409|LOC134703409",267.515734032702,-0.189313820699287,0.16830770883175,0.0899718966030381,0.353879769945391
"gene-LOC134703419|LOC134703419",274.372283258921,-0.182399137179552,0.166827568036345,0.098978606128447,0.370548303004704
"gene-LOC134703420|LOC134703420",267.741982453463,-0.245760582574013,0.20286891959446,0.0472699213587825,0.263691113210887
"gene-LOC134703442|LOC134703442",292.366937251453,-0.178918574889596,0.165826039671408,0.103981218469829,0.376538829798529
"gene-LOC134703443|LOC134703443",244.30403089162,-0.133970864212486,0.178159398584544,0.194254567925256,0.519326500637711
"gene-LOC134703461|LOC134703461",305.967695334907,-0.171289394540615,0.164212358114013,0.115183463625481,0.390394440055923
"gene-LOC134703462|LOC134703462",260.789406698629,-0.127747745302983,0.177019682828805,0.210323387988225,0.540994781081633
"gene-LOC134703467|LOC134703467",281.600108357502,-0.176376530504924,0.16988588535981,0.108558525634999,0.381390799056292
"gene-LOC134703468|LOC134703468",287.393687433084,-0.194946724517788,0.174367588371154,0.084695633708475,0.346952837132194
"gene-LOC134703469|LOC134703469",278.597710548455,-0.202743370126561,0.202300361941974,0.0821772733590121,0.342202283132397
"gene-LOC134703475|LOC134703475",309.714309261895,-0.16177568575435,0.16469402160115,0.133432612652788,0.422266812311943
"gene-LOC134703476|LOC134703476",275.314336034935,-0.225731839768689,0.212085274593961,0.0628980487416702,0.301448391082126
"gene-LOC134703478|LOC134703478",347.447856791916,-0.186209709795773,0.135998567250567,0.0701464376190527,0.317900953524847
"gene-LOC134703479|LOC134703479",264.413557799731,-0.314425881053711,0.232769701875897,0.0235980861610544,0.183487221919373
"gene-LOC134703481|LOC134703481",274.304156075747,-0.181177787320413,0.167570412619503,0.100804143176232,0.372985542937791
"gene-LOC134703482|LOC134703482",251.114809374838,-0.129717419620989,0.174553124427369,0.205785827671219,0.536232495651296
"gene-LOC134703491|LOC134703491",236.811471200302,-0.141518182692743,0.183676632986242,0.174304289624409,0.487224849374927
"gene-LOC134703495|LOC134703495",276.205061258158,-0.169757441796938,0.165181399018624,0.118589506958395,0.394384809382699
"gene-LOC134703496|LOC134703496",182.958919989973,-0.20178045357227,0.192423869991051,0.0818586892367531,0.342202283132397
"gene-LOC134703497|LOC134703497",253.394135980165,-0.125727687510759,0.174045376117659,0.216837329212126,0.54935131896128
"gene-LOC134703500|LOC134703500",297.447467002899,-0.163627447883451,0.159630254647002,0.12804746762168,0.41188665270623
"gene-LOC134703501|LOC134703501",264.465525894125,-0.121731691278004,0.173066190422952,0.228412531994618,0.56434042811374
"gene-LOC134703502|LOC134703502",216.136069286471,-0.127439118239459,0.183023641361194,0.211671417390573,0.542663402113283
"gene-LOC134703506|LOC134703506",383.834689059106,-0.20652274517597,0.147716022735644,0.0558985115841435,0.286313273920466
"gene-LOC134703507|LOC134703507",209.481525976947,-0.295291753920346,0.231002537276897,0.029202564312576,0.204894841247891
"gene-LOC134703509|LOC134703509",171.652100701683,-0.153458667603258,0.166886529899394,0.151572236677324,0.451657408647388
"gene-LOC134703510|LOC134703510",258.429617597597,-0.114592296243782,0.169791093003174,0.251158279522888,0.588581934986234
"gene-LOC134703512|LOC134703512",212.103480124444,-0.319840739837195,0.239728184185038,0.0230015575886767,0.18207744822855
"gene-LOC134703514|LOC134703514",317.386594265859,-0.192218683967351,0.132654000387069,0.059092825159278,0.29202570701175
"gene-LOC134703516|LOC134703516",263.029875362861,-0.305373915914119,0.22282030093896,0.0244159569303892,0.186933070670401
"gene-LOC134703519|LOC134703519",349.532994801773,-0.195303216997085,0.135240322166359,0.0580310340846835,0.291128312721651
"gene-LOC134703520|LOC134703520",260.810611038356,-0.309071567047128,0.224387865754183,0.0233805349385137,0.182819883317809
"gene-LOC134703522|LOC134703522",347.720176078887,-0.203021721169473,0.137072231441999,0.0514491899501042,0.274191739876795
"gene-LOC134703523|LOC134703523",230.458746582755,-0.300080891795629,0.237288910049671,0.0284026901040039,0.202746969439582
"gene-LOC134703526|LOC134703526",306.79275654142,-0.196265529308342,0.171447776093884,0.0814795920408987,0.341649717113286
"gene-LOC134703527|LOC134703527",276.29922793226,-0.207774960318019,0.202522510120891,0.0773924548137458,0.333651748645211
"gene-LOC134703582|LOC134703582",255.411137577435,-0.171715349435172,0.166826846729351,0.115887584667203,0.39073973939958
"gene-LOC134703583|LOC134703583",239.466422410785,-0.213294070972378,0.167112060771333,0.0608285177306134,0.295976365047087
"gene-LOC134703584|LOC134703584",250.509234923395,-0.120005515780036,0.171993077302467,0.234171496441703,0.570700236906974
"gene-LOC134703586|LOC134703586",275.702082576201,-0.189642524726614,0.167439062458128,0.0887882999404511,0.351686411477795
"gene-LOC134703587|LOC134703587",249.449967727865,-0.132771964212323,0.175511585963876,0.197385874623962,0.524463940700506
"gene-LOC134703590|LOC134703590",266.294569990571,-0.168290155137625,0.166459912914931,0.122427273621143,0.4006311857208
"gene-LOC134703591|LOC134703591",261.381680345385,-0.115328193347672,0.171638348593064,0.248324252626373,0.585394060688682
"gene-LOC134703598|LOC134703598",275.781583732908,-0.186738586194393,0.168628706757106,0.0930130866359825,0.359644036415678
"gene-LOC134703599|LOC134703599",277.96750095746,-0.176405650052319,0.163264669104832,0.106313438189101,0.379940634494197
"gene-LOC134703600|LOC134703600",269.00164840789,-0.227060438902937,0.210821623453831,0.0631030182989465,0.301864743812765
"gene-LOC134703602|LOC134703602",191.256667358939,-0.125696278809453,0.164450858471782,0.221955948703212,0.555955503884862
"gene-LOC134703604|LOC134703604",311.519056946375,-0.166020029196305,0.165095353182572,0.126943493042513,0.409719519744816
"gene-LOC134703605|LOC134703605",169.628624890664,-0.167175771577096,0.162529796173965,0.120824129746078,0.397291434682137
"gene-LOC134703606|LOC134703606",257.897925355525,-0.11006852345408,0.169070538454111,0.266891653647878,0.60240316385788
"gene-LOC134703609|LOC134703609",349.095638362701,-0.194456356854997,0.134074297927637,0.05796445264199,0.291128312721651
"gene-LOC134703610|LOC134703610",261.706483706349,-0.279503583333946,0.21898375745315,0.0324802490324615,0.217130212460442
"gene-LOC134703612|LOC134703612",353.597140451246,-0.205093554574245,0.136567971322368,0.0487540768532074,0.266143331342172
"gene-LOC134703613|LOC134703613",353.677897150073,-0.195196688748764,0.135566680479991,0.0584707873206385,0.291128312721651
"gene-LOC134703614|LOC134703614",351.516389279067,-0.191643498656415,0.133505429861737,0.0606692398289072,0.295615829026243
"gene-LOC134703615|LOC134703615",272.365435122846,-0.211375385852058,0.179308674670631,0.0681059148726428,0.314043940801631
"gene-LOC134703616|LOC134703616",271.564794310985,-0.21073759741139,0.180667076449337,0.0679975307477044,0.31394055915375
"gene-LOC134703617|LOC134703617",273.333075945015,-0.200051141351874,0.177018019035364,0.0795554277709387,0.338475893104253
"gene-LOC134703618|LOC134703618",271.848503224058,-0.205921672835534,0.179766822860035,0.0732409409929376,0.324906587542816
"gene-LOC134703623|LOC134703623",353.631910163556,-0.190365672014329,0.133982080313398,0.0627481357996739,0.301125087963744
"gene-LOC134703626|LOC134703626",347.638993590993,-0.203096028190243,0.13359631820939,0.0486773112800702,0.266122067058108
"gene-LOC134703627|LOC134703627",263.891381381107,-0.284861669319043,0.220751910186692,0.0314584180665519,0.213741660984275
"gene-LOC134703628|LOC134703628",261.117923971445,-0.309469165513252,0.216601586803239,0.0223464443170612,0.179903082452312
"gene-LOC134703642|LOC134703642",300.295121956589,-0.170222005002795,0.164904477044005,0.118530753108121,0.394384809382699
"gene-LOC134703643|LOC134703643",277.55629189889,-0.202222014910823,0.199186584259868,0.082330651707347,0.342450501179079
"gene-LOC134703651|LOC134703651",27.5170308002552,-0.0392873266325848,0.167590372483437,0.61998177312396,0.849716503047471
"gene-LOC134703730|LOC134703730",271.568261174714,-0.187553475849199,0.166001548583631,0.0908650504286309,0.355312722021582
"gene-LOC134703731|LOC134703731",251.140252194283,-0.134876679885999,0.177254667592428,0.192180589217159,0.516251203987543
"gene-LOC134703734|LOC134703734",272.613768895713,-0.15755800300265,0.162637368831763,0.140651420963299,0.435304228269466
"gene-LOC134703735|LOC134703735",271.001553146772,-0.218295850847058,0.210034691997907,0.068673166999107,0.314673031217991
"gene-LOC134703736|LOC134703736",236.79472351177,-0.235488469401197,0.227165268436527,0.0574479507208935,0.289778889547932
"gene-LOC134703738|LOC134703738",347.706147177444,-0.196414123004068,0.136679824957408,0.0580205961567369,0.291128312721651
"gene-LOC134703739|LOC134703739",260.583327072514,-0.287039213624781,0.220471438494594,0.0299198562019042,0.207930190008286
"gene-LOC134703811|LOC134703811",196.268280672662,-0.304099049526544,0.237813349388022,0.0273442912466212,0.198729057975444
"gene-LOC134703814|LOC134703814",209.579014735805,-0.236143807458558,0.161603605697938,0.0387932821747683,0.240940589289547
"gene-LOC134703815|LOC134703815",310.501651854403,-0.174571262273213,0.165453756569669,0.110503738039622,0.384864846337943
"gene-LOC134703816|LOC134703816",260.420364867922,-0.229840288916049,0.193994263184725,0.0560564560197436,0.286796235441615
"gene-LOC134703829|LOC134703829",278.071276800848,-0.176842291824132,0.164718958280322,0.107240743823633,0.381019677617619
"gene-LOC134703830|LOC134703830",240.467014852462,-0.240661534576912,0.201999725176415,0.050623253856376,0.272477705355173
"gene-LOC134703832|LOC134703832",271.001905864917,-0.175128553404444,0.165682092831896,0.109507650382006,0.382700420282378
"gene-LOC134703833|LOC134703833",270.190786956738,-0.219378345938369,0.20728585049219,0.0673804880352995,0.312489388262501
"gene-LOC134703837|LOC134703837",262.073580204669,-0.111513457564939,0.170459022055444,0.260936810137958,0.5966036408723
"gene-LOC134703839|LOC134703839",275.283064399793,-0.176176080076624,0.16793541440416,0.108927219608793,0.381951229967653
"gene-LOC134703840|LOC134703840",261.240432593058,-0.117187559404046,0.170609839649575,0.245500999189252,0.583684132857744
"gene-LOC134703870|LOC134703870",269.596138629006,-0.200505726788301,0.198777245019631,0.0844384255837579,0.346676931120724
"gene-LOC134703872|LOC134703872",310.064611240466,-0.17065326501153,0.166444040985146,0.11866590762857,0.394384809382699
"gene-LOC134703873|LOC134703873",279.904212087505,-0.208295849706508,0.204270837836156,0.0770086176408069,0.333376077707712
"gene-LOC134703875|LOC134703875",226.265531538314,-0.167873133562312,0.167337545564412,0.123040715405494,0.401918329750324
"gene-LOC134703876|LOC134703876",245.550265554298,-0.200989448048832,0.199242532895188,0.0841416667833903,0.34606267901481
"gene-LOC134703931|LOC134703931",277.035473146183,-0.250576897682827,0.20549490006347,0.0451076859705002,0.258405128100811
"gene-LOC134703933|LOC134703933",286.812762394008,-0.196523094977954,0.180553312803312,0.0853127628470569,0.348000285865672
"gene-LOC134703934|LOC134703934",281.3508939003,-0.17822095806911,0.164496247207595,0.104695663121911,0.377814784309504
"gene-LOC134703936|LOC134703936",275.0391009918,-0.253485805600646,0.206257572780136,0.0435490368582651,0.254390589445007
"gene-LOC134703943|LOC134703943",308.397806762358,-0.180191554173682,0.169497195868587,0.103075125843105,0.375866559739409
"gene-LOC134703945|LOC134703945",264.812968408432,-0.113699261054285,0.170990051971884,0.253741796760049,0.589838906250425
"gene-LOC134703950|LOC134703950",347.143391002855,-0.195050011465026,0.133913815163687,0.0571900447356093,0.289355044616888
"gene-LOC134703951|LOC134703951",262.424160020945,-0.276621161207296,0.220244503427185,0.0339725495741028,0.223136411628517
"gene-LOC134703953|LOC134703953",272.638055373303,-0.18895055998945,0.16826275319591,0.0905010299347839,0.354950803762658
"gene-LOC134703954|LOC134703954",273.604827940474,-0.257964877518761,0.20745140684392,0.0413183885660569,0.248844211473896
"gene-LOC134703967|LOC134703967",273.747055686584,-0.195726220169848,0.169870783120234,0.0821616154320693,0.342202283132397
"gene-LOC134703968|LOC134703968",275.120729151658,-0.253930968207722,0.206258337681746,0.0432982741965861,0.254237540494855
"gene-LOC134704063|LOC134704063",305.863462481101,-0.170422400843088,0.166549260418775,0.118734510865819,0.394384809382699
"gene-LOC134704064|LOC134704064",256.008079052048,-0.256027236214476,0.201730590517695,0.0410883101456926,0.248262310162497
"gene-LOC134704082|LOC134704082",275.8637473526,-0.168851162552536,0.165619281886085,0.120370689689318,0.396208885755194
"gene-LOC134704083|LOC134704083",276.335661962429,-0.185851753109652,0.16804023410414,0.0942790544299908,0.361098171765419
"gene-LOC134704084|LOC134704084",252.219649647829,-0.11705723720713,0.170860646077585,0.244201317474637,0.58270056283396
"gene-LOC134704089|LOC134704089",307.004711016846,-0.168895504799309,0.163200044898284,0.120096780212127,0.395842456078238
"gene-LOC134704090|LOC134704090",281.56538272998,-0.212165892727729,0.207102509890727,0.0736776880939675,0.325534299732559
"gene-LOC134704098|LOC134704098",340.423625403599,-0.178595941670829,0.13219374644035,0.0772786386534601,0.333651748645211
"gene-LOC134704099|LOC134704099",247.645613748004,-0.333333283007486,0.230434607272306,0.01852390332356,0.162423277161203
"gene-LOC134704101|LOC134704101",307.089919146054,-0.187341955225176,0.173335797526287,0.0934759240673498,0.360370690491233
"gene-LOC134704102|LOC134704102",247.265785507782,-0.25151665275984,0.205224671766495,0.044392355927721,0.256317602921798
"gene-LOC134704105|LOC134704105",277.801970573704,-0.17735221482133,0.165173018046164,0.106522373533354,0.379940634494197
"gene-LOC134704106|LOC134704106",251.13351679239,-0.175314037457273,0.171305212601061,0.111450772057915,0.386348571006648
"gene-LOC134704108|LOC134704108",269.055514644931,-0.227261404237031,0.210601148051748,0.061350614580856,0.297744112224965
"gene-LOC134704110|LOC134704110",282.999605964246,-0.178100227455359,0.161953791725355,0.102828460536679,0.375828025087224
"gene-LOC134704111|LOC134704111",257.506409421903,-0.173784145352185,0.162200679586706,0.110119291364177,0.384286337374079
"gene-LOC134704112|LOC134704112",272.525537219379,-0.243285320597372,0.200235314005058,0.0482021256366401,0.265503197377263
"gene-LOC134704167|LOC134704167",301.376242409433,-0.177242864245894,0.136769485919113,0.0773915622624319,0.333651748645211
"gene-LOC134704168|LOC134704168",268.362859108966,-0.329792283228206,0.233748761943396,0.0198153955373,0.168741264440729
"gene-LOC134704173|LOC134704173",272.774491017082,-0.16807982755672,0.166075931275134,0.123471466184647,0.402605173666368
"gene-LOC134704174|LOC134704174",254.747774437453,-0.149340432336486,0.184195095854764,0.158923493383258,0.463137934400657
"gene-LOC134704175|LOC134704175",255.475573082126,-0.129902133456777,0.173061168811434,0.205021442025121,0.53521449749408
"gene-LOC134704178|LOC134704178",272.25065887524,-0.182000460626126,0.166279307561472,0.099754570777676,0.371525809989937
"gene-LOC134704179|LOC134704179",251.907036823444,-0.118763659918887,0.169593056298418,0.238520316461538,0.575727822681783
"gene-LOC134704181|LOC134704181",233.9387436011,-0.129873216189189,0.172386101550826,0.205926803122618,0.536246601540462
"gene-LOC134704212|LOC134704212",268.151517788629,-0.223563258565193,0.206622163619171,0.0637558424164194,0.303963885776454
"gene-LOC134704214|LOC134704214",279.340301682557,-0.153233400301541,0.160738557721869,0.149253575433643,0.447484215450884
"gene-LOC134704215|LOC134704215",278.945866285891,-0.173958900836182,0.16725506624789,0.112123406299126,0.387027107565603
"gene-LOC134704216|LOC134704216",267.612019437627,-0.227894465514221,0.205775338167788,0.0618237147062666,0.298651066279479
"gene-LOC134704233|LOC134704233",271.24329425668,-0.217868947723256,0.206584796321163,0.0681597862985727,0.31404478804417
"gene-LOC134704235|LOC134704235",278.355853451415,-0.181927393968677,0.168599600150849,0.100289301593179,0.372401148366335
"gene-LOC134704236|LOC134704236",278.996883508488,-0.165213738136676,0.162473263378103,0.125532764437216,0.406851836958091
"gene-LOC134704237|LOC134704237",269.258629016733,-0.216619851086143,0.203022049614849,0.0691900700384792,0.316644280426724
"gene-LOC134704244|LOC134704244",274.49177635202,-0.171332550636249,0.165120518840037,0.115507873176344,0.390627865043395
"gene-LOC134704245|LOC134704245",269.48473621488,-0.216489898704172,0.206313473703172,0.0697613716798868,0.31777201574289
"gene-LOC134704246|LOC134704246",271.61922594892,-0.203025420512345,0.203744951773337,0.0819526647551999,0.342202283132397
"gene-LOC134704260|LOC134704260",258.704498684529,-0.185228907671474,0.170343296078742,0.097904675807848,0.368226442894192
"gene-LOC134704261|LOC134704261",187.189055553521,-0.159858895775959,0.166546352460995,0.137616995309561,0.430140311334278
"gene-LOC134704262|LOC134704262",238.778038932582,-0.237147919756067,0.229085921600597,0.0566579574688893,0.288584185043771
"gene-LOC134704264|LOC134704264",349.26719031034,-0.18636571961522,0.131546701888527,0.0649225491654115,0.306723350002694
"gene-LOC134704265|LOC134704265",267.014140373382,-0.324942912886349,0.231897427656161,0.0203688161900383,0.171506470898593
"gene-LOC134704281|LOC134704281",311.571271022703,-0.184985802145947,0.169803017957816,0.0982016302321459,0.368532245345769
"gene-LOC134704282|LOC134704282",284.132328396554,-0.168568283326608,0.168135747721303,0.12160967769358,0.398837663818209
"gene-LOC134704283|LOC134704283",228.794337113113,-0.248717707900937,0.2132288366844,0.0472754574691576,0.263691113210887
"gene-LOC134704287|LOC134704287",280.690125888455,-0.176757863470478,0.165395141243046,0.10685727814921,0.380539034423125
"gene-LOC134704288|LOC134704288",275.831506249855,-0.168311433353184,0.161111120042436,0.119471940620037,0.394969677198417
"gene-LOC134704289|LOC134704289",252.258607857341,-0.220777747462029,0.204349816259421,0.0653392297595431,0.307459586664456
"gene-LOC134704291|LOC134704291",348.880660321364,-0.198920707706268,0.138519391226791,0.0568648028050811,0.288623374338428
"gene-LOC134704292|LOC134704292",250.03645981322,-0.276334309966121,0.209166467284467,0.0325505122896586,0.21732078771816
"gene-LOC134704316|LOC134704316",347.753868999833,-0.207568461236912,0.137602795491684,0.0473789325683252,0.26376198435903
"gene-LOC134704318|LOC134704318",263.086598336763,-0.289705269482669,0.221223588171916,0.0289484910848212,0.204245113808884
"gene-LOC134704321|LOC134704321",347.986838942061,-0.182486441446775,0.1362344508996,0.0756793701724831,0.330462256555676
"gene-LOC134704379|LOC134704379",293.645459771991,-0.248401896472488,0.144638364327122,0.0238144601587836,0.183978153949516
"gene-LOC134704380|LOC134704380",266.819691323454,-0.333059571733816,0.232764087231435,0.0190777835880999,0.165148871701708
"gene-LOC134704381|LOC134704381",211.953450251439,-0.15969139588455,0.196478768100838,0.136291586858611,0.427792759095528
"gene-LOC134704398|LOC134704398",308.909948941942,-0.179171785749824,0.169808127931184,0.104117039284426,0.376755845825362
"gene-LOC134704400|LOC134704400",259.323985300105,-0.251737360029857,0.197057619615514,0.0415333988742989,0.249268648626031
"gene-LOC134704418|LOC134704418",357.10111228776,-0.184343786509181,0.134575366030462,0.0702481517667757,0.317930086563468
"gene-LOC134704419|LOC134704419",262.276957371171,-0.288510887600466,0.226230782981257,0.0311250358998321,0.212464731039602
"gene-LOC134704424|LOC134704424",309.652599862318,-0.181967943317739,0.16708160904046,0.0992995049197881,0.370799378289434
"gene-LOC134704425|LOC134704425",255.252673018196,-0.200993693180607,0.185292071415429,0.0811705663657155,0.341376353588327
"gene-LOC134704426|LOC134704426",253.539960307648,-0.232138435334923,0.196976701195103,0.0553047897622708,0.284669615520526
"gene-LOC134704433|LOC134704433",357.188129232594,-0.197896504089749,0.139446065514351,0.0577076461777973,0.290487007362255
"gene-LOC134704434|LOC134704434",354.844192865373,-0.215421086329655,0.134958220616891,0.0377996318633842,0.236823035659183
"gene-LOC134704435|LOC134704435",262.605407638129,-0.289145200947341,0.220100051906318,0.0293077927109742,0.205238847517695
"gene-LOC134704437|LOC134704437",320.41657791185,-0.180920657837272,0.134767593438939,0.0767436417625107,0.333049551719774
"gene-LOC134704438|LOC134704438",263.938973806159,-0.331829360578721,0.234713763048876,0.0194066611930239,0.166956717731268
"gene-LOC134704449|LOC134704449",256.694059356007,-0.180484364780972,0.17249385148296,0.103562407808706,0.376515593148228
"gene-LOC134704451|LOC134704451",252.901425349158,-0.239190038328213,0.203763801599282,0.0516712718188824,0.274191739876795
"gene-LOC134704454|LOC134704454",307.651238446335,-0.172153659038649,0.167096353426245,0.115680185116219,0.390627865043395
"gene-LOC134704809|LOC134704809",10.9388885790419,-0.0229581055465259,0.151332415842333,0.795549391399121,0.928130564935971
"gene-LOC134704839|LOC134704839",13.2673541693664,-0.0207152950494822,0.154413670641188,0.81082433808158,0.935290739947547
"gene-LOC134704861|LOC134704861",11.3546114456723,0.0249438089170144,0.186684501931769,0.340644960986557,0.673726183332199
"gene-LOC134704877|LOC134704877",14.9377129779006,0.00569471920757581,0.178474573891449,0.912291230015715,0.973951058977618
"gene-LOC134704883|LOC134704883",18.7645444798508,-0.0436600148080794,0.182091627286387,0.460438263464634,0.760652977325952
"gene-LOC134704886|LOC134704886",17.7267218169979,0.0338867456889018,0.184828216491527,0.443973262432066,0.74989475369772
"gene-LOC134704912|LOC134704912",24.8258933740916,-0.12406761438065,0.181669860760414,0.216968364343295,0.549492695271645
"gene-LOC134704916|LOC134704916",59.8614985121427,0.101327620395169,0.206665646742888,0.16651314169818,0.475431241914478
"gene-LOC134704932|LOC134704932",283.296823612958,-0.0582524941732797,0.169102835099314,0.487213237504649,0.772049793576045
"gene-LOC134704944|LOC134704944",9.47904904537661,0.0431836582937467,0.180320227288512,0.49270743214744,0.774514408343274
"gene-LOC134704974|LOC134704974",104.749607148804,-0.0448088447554232,0.189263332420303,0.267241439572232,0.602820097169729
"gene-LOC134704979|LOC134704979",21.4100653077495,-0.0386570409339999,0.182907358522223,0.470678349523998,0.764325182077214
"gene-LOC134704981|LOC134704981",13.1183322998322,-0.0291237138954106,0.177810080278736,0.626569521412306,0.852274214144405
"gene-LOC134705019|LOC134705019",18.6454364692395,-0.0641236082730433,0.196881174896497,0.143979581831066,0.440933696307801
"gene-LOC134705020|LOC134705020",129.212804570452,-0.111054974565739,0.230721620579978,0.0276481009670315,0.199547163501184
"gene-LOC134705077|LOC134705077",19.3137110540842,0.0103213839012705,0.180320667374877,0.823291500412667,0.941278015844234
"gene-LOC134705080|LOC134705080",8.91062293751509,0.145091230179238,0.201984212028161,0.157356066018859,0.462033368085639
"gene-LOC134705105|LOC134705105",11.0817398545537,0.0127452965742382,0.184856855765111,0.620346232206986,0.849789271055738
"gene-LOC134705107|LOC134705107",1008.53129083434,0.0794508490468918,0.17701772149692,0.356076292969859,0.688037366098372
"gene-LOC134705108|LOC134705108",2576.31202170608,0.0984269602539111,0.179511874264623,0.260754747172106,0.5966036408723
"gene-LOC134705109|LOC134705109",224.814762254076,-0.0481873405435217,0.184976362543424,0.393352686497119,0.715133510128769
"gene-LOC134705122|LOC134705122",21.7738288976972,0.734327805964089,0.323374418895519,0.00123021695800721,0.0339464825048801
"gene-LOC134705133|LOC134705133",26.5899476582731,0.0983061368468812,0.191260620693931,0.251004723773404,0.588581934986234
"gene-LOC134705150|LOC134705150",292.422537916474,0.00231993610622352,0.181722361677215,0.95760776671128,0.986511583647276
"gene-LOC134705151|LOC134705151",203.233153854092,0.00542833122829474,0.17773073434192,0.921404597320564,0.976343998089279
"gene-LOC134705152|LOC134705152",1896.59721370799,0.0315365811719904,0.182053150762281,0.540467515684758,0.80331815469882
"gene-LOC134705188|LOC134705188",165.681418787057,0.0142002212475401,0.183722793432927,0.673371309241354,0.874831740074501
"gene-LOC134705190|LOC134705190",36.3401880244007,0.0388585070643139,0.184544336347195,0.434857535125952,0.743666456698654
"gene-LOC134705220|LOC134705220",18.8435238062317,-0.0868244612909389,0.196164105083111,0.227615839518028,0.563482154068539
"gene-LOC134705274|LOC134705274",17.2509318710365,-0.0761111775581494,0.20213723691272,0.119031790188226,0.394826610142963
"gene-LOC134705300|LOC134705300",13.4592052731005,-0.0557054293544522,0.17530875085134,0.468764286003125,0.763108981909643
"gene-LOC134705329|LOC134705329",20.9864565556981,-0.496128002002598,0.436104980796821,0.0108527525673947,0.120688593489938
"gene-LOC134705334|LOC134705334",13.0442219504156,0.0401544483006678,0.16486677294594,0.625965575351685,0.852041103684068
"gene-LOC134705343|LOC134705343",25.4703712847555,-0.666804781732821,0.228131609928928,0.000232717107942741,0.0124982776206896
"gene-LOC134705345|LOC134705345",21.2774680738561,-0.102260323285306,0.200712188653346,0.199428337933848,0.527380369394941
"gene-LOC134705388|LOC134705388",7.52251577768208,0.0177474801797276,0.174651268656016,0.778010131511525,NA
"gene-LOC134705434|LOC134705434",8.25169604976506,0.0113221109228073,0.183689806965032,0.723045206906621,NA
"gene-LOC134705445|LOC134705445",23.5749438902223,0.0284717578035998,0.185837207627014,0.416004272891128,0.731462496195667
"gene-LOC134705446|LOC134705446",16.6111928159876,-0.0296656086516985,0.187709567006828,0.824491945918577,0.941539895714397
"gene-LOC134705447|LOC134705447",47.1422529144912,0.00829015383875948,0.183792579759446,0.785325141019802,0.925014486374558
"gene-LOC134705448|LOC134705448",206.356747037642,-0.0372059513838115,0.169574898359969,0.62496646704588,0.851922563396993
"gene-LOC134705461|LOC134705461",8.40134653846419,-0.0436321698632276,0.181846493116272,0.466303548562114,0.762382103707458
"gene-LOC134705462|LOC134705462",10.7359951571515,-0.0577286105933013,0.163534535534142,0.511155083420612,0.784619510158629
"gene-LOC134705504|LOC134705504",24.1804180314936,0.0380967100653923,0.169482710302713,0.622524215476802,0.850425520723292
"gene-LOC134705575|LOC134705575",67.662450082414,-0.0377243107735405,0.134339366279905,0.686027728772687,0.881738598006672
"gene-LOC134705579|LOC134705579",91.1124528533203,0.192088488088153,0.113425013315373,0.040047245958682,0.24436514994337
"gene-LOC134705580|LOC134705580",413.640848455721,-0.0123817170515797,0.181788423415991,0.756407902723224,0.912548731347302
"gene-LOC134705583|LOC134705583",568.897187290216,0.0504396616696662,0.184457235768974,0.398094298496054,0.717599701142351
"gene-LOC134705593|LOC134705593",20.6480296653621,0.126188812808325,0.231459526730875,0.0843544836525417,0.346527080201442
"gene-LOC134705600|LOC134705600",24.867711596502,0.0185502109398762,0.167308026435659,0.805443676176729,0.93129026607485
"gene-LOC134705613|LOC134705613",25.3277025287354,0.0533550243558583,0.140953352003995,0.57449496486861,0.820634111389297
"gene-LOC134705627|LOC134705627",27.3260517470311,0.0411015889061295,0.12977301439044,0.662343209395112,0.871559905291574
"gene-LOC134705633|LOC134705633",10.1837369640809,0.00991037574075397,0.176060690634669,0.865012148060417,0.954851652718065
"gene-LOC134705636|LOC134705636",16.3380232120898,0.00616837293310857,0.183768110791031,0.836218385289303,0.946432919838704
"gene-LOC134705647|LOC134705647",5041.0774263269,0.0737909067190844,0.114505040959372,0.413829789730328,0.730673063606098
"gene-LOC134705672|LOC134705672",10.2076014005414,0.048429448704641,0.16772208480835,0.555841637447297,0.812485555973805
"gene-LOC134705699|LOC134705699",9.99207061871865,-0.0562120002022174,0.189725534188777,0.28877897090735,0.623666943674537
"gene-LOC134705704|LOC134705704",28.0597376119497,0.00476876175763666,0.184619530239233,0.841312909555713,0.94707747408349
"gene-LOC134705706|LOC134705706",244.04380198354,0.0365792382749237,0.163950119146707,0.658531226438854,0.869313587187672
"gene-LOC134705709|LOC134705709",14.4552812295411,0.328291901630016,0.254319945191197,0.0231792555178401,0.1821908452675
"gene-LOC134705761|LOC134705761",18.3230412932577,-0.0326631183874841,0.162129403110961,0.693309165751947,0.885257856795296
"gene-LOC134705786|LOC134705786",150.077417276158,0.0478273174591556,0.189813326578855,0.266190096733889,0.601465081792289
"gene-LOC134705863|LOC134705863",10.2839138609115,-0.0653142829506042,0.197459565212798,0.137564583072185,0.430140311334278
"gene-LOC134705869|LOC134705869",156.175834862241,-0.0122687029942374,0.165145991725083,0.872487734491656,0.959014358574425
"gene-LOC134705939|LOC134705939",9.87335961335078,0.0191740450967095,0.184802582677328,0.536854875690062,0.800777567013534
"gene-LOC134705945|LOC134705945",17.6555901410039,-0.0103836215728771,0.184925358566673,0.652964985114264,0.866507313094947
"gene-LOC134705946|LOC134705946",45.4090435623044,-0.101881133905719,0.210163325308159,0.139554412622185,0.433855964022284
"gene-LOC134705953|LOC134705953",30.2501695722447,-0.0772121954994676,0.145958610004791,0.425084181962622,0.73574140696376
"gene-LOC134705991|LOC134705991",24.0911675744936,0.0775594376525433,0.160804930781088,0.412075295337897,0.728588224920843
"gene-LOC134706000|LOC134706000",118.636246010048,-0.0423966961975711,0.150578363615572,0.644446658896382,0.862705569894148
"gene-LOC134706012|LOC134706012",84.6088119284181,-0.0729888285756798,0.100178605521269,0.387734402090893,0.710311530692722
"gene-LOC134706013|LOC134706013",14.6147394488738,-0.0444664044706083,0.185216533658631,0.397535838663069,0.717599701142351
"gene-LOC134706089|LOC134706089",461.727900000083,0.0491626293066613,0.180482341106341,0.461518122947902,0.760652977325952
"gene-LOC134706117|LOC134706117",9.35599192154065,-0.0564301281042933,0.18855588715356,0.312776914945231,0.649338534511101
"gene-LOC134706124|LOC134706124",14.1205602887921,0.174735018605113,0.238550684457287,0.0968225534276703,0.366420689241297
"gene-LOC134706126|LOC134706126",12.1953182017958,-0.0219015130479697,0.183347056510374,0.579236881499572,0.822792030282288
"gene-LOC134706152|LOC134706152",42.929904634225,-0.201370273874452,0.166162940455855,0.0739704129444436,0.325534299732559
"gene-LOC134706182|LOC134706182",43.2734099457538,-0.267839880679048,0.441583104492778,0.0229146835288673,0.18207744822855
"gene-LOC134706188|LOC134706188",14.4164191840288,0.0344917654038434,0.180927615347969,0.539137371474471,0.802171391576601
"gene-LOC134706191|LOC134706191",13.6141802085413,0.0213867558316598,0.179790649221005,0.679911963543375,0.87910350866109
"gene-LOC134706194|LOC134706194",121.388679293049,0.296886364309559,0.143824171937864,0.00864096716297906,0.107153861049914
"gene-LOC134706198|LOC134706198",26.8663375395409,-0.120263954172124,0.139994784470092,0.230565061895659,0.566828412011408
"gene-LOC134706204|LOC134706204",41.966855017546,-0.150268290914152,0.137476385069192,0.139134731428078,0.433364638955515
"gene-LOC134706205|LOC134706205",27.8976028854106,-0.0985715721496725,0.152916806374285,0.31934853982447,0.656124257349628
"gene-LOC134706211|LOC134706211",69.7338999292456,0.319260109375102,0.18646827619022,0.0146354906592573,0.143872979509038
"gene-LOC134706212|LOC134706212",23.4657167164998,0.00166243503543652,0.169213024923831,0.982351354032424,0.992925975518212
"gene-LOC134706215|LOC134706215",22.0191493064081,0.0110683813507681,0.141329217292204,0.904358852209915,0.971387802432533
"gene-LOC134706219|LOC134706219",81.2047641237986,0.0255896946854196,0.178083933155177,0.660175051956138,0.870341358703986
"gene-LOC134706228|LOC134706228",8.70358325738781,-0.115546761748616,0.224525463655708,0.0852171081158618,0.348000285865672
"gene-LOC134706229|LOC134706229",81.1361682692409,-0.106557355316331,0.164034363554094,0.283453891771636,0.618937885052325
"gene-LOC134706230|LOC134706230",11.3355707348339,0.20317658023843,0.320119289901086,0.0393238061893517,0.242947438897563
"gene-LOC134706232|LOC134706232",9.48340597359539,0.00969053933643422,0.179355802870713,0.843870075407907,0.94769256508719
"gene-LOC134706233|LOC134706233",46.7484869180721,0.303224105907834,0.122457386307128,0.00306457766775571,0.0572374108971868
"gene-LOC134706244|LOC134706244",13.0696884393545,0.0612362655566509,0.156959416186742,0.507066826534573,0.782343916562848
"gene-LOC134706246|LOC134706246",45.0447077050844,0.667972858700919,0.180356016065068,1.64733149222249e-05,0.00203934054562594
"gene-LOC134706249|LOC134706249",8.99156629312389,0.0502729561208896,0.18947108193554,0.285046779563226,0.620191146240631
"gene-LOC134706250|LOC134706250",26.4597911413616,0.0173531729153055,0.164743791962802,0.824419436003927,0.941539895714397
"gene-LOC134706251|LOC134706251",14.8110226983594,-0.00545023534986399,0.158806274807552,0.946719848007286,0.984382904200939
"gene-LOC134706253|LOC134706253",9.68761049215837,-0.0337712427803799,0.172802241014278,0.633126197325977,0.85623909964459
"gene-LOC134706257|LOC134706257",124.192136407665,-0.446411179352251,0.187198244451785,0.00178228500390681,0.0409828087233943
"gene-LOC134706260|LOC134706260",14.6012783372509,0.0798389719706168,0.163619746279006,0.394864922068985,0.716011268816252
"gene-LOC134706262|LOC134706262",69.6590100313388,0.0263189957173929,0.107617346098788,0.765183171440925,0.915885611020874
"gene-LOC134706264|LOC134706264",81.7027076542976,-0.716223099059167,0.287412182174994,0.000663692788352102,0.022866094934546
"gene-LOC134706265|LOC134706265",15.2328995947396,0.0608785142381417,0.155358210741977,0.510287686009189,0.784619510158629
"gene-LOC134706267|LOC134706267",11.3899724754264,-0.223034911320987,0.373835503195594,0.023828495842859,0.183978153949516
"gene-LOC134706269|LOC134706269",7.44217226922915,-0.0796024214796417,0.198092997098203,0.19963209395002,NA
"gene-LOC134706271|LOC134706271",38.7581660460311,-0.816588306436585,0.19265117489213,1.48449686829486e-06,0.000328568640182596
"gene-LOC134706272|LOC134706272",7.73872517978371,0.0188516902175373,0.1677249750045,0.80097071105957,NA
"gene-LOC134706281|LOC134706281",36.2747178214132,-0.229971123138458,0.244607539340508,0.0616259912696203,0.298090225320071
"gene-LOC134706282|LOC134706282",11.956544345011,-0.016549918270739,0.169003896994726,0.817220481481515,0.937860797680614
"gene-LOC134706284|LOC134706284",47.0876012968088,0.224872389604809,0.234809828119615,0.0682866413657803,0.314084148951926
"gene-LOC134706285|LOC134706285",9.91703759529146,-0.0549872780967222,0.187211702333488,0.339074239125609,0.672198574134421
"gene-LOC134706291|LOC134706291",13.3434417929843,0.0486832942541444,0.180875163996955,0.45711520412889,0.759328963147013
"gene-LOC134706293|LOC134706293",16.9028268952993,-0.0164357522636261,0.1599374487987,0.841514123623663,0.94707747408349
"gene-LOC134706294|LOC134706294",42.3488516164292,-0.150877917295538,0.155635721567862,0.153597586096876,0.454299184661183
"gene-LOC134706295|LOC134706295",6.97906323727162,-0.0965439568140258,0.215523274022072,0.0686489637608991,NA
"gene-LOC134706296|LOC134706296",56.0144163290643,0.289904197120188,0.15837999865402,0.0146151594237395,0.143866744516164
"gene-LOC134706301|LOC134706301",33.0962235358465,0.703352422751788,0.218646414783388,8.66490792217082e-05,0.00659255077745163
"gene-LOC134706302|LOC134706302",23.7528670443071,0.0276409695501497,0.140495634028744,0.767326499297437,0.916642133933614
"gene-LOC134706303|LOC134706303",24.8099643117613,-0.0172959157513176,0.176811082093876,0.762022807478346,0.914677828401289
"gene-LOC134706304|LOC134706304",53.3105757538224,-0.333468965524351,1.0315717701545,0.00889249216732363,0.108964479918509
"gene-LOC134706311|LOC134706311",9.46203825542294,0.0625163268682039,0.161057781352221,0.490241722437144,0.773849716079487
"gene-LOC134706318|LOC134706318",40.1627973323452,0.120951383621298,0.150411111977532,0.235767413196956,0.572298167494372
"gene-LOC134706324|LOC134706324",83.6636482250623,0.127748399690634,0.0970663718951205,0.124903877649756,0.405646030392982
"gene-LOC134706326|LOC134706326",38.5323369210118,0.0700655134994765,0.162043281052047,0.447940176636926,0.753098909976723
"gene-LOC134706330|LOC134706330",14.386452550859,-0.120784635566066,0.17046038496002,0.235085206639322,0.572298167494372
"gene-LOC134706331|LOC134706331",7.25789310142969,-0.138518190568551,0.242197285258916,0.0710674111295377,NA
"gene-LOC134706344|LOC134706344",18.0829275571865,0.031142758798198,0.150538613994027,0.730800445419626,0.902997609116253
"gene-LOC134706345|LOC134706345",71.4088135173894,0.710759267110976,0.247682808671804,0.000262494277320588,0.0132224703555143
"gene-LOC134706350|LOC134706350",12.3696251932875,0.0363420227466572,0.181830074479221,0.508398207103443,0.783405169764461
"gene-LOC134706351|LOC134706351",241.822516748722,0.0183260030273437,0.152633087901322,0.836497573803722,0.946432919838704
"gene-LOC134706354|LOC134706354",16.4639189106337,-0.0566738121832064,0.166804576979816,0.506792783364081,0.782343916562848
"gene-LOC134706365|LOC134706365",751.512479372197,0.226777384304624,0.105784350397712,0.0119514974925022,0.128184636835882
"gene-LOC134706366|LOC134706366",12.2273401779381,0.107738544009914,0.192645303166568,0.230880316531113,0.567062263554624
"gene-LOC134706371|LOC134706371",7.96544698946689,0.133171469172345,0.231806232606422,0.097490207441149,NA
"gene-LOC134706373|LOC134706373",7.31573203328542,-0.038411715047647,0.186938981517739,0.349044033334772,NA
"gene-LOC134706376|LOC134706376",32.4798405710691,0.357927441423073,0.239380915772123,0.0153996435061935,0.146954520999176
"gene-LOC134706378|LOC134706378",17.2753994825491,-0.00482172976722534,0.149915603069456,0.955813991452681,0.985775966333011
"gene-LOC134706380|LOC134706380",6.51540900202471,0.0934617945663204,0.186865578714552,0.278735824536708,NA
"gene-LOC134706383|LOC134706383",54.7126164717263,-0.475210876425825,0.217720475148471,0.00250857996074745,0.0503370000914818
"gene-LOC134706385|LOC134706385",19.1103983682835,-0.559971622846074,0.273084937448206,0.00270232533473757,0.0524941070343703
"gene-LOC134706388|LOC134706388",10.1792195513451,-0.0299906033517088,0.178538379126095,0.609779873214683,0.842093438071478
"gene-LOC134706389|LOC134706389",23.1797508359047,-0.512962921429375,0.32961088752199,0.00697785826451592,0.094207535608178
"gene-LOC134706392|LOC134706392",15.6097464669416,-0.0237207702280458,0.170587780359651,0.738432942728515,0.905360766749624
"gene-LOC134706394|LOC134706394",32.7698900966169,0.0271067198094813,0.169729605279441,0.712881773619679,0.894961924117933
"gene-LOC134706399|LOC134706399",8.23618498571628,-0.00626375232786176,0.179555728511173,0.892711532309829,NA
"gene-LOC134706402|LOC134706402",26.3896932820039,0.105070202336021,0.212440396739298,0.134337688836008,0.423466931906179
"gene-LOC134706403|LOC134706403",98.9208467310393,0.0430935376887087,0.122460257231988,0.643587984860837,0.862370250040993
"gene-LOC134706408|LOC134706408",105.557504854865,-0.0254771029459997,0.139384756233599,0.782888391113237,0.924230937237932
"gene-LOC134706410|LOC134706410",13.8124269871845,0.0829162866413827,0.173210886759013,0.35739227093195,0.688588172006813
"gene-LOC134706411|LOC134706411",9.15326520759045,-1.09400718335634,0.369770047971258,0.000146051810427441,0.00969784021238205
"gene-LOC134706412|LOC134706412",121.727783429083,-0.0366437501971921,0.102711510886914,0.66849275685051,0.874285257527977
"gene-LOC134706413|LOC134706413",113.417747634439,-0.0285586119585455,0.128203034238437,0.753895463523316,0.911245290781213
"gene-LOC134706418|LOC134706418",16.639926531167,0.0804630175840754,0.191754877092634,0.271006028236685,0.605514845592152
"gene-LOC134706423|LOC134706423",17.6804455696859,0.0367756810693422,0.161486341826323,0.665027618063712,0.873416434999528
"gene-LOC134706424|LOC134706424",54.2349724947168,0.31997904199385,0.145945342687908,0.00563346417468808,0.0814788561028153
"gene-LOC134706425|LOC134706425",19.0339585593717,-0.038901204310777,0.161090411518109,0.646038016527504,0.862830318168985
"gene-LOC134706426|LOC134706426",7.73905962526815,-0.0251884148227514,0.184928470360393,0.47852880461704,NA
"gene-LOC134706429|LOC134706429",9.74082577241501,0.640242781401058,0.349238133978613,0.00342146992850542,0.0603633245357574
"gene-LOC134706430|LOC134706430",36.1979370299473,-0.193225910117385,0.225339520861921,0.0901087199802911,0.354036627614871
"gene-LOC134706431|LOC134706431",26.7260977167806,-0.863021470721467,0.268952720515072,7.30982211171676e-05,0.00606715235272491
"gene-LOC134706432|LOC134706432",37.5398934586833,-0.153670135084522,0.157665623774152,0.14830207275815,0.446311635527618
"gene-LOC134706436|LOC134706436",10.9266893831589,0.00133733353710734,0.15803839434068,0.987914065974058,0.994312296799575
"gene-LOC134706440|LOC134706440",45.1465996893184,-0.166209875348856,0.191353001578112,0.129243854157526,0.414579319616413
"gene-LOC134706442|LOC134706442",85.8228327686419,0.28267193561508,0.154195070428093,0.0152346552514222,0.146261109871469
"gene-LOC134706446|LOC134706446",9.2267527811992,-0.0414956340123226,0.187203158616925,0.342084153161756,0.674563351699099
"gene-LOC134706448|LOC134706448",192.586742214437,0.688061365753516,0.163123269971906,1.96461866972322e-06,0.000398599298990511
"gene-LOC134706449|LOC134706449",16.5987833899567,0.0378606055764443,0.176716855641474,0.570518904117121,0.818280203677845
"gene-LOC134706450|LOC134706450",84.5015752908055,0.13719641134675,0.155827597426005,0.189307065607437,0.513624629479392
"gene-LOC134706456|LOC134706456",11.482580429557,-0.0580237743754307,0.157906784884545,0.523350772319397,0.793554918210686
"gene-LOC134706457|LOC134706457",76.7428264347526,0.10248638082343,0.134482320261639,0.297198489391699,0.632493649518168
"gene-LOC134706464|LOC134706464",104.105511113138,0.235565634600728,0.171618398864717,0.0458129515925218,0.259998289379782
"gene-LOC134706465|LOC134706465",46.323769867424,0.338183434706379,0.18634200666762,0.0109304347218598,0.120963477588582
"gene-LOC134706469|LOC134706469",24.2512687229088,0.031544978359245,0.165786726757717,0.691972633483842,0.88483335346043
"gene-LOC134706471|LOC134706471",729.183920674254,0.101480440322472,0.165785673902169,0.294267896465139,0.630157655574685
"gene-LOC134706476|LOC134706476",10.1151349755633,-0.201468129449013,0.220171999063427,0.0850421724007507,0.348000285865672
"gene-LOC134706478|LOC134706478",13.5303279629267,0.0969341083774431,0.16393596531515,0.31993636397266,0.656408764734919
"gene-LOC134706482|LOC134706482",72.7766066245237,-0.162915262515407,0.138803640456007,0.112575498513473,0.38730637830542
"gene-LOC134706485|LOC134706485",26.3987236929492,0.0359499369386678,0.135639984738076,0.702713677897429,0.889093026307605
"gene-LOC134706486|LOC134706486",15.1297460882377,0.0164805018927186,0.153096006784919,0.851642449190058,0.949823858433988
"gene-LOC134706487|LOC134706487",14.6311738080695,-0.0449224788667177,0.143264996035174,0.630742762525692,0.855038073030374
"gene-LOC134706489|LOC134706489",13.8076188171264,-0.117267516300117,0.167890875450129,0.246352161960696,0.584776142658734
"gene-LOC134706490|LOC134706490",33.4483013357389,0.00712453923470497,0.130268830938462,0.939645435485298,0.982276445936544
"gene-LOC134706493|LOC134706493",8.00528448498178,-0.0964453339684795,0.202550307227041,0.186379146617677,NA
"gene-LOC134706496|LOC134706496",20.033592828429,-0.56940786841521,0.487167090511931,0.00844304335905896,0.10559587105234
"gene-LOC134706499|LOC134706499",13.89954678934,-0.0944448046665195,0.180091907624521,0.295407670708933,0.631447944646779
"gene-LOC134706500|LOC134706500",15.3522983743236,0.0711623991756096,0.194261642308314,0.236461492682343,0.57322095670489
"gene-LOC134706502|LOC134706502",37.22871543652,0.0248057782040316,0.122961671896146,0.789320091635952,0.926768482516198
"gene-LOC134706504|LOC134706504",31.4067074248768,-0.41223625064449,0.202715451419181,0.00467371963345097,0.0730879970302668
"gene-LOC134706508|LOC134706508",20.7902008217481,-0.0608264834566622,0.197575374040177,0.0861940972406726,0.349174534800817
"gene-LOC134706510|LOC134706510",43.273080727106,0.00800780491322805,0.136554483175966,0.93184794113899,0.978889308511316
"gene-LOC134706516|LOC134706516",12.8107551027502,-0.0042223838974456,0.165875133470837,0.954118508785963,0.985217007976971
"gene-LOC134706530|LOC134706530",7.8557211571027,0.0621213572797638,0.169681102403305,0.465836935031592,NA
"gene-LOC134706534|LOC134706534",30.3589165860428,0.039785700221187,0.14780427401244,0.666901388808369,0.873886939453985
"gene-LOC134706535|LOC134706535",71.4557571690472,0.0569946247230425,0.112848372698714,0.528327140868216,0.7961422399219
"gene-LOC134706537|LOC134706537",38.168783996423,0.10841911366093,0.208528813568409,0.163598444178304,0.470063190481412
"gene-LOC134706538|LOC134706538",15.8754626293372,-0.0385914870201246,0.152016974432955,0.669129661145435,0.874285257527977
"gene-LOC134706541|LOC134706541",211.438886811324,-0.024874438143225,0.130062518555834,0.788488456181439,0.926201300088329
"gene-LOC134706547|LOC134706547",16.9861826791382,0.100967869269511,0.178603460055706,0.284974496239352,0.620191146240631
"gene-LOC134706555|LOC134706555",12.0989506777395,-0.0203907566129128,0.182753750398353,0.618633061985455,0.84850401084995
"gene-LOC134706563|LOC134706563",23.5071795823682,0.13854721161306,0.146644796041708,0.179143704653645,0.495382585204624
"gene-LOC134706565|LOC134706565",10.6121381900064,0.02599046192755,0.153619734324799,0.768786427500069,0.917369068201356
"gene-LOC134706566|LOC134706566",14.0362291897355,0.0235728609634504,0.179153135159358,0.665340957445668,0.873416434999528
"gene-LOC134706568|LOC134706568",50.8554697476652,0.177544511179411,0.17333925848956,0.110886562912563,0.385490459549433
"gene-LOC134706571|LOC134706571",24.7011994579058,0.173441658018903,0.164059164307707,0.113569643392417,0.388712593879199
"gene-LOC134706572|LOC134706572",1427.3530943812,0.178762118997122,0.0878140103110508,0.0222832393800501,0.179841746333576
"gene-LOC134706573|LOC134706573",12.8730607858515,0.0130450820250172,0.168447631249404,0.85810875104121,0.952545775150291
"gene-LOC134706576|LOC134706576",74.3101075900071,0.579149313270427,0.182439207778915,0.000130306079420844,0.00906433908656992
"gene-LOC134706577|LOC134706577",37.2107266980892,0.657595945654795,0.240914134481961,0.000427187659841287,0.0175290936375324
"gene-LOC134706579|LOC134706579",103.87771530681,0.091843663869152,0.114790968145816,0.316954335349574,0.652911533601758
"gene-LOC134706580|LOC134706580",222.271155026942,-0.924873195642639,0.32382770153521,0.000187553241863704,0.0109293271487293
"gene-LOC134706581|LOC134706581",34.3526161447636,0.0481891613711904,0.140767865041719,0.610241946116555,0.842572244694767
"gene-LOC134706584|LOC134706584",1076.44676954606,-0.0295721309668868,0.114633978366323,0.742931706356515,0.906662186003005
"gene-LOC134706590|LOC134706590",50.1826052491456,0.040598780761367,0.135482153572464,0.667046828981097,0.873886939453985
"gene-LOC134706593|LOC134706593",42.0054897093865,0.126860456398749,0.135946079211756,0.204653049749583,0.534807111045063
"gene-LOC134706595|LOC134706595",990.407511709629,0.0827991481183935,0.0617263746928834,0.154871896717031,0.456726183911227
"gene-LOC134706598|LOC134706598",55.4943080558318,0.0661264374255641,0.182419107959195,0.373061064909311,0.699214272029153
"gene-LOC134706600|LOC134706600",13.0281509327167,-0.0124226338156649,0.179854622205025,0.792902816514156,0.927763996462669
"gene-LOC134706601|LOC134706601",12.4211447595478,0.057104314563445,0.16540062165474,0.512322840145055,0.785310813099577
"gene-LOC134706602|LOC134706602",23.0916285359978,0.00896768977987018,0.12996296924824,0.92361405264336,0.976842896105864
"gene-LOC134706605|LOC134706605",9.71608230282783,0.0203137754412216,0.177981802630776,0.717978538295097,0.897196791053446
"gene-LOC134706607|LOC134706607",10.3360048532146,-0.0372213120478632,0.176447263881123,0.574981627921693,0.820634111389297
"gene-LOC134706610|LOC134706610",86.0109367953187,0.0659407209096739,0.118857865567823,0.476244454254443,0.765853785338503
"gene-LOC134706613|LOC134706613",20.9688592181081,0.113729078855358,0.158730607118542,0.260751853573142,0.5966036408723
"gene-LOC134706615|LOC134706615",25.586351016547,0.052236192005979,0.1361197091969,0.58225224736451,0.82338246171353
"gene-LOC134706616|LOC134706616",19.6869537598495,-0.0406496117595157,0.17462302939762,0.56583067513798,0.817098929635215
"gene-LOC134706619|LOC134706619",22.7624913810536,0.0781096602245817,0.195143400384471,0.235699630287594,0.572298167494372
"gene-LOC134706621|LOC134706621",49.3308345375613,0.0832216885361533,0.166265364695284,0.374956038281245,0.700728917824581
"gene-LOC134706623|LOC134706623",17.1438095110341,-0.0240649133837792,0.165274067162343,0.756875210484982,0.912698784444825
"gene-LOC134706624|LOC134706624",13.9047442239009,-0.0504202366871381,0.168834265124412,0.536741266690376,0.800777567013534
"gene-LOC134706630|LOC134706630",9.1670149830364,-0.293050354308948,0.509382779544069,0.0198514034751353,0.168741264440729
"gene-LOC134706632|LOC134706632",16.9081676117511,0.0999928875597761,0.213126974164025,0.112978932612099,0.387866075345669
"gene-LOC134706634|LOC134706634",14.5163297095316,-0.0312036459408605,0.186702572402099,0.353338054274546,0.685648551652838
"gene-LOC134706635|LOC134706635",761.592455744355,-0.0517404365509247,0.0992166751670194,0.536933398837506,0.800777567013534
"gene-LOC134706637|LOC134706637",11.7619042222838,0.0440425946983422,0.185768347946445,0.387391263750705,0.710153276777517
"gene-LOC134706638|LOC134706638",9.61907315072834,0.0783850449192991,0.189478033425336,0.290434307862567,0.626214319438189
"gene-LOC134706643|LOC134706643",90.5665662574269,0.262676680575769,0.131328417101745,0.0127247113631516,0.133921169735532
"gene-LOC134706645|LOC134706645",21.6122840353281,-0.101941426554388,0.158495069342319,0.305514275456469,0.640860501991399
"gene-LOC134706646|LOC134706646",7.17650973618048,0.0491380287229604,0.188782015728231,0.302321089983144,NA
"gene-LOC134706653|LOC134706653",88.7038471354786,0.115934168051811,0.0991092506094921,0.169641137566324,0.480627955308159
"gene-LOC134706654|LOC134706654",11.9813061892597,0.0149339174797141,0.15597301551545,0.86221332854002,0.953887307624109
"gene-LOC134706662|LOC134706662",93.6741631424308,-0.336946104277831,0.214766773251516,0.0156121558360378,0.147900371240493
"gene-LOC134706664|LOC134706664",37.495631593996,-0.573940738846171,0.265248980613846,0.00196114327271652,0.043406637769459
"gene-LOC134706668|LOC134706668",104.95584474306,0.0606973604238307,0.126478902790145,0.520352550557141,0.791968124457045
"gene-LOC134706678|LOC134706678",9.06369427224008,-0.0806178450092931,0.186112003067812,0.307019143462554,0.642540923739396
"gene-LOC134706681|LOC134706681",65.5041337041995,-0.0962061845362679,0.134288630826821,0.32301344279269,0.658835572789111
"gene-LOC134706683|LOC134706683",29.1485719475461,0.0262469197466593,0.126288311018532,0.778562271633052,0.922104561700635
"gene-LOC134706690|LOC134706690",19.087064530221,0.765967810319045,0.517359640959494,0.00471079493445437,0.0733487951123769
"gene-LOC134706691|LOC134706691",59.4897211954067,0.113912523190071,0.149504416131637,0.260929697286226,0.5966036408723
"gene-LOC134706692|LOC134706692",8.8580673175157,-0.0259572567283161,0.186473294191179,0.361908792877308,0.690711376581418
"gene-LOC134706696|LOC134706696",27.5265755737046,0.0211799128348811,0.169567763256364,0.771335186383421,0.918362331555817
"gene-LOC134706698|LOC134706698",21.1448851105113,-0.0041333426457886,0.148690308001295,0.962430309318862,0.98819381855984
"gene-LOC134706699|LOC134706699",28.6479850225061,-0.0463286056278994,0.135887361532968,0.623155773718276,0.850912277292632
"gene-LOC134706700|LOC134706700",47.7533048494167,-0.0779515652758371,0.118598453671326,0.398978426044262,0.71768849326368
"gene-LOC134706701|LOC134706701",59.6459399997477,0.0220513917728162,0.133934997588525,0.814708439473188,0.937171128111674
"gene-LOC134706703|LOC134706703",15.6104032343598,0.0410570398448972,0.176815268196521,0.547588927569508,0.807914311627751
"gene-LOC134706704|LOC134706704",17.8350401788085,-0.0709634814987948,0.199764971917705,0.128914349138992,0.413704044864321
"gene-LOC134706706|LOC134706706",25.9738462271886,0.343033218935124,0.214783810368035,0.0149257838297292,0.144948654366885
"gene-LOC134706707|LOC134706707",3667.72801884958,0.0698882673804889,0.113065490605227,0.435383527634211,0.74404335185781
"gene-LOC134706708|LOC134706708",10.9771132955173,-0.215042970812429,0.304687396790767,0.0494345098861081,0.268853060467709
"gene-LOC134706709|LOC134706709",15.9942789195313,0.0907287336795531,0.159116492896851,0.353206492965432,0.685575398517011
"gene-LOC134706711|LOC134706711",774.558621228342,-0.0401468100237689,0.185106321122965,0.40787507758761,0.724670291097033
"gene-LOC134706712|LOC134706712",72.3378080287462,0.180829691740591,0.127904619231563,0.0704894562967784,0.318795658694532
"gene-LOC134706719|LOC134706719",57.8056593346013,-0.0418943691266599,0.190918492746743,0.143010885376694,0.439071671623108
"gene-LOC134706722|LOC134706722",219.953521410397,-0.0280561524493127,0.117258931583774,0.757526622983548,0.913333518367751
"gene-LOC134706729|LOC134706729",17.3038820457802,-0.0948337545161899,0.171876035099004,0.316636114791684,0.652827356665472
"gene-LOC134706730|LOC134706730",11.5332185258542,0.0142221701233207,0.164341211866015,0.856251869949362,0.951912276729093
"gene-LOC134706734|LOC134706734",22.4047910036746,0.00582776172380926,0.137282581054715,0.950673347057204,0.984494493039383
"gene-LOC134706736|LOC134706736",7.82066602904855,-0.110867448615527,0.192980815276703,0.223348386849686,NA
"gene-LOC134706738|LOC134706738",50.3438816370996,0.328883627225397,0.288024061502397,0.026639541418864,0.196480550519656
"gene-LOC134706740|LOC134706740",9.06285970420543,-0.00595220628325541,0.168538715923139,0.932578830493182,0.979075329977959
"gene-LOC134706742|LOC134706742",7.23034707843985,-0.0471578684981302,0.178882687298819,0.485979220156857,NA
"gene-LOC134706746|LOC134706746",24.3087194963347,0.0629084909634848,0.166516949771056,0.473553158240687,0.765397713606988
"gene-LOC134706747|LOC134706747",35.7812448548583,0.0871831525868786,0.187607326831105,0.287642040895326,0.622556249870652
"gene-LOC134706748|LOC134706748",1670.46227290681,0.618453176137345,0.32178329182581,0.00322833337518677,0.0584513333430839
"gene-LOC134706753|LOC134706753",10.9779844671678,-0.00739544256451023,0.182814868665702,0.826401781860321,0.94211397209184
"gene-LOC134706765|LOC134706765",9.81453530489947,0.00734741135977604,0.17517002481275,0.902745529716324,0.970481888085266
"gene-LOC134706774|LOC134706774",17.2417228509146,0.0938456429800508,0.176032683076539,0.313112037041087,0.649338534511101
"gene-LOC134706777|LOC134706777",60.6515780416011,-0.224502604621991,0.120789324568811,0.0224841072785087,0.180664377956246
"gene-LOC134706779|LOC134706779",15.0816839240455,0.534509330389035,0.231327903056278,0.00165043839308073,0.0393947778531426
"gene-LOC134706781|LOC134706781",36.2636296738277,0.122644394249631,0.151128141904123,0.231058643296572,0.567151790324403
"gene-LOC134706783|LOC134706783",33.4925999697592,0.549602715633172,0.237310320329307,0.00154869191096717,0.0376012733172939
"gene-LOC134706785|LOC134706785",38.4399542771859,-0.0510751535763381,0.120886523121662,0.580370282039204,0.822792030282288
"gene-LOC134706786|LOC134706786",70.030576372157,-0.0396582788905202,0.118073346558728,0.667091331905884,0.873886939453985
"gene-LOC134706787|LOC134706787",7.99656566758595,-0.00564305047892436,0.175859124412752,0.920450981452771,NA
"gene-LOC134706788|LOC134706788",29.1027754225964,0.334384794035915,0.213810365822457,0.01667618775561,0.153985935988591
"gene-LOC134706789|LOC134706789",44.6427129346807,0.239786837536032,0.152202556622248,0.0332819530022301,0.220191471674175
"gene-LOC134706790|LOC134706790",21.4903984101179,0.00989127286719329,0.154609102157539,0.909727520868573,0.973615656161784
"gene-LOC134706791|LOC134706791",28.1756089857746,-0.491604582552098,0.23557448540481,0.0030074217378333,0.0570550866834661
"gene-LOC134706793|LOC134706793",17.5117360323856,0.0707111074514455,0.176606666988936,0.394864439327956,0.716011268816252
"gene-LOC134706798|LOC134706798",9.35325493463855,0.063171411410036,0.170045059151468,0.459440472994273,0.760617503125799
"gene-LOC134706799|LOC134706799",35.022060039759,0.142559752420575,0.145500998821044,0.167040103791487,0.476221104931824
"gene-LOC134706800|LOC134706800",62.2537009661889,0.213441071526234,0.138077251127148,0.0429541362890766,0.253379982987508
"gene-LOC134706803|LOC134706803",6.57067868335108,0.00676456856454749,0.184105840398749,0.80648335599227,NA
"gene-LOC134706810|LOC134706810",20.0870851656807,0.384276308244137,0.376109998953034,0.0195619137336045,0.167699786279633
"gene-LOC134706811|LOC134706811",51.2330440425412,0.240881538045885,0.172043945818995,0.0420874794023017,0.250739763094952
"gene-LOC134706812|LOC134706812",162.425458235434,0.395755532346328,0.113182467173149,7.66083373419188e-05,0.00611779999320052
"gene-LOC134706813|LOC134706813",16.0450778331569,0.023731811894681,0.183416519737789,0.563334337113555,0.817009237008096
"gene-LOC134706817|LOC134706817",6.99356800049404,0.0251066321602674,0.185161043603892,0.469473293001763,NA
"gene-LOC134706819|LOC134706819",17.5458469892632,0.00867760975564608,0.169791522603169,0.902399966885133,0.970300234456073
"gene-LOC134706824|LOC134706824",6.79595553886953,-0.0442283437741967,0.190900496231073,0.177173868346008,NA
"gene-LOC134706826|LOC134706826",14.6771162853512,0.120482994500338,0.169041812792924,0.236754951581621,0.573348038519884
"gene-LOC134706827|LOC134706827",135.335400684954,0.601069601071344,0.219486984779213,0.000466103570095554,0.0187535966485023
"gene-LOC134706828|LOC134706828",56.9665029077814,1.2330973144108,0.396807721293633,8.64984057649617e-05,0.00659255077745163
"gene-LOC134706830|LOC134706830",75.3356205080008,0.0704588532028911,0.0963188783615325,0.39320490737849,0.715133510128769
"gene-LOC134706832|LOC134706832",6.87864630645239,0.0083200036914301,0.18223006024814,0.827233511475323,NA
"gene-LOC134706836|LOC134706836",18.4527975039267,-0.0196853856303986,0.170997105617511,0.776151422224367,0.921617126274472
"gene-LOC134706837|LOC134706837",346.580866293433,0.195978388083423,0.0911783229897416,0.0149557548209909,0.144948654366885
"gene-LOC134706846|LOC134706846",19.8953576924318,-0.0128599761583242,0.134785198931205,0.889386658662448,0.965876007167068
"gene-LOC134706851|LOC134706851",8.17363647797878,-0.0445857468394776,0.185296539322994,0.395313168786529,NA
"gene-LOC134706852|LOC134706852",926.340026840485,0.0168239733751827,0.0658877644020319,0.779079527490818,0.922418036763322
"gene-LOC134706856|LOC134706856",12.0388265313377,-0.0426547170171328,0.186945318790752,0.351309645390649,0.683528409678556
"gene-LOC134706864|LOC134706864",42.4605672013391,0.0727545824427208,0.11994805035466,0.43398547313809,0.742812589948592
"gene-LOC134706866|LOC134706866",65.5261783596982,0.173758975218303,0.128511368194512,0.0815768218298975,0.341649717113286
"gene-LOC134706868|LOC134706868",25.0243151923311,-0.366498168543285,0.352901538315478,0.0208314268094181,0.173832373466591
"gene-LOC134706869|LOC134706869",7.47296097752559,-0.0251732078259378,0.181851169049836,0.593861771532304,NA
"gene-LOC134706871|LOC134706871",36.171384312563,0.0508879267270966,0.125420827159149,0.587902674527207,0.827356558804305
"gene-LOC134706872|LOC134706872",391.802798595159,-0.99724937745285,0.292529877165905,2.98723077181038e-05,0.00325652739661239
"gene-LOC134706877|LOC134706877",80.2662909985913,-0.050703036028692,0.16381084299432,0.553377402429416,0.810968809659803
"gene-LOC134706880|LOC134706880",15.4447320381566,0.0629663082512522,0.183871091120944,0.372116730219205,0.698972219840205
"gene-LOC134706882|LOC134706882",29.1094492908541,0.0578681659303086,0.131263028377633,0.542721205898906,0.804132019513899
"gene-LOC134706886|LOC134706886",37.0274587043248,0.0690436626022538,0.169249474286233,0.432836913523255,0.742353944514495
"gene-LOC134706887|LOC134706887",110.423943679481,0.262640891044159,0.222706408524644,0.0436625598524944,0.254518225987725
"gene-LOC134706889|LOC134706889",71.6994679334557,0.220287155210588,0.148099853865757,0.0450790686533165,0.258405128100811
"gene-LOC134706891|LOC134706891",82.8751980261995,-0.0135542858120623,0.128190043419953,0.883688644514413,0.96449445448395
"gene-LOC134706893|LOC134706893",7.24947961782998,-0.00692749697184715,0.172532519982995,0.914365698058639,NA
"gene-LOC134706894|LOC134706894",7.05479426274895,-0.0111292232292668,0.173663110891779,0.859830405729116,NA
"gene-LOC134706897|LOC134706897",123.295392495387,0.0688344890422431,0.123768315819244,0.464723923664168,0.762079815003099
"gene-LOC134706898|LOC134706898",91.6587248696703,0.0112330730067706,0.0871275452792104,0.883922086465304,0.96449445448395
"gene-LOC134706903|LOC134706903",27.8182000096307,-2.00445870968851,0.483292892690801,1.21714777347599e-06,0.000277813979295894
"gene-LOC134706911|LOC134706911",7.17243229426907,-0.0198336940043463,0.183815257731318,0.582653258578746,NA
"gene-LOC134706912|LOC134706912",13.9814716874645,0.000951415113134175,0.165626805581035,0.991790401060392,0.996154715256478
"gene-LOC134706915|LOC134706915",12.7923340759967,-0.0180789246994255,0.144113958562884,0.84302199643636,0.94769256508719
"gene-LOC134706921|LOC134706921",8.81864613103252,0.154899246420558,0.238389203599565,0.0991024095322811,0.370799378289434
"gene-LOC134706925|LOC134706925",12.3807038959418,-0.0499158091563974,0.156355508513188,0.580942047582505,0.823123320182855
"gene-LOC134706932|LOC134706932",317.899914175459,-0.0646229425381823,0.189983922529227,0.288329934517013,0.623065633642682
"gene-LOC134706933|LOC134706933",15.5080329282534,-0.0522294440372341,0.174331713190076,0.494518712728311,0.775432519915755
"gene-LOC134706934|LOC134706934",18.6712754285729,-0.000928993633996752,0.181729078681152,0.978214659985896,0.992206620821689
"gene-LOC134706937|LOC134706937",59.1397584945732,0.0494612804639734,0.169068469155473,0.544210428941565,0.804488274326616
"gene-LOC134706938|LOC134706938",33.8062894313441,0.0902625346225317,0.152786482572015,0.359215276885562,0.688644047661838
"gene-LOC134706941|LOC134706941",12.1036900309664,0.0101490246876427,0.16651968900508,0.892920332474064,0.96692218063611
"gene-LOC134706943|LOC134706943",102.083387050255,-0.122958826993821,0.165203132277283,0.228272622011247,0.564231211901911
"gene-LOC134706944|LOC134706944",11.5287433299639,0.0709533642655195,0.179164859904591,0.380380807669551,0.704597669686427
"gene-LOC134706946|LOC134706946",16.7509934148521,-0.101690303248127,0.18371606390365,0.268343283609668,0.603070567226158
"gene-LOC134706950|LOC134706950",20.1309618415488,0.0722056954754637,0.1467282424455,0.453675026566601,0.757057892173282
"gene-LOC134706953|LOC134706953",26.3300620334501,1.22539367456685,0.308453425540605,3.80314183171944e-06,0.00064659730738504
"gene-LOC134706954|LOC134706954",50.3759564168982,0.168597204400936,0.152513741586255,0.114153470931815,0.389069972788603
"gene-LOC134706956|LOC134706956",8.57263128258774,0.018713424221512,0.181376368627387,0.681126983763221,0.879743853122293
"gene-LOC134706957|LOC134706957",20.3324260866025,-0.146072949872248,0.259316545520507,0.0389580062779449,0.241589030120176
"gene-LOC134706959|LOC134706959",10.9046888559425,0.0235972235747431,0.159764792440338,0.778288547338726,0.921929865352263
"gene-LOC134706961|LOC134706961",31.5158645727797,0.127675212368641,0.178328040971839,0.212887197971031,0.544442609937118
"gene-LOC134706962|LOC134706962",1034.23419039571,-0.123651884591565,0.0704006181729294,0.0566471899077731,0.288584185043771
"gene-LOC134706963|LOC134706963",19.5464968409993,0.014735804859478,0.143194633564115,0.873033991557247,0.959326053006489
"gene-LOC134706965|LOC134706965",17.2785843299212,0.200602291728524,0.248815100161153,0.0781930104221144,0.33556756660653
"gene-LOC134706967|LOC134706967",8.90878185268757,0.254851554920816,0.29682364424404,0.0469013157579085,0.262906531309105
"gene-LOC134706970|LOC134706970",12.5125927759835,-0.132183112620774,0.212627915277828,0.150144600148596,0.449081146390396
"gene-LOC134706971|LOC134706971",7.06074254251207,0.0945019019832441,0.220615797763558,0.00981539361401618,NA
"gene-LOC134706972|LOC134706972",619.318108488605,-0.0129793816397193,0.103740435503787,0.878841075555447,0.96225707753286
"gene-LOC134706973|LOC134706973",13.5289139039756,-0.0173796016391107,0.144667210889158,0.848174817833903,0.949567149848377
"gene-LOC134706974|LOC134706974",33.9459394104262,-0.033048295114741,0.170101168091788,0.655816797299588,0.8679264155601
"gene-LOC134706975|LOC134706975",10.7548839864612,-0.105502641594464,0.206488855327878,0.170418450200807,0.48152276992909
"gene-LOC134706976|LOC134706976",31.9333116726971,0.0212054404296441,0.130231437031126,0.820756440009106,0.93991925961532
"gene-LOC134706980|LOC134706980",15.818122823445,-0.0649323405571185,0.194605345489462,0.206597144624727,0.537240553322642
"gene-LOC134706988|LOC134706988",7.68027247947297,-0.023481775567891,0.18479394379242,0.496460504366252,NA
"gene-LOC134706993|LOC134706993",237.432238604188,-0.435900014963631,0.157838628529174,0.000678646843837717,0.0230550537087939
"gene-LOC134706996|LOC134706996",32.739784745657,0.52162297377841,0.209935245171195,0.00112941079929324,0.0319737072792163
"gene-LOC134706998|LOC134706998",10.905149698348,0.113935303075104,0.207466263718378,0.17066456327086,0.481555723309785
"gene-LOC134707002|LOC134707002",79.6196502179011,0.21838367461817,0.127087367409366,0.0310073296948341,0.212464731039602
"gene-LOC134707004|LOC134707004",62.3219547315821,-0.100565341914644,0.128442499801325,0.296209767218149,0.632493649518168
"gene-LOC134707011|LOC134707011",71.5803650910814,0.0804894030860194,0.10301503831277,0.350877777536393,0.68310349960589
"gene-LOC134707014|LOC134707014",17.9005138994134,0.238847948016565,0.247975620989434,0.058193181408242,0.291128312721651
"gene-LOC134707015|LOC134707015",7.41420698747368,-0.0120756115268589,0.181654372416635,0.768844273900824,NA
"gene-LOC134707018|LOC134707018",92.013133149197,0.0916442898077588,0.138607674276387,0.3508549497076,0.68310349960589
"gene-LOC134707022|LOC134707022",11.6332310431621,-0.0389222280257902,0.188822110063719,0.252404750993466,0.589130303037539
"gene-LOC134707029|LOC134707029",17.2655278148999,0.086768787264127,0.188296309420859,0.284571334935047,0.620080259655605
"gene-LOC134707031|LOC134707031",7.65225840865328,0.0459247293985013,0.176992856383824,0.513802613148095,NA
"gene-LOC134707032|LOC134707032",12.4282575753737,-0.938060940574827,0.525001222438931,0.00234635092573144,0.0481730838164248
"gene-LOC134707033|LOC134707033",15.6672307363069,-0.17564908310181,0.251791895162105,0.0826533095633128,0.343206238232198
"gene-LOC134707034|LOC134707034",12.7552991403021,-0.0368387991770027,0.14830984225886,0.68926281122992,0.883494793758255
"gene-LOC134707035|LOC134707035",69.2473566558774,0.0644312271897571,0.128394258404454,0.497884480605917,0.775841529303202
"gene-LOC134707037|LOC134707037",42.3325511054215,0.107128019111551,0.142255850323993,0.28321385616822,0.618598685841112
"gene-LOC134707042|LOC134707042",31.3394667087089,-0.111967623571701,0.186700383172095,0.235368143933195,0.572298167494372
"gene-LOC134707043|LOC134707043",49.4837352797092,0.00884835502397744,0.127818816255497,0.92525220734256,0.977607353698246
"gene-LOC134707045|LOC134707045",13.152288949816,0.0412405434965763,0.162565016609627,0.626622228469479,0.852274214144405
"gene-LOC134707053|LOC134707053",7.76244391501172,-0.0852463037642204,0.202252758261055,0.164447328011514,NA
"gene-LOC134707056|LOC134707056",764.866410987437,0.0996177095717792,0.162092301715505,0.310251950637195,0.645974985021115
"gene-LOC134707060|LOC134707060",185.31333110233,0.217880204348784,0.105267680668902,0.0150673422528853,0.145629241556884
"gene-LOC134707063|LOC134707063",18.2694315327733,0.308426008605273,0.239073379044527,0.0275644967934993,0.199140538654519
"gene-LOC134707066|LOC134707066",21.4370028154196,0.137644823298895,0.193041807582822,0.178256468835577,0.493924601052751
"gene-LOC134707067|LOC134707067",19.0689818047852,-0.0137226113298004,0.186182215606306,0.721740275650553,0.89893416528748
"gene-LOC134707073|LOC134707073",18.5781053033276,-0.194798635275983,0.330881363060729,0.0234996889062411,0.183377914285454
"gene-LOC134707074|LOC134707074",60.9372340047019,0.152811505554929,0.203294816193964,0.145468169253218,0.442570217279314
"gene-LOC134707077|LOC134707077",7.10652202248227,1.29333979806046,0.581120582788636,0.000935359956212933,NA
"gene-LOC134707079|LOC134707079",49.7278666880846,0.0130250658158566,0.132039401751821,0.889769628116907,0.965876007167068
"gene-LOC134707080|LOC134707080",114.115031438193,-0.704282763398992,0.302952959998819,0.0010173356283336,0.030083479471047
"gene-LOC134707082|LOC134707082",9.30029554619745,0.0358652888909385,0.187923126310754,0.295188875203881,0.631164972040149
"gene-LOC134707085|LOC134707085",8.76894198585389,0.131447336150407,0.220300056096726,0.130899875775455,0.417551287823072
"gene-LOC134707086|LOC134707086",35.4133593111496,-0.404974383742796,0.220027406842572,0.00696719955835831,0.094207535608178
"gene-LOC134707088|LOC134707088",15.5544883170611,0.389340489892756,0.290271627410522,0.0155896596712203,0.147879057452718
"gene-LOC134707089|LOC134707089",6.41207348484981,-0.053460874301515,0.187934492475352,0.325504536697942,NA
"gene-LOC134707090|LOC134707090",11.8277236039773,0.151905614979303,0.226088624349606,0.120209761521691,0.395997384826649
"gene-LOC134707092|LOC134707092",9.20698389893214,0.0758756781235681,0.179777273667221,0.358739293502201,0.688644047661838
"gene-LOC134707095|LOC134707095",27.5824092961951,-0.134101208917998,0.171138846380379,0.197535963180227,0.524463940700506
"gene-LOC134707096|LOC134707096",17.096077905232,-0.0796932650302818,0.201158205549038,0.156391042758867,0.459855143442337
"gene-LOC134707099|LOC134707099",48.484676225324,0.0378016960295153,0.143269540025964,0.6861555652113,0.881738598006672
"gene-LOC134707100|LOC134707100",14.7629429158289,-0.0901156537490029,0.198170769623311,0.213571400446743,0.544714737745469
"gene-LOC134707102|LOC134707102",234.690858839322,0.0215933541243681,0.0861407059577373,0.778027051511738,0.921929865352263
"gene-LOC134707105|LOC134707105",48.646708922118,-0.14276933027143,0.173607712704547,0.176927006472401,0.492107713356595
"gene-LOC134707106|LOC134707106",16.6096028414331,0.0580649768491679,0.198310884360069,0.0260952564102385,0.194093434643973
"gene-LOC134707111|LOC134707111",28.5943545113432,0.108345021988118,0.167490125470571,0.276667364247363,0.612595031750611
"gene-LOC134707119|LOC134707119",11.7322889179212,-0.0587018895216117,0.165981189678888,0.497852710586339,0.775841529303202
"gene-LOC134707120|LOC134707120",61.3818793685985,0.235983103953384,0.157618195301046,0.038693724061894,0.240624518518866
"gene-LOC134707123|LOC134707123",8.63538918758903,0.0705964530652188,0.16696248820683,0.432404168668332,0.741902759678998
"gene-LOC134707128|LOC134707128",6.87506943680926,0.0379636469348816,0.187659030176695,0.318724946187048,NA
"gene-LOC134707140|LOC134707140",8.35522464468317,0.0123038013256896,0.174784870897471,0.841529683297077,0.94707747408349
"gene-LOC134707142|LOC134707142",7.15770329226009,0.0961033547225222,0.20252782852842,0.189245500443785,NA
"gene-LOC134707144|LOC134707144",12.4103071446128,-0.0197903881444757,0.173004482098776,0.776801136819219,0.921617126274472
"gene-LOC134707148|LOC134707148",186.383278530024,0.0725659977989792,0.12592647855861,0.442519849519592,0.749226931129138
"gene-LOC134707149|LOC134707149",11.7840494049183,-0.0100029832637138,0.179165642255809,0.837838127609769,0.94707747408349
"gene-LOC134707150|LOC134707150",12.817958298539,0.0213355674556073,0.173534739907508,0.746964729356936,0.908547940586688
"gene-LOC134707152|LOC134707152",9.90332166636604,0.148099297929538,0.201758282574496,0.152278305054102,0.452796684982187
"gene-LOC134707155|LOC134707155",25.8381830590027,-0.118708467594083,0.179711913045255,0.231084847755397,0.567151790324403
"gene-LOC134707161|LOC134707161",22.4531747609643,-0.0128281793607136,0.138291932584654,0.88949146357889,0.965876007167068
"gene-LOC134707164|LOC134707164",11.3388004241765,-0.00151036685305467,0.175259583438106,0.978103935818777,0.992206620821689
"gene-LOC134707166|LOC134707166",20.7107971188032,-0.0534775512217102,0.156172232884462,0.555969716423477,0.812485555973805
"gene-LOC134707168|LOC134707168",14.1973490056318,-0.0735511063078568,0.163721161226806,0.423288096191031,0.734567682779207
"gene-LOC134707169|LOC134707169",17.6398172163496,0.175552888400366,0.25453016641011,0.0824380243297958,0.342507013483975
"gene-LOC134707170|LOC134707170",75.6010042756717,-0.0292227359681174,0.128770983571452,0.753693105215107,0.911245290781213
"gene-LOC134707171|LOC134707171",27.4149258885588,-0.0279987010843648,0.145088602159724,0.760029997635382,0.913937949082784
"gene-LOC134707173|LOC134707173",35.9058110700081,0.308937020513965,0.179761354087456,0.0154456717093482,0.146954520999176
"gene-LOC134707174|LOC134707174",24.4714666122322,-0.12544212654998,0.195857849122797,0.191948896862839,0.516008370513867
"gene-LOC134707176|LOC134707176",388.908272853568,0.111427161056846,0.103329218981249,0.19769232153957,0.524463940700506
"gene-LOC134707177|LOC134707177",47.5421714007366,0.0902902134820211,0.122574159461687,0.3401568026898,0.67330714202973
"gene-LOC134707179|LOC134707179",81.3861359630751,-0.0912772058107659,0.164409340270034,0.34110260350326,0.673901383821425
"gene-LOC134707182|LOC134707182",16.2537101386015,0.101775259742027,0.167231020033009,0.301309174485157,0.637532505921086
"gene-LOC134707188|LOC134707188",9.610778724683,0.0201721790012402,0.177845214785161,0.720897637291227,0.898488617623077
"gene-LOC134707195|LOC134707195",11.1508574140294,0.0621923771956312,0.179753740734893,0.410578679124866,0.726645668119219
"gene-LOC134707196|LOC134707196",139.677686829397,-0.0200711767581103,0.100465385880285,0.811775547000177,0.935302339935327
"gene-LOC134707200|LOC134707200",18.8047597494094,-0.0726285268281289,0.17942493319045,0.370525175364084,0.698232694300389
"gene-LOC134707212|LOC134707212",12.2351025573441,-0.0287647441047161,0.18476259842809,0.466131312465299,0.762382103707458
"gene-LOC134707215|LOC134707215",1170.43850045033,-0.396023597277505,0.156901554030995,0.00153340815863754,0.0374582380959486
"gene-LOC134707217|LOC134707217",6.99570617685192,0.033388789629661,0.182617104152853,0.51040578408222,NA
"gene-LOC134707220|LOC134707220",17.4399861804675,0.154902676854415,0.265238822293071,0.0466531272999432,0.262320586450181
"gene-LOC134707222|LOC134707222",32.6190523831532,0.0648095444347602,0.168082204813517,0.458528294488629,0.75960323496143
"gene-LOC134707225|LOC134707225",83.6854420903005,0.178463483053283,0.195088735924936,0.113405824728635,0.388599961794154
"gene-LOC134707229|LOC134707229",18.947638335386,-0.0570608969443687,0.174973095397273,0.465005762955979,0.762208728148669
"gene-LOC134707230|LOC134707230",1360.05307619329,-0.177425068906946,0.0937430046653391,0.0296925563407886,0.207138903068882
"gene-LOC134707233|LOC134707233",9.86895078180799,-0.638707258857343,0.30447460323471,0.00210995048057181,0.0451937780354737
"gene-LOC134707239|LOC134707239",16.0635301831877,4.98337715158087e-05,0.182068858033727,0.998393018113356,0.999350774880081
"gene-LOC134707243|LOC134707243",7.79038170840835,0.0507884483327,0.183651039990387,0.411060584051161,NA
"gene-LOC134707250|LOC134707250",14.359865301386,-0.0285538564938589,0.159435264571559,0.735373526285598,0.904191610246111
"gene-LOC134707253|LOC134707253",8.27177837355161,0.057818666629325,0.184835228324143,0.373984217827906,NA
"gene-LOC134707254|LOC134707254",7.47461391907793,0.0339639353899884,0.188532773906111,0.228452545364542,NA
"gene-LOC134707257|LOC134707257",16.0444226352113,-0.0630368082326894,0.180366483072046,0.397938032940416,0.717599701142351
"gene-LOC134707259|LOC134707259",14.4917699131538,0.143018383235407,0.223929469456205,0.124890747709271,0.405646030392982
"gene-LOC134707260|LOC134707260",79.2801557118417,0.0847813200896091,0.138559605272055,0.384007102342123,0.708715225210735
"gene-LOC134707266|LOC134707266",28.7611064244234,-0.0934109413681859,0.131018139718427,0.334646113416503,0.667835364477281
"gene-LOC134707268|LOC134707268",86.8634627574976,-0.158645642767658,0.179344524152776,0.142951037697666,0.439071671623108
"gene-LOC134707271|LOC134707271",20.8905117624381,0.111922457295004,0.164402564568296,0.26593189285017,0.601465081792289
"gene-LOC134707272|LOC134707272",9.42447312480392,0.0413161013540831,0.159289299919796,0.636587750083976,0.857708342854337
"gene-LOC134707273|LOC134707273",6.68265651307307,0.0341536366083814,0.184905512502959,0.441566514201589,NA
"gene-LOC134707275|LOC134707275",30.194912088068,-0.274642517500413,0.175591074277912,0.0253214539523651,0.190959403828814
"gene-LOC134707276|LOC134707276",17.849369373551,-0.000112155052193468,0.173825840488719,0.996879157577855,0.998656613214738
"gene-LOC134707277|LOC134707277",44.7256958950174,0.142162079612796,0.145527392383898,0.169122757569554,0.480277068930026
"gene-LOC134707279|LOC134707279",11.4963715730662,-0.0214252962427156,0.180347793057125,0.666113392376726,0.873638394311296
"gene-LOC134707281|LOC134707281",13.6782698855748,-0.0941653809708587,0.16448245322244,0.330051343126965,0.664965275687907
"gene-LOC134707284|LOC134707284",8.63046730305959,-0.0292171772795402,0.185105156167859,0.448003116627719,0.753098909976723
"gene-LOC134707287|LOC134707287",86.8648377700384,-0.0909810442030949,0.14793632727927,0.354393657417782,0.686602459888457
"gene-LOC134707288|LOC134707288",38.5441466686855,-0.334441347164073,0.276286204677734,0.0236446501120928,0.183487221919373
"gene-LOC134707289|LOC134707289",33.2393854123934,-0.264719942179628,0.180871926571113,0.0312472540651477,0.212901066876715
"gene-LOC134707290|LOC134707290",56.1745021018128,-0.0459600622966846,0.163390286876939,0.587535742782717,0.82733006849527
"gene-LOC134707291|LOC134707291",31.373600927875,0.202224226941151,0.169470775873508,0.0753663796567739,0.330017211393442
"gene-LOC134707300|LOC134707300",17.7578665455502,0.172555324024983,0.201035261959254,0.120252217900535,0.395997384826649
"gene-LOC134707301|LOC134707301",42.6511464386739,-0.0530710160955813,0.149214502069853,0.568119920972476,0.817936623798694
"gene-LOC134707302|LOC134707302",9.05283403581116,0.00731673603142734,0.166432315145231,0.923126532701983,0.976727238151949
"gene-LOC134707307|LOC134707307",74.1495738177665,0.0574452884420289,0.171393586297453,0.485150210850957,0.770166733330883
"gene-LOC134707310|LOC134707310",20.6782269045257,0.0283801590319241,0.166982176771014,0.714285264907955,0.895621835220216
"gene-LOC134707311|LOC134707311",57.8095101187094,0.105607965399063,0.122232117030445,0.264816170734677,0.599943334691713
"gene-LOC134707316|LOC134707316",8.26974140778223,0.0624607838750756,0.189758657690279,0.296038353748897,NA
"gene-LOC134707317|LOC134707317",84.7611685705189,0.0103931778760148,0.156433871588712,0.903562231648264,0.971103375508964
"gene-LOC134707319|LOC134707319",17.8834563479588,-0.0632560087992895,0.166287085600358,0.471618543305041,0.764979311636692
"gene-LOC134707320|LOC134707320",13.0869280391884,0.0763972722533524,0.179066748932936,0.359008268907162,0.688644047661838
"gene-LOC134707323|LOC134707323",61.9851254929859,0.0468613589704952,0.100934054754037,0.581375047753829,0.823352005505491
"gene-LOC134707326|LOC134707326",95.4748368362883,0.129277295623754,0.130354982735847,0.191115407327768,0.514335643007377
"gene-LOC134707327|LOC134707327",40.2222787477874,0.156103289740773,0.15081672974941,0.140161455328184,0.434577720880634
"gene-LOC134707329|LOC134707329",9.46319156681838,0.256663453781903,0.431326020277795,0.0236909765853622,0.183487221919373
"gene-LOC134707337|LOC134707337",151.016160589503,-0.268377411783933,0.121564371016296,0.0074194252282184,0.0967849210881575
"gene-LOC134707339|LOC134707339",22.3966684981761,0.0174331149941841,0.171780220690099,0.799310681852425,0.929028186366712
"gene-LOC134707342|LOC134707342",115.755709091358,0.297943386333643,0.136187865210488,0.00655435532857772,0.0907840106578366
"gene-LOC134707344|LOC134707344",958.201156119709,0.0310382441605122,0.080794316407135,0.670654176782489,0.874285257527977
"gene-LOC134707346|LOC134707346",279.466520001326,-0.230994740140626,0.0919608157877805,0.00451685914158109,0.0723438351900755
"gene-LOC134707348|LOC134707348",30.280033231945,-0.0586727242068115,0.14411738142396,0.535729560071912,0.800777567013534
"gene-LOC134707354|LOC134707354",10.7424254750423,0.0456398213030929,0.160623454971662,0.600152760016299,0.835910709221787
"gene-LOC134707367|LOC134707367",8.71070771508686,-0.00907127347031464,0.18088836899259,0.831438240144811,0.944304914635002
"gene-LOC134707368|LOC134707368",56.0368678215211,0.0557986663558253,0.120434936677189,0.547227330087918,0.807627484130562
"gene-LOC134707369|LOC134707369",85.3359546001772,0.164778756775189,0.0981270900195114,0.0508742308760723,0.272928038288421
"gene-LOC134707371|LOC134707371",20.4953779915032,0.160575882745126,0.221824105874735,0.119163229522548,0.394872199013448
"gene-LOC134707374|LOC134707374",21.6040861036153,-0.0194094108893137,0.174769584210661,0.755462737911854,0.912049559951766
"gene-LOC134707377|LOC134707377",11.1682667869771,0.127129183710965,0.241284364801968,0.0433347332551736,0.254237540494855
"gene-LOC134707379|LOC134707379",41.6855289209839,0.268426484252761,0.153541314197632,0.0197492325475528,0.168741264440729
"gene-LOC134707380|LOC134707380",72.4855702325646,0.109378124651263,0.111337350683073,0.226768351541997,0.562607350428921
"gene-LOC134707381|LOC134707381",9.75153565211879,0.0220627918972402,0.175387029296257,0.724729718684134,0.900671561173723
"gene-LOC134707386|LOC134707386",8.86192114966987,-0.0962875770579458,0.214168675467257,0.0815564227846533,0.341649717113286
"gene-LOC134707393|LOC134707393",1836.33192752019,0.0227725075406004,0.0795852842167633,0.752220765321986,0.910392787060776
"gene-LOC134707397|LOC134707397",20.5281364346067,0.00646838564718174,0.185281052711983,0.725198446229828,0.900671561173723
"gene-LOC134707401|LOC134707401",9.40762051373667,0.0390845048427194,0.166471863312282,0.629114088396412,0.853608008147589
"gene-LOC134707402|LOC134707402",37.2635374721513,0.438019689337805,0.157222298437326,0.000656655455679613,0.0228648883194596
"gene-LOC134707405|LOC134707405",372.634619976655,0.0343096911647598,0.094082486559184,0.673075229331535,0.874831740074501
"gene-LOC134707406|LOC134707406",24.221172535507,0.0563333695484729,0.132175897902642,0.552615031958742,0.810968809659803
"gene-LOC134707408|LOC134707408",40.3133568109496,0.149198315931424,0.159379955312586,0.160465982193842,0.465611639557216
"gene-LOC134707409|LOC134707409",28.6402941251863,0.011005504488993,0.125618021286591,0.906125778653458,0.97257056389197
"gene-LOC134707410|LOC134707410",13.2386844489371,0.0228465854668356,0.18464056595696,0.515091368699115,0.787300322121578
"gene-LOC134707412|LOC134707412",22.4224590029445,0.0073584198388771,0.133613982449709,0.937876980007121,0.982115191680575
"gene-LOC134707414|LOC134707414",30.0715525413755,0.0990201566292466,0.13996551301506,0.31632561967024,0.652667323748992
"gene-LOC134707424|LOC134707424",29.6143750189695,-0.822892510600098,0.529025818318866,0.00343540663875876,0.0603807084747856
"gene-LOC134707426|LOC134707426",19.3504048750806,-0.0986841848927071,0.219174833296025,0.0455213367107467,0.2595533515498
"gene-LOC134707428|LOC134707428",11.280480015944,-0.0243178897743993,0.158218883991068,0.78286195278693,0.924230937237932
"gene-LOC134707431|LOC134707431",25.0577155760731,-0.187503349859511,0.218782718207965,0.0976997791911835,0.368024335849615
"gene-LOC134707434|LOC134707434",9.51245823813695,-0.0520587885326843,0.168875735252461,0.527123152437458,0.795148183685088
"gene-LOC134707435|LOC134707435",6.59340980956708,0.0403184715912346,0.187264649296983,0.341414662250744,NA
"gene-LOC134707436|LOC134707436",1953.52758602512,0.0659211890528284,0.161739775309066,0.472157971507987,0.765376164698452
"gene-LOC134707437|LOC134707437",24.1341454432856,-0.0695006592386897,0.143304146752106,0.469808024574074,0.763604028857977
"gene-LOC134707441|LOC134707441",24.5055674521948,0.286008088372489,0.195840524335954,0.0266583003237923,0.196480550519656
"gene-LOC134707442|LOC134707442",27.5510909691254,0.0285349483665277,0.158116129117214,0.739354710213889,0.905553030436198
"gene-LOC134707444|LOC134707444",238.504540997344,-0.241290823969955,0.153029467891111,0.0318818676452588,0.215416430417179
"gene-LOC134707445|LOC134707445",116.334222560004,0.0206466924430039,0.0961846292292081,0.80243656739243,0.930169288721522
"gene-LOC134707448|LOC134707448",12.069033725648,0.0568540732760427,0.190668984590723,0.270953244784743,0.605514845592152
"gene-LOC134707454|LOC134707454",16.8986863259789,-0.628709984883602,0.291907310329449,0.00183184296917809,0.0416482573348385
"gene-LOC134707457|LOC134707457",16.6178190249349,0.354530397294339,0.294684011693744,0.0214541511731255,0.176068674346639
"gene-LOC134707460|LOC134707460",47.5357920598648,-0.146548396662025,0.136089511560188,0.146701037420911,0.44368711276287
"gene-LOC134707461|LOC134707461",61.8826216129175,0.10936460806164,0.108042996887711,0.219422297356984,0.55226066846844
"gene-LOC134707462|LOC134707462",28.1643375847688,-0.00618042407164566,0.153495257402021,0.941725682190665,0.9826587964502
"gene-LOC134707464|LOC134707464",21.7856002356823,0.0591620829537739,0.195497431562698,0.144578012294321,0.442025032146387
"gene-LOC134707468|LOC134707468",13.3927036756888,1.36230559183311,0.472639872525256,0.000175422452775082,0.0105023409431902
"gene-LOC134707472|LOC134707472",11.640568334294,-0.0138563312112657,0.160625148671353,0.864222763072454,0.954382077635501
"gene-LOC134707476|LOC134707476",24.262855720224,0.040473335389414,0.162478005493313,0.632610770544732,0.85623909964459
"gene-LOC134707482|LOC134707482",54.5832694509285,0.0647732771435061,0.128887173075854,0.495292652866238,0.775820738124454
"gene-LOC134707483|LOC134707483",106.963793449431,-0.00851163009098416,0.110829916614666,0.92405610005212,0.97716892352406
"gene-LOC134707486|LOC134707486",19.0648462315108,0.0252696545733551,0.177882026279986,0.665789892063813,0.873638394311296
"gene-LOC134707487|LOC134707487",13.173574254839,0.191626474940237,0.213426083026595,0.0955639946827699,0.364490557265249
"gene-LOC134707488|LOC134707488",20.9236184810183,0.218294116770738,0.171323354462934,0.0599663190320557,0.294350802560574
"gene-LOC134707489|LOC134707489",68.7023854212823,0.0840903236178344,0.139435793723818,0.376874657640461,0.702217474338246
"gene-LOC134707490|LOC134707490",20.825367049445,0.0704989504872715,0.155317123192041,0.456177758877365,0.759008374628369
"gene-LOC134707491|LOC134707491",8.3645989816592,-0.0451784451483517,0.178270716319244,0.502017973194695,0.779659637723591
"gene-LOC134707492|LOC134707492",67.1181768329951,0.00133380755730468,0.184776375855713,0.957062778034401,0.986228348019648
"gene-LOC134707494|LOC134707494",4.6196571263876,-0.0221865033328858,0.185686704559801,0.439735810889361,NA
"gene-LOC134707496|LOC134707496",14.8534297586776,-0.0625340609502198,0.179997756899649,0.404615785445565,0.72282750425568
"gene-LOC134707498|LOC134707498",68.3581262585256,0.115411331235829,0.178106596206129,0.244940822191905,0.58368201064997
"gene-LOC134707502|LOC134707502",12.0686848978142,-0.0643966733600416,0.177288053764304,0.414719004610861,0.730673063606098
"gene-LOC134707503|LOC134707503",9.85863381557641,0.144812244219443,0.238312230216746,0.0929122661955501,0.359493329911178
"gene-LOC134707504|LOC134707504",36.7063167986307,-0.0789204145771075,0.148273400909837,0.41407634480723,0.730673063606098
"gene-LOC134707510|LOC134707510",16.4117946819775,-0.0314760954763347,0.167420725751842,0.683435787342006,0.880856712677963
"gene-LOC134707513|LOC134707513",52.9624677876668,-0.0303046034865887,0.152155505352851,0.733319897656244,0.904147287724714
"gene-LOC134707514|LOC134707514",26.269549798331,-0.165598675108647,0.281835020083207,0.0344981468683936,0.224675592049032
"gene-LOC134707518|LOC134707518",87.1069682809469,0.278962797885903,0.145627593717046,0.0134389064233858,0.137991982901347
"gene-LOC134707523|LOC134707523",37.8913172939823,-0.0514975271008468,0.18019679779801,0.447779820480636,0.753070183925988
"gene-LOC134707534|LOC134707534",9.28441688136036,0.191034089421968,0.26982687537269,0.0685743280831915,0.314614882110321
"gene-LOC134707535|LOC134707535",8.57969017342017,0.173978410588413,0.26955426160348,0.0640137910155171,0.304597217965692
"gene-LOC134707545|LOC134707545",99.4801040124764,-0.437299785412891,0.174362208213494,0.00136623634552055,0.0351785046481171
"gene-LOC134707550|LOC134707550",81.0085821930397,0.1078745217586,0.122781057136366,0.2571781132834,0.592190712302003
"gene-LOC134707551|LOC134707551",19.1556306573453,0.146369352651956,0.214511795282785,0.1393797108934,0.433855964022284
"gene-LOC134707553|LOC134707553",175.143408987614,-0.600623675309209,0.224548195752589,0.000511411774231307,0.0197082746162024
"gene-LOC134707560|LOC134707560",12.2550546322529,0.0118838179259651,0.180534156122861,0.795689011310837,0.928130564935971
"gene-LOC134707562|LOC134707562",5.44457712515344,-0.0317137616655742,0.18731354652689,0.311720942192984,NA
"gene-LOC134707564|LOC134707564",35.0334261541507,0.0956948671983337,0.124105100686091,0.314534317381283,0.65086669384203
"gene-LOC134707565|LOC134707565",25.2001639877909,0.0184289872224051,0.178278946145218,0.736808454652293,0.904326827891169
"gene-LOC134707566|LOC134707566",39.7707850288901,0.0604671268058477,0.169986394209897,0.473997221757534,0.765558069143675
"gene-LOC134707567|LOC134707567",18.7255460008475,0.110370696038711,0.168805566110662,0.269840590005204,0.604697137926792
"gene-LOC134707568|LOC134707568",28.4028919066868,0.0371501745203471,0.137240286453869,0.693092867933189,0.885257856795296
"gene-LOC134707570|LOC134707570",14.3986442630302,-0.0573627662430789,0.176610728504958,0.449470527294521,0.754308497116589
"gene-LOC134707571|LOC134707571",36.9714340248288,-0.309807207353879,0.15441855113859,0.00892475756624723,0.108964479918509
"gene-LOC134707572|LOC134707572",8.39513302028244,0.0740833195053567,0.193147859698552,0.254281066116215,0.589926257508827
"gene-LOC134707575|LOC134707575",17.6203725979172,0.000935155785984332,0.178954139100915,0.986805481107332,0.994206605762167
"gene-LOC134707577|LOC134707577",121.169668329313,0.0855175306945727,0.112048532950918,0.345178192481615,0.677554828778746
"gene-LOC134707579|LOC134707579",21.2709280242518,-0.18794800327797,0.188516039106032,0.1012661321826,0.373447129762233
"gene-LOC134707580|LOC134707580",31.4923130188375,0.113638126230848,0.150020064750809,0.262316099343854,0.597969519261434
"gene-LOC134707584|LOC134707584",126.520356576687,0.29302733558811,0.216233270114568,0.0290402410025477,0.204245113808884
"gene-LOC134707589|LOC134707589",23.6837727632132,-0.652305345130798,0.309121400631416,0.00186108008333791,0.041954718915741
"gene-LOC134707592|LOC134707592",1561.07020114601,0.0822944684154901,0.182818164053488,0.322963312247712,0.658835572789111
"gene-LOC134707593|LOC134707593",7.94653703812208,-0.00619686941501889,0.168346719685874,0.93056226322131,NA
"gene-LOC134707595|LOC134707595",125.656655918798,-0.077009612536109,0.132859251647208,0.422077261763828,0.734083222711761
"gene-LOC134707596|LOC134707596",49.9377788980211,0.0257390433255494,0.108656561636694,0.77137909420796,0.918362331555817
"gene-LOC134707605|LOC134707605",17.3722499480306,0.0388057623481901,0.166247901000873,0.632835603495828,0.85623909964459
"gene-LOC134707606|LOC134707606",9.57131639553373,0.375347694230286,0.372318951863488,0.0205008388263041,0.171915185748938
"gene-LOC134707607|LOC134707607",37.3158736016715,-0.0821116015798037,0.140177192328817,0.399032444022974,0.71768849326368
"gene-LOC134707608|LOC134707608",40.2184556165644,0.0488277800608444,0.169804762064186,0.544098055114379,0.804488274326616
"gene-LOC134707609|LOC134707609",31.8069511830824,0.0142195437980384,0.178156639629222,0.791934834073747,0.927763996462669
"gene-LOC134707610|LOC134707610",8.03150092072591,-0.0367282390756997,0.184061640916993,0.451440549949693,NA
"gene-LOC134707612|LOC134707612",10.517998353845,-0.120515475782514,0.187286363259827,0.217308894805502,0.550164356207759
"gene-LOC134707623|LOC134707623",16.2001355944917,0.0602960851536697,0.184291310780909,0.371685954037188,0.698972219840205
"gene-LOC134707636|LOC134707636",31.8776816631516,-0.142208798125256,0.187864678423789,0.171436609480903,0.482954538696979
"gene-LOC134707640|LOC134707640",26.9789763644472,0.018967841925202,0.181697603626788,0.670618807976952,0.874285257527977
"gene-LOC134707642|LOC134707642",20.6982118956608,-0.236380601164496,0.37097093735672,0.030604542755384,0.211081756643366
"gene-LOC134707644|LOC134707644",46.8065305530642,-0.586122054503194,0.28266718779071,0.00228573192159093,0.0474289373730119
"gene-LOC134707656|LOC134707656",243.649503414191,-0.200524820646504,0.0790098169641271,0.00520173004144302,0.0775376249442853
"gene-LOC134707658|LOC134707658",10.9898341732245,-0.0045941051800291,0.157090856249557,0.955663024594651,0.985759459347456
"gene-LOC134707662|LOC134707662",29.4399296061386,0.0155197470679029,0.135773335922925,0.869346127463212,0.958156649312102
"gene-LOC134707669|LOC134707669",143.385288815546,-0.0335917865172084,0.160964522871089,0.691927875032698,0.88483335346043
"gene-LOC134707678|LOC134707678",2041.91773208563,0.0414933409502007,0.145440633267846,0.682822654995837,0.880511724932235
"gene-LOC134707680|LOC134707680",14.6405928593932,-0.154470957580887,0.244868255022592,0.0858508027830012,0.348363479737245
"gene-LOC134707690|LOC134707690",547.540358961088,0.111488048741876,0.0813998123352869,0.127338673733228,0.410269816033304
"gene-LOC134707691|LOC134707691",11.7951368876908,0.0534590578756183,0.162282020849997,0.54122753158758,0.803480872096684
"gene-LOC134707694|LOC134707694",20.9998332753066,-0.0323447703356984,0.162999070610792,0.689854736834074,0.883827222914589
"gene-LOC134707699|LOC134707699",8.51046771592519,0.0393715982630131,0.16874624567197,0.617184759857084,0.847512217709371
"gene-LOC134707700|LOC134707700",7.54402442215459,-0.00956310767663751,0.182458272604621,0.794095429280198,NA
"gene-LOC134707702|LOC134707702",16.3696497887189,0.193133728710079,0.235170247672716,0.088745700510937,0.351686411477795
"gene-LOC134707703|LOC134707703",43.8860061477141,-0.0101007033753667,0.120058499349414,0.911627141257119,0.973951058977618
"gene-LOC134707709|LOC134707709",17.7320591414119,-0.519543744029991,0.294897682108734,0.00509511344915582,0.0767313580054311
"gene-LOC134707710|LOC134707710",5.65442895810194,0.00262588953429572,0.183320474961271,0.934065652370917,NA
"gene-LOC134707712|LOC134707712",31.6626726632933,-0.436325988865213,0.304613809028372,0.0108047907572226,0.120610522978773
"gene-LOC134707725|LOC134707725",717.509357385068,0.054458936937922,0.0913669215020175,0.496290114662617,0.775820923750395
"gene-LOC134707729|LOC134707729",176.081717627038,0.0383098760729387,0.103816682591574,0.657856747524452,0.868745373297953
"gene-LOC134707730|LOC134707730",18.6520249636327,0.10032104129084,0.17274675870641,0.297010537441791,0.632493649518168
"gene-LOC134707731|LOC134707731",8.95550358655217,-0.197651825534344,0.33013734493564,0.0267941516411782,0.197282745551579
"gene-LOC134707734|LOC134707734",14.5282013415253,0.00186361093416935,0.18276113745809,0.959082533653771,0.986770319480221
"gene-LOC134707738|LOC134707738",10.5378510743335,0.101273569183544,0.204687394362439,0.178990424398508,0.495206840835872
"gene-LOC134707747|LOC134707747",38.0071503171029,0.157913162238247,0.154316451576186,0.138268176826645,0.431585796385391
"gene-LOC134707756|LOC134707756",10.5674941436226,0.0907291528514518,0.167626403152557,0.340223103428509,0.67330714202973
"gene-LOC134707761|LOC134707761",87.6854778954061,-0.106656908240243,0.163960111888164,0.283164686899895,0.618598685841112
"gene-LOC134707770|LOC134707770",34.3753922908035,-0.54557796453752,0.294287075652219,0.00391460749196048,0.0648351317942843
"gene-LOC134707773|LOC134707773",43.6470281282148,0.00251440846818591,0.134575541244274,0.979193755594904,0.992648326282467
"gene-LOC134707780|LOC134707780",87.1253588663753,-0.0239776572163509,0.132755963696886,0.796357372734629,0.928130564935971
"gene-LOC134707782|LOC134707782",19.3946810454959,0.104683991716839,0.169619199619763,0.286450829375015,0.621461252012184
"gene-LOC134707785|LOC134707785",10.7672318361628,0.0559402364475934,0.182561532385807,0.406677079995991,0.724003575020308
"gene-LOC134707790|LOC134707790",18.8550164486381,0.547554772441976,0.291759734395385,0.00391409651582936,0.0648351317942843
"gene-LOC134707791|LOC134707791",53.0236534289873,0.00980695885226219,0.143955011185869,0.915600192204318,0.973993132853209
"gene-LOC134707792|LOC134707792",7.63748652574704,0.0245921605334406,0.185829005046013,0.424499943893295,NA
"gene-LOC134707793|LOC134707793",439.523540732626,0.0433995934006799,0.0891395435649327,0.579658471377242,0.822792030282288
"gene-LOC134707801|LOC134707801",16.0948447149952,-0.0390205024214032,0.173468678962741,0.587307829393459,0.82733006849527
"gene-LOC134707804|LOC134707804",17.4835517699129,0.122573632543722,0.166702908613207,0.232426254639854,0.569296232021964
"gene-LOC134707805|LOC134707805",15.3781589122224,0.0768395824622594,0.181303461119418,0.348806290385372,0.681380354366077
"gene-LOC134707814|LOC134707814",57.4462137620628,0.180756591496616,0.188507687527924,0.110808409619729,0.385404473776405
"gene-LOC134707816|LOC134707816",27.9556394108506,0.0198329440510168,0.136411032141821,0.833323517567701,0.944830017434723
"gene-LOC134707817|LOC134707817",13.9788611878856,0.223517030486423,0.211959536635322,0.0665794691437668,0.310534126836572
"gene-LOC134707818|LOC134707818",12.4046260412358,-0.0695232454450636,0.180777969338425,0.372040671389383,0.698972219840205
"gene-LOC134707819|LOC134707819",31.7677168541707,-0.322989674198729,0.200533285045793,0.0161754519215987,0.151274648956923
"gene-LOC134707821|LOC134707821",11.0323215282303,-0.0457259600852881,0.182832703015458,0.440249553632566,0.74780993947262
"gene-LOC134707823|LOC134707823",14.3181486490932,-0.279035415045071,0.266413233915861,0.0394822850453734,0.242947438897563
"gene-LOC134707824|LOC134707824",25.1159452961403,0.0525754879601023,0.134135348658267,0.578932716785271,0.822792030282288
"gene-LOC134707829|LOC134707829",23.0682305803757,0.251571186045636,0.169920969678346,0.0346467751823208,0.224942263050374
"gene-LOC134707831|LOC134707831",23.5418083760725,0.0685857237208979,0.168456891358757,0.436537176715528,0.745080621140016
"gene-LOC134707834|LOC134707834",536.691509834574,0.0273115658696143,0.159432511953678,0.748144613767126,0.909074739470153
"gene-LOC134707835|LOC134707835",6.19302856651608,-0.0224153251168598,0.184805663687288,0.50414393359929,NA
"gene-LOC134707837|LOC134707837",1000.76411984871,0.0507935600081233,0.167571986456822,0.544570702663357,0.804676755674917
"gene-LOC134707840|LOC134707840",20.8967811374969,0.00757854766364218,0.141378718022356,0.935105636910831,0.980588711436929
"gene-LOC134707842|LOC134707842",28.1556002399561,0.489288832589097,0.195989285655666,0.00119938042665694,0.0335642706371735
"gene-LOC134707849|LOC134707849",93.606700264222,0.236651872267488,0.169557206214946,0.0441340564864999,0.255467690594581
"gene-LOC134707851|LOC134707851",44.0603594424295,0.271573369590069,0.157699181775968,0.0200212290970076,0.169646238195526
"gene-LOC134707854|LOC134707854",32.0344014037984,0.148349841918629,0.157523326786661,0.161721203171047,0.467066693539473
"gene-LOC134707855|LOC134707855",9.91303892920388,-0.0208833967480375,0.171109617258965,0.763672030005989,0.91587064699078
"gene-LOC134707858|LOC134707858",14.282705283729,-0.0390345058096143,0.182004602801933,0.486717813239656,0.771940955107046
"gene-LOC134707861|LOC134707861",75.2054119852057,0.173324691866001,0.158683551993088,0.111186108910904,0.385797310919355
"gene-LOC134707862|LOC134707862",83.4542612085451,-0.155432771543703,0.120312513976402,0.103947327774186,0.376538829798529
"gene-LOC134707865|LOC134707865",23.3001613988725,0.0519691054129643,0.17375278048298,0.503500724524121,0.780309868242846
"gene-LOC134707866|LOC134707866",16.2145624742176,-0.00249998743580404,0.159021275128928,0.974815057081673,0.991980289222603
"gene-LOC134707867|LOC134707867",62.8876586431176,0.0682375803045382,0.128216019936711,0.472462921339253,0.765376164698452
"gene-LOC134707872|LOC134707872",14.7084822572648,0.0107620290245863,0.181306966528048,0.800855296249503,0.929516460163097
"gene-LOC134707874|LOC134707874",38.1029823853859,-0.030640238785987,0.146123801803636,0.737429098591138,0.904480627390373
"gene-LOC134707880|LOC134707880",11.4230014431345,-0.062912152323469,0.178833898402305,0.409246342818449,0.725694413193968
"gene-LOC134707884|LOC134707884",10.0596511309989,-0.000588778173963605,0.183688691498987,0.980272072827794,0.992729503672812
"gene-LOC134707889|LOC134707889",8.42518958266085,-0.0731150774398336,0.197772726586752,0.182753755406305,0.502762120334333
"gene-LOC134707890|LOC134707890",22.441422891976,0.0755712101594789,0.164267050569895,0.414620897120156,0.730673063606098
"gene-LOC134707902|LOC134707902",18.9545555897175,0.0949964119505113,0.210701347773098,0.114536188441166,0.389284467368208
"gene-LOC134707906|LOC134707906",19.2583141286482,-0.0703274353520597,0.161585209568682,0.445575480366923,0.750745861268743
"gene-LOC134707910|LOC134707910",31.2544042912779,0.0779613468189628,0.144571176798453,0.423038424590434,0.734567682779207
"gene-LOC134707918|LOC134707918",30.3562185485991,-0.0536200331244029,0.147053315875948,0.566612076205144,0.817246169945176
"gene-LOC134707919|LOC134707919",12.4284820316547,0.17215343760247,0.252934849368469,0.0827151834681388,0.343268011392776
"gene-LOC134707922|LOC134707922",154.079839537353,0.0508470589745335,0.0965935726725293,0.539054580464046,0.802171391576601
"gene-LOC134707925|LOC134707925",8.8272620938641,0.0970865735081974,0.198321813465351,0.216352362239559,0.548693629790883
"gene-LOC134707928|LOC134707928",10.9242271431043,-0.010697977775344,0.157149955814038,0.898591453264132,0.968718523675564
"gene-LOC134707930|LOC134707930",14.5661953024524,0.0175653159054342,0.173642279419578,0.786591076912098,0.925759140471473
"gene-LOC134707931|LOC134707931",47.8325001345253,0.263548102343008,0.170946390900559,0.0288039663611527,0.204245113808884
"gene-LOC134707932|LOC134707932",12.0921084882723,0.119664317736776,0.236947125708353,0.0341436263756471,0.223263247133148
"gene-LOC134707933|LOC134707933",38.5382686510057,-0.099520624118762,0.154181531342499,0.315397390046217,0.651947011095639
"gene-LOC134707935|LOC134707935",78.2327861548908,-0.311010871870434,0.210373271810455,0.0211895207766251,0.175673393589637
"gene-LOC134707940|LOC134707940",365.213789000599,-0.000903624055503553,0.122981526961586,0.990841194828228,0.995733655622312
"gene-LOC134707942|LOC134707942",41.8506988499327,0.348742597706149,0.20518749161542,0.0123775989199885,0.131787146518362
"gene-LOC134707944|LOC134707944",12.9821537376652,0.00177483635911892,0.167947190487503,0.981529217149027,0.992729503672812
"gene-LOC134707945|LOC134707945",1535.22640795191,-0.0137082494416056,0.0751810832968386,0.841283825777474,0.94707747408349
"gene-LOC134707947|LOC134707947",7.96453723347137,-0.365943410453194,0.766331938844025,0.0144823600800767,NA
"gene-LOC134707950|LOC134707950",21.5871436624297,0.00902627003761557,0.137574096887396,0.923237247015478,0.976727238151949
"gene-LOC134707955|LOC134707955",91.5927755033702,1.1590217188105,0.14332323522046,4.34920404675185e-17,1.58832931787378e-13
"gene-LOC134707956|LOC134707956",7.95425099180125,-0.00941494041284125,0.168787881591937,0.894034486713251,NA
"gene-LOC134707958|LOC134707958",88.5917464981771,1.08706486558795,0.155439408805661,1.86971244174383e-13,3.41409491862422e-10
"gene-LOC134707959|LOC134707959",8.00540160402702,-0.00588494813632802,0.16858215176855,0.933690815129617,NA
"gene-LOC134707965|LOC134707965",26.6719896464727,-0.173842168330024,0.151494237127522,0.104144311708845,0.376755845825362
"gene-LOC134707966|LOC134707966",97.0061889153051,-0.411378380694826,0.199892583958565,0.00435175852034044,0.0703213367977137
"gene-LOC134707973|LOC134707973",49.8644889010524,-0.502888308936217,0.15827811844158,0.000152312697103399,0.0097587012249406
"gene-LOC134707975|LOC134707975",34.2849931885688,-0.355669146745594,0.31238136568375,0.0214514167780041,0.176068674346639
"gene-LOC134707976|LOC134707976",57.6703496172752,-0.0336887858027149,0.107887910415626,0.701952894333521,0.888726632035368
"gene-LOC134707977|LOC134707977",50.5327625692787,1.18812693982497,0.198322700033336,1.29018546365286e-10,1.0470571807245e-07
"gene-LOC134707979|LOC134707979",224.385051334656,-0.196006447806915,0.308848653086168,0.0399795430888653,0.24436032026868
"gene-LOC134707980|LOC134707980",19.9301414630793,-0.125481793220639,0.230652396903524,0.0830014268235617,0.344064938433198
"gene-LOC134707981|LOC134707981",25.1979174785407,-0.0569950408268248,0.153214947499998,0.537177829053578,0.800777567013534
"gene-LOC134707984|LOC134707984",21.1421257896074,-0.0331075268378386,0.145401139509901,0.718700996052604,0.897485394968067
"gene-LOC134707988|LOC134707988",11.0881043002157,0.0312937921087732,0.16661002697447,0.690485993772582,0.884015722789647
"gene-LOC134707996|LOC134707996",37.3111018418087,0.149441091307696,0.17244105574819,0.163952183174233,0.47052138949355
"gene-LOC134707997|LOC134707997",18.2704221266685,0.00261918545186206,0.147820532718374,0.977439151157004,0.992108888278316
"gene-LOC134708002|LOC134708002",17.9216544275561,0.13167349693187,0.161615749529548,0.206411023505684,0.537095160557718
"gene-LOC134708003|LOC134708003",29.8520405108169,0.0121061998212734,0.132641502828344,0.897365643765628,0.968576719678461
"gene-LOC134708005|LOC134708005",55.8825327835082,0.850233088849266,0.218398645599471,6.24838717807449e-06,0.000971025956354384
"gene-LOC134708006|LOC134708006",7.19222921610212,-0.0768717973199836,0.209564223255493,0.00200212059777724,NA
"gene-LOC134708014|LOC134708014",14.8359831663299,0.0996694176049643,0.172749713847539,0.298185342830565,0.633676387557301
"gene-LOC134708016|LOC134708016",28.673204311187,-0.731733385884506,0.376294047428975,0.0021640176246317,0.0460815881350144
"gene-LOC134708019|LOC134708019",17.5495271578364,0.0614454553065842,0.179235177636464,0.417753145988653,0.731684880296006
"gene-LOC134708024|LOC134708024",89.1856685186253,0.0175903215270315,0.12789898289746,0.850965708078835,0.949649126326633
"gene-LOC134708026|LOC134708026",9.40221759506609,0.0800129368154401,0.192854004124775,0.260403410100824,0.596485623785032
"gene-LOC134708028|LOC134708028",76.9143067405032,0.227827016890288,0.105605183479549,0.0114988782755957,0.125283122999901
"gene-LOC134708031|LOC134708031",96.466708040702,-0.092792104073421,0.15793853453977,0.341404936539171,0.674119587312304
"gene-LOC134708032|LOC134708032",22.7660163314799,-0.905105759117597,0.275222639816558,5.30297541881984e-05,0.00503025096870911
"gene-LOC134708033|LOC134708033",12.1934466156907,0.0494088623726844,0.175785853790939,0.502715265156565,0.780309868242846
"gene-LOC134708037|LOC134708037",40.1424157278609,-0.0804090663503878,0.139025778882892,0.407301573077553,0.724003575020308
"gene-LOC134708039|LOC134708039",191.251010257225,-0.0185808798599496,0.0867396288229132,0.807891954184163,0.933167457099159
"gene-LOC134708041|LOC134708041",122.543217962754,0.0474627703108132,0.0849178313035061,0.529656909113758,0.796737530162518
"gene-LOC134708042|LOC134708042",62.3935004969047,0.070292193644049,0.129937228141684,0.461639136343055,0.760652977325952
"gene-LOC134708049|LOC134708049",178.139659818955,0.280694006668515,0.119961472145731,0.00507039013345561,0.0767313580054311
"gene-LOC134708053|LOC134708053",24.6782295539118,-0.0105374398971872,0.140787026791676,0.908255929227938,0.973283642470783
"gene-LOC134708054|LOC134708054",43.5317204991091,0.0822395956553714,0.130890089791355,0.393116459951552,0.715133510128769
"gene-LOC134708056|LOC134708056",12.8772163696948,0.0012567334067963,0.179633843638727,0.980452720868966,0.992729503672812
"gene-LOC134708058|LOC134708058",10.0092444206843,-0.0142571574765654,0.182621253461563,0.706295830817956,0.891566616733608
"gene-LOC134708061|LOC134708061",18.1030490440756,0.00521589912901076,0.157229508647632,0.951889009217224,0.984494493039383
"gene-LOC134708062|LOC134708062",20.3228216985797,0.0913020973111137,0.142114509123409,0.352853116849679,0.685253699938861
"gene-LOC134708063|LOC134708063",132.216354270244,0.0219966391323057,0.0945095065137822,0.787617811906995,0.926070333115688
"gene-LOC134708066|LOC134708066",46.0496078829394,0.0104189728677839,0.119251393411692,0.909991097124201,0.973615656161784
"gene-LOC134708069|LOC134708069",15.7412837779093,-0.0496885608790719,0.184793493245372,0.391463482534272,0.713563582837615
"gene-LOC134708070|LOC134708070",6.7867563423742,-0.111462150793802,0.215853348805976,0.125111986119448,NA
"gene-LOC134708071|LOC134708071",15.8784804714152,0.107126381970167,0.178134492105866,0.268100173549076,0.603070567226158
"gene-LOC134708073|LOC134708073",23.1484811485116,0.303515196177579,0.280684620984443,0.0328681145382369,0.218641811099529
"gene-LOC134708078|LOC134708078",19.5881334092787,0.0324510202813238,0.135831060356149,0.729274826712572,0.901997543907916
"gene-LOC134708083|LOC134708083",23.8427589716701,-0.00645190776328495,0.146073823965347,0.941894062698228,0.9826587964502
"gene-LOC134708085|LOC134708085",5.63253854353435,0.0135390609605554,0.183898892776126,0.672345469820718,NA
"gene-LOC134708088|LOC134708088",67.5700673382537,0.0245693343015348,0.126509287736065,0.79210158485586,0.927763996462669
"gene-LOC134708095|LOC134708095",25.1901230468017,-0.0341505778512868,0.141559220285254,0.713369589969122,0.895380768228892
"gene-LOC134708096|LOC134708096",8.44458225405917,0.0533293431602165,0.1885553644858,0.314048988166845,0.650542770723379
"gene-LOC134708098|LOC134708098",29.17221817676,-0.697712242091503,0.373018077675954,0.00266676317573787,0.0520803161379395
"gene-LOC134708108|LOC134708108",20.796393390604,-0.0256332668073278,0.167193523130362,0.73605081067187,0.904191610246111
"gene-LOC134708111|LOC134708111",16.9297783435999,0.0707801597239386,0.155678994519026,0.453930989416325,0.757278391481684
"gene-LOC134708113|LOC134708113",9.13388553611427,-0.0188870137828306,0.181540460618243,0.671563682937663,0.874661401600694
"gene-LOC134708120|LOC134708120",172.758672226194,-0.0229614812519367,0.086498300709094,0.763768908929469,0.91587064699078
"gene-LOC134708130|LOC134708130",12.6967849245385,0.0449925104942839,0.157583507135954,0.613173188182946,0.845181537363321
"gene-LOC134708132|LOC134708132",45.9457683074954,0.103652593643701,0.115795526058782,0.261307276953284,0.596929412550386
"gene-LOC134708133|LOC134708133",16.9698273030087,0.0127687160297374,0.158609825962801,0.879443612079973,0.96225707753286
"gene-LOC134708137|LOC134708137",60.4423032224322,-0.0495912432832921,0.114781027605362,0.584240699112786,0.824916695596325
"gene-LOC134708139|LOC134708139",24.4176399541364,0.0470528505676734,0.141294561794486,0.617578505064317,0.847734147902607
"gene-LOC134708141|LOC134708141",21.5054483965367,-0.0855334486061403,0.171216206222295,0.352016966247229,0.68436450534935
"gene-LOC134708142|LOC134708142",65.2784356679172,0.0499873215375756,0.0995992229023724,0.553278535114885,0.810968809659803
"gene-LOC134708144|LOC134708144",86.225318546345,0.213173786532823,0.114457757043621,0.0243698675391013,0.186775983741444
"gene-LOC134708145|LOC134708145",12.675165297577,0.0202994976424817,0.181203302096901,0.665224283380534,0.873416434999528
"gene-LOC134708146|LOC134708146",734.854742270795,-1.41869464011949,0.530824140229791,0.000228890051129439,0.0123837995070328
"gene-LOC134708149|LOC134708149",16.1454137410195,0.186330442132679,0.301059025616619,0.0408750217295853,0.247760297687047
"gene-LOC134708151|LOC134708151",16.8366743786051,-0.0950878532441884,0.155392373992646,0.334702080402331,0.667835364477281
"gene-LOC134708154|LOC134708154",77.792694802294,0.03075566172457,0.144787467517168,0.739886922581025,0.905553047013525
"gene-LOC134708162|LOC134708162",39.327565106938,-0.0408147545915674,0.110387371083814,0.646295820194759,0.862830318168985
"gene-LOC134708163|LOC134708163",14.6279238611601,-0.00296117275822532,0.161075659562959,0.969686135265383,0.990571682794176
"gene-LOC134708164|LOC134708164",27.1077495208946,-0.334245759748176,0.274283433424533,0.0236548348836622,0.183487221919373
"gene-LOC134708167|LOC134708167",45.1164799350908,0.158397506674419,0.179159910889444,0.145690834580434,0.442590484929448
"gene-LOC134708172|LOC134708172",1012.19917623652,-0.169435739980428,0.177161926402021,0.123226788643184,0.402166427278739
"gene-LOC134708174|LOC134708174",10.7571057775143,0.115185709907808,0.223773735317128,0.0904514447102688,0.354950803762658
"gene-LOC134708178|LOC134708178",10.6809077464568,-0.0824066014601393,0.191576805509215,0.265963142417979,0.601465081792289
"gene-LOC134708180|LOC134708180",11.3722210972516,0.082355534200105,0.198815205770837,0.200076572840649,0.528138521152187
"gene-LOC134708186|LOC134708186",88.281415179634,0.0343936943486451,0.187260742441959,0.332027473219005,0.666718898913323
"gene-LOC134708187|LOC134708187",16.3583902109979,0.00224333307591901,0.168558966691406,0.976626115873891,0.991980289222603
"gene-LOC134708188|LOC134708188",47.6820211671836,0.362693874502416,0.372581177562295,0.0227219335939069,0.181631227716787
"gene-LOC134708195|LOC134708195",24.1001727727591,-0.130707776136632,0.225009610193288,0.113835891556478,0.388789187817004
"gene-LOC134708207|LOC134708207",83.1291526916642,-0.083744472237278,0.155039307959606,0.385505678208618,0.709715972786821
"gene-LOC134708214|LOC134708214",9.45030099152267,-0.000339955086284339,0.167539694471318,0.995367928353623,0.998268724672647
"gene-LOC134708219|LOC134708219",10.3347730647464,0.0600273609867616,0.187331681039424,0.336011411571618,0.669091425877617
"gene-LOC134708220|LOC134708220",73.8897220100097,0.0326360312706872,0.128515839171239,0.728220346482068,0.901512103509326
"gene-LOC134708229|LOC134708229",13.85561425185,-0.100774064103016,0.219937670960374,0.0512095955202217,0.27414318412911
"gene-LOC134708233|LOC134708233",32.4752586112572,0.0294291501169268,0.151531408155433,0.743423099782744,0.906710099467667
"gene-LOC134708234|LOC134708234",52.9461017238701,0.128852525198915,0.130131890286886,0.189251412365476,0.513624629479392
"gene-LOC134708235|LOC134708235",378.701229287962,0.498621265791547,0.220988494090353,0.00209748579839188,0.0451918474084198
"gene-LOC134708244|LOC134708244",21.0956192301497,-0.141650350135112,0.18985384105991,0.172792432505359,0.484420374448051
"gene-LOC134708250|LOC134708250",32.2240790265982,0.0454419751681667,0.145049973940312,0.627004523217535,0.852274214144405
"gene-LOC134708253|LOC134708253",16.4171904649684,0.10508516642786,0.200044707943486,0.204628624316669,0.534807111045063
"gene-LOC134708254|LOC134708254",208.936708124096,0.0298734953751931,0.137771951361179,0.750270191597976,0.909737993408831
"gene-LOC134708255|LOC134708255",41.8936852605311,-0.761682830690365,0.307320834890274,0.000654846311001276,0.0228648883194596
"gene-LOC134708256|LOC134708256",59.5666821269228,0.0964948426977133,0.121873939321425,0.30788112879229,0.643454798261771
"gene-LOC134708257|LOC134708257",196.300626154177,-0.0614576912266216,0.123121924094472,0.509963020938043,0.784567427122387
"gene-LOC134708263|LOC134708263",25.6958607158939,2.68803677095588,0.86081290944844,7.21630829720216e-05,0.00605838112675455
"gene-LOC134708267|LOC134708267",10.0098651355065,-0.0199742883608394,0.174750309817555,0.749614011629261,0.909737993408831
"gene-LOC134708268|LOC134708268",10.7801930728215,0.0659235179930618,0.179119660513202,0.400464095753667,0.71884732253251
"gene-LOC134708269|LOC134708269",28.4679917343618,-0.165172117884081,0.180984029621212,0.132073919132915,0.41996861355978
"gene-LOC134708277|LOC134708277",94.0398228188907,0.124028245516516,0.158385063476251,0.223809663941455,0.558651147740059
"gene-LOC134708285|LOC134708285",41.9468762165961,0.0659156156905695,0.129266489826724,0.488217799760159,0.772659640310824
"gene-LOC134708286|LOC134708286",28.5162960245644,-0.056557057727178,0.142739486041297,0.550409447185822,0.8106562114893
"gene-LOC134708291|LOC134708291",161.953145073542,0.214206602042874,0.125000018391826,0.0320482639044421,0.215742414339212
"gene-LOC134708294|LOC134708294",16.671242109356,0.279405217984536,0.339263730937792,0.0378060870178816,0.236823035659183
"gene-LOC134708310|LOC134708310",74.743808147022,0.188506437437845,0.120669611808314,0.0517411879637363,0.274191739876795
"gene-LOC134708321|LOC134708321",20.9929205970223,-0.0300877160738319,0.181550178844382,0.556104726610702,0.812520288690651
"gene-LOC134708322|LOC134708322",12.0367473351902,-0.086139121430586,0.176897457067902,0.335097409389719,0.667999857582562
"gene-LOC134708327|LOC134708327",26.8610961408752,0.0738571658133809,0.133662879080184,0.442742830334295,0.749430737604101
"gene-LOC134708328|LOC134708328",23.8503647165694,-0.250739216510253,0.207816373820471,0.0464076344489365,0.261410548712399
"gene-LOC134708334|LOC134708334",10.4296457073923,0.0319436739441893,0.182401779142522,0.52666699265366,0.79498896697287
"gene-LOC134708338|LOC134708338",16.7721297315405,-0.0715427246997745,0.185180007527577,0.33457384374615,0.667835364477281
"gene-LOC134708339|LOC134708339",12.2203580238831,-0.278434825732458,0.413522644302412,0.0283033648068878,0.202625860744645
"gene-LOC134708343|LOC134708343",97.1797837604963,0.0687626396482833,0.143887550899288,0.473180265483408,0.765376164698452
"gene-LOC134708344|LOC134708344",158.264444681963,0.00378816946445773,0.149781098734697,0.966611194500974,0.989922625439585
"gene-LOC134708346|LOC134708346",20.6216794781802,0.0863870711126848,0.193363871517626,0.252078097215195,0.589130303037539
"gene-LOC134708348|LOC134708348",56.3784629790458,0.0603176988312258,0.11179424093421,0.503063602635616,0.780309868242846
"gene-LOC134708353|LOC134708353",1022.00737394237,0.233450248317874,0.164493363726859,0.0435305505628943,0.254390589445007
"gene-LOC134708355|LOC134708355",16.348491062685,-0.234469426005486,0.298292277739349,0.0507819754537837,0.272729079937086
"gene-LOC134708356|LOC134708356",8.45048858002286,-0.00134535770846138,0.181530133807625,0.970840654052017,0.991058020572458
"gene-LOC134708357|LOC134708357",19.3042697270306,0.0965009684686363,0.158394113324191,0.328344099770402,0.664143224355932
"gene-LOC134708360|LOC134708360",136.194490413134,0.210878635629565,0.160773054287144,0.0621899321336248,0.299470571584153
"gene-LOC134708361|LOC134708361",8.20028544378499,-0.236377635317127,0.424704415047619,0.0170135521385231,NA
"gene-LOC134708366|LOC134708366",9.14775436256691,-0.0285681080636192,0.181390395001869,0.571531408855619,0.81908683995263
"gene-LOC134708372|LOC134708372",12.0800295421439,0.0752428797273725,0.175478502970313,0.383563413555824,0.708534945020673
"gene-LOC134708373|LOC134708373",17.3375007722246,0.00409510473772045,0.184683220915777,0.8592940462755,0.953010629070047
"gene-LOC134708374|LOC134708374",16.0072523017404,0.0689234891775348,0.175298848400947,0.407596270829895,0.724351134341011
"gene-LOC134708375|LOC134708375",10.3875411070467,0.00848520958344462,0.179519270450403,0.861317004796218,0.9535915016752
"gene-LOC134708376|LOC134708376",686.639143961035,0.0110274523289513,0.0683420171165041,0.862651769934617,0.953887355420667
"gene-LOC134708378|LOC134708378",9.21874587004453,-0.0261062826784884,0.185879132599669,0.412327915556898,0.728858445118002
"gene-LOC134708379|LOC134708379",40.4178988969525,-0.279519925766199,0.381630035953346,0.0311041910303697,0.212464731039602
"gene-LOC134708381|LOC134708381",13.1643629043741,0.0388670256623011,0.178875085574127,0.539355967299275,0.802333194532363
"gene-LOC134708392|LOC134708392",52.7973580025165,0.195948277433261,0.156415808761772,0.0760813824515504,0.331319387254834
"gene-LOC134708394|LOC134708394",8.47254315461973,0.0411390269602215,0.179044525357047,0.523798349848189,0.793749970491724
"gene-LOC134708396|LOC134708396",7.44780949353434,-1.27086738936835,0.697605180534093,0.00188619465956218,NA
"gene-LOC134708397|LOC134708397",21.4621056336166,-1.44021443139389,0.494428794683311,0.000122790889362039,0.00864851546969082
"gene-LOC134708398|LOC134708398",11.5295076491698,-0.183254860528995,0.268992179389731,0.0657956432479759,0.308454029706814
"gene-LOC134708400|LOC134708400",17.283239801075,-0.0590524338546505,0.193339768104311,0.206623644900575,0.537240553322642
"gene-LOC134708401|LOC134708401",12.0599365534386,-0.0973617493391089,0.212165495614524,0.106552049925161,0.379940634494197
"gene-LOC134708404|LOC134708404",27.8902080941095,-0.146520329497785,0.232071661950522,0.106438319520055,0.379940634494197
"gene-LOC134708405|LOC134708405",241.297233919088,-0.0527135989937818,0.146143908794118,0.573045406328102,0.820530023097522
"gene-LOC134708413|LOC134708413",8.26930482387979,-0.0539850784702714,0.193425347329024,0.163843152987558,NA
"gene-LOC134708420|LOC134708420",14.0297079754471,-0.0523175428058835,0.146492792662448,0.576563573436748,0.821701529830636
"gene-LOC134708428|LOC134708428",24.6871441503015,-0.150838396012701,0.227008538715323,0.115436511164336,0.390627865043395
"gene-LOC134708430|LOC134708430",15.1505609859523,-0.0982880796916656,0.2174099785725,0.0604704543358029,0.295326685107531
"gene-LOC134708433|LOC134708433",44.7600916643727,0.0525894438231008,0.163706760794337,0.545230878635781,0.805331918615924
"gene-LOC134708443|LOC134708443",57.959393664072,0.00554485438057985,0.125431363849226,0.953070779613144,0.984893742826034
"gene-LOC134708455|LOC134708455",12.1558513941933,-0.209022963760262,0.269364355706459,0.0653949043421718,0.307459586664456
"gene-LOC134708458|LOC134708458",89.5186055699407,-0.0971479178377449,0.103892172731709,0.262174736271075,0.597969519261434
"gene-LOC134708460|LOC134708460",22.337517438657,0.0445660181284473,0.153477719814911,0.62439892397178,0.851866247363841
"gene-LOC134708463|LOC134708463",196.09001166876,-0.162246707571374,0.143173004315597,0.117726854165766,0.393892238040277
"gene-LOC134708465|LOC134708465",74.1280282319459,0.00886012258650802,0.103744012279062,0.91866795621079,0.975425316494201
"gene-LOC134708467|LOC134708467",171.31614936717,0.586093040586106,0.255516462696453,0.00151144524307218,0.0370456243469771
"gene-LOC134708469|LOC134708469",207.172216007928,-0.487959844209663,0.187948028944365,0.000879083578844233,0.0281615195608696
"gene-LOC134708475|LOC134708475",9.04941888079948,-0.00740654904869621,0.161054741873024,0.926166518388157,0.978074752500429
"gene-LOC134708486|LOC134708486",9.56650053466719,0.249437407059615,0.273829251438741,0.05156740702063,0.274191739876795
"gene-LOC134708490|LOC134708490",49.2484402664796,-0.174020652007754,0.18608547973734,0.117593680509512,0.393892238040277
"gene-LOC134708492|LOC134708492",47.1810088965485,-0.160900536570408,0.186471167357466,0.138788737230331,0.432471389390076
"gene-LOC134708497|LOC134708497",77.6112852265301,-0.0922068827265076,0.116913921651487,0.31667132046355,0.652827356665472
"gene-LOC134708499|LOC134708499",22.9739941734943,-0.0261011359386477,0.173070549320316,0.699687733720304,0.887794947049312
"gene-LOC134708500|LOC134708500",160.51999124001,0.00434671986418144,0.115196580045936,0.962487790968606,0.98819381855984
"gene-LOC134708504|LOC134708504",473.890823207287,-0.065814345084521,0.101294904446772,0.438616887291702,0.746425383219615
"gene-LOC134708505|LOC134708505",19.2023850714035,-0.159187446606334,0.270300857870471,0.0429042260645012,0.253361291943041
"gene-LOC134708506|LOC134708506",8.76790519586242,-0.0121820316284537,0.152504397274125,0.88885182397086,0.965876007167068
"gene-LOC134708510|LOC134708510",48.8195556904911,0.0253121830852036,0.12833257085249,0.786974283837144,0.925911754050661
"gene-LOC134708512|LOC134708512",38.0699258333471,0.128701533396609,0.171729055222061,0.213819822834515,0.544729677706068
"gene-LOC134708514|LOC134708514",333.285919104163,0.0334654328534788,0.0865625198161478,0.661597829240634,0.871000458683055
"gene-LOC134708516|LOC134708516",129.654973552299,0.153685060294391,0.108456877732143,0.087680923649758,0.35000430438005
"gene-LOC134708518|LOC134708518",29.0659751024428,0.0764861766637604,0.137378835384405,0.429998069129477,0.740034377220005
"gene-LOC134708525|LOC134708525",18.6001483113653,-0.0240535132226418,0.141310839858648,0.794206634381707,0.928130564935971
"gene-LOC134708526|LOC134708526",10.733683574961,-0.0578848035894212,0.159252781571019,0.521494219231255,0.792859428886029
"gene-LOC134708529|LOC134708529",20.9659389764726,-0.182300145978088,0.17756379206952,0.104606336555441,0.377679032229827
"gene-LOC134708530|LOC134708530",10.1328598957264,0.0729503716985242,0.184044367249433,0.341489933331808,0.674119587312304
"gene-LOC134708531|LOC134708531",18.0168529342815,0.0177351982306215,0.145613196802671,0.846185212514762,0.948631110948735
"gene-LOC134708533|LOC134708533",23.9645319272545,0.268075500798323,0.376463848390563,0.0341413034187054,0.223263247133148
"gene-LOC134708535|LOC134708535",8.91956199582311,-0.0772856818783911,0.204051171538712,0.0916040628705221,0.357287531360656
"gene-LOC134708550|LOC134708550",12.3620351751602,0.0567813402036752,0.166846470501173,0.508082034358296,0.783393654648795
"gene-LOC134708551|LOC134708551",350.884073200892,0.660991730746291,0.22363257784323,0.000217960371222798,0.0119697936196339
"gene-LOC134708561|LOC134708561",40.1428538176653,0.0665745840076018,0.144153679497797,0.487587382476549,0.772357024855501
"gene-LOC134708566|LOC134708566",20.3520157262955,-0.0689939845605458,0.192460262691372,0.256392802033158,0.591805350247473
"gene-LOC134708567|LOC134708567",15.9018457285467,0.0182427901573249,0.183188029242854,0.634299536777804,0.856400507590126
"gene-LOC134708568|LOC134708568",10.0665272980856,0.0575932262892669,0.18378988867704,0.388419647492687,0.710958250730222
"gene-LOC134708581|LOC134708581",9.83546914304326,-0.0306877936333181,0.187773346144582,0.260472374464745,0.596485623785032
"gene-LOC134708584|LOC134708584",54.8169527138164,0.160424989061975,0.185138234172529,0.145510429644966,0.442570217279314
"gene-LOC134708586|LOC134708586",145.402887411716,-0.061157724062971,0.123322780718414,0.512231689222713,0.785310813099577
"gene-LOC134708598|LOC134708598",18.1024184892252,0.0480804360957585,0.18515217642388,0.392008357695697,0.714022205638247
"gene-LOC134708608|LOC134708608",172.826927491573,0.0377042940553191,0.182607041413747,0.486954874503836,0.771940955107046
"gene-LOC134708630|LOC134708630",17.5403016658113,-0.0044161210467746,0.183604491009955,0.878025250592971,0.96225707753286
"gene-LOC134708668|LOC134708668",23.2803360966311,-0.0182198797824961,0.183277540565512,0.624743412402433,0.851922563396993
"gene-LOC134708682|LOC134708682",53.5383921698795,0.0329220350484936,0.17674319923947,0.609140862665413,0.841370056903966
"gene-LOC134708714|LOC134708714",13.2930277894895,0.0428900500916635,0.183696841516011,0.437805444766625,0.746087486835145
"gene-LOC134709035|LOC134709035",11.7575574644675,0.190736155681629,0.24043707287439,0.0870270716658212,0.349457678103089
"gene-LOC134709193|LOC134709193",16.8322933154785,-0.1873325565543,0.328754871465595,0.0167698760058466,0.154071917417238
"gene-LOC134709213|LOC134709213",12.2733442222201,0.664948299186132,0.539045124828587,0.00716736133976257,0.0951380379503198
"gene-LOC134709225|LOC134709225",74.3212930037887,0.0155517657106482,0.18504725068353,0.562039953960549,0.816455812197265
"gene-LOC134709236|LOC134709236",7.17862959945382,0.0161378931587475,0.184488811839362,0.595627301922436,NA
"gene-LOC134709237|LOC134709237",996.50854487836,0.0473625237423875,0.186121386108415,0.375912999771053,0.701793510817392
"gene-LOC134709265|LOC134709265",21.4119112137364,0.0624766628283554,0.189596987196336,0.298414762997174,0.633795123271695
"gene-LOC134709269|LOC134709269",10.6527771616054,0.0262104775099162,0.184053272779979,0.51804909489771,0.789205290916822
"gene-LOC134709302|LOC134709302",8.99792211948111,0.887684302526942,0.391962294840127,0.00107210445761584,0.0310740117397861
"gene-LOC134709366|LOC134709366",31.9277444032541,-0.0651676025755005,0.193719922610987,0.225129601935745,0.56053724374169
"gene-LOC134709411|LOC134709411",18.1372147176039,0.0191968962149177,0.18676393426654,0.268951533181384,0.604028008003158
"gene-LOC134709435|LOC134709435",186.811181720857,0.00489701683847308,0.185129586425142,0.805154353884196,0.931160199523829
"gene-LOC134709436|LOC134709436",75.4086308260839,0.0132479872737875,0.185877695316989,0.464318997837093,0.761766837421861
"gene-LOC134709465|LOC134709465",11.0007666234487,0.00192940448610727,0.183400162890022,0.952567974282738,0.984792142131794
"gene-LOC134709471|LOC134709471",20.8191998289359,0.00352958613837039,0.179000428213281,0.944423456553383,0.984230731224354
"gene-LOC134709515|LOC134709515",32.3325560521559,-0.0221805182897866,0.157594383784907,0.792494346018225,0.927763996462669
"gene-LOC134709535|LOC134709535",65.3750205282858,-0.0161613538204535,0.18421260258132,0.606648264330316,0.83960158449969
"gene-LOC134709591|LOC134709591",52.2884427735709,-0.0395397359727081,0.159626702565786,0.645014291008302,0.862705569894148
"gene-LOC134709602|LOC134709602",687.707823936344,0.0399617670964062,0.178472893036175,0.53779067159938,0.801310294851464
"gene-LOC134709633|LOC134709633",10.2957248109295,-0.00267155493483537,0.178292285044598,0.956493622177139,0.9860591977956
"gene-LOC134709690|LOC134709690",10.9201978467527,-0.0811269880696523,0.198633445647705,0.197260192407173,0.524463940700506
"gene-LOC134709711|LOC134709711",9.03041845948237,0.0506829955814613,0.189854641554441,0.274473256032988,0.609532581959546
"gene-LOC134709725|LOC134709725",10.8730794686915,-0.259852018151907,0.565293566445591,0.00800420218887185,0.101497730533889
"gene-LOC134709738|LOC134709738",1120.86341167093,-0.355699906025309,0.407430748500225,0.0212939023752642,0.175954596236408
"gene-LOC134709749|LOC134709749",28.7777510117613,-0.0624798998069346,0.192665014583958,0.237999215814685,0.575287904174772
"gene-LOC134709776|LOC134709776",163.741522124284,0.0825943290143394,0.174224395649584,0.355742791119588,0.687756841275137
"gene-LOC134709790|LOC134709790",11.5778759971416,0.075740252427919,0.191908060577096,0.269333115968424,0.604098240268967
"gene-LOC134709805|LOC134709805",71.3059714810484,0.00256676173720139,0.185241377674847,0.892516782978744,0.96692218063611
"gene-LOC134709806|LOC134709806",219.473281105432,-0.129892133848165,0.17028973507926,0.208501342633963,0.539383640633099
"gene-LOC134709812|LOC134709812",10.3593592013798,-0.0499255209206665,0.19280318599325,0.145840692543538,0.442590484929448
"gene-LOC134709813|LOC134709813",26.4870450488047,-0.158531571405293,0.286498007506239,0.0148085447024788,0.144604326300628
"gene-LOC134709824|LOC134709824",38.2418137583725,-0.453622042486508,0.412232612358069,0.0128814766048361,0.13475642685906
"gene-LOC134709888|LOC134709888",39.7459288206324,0.140973921002605,0.143830697919184,0.170187947410139,0.481057572710393
"gene-LOC134709897|LOC134709897",5.88425388083871,0.00609263917656858,0.18286812045077,0.860182205077575,NA
"gene-LOC134709918|LOC134709918",104.10750888756,0.247355888838121,0.157781750996326,0.0316244886811894,0.214670320936252
"gene-LOC134709949|LOC134709949",72.5345260228128,-0.0247580592210385,0.122862188305711,0.788215115925897,0.926070333115688
"gene-LOC134709951|LOC134709951",16.215690945708,0.80509973156928,0.318065883503539,0.000597132569521935,0.0213195092832366
"gene-LOC134709958|LOC134709958",42.371748254827,0.013233359044737,0.152164871207577,0.880638637820899,0.963046056392251
"gene-LOC134709962|LOC134709962",14.7464397862567,0.0168963933965356,0.171684908794895,0.804899393757493,0.931160199523829
"gene-LOC134709964|LOC134709964",23.2854465950857,0.0652351206293168,0.150909824406154,0.491424771987941,0.774219966990478
"gene-LOC134709968|LOC134709968",64.7218734355078,0.117615726644407,0.103276174089129,0.174825282026146,0.487934222361088
"gene-LOC134709974|LOC134709974",16.5077009162972,-0.00402247420109294,0.159797611435857,0.958664891745899,0.986765553736196
"gene-LOC134709976|LOC134709976",10.0686698446664,-0.0733792457889148,0.196774725740573,0.199411947468119,0.527380369394941
"gene-LOC134709977|LOC134709977",3633.16868350761,0.0710399310065506,0.078756848429725,0.266123444808486,0.601465081792289
"gene-LOC134709978|LOC134709978",14.0637053646827,0.180082773825008,0.192834308084818,0.108070807484147,0.381019677617619
"gene-LOC134709980|LOC134709980",12.9850869998415,0.140580085606473,0.258256617674709,0.0289780544001093,0.204245113808884
"gene-LOC134709982|LOC134709982",26.4987928876072,-0.0115739653162917,0.173508585129195,0.853945815678023,0.951303996418525
"gene-LOC134709986|LOC134709986",9.2757467943161,-0.0539974674611083,0.190390188121923,0.266622359715217,0.602167506295592
"gene-LOC134709989|LOC134709989",10.8696591574383,-0.0286163102977973,0.171689911673691,0.685650237532238,0.881738598006672
"gene-LOC134709992|LOC134709992",15.6034394255752,0.0820972882532433,0.154940490669968,0.397214566151699,0.717599701142351
"gene-LOC134709997|LOC134709997",10.1599561601141,0.00331430331811555,0.178521554508676,0.949038180323663,0.984494493039383
"gene-LOC134709998|LOC134709998",32.7236752346862,-0.0352455722008223,0.171392334277629,0.630327686389638,0.854714428403645
"gene-LOC134710009|LOC134710009",47.0087073786786,0.31122089758928,0.176953279748346,0.0143241713758824,0.142390246715563
"gene-LOC134710011|LOC134710011",11.5913179193111,-0.0744244122044237,0.204266002493351,0.0601756935763162,0.294784215882906
"gene-LOC134710014|LOC134710014",34.3314627674732,-0.028464540463341,0.154495694084657,0.741562710805855,0.905785755552463
"gene-LOC134710018|LOC134710018",30.9407549845516,-0.0335035655483288,0.13512569869814,0.720343808812897,0.898418549890129
"gene-LOC134710019|LOC134710019",9.56826283849429,0.0467251207992636,0.180056539127648,0.477701717019152,0.766288513519123
"gene-LOC134710023|LOC134710023",10.874161613619,0.00711441132980088,0.181960164848504,0.855465462119099,0.951617382777627
"gene-LOC134710024|LOC134710024",16.5869259339372,-0.0215457452520134,0.179710243420621,0.674964916996388,0.875967262569584
"gene-LOC134710027|LOC134710027",14.9281789945397,0.0294126552567793,0.173541671036734,0.668753214244406,0.874285257527977
"gene-LOC134710030|LOC134710030",8.70561751261299,-0.00862551078535179,0.179996767930512,0.850826291657476,0.949638636043124
"gene-LOC134710032|LOC134710032",59.3552213005622,-0.57358766542676,0.243609931304281,0.00127550814091463,0.0343775330673078
"gene-LOC134710040|LOC134710040",111.23329752807,0.224215918880887,0.177613253965503,0.0573243085378747,0.289355044616888
"gene-LOC134710048|LOC134710048",177.746270732921,0.0822187910416864,0.134679706614605,0.39659231854545,0.717540325651713
"gene-LOC134710049|LOC134710049",12.4485094197387,-0.0761336221050502,0.189260900963854,0.291614811460818,0.627326605377224
"gene-LOC134710060|LOC134710060",7.80599051342219,0.0172811986718671,0.173218199066828,0.792551391645804,NA
"gene-LOC134710063|LOC134710063",47.5969739974421,0.446324530850592,0.170529106794393,0.0010158865721446,0.030083479471047
"gene-LOC134710077|LOC134710077",11.3347014534692,0.113293024455066,0.173279947374385,0.253971098487795,0.589838906250425
"gene-LOC134710081|LOC134710081",26.9018340248186,-0.716626069024395,0.26157279375791,0.000354365830424403,0.0152252236789402
"gene-LOC134710086|LOC134710086",22.7067278335505,-0.0713344457670232,0.184588193654676,0.339136328817818,0.672198574134421
"gene-LOC134710089|LOC134710089",344.009316177059,0.0737965276656961,0.128344910768866,0.439971908450142,0.747707963156022
"gene-LOC134710092|LOC134710092",66.5053651665097,-0.273566628872042,0.131661072090867,0.0096157173359871,0.112553204202003
"gene-LOC134710096|LOC134710096",31.9116744055185,-0.404530712584605,0.459114389636743,0.0169673853879533,0.154333478049329
"gene-LOC134710097|LOC134710097",21.2606216941652,0.026260023801984,0.171903788955189,0.708183871592269,0.89260035633232
"gene-LOC134710102|LOC134710102",10.0568411708656,-0.0464103986566393,0.183700342728848,0.422117953914211,0.734083222711761
"gene-LOC134710107|LOC134710107",49.875030695919,0.17489277367515,0.153351930612557,0.10386873358693,0.376538829798529
"gene-LOC134710113|LOC134710113",22.7992040677602,0.121301255423912,0.195840264425473,0.201003897147027,0.529730969169136
"gene-LOC134710115|LOC134710115",279.160683727551,0.0518099531210229,0.160985787680759,0.55834504802745,0.814327522123102
"gene-LOC134710117|LOC134710117",8.37019657814743,0.0682585968101242,0.193563115558779,0.241394795191443,0.579601441182874
"gene-LOC134710119|LOC134710119",15.9813954524728,0.0958679793575061,0.190307408646289,0.256602502401357,0.591805350247473
"gene-LOC134710123|LOC134710123",14.0909483033278,0.0935168420761625,0.199552531010643,0.207823492736513,0.538659613537081
"gene-LOC134710128|LOC134710128",11.215176961927,-0.211666046584557,0.246005806690071,0.0723392498908658,0.32273217503882
"gene-LOC134710131|LOC134710131",85.657488348933,-0.0639773263461233,0.151367927225042,0.49689078331111,0.775820923750395
"gene-LOC134710132|LOC134710132",35.2815791922821,0.0506563865054934,0.127704247941365,0.590704925915217,0.829072740375486
"gene-LOC134710144|LOC134710144",10.1786656079535,0.0466546094002277,0.18002232164046,0.477369574518914,0.766288513519123
"gene-LOC134710146|LOC134710146",7.84463747127772,0.054512249670038,0.189159207288139,0.303334685747167,NA
"gene-LOC134710147|LOC134710147",144.784716422483,0.160232190200491,0.127810527088984,0.105639070384101,0.379794652741288
"gene-LOC134710151|LOC134710151",33.2244615734515,0.129091720144877,0.217541556157791,0.139727749663894,0.433916447085494
"gene-LOC134710153|LOC134710153",11.8721271257627,0.0726472045621643,0.15601451538799,0.443629974820254,0.74989475369772
"gene-LOC134710155|LOC134710155",27.2581382808522,0.0229193439881852,0.165151161712976,0.769333894403381,0.917374979983037
"gene-LOC134710158|LOC134710158",9.93558762056148,0.0633965653961657,0.186160797705016,0.345500029117677,0.678004355904222
"gene-LOC134710161|LOC134710161",15.7156614142735,0.448546305966599,0.39940920490936,0.0143273896661047,0.142390246715563
"gene-LOC134710162|LOC134710162",6.92440753380458,0.0312145448096894,0.186034027284144,0.398822959170055,NA
"gene-LOC134710169|LOC134710169",113.447815431695,-0.135456558886359,0.116409466571867,0.146096065055435,0.442590484929448
"gene-LOC134710170|LOC134710170",42.9826165494964,0.013544442469086,0.1351532194583,0.884945882456992,0.964867103368543
"gene-LOC134710171|LOC134710171",8.12669790080328,-0.0181654751016513,0.178663051076313,0.732005768309526,NA
"gene-LOC134710172|LOC134710172",28.459056602498,-0.00685261514547561,0.18177570697579,0.85785839334982,0.952545775150291
"gene-LOC134710174|LOC134710174",8.96638232933582,-0.59925000433916,0.546592444824848,0.0087394763180977,0.107826241600314
"gene-LOC134710175|LOC134710175",177.34100733385,0.0537911428544189,0.0844723971683284,0.475199666213765,0.765853785338503
"gene-LOC134710179|LOC134710179",54.1835647311671,-0.0718223607944337,0.130033446836664,0.451472229640228,0.754977952921186
"gene-LOC134710182|LOC134710182",18.6688089783452,0.382935492998321,0.49005237465816,0.0193969604569485,0.166956717731268
"gene-LOC134710190|LOC134710190",15.0888004409313,-0.0155281769155631,0.182358800431338,0.695469420043698,0.885429430712772
"gene-LOC134710191|LOC134710191",8.11648829377817,0.00105638348877828,0.176760550401596,0.986020379270479,NA
"gene-LOC134710194|LOC134710194",30.3298367447122,0.224481685691585,0.17070264926164,0.0542000401366083,0.282081094512358
"gene-LOC134710196|LOC134710196",55.5280314260213,0.0172744243078983,0.125411455096857,0.852794341778606,0.950561841435073
"gene-LOC134710201|LOC134710201",23.1388277259625,0.151366158790014,0.16220867108159,0.157154168526227,0.46172729159918
"gene-LOC134710202|LOC134710202",11.4588530060467,0.0708559930200257,0.175451086686825,0.39829836945144,0.717599701142351
"gene-LOC134710209|LOC134710209",7.48675305189207,-0.12813867305464,0.240021476410249,0.050761887863241,NA
"gene-LOC134710210|LOC134710210",12.2654971998699,-0.183739008396968,0.244289656844425,0.0863138695742555,0.349272301036212
"gene-LOC134710213|LOC134710213",15.1469075126038,0.0825487949350869,0.184944708675709,0.313031412547542,0.649338534511101
"gene-LOC134710215|LOC134710215",97.2601891475316,0.010106267634852,0.106872699768615,0.908695910021175,0.973469481782731
"gene-LOC134710218|LOC134710218",14.1990516313385,0.01515158327783,0.161110559269097,0.852954861550584,0.950561841435073
"gene-LOC134710219|LOC134710219",17.1125755038358,0.0158500472461818,0.183026564062718,0.674040851393038,0.875234556191066
"gene-LOC134710221|LOC134710221",21.8951563887077,0.00709322054611435,0.151139807433826,0.93642841064022,0.98122361092384
"gene-LOC134710225|LOC134710225",84.8192794156577,0.0472447281764905,0.128807276965626,0.616442520785778,0.847061073162524
"gene-LOC134710226|LOC134710226",230.333003651365,0.299280576612655,0.181584008133299,0.0186538080664014,0.163366203977213
"gene-LOC134710227|LOC134710227",436.116957683912,0.152027382157858,0.0980079918501634,0.0707272485709841,0.319278012090524
"gene-LOC134710228|LOC134710228",35.9971806075368,-0.0211917326798386,0.151719096859274,0.809210112231175,0.933871173919498
"gene-LOC134710237|LOC134710237",21.6892414063041,0.174686451528739,0.234832772623622,0.0996158664253625,0.371467317714289
"gene-LOC134710239|LOC134710239",9.30092268953824,0.0364732208498319,0.178247961918388,0.562882944220912,0.817009237008096
"gene-LOC134710241|LOC134710241",17.521774256417,0.0189144914210704,0.168592585578657,0.797150528623231,0.928511095105415
"gene-LOC134710247|LOC134710247",9.21357877897931,-0.0289898956179578,0.162918431732965,0.721852519400187,0.89893416528748
"gene-LOC134710251|LOC134710251",26.9530080451787,0.0688323488422015,0.139388253565253,0.475215029726825,0.765853785338503
"gene-LOC134710252|LOC134710252",58.3728943179302,0.0425814422481371,0.142167277181403,0.64944459026895,0.864701110157502
"gene-LOC134710253|LOC134710253",14.5026996474014,0.0241667448431247,0.17002211378316,0.7402401035028,0.905553047013525
"gene-LOC134710256|LOC134710256",38.2392743754085,0.158321210242297,0.18684487915113,0.145338167170604,0.442570217279314
"gene-LOC134710258|LOC134710258",8.76969288470148,-0.056643386305855,0.181056409712145,0.416574169996308,0.731628477305431
"gene-LOC134710261|LOC134710261",7.91861857483151,-0.101043269842173,0.211487112105483,0.128596795163486,NA
"gene-LOC134710262|LOC134710262",13.596785385362,0.206589810372386,0.204764879439543,0.0813708785078212,0.341649717113286
"gene-LOC134710263|LOC134710263",198.06896142781,0.231019447675273,0.162243282713256,0.0445601550912282,0.257026165310263
"gene-LOC134710264|LOC134710264",5.98979099223842,0.0299470480212754,0.185004305000994,0.454749494315369,NA
"gene-LOC134710265|LOC134710265",34.2351536844525,-0.139497259783609,0.232397619984988,0.0997135109109015,0.371525809989937
"gene-LOC134710266|LOC134710266",15.8057068215323,-0.0354879821222921,0.178491472689352,0.564488512595985,0.817009237008096
"gene-LOC134710268|LOC134710268",11.2242514011298,0.0633875208807789,0.155511335580695,0.495922899927587,0.775820923750395
"gene-LOC134710269|LOC134710269",20.6415084256691,0.0328296821166972,0.138350871574606,0.726132045095924,0.901064977468676
"gene-LOC134710270|LOC134710270",13.5518827140155,-0.116751701393132,0.196946594447622,0.202233991933691,0.531550803452198
"gene-LOC134710274|LOC134710274",84.3156021776771,0.0875910984113941,0.118916568389232,0.347681264878254,0.680322768367531
"gene-LOC134710275|LOC134710275",40.0425851806196,0.136152939319095,0.152182709776409,0.190069693990481,0.513624629479392
"gene-LOC134710279|LOC134710279",127.712321076483,0.0436756562256436,0.120379540208629,0.636896578037732,0.857966175947546
"gene-LOC134710280|LOC134710280",8.83715316750504,0.085322163508388,0.205735075900742,0.122895634617762,0.401624033668067
"gene-LOC134710281|LOC134710281",9.46586673966457,1.08233995382118,0.371912621228065,0.000158008286443707,0.00981920274047414
"gene-LOC134710282|LOC134710282",10.8562956143896,0.381154142829651,0.304407767090479,0.0179050035619383,0.158711342252909
"gene-LOC134710283|LOC134710283",11.5320596085974,0.0259106794231448,0.180095520149076,0.625404021722711,0.851959904443766
"gene-LOC134710284|LOC134710284",158.963956394007,0.0375171828414263,0.176105786521583,0.579463331245521,0.822792030282288
"gene-LOC134710290|LOC134710290",7.91407143180451,-0.0185211486720296,0.183889597186201,0.595306733808669,NA
"gene-LOC134710295|LOC134710295",26.2240816081512,-0.0474116525610333,0.155708392997858,0.597761004649386,0.834010769428675
"gene-LOC134710298|LOC134710298",31.8172971745805,-0.0625455795864143,0.15017654576415,0.504818305281784,0.781681768449894
"gene-LOC134710299|LOC134710299",17.6754943647169,0.0703038258334359,0.163970466980954,0.441723286039413,0.74870749616306
"gene-LOC134710301|LOC134710301",17.5053945974961,-0.0786559018033761,0.201875179426067,0.140725245991925,0.435348240883109
"gene-LOC134710302|LOC134710302",21.1611522945064,-0.0456855719558991,0.143171028071249,0.624911054331641,0.851922563396993
"gene-LOC134710306|LOC134710306",75.4568341048603,0.200553371613854,0.225323285034179,0.0854743382779865,0.348189942433025
"gene-LOC134710309|LOC134710309",7.48794163417752,0.00321285201980517,0.182000950694641,0.933950133334397,NA
"gene-LOC134710311|LOC134710311",21.0851630619954,-0.11751062012315,0.150953126666461,0.247933842908371,0.585394060688682
"gene-LOC134710314|LOC134710314",332.551580607189,0.245356319795572,0.125642535124915,0.0158663991636762,0.14953313482773
"gene-LOC134710315|LOC134710315",33.1914520257362,-0.0653067438216883,0.148681865564265,0.491374918678774,0.774219966990478
"gene-LOC134710319|LOC134710319",32.2974295288109,-0.218294256270178,0.194549434422458,0.067214153405575,0.312194469458032
"gene-LOC134710322|LOC134710322",46.5052912891435,-0.19785344404196,0.153569177861598,0.0716974961264469,0.321505475436168
"gene-LOC134710323|LOC134710323",8.7425485834303,-0.129118368089845,0.203085154424196,0.172412511831736,0.483602529346774
"gene-LOC134710325|LOC134710325",44.5012827660042,0.088231007341703,0.114546517128076,0.334912465137643,0.667995807035866
"gene-LOC134710326|LOC134710326",10.8812404292864,0.0734421475181802,0.191330376954978,0.275087330518276,0.610525026467787
"gene-LOC134710327|LOC134710327",73.0648021048701,0.283651730430244,0.15008656657456,0.0134019395342756,0.137991982901347
"gene-LOC134710330|LOC134710330",8.85204105608435,0.0774991174239418,0.168863234126299,0.394218613457886,0.71588125162634
"gene-LOC134710333|LOC134710333",30.1702712348359,-0.0175768646603123,0.134042451477358,0.849909006139393,0.949567149848377
"gene-LOC134710334|LOC134710334",28.2240312517109,-0.0292585117705416,0.137300134419531,0.75362971885545,0.911245290781213
"gene-LOC134710335|LOC134710335",18.9837062787875,0.183960070443005,0.17082214378552,0.099630952273041,0.371467317714289
"gene-LOC134710337|LOC134710337",65.3937306276887,0.650171863049276,0.152771909902739,1.79742530436703e-06,0.000386129247738141
"gene-LOC134710338|LOC134710338",194.041722008508,-0.176183195052028,0.143397898245981,0.0925329837633963,0.35877156059527
"gene-LOC134710343|LOC134710343",17.9845115778583,-0.0336466960069548,0.169583543072,0.65492869459769,0.867334287483693
"gene-LOC134710344|LOC134710344",32.5347121692206,-0.0541670782963334,0.155035200528656,0.552596624898214,0.810968809659803
"gene-LOC134710345|LOC134710345",20.8695831859114,-0.30704117257196,0.245386496536352,0.0283243433488887,0.202625860744645
"gene-LOC134710349|LOC134710349",10.4289053332496,-0.0549150560121077,0.186440677898148,0.353610367744973,0.68581256665143
"gene-LOC134710350|LOC134710350",14.4594291155552,-0.10131973197475,0.187466687630935,0.257377297343402,0.592426443130669
"gene-LOC134710351|LOC134710351",91.1579786538749,0.233784960782879,0.110281942944642,0.011936875467411,0.128184636835882
"gene-LOC134710353|LOC134710353",14.5050029746346,0.127397553364498,0.203491881044225,0.175816531588903,0.490326058314374
"gene-LOC134710355|LOC134710355",6.99408619099321,-0.12506960404888,0.238679241590674,0.0460438887086265,NA
"gene-LOC134710358|LOC134710358",14.9411207971658,0.0560536336076382,0.170086463326948,0.499390506470979,0.777563048233645
"gene-LOC134710373|LOC134710373",73.7659091914603,0.0863253654916232,0.136952768065515,0.376473968979399,0.702008136182163
"gene-LOC134710376|LOC134710376",59.8711475932067,0.0566729615859673,0.164268490284306,0.516421482305834,0.787955401454317
"gene-LOC134710379|LOC134710379",120.007010209366,-0.0633336787499766,0.145272451825101,0.505139924862877,0.781682629491198
"gene-LOC134710392|LOC134710392",14.509112588687,-0.117705776750542,0.189247861286919,0.218729053870485,0.55176392738795
"gene-LOC134710394|LOC134710394",42.0385206784169,0.0925408854416663,0.17248698329223,0.324703452218947,0.660990528151389
"gene-LOC134710398|LOC134710398",18.08932166911,-0.161512069621408,0.166784030124228,0.137265022452253,0.429740130300582
"gene-LOC134710402|LOC134710402",15.3467983693696,-0.128284385584953,0.189570890041006,0.199108962719051,0.52728950745376
"gene-LOC134710411|LOC134710411",4.81656403794921,-0.0104427338491148,0.184538580736443,0.687543421922728,NA
"gene-LOC134710421|LOC134710421",25.0937975118873,-0.0451531280831252,0.175701297550856,0.525542371560376,0.794897801175603
"gene-LOC134710423|LOC134710423",18.6644554037523,-0.02599548258571,0.137826777487781,0.779821013773712,0.922548215841139
"gene-LOC134710425|LOC134710425",10.222862571546,-0.0652307388763033,0.197417988905256,0.139648408055277,0.433855964022284
"gene-LOC134710432|LOC134710432",28.5901036687867,0.0235560564198571,0.160703340564662,0.777267455894133,0.921617126274472
"gene-LOC134710433|LOC134710433",62.8191517185326,0.0495173909814324,0.122732727487182,0.595598227032111,0.832424311183034
"gene-LOC134710445|LOC134710445",12.6273915025781,0.0139075047794578,0.166268615199507,0.855076768848935,0.951545739399413
"gene-LOC134710449|LOC134710449",78.840070425557,-0.0886746069008987,0.127784385827006,0.353185145657212,0.685575398517011
"gene-LOC134710462|LOC134710462",11.2295171401332,0.0422515719994539,0.173625387222657,0.565554802323478,0.817098929635215
"gene-LOC134710470|LOC134710470",13.5623050851188,0.0281232414029723,0.178657371516832,0.627388450300762,0.852389367744934
"gene-LOC134710483|LOC134710483",46.2636764169656,-0.0554773596547143,0.181707921397122,0.414500193384108,0.730673063606098
"gene-LOC134710495|LOC134710495",8.51156529978326,-0.0415262920356698,0.180578708519859,0.495509822474066,0.775820738124454
"gene-LOC134710505|LOC134710505",28.6804549244746,0.0333445682381553,0.129955677208038,0.722568795783516,0.89893416528748
"gene-LOC134710509|LOC134710509",10.7404655999766,0.0078603196444088,0.177129335855532,0.887300249770936,0.965560343314498
"gene-LOC134710510|LOC134710510",36.893119845701,0.228843292057668,0.183594465126133,0.0557550487949114,0.286160750479761
"gene-LOC134710514|LOC134710514",64.9581383004931,-0.156916899648868,0.164565122143686,0.143884161712587,0.440826307528831
"gene-LOC134710563|LOC134710563",81.8249481747456,-0.0143142536404855,0.184407272459222,0.344693103577406,0.676784523798218
"gene-LOC134710564|LOC134710564",19.9925982213313,-0.0502361693430177,0.186929539715487,0.348556373105434,0.681074304216718
"gene-LOC134710604|LOC134710604",101.492136077228,0.0742052428167587,0.0942596719373165,0.360466554934169,0.689125107992708
"gene-LOC134710611|LOC134710611",11.68205817591,0.103595297897945,0.166108632366224,0.295051247619115,0.631073319758793
"gene-LOC134710625|LOC134710625",292.754183117509,-0.020739895082012,0.177271061486436,0.716482081198228,0.897160554132699
"gene-LOC134710626|LOC134710626",318.810207406052,-0.00991636531291449,0.177006585828301,0.854011542239358,0.951303996418525
"gene-LOC134710639|LOC134710639",25.8249223850213,0.114450820787469,0.192466846889515,0.218994406872458,0.55176392738795
"gene-LOC134710645|LOC134710645",81.3216477816358,-0.290098100561641,0.272557611588916,0.0348373912397527,0.225578285119817
"gene-LOC134710653|LOC134710653",9.67830185181268,-0.00558207956256709,0.181253240769488,0.889838397073822,0.965876007167068
"gene-LOC134710664|LOC134710664",296.701756347919,-0.252514745197718,0.11874525831427,0.0100226937005807,0.115466490203535
"gene-LOC134710676|LOC134710676",18.6282739696401,-0.0537133902338202,0.188646520390312,0.30903015334887,0.644410890261605
"gene-LOC134710677|LOC134710677",69.0202900830909,0.258395615303707,0.122791153860919,0.0104285409326028,0.118636739028961
"gene-LOC134710693|LOC134710693",37.6356602896203,0.0955070476660365,0.1430817488161,0.332590968036372,0.667054949666305
"gene-LOC134710702|LOC134710702",17.8397991129188,-0.288261551996821,0.244534207470562,0.0341434072029431,0.223263247133148
"gene-LOC134710713|LOC134710713",36.6276777002941,-0.0489207611824536,0.13023397008978,0.603770225395473,0.837509762578744
"gene-LOC134710718|LOC134710718",75.2834295237863,-0.538435212183661,0.26112116493842,0.00262145032733419,0.0516976869482826
"gene-LOC134710725|LOC134710725",13.3714409065219,-0.258178092780146,0.252947206033159,0.0474820305118511,0.263931747432035
"gene-LOC134710726|LOC134710726",62.9188739291658,-0.0326330427716575,0.168568391239684,0.667597208514988,0.874015058432241
"gene-LOC134710733|LOC134710733",37.3215919125761,0.0691676019925494,0.192918085466053,0.252268148841693,0.589130303037539
"gene-LOC134710734|LOC134710734",34.4356286254793,0.184109994814928,0.310378100913518,0.0288941880433143,0.204245113808884
"gene-LOC134710735|LOC134710735",7.10267250216871,0.0886405838633375,0.208784689715465,0.101572717892352,NA
"gene-LOC134710739|LOC134710739",27.3977492807679,0.20981352193105,0.33396446073087,0.0343846034458511,0.224236735329014
"gene-LOC134710740|LOC134710740",33.8510304511474,0.13549653908234,0.231165863991162,0.10160141258809,0.373805442578181
"gene-LOC134710777|LOC134710777",7.65516845889948,-0.0526612802484381,0.195856950462015,0.0341765396121462,NA
"gene-LOC134710785|LOC134710785",1407.58912968823,0.00744096077766234,0.184658361855957,0.765796706262877,0.916160944715492
"gene-LOC134710788|LOC134710788",61.3460724903892,0.00528354173312104,0.185430954036105,0.748043259797599,0.909074739470153
"gene-LOC134710793|LOC134710793",11.0032143897535,0.00835678466313943,0.179109978846756,0.866672934194334,0.955931608480129
"gene-LOC134710805|LOC134710805",8.35956543993817,0.0881585849447188,0.189817354641102,0.273926574426146,0.609122301384034
"gene-LOC134710807|LOC134710807",8.44536956360824,0.180649803457559,0.239365790930475,0.0923151495304012,0.358654176686197
"gene-LOC134710833|LOC134710833",75.5087057700082,-0.175928378881222,0.137018963635413,0.0874553491238364,0.349629923371922
"gene-LOC134710835|LOC134710835",11.448733372964,-0.1539646041577,0.227700154102895,0.115467251730947,0.390627865043395
"gene-LOC134710836|LOC134710836",202.940599724226,-0.419962819264184,0.136710371833238,0.000283444218050924,0.0137104408519467
"gene-LOC134710846|LOC134710846",131.877936883149,0.0372826672097724,0.115487492608955,0.683047567561068,0.880511724932235
"gene-LOC134710854|LOC134710854",81.9155755468861,0.00561564805040402,0.118538016613902,0.951807308077332,0.984494493039383
"gene-LOC134710864|LOC134710864",11.434354096192,-0.0452491516589569,0.178618023636573,0.4979661951497,0.775841529303202
"gene-LOC134710890|LOC134710890",14.0900370298505,-0.846327103714926,0.452448119295668,0.00219240636990645,0.0465503957145254
"gene-LOC134710914|LOC134710914",13.1100272501961,0.0106348803728114,0.183094022114342,0.759878411406587,0.913937949082784
"gene-LOC134710931|LOC134710931",102.509825242456,-0.00246994115489504,0.116996137085515,0.977276808538639,0.992091318925023
"gene-LOC134710932|LOC134710932",1104.0401370835,0.0467877079598324,0.146625011076126,0.608921739984191,0.841226477935413
"gene-LOC134710933|LOC134710933",12234.8943152358,0.0316240774002105,0.145212395996708,0.685129281882325,0.881738598006672
"gene-LOC134710934|LOC134710934",33.1105036374186,0.12972424273997,0.208958026598223,0.162336908649916,0.468291938708169
"gene-LOC134710951|LOC134710951",50.9863285632202,-0.77963623208294,0.237570054151179,6.04203345199896e-05,0.00551637654167505
"gene-LOC134710954|LOC134710954",18.1019349943433,0.00204626198580058,0.184706965413727,0.92994698910018,0.978299410685253
"gene-LOC134710956|LOC134710956",12.6999801164752,0.0262047873508218,0.181872884652292,0.586557036958495,0.827068069101322
"gene-LOC134710969|LOC134710969",47.5653607992102,-0.173451588241326,0.297213356321499,0.0266551811594388,0.196480550519656
"gene-LOC134710979|LOC134710979",218.56490232045,-0.197433210032907,0.288855077866401,0.054295511200145,0.282151625066218
"gene-LOC134710984|LOC134710984",80.3751234320636,0.0733636664995258,0.103000215156188,0.394590217097209,0.715911912643364
"gene-LOC134710996|LOC134710996",19.1843042127759,-0.057481937765742,0.159834978193995,0.523280538029818,0.793554918210686
"gene-LOC134710997|LOC134710997",60.1491085021491,0.00944821847540124,0.177823697897273,0.86134656159236,0.9535915016752
"gene-LOC134711018|LOC134711018",93.1714764778883,1.3832578783339,0.254610983280053,3.18365122700064e-09,1.93778238016772e-06
"gene-LOC134711024|LOC134711024",42.9239981684502,-0.259827843241315,0.334189969677006,0.0389979887726002,0.241595682777839
"gene-LOC134711029|LOC134711029",511.453214172885,0.320373031202391,0.100636295175107,0.000335741319229703,0.0149680020020961
"gene-LOC134711032|LOC134711032",64.032310120909,-0.1052235460665,0.124120762535175,0.269017402797683,0.604028008003158
"gene-LOC134711048|LOC134711048",11.9338083392764,-0.00702330891380977,0.177120716360483,0.895500131094441,0.967916535971467
"gene-LOC134711058|LOC134711058",63.8418540909822,-0.0160062706635474,0.111142392894834,0.85682324357554,0.952095318893577
"gene-LOC134711062|LOC134711062",13.0898411025934,0.0857589064152704,0.167064229493389,0.363768761158622,0.692098731831876
"gene-LOC134711070|LOC134711070",22.8537023110387,0.443310847628078,0.399686386003259,0.0144066802194416,0.142390246715563
"gene-LOC134711077|LOC134711077",24.1249196041438,-0.566171359240152,0.221708166342765,0.000819212236953757,0.0269528206248209
"gene-LOC134711089|LOC134711089",14.6783082306551,0.106835437642907,0.210921192375713,0.148614642119636,0.447068099687735
"gene-LOC134711094|LOC134711094",83.6988001823798,0.0192692440281417,0.127269537231051,0.836680909556203,0.946432919838704
"gene-LOC134711100|LOC134711100",40.2786131191801,-0.108596673523327,0.153428761536044,0.280383409517429,0.61542588955031
"gene-LOC134711149|LOC134711149",9.5276850551551,0.061753995394822,0.162621525723793,0.490677265209497,0.774101846668312
"gene-LOC134711162|LOC134711162",13.9455020317385,0.0145659178473621,0.156494659644085,0.865170897821489,0.954851652718065
"gene-LOC134711163|LOC134711163",46.6120720954181,0.193873405378134,0.195504380781448,0.0940397776665239,0.360370690491233
"gene-LOC134711166|LOC134711166",330.062549441703,-0.0341506842881206,0.17859560884578,0.569424167443617,0.817946493625246
"gene-LOC134711167|LOC134711167",397.667230816737,-0.757576193141434,0.961716158989374,0.00626711656555175,0.0880288834515192
"gene-LOC134711171|LOC134711171",112.060547636908,-0.0100431501841469,0.179602867101667,0.830413866500737,0.943802358073119
"gene-LOC134711172|LOC134711172",544.074616924822,-0.0278966244018284,0.176903215251772,0.644751122898085,0.862705569894148
"gene-LOC134711173|LOC134711173",705.479245438594,-0.135851245728467,0.242658642418735,0.0673837330932967,0.312489388262501
"gene-LOC134711174|LOC134711174",92.5505790858072,-0.112026276155082,0.230355405782282,0.0348782092039746,0.225642550952906
"gene-LOC134711178|LOC134711178",92.632101117917,-0.103066636996396,0.223812602160195,0.0321770780879862,0.215827530051034
"gene-LOC134711179|LOC134711179",23.8099670238389,0.040547909762992,0.174885664460513,0.567696149734462,0.817936623798694
"gene-LOC134711188|LOC134711188",111.048607262191,0.0250460545020126,0.179429948383299,0.646904652398089,0.863169817522039
"gene-LOC134711191|LOC134711191",50.8483407259195,-0.00460441897703654,0.182694812174777,0.889682969159429,0.965876007167068
"gene-LOC134711196|LOC134711196",16.0267913423225,-0.0817858254235339,0.178549836573722,0.342548518608271,0.675296728721946
"gene-LOC134711198|LOC134711198",75.5686087098869,0.0795868102377843,0.123164774342457,0.398471980705757,0.717599701142351
"gene-LOC134711199|LOC134711199",7.31108573774135,-0.0500935998215949,0.192424737416021,0.165346544983843,NA
"gene-LOC134711200|LOC134711200",29.716275750074,-0.257813404213415,0.172862695922009,0.0320351270840618,0.215742414339212
"gene-LOC134711204|LOC134711204",64.1976079959815,0.108335821962169,0.141087946982634,0.27822765959349,0.614135637857616
"gene-LOC134711207|LOC134711207",19.7683317335836,0.0438267260924965,0.178250842531277,0.513522624391547,0.786489672584579
"gene-LOC134711211|LOC134711211",48.2149942279073,0.41104122107724,0.167569042716764,0.0018431027784818,0.0416780888360094
"gene-LOC134711213|LOC134711213",309.402499676398,0.0528519901376521,0.12279561884436,0.571588940750076,0.81908683995263
"gene-LOC134711215|LOC134711215",23.8859803303412,0.236745974860046,0.245955014556753,0.0591506927245572,0.292114036281383
"gene-LOC134711229|LOC134711229",25.7980460083498,0.0360128328147981,0.137897553577414,0.700521432774746,0.888441942531616
"gene-LOC134711232|LOC134711232",27.9525056481784,0.0985397943020309,0.146061440888568,0.320501344874991,0.656654169376677
"gene-LOC134711237|LOC134711237",17.7314643746236,0.0209208774177803,0.16702082993162,0.782597655061116,0.924230937237932
"gene-LOC134711241|LOC134711241",11.1010704032634,-0.0217363023392022,0.157639693888194,0.797287320023007,0.928511095105415
"gene-LOC134711250|LOC134711250",44.8456592723398,0.0396929679304293,0.154361865005878,0.65142520312332,0.865953865311871
"gene-LOC134711252|LOC134711252",39.6623043565398,-0.0501747653871458,0.16830912217315,0.537213866150919,0.800777567013534
"gene-LOC134711254|LOC134711254",204.364326501305,-0.339570071328809,0.102333153478375,0.000182768406723488,0.0108531743309622
"gene-LOC134711257|LOC134711257",67.2759097465982,0.112408605526742,0.12571280785935,0.243416763755307,0.582413124977151
"gene-LOC134711259|LOC134711259",16.6141700092342,0.0206458435718586,0.141344973184465,0.825747624532611,0.94211397209184
"gene-LOC134711260|LOC134711260",55.9862206298632,-0.235264634906691,0.151909341793913,0.0352610161164989,0.227127677441242
"gene-LOC134711262|LOC134711262",1203.35810860283,0.0894069460111724,0.0637033234127357,0.134369712029021,0.423466931906179
"gene-LOC134711264|LOC134711264",7.67535126930127,-0.0314948208141359,0.187331735831397,0.308275077470974,NA
"gene-LOC134711265|LOC134711265",17.060072087027,-0.0508517892661201,0.19435848102726,0.0774889959385896,0.333714402320436
"gene-LOC134711266|LOC134711266",10.8605800883563,-0.0652874335842609,0.198869925138922,0.0973805223827758,0.367390152625927
"gene-LOC134711271|LOC134711271",15.0069595657012,-0.0619246813436679,0.180890599599312,0.398243090089709,0.717599701142351
"gene-LOC134711273|LOC134711273",33.9947905722019,0.029001599216588,0.113887809910627,0.748274049748248,0.90908078166354
"gene-LOC134711274|LOC134711274",23.1626046778257,0.00532211302311903,0.177842918758847,0.921286423623028,0.976343998089279
"gene-LOC134711277|LOC134711277",22.7082856970656,-0.0181273421820363,0.127902113944752,0.844489920131311,0.947860356680987
"gene-LOC134711279|LOC134711279",78.5919642398673,0.00668096693583768,0.0967393369412223,0.936155566604083,0.98115658752708
"gene-LOC134711281|LOC134711281",39.4161627144728,0.149163852663274,0.160112099313741,0.160392467826752,0.465611639557216
"gene-LOC134711283|LOC134711283",36.279354734966,0.124882073027042,0.138202784299014,0.213617597380798,0.544714737745469
"gene-LOC134711292|LOC134711292",268.833004884432,-0.044903236268393,0.114042737595489,0.618431169270424,0.84850401084995
"gene-LOC134711303|LOC134711303",7.75930222701036,-0.0432454214104743,0.185001569948617,0.405776335730252,NA
"gene-LOC134711315|LOC134711315",51.8597713675578,0.166720247221147,0.16206444615564,0.125323135771258,0.40682674829923
"gene-LOC134711316|LOC134711316",24.4113622497644,0.0530506081566841,0.140808413104554,0.576503036284464,0.821701529830636
"gene-LOC134711317|LOC134711317",108.753189169765,0.0663268185633349,0.126931993265761,0.48379584380153,0.76956083566528
"gene-LOC134711319|LOC134711319",13.6878620964423,-0.0683802019362069,0.189598416770409,0.293699461487902,0.629639232963791
"gene-LOC134711323|LOC134711323",10.8629000468308,0.0276112359580984,0.169829291846615,0.708051984738186,0.89260035633232
"gene-LOC134711325|LOC134711325",10.6447406990933,0.10325557887302,0.182810633379821,0.269168698624868,0.604098240268967
"gene-LOC134711335|LOC134711335",36.0084211030568,0.0805945281582574,0.153393070328106,0.405310767926922,0.723811699006904
"gene-LOC134711337|LOC134711337",59.7561224173683,-0.0303736173031876,0.12066787482971,0.741126105159423,0.905785755552463
"gene-LOC134711338|LOC134711338",14.3934928541793,0.0285476011061997,0.185766011711614,0.419131358404575,0.732373214312395
"gene-LOC134711339|LOC134711339",63.2412165366123,-0.0469529755031074,0.110230984185956,0.59731640850779,0.833708971477336
"gene-LOC134711342|LOC134711342",34.544522901678,-0.0421419836232756,0.134511669134289,0.653254142026836,0.866527353170768
"gene-LOC134711347|LOC134711347",16.4826771956272,-0.0907724309622031,0.169725268995229,0.338152272710898,0.67170633665499
"gene-LOC134711348|LOC134711348",10.4162587995597,-0.042021641220547,0.179241585068478,0.511227306796949,0.784619510158629
"gene-LOC134711352|LOC134711352",17.8029090838727,0.0301270032342516,0.155632843404285,0.731455882963932,0.902997609116253
"gene-LOC134711354|LOC134711354",17.5638172522074,-0.124237775936156,0.203185897879048,0.177614420309065,0.492973401305572
"gene-LOC134711355|LOC134711355",10.4333730230716,-0.028290835056295,0.160294415811525,0.735260990272585,0.904191610246111
"gene-LOC134711357|LOC134711357",43.0521019393635,0.0110694203179815,0.177453432871932,0.841159066095428,0.94707747408349
"gene-LOC134711358|LOC134711358",25.9491293872494,0.0727566171730661,0.188417724585254,0.30524066697337,0.640795466167602
"gene-LOC134711360|LOC134711360",41.6549904152322,0.0934659898856139,0.15297540981963,0.343830561599115,0.67654591107757
"gene-LOC134711361|LOC134711361",33.4243814404721,0.192249356122535,0.203611484494064,0.0967104762070378,0.366420689241297
"gene-LOC134711367|LOC134711367",21.6249225876395,0.0535404465184885,0.14738937080054,0.56858867345634,0.817946493625246
"gene-LOC134711374|LOC134711374",92.1436069233974,0.0245595591784765,0.131839547549416,0.792664980282514,0.927763996462669
"gene-LOC134711376|LOC134711376",82.7899580939163,0.34461580031916,0.138074998223197,0.00227032223691395,0.0473783817669127
"gene-LOC134711377|LOC134711377",18.4132005188709,-0.0430150620696185,0.186490303639217,0.365549817317924,0.694362166551989
"gene-LOC134711379|LOC134711379",21.4415164162454,-0.049581533897887,0.187725728276526,0.329782908426236,0.664965275687907
"gene-LOC134711382|LOC134711382",126.058375103871,0.136120586180446,0.156774383048961,0.192741083905076,0.517307243892165
"gene-LOC134711383|LOC134711383",22.7499693009383,0.0390104298297269,0.146298639158861,0.673081924897279,0.874831740074501
"gene-LOC134711386|LOC134711386",14.3611984639146,0.0568670112520672,0.155459380636916,0.535376133817796,0.800652596520308
"gene-LOC134711391|LOC134711391",12.5180350939752,0.0340856468772393,0.174938520294761,0.616356688601078,0.847061073162524
"gene-LOC134711392|LOC134711392",166.277694168956,-0.455072160314151,0.281848619630892,0.00770002065230055,0.0990183720315234
"gene-LOC134711393|LOC134711393",21.8529961482589,-0.109848138578146,0.166273922272869,0.270998988618466,0.605514845592152
"gene-LOC134711394|LOC134711394",56.016728357769,0.0730555142175364,0.121208401472133,0.434856238898892,0.743666456698654
"gene-LOC134711395|LOC134711395",31.8271939400577,0.0990696870044848,0.179994008270207,0.286443525507697,0.621461252012184
"gene-LOC134711397|LOC134711397",13.6411098889053,0.0880559271626477,0.199910400964324,0.198860901540531,0.526833523704041
"gene-LOC134711398|LOC134711398",8.93266528375138,0.0159513116511057,0.182055041258099,0.701363687661979,0.888443629686703
"gene-LOC134711399|LOC134711399",63.5885235239154,-0.500495856505209,0.334785925102177,0.0074513419459061,0.0968409280656551
"gene-LOC134711402|LOC134711402",7.57696222727984,0.0270562070700275,0.18459431193456,0.487857735297562,NA
"gene-LOC134711411|LOC134711411",8.54639676423522,-0.119323268509634,0.195543817993444,0.203435212434682,0.532969850931619
"gene-LOC134711414|LOC134711414",50.359227747088,0.556111778047852,0.15327955126846,2.7558746002547e-05,0.0030498345576152
"gene-LOC134711420|LOC134711420",5.40147645731194,-0.0241122752025504,0.186315259281152,0.374313907885757,NA
"gene-LOC134711422|LOC134711422",7.50754963346014,0.0117868769219685,0.182089865210064,0.767057970133493,NA
"gene-LOC134711424|LOC134711424",26.1083655633982,-0.605981594775876,0.209056735310511,0.000273113575591689,0.0135602636598044
"gene-LOC134711427|LOC134711427",49.4887833398726,-0.0493932378678428,0.179959630894948,0.460238323623049,0.760652977325952
"gene-LOC134711428|LOC134711428",71.4597414232746,0.106627534118501,0.129766630730046,0.272916208490052,0.60812259163038
"gene-LOC134711429|LOC134711429",8.53328147284699,-0.0774065516424136,0.205841962968036,0.0585281999116885,0.291128312721651
"gene-LOC134711439|LOC134711439",12.0205312787317,0.000988915114538069,0.178581800177054,0.985974797753189,0.994155396948371
"gene-LOC134711443|LOC134711443",18.6071589497792,-0.0656173913802326,0.14940004957466,0.48893098396891,0.772976603227039
"gene-LOC134711445|LOC134711445",110.577529084272,0.0697264724126807,0.121170385296325,0.455811821140664,0.758889797495192
"gene-LOC134711450|LOC134711450",15.7029203972682,-0.211240438733555,0.275913041383532,0.0622393657810439,0.299470571584153
"gene-LOC134711458|LOC134711458",1318.03970258752,0.0448280543626971,0.0841475037132981,0.554146934203041,0.811282663343156
"gene-LOC134711461|LOC134711461",38.6129809458008,-0.206781159255345,0.246662496494015,0.0736362367375114,0.325534299732559
"gene-LOC134711478|LOC134711478",11.0127571718883,0.0190143872477416,0.168977734771182,0.794686201475492,0.928130564935971
"gene-LOC134711481|LOC134711481",9.6827224816578,0.00794906693137176,0.182536537925399,0.828380572470407,0.943316813472115
"gene-LOC134711482|LOC134711482",6.56972987757246,0.00827340949089847,0.184437740745312,0.750568223271139,NA
"gene-LOC134711484|LOC134711484",16.0948040239164,0.0696850210106415,0.157879776115111,0.456723691123687,0.759023854372562
"gene-LOC134711488|LOC134711488",11.5479264741556,0.0595325082592899,0.178841069095244,0.427504221916101,0.738182875877197
"gene-LOC134711489|LOC134711489",88.2742088054881,-0.0179467962513644,0.140430324057034,0.84456122690031,0.947860356680987
"gene-LOC134711491|LOC134711491",67.5648078085765,0.00399117224877058,0.114491735619696,0.964863618866743,0.98891760419251
"gene-LOC134711492|LOC134711492",9.32633830561696,0.00393823474247077,0.181956991178301,0.919417943180251,0.975645967948068
"gene-LOC134711495|LOC134711495",1070.14145851762,0.0110017194187162,0.185107789800884,0.649472931314904,0.864701110157502
"gene-LOC134711496|LOC134711496",559.853176646362,0.0145762833744111,0.185455640199646,0.530893347599252,0.797624000319931
"gene-LOC134711497|LOC134711497",199.299446390663,0.00815831909170952,0.185106404087332,0.700939940567472,0.888441942531616
"gene-LOC134711515|LOC134711515",396.517953820686,0.1051597128453,0.158035691501378,0.29447920793488,0.630385737032932
"gene-LOC134711517|LOC134711517",163.629951693602,0.373599838526953,0.323718090305356,0.0200919206404128,0.170047958699392
"gene-LOC134711518|LOC134711518",9.52975015012371,-0.0480847478492126,0.187092885243691,0.346578216016345,0.679572426787486
"gene-LOC134711519|LOC134711519",47.7465768838765,-0.0658085928783027,0.147050353861347,0.48995859058771,0.773849716079487
"gene-LOC134711521|LOC134711521",16.4870848003019,0.0687184121759977,0.156978187777967,0.463544036448023,0.761580199771773
"gene-LOC134711524|LOC134711524",1491.90895282973,-0.0422152798638863,0.081490804254548,0.564282882541046,0.817009237008096
"gene-LOC134711529|LOC134711529",10.2711291864185,-0.0608789796512865,0.175923905068894,0.440892355487482,0.748640163354425
"gene-LOC134711532|LOC134711532",20.4249750967061,-0.171834389615461,0.219573286442192,0.111898014382277,0.386800170180124
"gene-LOC134711536|LOC134711536",262.895596760236,-0.128874800280387,0.21199511879099,0.151686147783686,0.451657408647388
"gene-LOC134711540|LOC134711540",16.7330053284762,0.0538673783370276,0.179199356230236,0.451000232969124,0.754794855808233
"gene-LOC134711543|LOC134711543",32.3738631921873,0.00181803474700613,0.138475244577996,0.9851070603066,0.993815189016493
"gene-LOC134711545|LOC134711545",313.076041302645,0.110786141481648,0.124711263263016,0.248593242450917,0.585394060688682
"gene-LOC134711557|LOC134711557",9.03775315362492,0.046129281187113,0.17840134634467,0.499891786370439,0.777846103035724
"gene-LOC134711558|LOC134711558",8.44311833420605,-0.278757701806425,0.37854256823982,0.0325879746427071,0.217372207114459
"gene-LOC134711559|LOC134711559",26.1011637646077,-0.0571972457793988,0.17929096732723,0.431203417743167,0.740815091656585
"gene-LOC134711560|LOC134711560",17.7699943256553,0.0724838796059693,0.154932670528449,0.445780712158551,0.750918432104718
"gene-LOC134711561|LOC134711561",90.4859699697539,0.119115569673373,0.158576082762529,0.244554904261948,0.583353697168278
"gene-LOC134711562|LOC134711562",235.413462858348,0.0215658952595333,0.129203970973169,0.818217909274338,0.938483606994309
"gene-LOC134711566|LOC134711566",149.27299407834,0.149427570157571,0.125315673199161,0.125553674767735,0.406851836958091
"gene-LOC134711570|LOC134711570",19.0559404396415,0.101118187416694,0.208617252045839,0.152324551987991,0.452796684982187
"gene-LOC134711571|LOC134711571",12.6055996103619,0.0477154365129702,0.179662770326163,0.474725242985031,0.765767043896348
"gene-LOC134711573|LOC134711573",11.3809344662958,-0.0455635228390865,0.168596058575804,0.569562970947743,0.817948867440487
"gene-LOC134711576|LOC134711576",8.7543630039219,-0.119567905989488,0.199524762492864,0.191896584947852,0.516008370513867
"gene-LOC134711579|LOC134711579",14.3706419585246,-0.00761665549116246,0.167763399083842,0.91541265332439,0.973951058977618
"gene-LOC134711580|LOC134711580",52.1704491359804,0.957932395869843,0.240802414376894,4.06899316953858e-06,0.000675452866143404
"gene-LOC134711581|LOC134711581",27.0845604146518,0.11936595237297,0.178461100697111,0.23285138574815,0.569597666198549
"gene-LOC134711588|LOC134711588",19.678564593318,0.235486137518819,0.192753568758127,0.0535541898499387,0.280401292232224
"gene-LOC134711590|LOC134711590",11.6483885290391,0.0279837857918743,0.162477084347811,0.733732195380242,0.904191610246111
"gene-LOC134711592|LOC134711592",105.83382921908,0.197291263614539,0.158456933180234,0.0754105593942573,0.330017211393442
"gene-LOC134711594|LOC134711594",145.138643432333,0.251294532383062,0.1226706195476,0.0123623417493768,0.131787146518362
"gene-LOC134711595|LOC134711595",11.05669560583,-0.00211117931637613,0.166929950736572,0.976109984450859,0.991980289222603
"gene-LOC134711596|LOC134711596",7.03642911492554,-0.0504377756623181,0.172736134338241,0.516602588610251,NA
"gene-LOC134711602|LOC134711602",7.62043965912908,0.0720822688517531,0.192206215328709,0.265085860531288,NA
"gene-LOC134711605|LOC134711605",40.5442681421556,0.238873687983966,0.132188564935915,0.0221627002437664,0.17946381660806
"gene-LOC134711606|LOC134711606",40.7359397101045,-0.151315698837421,0.255663715172177,0.0589083416943116,0.291546286914326
"gene-LOC134711609|LOC134711609",9.59439903071648,0.1176869575621,0.201192051128022,0.193134667880755,0.517825229338124
"gene-LOC134711611|LOC134711611",15.3491559225822,-0.0714232865821934,0.196488781555305,0.195869743706658,0.522060170282949
"gene-LOC134711613|LOC134711613",90.446016311089,0.0441585300046319,0.121132038368683,0.633704517030033,0.85623909964459
"gene-LOC134711614|LOC134711614",15.7254347519596,-0.215420050056756,0.203963301431483,0.0721302425667682,0.322620509312722
"gene-LOC134711616|LOC134711616",18.3424264504758,-0.121798419783341,0.210477316724107,0.158212081007576,0.462602497870029
"gene-LOC134711619|LOC134711619",14.9479501634944,-0.0447335669647339,0.147172389960674,0.62959096331556,0.853952162684652
"gene-LOC134711620|LOC134711620",89.9675362515546,-0.0290923877784684,0.11999268651239,0.750421786332022,0.909737993408831
"gene-LOC134711622|LOC134711622",23.5246579080672,-0.159661780303069,0.158848777904489,0.136652122391329,0.42855607640458
"gene-LOC134711623|LOC134711623",533.368644674315,0.135652154847106,0.0994221709491363,0.109380653720473,0.382439585818256
"gene-LOC134711626|LOC134711626",18.2908885110444,-0.0763945330645564,0.165257946825815,0.406324983724715,0.724003575020308
"gene-LOC134711627|LOC134711627",32.961005265348,-0.00092475785139918,0.149601221856569,0.990962204643837,0.995733655622312
"gene-LOC134711629|LOC134711629",16.6503338747043,-0.0332137440107534,0.159228614493137,0.696395533402489,0.885694443708241
"gene-LOC134711634|LOC134711634",41.3944694855598,0.482938901939142,0.228982947800865,0.00304682009979861,0.0572374108971868
"gene-LOC134711637|LOC134711637",768.718403019261,-0.232555559149147,0.0862155497341754,0.0026337740490712,0.0516976869482826
"gene-LOC134711639|LOC134711639",8.26668213486041,0.0722974899380029,0.198743083896283,0.163016587549478,NA
"gene-LOC134711645|LOC134711645",14.220512484049,0.0196401352394241,0.160387815279438,0.812371035672195,0.935302339935327
"gene-LOC134711646|LOC134711646",58.9717178205593,0.14046928899166,0.152954331858253,0.179325240317775,0.495382585204624
"gene-LOC134711658|LOC134711658",10.0373023493989,0.0346437154111846,0.176067841394087,0.600789008949433,0.836325975117656
"gene-LOC134711663|LOC134711663",8.83623722479402,-0.00545851987121306,0.15904824057751,0.946516575470552,0.984382904200939
"gene-LOC134711670|LOC134711670",9.75522264184955,-0.133058379655474,0.20699621668417,0.161497768620319,0.466605894779594
"gene-LOC134711671|LOC134711671",88.712248574936,0.240869333533483,0.229536132712316,0.0562925762982422,0.28732423290172
"gene-LOC134711675|LOC134711675",7.19455783837655,-0.152365774909922,0.262959863183036,0.0458051130399947,NA
"gene-LOC134711678|LOC134711678",11.5135515253455,-0.00873785458441254,0.172244798434868,0.892370086653987,0.96692218063611
"gene-LOC134711681|LOC134711681",84.0556523339168,-0.0100363356427936,0.119730010946769,0.912082170595561,0.973951058977618
"gene-LOC134711683|LOC134711683",14.2061577579281,-0.0010244864090651,0.151342217722259,0.989331247180249,0.995013180843285
"gene-LOC134711686|LOC134711686",15.4019287797016,0.0286578724807594,0.18414390478638,0.496146166359501,0.775820923750395
"gene-LOC134711688|LOC134711688",106.37763263101,0.0137228163543439,0.0983138315899706,0.870031352103935,0.958226102587002
"gene-LOC134711692|LOC134711692",7.51610477811426,-0.00481308179550037,0.170939575385846,0.942333434418298,NA
"gene-LOC134711694|LOC134711694",29.8555828886535,-0.0101062463723589,0.157842658166351,0.904012783460401,0.971301760870075
"gene-LOC134711697|LOC134711697",40.4683499538607,-0.0531960076452063,0.137301261709885,0.574367606745884,0.820634111389297
"gene-LOC134711698|LOC134711698",21.1097270114331,0.239016169808112,0.191943096833732,0.0505374090309206,0.272216250414339
"gene-LOC134711699|LOC134711699",40.7618458835596,-0.0116818798580609,0.124495380614962,0.898690678590584,0.968718523675564
"gene-LOC134711700|LOC134711700",124.331397737231,0.0517149843912336,0.133593549970156,0.586188079669325,0.826707421105377
"gene-LOC134711701|LOC134711701",51.729673823688,0.108704168130425,0.134775912922142,0.270784214290971,0.605514845592152
"gene-LOC134711702|LOC134711702",21.2833048322969,0.0815868618384671,0.155167164713265,0.398590085916555,0.717599701142351
"gene-LOC134711705|LOC134711705",27.7941031280196,0.331368439458968,0.162440432372715,0.00725002998275907,0.0955852328412856
"gene-LOC134711711|LOC134711711",9.1700999012172,0.0600754686097711,0.165610214674711,0.493276785711612,0.774649339354596
"gene-LOC134711719|LOC134711719",70.1661480289738,-0.0110775565075958,0.123869916521461,0.903783153591183,0.971197904050317
"gene-LOC134711720|LOC134711720",19.8446228713478,0.107805940044945,0.158255755707132,0.283173325718473,0.618598685841112
"gene-LOC134711721|LOC134711721",19.9629390298468,-0.0516022499221838,0.143040277599355,0.583986468383851,0.82487665153271
"gene-LOC134711724|LOC134711724",104.80962773789,0.127092543039594,0.150463364759357,0.216544976702313,0.548801009657769
"gene-LOC134711726|LOC134711726",15.2028444412451,-0.106755452905737,0.177381671208872,0.268632777057183,0.603535467125704
"gene-LOC134711727|LOC134711727",13.2972566791351,-0.0262671412751595,0.160456765448789,0.751741501053612,0.910103639544865
"gene-LOC134711730|LOC134711730",16.2607313321068,0.119987397072531,0.232334850945847,0.0601595271163897,0.294784215882906
"gene-LOC134711731|LOC134711731",55.1943931473598,-0.0299532438234124,0.109992158461089,0.735609953880468,0.904191610246111
"gene-LOC134711739|LOC134711739",12.261715094922,0.0936211948811561,0.17254081459301,0.321701908835884,0.657629650752113
"gene-LOC134711740|LOC134711740",10.3494232498478,-0.0209435976885124,0.171670857382635,0.759676940936466,0.913937949082784
"gene-LOC134711749|LOC134711749",12.5087310465865,0.511970170961014,0.29685857755701,0.0053868942812812,0.0791432450522001
"gene-LOC134711750|LOC134711750",552.857003559521,-0.127844403608049,0.106647777881411,0.147538200269863,0.44485547792142
"gene-LOC134711754|LOC134711754",12.5390191180899,-0.128223810146508,0.236330844075961,0.0662230079870538,0.309464395609367
"gene-LOC134711758|LOC134711758",6.27136035630624,-6.30105019142433e-06,0.182678272805245,0.997856130264812,NA
"gene-LOC134711759|LOC134711759",217.041785287796,0.236820161896236,0.16965757650294,0.0439042324617867,0.255027315327592
"gene-LOC134711761|LOC134711761",32.836201049738,0.137362493272938,0.162148241388216,0.190798863712292,0.514128875980105
"gene-LOC134711763|LOC134711763",9.2204618351645,0.00345541260539591,0.169038919306268,0.961919578707109,0.987888161259382
"gene-LOC134711764|LOC134711764",10.575118980085,0.00383203793909294,0.15707155523304,0.964444987278048,0.98891760419251
"gene-LOC134711766|LOC134711766",9.51917281294826,0.014277177313777,0.182411439447181,0.717008249140965,0.897160554132699
"gene-LOC134711768|LOC134711768",20.1889044110812,-0.150357017067195,0.235343086556354,0.10101766907737,0.373447129762233
"gene-LOC134711774|LOC134711774",14.6022627159257,-0.282495107575557,0.258327618722288,0.037658766312649,0.236508709499216
"gene-LOC134711782|LOC134711782",16.6471975977516,-0.506289361651462,0.283033336418616,0.00517256020562163,0.0772604902696532
"gene-LOC134711783|LOC134711783",101.066850003954,0.404968843856052,0.138156717573994,0.000490945751536136,0.0192788589743007
"gene-LOC134711784|LOC134711784",19.7301938868846,0.111425308544775,0.168017465316858,0.266178661524454,0.601465081792289
"gene-LOC134711785|LOC134711785",7.42386298246093,0.0309486428843242,0.177146892101006,0.620218299564508,NA
"gene-LOC134711788|LOC134711788",29.6914932238962,0.0357913849596346,0.138515287670991,0.703644831350733,0.889520387757941
"gene-LOC134711790|LOC134711790",25.2585470455108,0.0390949076869173,0.133879269867899,0.678663363948483,0.87848174825105
"gene-LOC134711793|LOC134711793",11.8535371070488,-1.17938706799429,0.815596510392189,0.00293459612070497,0.0561368793389736
"gene-LOC134711794|LOC134711794",21.5182133948925,-0.0745962472873955,0.160640319274909,0.425223218619055,0.73574140696376
"gene-LOC134711795|LOC134711795",50.9941682833478,-0.0881158784120008,0.207188804104377,0.116126957309215,0.391051773253346
"gene-LOC134711796|LOC134711796",24.77749877633,0.0221984400885393,0.172467830998889,0.745008460746649,0.907831464346601
"gene-LOC134711803|LOC134711803",212.180678201606,0.034371152332202,0.106492837228911,0.695037577625109,0.885429430712772
"gene-LOC134711804|LOC134711804",58.0970663794073,-0.6498655729931,0.201583338002662,9.01377216932376e-05,0.00671801958415722
"gene-LOC134711806|LOC134711806",30.5887453230014,0.544399749260112,0.213326563184058,0.000884757576635076,0.0282195167674349
"gene-LOC134711807|LOC134711807",68.7708588946318,-0.00269057131059965,0.11279693475509,0.976123327038275,0.991980289222603
"gene-LOC134711818|LOC134711818",13.1266519759108,0.0261846898900557,0.183094439275152,0.553195861998902,0.810968809659803
"gene-LOC134711823|LOC134711823",64.3394597525371,0.162968822454234,0.16736750995995,0.134796146389029,0.424192612333249
"gene-LOC134711825|LOC134711825",17.2397141892914,-0.095501614590871,0.173376251819616,0.308900621060152,0.644410890261605
"gene-LOC134711830|LOC134711830",37.6123524387712,0.210672720177128,0.181075761681997,0.0720711948447853,0.322553925947495
"gene-LOC134711833|LOC134711833",53.4060649485862,0.458087938417535,0.175562176215765,0.0010066299392812,0.030083479471047
"gene-LOC134711838|LOC134711838",19.3195509885854,-0.028227579157621,0.180383158853986,0.595317747225354,0.832350847192569
"gene-LOC134711839|LOC134711839",92.2100803953307,-0.0470909406156904,0.167207400586409,0.564666760453735,0.817009237008096
"gene-LOC134711840|LOC134711840",1085.85011896317,0.0688233225172735,0.119849624973207,0.466793964405705,0.762543568613393
"gene-LOC134711841|LOC134711841",50.895459983218,0.135928293212401,0.138855941522908,0.179790240334444,0.496291729177165
"gene-LOC134711842|LOC134711842",82.5106482876725,-0.0982130429716795,0.101860718405507,0.251178791258501,0.588581934986234
"gene-LOC134711845|LOC134711845",6.6578394158875,-0.0235607477340791,0.175247413923594,0.708518135765324,NA
"gene-LOC134711852|LOC134711852",11.5224799179305,0.0113511582562773,0.1784437101592,0.828345636795546,0.943316813472115
"gene-LOC134711856|LOC134711856",27.5330780426138,2.16952959002521,0.241399448818168,1.5130694718942e-20,1.10514594227153e-16
"gene-LOC134711858|LOC134711858",31.3823989563005,-0.0536728992935708,0.148197566237178,0.564901437917323,0.817009237008096
"gene-LOC134711860|LOC134711860",19.6793477494835,0.012153911237823,0.156183215130826,0.889064729228016,0.965876007167068
"gene-LOC134711861|LOC134711861",28.9446301355643,0.175583723973766,0.17537563484329,0.115536398317223,0.390627865043395
"gene-LOC134711862|LOC134711862",13.9763774691664,-0.0844846928003789,0.193430785199053,0.250294477528639,0.587263367770376
"gene-LOC134711871|LOC134711871",8.19243394722011,-0.00163519952396148,0.177153525579662,0.974489984116775,NA
"gene-LOC134711882|LOC134711882",123.07527204259,-1.43153269963859,0.367616169411826,3.80663803635771e-06,0.00064659730738504
"gene-LOC134711883|LOC134711883",14.8976999045574,-0.0642929591260278,0.156463609121273,0.488665298979512,0.77290056300978
"gene-LOC134711888|LOC134711888",24.3079653010914,-0.0996543589915708,0.155093402938662,0.315801993565081,0.652428554369739
"gene-LOC134711891|LOC134711891",20.1185963499418,0.00117174741920157,0.173628756985853,0.986533175942195,0.994155396948371
"gene-LOC134711893|LOC134711893",22.0065994803997,0.000220107972153943,0.140651523620342,0.998309168851666,0.999350774880081
"gene-LOC134711898|LOC134711898",26.3972504125914,-0.00565689831686169,0.122576597782039,0.950287225657265,0.984494493039383
"gene-LOC134711899|LOC134711899",6.50251604821553,0.0123830360506264,0.183378320857562,0.716556296461439,NA
"gene-LOC134711903|LOC134711903",26.2762475098678,0.138704183560516,0.145706757548866,0.17602011589041,0.490706460482273
"gene-LOC134711905|LOC134711905",12.6272679547229,0.042488522008582,0.157124941441692,0.631732160510021,0.855585332906581
"gene-LOC134711908|LOC134711908",31.0023245432927,0.0156303645663875,0.162719546675869,0.845580402264013,0.948415152826612
"gene-LOC134711910|LOC134711910",16.6132784093461,-0.00211666915672853,0.173604556088611,0.971544178474139,0.99111348081943
"gene-LOC134711911|LOC134711911",9.10345366591039,-0.0108138263386758,0.174885831818706,0.856646036928531,0.952095318893577
"gene-LOC134711915|LOC134711915",126.333134625977,0.198652504291335,0.0942746185999217,0.0160854059228976,0.150625390847236
"gene-LOC134711917|LOC134711917",13.9426703958467,-0.0872124986027247,0.200020119315457,0.194399852578651,0.519326500637711
"gene-LOC134711921|LOC134711921",25.3111933093957,0.00894964343738454,0.143208119280617,0.923134234186147,0.976727238151949
"gene-LOC134711922|LOC134711922",20.1319757014375,-0.00286629140414375,0.137892061338983,0.974562409852093,0.991945908801517
"gene-LOC134711923|LOC134711923",17.1009027994399,0.00520031314455195,0.17989901654336,0.911069341507227,0.973810014537272
"gene-LOC134711926|LOC134711926",39.4184730024238,-0.576654687126201,0.235197539240387,0.00101609918581797,0.030083479471047
"gene-LOC134711927|LOC134711927",49.2171081791246,0.0889666235682362,0.177739631767271,0.32348939773757,0.659254062800003
"gene-LOC134711928|LOC134711928",18.2620751635634,-0.0219922351871227,0.164793503177272,0.778164292600112,0.921929865352263
"gene-LOC134711932|LOC134711932",11.8818994099618,-0.049062309024349,0.170565843585959,0.535893038569036,0.800777567013534
"gene-LOC134711938|LOC134711938",14.2890057574953,0.0713089264539469,0.178335729831489,0.384348559927733,0.70887365997838
"gene-LOC134711948|LOC134711948",7.5218571168542,-0.0226386985175227,0.18026823767255,0.653526264697732,NA
"gene-LOC134711954|LOC134711954",1179.50275902827,0.160136784517595,0.0899065741448776,0.0431757214807007,0.253909395889724
"gene-LOC134711956|LOC134711956",38.0203422083572,-0.0787629954462252,0.143400840528161,0.417100353162625,0.731628477305431
"gene-LOC134711957|LOC134711957",49.4671750980168,0.106083493326951,0.116949681598274,0.254057119258466,0.589838906250425
"gene-LOC134711964|LOC134711964",35.4835105687174,0.0394202692094347,0.147812789642165,0.665310884350523,0.873416434999528
"gene-LOC134711966|LOC134711966",91.3032814588128,0.0956986904300942,0.123830708753161,0.314650916751945,0.65086669384203
"gene-LOC134711978|LOC134711978",99.1709517557906,0.175539358081577,0.137838564228012,0.0895050803919635,0.353184822897299
"gene-LOC134711979|LOC134711979",6.25161074808164,0.0690285419400071,0.198872500476103,0.137447943735487,NA
"gene-LOC134711984|LOC134711984",63.7815633369973,0.0622104146794581,0.1083227599546,0.482984650655059,0.768733904638168
"gene-LOC134711985|LOC134711985",16.8129626993446,-0.00503642449861495,0.169493554467755,0.941080807421875,0.982512037937304
"gene-LOC134711986|LOC134711986",21.7610883576364,-0.0450655245114003,0.16867049837435,0.572448810987018,0.819997277005134
"gene-LOC134711987|LOC134711987",8.22132898961323,0.0115502983928969,0.166020300003183,0.879218732275911,NA
"gene-LOC134711989|LOC134711989",36.8468908607073,-0.344061213748242,0.257696166664289,0.0199826583165163,0.169516070085755
"gene-LOC134711990|LOC134711990",26.695798187735,-0.565065224553864,0.304690070006155,0.00369799902212796,0.06281438338982
"gene-LOC134711995|LOC134711995",117.774484039348,-0.116884923899263,0.122535568311955,0.219291134368191,0.55212080159437
"gene-LOC134711996|LOC134711996",8.74311650337518,-1.32175178393674,0.539987496889673,0.000481311962157193,0.0191059922369355
"gene-LOC134711997|LOC134711997",15.0196299170535,0.0804910316246383,0.177702452261305,0.352521281900386,0.684865745114898
"gene-LOC134711998|LOC134711998",33.8584990911931,-0.255482795743466,0.16922015400273,0.0318413935857058,0.215342165509255
"gene-LOC134711999|LOC134711999",10.2618067509978,-0.0299793143373348,0.18046868894383,0.578430029703485,0.822768831635782
"gene-LOC134712000|LOC134712000",12.4805709034515,0.128316924035726,0.204536326688231,0.173196747203952,0.484685456543166
"gene-LOC134712007|LOC134712007",8.38072827573245,0.0334427593073291,0.186493491960709,0.372262039317962,0.698972219840205
"gene-LOC134712011|LOC134712011",256.196671205601,-0.0207167816925891,0.0744031692185595,0.760273174692757,0.914079879498913
"gene-LOC134712013|LOC134712013",62.6466536498596,0.12530755586547,0.171124120934179,0.222513291528322,0.556778719192486
"gene-LOC134712014|LOC134712014",40.6960800486678,0.0731992342505358,0.152743819868827,0.445550559798354,0.750745861268743
"gene-LOC134712015|LOC134712015",8.01882020306551,-0.0156782282779572,0.180259918661006,0.739688162274284,NA
"gene-LOC134712016|LOC134712016",26.91727473577,-0.0362737917612279,0.14339757197869,0.696295446986145,0.885694443708241
"gene-LOC134712017|LOC134712017",20.4832678086543,0.0337070776938911,0.133981836600853,0.719231376618734,0.897533909930502
"gene-LOC134712018|LOC134712018",57.2165076133432,-0.117934970233174,0.217889304963371,0.125937135757551,0.407732641654766
"gene-LOC134712019|LOC134712019",48.6359053326728,0.231379972037162,0.159606957724803,0.0429090797006491,0.253361291943041
"gene-LOC134712023|LOC134712023",57.983504942862,0.0400745427525427,0.119111225366327,0.663623022823398,0.872251675130844
"gene-LOC134712026|LOC134712026",46.2835256905228,-0.26112556353514,0.19872105740944,0.0384845125353189,0.240043449665217
"gene-LOC134712032|LOC134712032",15.693843945143,-0.139530730340937,0.203562690641889,0.160516170373093,0.465611639557216
"gene-LOC134712038|LOC134712038",13.999782332752,0.74265715902626,0.276992429292265,0.000426112374477822,0.0175290936375324
"gene-LOC134712039|LOC134712039",41.5696602127092,0.142376257783299,0.158046047057966,0.177311343837203,0.49280139093871
"gene-LOC134712042|LOC134712042",26.013063576931,0.205094019564061,0.237996274093837,0.0799799692523436,0.338893396056645
"gene-LOC134712047|LOC134712047",82.9998428927195,0.0446902569974525,0.125766195520159,0.633738851681086,0.85623909964459
"gene-LOC134712048|LOC134712048",22.1189389283322,0.451423388385068,0.215104625142572,0.00353448374001105,0.0610304237282286
"gene-LOC134712050|LOC134712050",79.5598250080844,0.144720651750804,0.136087551995315,0.152517718803103,0.45302538354529
"gene-LOC134712052|LOC134712052",36.4895962119528,0.0739210523045254,0.145009163680174,0.44429961792595,0.74989475369772
"gene-LOC134712054|LOC134712054",25.5675284954857,-0.0261727985024585,0.171324600429963,0.709883534884807,0.893039844781025
"gene-LOC134712055|LOC134712055",9.62305310570012,0.0408763191520212,0.170593239707948,0.594573574917587,0.831918056280677
"gene-LOC134712056|LOC134712056",2021.48940240853,0.0340036099313107,0.0932448542014417,0.664482526128692,0.873067165109546
"gene-LOC134712057|LOC134712057",14.6507399735557,-0.0770107471474507,0.153757581087388,0.421486859200403,0.733859361048806
"gene-LOC134712067|LOC134712067",6.79757357464553,0.0266308176333633,0.186132733865243,0.395062376197792,NA
"gene-LOC134712069|LOC134712069",31.2044342524288,-0.0557532368803547,0.187626755135424,0.327163462155456,0.663371777282146
"gene-LOC134712073|LOC134712073",10.5899426384507,-0.0223383997421845,0.163346753130476,0.777793929038736,0.921929865352263
"gene-LOC134712076|LOC134712076",38.6665815104837,0.0752723962932868,0.15745260771577,0.428144765681672,0.738486345601851
"gene-LOC134712078|LOC134712078",14.2619506315033,0.170132739250156,0.180051505683577,0.124394154495042,0.404530233495899
"gene-LOC134712080|LOC134712080",8.41136382069197,-0.00659565190707158,0.181749573050432,0.864681269306733,0.954744065157427
"gene-LOC134712086|LOC134712086",10.2404348614292,0.076518844383486,0.183871734737866,0.334624262102933,0.667835364477281
"gene-LOC134712087|LOC134712087",77.544885666905,0.513331541042299,0.163351211203076,0.000166070196167354,0.0100246009322839
"gene-LOC134712091|LOC134712091",27.4518798446076,-0.279877907518204,0.217095696520728,0.0335196963259513,0.221363347165233
"gene-LOC134712096|LOC134712096",13.1521256027242,0.000950727264567975,0.154778412209147,0.991938976596511,0.996166957934954
"gene-LOC134712099|LOC134712099",231.243443192833,-0.010318139792035,0.113284832304168,0.907757531318222,0.973283642470783
"gene-LOC134712105|LOC134712105",33.8448812316877,-0.115943497822742,0.162219311495616,0.252536474189726,0.589130303037539
"gene-LOC134712106|LOC134712106",17.8456631811659,0.163761798929516,0.228555578598024,0.112072190805622,0.387027107565603
"gene-LOC134712107|LOC134712107",48.5415888080362,-0.47533407512225,0.251537430326825,0.00464923902119747,0.0728713343579963
"gene-LOC134712108|LOC134712108",14.3108066717607,0.0705802057732306,0.163594181302514,0.442008039903493,0.74870749616306
"gene-LOC134712109|LOC134712109",12.3644686577755,-0.0290627217747369,0.180246663950113,0.590595227180874,0.829072740375486
"gene-LOC134712110|LOC134712110",17.7514171054923,-0.110671080831615,0.178068421043571,0.255338563375984,0.5909356358993
"gene-LOC134712111|LOC134712111",17.0596730500692,0.199668987519006,0.191765558661786,0.0856520346840567,0.348363479737245
"gene-LOC134712112|LOC134712112",30.1778229879816,-0.0113450134799811,0.12256354407096,0.901672454508713,0.969990938005811
"gene-LOC134712113|LOC134712113",17.5580984266021,-0.0470468410366022,0.144449299515274,0.614881724929391,0.846622290098858
"gene-LOC134712114|LOC134712114",40.7987153702584,0.565836305674793,0.222474648787582,0.000844179586588975,0.027282688940026
"gene-LOC134712115|LOC134712115",24.160287401609,-0.116333071888893,0.161072553885525,0.252943890742026,0.589303614616709
"gene-LOC134712116|LOC134712116",23.6646345096756,-2.18625978031332,0.638273247882785,2.0182270567818e-05,0.00237760168108617
"gene-LOC134712120|LOC134712120",23.6233930477566,0.0590340788987232,0.150105871611356,0.530503747067988,0.79744790462741
"gene-LOC134712130|LOC134712130",59.6937379150656,0.0119435218920245,0.116975434585267,0.896396443809889,0.968102857546567
"gene-LOC134712133|LOC134712133",8.23679358701893,0.00343718834031237,0.182523447206498,0.924511831032245,NA
"gene-LOC134712135|LOC134712135",25.9250556452749,-0.0630191663250608,0.13450977488823,0.509522957390203,0.784310997002749
"gene-LOC134712139|LOC134712139",9.07222636676805,0.170442692418752,0.263308347419435,0.0697924341705533,0.31777201574289
"gene-LOC134712141|LOC134712141",10.3668438251481,0.3179719125125,0.287382544872581,0.0290627967058126,0.204245113808884
"gene-LOC134712143|LOC134712143",15.1745726993356,-0.0476889399319788,0.175730211828902,0.51115364040586,0.784619510158629
"gene-LOC134712144|LOC134712144",9.42457323128759,0.0404278862914139,0.169648758030217,0.605056699303413,0.838144777861411
"gene-LOC134712146|LOC134712146",32.9596249113229,0.0835427352890106,0.142436621221962,0.391575199406269,0.713589135844159
"gene-LOC134712151|LOC134712151",8.68729479958615,0.119515161986274,0.213563388547205,0.14930435830419,0.447484215450884
"gene-LOC134712155|LOC134712155",12.8169226660287,-0.0717495572722862,0.19294065571662,0.252557755661718,0.589130303037539
"gene-LOC134712158|LOC134712158",21.4009935110254,-0.0679264586795243,0.172717300941404,0.421078625063813,0.733827375414556
"gene-LOC134712162|LOC134712162",12.2809933249547,0.00663094894854084,0.164447113727819,0.932592671075357,0.979075329977959
"gene-LOC134712164|LOC134712164",32.5787807569427,0.25281901349656,0.312045010634141,0.0453799953618558,0.25915206108131
"gene-LOC134712165|LOC134712165",52.2381964731382,0.00275292947355739,0.114368605630177,0.976352246816292,0.991980289222603
"gene-LOC134712173|LOC134712173",22.4780548463304,-0.0111650619344888,0.161554476139947,0.888729882414467,0.965876007167068
"gene-LOC134712174|LOC134712174",11.6407568221754,-0.0294558198362817,0.180710339694472,0.578178149465388,0.822768831635782
"gene-LOC134712176|LOC134712176",136.581035048422,-0.297885167244092,0.135284663538286,0.00615560843534683,0.0869643404483041
"gene-LOC134712180|LOC134712180",27.0713949200159,-0.216713456104827,0.292913245661244,0.0542225981236789,0.282081094512358
"gene-LOC134712183|LOC134712183",43.1148944502222,-0.0941596223264701,0.161875901606065,0.332735698007529,0.667115437344769
"gene-LOC134712185|LOC134712185",6.69806447635852,-0.0294556182913178,0.185315166941314,0.43692050152448,NA
"gene-LOC134712187|LOC134712187",17.8746865405779,-0.146628972601101,0.259025100269024,0.0414639392657502,0.249261409380279
"gene-LOC134712189|LOC134712189",19.9832442851677,-0.88239632252811,0.320160387634129,0.000286306703524605,0.0137577905430508
"gene-LOC134712192|LOC134712192",10.5157224248257,-0.00902730360054093,0.152861265159957,0.916602410018265,0.974081769645483
"gene-LOC134712194|LOC134712194",211.513812286236,0.0835425373502049,0.126031861049001,0.380736725081122,0.704597669686427
"gene-LOC134712195|LOC134712195",27.034378502119,0.202653463908355,0.224415228865286,0.0839095850589364,0.345680465992808
"gene-LOC134712197|LOC134712197",139.047479957553,-0.0822891176281087,0.109882116046934,0.35667066014003,0.688275429765596
"gene-LOC134712200|LOC134712200",14.9329473010777,0.345031275790192,0.491798756094035,0.0217864237014486,0.177364917783631
"gene-LOC134712204|LOC134712204",12.4651580174697,0.465222785166458,0.339357632623733,0.0108159765267109,0.120610522978773
"gene-LOC134712208|LOC134712208",7.51554316286022,0.00357316703655863,0.176066487351634,0.951472006528468,NA
"gene-LOC134712211|LOC134712211",27.2657619326064,0.278140185296459,0.187128794634189,0.0279071417523142,0.200623782833566
"gene-LOC134712212|LOC134712212",22.8933391795009,0.0584330011814781,0.13212215893088,0.538885818005527,0.802123907624285
"gene-LOC134712214|LOC134712214",18.2987786124101,0.0562743005698908,0.14372212749026,0.553068390736819,0.810968809659803
"gene-LOC134712215|LOC134712215",33.1017994100236,1.3485311465776,0.348357062198275,5.40381967601294e-06,0.000858032585078229
"gene-LOC134712220|LOC134712220",35.648467980802,0.067945467950919,0.135951115346494,0.479118998501686,0.767430957249192
"gene-LOC134712221|LOC134712221",58.5151814814216,-0.307745443084058,0.267210915201148,0.0290587163609478,0.204245113808884
"gene-LOC134712222|LOC134712222",9.95169766113529,0.00266128758728589,0.178934087614044,0.958290625141725,0.986765553736196
"gene-LOC134712227|LOC134712227",10.1923393165205,0.165469364601083,0.247711825879202,0.0886700187456098,0.351686411477795
"gene-LOC134712228|LOC134712228",6.0562545605159,-0.0151634229228656,0.185581334891918,0.493492193159001,NA
"gene-LOC134712229|LOC134712229",80.0929343862327,0.690432457743001,0.300682837455786,0.00123627660820073,0.0339464825048801
"gene-LOC134712232|LOC134712232",56.7892366357943,-0.519754773482082,0.320193285885806,0.00600744720085169,0.0855329324659274
"gene-LOC134712239|LOC134712239",324.108380122315,0.0181438023728012,0.126813747209292,0.923593143044251,0.976842896105864
"gene-LOC134712243|LOC134712243",136.611129755013,-0.105352944176473,0.167724078386829,0.283944458532477,0.619481113212048
"gene-LOC134712245|LOC134712245",41.793213876923,-0.0237433246661162,0.155292329022887,0.783554497018042,0.924419648880597
"gene-LOC134712246|LOC134712246",26.1758299038121,-0.025542424881645,0.139816750827929,0.782774044503952,0.924230937237932
"gene-LOC134712247|LOC134712247",11.9312444349989,-0.0443231556960241,0.180978672357831,0.473058082273012,0.765376164698452
"gene-LOC134712249|LOC134712249",346.291707824723,0.0234922649355449,0.0995196122996623,0.780801447953374,0.923259474801918
"gene-LOC134712252|LOC134712252",12.709037648345,-0.0280285695631313,0.163733899765606,0.726403214819161,0.901095292296052
"gene-LOC134712253|LOC134712253",27.036348541987,-0.244444714747403,0.518136679116987,0.00629722267461955,0.0882682020132783
"gene-LOC134712255|LOC134712255",61.466722659956,-0.115678151435462,0.129732095683456,0.236115190554376,0.572798355640535
"gene-LOC134712258|LOC134712258",67.1771678154142,0.228848184592751,0.159082767778217,0.0446158178597103,0.257026165310263
"gene-LOC134712259|LOC134712259",9.18481235093276,-0.0694938947985543,0.172478841337519,0.416278188712903,0.731628477305431
"gene-LOC134712260|LOC134712260",44.5725073734521,0.173871399246733,0.173083518136092,0.118263656669896,0.394248173581435
"gene-LOC134712262|LOC134712262",23.0397446523956,-0.0630058470457066,0.17367768121001,0.441998052086251,0.74870749616306
"gene-LOC134712263|LOC134712263",793.654756683329,-0.0800120046744133,0.157951614027295,0.402778510383797,0.721406140226399
"gene-LOC134712265|LOC134712265",12.7298325022466,0.0719326577368826,0.185975306837681,0.329332441826231,0.66470521928408
"gene-LOC134712268|LOC134712268",1438.80665011259,-0.00192695861664664,0.103016852516112,0.981419497083746,0.992729503672812
"gene-LOC134712269|LOC134712269",20.6870606727118,-0.00325795515286116,0.157794460503897,0.967925768730394,0.990333763867984
"gene-LOC134712270|LOC134712270",85.9932845216654,-0.531841830755322,0.275445688045267,0.00347205983116036,0.0603807084747856
"gene-LOC134712271|LOC134712271",14.7573189401977,-0.0725182309051082,0.167426130389514,0.419905321301462,0.732852680235575
"gene-LOC134712274|LOC134712274",266.01491542899,0.17483763754658,0.145516075030279,0.0991911263305199,0.370799378289434
"gene-LOC134712277|LOC134712277",60.3010884091884,-0.0891090005150236,0.119603696031291,0.339029315251343,0.672198574134421
"gene-LOC134712279|LOC134712279",12.6670508345575,0.804328453809859,1.04259081578025,0.00712530827803647,0.0951380379503198
"gene-LOC134712280|LOC134712280",101.489516905023,-0.0668736282799362,0.162860502973442,0.45960222516313,0.760652977325952
"gene-LOC134712281|LOC134712281",24.252632272198,-0.0560157935401888,0.176311817052591,0.460728615735691,0.760652977325952
"gene-LOC134712293|LOC134712293",28.1848233001694,0.0778344246159142,0.141985798029256,0.423337478577503,0.734567682779207
"gene-LOC134712299|LOC134712299",27.4108910481069,0.0816994070370376,0.150624695736802,0.401825468111292,0.720052310864789
"gene-LOC134712300|LOC134712300",12.6536998215743,-0.0456080048715599,0.178917211339448,0.491426596781601,0.774219966990478
"gene-LOC134712301|LOC134712301",27.7971027290642,-0.019326074297619,0.185364114054418,0.483921950176685,0.76956083566528
"gene-LOC134712304|LOC134712304",8.79251252102395,-0.00299285495934758,0.182401502939771,0.931245993908151,0.978538446195531
"gene-LOC134712308|LOC134712308",141.392220321541,0.0124335602789811,0.0953335743511165,0.8861240495321,0.964924331339366
"gene-LOC134712311|LOC134712311",21.9639600717281,-0.147067907444322,0.244064537813709,0.0798199518755737,0.338893396056645
"gene-LOC134712313|LOC134712313",8.66531261752283,-0.280109519928616,0.434100160093449,0.0264378496914514,0.196042694564834
"gene-LOC134712314|LOC134712314",21.1692769128166,-0.191348471893158,0.290936300836945,0.0510570948340454,0.273603096601517
"gene-LOC134712317|LOC134712317",72.2014398333227,0.164744330341028,0.200875808451823,0.13102045027447,0.417709894720526
"gene-LOC134712318|LOC134712318",23.2186945610574,-0.00209277192389101,0.144673687992558,0.980813377292756,0.992729503672812
"gene-LOC134712319|LOC134712319",12.3088824461529,0.106662642010084,0.212393473055976,0.137076204706411,0.429333018514419
"gene-LOC134712321|LOC134712321",12.2494619242571,0.0250901839890425,0.155166416459488,0.774016601538758,0.920837364533486
"gene-LOC134712325|LOC134712325",26.0836246967504,0.0611817682243796,0.127066410407485,0.517132577981028,0.788875595149004
"gene-LOC134712326|LOC134712326",27.252411121119,0.315714655887659,0.171740696882819,0.0119091449377759,0.128106619477931
"gene-LOC134712328|LOC134712328",42.9355151116614,0.0720701417750813,0.104931058609875,0.407295125512722,0.724003575020308
"gene-LOC134712332|LOC134712332",12.2086725385482,0.156588812459251,0.236396002496426,0.102511502474251,0.375824193044838
"gene-LOC134712334|LOC134712334",222.033536337405,0.0206339358105659,0.0757361271124508,0.769419376694426,0.917374979983037
"gene-LOC134712335|LOC134712335",13.4040934262518,0.113172084250877,0.192467395603688,0.222337801512547,0.556622652151485
"gene-LOC134712336|LOC134712336",28.4217450596095,-0.00465463647251442,0.121449033612472,0.959016712506138,0.986770319480221
"gene-LOC134712337|LOC134712337",20.7222995859032,-0.167441321589434,0.239123735099921,0.0967919094524173,0.366420689241297
"gene-LOC134712341|LOC134712341",39.1458746122558,0.0214436594850315,0.112930787107432,0.819579079944947,0.939012643124375
"gene-LOC134712342|LOC134712342",7.00824303918229,0.0222965871877644,0.183068589482169,0.58982095463821,NA
"gene-LOC134712344|LOC134712344",14.7117058954565,-0.0365013430697715,0.139187654543983,0.69639429621091,0.885694443708241
"gene-LOC134712346|LOC134712346",61.8898172436889,1.27627738194051,0.335867896885852,7.46555209523313e-06,0.00109056785007166
"gene-LOC134712347|LOC134712347",6.66402516628036,-0.016192020517443,0.181813746948229,0.701681997553968,NA
"gene-LOC134712348|LOC134712348",18.5389396484457,0.131790479415965,0.21172745864424,0.154310910824239,0.45575693192893
"gene-LOC134712350|LOC134712350",19.436723659431,0.209751555668136,0.201566916885866,0.077106585449271,0.333376077707712
"gene-LOC134712354|LOC134712354",21.6184115563383,0.0275677861361539,0.138835391743905,0.767219128934097,0.916642133933614
"gene-LOC134712359|LOC134712359",62.4064036044031,-0.213055139864676,0.160592209935834,0.0583049077396184,0.291128312721651
"gene-LOC134712360|LOC134712360",5.39860719743648,0.0171713158395967,0.184334502454455,0.591864345519885,NA
"gene-LOC134712362|LOC134712362",18.1235530528098,0.092620265960429,0.155787922737351,0.346827954651783,0.679663050269696
"gene-LOC134712364|LOC134712364",30.9899739717674,-0.00623990509120049,0.174801254414078,0.915077964707949,0.973951058977618
"gene-LOC134712365|LOC134712365",24.0586931726582,0.0539617520160198,0.165588194703371,0.529940427456068,0.79688359810992
"gene-LOC134712366|LOC134712366",24.8421758440122,0.462015088081177,0.268896564825814,0.00685521348832704,0.0932411160497964
"gene-LOC134712367|LOC134712367",50.5715506956972,0.702518525806187,0.251224149097153,0.000325735446601714,0.0147774639874467
"gene-LOC134712368|LOC134712368",419.685725038181,0.725504464181462,0.132618773213705,3.63951008500718e-09,2.04484474314557e-06
"gene-LOC134712370|LOC134712370",24.3707803279195,0.0824290550981808,0.144347703598322,0.400369021503479,0.71884732253251
"gene-LOC134712375|LOC134712375",50.3371124889026,-0.0181950194330744,0.142769444211964,0.842076923636733,0.947401394060797
"gene-LOC134712379|LOC134712379",37.9095953777544,-0.411104902379374,0.333450320919617,0.0145717806157016,0.143633313923191
"gene-LOC134712381|LOC134712381",6.15357168451457,-0.0303403159953255,0.186549243871104,0.361274645484401,NA
"gene-LOC134712383|LOC134712383",37.2866730961009,-0.857324800099281,0.242710265348737,2.22427620485456e-05,0.00257874815877107
"gene-LOC134712384|LOC134712384",14.735537317761,-0.272041953069399,0.656665399099628,0.00630832440456343,0.0882682020132783
"gene-LOC134712385|LOC134712385",36.1494910904705,-0.036455589054536,0.175964641330679,0.585001785247569,0.825370057093644
"gene-LOC134712386|LOC134712386",86.9710939895124,7.29258298139802e-05,0.133321341389417,0.999299070454622,0.99957277603404
"gene-LOC134712387|LOC134712387",36.8489912601068,-0.199678323344842,0.285371042133963,0.0569287840853707,0.288623374338428
"gene-LOC134712390|LOC134712390",66.1195745579518,0.335123338308313,0.174406268951102,0.00907443528275712,0.109820855267527
"gene-LOC134712398|LOC134712398",18.1875525605172,0.625606187336804,0.258629633535694,0.00101198812651919,0.030083479471047
"gene-LOC134712400|LOC134712400",12.0182601186968,-0.17323843093564,0.248177112096151,0.087260957268082,0.34961822922988
"gene-LOC134712406|LOC134712406",416.265636264597,0.139422680566351,0.176010784525152,0.186157649075508,0.508374659702221
"gene-LOC134712407|LOC134712407",38.6144985522042,-0.091038671548376,0.196396522921392,0.226003721351841,0.561473190732601
"gene-LOC134712409|LOC134712409",32.8759985005611,0.0547950536653281,0.122744791270347,0.557087766522968,0.813198673919836
"gene-LOC134712410|LOC134712410",1263.74772704637,-0.0408263866096448,0.060768809892239,0.476267551271203,0.765853785338503
"gene-LOC134712411|LOC134712411",109.246479486687,0.212908874792034,0.0919981780700416,0.00869917757465246,0.107510648063048
"gene-LOC134712412|LOC134712412",13.8482552676297,-0.0524838168014194,0.18813119720211,0.321038952473294,0.657194088807438
"gene-LOC134712415|LOC134712415",14.388624983897,0.0386857134843718,0.17198534105438,0.602347257939544,0.837306109531757
"gene-LOC134712416|LOC134712416",14.6036717233357,0.40022689305216,0.396782383855722,0.0181471988163088,0.160274655567497
"gene-LOC134712419|LOC134712419",11.4803403471691,0.0247138331700205,0.149975759262776,0.783350001055405,0.924419648880597
"gene-LOC134712426|LOC134712426",13.7666071068048,0.126810926662286,0.208693264595536,0.1637240904415,0.470063190481412
"gene-LOC134712427|LOC134712427",22.0653637247267,-0.62156980426531,0.251782223673373,0.000893826702813521,0.028261949079437
"gene-LOC134712428|LOC134712428",9.72572011473403,-0.0989040653097134,0.195710342741183,0.228251153775761,0.564231211901911
"gene-LOC134712429|LOC134712429",8.2761777540632,0.0170661857243248,0.177469075587655,0.761676009813749,0.914411830322095
"gene-LOC134712437|LOC134712437",13.4348907204488,-0.0282689815391981,0.143576583782988,0.758817424996835,0.913833878347383
"gene-LOC134712439|LOC134712439",70.5699760878355,0.213535090567576,0.175805322747048,0.0671838050568656,0.312194469458032
"gene-LOC134712440|LOC134712440",203.379033513822,0.313458977878425,0.146732202828218,0.0066137609224407,0.0911451127877488
"gene-LOC134712443|LOC134712443",38.5054530976315,-0.467471690863064,0.503856712239648,0.0128963228880727,0.13475642685906
"gene-LOC134712444|LOC134712444",41.7497385710712,0.124503237791369,0.156912898058413,0.22711336095352,0.563184537426725
"gene-LOC134712445|LOC134712445",32.213743346351,-0.190295364705629,0.177274072555673,0.0935250410509248,0.360370690491233
"gene-LOC134712447|LOC134712447",19.8719119281785,0.0448984298606462,0.173530380419881,0.548111472330835,0.808279061963339
"gene-LOC134712451|LOC134712451",83.6370474969652,0.0682785933325848,0.126060258526122,0.470796685948164,0.764325182077214
"gene-LOC134712452|LOC134712452",38.1453517902422,0.216262277918341,0.196465001377157,0.071172855550742,0.320110120719497
"gene-LOC134712458|LOC134712458",33.5804142741527,-0.304621570177802,0.188220199557886,0.0185210331387444,0.162423277161203
"gene-LOC134712463|LOC134712463",9.75442315765046,-0.0557504889436108,0.186566576063905,0.350022242880027,0.68304256004673
"gene-LOC134712467|LOC134712467",38.7169637020755,0.0338464262247269,0.159345361746365,0.693814194056661,0.885257856795296
"gene-LOC134712470|LOC134712470",111.157139947733,0.458030647280941,0.263694860007636,0.00679652438736035,0.0927213976905158
"gene-LOC134712471|LOC134712471",8.1892008904625,-0.0328130700694162,0.171547323116274,0.650218557377812,NA
"gene-LOC134712472|LOC134712472",39.9442237692517,0.253965697608384,0.169193623927624,0.0328414850113535,0.218641811099529
"gene-LOC134712479|LOC134712479",12.6496088394686,-0.133453225736884,0.245034808771741,0.0481223891009616,0.265503197377263
"gene-LOC134712481|LOC134712481",67.5436550498031,-0.196898032615721,0.146523060872955,0.0665180765257326,0.310446026162269
"gene-LOC134712484|LOC134712484",189.739979679533,0.132063551453555,0.101398921347718,0.12405001217781,0.403669920945479
"gene-LOC134712485|LOC134712485",29.6747376025726,-0.805225992515413,0.244554842566941,5.79470827369476e-05,0.00535753787735019
"gene-LOC134712486|LOC134712486",96.5160999832179,0.0667649555924675,0.0973508474293264,0.421163097825577,0.733827375414556
"gene-LOC134712488|LOC134712488",29.671156101186,-0.0656937349039587,0.145183617416997,0.491740523626892,0.774401204090302
"gene-LOC134712490|LOC134712490",37.7776248555522,-0.0413918759283891,0.131970585936404,0.660297192628659,0.870341358703986
"gene-LOC134712491|LOC134712491",103.1023059395,0.0190444324081778,0.0975390894615259,0.819544756296173,0.939012643124375
"gene-LOC134712493|LOC134712493",16.1475453627606,-0.0193737245111901,0.166444159695836,0.798056127703499,0.928924614620933
"gene-LOC134712494|LOC134712494",11.3089698420499,0.0907729958075436,0.184993865236,0.290877142684342,0.626606858340205
"gene-LOC134712495|LOC134712495",18.000008704729,0.593340743734954,2.18559224062588,0.00885764137017993,0.108964479918509
"gene-LOC134712496|LOC134712496",9.1987913441024,-0.0304418815376709,0.167432201980375,0.692756412976685,0.885257856795296
"gene-LOC134712497|LOC134712497",8.73059816141457,0.0678408405557667,0.184357056917054,0.350724805756929,0.68310349960589
"gene-LOC134712498|LOC134712498",51.1536277431617,-0.367110384421918,0.161706500236375,0.00346693819696578,0.0603807084747856
"gene-LOC134712501|LOC134712501",15.372062951398,0.0551234778331869,0.149155139014808,0.555478728926205,0.812418229090308
"gene-LOC134712504|LOC134712504",394.748038425052,0.746663492718946,0.293245888495886,0.000603503057282069,0.0213979918950885
"gene-LOC134712507|LOC134712507",107.458283464963,0.171730523111142,0.110507922363973,0.0605290317094707,0.295326685107531
"gene-LOC134712511|LOC134712511",98.4524616217308,0.318909829633589,0.166163426616096,0.0100703545328831,0.115520774389742
"gene-LOC134712513|LOC134712513",16.2641197719983,-0.0533131559212449,0.177862948100255,0.461037398493082,0.760652977325952
"gene-LOC134712519|LOC134712519",32.5959347319363,-0.084068675092799,0.161694847990597,0.376070619022354,0.701793510817392
"gene-LOC134712521|LOC134712521",19.3637880306773,0.245504532220195,0.248436036050797,0.0545752187020258,0.282507014457546
"gene-LOC134712522|LOC134712522",19.157277510786,-0.408759041050052,0.30284365266024,0.013445888557247,0.137991982901347
"gene-LOC134712523|LOC134712523",8.45543917436902,0.0195036905146637,0.173542446330578,0.764816723798859,0.915885611020874
"gene-LOC134712524|LOC134712524",173.832194906024,-0.837137093606854,0.276418031385333,0.000123144250937547,0.00864851546969082
"gene-LOC134712526|LOC134712526",11.3850762878909,-0.0756344858004104,0.184860065815182,0.327508026955014,0.663371777282146
"gene-LOC134712527|LOC134712527",14.6329304948195,-0.0185045071689117,0.172249957548043,0.78160180919509,0.92385639025449
"gene-LOC134712540|LOC134712540",57.3785848018775,-0.298885426114813,0.242362013398801,0.0297626190978664,0.207231811144725
"gene-LOC134712542|LOC134712542",23.8695943670602,0.0132231602080437,0.148411486488087,0.883766759935467,0.96449445448395
"gene-LOC134712544|LOC134712544",48.3850023999981,-0.164923991672051,0.22266964391316,0.113523259940464,0.388712593879199
"gene-LOC134712545|LOC134712545",182.007275419734,-0.0535108940241944,0.155550193616639,0.552953439465374,0.810968809659803
"gene-LOC134712548|LOC134712548",12.5947634526463,-0.148173547027171,0.211670021093475,0.140389018633647,0.434676300169632
"gene-LOC134712550|LOC134712550",12.0794264181786,-0.182823819214263,0.29232963118615,0.044123707964556,0.255467690594581
"gene-LOC134712552|LOC134712552",51.5635850082707,0.0384447062310718,0.130393932255864,0.68199433934832,0.880440491024719
"gene-LOC134712553|LOC134712553",88.0187525056603,-0.297257746451308,0.373738034194983,0.0298363929503263,0.207547632484936
"gene-LOC134712554|LOC134712554",8.16596164276832,0.0240819806199253,0.167671576129176,0.750687032160175,NA
"gene-LOC134712556|LOC134712556",8.65583447548102,0.00172306583581402,0.1829741081801,0.960399892816676,0.987299200159466
"gene-LOC134712558|LOC134712558",18.1605322768743,-0.105943363047471,0.155649518586562,0.291002560640321,0.626606858340205
"gene-LOC134712559|LOC134712559",20.3428698764666,0.078746997136352,0.158398488505557,0.408933533880868,0.725571480650996
"gene-LOC134712560|LOC134712560",42.2659474809773,0.176856967805818,0.1556514152666,0.10251823174025,0.375824193044838
"gene-LOC134712565|LOC134712565",12.1721576514061,-0.0212301818342895,0.176089844476456,0.724905101635988,0.900671561173723
"gene-LOC134712567|LOC134712567",12.6039198292291,0.0650887871926525,0.182838773287424,0.372959593021344,0.699214272029153
"gene-LOC134712580|LOC134712580",12.9170937479947,-0.011386243362453,0.144940394417512,0.899940456992157,0.969207475356932
"gene-LOC134712581|LOC134712581",97.434278899252,-0.0839273945351822,0.114628103843477,0.358652489748796,0.688644047661838
"gene-LOC134712582|LOC134712582",53.2656863706757,0.0397794405090333,0.145887296121536,0.669088042234384,0.874285257527977
"gene-LOC134712586|LOC134712586",15.1996288831821,-0.0411988990142867,0.166595299215586,0.61070805957099,0.842897140420732
"gene-LOC134712587|LOC134712587",21.8199371511866,0.0391054098748812,0.144152186773633,0.67547618790409,0.876268037250577
"gene-LOC134712588|LOC134712588",197.464157594727,0.0987837745167646,0.137108055849412,0.315928306300823,0.652428554369739
"gene-LOC134712590|LOC134712590",9.38079007509979,0.00340983979486424,0.179306397477726,0.94461405408241,0.984231248362043
"gene-LOC134712592|LOC134712592",20.3785365669806,-0.590595303481355,0.290860157546647,0.0025723581980554,0.0511111946570414
"gene-LOC134712600|LOC134712600",570.328540032874,0.0125632479801904,0.103774923574707,0.884844137454187,0.964867103368543
"gene-LOC134712604|LOC134712604",33.0313643693508,-0.0528533255669126,0.153249360732632,0.563705870010998,0.817009237008096
"gene-LOC134712606|LOC134712606",75.9813090355196,-0.464668548055131,0.260226879764851,0.00575413255203744,0.0828958267457229
"gene-LOC134712609|LOC134712609",91.6610002975415,0.0305106880247255,0.148880798066866,0.738200983872944,0.905275350269977
"gene-LOC134712611|LOC134712611",258.855100736708,0.0670244501209651,0.113606347011229,0.460497698793136,0.760652977325952
"gene-LOC134712613|LOC134712613",16.0353891152912,0.0168072770172747,0.157264132419584,0.842631652071037,0.94769256508719
"gene-LOC134712615|LOC134712615",12.3881518323414,0.0516645626745162,0.175363652870126,0.493875633651781,0.774923228397983
"gene-LOC134712616|LOC134712616",87.6244178269087,-0.176677116324403,0.165522399133496,0.107654086250928,0.381019677617619
"gene-LOC134712617|LOC134712617",375.753606121694,-0.0573517273182817,0.176851466323178,0.448525297470907,0.753339701516911
"gene-LOC134712619|LOC134712619",110.421218723909,0.0746639147414633,0.109988850688326,0.404095579652098,0.722424610814487
"gene-LOC134712620|LOC134712620",40.6665373784148,-0.337576618178405,0.423763049977601,0.0231505334181557,0.1821908452675
"gene-LOC134712630|LOC134712630",41.2489630412018,-0.02658021392758,0.128807106546031,0.775373523608114,0.921594957636969
"gene-LOC134712637|LOC134712637",25.5514797055293,0.16577573588286,0.180627589487371,0.132145596234675,0.420013679241977
"gene-LOC134712644|LOC134712644",10.9863458347303,0.0948427186128231,0.183770679113396,0.285137011969859,0.620202720496679
"gene-LOC134712648|LOC134712648",21.8431760768872,-0.0172303629293057,0.163307455096633,0.826196944949017,0.94211397209184
"gene-LOC134712655|LOC134712655",22.4485975934591,-0.581424561539985,0.344856259735505,0.00461026526290901,0.0727286770632557
"gene-LOC134712656|LOC134712656",37.0631458323686,0.0076814406503854,0.132938522246682,0.935186514153744,0.980588711436929
"gene-LOC134712659|LOC134712659",31.1991275869869,-0.467078227882305,0.211680239423673,0.0025544946065288,0.0511111946570414
"gene-LOC134712665|LOC134712665",16.0442928223596,0.0136875467520499,0.165069092874752,0.859704974277856,0.953010629070047
"gene-LOC134712668|LOC134712668",22.6246642525486,-0.0746897216439633,0.195040355687125,0.228179201887389,0.564231211901911
"gene-LOC134712669|LOC134712669",30.8906983710757,0.072037808716066,0.139376654534689,0.455310240809483,0.758400455843207
"gene-LOC134712670|LOC134712670",65.3312049113496,0.137479341080884,0.120491920474333,0.148985436107408,0.447291411857814
"gene-LOC134712673|LOC134712673",15.5486839535057,0.0301386501218964,0.185286854306676,0.442000588803172,0.74870749616306
"gene-LOC134712674|LOC134712674",14.8611484959424,-0.142425023743497,0.186809910791017,0.173138272798129,0.484685456543166
"gene-LOC134712676|LOC134712676",25.2658830178845,-0.0444966645117106,0.140239806299609,0.635239772392824,0.857090187710361
"gene-LOC134712678|LOC134712678",67.2959886512645,0.584032723636016,0.218146267261508,0.000578343910833588,0.0212272559031584
"gene-LOC134712681|LOC134712681",11.105285675923,0.0550682066175449,0.16820114082208,0.508617922806366,0.783573746569111
"gene-LOC134712683|LOC134712683",80.4661549931127,0.319030186764033,0.159628489590745,0.0085605386999616,0.10633703174238
"gene-LOC134712684|LOC134712684",87.605947421069,-0.507575148143546,0.10574566097337,1.90518434735806e-07,6.05020281439272e-05
"gene-LOC134712686|LOC134712686",19.462346444778,0.0175710494034192,0.16937385646546,0.807198562600287,0.932876313486155
"gene-LOC134712687|LOC134712687",6.91343702890766,-0.0386988871191283,0.188812558737873,0.253340822460401,NA
"gene-LOC134712688|LOC134712688",34.923806226766,-0.00156159094726582,0.134000956110104,0.985789883078994,0.994155396948371
"gene-LOC134712692|LOC134712692",13.4624229596572,-0.0038855876592362,0.155780274176774,0.962887023171258,0.988330804969519
"gene-LOC134712693|LOC134712693",21.7051328984562,-0.204792978066974,0.404336981269642,0.00262852933622813,0.0516976869482826
"gene-LOC134712700|LOC134712700",65.1349746498525,-0.0620408007539867,0.116234329908624,0.49748988809753,0.775841529303202
"gene-LOC134712702|LOC134712702",38.5041528457698,-0.129285989153103,0.155221003569988,0.208759696708227,0.539634832446747
"gene-LOC134712707|LOC134712707",8.96828367333281,0.0249270187765701,0.178102652307517,0.667246306875779,0.873886939453985
"gene-LOC134712714|LOC134712714",8.16440381317758,0.0247532971878881,0.174000470841639,0.708631430103721,NA
"gene-LOC134712715|LOC134712715",18.6787644756922,-0.0415081753370095,0.181284292827552,0.48507990073596,0.770166733330883
"gene-LOC134712720|LOC134712720",32.162100372252,-0.220493943059979,0.232323015236122,0.0694400668852337,0.317192150425108
"gene-LOC134712722|LOC134712722",10.6358702999008,-0.145054189011675,0.213714917981139,0.141411365706162,0.436730915483218
"gene-LOC134712723|LOC134712723",98.1853301099366,-0.614805834518303,0.233500326755706,0.000561295130859166,0.0208106580497226
"gene-LOC134712726|LOC134712726",12.4175570261848,-0.0266050527578069,0.152070604085551,0.764945156436394,0.915885611020874
"gene-LOC134712727|LOC134712727",20.460607513587,-0.0533123495807098,0.189900080767387,0.276702471124152,0.612595031750611
"gene-LOC134712729|LOC134712729",46.2910830533884,0.000173948367700362,0.133140096065727,0.998638190904871,0.999351283136583
"gene-LOC134712731|LOC134712731",37.2746869902625,0.0916964152074843,0.135773493292568,0.347994119387712,0.680521833469303
"gene-LOC134712735|LOC134712735",21.4964202461478,-0.00451856713461945,0.160496605950496,0.95444665779692,0.985217007976971
"gene-LOC134712736|LOC134712736",47.3078269916652,0.0100592584091008,0.128519005506235,0.914794932296395,0.973951058977618
"gene-LOC134712745|LOC134712745",24.1296020329938,-0.439143913992749,0.284000983419559,0.00935619652707715,0.110816215239901
"gene-LOC134712748|LOC134712748",19.0220477119557,-0.0232668963718986,0.180432687106729,0.642887784195793,0.862062121491843
"gene-LOC134712761|LOC134712761",12.6337474483884,0.0155964552777869,0.179599431352137,0.755204541444586,0.911964338400273
"gene-LOC134712766|LOC134712766",12.9329067145158,-0.17530933527664,0.262213297591913,0.0711745394370843,0.320110120719497
"gene-LOC134712768|LOC134712768",8.93274201660347,-0.111049478090983,0.211419073695606,0.149236582817144,0.447484215450884
"gene-LOC134712769|LOC134712769",7.34666354122986,-0.0555283147895604,0.191437377069465,0.241281641847226,NA
"gene-LOC134712780|LOC134712780",22.3372864838493,-0.388331862207984,0.523538537669531,0.0174694904639778,0.156946074229882
"gene-LOC134712781|LOC134712781",148.446786416395,0.416612427796642,0.205884753548174,0.0048117074467599,0.0742552319345919
"gene-LOC134712784|LOC134712784",73.0287599982176,0.333760301992025,0.122617719508569,0.00131826509690918,0.0348862618399443
"gene-LOC134712787|LOC134712787",79.909827021395,0.117278871355936,0.117753166026339,0.209719938953827,0.540506151770907
"gene-LOC134712788|LOC134712788",24.2560859392238,-0.230674602319898,0.336762957987019,0.0394226166076565,0.242947438897563
"gene-LOC134712794|LOC134712794",13.1038221037652,-0.0747443927275587,0.186455227056713,0.315343150550796,0.651947011095639
"gene-LOC134712798|LOC134712798",17.3607760323301,-0.0610126273101178,0.157973986961318,0.5070162151395,0.782343916562848
"gene-LOC134712800|LOC134712800",20.0369411012835,0.284057202663569,0.245639406254596,0.0365957610051072,0.232633105640821
"gene-LOC134712804|LOC134712804",9.61718989875206,-0.0798778217090283,0.189650474327698,0.28492231670466,0.620191146240631
"gene-LOC134712810|LOC134712810",39.3229767100347,0.124352442731834,0.141840751334797,0.218554841279316,0.55176392738795
"gene-LOC134712812|LOC134712812",14.7222621039632,0.254201818767593,0.23036203250394,0.0487463730914459,0.266143331342172
"gene-LOC134712813|LOC134712813",13.9928733973603,0.111437978189201,0.167387174589335,0.265736178254926,0.601465081792289
"gene-LOC134712815|LOC134712815",8.53704107568733,-0.0169830714626166,0.174479276061465,0.785290976871003,0.925014486374558
"gene-LOC134712818|LOC134712818",22.8829957930944,-0.133939697632506,0.151033779630102,0.195204240632912,0.52073476025668
"gene-LOC134712819|LOC134712819",46.6926491326572,0.0980402500521874,0.161960154202387,0.318659694861189,0.655077515132599
"gene-LOC134712821|LOC134712821",31.1365607473449,-0.0261142424061256,0.141215874747994,0.777195312590424,0.921617126274472
"gene-LOC134712824|LOC134712824",27.5655428760257,0.121295265069036,0.146049118338406,0.233095211427637,0.569597666198549
"gene-LOC134712825|LOC134712825",16.1074736864683,-0.234306097844913,0.276185176499904,0.0545436169216764,0.282507014457546
"gene-LOC134712826|LOC134712826",238.670750349873,-0.0374391214640688,0.102519088647989,0.661270521212731,0.870883499267542
"gene-LOC134712827|LOC134712827",62.1064489656413,-0.680907910040535,0.235954063092814,0.000246351738636011,0.0130371362708535
"gene-LOC134712829|LOC134712829",21.616267670293,-0.280616271317356,0.38901024101366,0.0303795136053124,0.210124969103411
"gene-LOC134712830|LOC134712830",57.1612875781008,0.0513214995082831,0.122413823019829,0.581880136014469,0.823352005505491
"gene-LOC134712831|LOC134712831",23.3237606888937,0.270657397525623,0.182583473525992,0.029399629063348,0.205684761186488
"gene-LOC134712832|LOC134712832",13.1378768002143,-0.193372097358407,0.242205393752417,0.0832088679728025,0.34441450844459
"gene-LOC134712833|LOC134712833",100.003612840081,0.111119508203856,0.178533683853816,0.256535376483511,0.591805350247473
"gene-LOC134712835|LOC134712835",7.69436168825075,0.0273328096035741,0.164657282763811,0.731911625336298,NA
"gene-LOC134712836|LOC134712836",12.6614576856013,0.0644149111106024,0.159341512659509,0.484136369096654,0.76956083566528
"gene-LOC134712837|LOC134712837",21.3026271849686,0.0123073255573108,0.172187456990183,0.854197746729135,0.951366322371089
"gene-LOC134712843|LOC134712843",23.5297036275031,0.0158789276091303,0.13386335705904,0.865463088026995,0.955029822473058
"gene-LOC134712845|LOC134712845",19.4663192107426,0.0429361547634,0.181086495911438,0.48396786428942,0.76956083566528
"gene-LOC134712846|LOC134712846",11.5670635360242,-0.0256651291293363,0.171368424080112,0.714559025510496,0.895682018590812
"gene-LOC134712852|LOC134712852",15.3835380869063,-0.0296467078365484,0.166329577133208,0.703675903678174,0.889520387757941
"gene-LOC134712860|LOC134712860",162.123480463199,0.0587186669350692,0.104257841283786,0.498415020303801,0.776375199040086
"gene-LOC134712862|LOC134712862",110.131759692266,0.0691889770386465,0.155125482597417,0.463891297340386,0.761749558402468
"gene-LOC134712863|LOC134712863",7.41655593986712,-0.0203597136982691,0.167266244919937,0.785958645522744,NA
"gene-LOC134712870|LOC134712870",6.98141796401699,0.00924678810884393,0.181548952109275,0.822453738810393,NA
"gene-LOC134712872|LOC134712872",142.478466206834,0.0179981759201394,0.115972769647608,0.843674919395155,0.94769256508719
"gene-LOC134712874|LOC134712874",15.4374705087089,-0.0582665675960897,0.16005753880488,0.517906521254849,0.789205290916822
"gene-LOC134712879|LOC134712879",17.1854723445683,-0.00763723475568108,0.185055807085433,0.377181325227704,0.702430494508706
"gene-LOC134712882|LOC134712882",8.46425946748617,-0.00930151204419087,0.182639353609295,0.794571185804177,0.928130564935971
"gene-LOC134712883|LOC134712883",22.5002416623853,0.199696351586232,0.225539993315336,0.0870295066360239,0.349457678103089
"gene-LOC134712887|LOC134712887",4.91940077173533,-0.0207505833871599,0.186721323228036,0.294483959298657,NA
"gene-LOC134712891|LOC134712891",20.1132220351059,0.0851244232525513,0.165033521139738,0.369196286363554,0.697880350828001
"gene-LOC134712892|LOC134712892",9.82877838338419,-0.0427085015843217,0.180970493947945,0.484574736626156,0.769812200806229
"gene-LOC134712894|LOC134712894",126.493481801194,0.200852355326395,0.116618586415223,0.0352519439008849,0.227127677441242
"gene-LOC134712896|LOC134712896",19.4497293671223,0.297211422257737,0.209591572291545,0.0263692750416467,0.195932029404056
"gene-LOC134712897|LOC134712897",22.5935382787023,-0.0507193256494051,0.135358643669483,0.591825152371393,0.829713415244029
"gene-LOC134712898|LOC134712898",8.78090568979248,0.00583915616169152,0.182408105692461,0.874053864883809,0.959746743141416
"gene-LOC134712900|LOC134712900",202.542345579577,0.589872807317542,0.178050567476544,7.88822562020513e-05,0.00612931914148705
"gene-LOC134712902|LOC134712902",12.0621091728455,0.0329583774394121,0.162718290933036,0.689795187529104,0.883827222914589
"gene-LOC134712927|LOC134712927",307.763767520603,-0.174331345503549,0.164622098699332,0.109123671297235,0.382084745451664
"gene-LOC134712929|LOC134712929",258.695962193452,-0.117779843993753,0.168681546740801,0.241934956213659,0.580135561452583
"gene-LOC134712944|LOC134712944",46.7964561233186,-0.845356573254711,0.202960239215654,1.95992999069324e-06,0.000398599298990511
"gene-LOC134713071|LOC134713071",194.961394596038,0.383512376532422,0.152060329899283,0.00174645734693624,0.0407543912524674
"gene-LOC134713087|LOC134713087",8.08546371383652,-0.0841113512863421,0.207694879115606,0.0838432955191258,NA
"gene-LOC134713129|LOC134713129",76.8464373577996,0.107179458672417,0.118854562210461,0.252622687447094,0.589130303037539
"gene-LOC134713145|LOC134713145",29.8534447936919,0.0679766905827525,0.129527606718631,0.475726752919707,0.765853785338503
"gene-LOC134713197|LOC134713197",41.8639010262807,-0.59840990515148,0.24956511283706,0.00106775383201184,0.0310712111116115
"gene-LOC134713256|LOC134713256",35.3735250289351,-0.127750742958217,0.180115992245198,0.20833532192688,0.539383640633099
"gene-LOC134713272|LOC134713272",99.7786286904453,0.48125575890432,0.171092014421716,0.000523069113843774,0.0198984208724736
"gene-LOC134713324|LOC134713324",566.207118738139,-0.00703420690231439,0.0949287178305184,0.930425540293866,0.978345195468773
"gene-LOC134713367|LOC134713367",24.3928218831747,-0.118820784564504,0.164718414386079,0.243465020742372,0.582413124977151
"gene-LOC134713524|LOC134713524",66.1890862563785,-0.0790587042985103,0.106818599649917,0.369317781491254,0.697929385772864
"gene-LOC134713545|LOC134713545",8.56194102584998,-0.0415209227831355,0.156629886444204,0.638948195656901,0.859936911936246
"gene-LOC134713561|LOC134713561",35.5565443482537,0.0863801262717092,0.143497395484544,0.378721346488196,0.704221159559518
"gene-LOC134713577|LOC134713577",82.0557258673801,-0.571844073246873,0.262463503650436,0.00188374632252841,0.0423350250453768
"gene-LOC134713609|LOC134713609",24.7101893936449,0.098661136350418,0.171638015615818,0.305271447463392,0.640795466167602
"gene-LOC134713661|LOC134713661",30.6324747424978,0.109863625252118,0.184783821772252,0.247950033833261,0.585394060688682
"gene-LOC134713671|LOC134713671",23.7819279070567,0.0592826741815539,0.167051840517101,0.492685809638213,0.774514408343274
"gene-LOC134713714|LOC134713714",11.4368342591053,-0.553127759942464,0.411783906524507,0.00783330961747,0.0998048222305541
"gene-LOC134713715|LOC134713715",10.3886147789119,-0.00939113459383652,0.169934467369669,0.891960953961675,0.96692218063611
"gene-LOC134713745|LOC134713745",839.916874644647,0.0442488667713304,0.115116135676243,0.627736114798985,0.852703102564959
"gene-LOC134713755|LOC134713755",28.0422810826727,0.0732346090303568,0.177301319490721,0.380370278882565,0.704597669686427
"gene-LOC134713788|LOC134713788",11.5180390085423,0.123841382844905,0.195056717786968,0.200004046199288,0.528137944121331
"gene-LOC134713809|LOC134713809",23.2398620216655,0.104811191968499,0.175303087518657,0.278462161641283,0.614467561519013
"gene-LOC134713835|LOC134713835",168.406846752068,0.00258357852677695,0.159667036177831,0.979903653102808,0.992729503672812
"gene-LOC134713873|LOC134713873",12.2020414216941,0.115053556560167,0.188430947704898,0.245266944151443,0.583684132857744
"gene-LOC134713879|LOC134713879",19.8467201004809,0.0460569244554855,0.185182740253747,0.397972899225717,0.717599701142351
"gene-LOC134713884|LOC134713884",10.7374647037359,0.0101012079354347,0.176590528014604,0.859510871145898,0.953010629070047
"gene-LOC134713885|LOC134713885",13.869262457824,-0.0331672857275383,0.173732609148721,0.631296357535885,0.855488208355661
"gene-LOC134713897|LOC134713897",37.8427636723029,-0.311109010824325,0.271006527037054,0.0290210789319484,0.204245113808884
"gene-LOC134713910|LOC134713910",2374.54694980967,0.0906779675743931,0.156234459403373,0.350067903941219,0.68304256004673
"gene-LOC134713912|LOC134713912",331.820248995422,0.132344957902834,0.210108033061213,0.158115020745689,0.462558605002208
"gene-LOC134713915|LOC134713915",39.2992397420238,-0.0802148411674304,0.119437488034784,0.388700477566215,0.710966569516834
"gene-LOC134713921|LOC134713921",27.0816099375908,-0.123053463313555,0.234075482033019,0.0601606523827804,0.294784215882906
"gene-LOC134713934|LOC134713934",17.0017694056335,0.0886137342607987,0.174738728209006,0.334740589998813,0.667835364477281
"gene-LOC134713947|LOC134713947",115.92765205272,0.210382201623299,0.111807089846618,0.0240446432049336,0.185060141168424
"gene-LOC134713959|LOC134713959",50.3544376721328,0.00107471059101526,0.185407930353537,0.950879090422742,0.984494493039383
"gene-LOC134713968|LOC134713968",74.0496511137883,0.0275793754019782,0.18230360876981,0.563707331523272,0.817009237008096
"gene-LOC134713969|LOC134713969",37.6638005908252,-0.00350007504621576,0.181077480852308,0.927972280035658,0.978198919183154
"gene-LOC134713976|LOC134713976",9.43619711350721,0.221863110883971,0.227153711620452,0.0682350874351175,0.31404478804417
"gene-LOC134714008|LOC134714008",15.4336124675736,0.0818294439189778,0.20117457660246,0.169622079835918,0.480627955308159
"gene-LOC134714020|LOC134714020",30.1047109264857,-0.207228967259006,0.24259320034525,0.0757131062864973,0.330462256555676
"gene-LOC134714026|LOC134714026",22.8509527112371,0.126701019440531,0.166922145061582,0.229006059988331,0.565087926403639
"gene-LOC134714053|LOC134714053",14.0943046301326,-0.039242828385311,0.151777490493011,0.665346254701174,0.873416434999528
"gene-LOC134714076|LOC134714076",6.34967533695622,-0.0363599671576078,0.182322523495449,0.497795405773001,NA
"gene-LOC134714108|LOC134714108",21.7034703356542,-0.0112626162739976,0.183316014514266,0.734200519722022,0.904191610246111
"gene-LOC134714110|LOC134714110",22.5108418022603,-0.00795428714460375,0.152427551512866,0.926650522663903,0.978198919183154
"gene-LOC134714111|LOC134714111",7.85167070927953,0.00105127391130788,0.173044511280579,0.988178636403715,NA
"gene-LOC134714117|LOC134714117",36.7749873999808,-0.116087904892716,0.206018055607094,0.17305787550441,0.484668221888117
"gene-LOC134714194|LOC134714194",11.0599890813082,-0.0168117842002379,0.178922035916995,0.745173252125673,0.907880806259536
"gene-LOC134714207|LOC134714207",10211.1721112444,0.0632334886884979,0.172131488286821,0.452024836090251,0.755339602563074
"gene-LOC134714213|LOC134714213",25.4213414500398,0.0889176341593226,0.168031765012831,0.347057590223824,0.679663050269696
"gene-LOC134714263|LOC134714263",2292.07473041334,-0.0176051215659863,0.167593216283738,0.803400785660514,0.930401036699602
"gene-LOC134714298|LOC134714298",54.8811033863645,-0.0229820076477861,0.181580412390343,0.620471821267833,0.849789271055738
"gene-LOC134714337|LOC134714337",143.352232141312,0.473700237070019,0.0989085081350768,2.13526786056161e-07,6.23839858141679e-05
"gene-LOC134714353|LOC134714353",7.15643359844158,0.0569306938368347,0.189484641416429,0.29740975210361,NA
"gene-LOC134714372|LOC134714372",52.0683890920982,0.86590102006177,0.182360504502111,1.38113650927161e-07,5.04391053185992e-05
"gene-LOC134714383|LOC134714383",61.8827032841339,0.00114076900031537,0.106167545866284,0.990123857082815,0.995439043652152
"gene-LOC134714392|LOC134714392",43.768507099071,0.3121256987152,0.250987564490367,0.0278740366280597,0.200583215301821
"gene-LOC134714403|LOC134714403",55.3954258254555,-0.0640590235077267,0.200967115764499,0.023198648719027,0.1821908452675
"gene-LOC134714410|LOC134714410",10.2075056229516,-0.00377144360264626,0.178624947749556,0.938355706522335,0.982194049933955
"gene-LOC134714436|LOC134714436",19.1220733301136,0.000311584363888321,0.174494328930766,0.997312525600421,0.998953742044086
"gene-LOC134714443|LOC134714443",10.4953616840272,0.0356377667418129,0.162649225164206,0.669624070716051,0.874285257527977
"gene-LOC134714444|LOC134714444",87.3796474047088,0.0548983933682543,0.190071650378979,0.281779020697116,0.617179556614731
"gene-LOC134714450|LOC134714450",22.5548681633883,0.0206422626060255,0.142949747205245,0.82336052070493,0.941278015844234
"gene-LOC134714459|LOC134714459",23.9933179515843,-0.0276214603077823,0.137423871749873,0.764188740150729,0.915885611020874
"gene-LOC134714461|LOC134714461",64.6646569671521,-0.134126809799303,0.169041563186846,0.197466752928715,0.524463940700506
"gene-LOC134714463|LOC134714463",9.17464342801158,0.0203428326721241,0.177821529952851,0.719222014298853,0.897533909930502
"gene-LOC134714465|LOC134714465",8.31856466136811,-0.133081719138042,0.251016798266922,0.0264080644997912,0.19602083649032
"gene-LOC134714468|LOC134714468",29.3799726413597,-0.666132866733136,0.314629378930546,0.00178430081791339,0.0409828087233943
"gene-LOC134714469|LOC134714469",8.86747091216926,0.0351358966364028,0.179250662102502,0.56038360223019,0.815671947128201
"gene-LOC134714479|LOC134714479",8.86539185772155,-0.109998895236846,0.191367190384947,0.228671672021821,0.564644317933529
"gene-LOC134714488|LOC134714488",34.1490571783314,-0.0212876581973422,0.140464321182834,0.817131705745977,0.937860797680614
"gene-LOC134714493|LOC134714493",10.4861150423734,-0.0115218331441613,0.163871525753822,0.881512078447623,0.96356842576795
"gene-LOC134714494|LOC134714494",75.6263127569363,0.0216547818883789,0.133633242568606,0.817201244552162,0.937860797680614
"gene-LOC134714495|LOC134714495",13.8847408781449,-0.323155387025113,0.576570177216656,0.0181388049466288,0.160274655567497
"gene-LOC134714499|LOC134714499",32.0026195679456,0.164616010961561,0.209398886997461,0.126410262166278,0.408540068523227
"gene-LOC134714500|LOC134714500",10.5165064193654,0.111557432148568,0.223373229588249,0.0805028654427747,0.340052886687499
"gene-LOC134714501|LOC134714501",16.8614714296562,0.0558874665125212,0.159115143974415,0.536215425986422,0.800777567013534
"gene-LOC134714502|LOC134714502",42.0138080571351,-0.00593411599877632,0.147277763474765,0.944895810988066,0.984244010761101
"gene-LOC134714506|LOC134714506",164.230238482685,0.055134524089881,0.160994799008129,0.537727139179854,0.801310294851464
"gene-LOC134714509|LOC134714509",89.3611333764109,0.085220845737672,0.154657822563891,0.381322554969932,0.705134162760297
"gene-LOC134714512|LOC134714512",11.6115618618172,-0.0215504530940951,0.172552589942242,0.747278844987368,0.908695315702929
"gene-LOC134714513|LOC134714513",37.0780323129257,0.0647719953058951,0.128138111146253,0.495426283375652,0.775820738124454
"gene-LOC134714514|LOC134714514",11.103078577039,0.223457602123791,0.258334077919361,0.0647473102052367,0.306291679882804
"gene-LOC134714516|LOC134714516",14.4966119189715,0.068568321783725,0.193891915975889,0.236441584449896,0.57322095670489
"gene-LOC134714517|LOC134714517",13.2356923482071,0.310758640136126,0.330339755816704,0.0313679317168664,0.213325300986957
"gene-LOC134714518|LOC134714518",15.0004478224563,0.0478599595120324,0.180708697767105,0.463564307103218,0.761580199771773
"gene-LOC134714521|LOC134714521",18.4161330934375,0.197717468411907,0.204848322412384,0.0891940954826868,0.352570151666795
"gene-LOC134714522|LOC134714522",24.05479729802,-0.585937941281467,0.284060985823834,0.00237427334483762,0.0484404818734469
"gene-LOC134714524|LOC134714524",6.46232940405026,0.0274507351835498,0.185565393043696,0.434437458041738,NA
"gene-LOC134714525|LOC134714525",22.2603297311385,0.0984427625134542,0.182730751324336,0.280413110682288,0.61542588955031
"gene-LOC134714527|LOC134714527",39.8490495067888,0.0387703962714305,0.125157541096237,0.677815696588223,0.877795363099359
"gene-LOC134714533|LOC134714533",15.0529770889587,-0.138249965162828,0.251755998052031,0.039977306413728,0.24436032026868
"gene-LOC134714536|LOC134714536",31.0796541914034,0.102664937527903,0.203808874793829,0.1855909992265,0.507889343705642
"gene-LOC134714537|LOC134714537",36.6303198630802,-1.30052570027088,0.212648270294581,4.69495304799543e-11,4.89884815179409e-08
"gene-LOC134714538|LOC134714538",12.0979865719364,-0.0687882079336889,0.165740261439986,0.442361961265319,0.749133263408739
"gene-LOC134714540|LOC134714540",54.2776646856413,0.456658989938199,0.194746932972087,0.00200445730835143,0.0438340005395176
"gene-LOC134714541|LOC134714541",9.93457776517383,-0.0253022646707688,0.17863336408874,0.651989338229694,0.865953865311871
"gene-LOC134714544|LOC134714544",11.5677520522217,0.0583234223803894,0.156424826660252,0.525703212388787,0.794937173822806
"gene-LOC134714548|LOC134714548",63.0439192529506,0.289029445427169,0.178812299806001,0.0212144183754118,0.175680398882095
"gene-LOC134714554|LOC134714554",5.0624465025424,0.00940056225189348,0.182245612121817,0.806212712580894,NA
"gene-LOC134714555|LOC134714555",9.98245844161472,0.606590610450837,1.01497170869714,0.00978002975965864,0.11392876772655
"gene-LOC134714556|LOC134714556",14.2428865753954,0.0131003665233335,0.163079982224963,0.869668749906527,0.958226102587002
"gene-LOC134714557|LOC134714557",19.3801624000792,-0.0257630504672912,0.162798094094885,0.750174871827927,0.909737993408831
"gene-LOC134714558|LOC134714558",18.6003470786965,0.0578654474817266,0.187738128449746,0.330877652815558,0.665765943847062
"gene-LOC134714559|LOC134714559",33.078637518788,0.430562063864011,0.341051616908756,0.0138112539333786,0.139342119722971
"gene-LOC134714567|LOC134714567",52.7817907398149,0.098500193885885,0.118561805117928,0.292156391131677,0.627805319454476
"gene-LOC134714572|LOC134714572",11.058430318332,-0.0817084238445945,0.201142259851554,0.165496441323826,0.473662228616469
"gene-LOC134714573|LOC134714573",12.3701304336838,-0.0389200938459468,0.168964322659723,0.615452962266203,0.846622290098858
"gene-LOC134714577|LOC134714577",7.9256467549651,0.0334993087527211,0.183918360770148,0.476601204593211,NA
"gene-LOC134714578|LOC134714578",45.5397296949861,0.119583919088269,0.147317793463104,0.239284777413704,0.576770652328536
"gene-LOC134714581|LOC134714581",5.11067199784761,0.0186243242149361,0.186177164022244,0.388230889561499,NA
"gene-LOC134714590|LOC134714590",74.9870880533097,-0.51612245011172,0.216038051733844,0.00137265523339449,0.0351785046481171
"gene-LOC134714594|LOC134714594",36.493014023467,-0.0782164602127007,0.199781028106526,0.170592655683031,0.481555723309785
"gene-LOC134714595|LOC134714595",100.476052061089,0.0553507395493884,0.190510464245305,0.271729549503537,0.606760204700042
"gene-LOC134714602|LOC134714602",44.1076588157974,0.0913530365336527,0.139397082277703,0.352162005329022,0.684457500511755
"gene-LOC134714604|LOC134714604",13.9166081706161,-0.0235634467837852,0.180281851999015,0.642702964212214,0.862054209694454
"gene-LOC134714605|LOC134714605",22.4656691285703,0.0970465491459089,0.189282921747779,0.261054933766138,0.5966036408723
"gene-LOC134714615|LOC134714615",207.295606286405,0.0685181860289546,0.0998957534132325,0.42116708074176,0.733827375414556
"gene-LOC134714616|LOC134714616",44.4289325765109,0.0954124105751152,0.18316997010907,0.286524432330684,0.621461252012184
"gene-LOC134714618|LOC134714618",42.0560836999968,-0.136409892825665,0.178971077614232,0.188787524775275,0.513176062880019
"gene-LOC134714621|LOC134714621",10.6240627897471,-0.0589117925107658,0.190370684136503,0.27884329457687,0.614734266040019
"gene-LOC134714622|LOC134714622",89.7531586421,0.206131747579341,0.178176412190551,0.0758337623220414,0.330483174224457
"gene-LOC134714625|LOC134714625",30.5805255218009,-0.0270470123697534,0.1743094862287,0.680955986418038,0.879678550547816
"gene-LOC134714627|LOC134714627",11.3819816331429,-0.0141630620058625,0.161335439373002,0.860329661192732,0.953398246905131
"gene-LOC134714631|LOC134714631",101.207809803699,-0.780333565523191,0.371536349947065,0.00144613147922984,0.0361730970010093
"gene-LOC134714633|LOC134714633",74.6417305632763,-0.0967142989506714,0.204818458499446,0.168641385846928,0.479592696379312
"gene-LOC134714635|LOC134714635",18.5971932780539,-0.0528794138613053,0.165819516467927,0.53506026616426,0.800436174125587
"gene-LOC134714641|LOC134714641",7.70477252667208,0.079600139401504,0.185541549975282,0.316662930984949,NA
"gene-LOC134714646|LOC134714646",13.7453099211776,0.141594477476763,0.266293845445223,0.0126727274301988,0.133759539234353
"gene-LOC134714648|LOC134714648",18.5774387719994,0.144699896985307,0.164457907837333,0.172836732723387,0.484420374448051
"gene-LOC134714650|LOC134714650",20.9902272476561,0.0122961973749628,0.128576713855472,0.895614199346271,0.967916535971467
"gene-LOC134714652|LOC134714652",12.5300043444116,-0.0925609921969258,0.181644115822728,0.29728240673547,0.632493649518168
"gene-LOC134714656|LOC134714656",52.6224399044666,-0.149965126970858,0.136313816320865,0.138239166670093,0.431585796385391
"gene-LOC134714660|LOC134714660",38.2096620771924,-0.549734451526144,0.245504517416287,0.0017803822997512,0.0409828087233943
"gene-LOC134714662|LOC134714662",29.2721137748895,-0.250278439456754,0.194128496184199,0.0435432071733029,0.254390589445007
"gene-LOC134714663|LOC134714663",77.1540294369703,0.583158458670584,0.274854098611199,0.00223903885479524,0.047274075740722
"gene-LOC134714673|LOC134714673",17.7490193364815,0.0587838401183789,0.148868327300794,0.534422023484974,0.80040523076659
"gene-LOC134714675|LOC134714675",56.8438777880211,0.0767788101785561,0.144370378040263,0.428223934433086,0.738486345601851
"gene-LOC134714676|LOC134714676",10.1981965793877,0.0615988676109034,0.162285427948079,0.492766765549177,0.774514408343274
"gene-LOC134714678|LOC134714678",13.6318021424146,0.0925831411286324,0.179392527538941,0.300513753510754,0.636458784124859
"gene-LOC134714681|LOC134714681",14.567046638528,0.0183362231982007,0.149606718567335,0.839206998655835,0.94707747408349
"gene-LOC134714682|LOC134714682",30.8990265995593,0.0471793774716118,0.136176930950857,0.618631253343179,0.84850401084995
"gene-LOC134714683|LOC134714683",36.0803042579488,0.0845089700153052,0.128053587304871,0.377137080202865,0.702430494508706
"gene-LOC134714684|LOC134714684",6.60514204864622,-0.125925437671828,0.223062983620691,0.116120545181179,NA
"gene-LOC134714691|LOC134714691",98.5216341964635,-0.0236138607097756,0.127484905838759,0.799006106819891,0.929028186366712
"gene-LOC134714693|LOC134714693",451.097219738456,0.0050058511320486,0.113865426884777,0.956978082087103,0.986228348019648
"gene-LOC134714698|LOC134714698",80.6969891042994,0.0697214417923355,0.131581720912455,0.465962442900214,0.762382103707458
"gene-LOC134714699|LOC134714699",17.3447643681157,0.0631912821822105,0.15838377089584,0.492659471506891,0.774514408343274
"gene-LOC134714701|LOC134714701",50.9958320696187,-0.352550882729647,0.277306107053027,0.019802003117906,0.168741264440729
"gene-LOC134714702|LOC134714702",366.272398595111,0.0674746325689683,0.0982481860016917,0.419643438465888,0.732745798363579
"gene-LOC134714705|LOC134714705",52.3401411062114,-0.258569964735224,0.256954879856487,0.0463471114281675,0.261410548712399
"gene-LOC134714706|LOC134714706",9.48676758090063,0.147054618918565,0.247743921940412,0.0709606221908643,0.319738670254209
"gene-LOC134714708|LOC134714708",37.6933735431713,-0.0244842747458706,0.180740956777209,0.623817248678637,0.851338038929142
"gene-LOC134714716|LOC134714716",265.017293537502,0.795759008662354,0.184332269728949,1.10287616685678e-06,0.000259851855571674
"gene-LOC134714726|LOC134714726",44.2891863360824,0.102809074908572,0.138317653631761,0.298873953615588,0.634424582130848
"gene-LOC134714728|LOC134714728",56.9179359616964,-0.0477538785124652,0.105675293549086,0.583279351127652,0.824356110804252
"gene-LOC134714740|LOC134714740",13.8562898752138,0.0296528119536438,0.17510725970951,0.653575303382059,0.866648158742866
"gene-LOC134714741|LOC134714741",49.9137411576136,0.202577516029528,0.13755002663414,0.0527943846729709,0.277217962366197
"gene-LOC134714744|LOC134714744",80.755142888878,-0.0793813452623372,0.108829870625472,0.371796755263405,0.698972219840205
"gene-LOC134714746|LOC134714746",144.278598219463,0.0525549842564631,0.123244908184189,0.57419467732835,0.820634111389297
"gene-LOC134714747|LOC134714747",70.8704243036906,0.103984615189063,0.146334278814133,0.299069105706035,0.634446920731012
"gene-LOC134714748|LOC134714748",19.5626843771519,-0.154444594953048,0.182439730701096,0.151222340600736,0.451196068524418
"gene-LOC134714750|LOC134714750",42.9636817416994,-0.693221453981994,0.31212451884003,0.00132609067914656,0.0349666654169188
"gene-LOC134714751|LOC134714751",16.1414068633941,0.0473818916968702,0.157048276111217,0.579636501499671,0.822792030282288
"gene-LOC134714754|LOC134714754",6.67919523957828,-0.000559485305267553,0.184269516654333,0.978547000615242,NA
"gene-LOC134714759|LOC134714759",20.9600030997299,0.0825557073342108,0.157104738804264,0.394259856766938,0.71588125162634
"gene-LOC134714760|LOC134714760",121.569952433734,0.728617516788822,0.156483244145056,2.50849264749883e-07,7.04693472974286e-05
"gene-LOC134714762|LOC134714762",19.2005865133532,0.520350741097295,0.404304689676923,0.00984746739778358,0.114349605522116
"gene-LOC134714763|LOC134714763",14.259437143044,-0.0248419808259147,0.157258084012729,0.771040315413405,0.918362331555817
"gene-LOC134714765|LOC134714765",10.2209522283357,0.0109329967570321,0.17708411875995,0.844829170670495,0.947869779197742
"gene-LOC134714769|LOC134714769",32.4204562672648,-0.192503244151852,0.167477406113698,0.0864199338323069,0.349457678103089
"gene-LOC134714771|LOC134714771",87.9661284548874,-0.433272767462716,0.156738850132615,0.000690022887762428,0.0232254708397086
"gene-LOC134714775|LOC134714775",79.8463396400765,0.466359880577557,0.190801798820505,0.00149123312310623,0.0369219211226031
"gene-LOC134714778|LOC134714778",20.5520336533571,0.0749246371895664,0.155910197468678,0.43165898328749,0.741146500689193
"gene-LOC134714787|LOC134714787",10.2663718304316,-0.0345228521985754,0.182612739290894,0.501250507672733,0.778964618732264
"gene-LOC134714788|LOC134714788",1079.69250574236,0.0210647187670091,0.0821317793349389,0.776133747259378,0.921617126274472
"gene-LOC134714791|LOC134714791",166.788400574231,0.602240219111148,0.179339767376433,6.58469885691442e-05,0.00579453499408469
"gene-LOC134714792|LOC134714792",7.90919066181181,-0.026579859852991,0.180524171712164,0.608272919085255,NA
"gene-LOC134714795|LOC134714795",12.5459923286623,0.0708517069603653,0.175616376391738,0.39849153730692,0.717599701142351
"gene-LOC134714797|LOC134714797",1790.94430642693,0.244778487068291,0.136019858233359,0.0215644456303172,0.176379295502617
"gene-LOC134714798|LOC134714798",17.1008407734818,0.166855374644909,0.197615800888255,0.129711824995756,0.415168786051273
"gene-LOC134714802|LOC134714802",11.8683741765788,-0.189796845605017,0.320717550971813,0.0251687067286426,0.190499724296379
"gene-LOC134714805|LOC134714805",17.4588940933324,-0.284906127208339,0.284850278060528,0.0376104185478386,0.236508709499216
"gene-LOC134714808|LOC134714808",31.5182667348318,-0.152079857315506,0.137211320716295,0.13439161393189,0.423466931906179
"gene-LOC134714811|LOC134714811",13.4871293834086,0.0339520656790135,0.181092917744414,0.539567638259659,0.802484632426908
"gene-LOC134714818|LOC134714818",79.1637699754676,-0.102443314743947,0.196318297869203,0.219947673546785,0.553201724375248
"gene-LOC134714819|LOC134714819",8.96078769203545,-0.89997854086244,0.56276489516208,0.00329049547724804,0.0589063209946562
"gene-LOC134714823|LOC134714823",15.3698429730505,-0.0274265190476866,0.143453810296311,0.765971146032017,0.916160944715492
"gene-LOC134714825|LOC134714825",9.78358397973869,0.00910117664225118,0.171541439861737,0.89274271338225,0.96692218063611
"gene-LOC134714827|LOC134714827",102.035769002374,0.00554788912316848,0.101356785708288,0.948618693795508,0.984494493039383
"gene-LOC134714828|LOC134714828",126.201577356381,0.0236456629649003,0.140906031864686,0.798812385719199,0.929028186366712
"gene-LOC134714829|LOC134714829",15.6914476592946,0.0701767662720892,0.184693125479907,0.347089701191945,0.679663050269696
"gene-LOC134714834|LOC134714834",118.428369812563,0.043410603376586,0.106554381623593,0.620779962720331,0.84979396141643
"gene-LOC134714835|LOC134714835",46.0085834843833,0.0513109614180988,0.136509640620108,0.588576315110381,0.827997189053586
"gene-LOC134714836|LOC134714836",8.3328157896725,0.0486318475264284,0.184164108972613,0.409848640147189,0.725881296710734
"gene-LOC134714838|LOC134714838",70.6016216578122,0.183682701447071,0.147863372923093,0.0865525847187301,0.349457678103089
"gene-LOC134714839|LOC134714839",13.1385915603675,-0.0222682681582162,0.185188577526512,0.479025331303647,0.767430957249192
"gene-LOC134714843|LOC134714843",14.2878300872994,-0.0432224719011049,0.157528896428861,0.62369233281947,0.851326630333285
"gene-LOC134714846|LOC134714846",35.1060007570587,0.0802202970450843,0.136428650792462,0.407258547419526,0.724003575020308
"gene-LOC134714847|LOC134714847",12.31271683598,-0.00768077863311903,0.152319024903517,0.929275395980802,0.978288574198663
"gene-LOC134714850|LOC134714850",45.9144602401098,0.033040950282921,0.156346927624393,0.707203114969292,0.892126347450036
"gene-LOC134714852|LOC134714852",46.0348550333234,0.0980351008276886,0.139005815033598,0.319853408665644,0.656408764734919
"gene-LOC134714854|LOC134714854",9.83093727301053,0.00873179001080702,0.182710887997713,0.808430027773039,0.933265832599064
"gene-LOC134714862|LOC134714862",37.9572262860293,-0.0635681734175934,0.137319152468725,0.505743718553652,0.781954301506324
"gene-LOC134714863|LOC134714863",19.0627136732545,0.421254332587572,0.585733028960717,0.0163125536129361,0.152361753949981
"gene-LOC134714864|LOC134714864",34.8791274807488,0.311088955716705,0.17875590193953,0.0148672775314285,0.144787460119405
"gene-LOC134714865|LOC134714865",31.65180674753,-0.0667391086355665,0.156887408166663,0.473387040115809,0.765397713606988
"gene-LOC134714866|LOC134714866",77.8629461207095,-0.0398574863599031,0.182627631103528,0.469893001447223,0.763604028857977
"gene-LOC134714868|LOC134714868",39.7550172540785,0.0716275918476254,0.16381907960799,0.435832566720981,0.744518677890383
"gene-LOC134714869|LOC134714869",13.0463323692919,0.0757708868518833,0.17231537904756,0.390426037211878,0.712917943948889
"gene-LOC134714870|LOC134714870",11.4800557771326,-0.00332530474125442,0.149498190840227,0.969549772237365,0.990571682794176
"gene-LOC134714878|LOC134714878",22.8299197858131,0.257315471474497,0.228739902270874,0.0464049935209163,0.261410548712399
"gene-LOC134714879|LOC134714879",16.7042047212566,0.0506616631055253,0.181680547393121,0.43804894924992,0.746154273629061
"gene-LOC134714882|LOC134714882",20.6236666690943,-0.188102338301814,0.229282434170004,0.0916698841415483,0.357287531360656
"gene-LOC134714884|LOC134714884",9.97443543536576,0.0590113502502326,0.164055523072459,0.504032371023173,0.780795851103553
"gene-LOC134714885|LOC134714885",62.8621556732891,0.288543134296769,0.139481142576344,0.00892193519441662,0.108964479918509
"gene-LOC134714886|LOC134714886",215.068288766041,-0.0308717811258983,0.140363856832055,0.739444638270893,0.905553030436198
"gene-LOC134714887|LOC134714887",29.9437264926585,-0.32388589147813,0.193160786323941,0.0148088767898234,0.144604326300628
"gene-LOC134714888|LOC134714888",42.1684891394294,-0.548871907756583,0.200929495499157,0.000512674175394093,0.0197082746162024
"gene-LOC134714889|LOC134714889",16.6770930208526,0.113127036873465,0.179447715075243,0.248616152280434,0.585394060688682
"gene-LOC134714896|LOC134714896",72.5847463228297,0.152646736938466,0.119496862698701,0.109030112366421,0.382065201155725
"gene-LOC134714904|LOC134714904",6.47015144167179,0.0415609179474002,0.190263997381927,0.188776540124886,NA
"gene-LOC134714905|LOC134714905",20.0221016142069,0.0211240611796423,0.180865198971347,0.66360653986684,0.872251675130844
"gene-LOC134714908|LOC134714908",12.1267626718065,0.00623835952687424,0.180183318198325,0.892120998437169,0.96692218063611
"gene-LOC134714910|LOC134714910",71.3544729188193,-0.200467114876738,0.143292506303585,0.0595434338944877,0.292971122513315
"gene-LOC134714913|LOC134714913",18.5895755214828,0.202716612898547,0.183273154089624,0.0798949254177557,0.338893396056645
"gene-LOC134714916|LOC134714916",14.1939881537232,0.0121156682180516,0.150122773999892,0.892192717930562,0.96692218063611
"gene-LOC134714923|LOC134714923",11.095975842999,-0.0289456688823085,0.181502098807141,0.565053978248343,0.817009237008096
"gene-LOC134714924|LOC134714924",13.0570723286742,-0.0968124287098443,0.177807796289234,0.29688902561183,0.632493649518168
"gene-LOC134714925|LOC134714925",20.7732074564263,-1.02847237761205,0.347693288373506,0.000132175218665898,0.00910762072769543
"gene-LOC134714933|LOC134714933",36.990213402665,-0.510387957590317,0.336889257821223,0.00717691544527686,0.0951380379503198
"gene-LOC134714936|LOC134714936",33.053046329611,-0.0596521150828502,0.138360618748471,0.526725525239883,0.79498896697287
"gene-LOC134714939|LOC134714939",222.024459722606,0.384556152067402,0.134799280939755,0.000682586588844003,0.0230815390968361
"gene-LOC134714941|LOC134714941",408.681590691371,0.176245278992741,0.0891456172139702,0.0253788371658809,0.190959403828814
"gene-LOC134714942|LOC134714942",15.9321855533498,0.0415321967453082,0.17365853972591,0.568848794129349,0.817946493625246
"gene-LOC134714943|LOC134714943",19.7692200488252,0.0430166465336754,0.135111900550325,0.648495697155923,0.863872436991949
"gene-LOC134714948|LOC134714948",28.285570742332,0.0658389981230472,0.141931581569132,0.493639052841552,0.774845337800374
"gene-LOC134714949|LOC134714949",52.3283985209762,0.470757284581194,0.314930830725413,0.00900321354846836,0.1094167583328
"gene-LOC134714950|LOC134714950",12.4158029274014,0.0546098525382235,0.155381116360019,0.550817476498933,0.810665485595894
"gene-LOC134714951|LOC134714951",8.24240618687423,-0.0206287496503474,0.185479777832559,0.46515026465064,NA
"gene-LOC134714952|LOC134714952",25.3144469033898,0.246021658534736,0.207292853368571,0.0499897709405912,0.270817540997302
"gene-LOC134714956|LOC134714956",27.0602774028753,-0.0801858948881576,0.197453931136992,0.208288604918949,0.539383640633099
"gene-LOC134714958|LOC134714958",14.8264231017617,0.0475137622035541,0.164626624422126,0.575001797306295,0.820634111389297
"gene-LOC134714961|LOC134714961",7.09235130736152,0.0245474233171989,0.18626389705683,0.384179770691164,NA
"gene-LOC134714963|LOC134714963",13.5128506965808,-0.0367035030761785,0.149757214292619,0.686534420435918,0.881738598006672
"gene-LOC134714965|LOC134714965",20.2546389767317,0.0382940099262973,0.16662888516996,0.634362739866442,0.856400507590126
"gene-LOC134714966|LOC134714966",170.512489265908,0.087423857160696,0.12648884569188,0.360034938629069,0.688943146859612
"gene-LOC134714967|LOC134714967",31.1220533617727,-0.105945732812146,0.151200801121456,0.290147630237916,0.625882543194844
"gene-LOC134714973|LOC134714973",40.980076861252,-0.0763936425197939,0.140141400507536,0.430245704314822,0.740286130580792
"gene-LOC134714976|LOC134714976",36.4307462656691,0.762408567780544,0.324525872016081,0.000981439189542642,0.030083479471047
"gene-LOC134714977|LOC134714977",12.3734153085098,-0.135916429166218,0.246488888813194,0.0495583171650151,0.269325854593207
"gene-LOC134714978|LOC134714978",12.9346935552853,-0.037943510889838,0.178138675073017,0.550961317492334,0.810665485595894
"gene-LOC134714979|LOC134714979",42.1272547777984,-0.126975782371709,0.184463331997245,0.205721664961509,0.536232495651296
"gene-LOC134714980|LOC134714980",148.294155477921,0.120871453805121,0.107339224764756,0.174682217060891,0.487907806276385
"gene-LOC134714981|LOC134714981",50.6435444444004,-0.0852787271796877,0.125907860010659,0.36955719405372,0.698091563692772
"gene-LOC134714982|LOC134714982",612.573851332623,0.064938008332672,0.100445716559698,0.439326329704743,0.747110480131186
"gene-LOC134714983|LOC134714983",64.2778311676716,0.344802378578938,0.182922790148323,0.00910024819656536,0.109820855267527
"gene-LOC134714986|LOC134714986",22.8286442568223,-0.1188451335988,0.150920631479253,0.24259970140586,0.581347840901706
"gene-LOC134714987|LOC134714987",71.1003881536411,0.0275321350969278,0.105816139135382,0.752472088311795,0.910546079030707
"gene-LOC134714989|LOC134714989",8.15731869071233,0.00883331147810412,0.167470125071476,0.904915561112082,NA
"gene-LOC134714991|LOC134714991",8.95405325919843,-0.0367942885091477,0.176061655800673,0.580782168323493,0.823123320182855
"gene-LOC134714992|LOC134714992",25.6457744210108,0.158049765799648,0.16740699915454,0.144087830878587,0.441080266863873
"gene-LOC134714995|LOC134714995",12.1816601135633,0.203519913119272,0.257995078071651,0.0737173982325013,0.325534299732559
"gene-LOC134714996|LOC134714996",19.486048471609,-0.0307789586614926,0.146491352261338,0.736736744402356,0.904326827891169
"gene-LOC134714997|LOC134714997",35.3555354305856,-0.380567250572418,0.200922109998064,0.00709388703700037,0.0950711026022949
"gene-LOC134714998|LOC134714998",71.5982773407828,-0.0384637741757641,0.163641709836559,0.643765430959825,0.862370250040993
"gene-LOC134714999|LOC134714999",11.0474216019426,-0.0534285677495421,0.189649651834686,0.284427195361866,0.61995112949062
"gene-LOC134715001|LOC134715001",17.3670273544222,0.00198250875230157,0.143751029059616,0.983382530523249,0.993455247863024
"gene-LOC134715002|LOC134715002",121.815145172676,0.0336167966447721,0.135519393739874,0.719904598921719,0.898067154658281
"gene-LOC134715003|LOC134715003",129.060018757134,0.207270700734011,0.15379456451839,0.0608648001507017,0.295976365047087
"gene-LOC134715007|LOC134715007",57.7903666841362,0.194271774932947,0.12174782605442,0.046840857372309,0.262769295120849
"gene-LOC134715015|LOC134715015",42.8572644420916,-0.13114683202664,0.115598913866605,0.158479850446267,0.463014731063814
"gene-LOC134715016|LOC134715016",42.1531531625594,0.0338679430350447,0.178942766156167,0.574376526248714,0.820634111389297
"gene-LOC134715017|LOC134715017",9.84907267261125,-0.0469966549163749,0.192328440861639,0.129896312021574,0.415213419258458
"gene-LOC134715019|LOC134715019",17.3434716530278,-0.0547511625937343,0.164158579022572,0.527626638649148,0.795579060423901
"gene-LOC134715024|LOC134715024",16.996083318381,-0.123619066343605,0.238942173645074,0.0394807646360173,0.242947438897563
"gene-LOC134715025|LOC134715025",342.916363668452,-0.0328645317902765,0.0993282561497197,0.694994719822056,0.885429430712772
"gene-LOC134715026|LOC134715026",16.4279998133261,0.00468992293106827,0.165438564414065,0.951198970872855,0.984494493039383
"gene-LOC134715033|LOC134715033",12.740964300016,0.0352347759298822,0.175965414944312,0.598282389416289,0.834578795320201
"gene-LOC134715036|LOC134715036",14.590209272951,-0.0127021905327852,0.173642721886179,0.840069225001025,0.94707747408349
"gene-LOC134715038|LOC134715038",44.3420104015205,-0.105717066425474,0.122503154218921,0.264674782824993,0.599943334691713
"gene-LOC134715039|LOC134715039",26.0902865603772,0.129337357707834,0.173710862792357,0.21820170779332,0.551659838602426
"gene-LOC134715042|LOC134715042",16.212563397633,-0.0538356184661485,0.185338350244631,0.372761843173615,0.699214272029153
"gene-LOC134715050|LOC134715050",432.283320690753,0.0533497318976847,0.133973709047565,0.543596564725495,0.804171348953697
"gene-LOC134715052|LOC134715052",53.3924986251199,-0.0406733374585183,0.119429066437869,0.6578572523673,0.868745373297953
"gene-LOC134715053|LOC134715053",60.4404961920581,0.170677086888819,0.159898684895978,0.118431085873395,0.394384809382699
"gene-LOC134715055|LOC134715055",10.6074331282705,0.060110841772693,0.156129495987474,0.515445109442623,0.78731173499742
"gene-LOC134715068|LOC134715068",15.8947029279909,-0.116956597387788,0.160385480484022,0.250279050158584,0.587263367770376
"gene-LOC134715071|LOC134715071",9.27887831019533,0.58111552964721,0.337040407372361,0.00476319919349747,0.0738649828223047
"gene-LOC134715072|LOC134715072",8.21558563956717,-0.0643885927901931,0.19207847252066,0.252847634378357,NA
"gene-LOC134715073|LOC134715073",42.0914061747589,0.104137241500013,0.195211688666647,0.227660985303431,0.563482154068539
"gene-LOC134715079|LOC134715079",27.8094283152501,-0.215730019530179,0.212435250957798,0.0728518057168936,0.324259347322481
"gene-LOC134715081|LOC134715081",16.2120896279312,-0.379154225143886,0.259662456643189,0.0142131484723834,0.142182551279424
"gene-LOC134715084|LOC134715084",36.5683740119029,0.0303366055360249,0.150698748374959,0.737240463310918,0.904480627390373
"gene-LOC134715087|LOC134715087",1669.00493107373,-0.0800689322657809,0.106910688272074,0.36189363917567,0.690711376581418
"gene-LOC134715093|LOC134715093",10.9513816808687,-0.0113737964601054,0.183782430140772,0.712641721823881,0.894814360701673
"gene-LOC134715094|LOC134715094",11.8677115836957,0.182160617895667,0.250877091377156,0.0846300137098446,0.346878574711956
"gene-LOC134715097|LOC134715097",9.77522839563205,0.0611996408319809,0.193144221035797,0.225383855222581,0.560562766735133
"gene-LOC134715099|LOC134715099",16.0627835133503,-0.038561485532575,0.156447040046569,0.661230722035944,0.870883499267542
"gene-LOC134715101|LOC134715101",102.759078386759,-0.143125981376351,0.153317852081769,0.169537405035643,0.480627955308159
"gene-LOC134715102|LOC134715102",67.661522738929,0.20115569442848,0.1564713796628,0.0699398111358886,0.31777201574289
"gene-LOC134715103|LOC134715103",10.8934762545766,0.114738871122123,0.186162036577868,0.23218764146984,0.569093467548897
"gene-LOC134715106|LOC134715106",2034.99979622864,0.0733064179503272,0.0754013223728035,0.287612515919282,0.622556249870652
"gene-LOC134715107|LOC134715107",15.9943758240874,0.266690008686698,0.259062274425031,0.0443450778705158,0.256247190479626
"gene-LOC134715114|LOC134715114",9.66235068474842,0.00538490731509458,0.178810174741225,0.915177002132145,0.973951058977618
"gene-LOC134715119|LOC134715119",12.1418316310316,-0.257177619493885,0.252317304008683,0.0477133289882045,0.26461515180702
"gene-LOC134715121|LOC134715121",16.0985300773454,0.0692512751535056,0.182974041465895,0.359309509658577,0.688644047661838
"gene-LOC134715122|LOC134715122",9.19684740501901,0.772049416150588,0.307907666102229,0.653335998618759,0.866527353170768
"gene-LOC134715123|LOC134715123",33.206187109075,0.0610776948064375,0.141506077297869,0.523322824663201,0.793554918210686
"gene-LOC134715124|LOC134715124",63.4423486374796,0.00911685702875226,0.153562006969414,0.917752054013669,0.974594504582122
"gene-LOC134715125|LOC134715125",6.63633584914558,0.0223549681043391,0.17955047668124,0.672140430698424,NA
"gene-LOC134715130|LOC134715130",137.550106033117,0.021977876340869,0.0983887787970129,0.793248378684196,0.927763996462669
"gene-LOC134715131|LOC134715131",5.20391503474556,0.0218508194503197,0.186414506730239,0.359697591211063,NA
"gene-LOC134715132|LOC134715132",11.8920075382113,-0.549759744477079,0.509227607653382,0.0096317800746107,0.11256083466393
"gene-LOC134715134|LOC134715134",126.387951685032,-0.549280499794943,0.216351339753476,0.000842997420921566,0.027282688940026
"gene-LOC134715135|LOC134715135",32.1057182871321,0.0407278787924951,0.175904972576454,0.558981116894741,0.81508058814187
"gene-LOC134715137|LOC134715137",50.0198009168151,-0.0152155996500606,0.113450465100004,0.865145284140092,0.954851652718065
"gene-LOC134715138|LOC134715138",128.795705218254,0.83790440122713,0.163326670016401,1.99271742165329e-08,8.85191700492566e-06
"gene-LOC134715140|LOC134715140",39.3294393468529,0.186290172733938,0.212085588881636,0.101401200026128,0.373644134739936
"gene-LOC134715141|LOC134715141",13.4984022027056,-0.0368401394431458,0.15145855638043,0.68372547415891,0.881074605373444
"gene-LOC134715144|LOC134715144",95.2908488564413,0.1722530622975,0.102959420107327,0.0485983061268916,0.26588915951372
"gene-LOC134715146|LOC134715146",3313.74995315199,0.0435996499105725,0.100620961970537,0.607906003886704,0.84058975616787
"gene-LOC134715149|LOC134715149",19.0422451499561,0.00394152729840542,0.173327097403377,0.951581170373941,0.984494493039383
"gene-LOC134715150|LOC134715150",34.7021158464182,0.108596525061236,0.146062873849623,0.279530857102788,0.615121167803291
"gene-LOC134715153|LOC134715153",6.50801917427796,-0.0118885100041921,0.184097372107525,0.685293549981437,NA
"gene-LOC134715154|LOC134715154",60.1111886507478,0.0474642017771131,0.140989249143066,0.615078872005547,0.846622290098858
"gene-LOC134715161|LOC134715161",10.0444524255624,0.0397873310427291,0.184179563637316,0.441349446957793,0.748640163354425
"gene-LOC134715165|LOC134715165",24.6358435160823,0.111685056807025,0.168981794195267,0.265649252372221,0.601465081792289
"gene-LOC134715166|LOC134715166",44.2535496205411,-0.0766486612500516,0.124940636572198,0.416834652169367,0.731628477305431
"gene-LOC134715173|LOC134715173",75.7910852230818,0.144666562063429,0.146266463938137,0.163497607523703,0.470063190481412
"gene-LOC134715175|LOC134715175",74.0575428476716,-0.375115628520356,0.213761825968921,0.00931366815463476,0.110793212054483
"gene-LOC134715176|LOC134715176",10.4277521544848,0.0914025498687864,0.172593161894144,0.328546845870386,0.664143224355932
"gene-LOC134715180|LOC134715180",66.229795800119,0.301812636093525,0.134397908274302,0.00551998212623786,0.0801549690855692
"gene-LOC134715181|LOC134715181",9.9726336284449,-0.0106800865844638,0.182023744530256,0.783691427548388,0.924431877715347
"gene-LOC134715182|LOC134715182",91.4216806942066,-0.0659375770027705,0.135898748796989,0.490101502150307,0.773849716079487
"gene-LOC134715185|LOC134715185",9.01464345919137,0.0243766207204022,0.178129284268252,0.672515568559802,0.874831740074501
"gene-LOC134715188|LOC134715188",8.45388977562883,-0.0183863110078527,0.169786855214003,0.795290318661104,0.928130564935971
"gene-LOC134715192|LOC134715192",14.7722703137186,0.0126914575586805,0.18042208794621,0.785148692845328,0.925014486374558
"gene-LOC134715195|LOC134715195",12.0987504338068,0.0644728479680161,0.184394053062239,0.35884324001965,0.688644047661838
"gene-LOC134715199|LOC134715199",35.9950370159897,-0.00572728589239648,0.123603652124145,0.949937292973418,0.984494493039383
"gene-LOC134715200|LOC134715200",146.079554379888,0.258962323421697,0.13247114805802,0.014229934965123,0.142182551279424
"gene-LOC134715201|LOC134715201",6.53902896558329,0.0158674265039072,0.183647560826087,0.647572115766754,NA
"gene-LOC134715202|LOC134715202",9.82341915650683,-0.0222515009748894,0.174121091858426,0.731259664120483,0.902997609116253
"gene-LOC134715203|LOC134715203",46.439582699773,-0.0299353867771085,0.113024404453724,0.739168637290647,0.905553030436198
"gene-LOC134715206|LOC134715206",20.4129181245397,-0.0194103366353198,0.142053365586307,0.832932282210886,0.944830017434723
"gene-LOC134715208|LOC134715208",9.91208817959298,0.0794016561368654,0.20087512791331,0.162832694786202,0.469163709159139
"gene-LOC134715209|LOC134715209",7.5688255568998,-0.00513661818431143,0.182328609317073,0.885879975914858,NA
"gene-LOC134715211|LOC134715211",38.130739573854,-0.0115477983825963,0.14946437748006,0.89621661651474,0.968051784534703
"gene-LOC134715218|LOC134715218",28.5773096355553,-0.374578171842664,0.375475622912597,0.019636893524544,0.168145217237127
"gene-LOC134715219|LOC134715219",19.5675766962176,-0.0412939603194446,0.168348603494717,0.600044466950012,0.835910709221787
"gene-LOC134715224|LOC134715224",46.4186491952183,-0.0111756994819127,0.145114460038846,0.901152311718564,0.969912455797937
"gene-LOC134715226|LOC134715226",15.6349846896006,-0.0823533310261845,0.178586596175376,0.339743004514868,0.673035775692051
"gene-LOC134715236|LOC134715236",8.6965146601392,-0.167977627265624,0.271424578644941,0.0539032433473405,0.281303827527352
"gene-LOC134715238|LOC134715238",11.1778567529634,0.074757539896445,0.205698874526708,0.0377925332085791,0.236823035659183
"gene-LOC134715242|LOC134715242",304.124651486993,0.0744068470149792,0.11954561534065,0.42425681320206,0.735172029629556
"gene-LOC134715246|LOC134715246",38.3935352179215,-0.0767071285272433,0.133734538636116,0.425463412948187,0.73574140696376
"gene-LOC134715252|LOC134715252",25.3764132270986,0.130736733554273,0.219941279354912,0.132925529296045,0.421077112913551
"gene-LOC134715253|LOC134715253",21.3213271259669,0.0261358955472903,0.139587535971237,0.779435733976609,0.922540690482118
"gene-LOC134715259|LOC134715259",14.7864702689405,-0.0359723268633207,0.148562370564542,0.693063353476921,0.885257856795296
"gene-LOC134715260|LOC134715260",36.7765396632607,-0.242755657965685,0.231448269662912,0.0537575555820032,0.281063125247639
"gene-LOC134715261|LOC134715261",19.2610351932877,-0.0225832691859855,0.183567388882489,0.563310653931864,0.817009237008096
"gene-LOC134715267|LOC134715267",751.534041219131,-0.0769563203785406,0.0754340078777503,0.262675826192584,0.597987156010979
"gene-LOC134715269|LOC134715269",25.6107986708927,-0.124010488167536,0.171671078859635,0.225407016141989,0.560562766735133
"gene-LOC134715272|LOC134715272",111.473412968888,-0.0283680219606081,0.117323650446212,0.755019385451003,0.911964338400273
"gene-LOC134715274|LOC134715274",9.99752503995853,-0.0228719189002137,0.18493077653255,0.492235784466679,0.774514408343274
"gene-LOC134715275|LOC134715275",4.69304795652186,-0.0207908896943121,0.18595224926876,0.415816602063266,NA
"gene-LOC134715278|LOC134715278",58.028585367197,0.226676506333966,0.206351638984361,0.0639932732562365,0.304597217965692
"gene-LOC134715279|LOC134715279",53.5414886861651,0.0291335912569106,0.11825325454143,0.750774808742005,0.909999867748357
"gene-LOC134715280|LOC134715280",19.7352130493675,-0.196888278649471,0.227162645714355,0.0870080912492905,0.349457678103089
"gene-LOC134715284|LOC134715284",13.2886422536292,-0.000854918847543532,0.176378860257671,0.986174999584118,0.994155396948371
"gene-LOC134715285|LOC134715285",25.0692967552386,0.202292194949257,0.247504714324129,0.0778311970862481,0.334990609026492
"gene-LOC134715286|LOC134715286",24.5564088531402,0.0201731014376412,0.137309538193616,0.829152524860517,0.943322436383367
"gene-LOC134715287|LOC134715287",24.2701219932331,0.127028933049116,0.140659631333945,0.209625867902415,0.540454408457196
"gene-LOC134715289|LOC134715289",185.809897311671,0.0441396478567164,0.148522935777504,0.641380160884651,0.861147186599538
"gene-LOC134715290|LOC134715290",16.6831147326556,0.640620208154255,0.414965251958668,0.005333275927457,0.0786954492406989
"gene-LOC134715295|LOC134715295",11.9899069340817,0.0756395617026674,0.196397526747472,0.215110128753349,0.546598325517806
"gene-LOC134715298|LOC134715298",8.99688333154183,0.244772977957186,0.328797484248109,0.0437982340107631,0.25469928440654
"gene-LOC134715299|LOC134715299",85.8823745369173,0.191486941635217,0.128117681834962,0.0567739451274586,0.288623374338428
"gene-LOC134715300|LOC134715300",18.9730103007396,-0.021080506924094,0.179612945354648,0.68225053738156,0.880440491024719
"gene-LOC134715301|LOC134715301",89.066236282576,0.0258490144678201,0.156584926821493,0.766017920232408,0.916160944715492
"gene-LOC134715302|LOC134715302",9.97921814566214,-0.109461217002759,0.21794727549844,0.107585181925039,0.381019677617619
"gene-LOC134715305|LOC134715305",70.6704251985255,-0.0151611854517592,0.114804657052308,0.866107234987676,0.955451932389365
"gene-LOC134715327|LOC134715327",12.0712820945583,-0.0668289544920657,0.183708343108296,0.35897550048509,0.688644047661838
"gene-LOC134715330|LOC134715330",11.9688083517791,0.0170466216980334,0.157809503161349,0.840686988767335,0.94707747408349
"gene-LOC134715332|LOC134715332",19.2221707700045,0.0350786391534812,0.150351500048296,0.699510171946962,0.887788409365875
"gene-LOC134715335|LOC134715335",17.4298551179657,-0.0578601257453716,0.193668228688401,0.189089721817363,0.513615220585355
"gene-LOC134715339|LOC134715339",90.2733348954906,-0.0668717237154255,0.122431726126117,0.474577321893747,0.765702327252471
"gene-LOC134715340|LOC134715340",43.9272625298135,0.109562889355104,0.188672439380006,0.238670099658255,0.575899044566864
"gene-LOC134715351|LOC134715351",10.2232592140243,0.110797786492041,0.183666078438258,0.245972454281349,0.584254571079991
"gene-LOC134715354|LOC134715354",8.63162627041378,0.000949495679691679,0.178604902627285,0.986409217630637,0.994155396948371
"gene-LOC134715360|LOC134715360",304.902232764591,0.243359854864245,0.374173842475184,0.0319281142714456,0.215529525544028
"gene-LOC134715361|LOC134715361",159.368120091795,0.0900792768552273,0.210509081098223,0.0899003893731526,0.353789032317622
"gene-LOC134715362|LOC134715362",82.8946083655778,-0.0255714410256637,0.185558384394815,0.435150410169681,0.743819002078013
"gene-LOC134715363|LOC134715363",13.5592442243377,0.0218668123379087,0.185059060262518,0.496702181316961,0.775820923750395
"gene-LOC134715365|LOC134715365",70.8974400403478,0.0692672835002769,0.115730922556588,0.44972818680035,0.754308497116589
"gene-LOC134715366|LOC134715366",7.79614734756175,0.0368797533011934,0.183587871641485,0.466630926646955,NA
"gene-LOC134715372|LOC134715372",32.6441554260673,-0.613645899972488,0.212149434037324,0.000282084388818995,0.0137104408519467
"gene-LOC134715374|LOC134715374",15.7975770923897,0.0264728553702881,0.154679526171576,0.762580548723306,0.915196899092183
"gene-LOC134715375|LOC134715375",10.6016505344572,-0.0240382034584906,0.178544603277188,0.666802089043947,0.873886939453985
"gene-LOC134715376|LOC134715376",17.0475324387628,0.13813361596,0.187328330007866,0.182463643176565,0.502309734417474
"gene-LOC134715377|LOC134715377",131.972776162487,0.369230187760891,0.139960054346523,0.00136591407827154,0.0351785046481171
"gene-LOC134715378|LOC134715378",36.4649246063391,-0.0367704855338391,0.163610895794904,0.653664390267586,0.866648158742866
"gene-LOC134715381|LOC134715381",43.3437236869104,-0.378544689971797,0.257087808119365,0.013807721308389,0.139342119722971
"gene-LOC134715382|LOC134715382",30.0177202672661,-0.195249156140228,0.284934052264751,0.0568556220814603,0.288623374338428
"gene-LOC134715383|LOC134715383",92.9311192105897,0.231338247188057,0.163279823098221,0.0447586349449978,0.2574150154632
"gene-LOC134715387|LOC134715387",8.70156962483349,0.0225886417731539,0.179487995046037,0.671054782443066,0.874285257527977
"gene-LOC134715389|LOC134715389",33.2024366421184,0.237182881114265,0.174191722951332,0.0457384702204794,0.259829035388571
"gene-LOC134715394|LOC134715394",159.996686981556,-0.0694177635372426,0.124303741137126,0.460145485182736,0.760652977325952
"gene-LOC134715395|LOC134715395",31.3185407442102,0.275667224406732,0.239973034898089,0.039960780524961,0.24436032026868
"gene-LOC134715396|LOC134715396",70.677429095667,0.194040836956557,0.140767303861514,0.0664803874975935,0.310446026162269
"gene-LOC134715400|LOC134715400",8.12537207723725,-0.0032503892131416,0.178451743081108,0.946926456670443,NA
"gene-LOC134715402|LOC134715402",7.62561004209795,-0.0639339011618409,0.193746774810118,0.220927764292384,NA
"gene-LOC134715410|LOC134715410",30.7938832623581,0.035671427610999,0.130597757429508,0.70405902631345,0.889850688387859
"gene-LOC134715411|LOC134715411",9.23745428771488,-0.0204847028973304,0.172444086720448,0.759372148254859,0.913937949082784
"gene-LOC134715412|LOC134715412",1219.09137557059,0.496624130293735,0.146494437926502,7.70588170008828e-05,0.00611779999320052
"gene-LOC134715413|LOC134715413",151.508827398657,0.0530129613180072,0.115602014968298,0.561830406455905,0.816455812197265
"gene-LOC134715415|LOC134715415",12.2837519458223,-0.476696766991592,0.292794146424391,0.00731335820173043,0.0959008407638044
"gene-LOC134715416|LOC134715416",135.492028814773,0.105482295146479,0.0860537842357048,0.167015679700054,0.476221104931824
"gene-LOC134715423|LOC134715423",12.1452247726624,0.00516239628333382,0.153763732988394,0.953535458522473,0.985095189398606
"gene-LOC134715424|LOC134715424",78.6257274973268,-0.545169856144685,0.372247086887055,0.00677350919090521,0.0927213976905158
"gene-LOC134715426|LOC134715426",11.0863462087655,0.0532677873349267,0.153456136804183,0.563877275707099,0.817009237008096
"gene-LOC134715433|LOC134715433",61.9433055149677,-0.087474419675196,0.129326538113988,0.36077258264825,0.689340494871162
"gene-LOC134715435|LOC134715435",10.1387311739511,0.0235605596056951,0.165408192787588,0.7639903630381,0.915885611020874
"gene-LOC134715438|LOC134715438",35.093668098393,0.251681959871298,0.169414143618042,0.0343685242141876,0.224236735329014
"gene-LOC134715440|LOC134715440",38.8484754456606,-0.798284369777427,0.248178787578279,7.40110239483437e-05,0.00607389347099666
"gene-LOC134715441|LOC134715441",85.8230559670699,-0.376026783880559,0.155135828690271,0.00228179216001747,0.0474289373730119
"gene-LOC134715442|LOC134715442",14.4231594477353,-0.442672407047834,0.283940139915417,0.0093829267243614,0.110894655007663
"gene-LOC134715452|LOC134715452",23.8354572193176,0.000913130867864713,0.155755580580321,0.993974572807522,0.997388415961827
"gene-LOC134715454|LOC134715454",17.0005559363742,-0.286091751492263,0.207013033993797,0.0294548705428979,0.205874042531413
"gene-LOC134715455|LOC134715455",147.467631500653,-0.319239662288799,0.280679666398805,0.026946254266875,0.19760586462375
"gene-LOC134715456|LOC134715456",22.2588217847012,-0.199133034773742,0.208795259194329,0.0876927542463708,0.35000430438005
"gene-LOC134715464|LOC134715464",180.184209151515,-0.614823001529303,0.118942288342149,2.06027641133264e-08,8.85191700492566e-06
"gene-LOC134715470|LOC134715470",8.20539666045401,-0.17728306861521,0.271994417689918,0.0609821579053906,NA
"gene-LOC134715471|LOC134715471",22.3058443918583,-0.0164466417372649,0.144715284825013,0.856154480717469,0.951912276729093
"gene-LOC134715472|LOC134715472",14.8672944740869,0.119778191322957,0.190235899254726,0.214786403125703,0.546049386853509
"gene-LOC134715474|LOC134715474",100.989413963732,0.193026148684069,0.0908584823885742,0.0159163175237203,0.149810287620172
"gene-LOC134715475|LOC134715475",32.9069678121999,0.0687267317571941,0.13268837926761,0.473543919351678,0.765397713606988
"gene-LOC134715476|LOC134715476",35.8158113355853,0.211563732749423,0.159103278711844,0.0603851278052813,0.295326685107531
"gene-LOC134715478|LOC134715478",239.512438239434,0.351535887356352,0.108138562488317,0.000225672260849982,0.0123008223376737
"gene-LOC134715480|LOC134715480",27.3896339403559,-0.0681458129896475,0.140395173183587,0.47741266991512,0.766288513519123
"gene-LOC134715481|LOC134715481",11.3473166587334,0.051574629732882,0.180273591396435,0.451610251080283,0.754992280588325
"gene-LOC134715482|LOC134715482",72.4255289889696,-0.214476451635585,0.131520737093082,0.0368369935761337,0.233271138040976
"gene-LOC134715483|LOC134715483",12.4644139968283,-0.147204095135011,0.271595770854722,0.0147234841865512,0.144220458414689
"gene-LOC134715491|LOC134715491",40.0652917337752,0.137163487331503,0.15819225704778,0.190070513806481,0.513624629479392
"gene-LOC134715500|LOC134715500",34.7330044337891,-0.013724010695032,0.120990727850846,0.880891819235199,0.963178719714655
"gene-LOC134715503|LOC134715503",14.8365085046453,-0.0346518083736157,0.1436178286619,0.708656928750821,0.89260035633232
"gene-LOC134715507|LOC134715507",63.4437428559936,0.123740403101463,0.226196630799574,0.10174457201971,0.373814061384286
"gene-LOC134715508|LOC134715508",19.5698374018101,0.0151318104376231,0.175065251074662,0.806470922628287,0.932182880024847
"gene-LOC134715511|LOC134715511",223.163783729316,0.0575691037714236,0.0747564180246487,0.402982931743772,0.721418464082478
"gene-LOC134715512|LOC134715512",492.985094781207,0.142041650414607,0.176093481741782,0.18008846398439,0.496927140514538
"gene-LOC134715518|LOC134715518",9.56564879181709,-0.0885726316172145,0.193742881045062,0.245434607436967,0.583684132857744
"gene-LOC134715522|LOC134715522",9.7028806701525,0.0240480285594694,0.166159133682536,0.755917566511315,0.912146358136237
"gene-LOC134715525|LOC134715525",14.6355831499786,-0.0913356832412918,0.189401325755442,0.269222895838844,0.604098240268967
"gene-LOC134715528|LOC134715528",5.78805886860768,5.0980564116272e-05,0.18447957495013,0.998889253492469,NA
"gene-LOC134715529|LOC134715529",95.5097883985231,0.258098423469291,0.157054591043658,0.0256951244225135,0.192292201620941
"gene-LOC134715536|LOC134715536",16.2692358217691,-0.161167415719758,0.194494892260139,0.136949411385337,0.42921888302568
"gene-LOC134715541|LOC134715541",9.18097859730299,-0.061637376494303,0.180981026887308,0.400102203715302,0.718550896468297
"gene-LOC134715544|LOC134715544",830.121309976081,0.0896506867349204,0.11090891320535,0.319929919603738,0.656408764734919
"gene-LOC134715545|LOC134715545",23.4763369005602,0.000387954045357488,0.170213032845705,0.996309066234758,0.998633377216779
"gene-LOC134715548|LOC134715548",20.4022441310504,0.14930599784253,0.228601568808808,0.116221410724378,0.391189485682422
"gene-LOC134715550|LOC134715550",18.946673592269,0.412682670720691,0.266101643161197,0.0109874694946821,0.121227306932263
"gene-LOC134715555|LOC134715555",110.021960283443,0.170202488053271,0.116470450794739,0.0711361997355539,0.320110120719497
"gene-LOC134715557|LOC134715557",53.587155633769,-0.18897433453775,0.159869514053484,0.0853016802124186,0.348000285865672
"gene-LOC134715563|LOC134715563",226.975400748877,0.0215734030871672,0.0695285123618933,0.731708984723214,0.903075772966941
"gene-LOC134715564|LOC134715564",27.6600492808405,0.173127476790704,0.159826038296243,0.112477525913098,0.38730637830542
"gene-LOC134715565|LOC134715565",35.0477022258836,0.265462705954148,0.153460901447941,0.0208484610017434,0.173832373466591
"gene-LOC134715575|LOC134715575",32.3019512326577,0.0747331489762144,0.184778818205943,0.33020660664294,0.664965275687907
"gene-LOC134715577|LOC134715577",195.200356740525,0.260768408224168,0.118206421687263,0.00808111039018912,0.102118391505089
"gene-LOC134715579|LOC134715579",55.0085382742553,0.0733081226280772,0.130707560097607,0.443962161291779,0.74989475369772
"gene-LOC134715580|LOC134715580",13.6497886445952,-0.0295484968787098,0.17420229478674,0.658996452315364,0.86972967674641
"gene-LOC134715581|LOC134715581",16.3374739333031,-0.987036932259482,0.39886855621962,0.000526909652581064,0.0199406637432751
"gene-LOC134715591|LOC134715591",94.9953939571237,-0.0408683875950043,0.110580564733211,0.646093806507836,0.862830318168985
"gene-LOC134715592|LOC134715592",34.1079980949127,-0.297997110594437,0.218918138457601,0.0270010795906036,0.197611107544858
"gene-LOC134715595|LOC134715595",39.444286668232,-0.922774485896914,0.274694708726962,3.95746614044923e-05,0.00393169963071955
"gene-LOC134715596|LOC134715596",73.807146287327,-0.0957693894630904,0.130200981946922,0.321556424599176,0.657569331097431
"gene-LOC134715600|LOC134715600",10.0623005904512,-0.678792073688236,0.44017893751977,0.00471987044124003,0.0733487951123769
"gene-LOC134715606|LOC134715606",43.0232938022683,-0.172049319066877,0.161160254129864,0.113958568356377,0.388789187817004
"gene-LOC134715607|LOC134715607",161.510840695056,0.211093296560561,0.121923442506101,0.0321791046311029,0.215827530051034
"gene-LOC134715609|LOC134715609",109.144566100592,-0.00369738090852977,0.13342342473695,0.966033328008596,0.989660818401584
"gene-LOC134715610|LOC134715610",45.7116856962433,-0.0975076954943472,0.132586110085561,0.317195404343336,0.652911533601758
"gene-LOC134715613|LOC134715613",43.9333964330833,-0.19973825627815,0.138851921251675,0.057120439940177,0.289325723525002
"gene-LOC134715615|LOC134715615",35.1504319726023,0.110951831252571,0.137061433909577,0.263799883901855,0.59912759702088
"gene-LOC134715616|LOC134715616",12.5186553256882,0.0787960756249789,0.174138587006751,0.371479895289959,0.69894104976761
"gene-LOC134715618|LOC134715618",24.7683243379223,0.021800088898666,0.144225951233995,0.813415547585441,0.936062259266434
"gene-LOC134715621|LOC134715621",35.2714961532708,0.060527775381217,0.141227804640633,0.525923286298064,0.794937173822806
"gene-LOC134715622|LOC134715622",6.74533991188961,0.0594133498282767,0.193854086609431,0.19880245792724,NA
"gene-LOC134715627|LOC134715627",11.4768971147484,0.0448978495489481,0.186719019685162,0.359405407119122,0.688644047661838
"gene-LOC134715630|LOC134715630",33.2103093173971,-0.204548244393668,0.335478917520922,0.0289557619775024,0.204245113808884
"gene-LOC134715631|LOC134715631",36.7658962413109,0.0923295979289956,0.168304136076403,0.334286292275456,0.667835364477281
"gene-LOC134715632|LOC134715632",33.7963233056451,-0.156120317155265,0.201248561393493,0.13963227535831,0.433855964022284
"gene-LOC134715633|LOC134715633",14.7628611842464,0.171855761173546,0.23423338741282,0.102713016942452,0.375824193044838
"gene-LOC134715639|LOC134715639",41.7162218682642,-0.0279038101366657,0.169215550547477,0.705993422104904,0.891524196931919
"gene-LOC134715640|LOC134715640",15.974020864493,0.0135660497763233,0.158845834592085,0.871465272020572,0.958767462736132
"gene-LOC134715644|LOC134715644",52.4241590699252,0.00218177190200396,0.147341473736611,0.98173621472995,0.992745578345224
"gene-LOC134715646|LOC134715646",29.6307453615785,0.0116560935808245,0.120432475284899,0.899782374718389,0.969207475356932
"gene-LOC134715647|LOC134715647",32.2764854201678,-0.112923378334943,0.235983612371475,0.0100068962462411,0.115466490203535
"gene-LOC134715648|LOC134715648",9.58960295683269,0.0959216161179862,0.199532062977066,0.209797344113396,0.540514921130245
"gene-LOC134715663|LOC134715663",7.64034696435619,-0.0348495132641986,0.18623074053672,0.381679230969553,NA
"gene-LOC134715664|LOC134715664",30.7177604646178,0.0251898041813937,0.179425761339628,0.645206924242885,0.862705569894148
"gene-LOC134715667|LOC134715667",41.2227538439593,0.0582805079482887,0.116253498729488,0.524437966119741,0.793902456953513
"gene-LOC134715677|LOC134715677",24.5556538934118,0.0504317181072807,0.173868242951192,0.51104591023146,0.784619510158629
"gene-LOC134715679|LOC134715679",116.147430091463,-0.264610530854197,0.184839792191805,0.0321764863919621,0.215827530051034
"gene-LOC134715685|LOC134715685",656.21911141638,-0.206199738623566,0.160659632604594,0.0648189052720162,0.306431899098257
"gene-LOC134715686|LOC134715686",9.41965687475845,-0.0446842343261888,0.188129487831324,0.313064953594903,0.649338534511101
"gene-LOC134715691|LOC134715691",17.6355529010638,-0.00995655926000468,0.14011123078442,0.913394631990706,0.973951058977618
"gene-LOC134715692|LOC134715692",10.025843887006,0.0614935596207477,0.162730244219986,0.493276845199648,0.774649339354596
"gene-LOC134715693|LOC134715693",17.0204802844281,0.116174402099996,0.160755584456565,0.253300573794725,0.589393880534143
"gene-LOC134715706|LOC134715706",25.1537807827026,-0.0494027421122161,0.145831856028246,0.597616079270179,0.83396787217986
"gene-LOC134715709|LOC134715709",72.9340628825985,0.152970215415122,0.113108718496308,0.0974728456775036,0.367548613747282
"gene-LOC134715710|LOC134715710",19.247899346678,0.0869444963872425,0.15423420176789,0.372872168256414,0.699214272029153
"gene-LOC134715712|LOC134715712",32.9682679933203,0.209242755365482,0.207466442131655,0.0781811614294508,0.33556756660653
"gene-LOC134715713|LOC134715713",9.7117991097756,-0.148525565438021,0.258559243869339,0.0481293353268804,0.265503197377263
"gene-LOC134715714|LOC134715714",25.1987401692434,-0.247247277772562,0.315412618341889,0.0437699937303368,0.25469928440654
"gene-LOC134715715|LOC134715715",13.405548271862,-0.376004239087667,0.282401286848821,0.0168847364931233,0.154236579754026
"gene-LOC134715718|LOC134715718",27.6235997852694,-0.0736242145016386,0.167217610412174,0.413572397233098,0.730673063606098
"gene-LOC134715720|LOC134715720",25.0970794865723,-0.11343447718895,0.169172046117577,0.256646273259954,0.591805350247473
"gene-LOC134715721|LOC134715721",21.6942981182604,0.177770462760215,0.184128077133775,0.114491132331201,0.389284467368208
"gene-LOC134715722|LOC134715722",36.0336435459505,-0.091909145000288,0.129488885920122,0.338354661990523,0.671742987545196
"gene-LOC134715723|LOC134715723",28.3583326751989,-0.00564550637778711,0.159163890196435,0.944127008487108,0.984230731224354
"gene-LOC134715724|LOC134715724",10.7221533689323,0.15579971623007,0.216807019819469,0.12963452925476,0.415103288766667
"gene-LOC134715727|LOC134715727",22.9086287153147,0.0527726112260941,0.183452258712588,0.406662419202025,0.724003575020308
"gene-LOC134715729|LOC134715729",31.4617077497817,0.0313115833790697,0.123247332995253,0.735723578998915,0.904191610246111
"gene-LOC134715731|LOC134715731",17.3894174894031,0.00331407095551132,0.15164272097219,0.970726563211736,0.991058020572458
"gene-LOC134715732|LOC134715732",55.6494559854831,-0.158540952994815,0.147386900887717,0.129799794361326,0.415213419258458
"gene-LOC134715733|LOC134715733",23.2529091122341,0.0538989267138719,0.141400174238415,0.57057791310669,0.818280203677845
"gene-LOC134715735|LOC134715735",23.5493054670024,0.0832666336256826,0.179319399891786,0.336814576554551,0.669772003570021
"gene-LOC134715736|LOC134715736",36.7150945296457,0.145342111675752,0.168285250689849,0.172104027925544,0.483602529346774
"gene-LOC134715737|LOC134715737",7.04348580995975,-0.00660589577114949,0.179488676725443,0.888329318020639,NA
"gene-LOC134715738|LOC134715738",17.8681708387643,-0.645830340286678,0.318367793036983,0.00225883673204356,0.047274075740722
"gene-LOC134715739|LOC134715739",12.096473789905,0.0608184054886387,0.186822997487816,0.341404137528386,0.674119587312304
"gene-LOC134715749|LOC134715749",17.0967071927189,-1.99170299116569e-05,0.183428324897328,0.995995060168442,0.998592713722759
"gene-LOC134715750|LOC134715750",217.532168338055,-0.0618658806259741,0.0923188929176773,0.440965666119093,0.748640163354425
"gene-LOC134715752|LOC134715752",20.6429790632607,0.0451114420132643,0.185243844832421,0.398506963072962,0.717599701142351
"gene-LOC134715754|LOC134715754",36.2891444226727,0.166519527285278,0.181346977519392,0.130913533558986,0.417551287823072
"gene-LOC134715755|LOC134715755",26.0609838608223,0.0568397815340327,0.185515532115408,0.367086046792661,0.6953310388417
"gene-LOC134715757|LOC134715757",71.8564888866091,0.131582218225611,0.110033482935785,0.145447592659775,0.442570217279314
"gene-LOC134715768|LOC134715768",169.221920999193,-0.14510441377159,0.213977585997533,0.139479724000338,0.433855964022284
"gene-LOC134715769|LOC134715769",70.4943110517479,-0.0636510009607658,0.120504197125811,0.49504997924197,0.775765940438392
"gene-LOC134715770|LOC134715770",109.798054389472,0.100509815597721,0.130449220751051,0.300863881113993,0.636959358741045
"gene-LOC134715773|LOC134715773",15.7291768519028,0.0331745363943129,0.17848196164411,0.586037219460408,0.826654277894713
"gene-LOC134715778|LOC134715778",7.5537445867739,-0.0303671308958444,0.183241130519714,0.512090500132628,NA
"gene-LOC134715779|LOC134715779",28.6630363149156,-0.185436983060214,0.163359003185471,0.0938756078051683,0.360370690491233
"gene-LOC134715780|LOC134715780",11.6463590416176,0.138305587134801,0.191345197357685,0.177207971727654,0.492701570422073
"gene-LOC134715781|LOC134715781",44.5862892251216,0.088857530372761,0.130910850676637,0.358033145718141,0.688644047661838
"gene-LOC134715782|LOC134715782",18.9603784880423,-0.146260435535397,0.237612079053378,0.0940056610788995,0.360370690491233
"gene-LOC134715788|LOC134715788",36.8598679778176,-0.141769150252037,0.134867993277892,0.15803962473461,0.462558605002208
"gene-LOC134715796|LOC134715796",10.3145352351851,0.137941179472889,0.210235549606014,0.153376738556153,0.454299184661183
"gene-LOC134715803|LOC134715803",9.68969469490191,0.087066481828223,0.171279317959321,0.348270758281297,0.680865238206739
"gene-LOC134715806|LOC134715806",16.9751015377621,-0.241093360717877,0.446520927149569,0.0143896071480161,0.142390246715563
"gene-LOC134715807|LOC134715807",7.40073946961036,-0.00696517688544247,0.184554613047971,0.771307651529384,NA
"gene-LOC134715809|LOC134715809",288.961210063044,-0.020718356114106,0.126393225527236,0.822270361829488,0.941001940894699
"gene-LOC134715810|LOC134715810",21.6655498084154,-0.146141020843829,0.187073520297564,0.166119018878722,0.474700044557976
"gene-LOC134715813|LOC134715813",14.8905664790041,0.0345681231545305,0.177329588930336,0.590050873025703,0.82884347668173
"gene-LOC134715814|LOC134715814",9.89810350294365,-0.142334926305613,0.243564974790164,0.0737834775559194,0.325534299732559
"gene-LOC134715823|LOC134715823",32.3024751140549,0.0226833294950912,0.127074205502063,0.808241802657828,0.933196036454754
"gene-LOC134715825|LOC134715825",41.0357293631261,0.097675009544424,0.148089704714769,0.325051463304955,0.661146167635587
"gene-LOC134715826|LOC134715826",77.4757226362554,0.0675689230649975,0.143399161900585,0.482381830327337,0.768733904638168
"gene-LOC134715827|LOC134715827",31.5889118014996,0.183730874092,0.190362148562222,0.105371915978097,0.379488793178778
"gene-LOC134715828|LOC134715828",16.3791281224518,-0.583133717303171,0.365830600835046,0.00542330508980172,0.0793824055629495
"gene-LOC134715835|LOC134715835",10.3534958353452,0.0396829196773225,0.18929869752127,0.233069877109343,0.569597666198549
"gene-LOC134715836|LOC134715836",15.706663135483,0.0703306288738973,0.168693134276667,0.428390833285192,0.738486345601851
"gene-LOC134715845|LOC134715845",862.005436423258,0.166342726915765,0.157040433073585,0.123332157492474,0.40233053967174
"gene-LOC134715849|LOC134715849",16.0103615324201,-0.113137059605443,0.161653411197307,0.26235631363147,0.597969519261434
"gene-LOC134715855|LOC134715855",5.88335125621276,-0.0109672076751669,0.183254040723963,0.74361696494969,NA
"gene-LOC134715857|LOC134715857",21.5118029110277,0.366465565867814,0.281382512646867,0.0189934010011707,0.164955632255812
"gene-LOC134715861|LOC134715861",120.498547805223,0.121815341893748,0.118744164952806,0.197191648596691,0.524463940700506
"gene-LOC134715862|LOC134715862",41.4200543125591,0.0104701514093719,0.138601518601814,0.910786042518009,0.973810014537272
"gene-LOC134715865|LOC134715865",52.5698191172206,0.14399447909245,0.154216554258403,0.170609804188414,0.481555723309785
"gene-LOC134715868|LOC134715868",85.64630708192,0.469912749162659,0.187199397057469,0.00125615563111971,0.0342898692905793
"gene-LOC134715870|LOC134715870",33.7234469557302,-0.0312662075200759,0.180536475691416,0.565838771371155,0.817098929635215
"gene-LOC134715873|LOC134715873",13.1545633965811,-0.184064633589564,0.335772107629374,0.00847710075634684,0.105659972567163
"gene-LOC134715877|LOC134715877",18.8574694369204,0.209594259270863,0.193133981138862,0.0752323253398075,0.329830074599012
"gene-LOC134715883|LOC134715883",16.6715199260252,-0.136329756487996,0.250774746438604,0.0374443420637893,0.235770236580963
"gene-LOC134715894|LOC134715894",11.6272892006348,-0.678792571742939,0.314465968568312,0.00170471698733165,0.0401653318563561
"gene-LOC134715896|LOC134715896",278.279177471872,0.675660862688935,0.175838066913273,9.43871914936636e-06,0.00130076235220702
"gene-LOC134715897|LOC134715897",22.365721023837,0.0577172067620116,0.143268323933832,0.544219135192745,0.804488274326616
"gene-LOC134715898|LOC134715898",88.0574352762894,-0.0788211992155208,0.147582610404154,0.414935126016361,0.730673063606098
"gene-LOC134715901|LOC134715901",27.429626977313,0.0221357693480317,0.186704539552919,0.320090104548222,0.656539770744233
"gene-LOC134715902|LOC134715902",15.615522035076,0.0452175673856766,0.166713329888537,0.583517850318109,0.824439467851543
"gene-LOC134715905|LOC134715905",94.2482423792615,-0.385105803205346,0.178348869437747,0.00399871427803907,0.0659291401507841
"gene-LOC134715906|LOC134715906",40.8979502362916,-0.09136888699288,0.183883206317817,0.29276143643074,0.628360269236454
"gene-LOC134715907|LOC134715907",13.2307194231432,0.135998235053302,0.181620375790646,0.189954072819219,0.513624629479392
"gene-LOC134715908|LOC134715908",51.9766164453439,0.428323566813774,0.19633330563836,0.00321324408637026,0.0584513333430839
"gene-LOC134715915|LOC134715915",20.6263517285716,0.194961310482574,0.299135928678235,0.0483077630504447,0.265503197377263
"gene-LOC134715918|LOC134715918",14.5709208433921,0.0288881418450842,0.179848775663633,0.602629934154981,0.837306109531757
"gene-LOC134715923|LOC134715923",34.2748237504336,-0.00862498909622218,0.169096285706731,0.901610147862013,0.969990938005811
"gene-LOC134715926|LOC134715926",9.40990255061635,-0.0327585615739291,0.16040287010987,0.69744068439285,0.886520052386683
"gene-LOC134715934|LOC134715934",21.6237406348029,0.201326276360687,0.223680151967601,0.0858137696312692,0.348363479737245
"gene-LOC134715935|LOC134715935",7.6334865701812,0.091723278342698,0.205278039996588,0.155821292019175,NA
"gene-LOC134715943|LOC134715943",53.5473007991905,0.115171776310773,0.13927412155984,0.248564020084731,0.585394060688682
"gene-LOC134715945|LOC134715945",119.763507159844,-0.463424841847728,0.240718212817359,0.00454331646305948,0.0723438351900755
"gene-LOC134715950|LOC134715950",10.9310710910256,0.129413691291662,0.2368294098644,0.0701610538173676,0.317900953524847
"gene-LOC134715951|LOC134715951",74.4572975837494,-0.435163706568313,0.169574750081133,0.00118792788827817,0.0335004837682771
"gene-LOC134715961|LOC134715961",34.4887965688113,-0.0655517852880796,0.13034452426024,0.490864784617852,0.774190539159747
"gene-LOC134715962|LOC134715962",8.07788592421478,-0.0122977203645891,0.181451634333551,0.768228674936017,NA
"gene-LOC134715963|LOC134715963",9.90750295822385,0.0511070928066689,0.177943932290898,0.476200002047338,0.765853785338503
"gene-LOC134715964|LOC134715964",10.7926243213393,-0.0171562359157588,0.173822361421478,0.787871362114566,0.926070333115688
"gene-LOC134715969|LOC134715969",24.6744651451062,0.0274796238740493,0.149950321416112,0.761262257351718,0.914365980545461
"gene-LOC134715970|LOC134715970",16.0100150127761,-0.0713665831150135,0.16990191784238,0.417568507912191,0.731684880296006
"gene-LOC134715971|LOC134715971",10.007635048085,-0.303663508792571,0.294340272495726,0.0329896908634681,0.218952956848798
"gene-LOC134715972|LOC134715972",29.7063583468046,0.0231997130766948,0.155741704157772,0.787706747180468,0.926070333115688
"gene-LOC134715976|LOC134715976",9.54725546240023,-0.0193823759598563,0.182085299060864,0.650855807396696,0.865683098526162
"gene-LOC134715979|LOC134715979",25.6075383687848,-0.00652979362659673,0.166973751072971,0.927743639693357,0.978198919183154
"gene-LOC134715986|LOC134715986",9.61210960919539,0.00577748411769264,0.175631779044689,0.922355088061119,0.976727238151949
"gene-LOC134715988|LOC134715988",8.76540646320347,0.2216693023594,0.305598381883032,0.0517008276845892,0.274191739876795
"gene-LOC134715993|LOC134715993",138.356573492386,-0.0101278335024776,0.097736827705761,0.902416414657736,0.970300234456073
"gene-LOC134715995|LOC134715995",31.5338254604667,0.0581998927945619,0.119226199400409,0.528756820680648,0.796461088523706
"gene-LOC134715997|LOC134715997",9.63327378738991,0.0126846361764596,0.175186742514377,0.833890578945684,0.944886253276339
"gene-LOC134715998|LOC134715998",12.8691174852323,-0.0220935222639858,0.173384482494664,0.737215740806488,0.904480627390373
"gene-LOC134716000|LOC134716000",96.7712292894966,-0.0100747755012319,0.129974956956595,0.913519183425754,0.973951058977618
"gene-LOC134716002|LOC134716002",13.3533003908166,0.103375514267201,0.195354237310842,0.227429255215478,0.563481438295065
"gene-LOC134716004|LOC134716004",8.99939879949972,-0.0428910105859248,0.182089279008881,0.465444050796309,0.762382103707458
"gene-LOC134716006|LOC134716006",355.212125909544,0.0403840405261707,0.120090895292277,0.662380754966255,0.871559905291574
"gene-LOC134716008|LOC134716008",20.5044273834538,-0.142330572092797,0.181358423781631,0.176495819223776,0.491469867941464
"gene-LOC134716009|LOC134716009",32.7044776347348,0.075894984018696,0.143668394329926,0.433510426894211,0.74247301848317
"gene-LOC134716012|LOC134716012",18.0466346972084,0.182554659135095,0.209085472188847,0.108627190783368,0.381396450972524
"gene-LOC134716013|LOC134716013",93.3604634665256,-0.0153480697042362,0.102011580387937,0.856755733040324,0.952095318893577
"gene-LOC134716016|LOC134716016",7.85968274289655,-0.016249384374183,0.18020754793817,0.732797960504585,NA
"gene-LOC134716018|LOC134716018",21.1672308928577,0.456949432415183,0.336224483711511,0.0112299245323478,0.12315821138779
"gene-LOC134716020|LOC134716020",118.10449133513,0.0827875098407353,0.126629639693325,0.385854617735004,0.709715972786821
"gene-LOC134716022|LOC134716022",20.7047945859461,0.305876589340603,0.209930960418545,0.0230748754719704,0.182143950757673
"gene-LOC134716024|LOC134716024",8.98261669620242,0.00224281286003965,0.168387559909007,0.975855123239816,0.991980289222603
"gene-LOC134716027|LOC134716027",148.212238104892,0.195566196090317,0.147737207111244,0.0699720553462249,0.31777201574289
"gene-LOC134716028|LOC134716028",41.8149005713626,0.170664353536521,0.148351255128607,0.108141634297108,0.381019677617619
"gene-LOC134716030|LOC134716030",20.3580679203926,0.0269498370524393,0.150650005889231,0.765179781722591,0.915885611020874
"gene-LOC134716033|LOC134716033",63.2884781586869,0.375575746053763,0.141861509474081,0.00127210599166054,0.0343775330673078
"gene-LOC134716036|LOC134716036",163.014580846307,0.140645177570815,0.1519212590796,0.177973225476326,0.49351421369745
"gene-LOC134716039|LOC134716039",9.15507728559736,0.0222866918062301,0.181900603740804,0.625322878340663,0.851959904443766
"gene-LOC134716040|LOC134716040",14.8625210284069,-0.123393202009674,0.223201566101301,0.110548527877465,0.384864846337943
"gene-LOC134716042|LOC134716042",8.8069412794681,-0.0197173564457611,0.18064227461595,0.68029366261713,0.879133919277339
"gene-LOC134716048|LOC134716048",2320.81209151308,0.323173129910731,0.207277897263773,0.0178721485961901,0.158711342252909
"gene-LOC134716050|LOC134716050",144.589284732979,0.086767949798612,0.153894220980704,0.374762109766276,0.700728917824581
"gene-LOC134716051|LOC134716051",1047.89689480008,0.0939690170863146,0.071753573267135,0.154889205578876,0.456726183911227
"gene-LOC134716052|LOC134716052",21.5901482463394,0.0140938659315731,0.139716077034574,0.879367219103311,0.96225707753286
"gene-LOC134716053|LOC134716053",8.28079985433222,0.0037383397613989,0.182396969572727,0.919144100999508,0.975645967948068
"gene-LOC134716054|LOC134716054",6.31151361576723,-0.0172138662286552,0.183561632481656,0.627936424508324,NA
"gene-LOC134716055|LOC134716055",14.5227526915187,0.137382339350738,0.167511088005603,0.191051186781851,0.514335643007377
"gene-LOC134716057|LOC134716057",22.2317692044438,-0.12520609135899,0.162054535582695,0.223567574672004,0.558651147740059
"gene-LOC134716058|LOC134716058",49.6959878726306,0.179042211537483,0.135545995888522,0.0818175123913886,0.342202283132397
"gene-LOC134716060|LOC134716060",19.7271805291757,-0.0189124008616166,0.166342439876171,0.802880322099897,0.930344141446287
"gene-LOC134716067|LOC134716067",82.3574083683922,0.154917011250153,0.148598261867724,0.140267224083501,0.434667715191298
"gene-LOC134716069|LOC134716069",44.2456295867971,0.157430239599321,0.177240726035133,0.147244089924221,0.444777019357532
"gene-LOC134716070|LOC134716070",28.7301875673067,0.12569828943636,0.140624622367851,0.213092897605392,0.544587307246251
"gene-LOC134716071|LOC134716071",8.54181331929688,0.0763300988429267,0.202927295076234,0.107805734194032,0.381019677617619
"gene-LOC134716072|LOC134716072",7.67524276235455,0.0211992154950953,0.184388039415885,0.542883144740938,NA
"gene-LOC134716078|LOC134716078",48.8222589024806,-0.0294864803101415,0.116662598911682,0.745568677319999,0.908211077242373
"gene-LOC134716080|LOC134716080",11.248813113162,0.0749047512606149,0.190464346667606,0.284126742779349,0.619481113212048
"gene-LOC134716082|LOC134716082",10.2584164775662,-0.00439443832675247,0.152421844373597,0.995477379269973,0.998268724672647
"gene-LOC134716083|LOC134716083",9.47225703250755,0.0991437994815972,0.18004835699074,0.284786104425271,0.620191146240631
"gene-LOC134716085|LOC134716085",27.2883200547578,0.13840792814374,0.162215475936487,0.188224096999923,0.511984346617223
"gene-LOC134716086|LOC134716086",339.21252412204,-0.133150576818523,0.0780251761333699,0.0592797986637597,0.292163939141364
"gene-LOC134716087|LOC134716087",9.0031682705429,0.0043588542202354,0.171747676640586,0.948553479740113,0.984494493039383
"gene-LOC134716089|LOC134716089",86.1271063795947,-0.137490207164747,0.129801356911835,0.162387016501637,0.468291938708169
"gene-LOC134716090|LOC134716090",30.490717549798,0.0678048501867662,0.122809653357508,0.469494212658786,0.763398425926041
"gene-LOC134716094|LOC134716094",32.2013288507703,0.454954283261587,0.169696822971718,0.000833915469527898,0.0271916008456775
"gene-LOC134716096|LOC134716096",25.1040649332454,0.0671308131830602,0.153065513793621,0.478643455436392,0.767411249643072
"gene-LOC134716098|LOC134716098",12.7749378239128,-0.100728236655381,0.215249077008913,0.0940170639735017,0.360370690491233
"gene-LOC134716099|LOC134716099",7.92765209953516,0.0061240527363039,0.178110936697489,0.907273739651143,NA
"gene-LOC134716100|LOC134716100",74.0395392545795,0.150942758625264,0.117204562706434,0.109174543230781,0.382084745451664
"gene-LOC134716101|LOC134716101",65.8125947182247,0.0682339975856106,0.120403270446551,0.466211079780144,0.762382103707458
"gene-LOC134716102|LOC134716102",7.27173697524411,0.00271481977568845,0.179955626642095,0.954318003263978,NA
"gene-LOC134716105|LOC134716105",6.42651365878617,-0.0316311652968589,0.186905508312267,0.341253300470971,NA
"gene-LOC134716106|LOC134716106",61.7256687810291,0.0251734003127866,0.124449140842411,0.787231450933958,0.926065150204804
"gene-LOC134716109|LOC134716109",62.3088708605276,-0.0524594815318463,0.11742384716194,0.566233109569153,0.817156914923183
"gene-LOC134716110|LOC134716110",7.17105043956317,-0.082181489951007,0.205495485588457,0.10548603940237,NA
"gene-LOC134716111|LOC134716111",11.1845483711476,0.0359656660714262,0.173366052117583,0.615326276621426,0.846622290098858
"gene-LOC134716114|LOC134716114",27.4339376651192,0.0691261934098208,0.155032957380333,0.463736026034537,0.761665827334441
"gene-LOC134716121|LOC134716121",39.3145226872021,0.0166228156011286,0.160178549671439,0.841395693328422,0.94707747408349
"gene-LOC134716122|LOC134716122",17.6795821212265,-0.00158569975647288,0.160043610915219,0.983482966272075,0.993455247863024
"gene-LOC134716124|LOC134716124",238.300487171904,0.0161356489634201,0.127882893204814,0.863373290308069,0.954165306765038
"gene-LOC134716125|LOC134716125",9.69025228817543,-0.193014748102349,0.238385583202295,0.0868425506980349,0.349457678103089
"gene-LOC134716126|LOC134716126",104.625146130172,0.404896240587221,0.195567319139415,0.00455765666729187,0.0723438351900755
"gene-LOC134716131|LOC134716131",12.8532453699744,-0.0194467122242526,0.163986056093383,0.80425146779038,0.93094337888129
"gene-LOC134716132|LOC134716132",9.87424656990235,0.00331711902332025,0.166514160440372,0.965535274617137,0.989375651768178
"gene-LOC134716133|LOC134716133",28.7481260650176,0.0327553672284979,0.139896412862414,0.725694734557268,0.901061762982828
"gene-LOC134716134|LOC134716134",9.38509078388551,0.0399358097567233,0.179151031953247,0.526887100228453,0.79498896697287
"gene-LOC134716135|LOC134716135",10.970471317566,0.0319371006951118,0.181501313216419,0.545997620421039,0.806301378802117
"gene-LOC134716138|LOC134716138",21.7416067525802,-0.0285307116214961,0.152534041302688,0.747334715419975,0.908695315702929
"gene-LOC134716139|LOC134716139",10.3677856034071,0.118106465242749,0.20564813243251,0.176809314267476,0.492107713356595
"gene-LOC134716146|LOC134716146",55.2048163378958,0.622057808728655,0.340049480036968,0.00359878692788183,0.0617031448855608
"gene-LOC134716148|LOC134716148",47.5280664229955,-0.174791432502714,0.174842601615996,0.115090234992439,0.390394440055923
"gene-LOC134716150|LOC134716150",10.6197737055155,-0.0815717233001428,0.204303480272903,0.119315846552941,0.394872199013448
"gene-LOC134716152|LOC134716152",21.6165805335251,-0.0580243790947732,0.187129074845701,0.336646653172323,0.669626131473487
"gene-LOC134716154|LOC134716154",48.5581068375127,-0.64895972551913,0.246403831222698,0.000532242378602544,0.0200386512026442
"gene-LOC134716155|LOC134716155",32.7681181716371,0.112917460840521,0.169535816134097,0.25971560551471,0.595592710417406
"gene-LOC134716159|LOC134716159",13.0217567949386,0.0254019423220559,0.179492403495562,0.641166981992468,0.861056475072203
"gene-LOC134716163|LOC134716163",121.441681906574,0.0547037727249945,0.108194051698078,0.536686674131513,0.800777567013534
"gene-LOC134716164|LOC134716164",401.940995957965,0.110408637229665,0.0874243398335195,0.153516525428125,0.454299184661183
"gene-LOC134716165|LOC134716165",18.8973497022978,-0.0859457822269082,0.171135815054593,0.351440266823234,0.683600455093715
"gene-LOC134716167|LOC134716167",1414.82089610964,-0.03431639498861,0.0761993173019514,0.620592124458685,0.84979396141643
"gene-LOC134716168|LOC134716168",109.40874434899,-0.108520503263915,0.119659187932597,0.247247368358008,0.585394060688682
"gene-LOC134716169|LOC134716169",14.5448384423854,0.0904127015891487,0.196785731098758,0.227637014559561,0.563482154068539
"gene-LOC134716170|LOC134716170",11.8746989306706,-0.0364623248605613,0.185946687346504,0.391060662115955,0.713363405618116
"gene-LOC134716172|LOC134716172",12.9946803961195,0.0659666988358691,0.157146580905533,0.478687171457856,0.767411249643072
"gene-LOC134716173|LOC134716173",136.664569489396,-0.155823380912433,0.134404281630254,0.122190347234846,0.400214482602383
"gene-LOC134716178|LOC134716178",31.4835161258413,-0.0418601610103208,0.124035499788528,0.652374364472186,0.866195665897991
"gene-LOC134716179|LOC134716179",57.8636702151436,0.0470322997968261,0.104232345502181,0.587669283180675,0.827356558804305
"gene-LOC134716181|LOC134716181",16.3687357478272,0.0164480650534327,0.153533056135602,0.851548547031164,0.949823858433988
"gene-LOC134716182|LOC134716182",34.1792062953076,0.0835786188929384,0.201359414793986,0.171655905706203,0.483336443823479
"gene-LOC134716184|LOC134716184",9.5534954996193,-0.147826430833364,0.227421974135898,0.115993766051512,0.390783425848822
"gene-LOC134716186|LOC134716186",567.1769147776,-0.0182616422904739,0.109201985287871,0.835234625299606,0.946115648757494
"gene-LOC134716189|LOC134716189",37.6674403893677,-0.486194243143755,0.199070631359601,0.00133859719044063,0.0350434189210693
"gene-LOC134716194|LOC134716194",8.67573971190846,0.00369697439764029,0.173654318650691,0.953857978821293,0.985217007976971
"gene-LOC134716196|LOC134716196",105.84251708508,0.0809698001196417,0.166195349049344,0.385454632220474,0.709715972786821
"gene-LOC134716197|LOC134716197",10.5376773146691,-0.0581652628816254,0.186443250121697,0.347804975276437,0.680334102683206
"gene-LOC134716199|LOC134716199",18.0409405068877,0.0117841417569827,0.159021399402437,0.887479681423268,0.965611737392455
"gene-LOC134716201|LOC134716201",9.49217862923827,-0.0196715118557453,0.179135066320149,0.706245585925457,0.891566616733608
"gene-LOC134716202|LOC134716202",13.2954374481487,-0.0564179895278147,0.182386398738733,0.404660687965701,0.72282750425568
"gene-LOC134716204|LOC134716204",13.1371006500286,-0.00747342301920831,0.154993463871505,0.929651764538149,0.978288574198663
"gene-LOC134716206|LOC134716206",12.1364934185884,-0.199921642593579,0.246822899571666,0.0781949614408973,0.33556756660653
"gene-LOC134716210|LOC134716210",29.484987697973,-0.186070076143266,0.157954614679353,0.0896860669693563,0.353517017347101
"gene-LOC134716211|LOC134716211",28.3017281112044,-0.044312340753487,0.147174814534951,0.633191077440897,0.85623909964459
"gene-LOC134716214|LOC134716214",13.9407306713481,-0.0145843026807838,0.182875494229784,0.693351365716631,0.885257856795296
"gene-LOC134716215|LOC134716215",19.5934417503456,0.121843460039568,0.161849283137486,0.235724333483195,0.572298167494372
"gene-LOC134716220|LOC134716220",12.0061612252534,-0.0771360922501469,0.165604984423849,0.401639116504785,0.719894995570785
"gene-LOC134716221|LOC134716221",14.2215042099986,0.00898622298257763,0.181719284253692,0.824672023125577,0.941598320604848
"gene-LOC134716222|LOC134716222",7.74023809853829,-0.0320007611245255,0.187811077447637,0.270503211789537,NA
"gene-LOC134716225|LOC134716225",31.285003909657,0.0244559293686524,0.139433797580896,0.792742166993882,0.927763996462669
"gene-LOC134716226|LOC134716226",29.2982336410006,0.0677072833761897,0.18311784992319,0.363398549001998,0.691787323120926
"gene-LOC134716227|LOC134716227",47.6985449290083,-0.0604030555623102,0.151969017944177,0.517551871249968,0.788960326533759
"gene-LOC134716229|LOC134716229",11.8914691990611,0.0632150107928901,0.185228502638168,0.355965680189833,0.688005643849309
"gene-LOC134716232|LOC134716232",1017.30496103049,0.412231512243172,0.268949775680238,0.011259638836652,0.12329895361755
"gene-LOC134716234|LOC134716234",6.79011930660433,0.0143870456454092,0.181811269772112,0.73120266962319,NA
"gene-LOC134716237|LOC134716237",58.1209090208585,-0.0249135554952349,0.188099608750895,0.0756888696162025,0.330462256555676
"gene-LOC134716246|LOC134716246",35.8852893100148,-0.0221587048506672,0.158962512476412,0.790814342568303,0.927441868676763
"gene-LOC134716247|LOC134716247",15.2794348203529,-0.0156434233215374,0.153420113386537,0.858256263179637,0.952545775150291
"gene-LOC134716254|LOC134716254",14.8662477572373,0.127873623855474,0.18640003412875,0.203512173363675,0.532969850931619
"gene-LOC134716258|LOC134716258",7.62748438283366,0.00585297062814442,0.17582586950341,0.920569415800201,NA
"gene-LOC134716268|LOC134716268",37.9297742422289,-0.0258829496615456,0.1468293681154,0.775681019824809,0.921594957636969
"gene-LOC134716269|LOC134716269",11.1405530666409,-0.0488066558883008,0.191511746483398,0.194461596809462,0.519326500637711
"gene-LOC134716271|LOC134716271",13.8072864390928,0.58186735534402,0.340030455057836,0.00453715645278841,0.0723438351900755
"gene-LOC134716272|LOC134716272",243.005598253641,-0.0376681626618347,0.111728833199746,0.673329286794196,0.874831740074501
"gene-LOC134716275|LOC134716275",302.381688161024,0.010176533803184,0.0686028740074544,0.868487970650429,0.957644344449085
"gene-LOC134716276|LOC134716276",50.0430212077368,0.144430243818104,0.136244755054935,0.153323042848745,0.454299184661183
"gene-LOC134716278|LOC134716278",13.2530520500363,-0.103583895856776,0.216012774345552,0.10006242099919,0.371893685490061
"gene-LOC134716279|LOC134716279",9.59674906994167,0.0761231279081302,0.172560775592645,0.388417320970687,0.710958250730222
"gene-LOC134716281|LOC134716281",20.6137539780444,-0.193234917236964,0.230851277049199,0.0884876123570986,0.351579936368371
"gene-LOC134716300|LOC134716300",10.5186929797711,0.0459396220388134,0.1816751634977,0.458388986539615,0.759544727242592
"gene-LOC134716302|LOC134716302",35.649599495688,-0.030240774091936,0.133659343079159,0.745968872325954,0.908353381995804
"gene-LOC134716306|LOC134716306",6.74510950569123,0.0334289682210427,0.188225807327639,0.251933354338958,NA
"gene-LOC134716320|LOC134716320",115.32930496633,-0.184646611945324,0.126724186280528,0.063095235289661,0.301864743812765
"gene-LOC134716323|LOC134716323",17.2768005314329,-0.00486666779184271,0.177508195060582,0.925273772743151,0.977607353698246
"gene-LOC134716324|LOC134716324",16.8402862496954,-0.00375816204110877,0.152193972070029,0.964918075224383,0.98891760419251
"gene-LOC134716325|LOC134716325",85.867589137533,0.0798813742282175,0.131161572161003,0.407014580517038,0.724003575020308
"gene-LOC134716326|LOC134716326",12.0259181170521,-0.00387360415420388,0.172965029316081,0.950383174849292,0.984494493039383
"gene-LOC134716328|LOC134716328",8.8355486435229,0.0149523251097429,0.183915068905322,0.648129425591677,0.863872436991949
"gene-LOC134716331|LOC134716331",45.4640501845277,0.458663372375956,0.322260120100515,0.0104603039340979,0.118636739028961
"gene-LOC134716332|LOC134716332",52.1753771504204,0.215219932513899,0.140090683644771,0.0436107653714047,0.254419353252987
"gene-LOC134716333|LOC134716333",53.143584017173,-0.0687907435628105,0.128492861273343,0.469117301971195,0.763125339331315
"gene-LOC134716334|LOC134716334",18.7608787402748,0.200190497044766,0.309295444434993,0.0439244746278903,0.255027315327592
"gene-LOC134716335|LOC134716335",43.924040925434,0.206588622097175,0.211087125878731,0.082303381512881,0.342450501179079
"gene-LOC134716336|LOC134716336",24.865076201651,0.263891384073456,0.183251614864539,0.0329930720107766,0.218952956848798
"gene-LOC134716339|LOC134716339",48.0064364395159,0.0106607867552776,0.117354210002155,0.907539203515059,0.973283642470783
"gene-LOC134716341|LOC134716341",36.4818224249547,-0.108959284646742,0.14529026355729,0.276954058857741,0.612602763552247
"gene-LOC134716346|LOC134716346",60.4013581238019,0.00409864158175799,0.107279290786169,0.963296007026144,0.988606721275672
"gene-LOC134716347|LOC134716347",664.431638472379,0.0830509010708489,0.0780310360081591,0.239347186090881,0.576770652328536
"gene-LOC134716349|LOC134716349",79.7321819534501,0.204572079210877,0.169702026490828,0.073597474013141,0.325534299732559
"gene-LOC134716352|LOC134716352",16.8460580402835,0.0729354849859375,0.168614705307974,0.414966357631833,0.730673063606098
"gene-LOC134716353|LOC134716353",16.8823116097153,-0.154870174366319,0.24447440192613,0.0867739754207464,0.349457678103089
"gene-LOC134716361|LOC134716361",13.9361499612734,-0.0971597497217353,0.209406409928137,0.131975125602731,0.419837246255378
"gene-LOC134716364|LOC134716364",9.27376593027384,-0.011011400998693,0.182687186018896,0.760659008020522,0.914365980545461
"gene-LOC134716366|LOC134716366",12.1885455171216,0.0604575060973589,0.181912232489818,0.397149331787343,0.717599701142351
"gene-LOC134716368|LOC134716368",26.0561204716341,0.131172373470442,0.20500231838779,0.170128740299997,0.481057572710393
"gene-LOC134716370|LOC134716370",39.4854697556802,0.247967388492124,0.276374009600312,0.0517675806804628,0.274191739876795
"gene-LOC134716374|LOC134716374",55.5469863948598,-0.0377255954851812,0.155309893369356,0.669396085317537,0.874285257527977
"gene-LOC134716375|LOC134716375",9.69698618716972,-0.00901047346832099,0.179406873698061,0.850365688597399,0.949567149848377
"gene-LOC134716383|LOC134716383",42.6944002727041,0.0376909368294597,0.138500106314661,0.687601337788097,0.882602883787644
"gene-LOC134716385|LOC134716385",52.6088528796223,0.0844460663646737,0.199786663292607,0.194147631988875,0.519326500637711
"gene-LOC134716388|LOC134716388",51.4602520157639,-0.0704325129556017,0.166540389675013,0.431353609597521,0.740815091656585
"gene-LOC134716390|LOC134716390",11.1968068560249,0.136899739629581,0.232818663770599,0.0978106010153832,0.368226442894192
"gene-LOC134716392|LOC134716392",66.7508130941486,-0.0186468423194032,0.104747084844618,0.829018431774029,0.943316813472115
"gene-LOC134716393|LOC134716393",45.496446991454,-0.0167651680808086,0.151629493448779,0.848816506202524,0.949567149848377
"gene-LOC134716395|LOC134716395",17.829476702737,0.0200670407878481,0.155643861299804,0.817036191953388,0.937860797680614
"gene-LOC134716397|LOC134716397",27.0323508348618,-0.094954265849997,0.165887402832624,0.325284312362696,0.661435583935726
"gene-LOC134716399|LOC134716399",21.8502096900831,0.157594907739271,0.174507962267371,0.147574592415608,0.44485547792142
"gene-LOC134716406|LOC134716406",16.673346928671,0.0413403123130617,0.172925350225532,0.57648441109707,0.821701529830636
"gene-LOC134716407|LOC134716407",71.5681142617424,-1.53905193145145,0.383720573726558,2.40729629761913e-06,0.000475213301562436
"gene-LOC134716408|LOC134716408",31.8982581359862,-0.109132389139699,0.196165456900551,0.214408770308047,0.545469055496334
"gene-LOC134716410|LOC134716410",10.5618295254538,0.015756660874133,0.148480803306979,0.861697305196243,0.953756192931256
"gene-LOC134716413|LOC134716413",8.70899091260164,0.0221565243509787,0.183070408815039,0.592068225664277,0.829713415244029
"gene-LOC134716418|LOC134716418",34.9632922456861,-0.360605736538588,0.154502274639503,0.00315034961490466,0.0578144562494061
"gene-LOC134716429|LOC134716429",18.6346462164853,-0.0471082743425061,0.176999569349214,0.503216870512462,0.780309868242846
"gene-LOC134716452|LOC134716452",8.22108840396342,0.0203168015144647,0.180505393902136,0.680008554118222,NA
"gene-LOC134716486|LOC134716486",13.8405956017467,-0.09369552613848,0.163371085210467,0.335013808648016,0.667999857582562
"gene-LOC134716528|LOC134716528",11.5543859155349,0.130720463990736,0.202224537566081,0.186179971721882,0.508374659702221
"gene-LOC134716541|LOC134716541",8.45660030246541,-0.0493622349758906,0.166862179680139,0.551422851996024,0.810665485595894
"gene-LOC134716562|LOC134716562",19.3591179813612,0.0540319525133901,0.188791563515707,0.310831079053052,0.646627798747791
"gene-LOC134716567|LOC134716567",17.4120783573661,0.0471160351730896,0.163382539057922,0.582106268617401,0.823352005505491
"gene-LOC134716587|LOC134716587",8.50768061148071,0.134551148515409,0.23110682015144,0.101041537181365,0.373447129762233
"gene-LOC134716595|LOC134716595",1087.74695827482,-0.0227808176948464,0.076579501654828,0.743467522687822,0.906710099467667
"gene-LOC134716651|LOC134716651",28.6165518944877,0.0370593762098991,0.158162144723775,0.672545562162906,0.874831740074501
"gene-LOC134716658|LOC134716658",24.2657688925807,-0.101841209644857,0.214103226773306,0.108152593017978,0.381019677617619
"gene-LOC134716667|LOC134716667",57.5889679214154,-0.154800800398651,0.157330441551274,0.145268726471877,0.442570217279314
"gene-LOC134716707|LOC134716707",10.5153788842546,-0.0443020520310331,0.178458821668144,0.505717171376428,0.781954301506324
"gene-LOC134716725|LOC134716725",10.0356039420528,-0.207893906197771,0.285891149513073,0.0585367477546608,0.291128312721651
"gene-LOC134716741|LOC134716741",68.3054055022608,0.0210924071140545,0.127875994967804,0.821268172913038,0.940357851537361
"gene-LOC134716743|LOC134716743",19.1467619797587,0.144068603363807,0.227248125432696,0.117755986159127,0.393892238040277
"gene-LOC134716750|LOC134716750",14.0332263370225,-0.105708042127163,0.219825981319294,0.0769298904503166,0.333376077707712
"gene-LOC134716777|LOC134716777",13.4340748526024,0.00155413472207713,0.143721345171122,0.987040362533446,0.994237469136373
"gene-LOC134716778|LOC134716778",7.43892555089171,-0.0526089107991456,0.180945364052028,0.437061260917359,NA
"gene-LOC134716784|LOC134716784",11.9454894669096,0.071159056922413,0.190383503563125,0.285694222580233,0.620860042167813
"gene-LOC134716798|LOC134716798",27.5909051709568,-0.076527063157511,0.157228889680245,0.419042119536615,0.732373214312395
"gene-LOC134716823|LOC134716823",22.8629803308266,0.139551384301922,0.165524678931974,0.185976589430447,0.508373132185622
"gene-LOC134716834|LOC134716834",15.8012597363433,0.0406534868078308,0.185552505657179,0.401280292726837,0.719605022852153
"gene-LOC134716853|LOC134716853",10.3733151610994,-0.0499800033235297,0.191504171743403,0.207013568825935,0.53732306563775
"gene-LOC134716854|LOC134716854",188.943656189668,0.799385628156305,0.141230023674278,1.09914915649675e-09,7.2983503991384e-07
"gene-LOC134716878|LOC134716878",7.3195221335539,0.035204016141684,0.179820461260833,0.552033111209652,NA
"gene-LOC134716885|LOC134716885",59.3195668028673,0.145542873106534,0.211312693321578,0.145292324341234,0.442570217279314
"gene-LOC134716897|LOC134716897",246.287646226583,-0.982986100137787,0.299472715237443,4.56360503864103e-05,0.00438586463187291
"gene-LOC134716902|LOC134716902",40.435134068095,0.0834862235986002,0.139568765865736,0.392910122630255,0.715133510128769
"gene-LOC134716916|LOC134716916",59.5861133328916,-0.0353563743433278,0.097913134243533,0.670426433318146,0.874285257527977
"gene-LOC134716918|LOC134716918",12.7247022694715,-0.0347080881184536,0.147104445247495,0.704742751799263,0.890406687275872
"gene-LOC134717044|LOC134717044",47.2116192947494,-0.323744173924264,0.513963500299894,0.0202827950114824,0.171119434174664
"gene-LOC134717060|LOC134717060",36.098659603618,-0.599983515571083,0.337885138462164,0.00382141730056803,0.0640175045030938
"gene-LOC134717170|LOC134717170",246.980493881264,0.413386853337711,0.11155957497055,3.23424903007503e-05,0.00337470784509543
"gene-LOC134717207|LOC134717207",13.3280625085901,0.0925391304381683,0.19452181202249,0.240726618020945,0.578948705309509
"gene-LOC134717301|LOC134717301",21.0187573894689,-0.0398678111001181,0.161241134944023,0.63822012062426,0.859273688670893
"gene-LOC134717350|LOC134717350",209.64926241409,0.857159383595938,0.406565579275732,0.00149690700884017,0.0369371918667858
"gene-LOC134717428|LOC134717428",133.26686835168,0.497786646731944,0.242647549175183,0.00327666064301328,0.0588027747827248
"gene-LOC134717458|LOC134717458",13.4550020568967,-0.0430565682668394,0.160905410695175,0.616736491301222,0.847061073162524
"gene-LOC134717477|LOC134717477",65.6006981779436,0.0186635281032382,0.132375054957201,0.842512365952015,0.94769256508719
"gene-LOC134717516|LOC134717516",13.7605724773659,-0.116744080653043,0.232492545923265,0.0437504993759596,0.25469928440654
"gene-LOC134717555|LOC134717555",991.529222835564,0.0467368029087934,0.187607260248986,0.336419268759513,0.669356126128979
"gene-LOC134717588|LOC134717588",69.7657532440154,-0.13435243406046,0.122656532154172,0.160900431322352,0.465616779072289
"gene-LOC134717636|LOC134717636",1707.4914274573,0.0317188223132522,0.185045142591233,0.448558921398829,0.753339701516911
"gene-LOC134717686|LOC134717686",660.643507242741,0.00936975009762818,0.179645899117104,0.849038341273872,0.949567149848377
"gene-LOC134717762|LOC134717762",17.8563226383566,-0.129468782298424,0.193328452120574,0.189780427316441,0.513624629479392
"gene-LOC134717773|LOC134717773",200.68032360591,-0.0196219061686889,0.0871973765707565,0.799394680647724,0.929028186366712
"gene-LOC134717816|LOC134717816",187.783822760073,-0.0122595961892275,0.185777707383718,0.480212764020868,0.768172148140259
"gene-LOC134717828|LOC134717828",16442.3184223512,-0.000744419244646371,0.155431126294066,0.990504759721014,0.995684938756164
"gene-LOC134717829|LOC134717829",4610.02078872345,0.0100968616821499,0.158276911544702,0.895892756755174,0.967916535971467
"gene-LOC134717830|LOC134717830",4906.84811650925,0.00303149203897851,0.155521174720274,0.977817579956624,0.992206620821689
"gene-LOC134717831|LOC134717831",5393.40051343143,0.00552112287405978,0.15939684554305,0.949429150440549,0.984494493039383
"gene-LOC134717884|LOC134717884",15.2849042548496,0.0395141412933114,0.172956313938468,0.589243307610342,0.828775874982849
"gene-LOC134717897|LOC134717897",12.0385826856812,0.162010974047764,0.214997279850912,0.12538562073331,0.406848766697509
"gene-LOC134717898|LOC134717898",121.159035131861,0.0397601982853879,0.140834495333875,0.672638179685199,0.874831740074501
"gene-LOC134717931|LOC134717931",13.7363219232849,0.0550924582967238,0.168566811803997,0.511029994573968,0.784619510158629
"gene-LOC134718010|LOC134718010",38.710246120194,0.519258193472551,0.176015037547657,0.000309074276411956,0.0144710161212367
"gene-LOC134718014|LOC134718014",73.7804709598605,-0.0221562341225842,0.144074573249837,0.808103469940959,0.933183833114429
"gene-LOC134718015|LOC134718015",47.9620939898317,0.0158672310229451,0.157217414593952,0.852700007233672,0.950561841435073
"gene-LOC134718034|LOC134718034",10.4744459318377,0.0783672015574263,0.175649457829245,0.365958887292032,0.694456667389193
"gene-LOC134718037|LOC134718037",48.7062897333567,-0.00473007989370288,0.114218790665229,0.94580844988004,0.98435236790023
"gene-LOC134718105|LOC134718105",8.45347514033011,-0.0987217033421472,0.186389611698961,0.267413978317039,0.602836943712239
"gene-LOC134718149|LOC134718149",19.038136024862,-0.0447619407654983,0.16056518854588,0.605281556897211,0.838258720435576
"gene-LOC134718200|LOC134718200",3151.50223941964,0.427643490601115,0.236919106640908,0.00691675778847645,0.0937291259499666
"gene-LOC134718202|LOC134718202",10.1832174652153,0.00459318660473516,0.178618169764561,0.928344566976715,0.978198919183154
"gene-LOC134718208|LOC134718208",10.9916039756256,0.00149397465624247,0.165937668806778,0.984023774492801,0.993633382232724
"gene-LOC134718223|LOC134718223",283.005608797745,0.115947109291161,0.212894982611484,0.150045703829147,0.448969201461732
"gene-LOC134718224|LOC134718224",1834.89931153118,-0.104029633692194,0.193157661390775,0.230020386543179,0.566251736876097
"gene-LOC134718225|LOC134718225",19.169797149377,0.181783863644883,0.18944504614541,0.108178700549835,0.381019677617619
"gene-LOC134718261|LOC134718261",51.3838228519658,-0.0757975592016282,0.125276581597125,0.423402237746503,0.734567682779207
"gene-LOC134718276|LOC134718276",22.9717321791558,-0.0855600291351229,0.137581446610181,0.380756708961162,0.704597669686427
"gene-LOC134718286|LOC134718286",26.5876387631036,-0.558186237378327,0.496332222744662,0.00893616148291168,0.108964479918509
"gene-LOC134718400|LOC134718400",36.9337846646278,0.735647623458694,0.296053802052283,0.000727872510417361,0.0241653673458564
"gene-LOC134718427|LOC134718427",16.3384878151123,0.111164701723811,0.171297681740191,0.264757038065654,0.599943334691713
"gene-LOC134718428|LOC134718428",95.2077016447265,0.209035792264546,0.137369714146608,0.0471263077281756,0.263691113210887
"gene-LOC134718429|LOC134718429",10.1111192078058,0.00814337747599879,0.178479208638952,0.874826512395182,0.959851711962507
"gene-LOC134718433|LOC134718433",20.4987588012475,0.0262188576781013,0.172827651738124,0.703408465713452,0.889490206643187
"gene-LOC134718434|LOC134718434",40.2817898786599,0.2122074276432,0.220253526954304,0.0771188471255112,0.333376077707712
"gene-LOC134718435|LOC134718435",52.9944170446555,-0.0039470677761697,0.171978902570838,0.949982213283676,0.984494493039383
"gene-LOC134718440|LOC134718440",231.833947204642,-0.0607748410720079,0.140974401702818,0.522802275616719,0.793351473304905
"gene-LOC134718451|LOC134718451",7.73600069221563,-0.00878240452733323,0.181381286124162,0.830177827294066,NA
"gene-LOC134718452|LOC134718452",14.7779273643043,-0.05259098333087,0.147782956560132,0.573744546207623,0.820634111389297
"gene-LOC134718457|LOC134718457",21.5760589094135,-0.133226159937526,0.191700025247408,0.184872336820165,0.506564714363855
"gene-LOC134718460|LOC134718460",21.7972529261136,0.102811095764219,0.165069422570103,0.297211571182161,0.632493649518168
"gene-LOC134718464|LOC134718464",22.3815874434257,0.0181044539156009,0.157794156018818,0.828809642523708,0.943316813472115
"gene-LOC134718465|LOC134718465",56.727991505643,0.0076565320315628,0.110574466416443,0.932009173622184,0.978917889579585
"gene-LOC134718466|LOC134718466",34.1876241237569,-0.00660853142238538,0.129470765339606,0.94239475743104,0.983040746683278
"gene-LOC134718469|LOC134718469",20.9337850327474,-0.0782372390295209,0.176447624501256,0.363124237481066,0.691787323120926
"gene-LOC134718471|LOC134718471",35.7402468791629,-0.0924627428256199,0.173644585316461,0.320401717208515,0.656654169376677
"gene-LOC134718473|LOC134718473",15.6969054793049,-0.0971053761034099,0.206181247340935,0.158096095193434,0.462558605002208
"gene-LOC134718484|LOC134718484",69.4925113832968,0.100397086091483,0.126159356994192,0.295059609388866,0.631073319758793
"gene-LOC134718485|LOC134718485",18.3013548541369,0.178361450973562,0.225950558593213,0.103017739356806,0.375844939191863
"gene-LOC134718486|LOC134718486",20.3350253274719,-0.00336134127782444,0.182121609081901,0.928018720945924,0.978198919183154
"gene-LOC134718490|LOC134718490",191.701843644655,0.0756901008555586,0.150162098021933,0.433221279860217,0.742438414340246
"gene-LOC134718500|LOC134718500",64.5325923583848,0.0468521799626261,0.105627074465715,0.590903346787262,0.829072740375486
"gene-LOC134718501|LOC134718501",29.3290005633761,-0.0544019096770231,0.193415795956375,0.168323529268985,0.479311913364781
"gene-LOC134718515|LOC134718515",34.8809381131428,-0.173913585324594,0.176649198777382,0.11662857861783,0.392018011148012
"gene-LOC134718516|LOC134718516",14.1119303821492,0.0596603239344669,0.172106890870165,0.468204751105368,0.763108981909643
"gene-LOC134718517|LOC134718517",104.426657780957,0.0726815621772563,0.149604961001067,0.450251727892247,0.754536884481202
"gene-LOC134718519|LOC134718519",54.7179303584871,0.711411822988256,0.257128406639744,0.000352519113094413,0.0152252236789402
"gene-LOC134718520|LOC134718520",26.6977058915578,-0.72060258620597,0.22518076330716,8.87639160746837e-05,0.00668383137123185
"gene-LOC134718527|LOC134718527",8.03864207648013,-0.0414035500269159,0.179562716896128,0.50965184223648,NA
"gene-LOC134718530|LOC134718530",35.6157555718045,-0.0172749150247479,0.119228084410076,0.850167778561009,0.949567149848377
"gene-LOC134718538|LOC134718538",33.8395843613918,0.0924811694684946,0.207822965495045,0.133649961268617,0.422388378922419
"gene-LOC134718548|LOC134718548",85.5887158377804,0.132734454491513,0.158274931390728,0.202800900325413,0.532252165280926
"gene-LOC134718551|LOC134718551",15.1378481088942,-0.0789884684592168,0.167869447355623,0.387453560782914,0.710153276777517
"gene-LOC134718553|LOC134718553",46.4071094588041,0.208802206894658,0.152838477667444,0.0589159802143408,0.291546286914326
"gene-LOC134718562|LOC134718562",7.85724918385883,-0.0197178936991581,0.182923564898621,0.620643497821162,NA
"gene-LOC134718570|LOC134718570",7.84051119483356,-0.00750866399912755,0.182320876244943,0.836852558978692,NA
"gene-LOC134718571|LOC134718571",8.82333147228502,-0.00166061789089108,0.178205060912212,0.972511392264984,0.991453324438967
"gene-LOC134718580|LOC134718580",21.3056034662688,-0.804088735485612,0.376641317423601,0.00135892957391251,0.0351785046481171
"gene-LOC134718591|LOC134718591",9.62246963256091,0.0158233205947044,0.1813048816166,0.721612998415869,0.89893416528748
"gene-LOC134718603|LOC134718603",8.71064435076864,-0.0888443194901404,0.209391895236608,0.0913842093353734,0.357126947557821
"gene-LOC134718610|LOC134718610",35.6797847771051,0.00797695993822585,0.171063350421623,0.905983840292324,0.972561136022213
"gene-LOC134718611|LOC134718611",20.9529153016244,-0.0798093919982429,0.188251755673283,0.294631684695456,0.630527343983478
"gene-LOC134718615|LOC134718615",12.7770108750986,-0.0415482636886524,0.179603272660711,0.508829446875314,0.783573746569111
"gene-LOC134718619|LOC134718619",40.7669638520183,-0.165742469711672,0.185306549478055,0.130033516077071,0.415288500842557
"gene-LOC134718621|LOC134718621",17.6054301140179,-0.00766002855832872,0.167493540471067,0.915356825563472,0.973951058977618
"gene-LOC134718623|LOC134718623",136.552483579221,0.062585456834225,0.120507024408588,0.501596785297015,0.779171186688516
"gene-LOC134718624|LOC134718624",116.662870850973,0.202528259946325,0.178284538706474,0.0800371177707711,0.338893396056645
"gene-LOC134718625|LOC134718625",14.3157923087378,-0.0378509365609557,0.174272680822628,0.590148473881521,0.82884347668173
"gene-LOC134718629|LOC134718629",23.426772638482,-1.27267535501045,0.518338160167808,0.000467299368842747,0.0187535966485023
"gene-LOC134718642|LOC134718642",9.20639713673963,0.0412530273271067,0.182805710650857,0.462862282464943,0.761580199771773
"gene-LOC134718643|LOC134718643",33.861625280205,0.157747959024208,0.229533530173346,0.1123866647302,0.387211263896085
"gene-LOC134718651|LOC134718651",63.7718198624206,0.0640927617796271,0.12041225150216,0.490330844197134,0.773849716079487
"gene-LOC134718654|LOC134718654",16.2746605466404,0.0296333057520411,0.176886800113283,0.635273368645745,0.857090187710361
"gene-LOC134718655|LOC134718655",7.93162031372777,0.0151503430339124,0.166926277948575,0.840422832251346,NA
"gene-LOC134718657|LOC134718657",12.378499509867,0.0144208693918144,0.146265802440577,0.874428808850422,0.959746743141416
"gene-LOC134718665|LOC134718665",13.9469068299629,0.00327337522416993,0.179826636628782,0.945041133522924,0.984255017717302
"gene-LOC134718671|LOC134718671",8.31312413250469,-0.0160250168757064,0.177219744546312,0.775276643482266,0.921594957636969
"gene-LOC134718672|LOC134718672",17.6618947000152,0.133742166273676,0.19821817862227,0.177574708476283,0.492973401305572
"gene-LOC134718676|LOC134718676",10.2392095512807,-0.0348413466966282,0.187656748304656,0.301946246555972,0.638213125574991
"gene-LOC134718684|LOC134718684",22.045473794813,-0.106582987760465,0.170957551502379,0.278821763879654,0.614734266040019
"gene-LOC134718690|LOC134718690",1115.37682577632,0.143839202683236,0.133616525150249,0.151542931473774,0.451657408647388
"gene-LOC134718691|LOC134718691",62.993206691708,0.040261293961075,0.1229786835538,0.665876409409845,0.873638394311296
"gene-LOC134718692|LOC134718692",42.058654842107,-0.590594774016981,0.403018036075324,0.00592652394231586,0.0848771193621079
"gene-LOC134718703|LOC134718703",30.2616553115046,0.0871114069427454,0.16050879948956,0.366453544701786,0.694853761812525
"gene-LOC134718710|LOC134718710",83.627271477072,-0.00710597691945512,0.14920718398716,0.93534522899522,0.980588711436929
"gene-LOC134718713|LOC134718713",17.8115543865136,-0.142179798092975,0.19336206422214,0.167285699706578,0.476728345944927
"gene-LOC134718714|LOC134718714",188.129096631032,0.0102202659636471,0.12509729697069,0.913213208700209,0.973951058977618
"gene-LOC134718719|LOC134718719",111.787775115871,-0.017034834566203,0.186199895802526,0.371082195843066,0.698522651067537
"gene-LOC134718720|LOC134718720",39.4570968121904,-0.271092560201469,0.237783881522386,0.0400163608235676,0.24436514994337
"gene-LOC134718725|LOC134718725",133.211796448474,0.000655432127623493,0.185132325588425,0.981515974464917,0.992729503672812
"gene-LOC134718730|LOC134718730",10.7023824526925,-0.0109424418273794,0.167047281804981,0.88127340851234,0.963451725157032
"gene-LOC134718731|LOC134718731",343.026958367653,-0.000854918859060553,0.18488901257471,0.958011799970008,0.986765553736196
"gene-LOC134718739|LOC134718739",21965.1574563981,-0.00232173331898813,0.154040157285648,0.975480054068312,0.991980289222603
"gene-LOC134718743|LOC134718743",20.5250674701611,0.101001619076486,0.158377739596841,0.308544349756037,0.643887980176598
"gene-LOC134718752|LOC134718752",1242.44168729341,0.0533215479740476,0.129356126523411,0.566379913526661,0.817156914923183
"gene-LOC134718759|LOC134718759",10.2363011818929,0.0203433689626034,0.180948797426934,0.669756635760904,0.874285257527977
"gene-LOC134718761|LOC134718761",40.174231331269,0.00755941511546001,0.152151193477874,0.929670013238538,0.978288574198663
"gene-LOC134718767|LOC134718767",18.1798433496595,0.11443081330069,0.187180680951149,0.232733471636871,0.569597666198549
"gene-LOC134718768|LOC134718768",10.3205147686572,0.0806607900159135,0.180561089659461,0.34034090476092,0.67330714202973
"gene-LOC134718769|LOC134718769",14.6296545024487,0.0190105369330412,0.149387677109317,0.832671529423189,0.944830017434723
"gene-LOC134718771|LOC134718771",48.9225058141412,0.17113383852436,0.141214188557642,0.101099250804843,0.373447129762233
"gene-LOC134718775|LOC134718775",11.8745702836417,-0.00598698654795412,0.159737262631214,0.94090473943705,0.982488404284656
"gene-LOC134718780|LOC134718780",8.40098665721366,0.00317979460511023,0.183592900106457,0.916911191692746,0.974268161786997
"gene-LOC134718782|LOC134718782",10.7935072555563,0.00541017613162837,0.184211619729598,0.839495378806761,0.94707747408349
"gene-LOC134718793|LOC134718793",18.0820554841687,-0.0265130612481287,0.177241755051425,0.657862905217822,0.868745373297953
"gene-LOC134718796|LOC134718796",9.9610381681429,-0.0478412641248267,0.186742892366588,0.354908276951425,0.68685164731574
"gene-LOC134718802|LOC134718802",13.1378086444258,0.0133070894140542,0.161880890507672,0.869301244601067,0.958156649312102
"gene-LOC134718807|LOC134718807",24.1150325981598,0.00776689553168073,0.155044273402436,0.929047905582357,0.978198919183154
"gene-LOC134718809|LOC134718809",28.6523459066264,-0.0070427361833915,0.178681792614345,0.885202390664346,0.964901063575253
"gene-LOC134718815|LOC134718815",48.8573834399702,-0.0592940412845284,0.142803104229493,0.532734813158743,0.799275273011181
"gene-LOC134718817|LOC134718817",9.59875610468535,-0.0585052237475931,0.172765114519142,0.467474514564423,0.762831513489397
"gene-LOC134718819|LOC134718819",15.9741116936054,-0.0398480596240362,0.183120446306932,0.460498255021545,0.760652977325952
"gene-LOC134718820|LOC134718820",13.6006449789416,0.00197229568081831,0.181862310427801,0.962891841205243,0.988330804969519
"gene-LOC134718822|LOC134718822",92.0235518433584,-0.13173161326172,0.135068419738371,0.186708828080644,0.509413315195933
"gene-LOC134718823|LOC134718823",37.801331626231,-0.0173824208991479,0.170182443340829,0.80309690742317,0.930344141446287
"gene-LOC134718833|LOC134718833",30.3749024135795,0.115467014903434,0.174420115987447,0.248270686831419,0.585394060688682
"gene-LOC134718844|LOC134718844",57.1989726494563,-0.567547553328743,0.269967359774094,0.00225600891631607,0.047274075740722
"gene-LOC134718845|LOC134718845",25.8913089170977,-0.0901161792550852,0.218046928313643,0.0288837513823599,0.204245113808884
"gene-LOC134718846|LOC134718846",12.381690322881,-0.0536418205501628,0.192948267313419,0.179233967414418,0.495382585204624
"gene-LOC134718847|LOC134718847",13.0170949273661,-1.43554867588945,0.761694846780904,0.019771456113183,0.168741264440729
"gene-LOC134718850|LOC134718850",65.0418101048152,0.22896709626574,0.138489905385893,0.031768606016296,0.215144211213378
"gene-LOC134718856|LOC134718856",22.5902441235223,-0.0936396943176099,0.155136171062291,0.340899835918605,0.673876776536059
"gene-LOC134718859|LOC134718859",210.908383183435,-0.1262150603103,0.194347755811766,0.192483753752847,0.516875491695144
"gene-LOC134718860|LOC134718860",76.6312719924153,-0.00977683436780887,0.119193012418284,0.914224951272705,0.973951058977618
"gene-LOC134718865|LOC134718865",75.2488946782453,0.0145569793402889,0.176241418572381,0.805203699369182,0.931160199523829
"gene-LOC134718867|LOC134718867",121.259880201358,0.0766197502072738,0.102601175637105,0.376411721842215,0.702008136182163
"gene-LOC134718874|LOC134718874",11.4779850410273,-0.272955164385392,0.298800731477061,0.0403513179518067,0.245350084699291
"gene-LOC134718876|LOC134718876",38.1914660973766,-0.0261995454120307,0.123594935858402,0.776961590082119,0.921617126274472
"gene-LOC134718879|LOC134718879",9.89026107068416,0.0753912417433511,0.16686601642975,0.409585552250159,0.725781825426142
"gene-LOC134718880|LOC134718880",32.0839125759834,0.030465236758723,0.156270091331366,0.728051954064943,0.901491104002674
"gene-LOC134718887|LOC134718887",10.3068661588497,-0.148105281619877,0.240312406575422,0.0889899310560208,0.352120897320651
"gene-LOC134718888|LOC134718888",53.1689675613462,-0.169112205075667,0.126549729414846,0.0868170648427933,0.349457678103089
"gene-LOC134718919|LOC134718919",11.886992254992,-0.04900776680765,0.184746950177119,0.393499668292377,0.715133510128769
"gene-LOC134718932|LOC134718932",106.632025038084,0.0760506436564195,0.12145007778182,0.41702558072862,0.731628477305431
"gene-LOC134718937|LOC134718937",56.2086563455583,-0.0207184002274213,0.113288770484764,0.817288972444534,0.937860797680614
"gene-LOC134718943|LOC134718943",37.1561524492516,0.11609245611296,0.13826266706865,0.2457131583953,0.583828532504642
"gene-LOC134718944|LOC134718944",19.6637842570063,0.074010126236465,0.153002250287954,0.439292141781023,0.747110480131186
"gene-LOC134718948|LOC134718948",12.4970791766615,-0.0308696662002938,0.158636764128589,0.717417445149939,0.897160554132699
"gene-LOC134718953|LOC134718953",8.63957607648672,-0.0667128459611147,0.187794092835195,0.3198967772767,0.656408764734919
"gene-LOC134718954|LOC134718954",47.816459000287,-0.0318610382397064,0.122072363043058,0.72935343569553,0.901997543907916
"gene-LOC134718956|LOC134718956",82.8406020437055,-0.601945331146582,0.232419293414498,0.00065249237304566,0.0228648883194596
"gene-LOC134718957|LOC134718957",21.592812635436,-0.00240963454324814,0.14099025772656,0.978596381383654,0.992455980231354
"gene-LOC134718961|LOC134718961",55.2835161020497,0.192869922195297,0.34550448917089,0.0137788756216732,0.139342119722971
"gene-LOC134718972|LOC134718972",8.75539994470624,0.0344013837633607,0.17982985067251,0.556975117136254,0.813198673919836
"gene-LOC134718977|LOC134718977",15.3308022628583,0.0646894507962802,0.152688831833995,0.493670144002147,0.774845337800374
"gene-LOC134718979|LOC134718979",37.1107761469118,0.095445623703857,0.121061667939758,0.31105336184743,0.646661958146291
"gene-LOC134718984|LOC134718984",8.62615664822126,-0.0632719031644126,0.175768062728698,0.429236251146676,0.739420183579085
"gene-LOC134718988|LOC134718988",31.1854875678198,0.350307609256485,0.304440651419371,0.0230536933249178,0.182143950757673
"gene-LOC134719007|LOC134719007",41.5691024887509,0.0514911420256256,0.131977212622039,0.586728766307054,0.827150532543278
"gene-LOC134719009|LOC134719009",8.86181605668348,0.0259645797121213,0.186311766756856,0.380431544310881,0.704597669686427
"gene-LOC134719019|LOC134719019",16.6162330511889,-0.00941692996532942,0.150579641472673,0.914296738784854,0.973951058977618
"gene-LOC134719022|LOC134719022",28.4226511705912,-0.143566242990826,0.17340606202043,0.174754800497718,0.487923953683231
"gene-LOC134719023|LOC134719023",16.3145127446833,0.0944467870137567,0.156001957280231,0.337712094323983,0.671197044065952
"gene-LOC134719024|LOC134719024",76.3805441757901,0.115698759459523,0.139854461114402,0.248458878589487,0.585394060688682
"gene-LOC134719034|LOC134719034",15.518481018433,-0.144146637790002,0.2076663065465,0.148995071885277,0.447291411857814
"gene-LOC134719036|LOC134719036",15.6794406119362,0.0718597727404126,0.198005368632476,0.174970600102058,0.48815327087297
"gene-LOC134719044|LOC134719044",15.6206832706425,-0.285628322656125,0.287541824229527,0.0369516301633912,0.233271138040976
"gene-LOC134719056|LOC134719056",79.9493656002582,-0.158402633354304,0.14504314716118,0.126886464992909,0.409716507651727
"gene-LOC134719058|LOC134719058",49.2691096105491,-0.0201713635417725,0.152316955268124,0.818102351101396,0.938483606994309
"gene-LOC134719063|LOC134719063",36.4566799176611,0.335178538386298,0.242308816283222,0.0207676031026833,0.173554431421051
"gene-LOC134719064|LOC134719064",44.7150349375297,-0.0126414960222483,0.141165622604245,0.889833716699096,0.965876007167068
"gene-LOC134719069|LOC134719069",18.757071689314,0.0288160304646311,0.145890767501682,0.753923232775311,0.911245290781213
"gene-LOC134719070|LOC134719070",9.16556571411017,0.141887877582532,0.208082451019376,0.151942161284474,0.452051138909082
"gene-LOC134719074|LOC134719074",16.9834266818441,0.0126588100593491,0.181263414565954,0.770935932736781,0.918362331555817
"gene-LOC134719082|LOC134719082",14.4874696713713,0.0601653871818542,0.155942194445914,0.51560603191844,0.78731173499742
"gene-LOC134719085|LOC134719085",255.556203943145,-0.00247149528533564,0.0762221268722892,0.971124792137355,0.991072815997239
"gene-LOC134719091|LOC134719091",214.714175470909,-0.00103682527559413,0.180468739667058,0.976510566390998,0.991980289222603
"gene-LOC134719099|LOC134719099",17.8864398723073,0.0647541345617222,0.159256009655611,0.482756326340209,0.768733904638168
"gene-LOC134719101|LOC134719101",26.3116012501485,-0.0391687198837064,0.179998139938118,0.518105061602705,0.789205290916822
"gene-LOC134719102|LOC134719102",29.4045280522053,0.00657496653828245,0.152264527547746,0.940363002327173,0.982324280463053
"gene-LOC134719107|LOC134719107",29.4363972267812,0.00767553698181696,0.15185173481277,0.930660243444282,0.978345195468773
"gene-LOC134719108|LOC134719108",191.081467145635,0.0621781540330375,0.0961465987074256,0.445500746209114,0.750745861268743
"gene-LOC134719110|LOC134719110",15.1523224752422,-0.0318778591951355,0.187193852007103,0.928934261737293,0.978198919183154
"gene-LOC134719111|LOC134719111",398.096395453778,0.0160534187086287,0.159481706848667,0.83317518042032,0.944830017434723
"gene-LOC134719113|LOC134719113",25.2371219619164,0.0298778254861911,0.16024599510734,0.72306391998447,0.899243805817567
"gene-LOC134719117|LOC134719117",104.458662897047,-0.0741477667866467,0.150435393769247,0.439605106833146,0.747410544764734
"gene-LOC134719123|LOC134719123",10.5405653126315,0.0403794918417583,0.182273119799349,0.47715527931287,0.766288513519123
"gene-LOC134719133|LOC134719133",15.235014337953,-0.0316724720434138,0.18490067017879,0.443733614284298,0.74989475369772
"gene-LOC134719135|LOC134719135",20.5013745635646,0.196575284418858,0.180069927146406,0.0861548288048144,0.349174534800817
"gene-LOC134719136|LOC134719136",44.8806658879977,0.114207340986381,0.139299669012899,0.252890342264505,0.589303614616709
"gene-LOC134719143|LOC134719143",19.6903019504663,-0.125199881649918,0.188275152450591,0.204466737581367,0.53470284686513
"gene-LOC134719147|LOC134719147",11.0984769610005,0.0493768665429705,0.167333440848752,0.55311248221898,0.810968809659803
"gene-LOC134719196|LOC134719196",82.9785471024543,0.0518323459531867,0.155059844043714,0.572779637678346,0.820310288941694
"gene-LOC134719197|LOC134719197",7.96183162046045,0.0472868205121607,0.190615586551296,0.227843419265331,NA
"gene-LOC134719201|LOC134719201",42.0617007224683,0.140639847062148,0.13384001265127,0.161426231573159,0.466605894779594
"gene-LOC134719205|LOC134719205",60.4635893590246,-0.348103000477816,0.154520530702837,0.00401337761515648,0.0660218695970786
"gene-LOC134719232|LOC134719232",66.9984129344302,-0.0422205187310945,0.141394032259555,0.651577091229191,0.865953865311871
"gene-LOC134719243|LOC134719243",77.8192312479691,0.106470678119372,0.120095599137417,0.258339119413699,0.59336758748354
"gene-LOC134719254|LOC134719254",503.155043077302,0.112444091481675,0.0995470655232897,0.184224072325674,0.505162420955789
"gene-LOC134719261|LOC134719261",34.1023560562588,0.02552567063519,0.186134518606024,0.398279919733786,0.717599701142351
"gene-LOC134719289|LOC134719289",13.0723642539076,-0.116103928593135,0.227718442647284,0.0683770136905648,0.314240085843769
"gene-LOC134719300|LOC134719300",17.3849534659467,0.0124987303307542,0.182969678053384,0.730412669904417,0.902997609116253
"gene-LOC134719347|LOC134719347",10.5099652544111,-0.0039976573990598,0.169006117776769,0.953372751829082,0.985066427975613
"gene-LOC134719370|LOC134719370",157.197901519724,0.307525434812751,0.320023017953302,0.0324680671756922,0.217130212460442
"gene-LOC134719371|LOC134719371",32.9436611378626,0.0792304004806222,0.146910116435226,0.414747366202474,0.730673063606098
"gene-LOC134719430|LOC134719430",90.4614351542126,0.124299145329509,0.238629418102592,0.0457162348954566,0.259829035388571
"gene-LOC134719432|LOC134719432",18.9207394261929,-0.478089822021145,0.295735280374743,0.00715988625936755,0.0951380379503198
"gene-LOC134719439|LOC134719439",171.716986638318,0.258851055803343,0.235005277879952,0.0471762521347693,0.263691113210887
"gene-LOC134719452|LOC134719452",35.68166303626,-0.00180269572854839,0.185295128223057,0.849902980723339,0.949567149848377
"gene-LOC134719453|LOC134719453",2743.81696625915,0.0333469076302737,0.153015418885096,0.663406235383016,0.872251675130844
"gene-LOC134719493|LOC134719493",697.234640476759,0.0981052746436821,0.208938660897602,0.141790263838991,0.437145460449297
"gene-LOC134719498|LOC134719498",91.0264617444737,-0.0062901186276061,0.0999506262570456,0.940001319571979,0.982276445936544
"gene-LOC134719584|LOC134719584",28.470611397242,-0.00163355622658891,0.185237024137103,0.914156235487313,0.973951058977618
"gene-LOC134719585|LOC134719585",106.457046238564,0.00832821013496118,0.183297527336653,0.803949024165711,0.930888343770824
"gene-LOC134719593|LOC134719593",19.4683482588824,0.258073230938135,0.222335608216937,0.0453666754680199,0.25915206108131
"gene-LOC134719597|LOC134719597",782.791142902362,0.0203232195123634,0.145074452326081,0.807961527751244,0.933167457099159
"gene-LOC134719604|LOC134719604",14.2491030919972,-0.0114031239881621,0.174675900674717,0.850358747768717,0.949567149848377
"gene-LOC134719614|LOC134719614",208.583748135468,0.309818480993277,0.181252660096206,0.0156327733123658,0.14790385527658
"gene-LOC134719631|LOC134719631",277.88110258981,0.0669156060630514,0.15898592911686,0.471237924798868,0.764562660138496
"gene-LOC134719644|LOC134719644",105.354466108497,0.0523028652224089,0.123116998645355,0.575532717455522,0.821033392245143
"gene-LOC134719661|LOC134719661",9.93944050998232,0.012220711858054,0.183835357542989,0.699487545259396,0.887788409365875
"gene-LOC134719672|LOC134719672",104.098899661158,-0.0342356417484665,0.186624043279472,0.360808969317148,0.689340494871162
"gene-LOC134719690|LOC134719690",33.2571283684078,0.0318465263621158,0.18826965558521,0.229661101106448,0.565912643645673
"gene-LOC134719750|LOC134719750",9.60883241385032,-0.0845482996317442,0.180067136416969,0.327284369811458,0.663371777282146
"gene-LOC134719757|LOC134719757",870.339737245527,0.00224809112954658,0.185119369708801,0.91497031697901,0.973951058977618
"gene-LOC134719772|LOC134719772",26.9438088785437,0.0162680664413121,0.139136199966145,0.861417952909771,0.9535915016752
"gene-LOC134719775|LOC134719775",10.0440044514057,0.162847083934679,0.265527449619131,0.0593380476433783,0.292248887381817
"gene-LOC134719782|LOC134719782",841.127479821084,0.0192878670361563,0.183723064475826,0.602187678681773,0.837306109531757
"gene-LOC134719783|LOC134719783",228.498759644526,0.0119515819488371,0.178625001638309,0.818663738762738,0.938813435620649
"gene-LOC134719817|LOC134719817",17.1424508245692,-0.152600467095926,0.211050239051306,0.135688913898252,0.4264025707202
"gene-LOC134719827|LOC134719827",20.7694835945404,-0.0726202108504939,0.139728329728531,0.450339488998698,0.754536884481202
"gene-LOC134719838|LOC134719838",50.6367462181061,0.039143660040787,0.145582440264129,0.673197911243104,0.874831740074501
"gene-LOC134719860|LOC134719860",13.5004283654484,-0.0136732453990848,0.179160728474323,0.783464099700168,0.924419648880597
"gene-LOC134719876|LOC134719876",25.1190409554451,-0.0785860784512226,0.14717541290529,0.417762940033769,0.731684880296006
"gene-LOC134719944|LOC134719944",16.3841591224117,0.175155140357358,0.258524834951971,0.0771365787686246,0.333376077707712
"gene-LOC134719970|LOC134719970",23.6739458760112,0.140501921417849,0.212625461912198,0.147356531887617,0.444778873769144
"gene-LOC134720002|LOC134720002",53.5976759028005,-0.00925905311784684,0.183530141099643,0.765340119154282,0.915885611020874
"gene-LOC134720077|LOC134720077",110.787946238346,0.151136680467735,0.147080175815867,0.147959493572316,0.445647893217401
"gene-LOC134720163|LOC134720163",117.678529822946,-0.129460247031835,0.224788508803954,0.113016098912027,0.387866075345669
"gene-LOC134720164|LOC134720164",20.2519184515233,0.0192947694308342,0.179360242490163,0.711405455860257,0.894157849645501
"gene-LOC134720180|LOC134720180",21.1216413423683,0.0465137972812604,0.171311146505811,0.550500384582,0.8106562114893
"gene-LOC134720222|LOC134720222",68.051743425363,-0.124873433995734,0.137449522488262,0.211453361883923,0.54248519676859
"gene-LOC134720355|LOC134720355",18.3371621818874,0.138416135296888,0.175788479793683,0.186185954915586,0.508374659702221
"gene-LOC134720381|LOC134720381",39.3420951649837,0.120002394695833,0.133417742494242,0.225772240078428,0.561088955948566
"gene-LOC134720423|LOC134720423",28.9199468357375,0.190252632404572,0.227361684152001,0.0946640836705766,0.36200338593188
"gene-LOC134720439|LOC134720439",47.4420161888516,0.1961753691456,0.161148590709476,0.0781083900065739,0.33556756660653
"gene-LOC134720487|LOC134720487",10.8243857472679,-0.204720455465529,0.233401589365493,0.0803039766668123,0.339433012485183
"gene-LOC134720503|LOC134720503",34.0263317082367,-0.0198449474641717,0.145486876663133,0.827012918486878,0.942503098241247
"gene-LOC134720549|LOC134720549",8.76594137592114,0.0715143228353677,0.196510560917197,0.200273571046247,0.528467544408161
"gene-LOC134720550|LOC134720550",82.6839644132616,-0.0374229279382736,0.139874785474086,0.688630167443335,0.883032784937872
"gene-LOC134720551|LOC134720551",11.8226043361445,0.0122794786786792,0.179870300776317,0.799063597393026,0.929028186366712
"gene-LOC134720552|LOC134720552",20.4003967190157,-0.325775992037742,0.306011430203352,0.0273158946741346,0.198729057975444
"gene-LOC134720560|LOC134720560",73.626186766334,0.407866461918007,0.198482358227908,0.00463445942534902,0.0728713343579963
"gene-LOC134720561|LOC134720561",17.2720400422638,-0.0260389755590027,0.153872006597515,0.766665316002741,0.916485019326353
"gene-LOC134720563|LOC134720563",11.792473817571,-0.0178928021747074,0.181014117775861,0.695064344129433,0.885429430712772
"gene-LOC134720566|LOC134720566",20.3483464226647,-0.0516350602583265,0.154987791406197,0.570383454830076,0.818280203677845
"gene-LOC134720567|LOC134720567",8.58672879003812,0.109902437516034,0.193569145013119,0.225576886432728,0.560794274508048
"gene-LOC134720572|LOC134720572",38.055633340939,0.133611096920626,0.213096739409069,0.15055701984677,0.449946183699183
"gene-LOC134720574|LOC134720574",9.24057347913521,-1.19315755790898,0.716799179790043,0.00236939916953661,0.0484404818734469
"gene-LOC134720576|LOC134720576",15.6554228995978,-0.0398525086478709,0.138102959356897,0.671026553535094,0.874285257527977
"gene-LOC134720579|LOC134720579",15.0560813166441,0.113087565912684,0.197263565027393,0.208421830795058,0.539383640633099
"gene-LOC134720581|LOC134720581",6.09607693819165,-0.0123516830126642,0.18371959960963,0.698114095376754,NA
"gene-LOC134720582|LOC134720582",48.1087940894353,-0.303095703023446,0.222944821227108,0.025409818638863,0.190959403828814
"gene-LOC134720583|LOC134720583",15.5764035247954,-0.00973315650190723,0.139983880821937,0.915376275773387,0.973951058977618
"gene-LOC134720586|LOC134720586",14.7748849085813,-0.0876011696386972,0.163107570618736,0.36025650671996,0.6890058981625
"gene-LOC134720591|LOC134720591",6.24061146232422,-0.00604440370077189,0.183532722026208,0.84099042916425,NA
"gene-LOC134720593|LOC134720593",10.9066072018775,-0.112150066603961,0.185763826082977,0.237603868615744,0.574845530430404
"gene-LOC134720594|LOC134720594",7.60463977308879,-0.0259350585593527,0.185151950917588,0.459984573713112,NA
"gene-LOC134720598|LOC134720598",60.4022145441378,0.23917458096552,0.187683029596269,0.0490668369069239,0.267450878185203
"gene-LOC134720601|LOC134720601",8.84857557541245,0.0334054360875882,0.184576481657803,0.455268370167928,0.758400455843207
"gene-LOC134720603|LOC134720603",71.4346296115551,-0.128062443890033,0.168637515584306,0.213664803346217,0.544714737745469
"gene-LOC134720605|LOC134720605",12.0804904583064,-0.113931989173834,0.170167053124614,0.255761322719664,0.591123463119752
"gene-LOC134720606|LOC134720606",33.373066292347,0.179527265563377,0.153816517506067,0.0970661747880911,0.366582906231757
"gene-LOC134720607|LOC134720607",9.03924264550535,-0.0142331703774391,0.18325459882034,0.68552674168645,0.881738598006672
"gene-LOC134720609|LOC134720609",24.936716983789,-1.11449607268221,0.536322676798047,0.0010827179495901,0.0312575964577317
"gene-LOC134720610|LOC134720610",55.0821933475698,-0.0319248654687027,0.117608332119759,0.726316498883564,0.901095292296052
"gene-LOC134720611|LOC134720611",16.6465945232036,-0.655361280049901,0.41343689115453,0.00464098830677554,0.0728713343579963
"gene-LOC134720613|LOC134720613",94.8956665895326,0.0071371309437645,0.127136272319037,0.939611431279206,0.982276445936544
"gene-LOC134720616|LOC134720616",143.96743221862,-0.450900633083569,0.148052092485588,0.00027476985510009,0.0135602636598044
"gene-LOC134720617|LOC134720617",81.4529782545383,-0.0218888962272288,0.121093063276097,0.811454547711882,0.935302339935327
"gene-LOC134720620|LOC134720620",11.0714665325113,-0.0113210990732642,0.184693062340841,0.655619884986253,0.867823059068429
"gene-LOC134720622|LOC134720622",8.07232362299217,-0.0342905650989372,0.182880029233258,0.495680005540975,NA
"gene-LOC134720623|LOC134720623",10.3126264238473,0.272951986063475,0.345598740748685,0.0367093433227333,0.232949646941133
"gene-LOC134720628|LOC134720628",19.2133034115279,0.105409839277115,0.193914564816757,0.229212691632005,0.565406788139199
"gene-LOC134720632|LOC134720632",15.2422928697539,-0.00435331571718377,0.179478030843497,0.924368060849665,0.97724687480537
"gene-LOC134720636|LOC134720636",12.3631915849474,-0.0129459699607991,0.156180828211389,0.878675499413637,0.96225707753286
"gene-LOC134720645|LOC134720645",8.41439226967139,0.0179543315488216,0.182508901864969,0.660758146232018,0.870679686104756
"gene-LOC134720651|LOC134720651",1296.09177094817,0.0851555995807004,0.119151788845336,0.362855678771662,0.691622619454129
"gene-LOC134720653|LOC134720653",9.90269385032071,0.0341378643661792,0.184493822130458,0.454679438581877,0.757873557028011
"gene-LOC134720658|LOC134720658",65.2195953133844,-0.226484940609934,0.18255761713485,0.0561902239301627,0.287021888097267
"gene-LOC134720663|LOC134720663",62.7219718939879,1.3010223944835,0.231326848348647,1.0706782869918e-09,7.2983503991384e-07
"gene-LOC134720669|LOC134720669",26.8612162824603,-0.00426740491630538,0.17189036966596,0.946681533673098,0.984382904200939
"gene-LOC134720671|LOC134720671",50.5670527659745,-0.196521710373064,0.144161032359038,0.0651035358284715,0.307001835508482
"gene-LOC134720673|LOC134720673",228.287192039411,-0.639059363289149,0.30325027309136,0.00183096178811767,0.0416482573348385
"gene-LOC134720677|LOC134720677",15.7819289445262,0.0357204636674483,0.166135697920317,0.655994901839086,0.868004848375486
"gene-LOC134720678|LOC134720678",154.943677134922,0.0129858263386727,0.124954967821461,0.889508915470846,0.965876007167068
"gene-LOC134720679|LOC134720679",12.6154921591469,0.00645852430953984,0.176994371570023,0.907764249444143,0.973283642470783
"gene-LOC134720681|LOC134720681",104.828667544301,0.108211303250703,0.125899221352932,0.260513299544668,0.596485623785032
"gene-LOC134720688|LOC134720688",8.61544554328821,-0.0367257752012199,0.17509255321269,0.591978074687012,0.829713415244029
"gene-LOC134720690|LOC134720690",12.7088051917923,-0.198687118748965,0.221885165167406,0.0872062384598747,0.349590760543867
"gene-LOC134720692|LOC134720692",23.789978454003,0.0128447963607936,0.128271585096575,0.89052670642653,0.966192374292837
"gene-LOC134720694|LOC134720694",24.1169101358773,-0.0305787946025433,0.141660372264115,0.741464743409711,0.905785755552463
"gene-LOC134720695|LOC134720695",25.1639916451408,0.0634184097751886,0.127058832986308,0.505730931081847,0.781954301506324
"gene-LOC134720696|LOC134720696",38.0232689782754,0.86245917154654,0.419994826085011,0.0016957396146792,0.0400831137398606
"gene-LOC134720697|LOC134720697",51.9420207591305,0.0409764853519643,0.144516502571807,0.661463802645386,0.87098100135603
"gene-LOC134720698|LOC134720698",30.359294696853,0.0407260854542755,0.137568206392814,0.665927276256805,0.873638394311296
"gene-LOC134720706|LOC134720706",24.9802981504481,0.0580380998544199,0.132773836699135,0.542205273309352,0.803977469425458
"gene-LOC134720708|LOC134720708",14.8161682729589,-0.0752014049239365,0.18940991308682,0.291900805366766,0.627440695232155
"gene-LOC134720709|LOC134720709",9.69591165118053,-0.010000634424388,0.18196747890953,0.797139497036373,0.928511095105415
"gene-LOC134720710|LOC134720710",7.21131592363663,0.0125822813030948,0.184489238882918,0.653307244031093,NA
"gene-LOC134720716|LOC134720716",41.9733489065815,0.119222716557611,0.156276924678882,0.243602422892278,0.582413124977151
"gene-LOC134720724|LOC134720724",9.18191175806604,0.00387097037104764,0.180203932969252,0.933002044599858,0.979115938758242
"gene-LOC134720728|LOC134720728",19.7742391226437,0.0511211203761349,0.151845457879011,0.57992854957497,0.822792030282288
"gene-LOC134720730|LOC134720730",7.05703208603165,-0.00390646776311136,0.180004809279146,0.929902099067655,NA
"gene-LOC134720731|LOC134720731",20.9536700579467,-0.225319427171706,0.174042682732185,0.0546226696981905,0.282552393396306
"gene-LOC134720736|LOC134720736",11.333982998407,-0.0164089268135016,0.147209030789065,0.855325445102187,0.951606557658245
"gene-LOC134720738|LOC134720738",74.6171239644196,-0.272369193833464,0.145987050834374,0.0152388697442754,0.146261109871469
"gene-LOC134720741|LOC134720741",36.1983129216402,-0.103751123318757,0.15808579209731,0.296956067443191,0.632493649518168
"gene-LOC134720742|LOC134720742",9.65417000997338,-0.0623503537924509,0.171641852777109,0.455712538844178,0.758889797495192
"gene-LOC134720743|LOC134720743",51.8036935238773,0.140615585475612,0.144462868340154,0.172016998560915,0.483602529346774
"gene-LOC134720744|LOC134720744",54.8724282395963,0.160723156239352,0.118040272215739,0.090535781408794,0.354950803762658
"gene-LOC134720746|LOC134720746",246.111276506441,1.25902738352982,0.243040900543493,1.26598491974288e-08,6.16450256920131e-06
"gene-LOC134720751|LOC134720751",7.92580771864895,-0.0053132482331069,0.177284834848395,0.920863074885282,NA
"gene-LOC134720754|LOC134720754",15.5621451534057,0.0417233672165152,0.172752307958964,0.574377598224261,0.820634111389297
"gene-LOC134720755|LOC134720755",23.9475216397365,-0.00575449832740699,0.13439103798221,0.950025171956845,0.984494493039383
"gene-LOC134720756|LOC134720756",36.890141441575,0.0517682445926158,0.15808886708047,0.565079678804531,0.817009237008096
"gene-LOC134720762|LOC134720762",621.656854951868,0.250120004196906,0.109140776146434,0.00708494255991486,0.0950711026022949
"gene-LOC134720764|LOC134720764",15.9977404128743,0.132565299881863,0.189766492282965,0.190827407281225,0.514128875980105
"gene-LOC134720765|LOC134720765",125.190930551934,-0.00119756855280191,0.0949947223481131,0.987723254740223,0.994257256425384
"gene-LOC134720769|LOC134720769",145.47762133797,-0.0110149506717531,0.107707907449344,0.899457650729005,0.969207475356932
"gene-LOC134720772|LOC134720772",944.061023311903,0.0650834885437295,0.109049344146526,0.462314622859335,0.761385796023582
"gene-LOC134720778|LOC134720778",26.676926981046,0.0725710850487671,0.171180981802556,0.406959322538418,0.724003575020308
"gene-LOC134720782|LOC134720782",14.1514998917576,-0.190307097853584,0.24017307671549,0.08691791028296,0.349457678103089
"gene-LOC134720787|LOC134720787",10.3098903489044,0.0265150955858264,0.151156541758362,0.767518410733031,0.916642133933614
"gene-LOC134720788|LOC134720788",27.9211595992178,0.141884611521097,0.16502849765008,0.178886377340701,0.495106517656871
"gene-LOC134720789|LOC134720789",247.2474024779,0.0398548898576845,0.108557333175904,0.636048557986768,0.857369772409951
"gene-LOC134720790|LOC134720790",18.1192879403081,0.0303818707645305,0.177011143397242,0.628163586178496,0.852966505567528
"gene-LOC134720791|LOC134720791",6.4909597619723,-0.00731209192940622,0.183585110148568,0.809238014184573,NA
"gene-LOC134720796|LOC134720796",25.0666332744582,0.275812704547025,0.282864311921839,0.0413079132328424,0.248844211473896
"gene-LOC134720797|LOC134720797",35.0764085337624,0.14417105058272,0.142570729627289,0.160836667628032,0.465616779072289
"gene-LOC134720799|LOC134720799",22.929093651453,-0.471587620506893,0.340502441350037,0.00993177752155858,0.114963079266979
"gene-LOC134720801|LOC134720801",115.328862702436,0.286125909662297,0.19722437996397,0.0273053612349198,0.198729057975444
"gene-LOC134720802|LOC134720802",116.045358677157,-0.464859176663247,0.220881962122043,0.00314271985245637,0.0578144562494061
"gene-LOC134720803|LOC134720803",7.05293040386071,-0.00895287827251679,0.175358014104739,0.878549432316571,NA
"gene-LOC134720804|LOC134720804",21.0797845382135,-0.0194138651550417,0.151114004800425,0.826484050591934,0.94211397209184
"gene-LOC134720805|LOC134720805",10.861706774366,0.762642213446709,0.661911422502883,0.00652802227167616,0.0906476704797008
"gene-LOC134720807|LOC134720807",7.7733022081804,0.0151560123784399,0.173200890403182,0.816242360495092,NA
"gene-LOC134720810|LOC134720810",11.7256167213911,-0.0135825648490793,0.155447530406808,0.873363669667382,0.959399645548286
"gene-LOC134720812|LOC134720812",23.9399784476014,0.071235440862096,0.144282042080828,0.459874927939606,0.760652977325952
"gene-LOC134720814|LOC134720814",16.2293628231408,-0.0010679706452001,0.146719203798552,0.989803860697499,0.99525432248548
"gene-LOC134720815|LOC134720815",10.7728239038601,0.0344697498638333,0.156569355526071,0.694148894810405,0.885429430712772
"gene-LOC134720816|LOC134720816",15.0114792976254,0.00446894037787831,0.173376485848952,0.944863321279329,0.984244010761101
"gene-LOC134720817|LOC134720817",28.7571867269971,0.265051746207304,0.228582958274615,0.0427905000389968,0.253190666285736
"gene-LOC134720818|LOC134720818",78.4417576645099,0.246742526708791,0.120852522978539,0.0129803975137103,0.135247964964537
"gene-LOC134720832|LOC134720832",20.1615717248188,-0.122245090381175,0.157666611631136,0.233728740931657,0.570191958505285
"gene-LOC134720833|LOC134720833",10.2598551666002,-0.073159348245097,0.165206372494112,0.424455154565695,0.735172029629556
"gene-LOC134720835|LOC134720835",12.7871842010535,-0.773669188654673,0.301675388442238,0.00055423273794898,0.0206536526427518
"gene-LOC134720839|LOC134720839",27.9286039391347,0.0543068667963118,0.133258185378618,0.56815626700342,0.817936623798694
"gene-LOC134720840|LOC134720840",17.1713445972578,0.00982119258498957,0.139111958105462,0.916163965529768,0.974043098561236
"gene-LOC134720841|LOC134720841",15.4650961878265,-0.0232808945205823,0.142195334678921,0.800081752145886,0.929061544940151
"gene-LOC134720845|LOC134720845",24.4894714144423,0.251181650648512,0.220985219856143,0.0498729231798295,0.270431945735319
"gene-LOC134720850|LOC134720850",9.87521028298365,-0.0096094997411655,0.153167975004457,0.911280318915971,0.973810014537272
"gene-LOC134720853|LOC134720853",13.612159542862,-0.0959755948435977,0.183111177722431,0.28397079140664,0.619481113212048
"gene-LOC134720855|LOC134720855",10.3390176855466,0.0246204916709968,0.160743422158076,0.767520752502878,0.916642133933614
"gene-LOC134720856|LOC134720856",11.3998359921348,-0.0832363253318623,0.198729377627564,0.199812573571821,0.528014123505274
"gene-LOC134720885|LOC134720885",9.45173355816203,-0.0589755872668921,0.161802009627689,0.509448521868229,0.784310997002749
"gene-LOC134720886|LOC134720886",7.96733895622315,0.074847901922548,0.170184244341904,0.402843393636727,NA
"gene-LOC134720892|LOC134720892",26.0227540600815,0.00848578936190951,0.142806553871342,0.927057528389633,0.978198919183154
"gene-LOC134720895|LOC134720895",14.6493511215333,-0.17363160425524,0.220401421038423,0.108716786818838,0.381396450972524
"gene-LOC134720907|LOC134720907",13.268418451908,0.0124183574802494,0.169538060564116,0.861392543258046,0.9535915016752
"gene-LOC134720917|LOC134720917",14.3926273665117,0.0465125008756426,0.16823041630253,0.56334890202142,0.817009237008096
"gene-LOC134720919|LOC134720919",21.7808436096423,0.0156404954735,0.185489209856632,0.510011794082296,0.784567427122387
"gene-LOC134720928|LOC134720928",7.61808562331174,0.00376691296718443,0.182942344357706,0.912123749987769,NA
"gene-LOC134720930|LOC134720930",64.4028234447012,-0.0948004764167583,0.164832158986408,0.326374347574778,0.662913858366568
"gene-LOC134720931|LOC134720931",30.4117598596809,0.0131318897632125,0.156299710395356,0.878677171243052,0.96225707753286
"gene-LOC134720933|LOC134720933",16.8661883896008,0.0806852163842169,0.173954217666308,0.366155230294491,0.694648779758691
"gene-LOC134720934|LOC134720934",67.6049767359839,-0.032089191420314,0.114575592407275,0.722066690264707,0.89893416528748
"gene-LOC134720935|LOC134720935",61.3611977276102,0.0958633425765053,0.1311074267821,0.320318361598792,0.656654169376677
"gene-LOC134720937|LOC134720937",34.99660734836,0.255539835093511,0.216880281616035,0.0459575725035438,0.260616544694009
"gene-LOC134720941|LOC134720941",19.3997217354651,0.12859529555626,0.178937663199945,0.210033654092086,0.540932937055216
"gene-LOC134720943|LOC134720943",38.7691472842944,0.228130810581253,0.240290144294598,0.0642910167677574,0.305121238773034
"gene-LOC134720946|LOC134720946",17.0822036340701,0.0161142008930105,0.175552365906528,0.790097216749455,0.926871353852715
"gene-LOC134720947|LOC134720947",11.1884072790769,-0.120709833450131,0.223234090626315,0.106237403854784,0.379940634494197
"gene-LOC134720952|LOC134720952",35.8577412026371,-1.29893096929735,0.280906535080969,1.8696017861554e-07,6.05020281439272e-05
"gene-LOC134720955|LOC134720955",17.5282632795236,0.0254805298190587,0.184501469910058,0.503611818030774,0.780309868242846
"gene-LOC134720964|LOC134720964",54.4017385801398,0.0729797306791424,0.102882898994006,0.397012021542292,0.717599701142351
"gene-LOC134720965|LOC134720965",7.50027435720806,0.0745884927331004,0.183268781447178,0.343442110562128,NA
"gene-LOC134720967|LOC134720967",32.4641905504352,0.0831596422779112,0.129481703083951,0.386694905937546,0.709811963443349
"gene-LOC134720968|LOC134720968",12.5300982524935,0.0910849378844392,0.19505417659736,0.23757825683234,0.574845530430404
"gene-LOC134720972|LOC134720972",12.4072005281617,-0.0277032484630003,0.16866744125174,0.71069957323855,0.893758554224237
"gene-LOC134720973|LOC134720973",74.20217102216,-0.249471151182879,0.173319484435908,0.0364109392389249,0.23209378225551
"gene-LOC134720974|LOC134720974",11.8161345702303,0.0345073131805866,0.180714254077107,0.542222482802547,0.803977469425458
"gene-LOC134720975|LOC134720975",22.3396841922577,0.0248086067813492,0.152224206374446,0.781105186353998,0.923469129350857
"gene-LOC134720980|LOC134720980",7.39710032362632,0.094433734924878,0.212222371063361,0.0944814931639635,NA
"gene-LOC134720981|LOC134720981",161.431079924798,0.301778162204965,0.133780763082485,0.00543991402533151,0.0794662640820428
"gene-LOC134720983|LOC134720983",11.3233880975386,0.44429385530225,0.497100000284248,0.015401222063801,0.146954520999176
"gene-LOC134720984|LOC134720984",11.6941048338116,-0.0705972747189728,0.170466501072786,0.420547407325344,0.73344753178231
"gene-LOC134720992|LOC134720992",16.3614938513108,-0.0613293750557058,0.149974967992132,0.514112129827758,0.787062459916568
"gene-LOC134720998|LOC134720998",95.1247737366135,-0.135448242504151,0.140576938106018,0.181356415357822,0.49985934255605
"gene-LOC134720999|LOC134720999",7.82299696704818,0.0272346255027508,0.1767499364571,0.660029581790276,NA
"gene-LOC134721000|LOC134721000",22.5594856094929,-0.125346727841135,0.161182890656884,0.224126441609625,0.558900488056232
"gene-LOC134721001|LOC134721001",191.059081350239,0.0432015495168372,0.0993314636413381,0.608115590305452,0.84058975616787
"gene-LOC134721003|LOC134721003",10.8558269202816,0.0411590869542862,0.173469331928823,0.574612467626613,0.820634111389297
"gene-LOC134721005|LOC134721005",95.1715979195582,0.105397772745266,0.199921997114676,0.207655868597447,0.538416210236334
"gene-LOC134721016|LOC134721016",330.145622144809,-0.604032244534972,0.183716765634135,7.70234728305529e-05,0.00611779999320052
"gene-LOC134721017|LOC134721017",410.534162184998,0.366186933299505,0.260454676483039,0.0167038586667819,0.153995756039259
"gene-LOC134721018|LOC134721018",30.2090537917956,-0.0380050788498792,0.168525080518022,0.625062023171479,0.851922563396993
"gene-LOC134721020|LOC134721020",11.7554445072036,-0.553104832095165,0.351960162848933,0.00621042432671615,0.0875693808539281
"gene-LOC134721026|LOC134721026",11.2069240436455,-0.0074496887749271,0.161944766390916,0.92472334701763,0.977308540966107
"gene-LOC134721027|LOC134721027",4053.48301352609,-0.0389207812230605,0.0911433314581692,0.622651595634883,0.850425520723292
"gene-LOC134721028|LOC134721028",56.0286876037102,0.23611252393077,0.174330436711446,0.0461274779008468,0.261377112946303
"gene-LOC134721031|LOC134721031",28.0369487168722,0.31106084922112,0.249203254419766,0.0278334213850453,0.200488471199577
"gene-LOC134721033|LOC134721033",12.4838434347093,-0.0900106321735299,0.174329817941069,0.327349406308057,0.663371777282146
"gene-LOC134721034|LOC134721034",75.9561503768297,0.155366748615621,0.157803276127412,0.14595092095053,0.442590484929448
"gene-LOC134721035|LOC134721035",15.1850055070589,-0.0203252258194232,0.165401791325443,0.791950593791461,0.927763996462669
"gene-LOC134721036|LOC134721036",14.4253329489235,-0.0519661552301303,0.191143350813527,0.233912124360338,0.570258396638154
"gene-LOC134721039|LOC134721039",24.4638590001652,0.0902469788101127,0.155699644898228,0.356912695122914,0.688451992193075
"gene-LOC134721040|LOC134721040",18.8384362928819,-0.769450972165207,0.253768274544887,0.000143636471232439,0.00969784021238205
"gene-LOC134721041|LOC134721041",30.8591095372197,-0.00149595778258469,0.177587849282482,0.974233940789523,0.991945908801517
"gene-LOC134721045|LOC134721045",6.31030652467124,-0.0260121619554065,0.185693504338162,0.426611462928122,NA
"gene-LOC134721046|LOC134721046",17.6641875906043,-0.0998231432134241,0.169065204132735,0.301569278782021,0.63771337933523
"gene-LOC134721048|LOC134721048",53.6286383873926,-0.00361254656269062,0.132355147060934,0.968214987483788,0.990333763867984
"gene-LOC134721049|LOC134721049",9.30570116219809,0.00052102951079674,0.163059578964985,0.999267546728367,0.99957277603404
"gene-LOC134721050|LOC134721050",9.80091212322963,-0.112449109155759,0.180024011414376,0.248211817223164,0.585394060688682
"gene-LOC134721051|LOC134721051",369.696901474623,0.0788500318621023,0.0911293420949311,0.322343931323069,0.658407803052091
"gene-LOC134721056|LOC134721056",43.5242017796481,0.315626962484866,0.204074888624585,0.0193355397582699,0.166934730962652
"gene-LOC134721064|LOC134721064",13.1879998292574,-0.0180862763992857,0.166067617366836,0.812302644538224,0.935302339935327
"gene-LOC134721068|LOC134721068",14.5849269596993,0.0607465292534507,0.148627169788821,0.520734915297727,0.792384962778041
"gene-LOC134721069|LOC134721069",26.7399430581381,0.0260980716678011,0.152766204329513,0.769173020959892,0.917374979983037
"gene-LOC134721072|LOC134721072",12.0152669164674,-0.107350213417737,0.213081652000018,0.132526142969228,0.42050557227088
"gene-LOC134721074|LOC134721074",91.1394352110157,0.511556701548009,0.161243187165218,0.000151845904125161,0.0097587012249406
"gene-LOC134721075|LOC134721075",89.2380024862846,0.1179273859962,0.157342070091998,0.248443943404445,0.585394060688682
"gene-LOC134721079|LOC134721079",14.3102194099029,-0.213741656137584,0.242330549618005,0.0720468589621448,0.322553925947495
"gene-LOC134721080|LOC134721080",33.8832374374002,0.0777367880793694,0.144233080042969,0.423365553286191,0.734567682779207
"gene-LOC134721084|LOC134721084",32.8723707067572,-0.305034038230156,0.182474228180803,0.0170472833019652,0.154523328884253
"gene-LOC134721090|LOC134721090",17.9072169932617,0.16510717579965,0.177524785754861,0.132524223799276,0.42050557227088
"gene-LOC134721091|LOC134721091",26.462969667468,-0.0395793893352337,0.129993363858704,0.672819311638548,0.874831740074501
"gene-LOC134721094|LOC134721094",46.0258711286145,-0.0290546570519927,0.115678197275081,0.748861162350198,0.909535699031716
"gene-LOC134721097|LOC134721097",51.6334088140463,-0.127864160837535,0.124658654265383,0.184037234411432,0.505162420955789
"gene-LOC134721098|LOC134721098",197.040032946154,-0.061209860804218,0.10542034479085,0.481760924895938,0.768703185047799
"gene-LOC134721100|LOC134721100",106.629067330105,-0.505530551986008,0.199826131692635,0.000993914745890704,0.030083479471047
"gene-LOC134721102|LOC134721102",1043.09072426263,-0.0770289935780931,0.103929995949307,0.373613673124389,0.699890810079645
"gene-LOC134721103|LOC134721103",14.6939512658429,-0.0227532266386181,0.156988049443221,0.789859945390191,0.926843462487672
"gene-LOC134721104|LOC134721104",10.0975038831671,0.477716550729763,0.595357656802835,0.0138311934281427,0.139342119722971
"gene-LOC134721105|LOC134721105",12.1479413030276,0.0395250256451156,0.168989977777217,0.612117155248666,0.844044497250567
"gene-LOC134721106|LOC134721106",74.4048394669754,-0.0266906174659769,0.15157195532665,0.768081830643834,0.916799420658332
"gene-LOC134721109|LOC134721109",10.149068004937,0.0897146034037918,0.18312124560414,0.301459691478359,0.637666257329259
"gene-LOC134721112|LOC134721112",16.7150076771513,0.0541808474315896,0.16382798464543,0.532983355679675,0.799365591352021
"gene-LOC134721113|LOC134721113",25.476089742968,-0.150016467467035,0.184881559023064,0.158841384453406,0.463137934400657
"gene-LOC134721116|LOC134721116",38.7038783635186,0.0293803283949829,0.118855415240785,0.749313196084948,0.909737962799943
"gene-LOC134721118|LOC134721118",13.7867566629315,0.109056174502402,0.176896811978167,0.262806512978538,0.597987156010979
"gene-LOC134721122|LOC134721122",9.03544995118737,0.0131710785980047,0.161425103905655,0.871535641296855,0.958767462736132
"gene-LOC134721125|LOC134721125",71.6672354554846,0.258045422657427,0.235663508214465,0.0474833171746351,0.263931747432035
"gene-LOC134721128|LOC134721128",193.035527281986,0.137228762189869,0.164747286562895,0.193070836219964,0.517825229338124
"gene-LOC134721129|LOC134721129",9.35110562746848,-0.0799738175763823,0.195031214729687,0.236556970387987,0.573262147217603
"gene-LOC134721130|LOC134721130",61.2176161018231,0.092946465728205,0.134504995303732,0.34090562558882,0.673876776536059
"gene-LOC134721132|LOC134721132",16.3646685167487,0.0470918713110603,0.186596042771311,0.363432604908943,0.691787323120926
"gene-LOC134721134|LOC134721134",10.8944033647866,0.090778853131797,0.199261841612584,0.208790804558394,0.539634832446747
"gene-LOC134721139|LOC134721139",12.8285421818409,0.0424688657315002,0.178991363681878,0.514335960311097,0.787240120308519
"gene-LOC134721140|LOC134721140",101.854495043745,-0.592271307070515,0.239282396038772,0.000891328994659762,0.028261949079437
"gene-LOC134721141|LOC134721141",7.9093752062382,-0.21161462870329,0.315837226056084,0.0445750070259743,NA
"gene-LOC134721142|LOC134721142",32.9024103116551,-0.0597246563206497,0.145652822807601,0.528689959281805,0.796461088523706
"gene-LOC134721143|LOC134721143",15.1764098479383,-0.0764196353220407,0.1798094581948,0.354146828821829,0.686488438883928
"gene-LOC134721153|LOC134721153",13.4387004834433,-0.0156733161996495,0.164056173678328,0.840265695987834,0.94707747408349
"gene-LOC134721154|LOC134721154",24.8152641189175,-0.0219733502941045,0.141515419047327,0.811362314087884,0.935302339935327
"gene-LOC134721207|LOC134721207",60.9020584017919,0.199606056247904,0.227166412900865,0.086838662518526,0.349457678103089
"gene-LOC134721209|LOC134721209",6.88422780527901,0.0347244069264192,0.185538604223271,0.415193838262833,NA
"gene-LOC134721216|LOC134721216",40.4964453924795,-0.114896678323621,0.201126672927152,0.191549177714042,0.515313146969932
"gene-LOC134721219|LOC134721219",10.46597600289,-0.0916480121050509,0.215765419046888,0.0336592803425346,0.221883920236347
"gene-LOC134721224|LOC134721224",21.7523892831545,0.0794102678082251,0.170009374055998,0.383897730597959,0.708715225210735
"gene-LOC134721225|LOC134721225",9.21321858725217,-0.00596597364869123,0.181772472854134,0.876337274134493,0.961220521141063
"gene-LOC134721226|LOC134721226",63.8483279100262,0.0948999287666166,0.130602081189882,0.327855112477163,0.663594547317411
"gene-LOC134721228|LOC134721228",8.97860511206846,-0.0344609090313548,0.179422171179968,0.56070178898815,0.815972477937726
"gene-LOC134721229|LOC134721229",161.311969190386,-0.334667347120865,0.261814199651341,0.0216311915433616,0.17652985813711
"gene-LOC134721231|LOC134721231",15.2512678058182,-0.00548368406971632,0.159567879481928,0.945794168218286,0.98435236790023
"gene-LOC134721233|LOC134721233",13.3441703467721,0.0869485428923173,0.174757358229622,0.33900929197049,0.672198574134421
"gene-LOC134721236|LOC134721236",105.516824460815,-0.1077072226551,0.159880452510414,0.281342938599209,0.616910484397665
"gene-LOC134721237|LOC134721237",9.37811342120226,0.0179516485260656,0.159508203926397,0.829393740880373,0.943392397040674
"gene-LOC134721244|LOC134721244",26.1593641748169,-0.00499156759268081,0.16072164614555,0.949779431524524,0.984494493039383
"gene-LOC134721246|LOC134721246",10.4305237153715,-0.0202520155596806,0.172912861434089,0.759128605781805,0.913937949082784
"gene-LOC134721249|LOC134721249",29.0937631160278,0.266793499868624,0.207742936425939,0.0386001381083729,0.240529824189507
"gene-LOC134721250|LOC134721250",30.7013282918089,0.166872310816114,0.165458900725273,0.126057069860449,0.407937756692055
"gene-LOC134721251|LOC134721251",34.7036890764287,-0.235417768903159,0.159642632825591,0.0396853361019121,0.243786118493159
"gene-LOC134721261|LOC134721261",78.0255247623145,0.144691391597533,0.12330670924814,0.133616615339658,0.422388378922419
"gene-LOC134721266|LOC134721266",6.53996898944255,0.0490307783661491,0.184260734510723,0.405396946331149,NA
"gene-LOC134721267|LOC134721267",219.984193044731,0.301224007403662,0.182648144753114,0.0183740686955663,0.161497229545628
"gene-LOC134721268|LOC134721268",51.020160838106,0.180760516449747,0.142196810894227,0.0861157755793552,0.349174534800817
"gene-LOC134721269|LOC134721269",36.8762301444393,0.00251077084466891,0.176620003837602,0.964540786760148,0.98891760419251
"gene-LOC134721270|LOC134721270",239.0959811343,0.0136828073746788,0.137193186127733,0.88407589988637,0.96449445448395
"gene-LOC134721271|LOC134721271",71.5963751522657,-0.0301769096118163,0.122566089425868,0.744839552620926,0.907777088660645
"gene-LOC134721272|LOC134721272",9.89443768908336,-0.010516728631527,0.182743773130671,0.767313697721924,0.916642133933614
"gene-LOC134721274|LOC134721274",38.6018613334736,-0.0852819434666318,0.137078104161159,0.380625702996429,0.704597669686427
"gene-LOC134721276|LOC134721276",11.4332188984882,0.44206190741123,0.482549011599816,0.0153490838630542,0.146932776586825
"gene-LOC134721279|LOC134721279",38.2416235013824,0.226800443598456,0.178623119673936,0.0556523601385802,0.286055480965651
"gene-LOC134721280|LOC134721280",58.1019579809709,-0.0772804005030388,0.136836381221218,0.4237378798678,0.734800919884713
"gene-LOC134721290|LOC134721290",8.49750098197419,0.12848989825393,0.224653534632901,0.113430328387888,0.388599961794154
"gene-LOC134721292|LOC134721292",14.7170502373127,-0.00519579527855657,0.160364706890481,0.94919604620772,0.984494493039383
"gene-LOC134721294|LOC134721294",84.6660545278943,0.134322434928886,0.129943527480371,0.17373614864067,0.4860087436505
"gene-LOC134721302|LOC134721302",32.5107462644911,-0.310444496562383,0.254616948527309,0.0280260772755842,0.20108297487315
"gene-LOC134721304|LOC134721304",35.6660355647918,-0.0997896130438914,0.138978125412963,0.3104977808516,0.64611845907125
"gene-LOC134721305|LOC134721305",18.1482742059746,-0.00700122987069925,0.178393028057686,0.88857274094802,0.965876007167068
"gene-LOC134721306|LOC134721306",28.677259197628,0.171426000502455,0.158234730389166,0.11382104737988,0.388789187817004
"gene-LOC134721307|LOC134721307",83.9335393201387,0.069573311210419,0.133357594498011,0.46867529779935,0.763108981909643
"gene-LOC134721309|LOC134721309",9.61296641627727,0.0730949320562115,0.168729969639539,0.414596120254538,0.730673063606098
"gene-LOC134721310|LOC134721310",9.16281285637184,0.0886448495172313,0.188736338569991,0.279041419152689,0.614817051430239
"gene-LOC134721312|LOC134721312",11.0226948274365,-0.0762313902762725,0.163630737153433,0.41102054344474,0.727130110918829
"gene-LOC134721313|LOC134721313",8.14847356609553,0.0619046175703599,0.185812050595065,0.350227000106086,NA
"gene-LOC134721315|LOC134721315",216.896052148694,0.0395856392510568,0.155082561527815,0.659084578421602,0.86972967674641
"gene-LOC134721316|LOC134721316",7.48741568138566,-0.080715304174975,0.208631750754036,0.0399485628100399,NA
"gene-LOC134721319|LOC134721319",138.192077937322,-0.0479671260421478,0.121370870911269,0.603292413976771,0.837346460475639
"gene-LOC134721324|LOC134721324",9.42136172985383,-0.0373040008306842,0.175700043524871,0.58205230058156,0.823352005505491
"gene-LOC134721327|LOC134721327",58.7950560397984,0.131495844919424,0.147905750632809,0.201229603724978,0.529841754004051
"gene-LOC134721328|LOC134721328",110.809608103992,0.41903951617901,0.264126034967578,0.0100625431163364,0.115520774389742
"gene-LOC134721329|LOC134721329",89.8826012005027,-0.11816466952876,0.125178079446989,0.218937694523792,0.55176392738795
"gene-LOC134721332|LOC134721332",17.1767706273658,0.0766210386146035,0.16535549065731,0.406981841938655,0.724003575020308
"gene-LOC134721336|LOC134721336",33.072969810936,0.264522390291294,0.179848618343313,0.0312297510321007,0.212901066876715
"gene-LOC134721337|LOC134721337",29.9446838699919,0.070026641641257,0.145675457165859,0.466984855203684,0.762543568613393
"gene-LOC134721338|LOC134721338",1441.70215417484,-0.00819719320630332,0.139264780714113,0.932564373189938,0.979075329977959
"gene-LOC134721339|LOC134721339",102.122415564799,0.0631690694341306,0.103906765006415,0.465415012242037,0.762382103707458
"gene-LOC134721340|LOC134721340",22.3898143918967,-0.170005461474048,0.158277568002793,0.115927302201381,0.39073973939958
"gene-LOC134721342|LOC134721342",52.6010847464483,0.249591120240127,0.148660793647905,0.0258143735491612,0.192986882705295
"gene-LOC134721343|LOC134721343",15.9885483270869,-0.0119315160930487,0.163338474514408,0.878651316979478,0.96225707753286
"gene-LOC134721346|LOC134721346",15.8392468882525,0.0894335840960018,0.204694378672855,0.155390741900156,0.457466335686714
"gene-LOC134721348|LOC134721348",44.7200424123326,0.133210564131179,0.128064078320534,0.174589739966693,0.487836059952841
"gene-LOC134721349|LOC134721349",41.3255457743026,0.0438079297122864,0.126680190561555,0.640316138623552,0.860806322881688
"gene-LOC134721353|LOC134721353",58.1147380138967,0.0606639000743626,0.147714914080237,0.522764055760199,0.793351473304905
"gene-LOC134721354|LOC134721354",601.800062448718,0.00405172349453009,0.0779512402324034,0.954756618340409,0.985236037805162
"gene-LOC134721355|LOC134721355",31.7069961607997,-0.113385910854112,0.159632645080958,0.262471286795202,0.597969519261434
"gene-LOC134721356|LOC134721356",14.8600321523565,0.0317836551838671,0.153080859164012,0.722541718634063,0.89893416528748
"gene-LOC134721357|LOC134721357",14.8602047460235,-0.136453966574101,0.193670319964767,0.176904092880208,0.492107713356595
"gene-LOC134721358|LOC134721358",33.6497784897491,-0.0150651398744319,0.155438403342896,0.859908960609175,0.953076638587164
"gene-LOC134721361|LOC134721361",13.8443171606407,-0.0599457745093417,0.163748052428614,0.497699713038943,0.775841529303202
"gene-LOC134721362|LOC134721362",35.1382146221489,0.183368254377884,0.204342413584816,0.105419326582659,0.379488793178778
"gene-LOC134721365|LOC134721365",16.7435905238686,-0.244108351299607,0.272127011935288,0.0526115042071976,0.2768547743007
"gene-LOC134721367|LOC134721367",13.9675642258897,0.0667871987377755,0.173677925059922,0.425405612453175,0.73574140696376
"gene-LOC134721368|LOC134721368",109.971786323194,-0.400331369243585,0.255634537803572,0.0107355878908573,0.120360399672071
"gene-LOC134721371|LOC134721371",10.1374936923487,0.0189241716361597,0.15599357692147,0.825845216654992,0.94211397209184
"gene-LOC134721376|LOC134721376",8.67342290256303,0.0087210477039402,0.18051229148928,0.846471176874901,0.948691955791665
"gene-LOC134721377|LOC134721377",63.1965237771147,0.193762571206857,0.197811040721418,0.0939727210062266,0.360370690491233
"gene-LOC134721379|LOC134721379",55.0114166078152,0.0177726187306504,0.117794897299235,0.846287009712754,0.948631110948735
"gene-LOC134721382|LOC134721382",9.06422937347392,0.0383332321251532,0.166771677903548,0.631543321392898,0.855488208355661
"gene-LOC134721385|LOC134721385",44.6551369338121,-0.181289491397745,0.17306415007776,0.104961966363119,0.378588741884555
"gene-LOC134721386|LOC134721386",35.4236233552365,0.0482134102908386,0.178753854354597,0.484072321319313,0.76956083566528
"gene-LOC134721387|LOC134721387",260.152565600146,0.0268919605741606,0.111334356671262,0.763226881290322,0.915671672297062
"gene-LOC134721393|LOC134721393",16.3928397329624,-0.0510201915981767,0.15392968737326,0.576939580879632,0.82191665666956
"gene-LOC134721394|LOC134721394",71.5805099683158,-0.0438924466679392,0.0957877158562936,0.593345421439148,0.830865597812794
"gene-LOC134721395|LOC134721395",43.5703972671726,-0.0592183816269232,0.126337137008809,0.529007981940887,0.79651088437358
"gene-LOC134721396|LOC134721396",466.519574224221,0.0444231758416368,0.11468117756518,0.625673419935767,0.852041103684068
"gene-LOC134721398|LOC134721398",56.3639437694364,0.0390849399321844,0.157105766177603,0.657833181389591,0.868745373297953
"gene-LOC134721402|LOC134721402",11.4105063961285,0.0886099414203391,0.210821554148362,0.0752877278683943,0.329874963617728
"gene-LOC134721405|LOC134721405",108.726401382199,0.12498527480972,0.191114961450435,0.204269822076579,0.534379219357929
"gene-LOC134721406|LOC134721406",61.9910301909485,-0.461214629944718,0.173205983628178,0.000829207621559737,0.0271593384209521
"gene-LOC134721419|LOC134721419",111.588913904441,0.153100476498851,0.117216236182177,0.103867316021329,0.376538829798529
"gene-LOC134721420|LOC134721420",42.565355136452,-0.0165431056220747,0.136199484418659,0.858177237233127,0.952545775150291
"gene-LOC134721422|LOC134721422",21.5374981707255,0.106066085313035,0.18912721773247,0.244838697607424,0.58364942797801
"gene-LOC134721423|LOC134721423",7.85600025649627,-0.0292105143565474,0.185565908782836,0.425414009417044,NA
"gene-LOC134721426|LOC134721426",12.6653871875254,0.0635564994480158,0.163572163236039,0.477465471173497,0.766288513519123
"gene-LOC134721431|LOC134721431",10.6618714911105,-0.0622437497172598,0.195780004412437,0.159485800569544,0.463954232500874
"gene-LOC134721434|LOC134721434",13.9678669693738,0.00486886298137556,0.184756191314297,0.829472340333408,0.943392397040674
"gene-LOC134721436|LOC134721436",41.2190557815724,0.0323865098991601,0.157541193484294,0.709051822778224,0.892762370896767
"gene-LOC134721439|LOC134721439",26.4587322590501,-0.59913316809535,0.391785757895545,0.00551719187939337,0.0801549690855692
"gene-LOC134721440|LOC134721440",29.9810335941115,0.0981040149035035,0.152286692207624,0.324071961636618,0.660257073303726
"gene-LOC134721442|LOC134721442",9.79312149615482,-0.0336507369777106,0.187118110096205,0.332288217216227,0.666950573934412
"gene-LOC134721450|LOC134721450",14.3531073212071,0.0886562095684514,0.208341293716927,0.108130509497282,0.381019677617619
"gene-LOC134721459|LOC134721459",13.4590821198466,0.0478073452019476,0.186775869664245,0.357454933829164,0.688588172006813
"gene-LOC134721461|LOC134721461",12.0426165085717,0.0156225504817094,0.15446834530074,0.857865771745324,0.952545775150291
"gene-LOC134721463|LOC134721463",13.5705212523346,-0.00495708882258077,0.179688325806007,0.913377674613458,0.973951058977618
"gene-LOC134721465|LOC134721465",61.0338018060237,-0.351715433724591,0.203511480296091,0.0111831264466098,0.123014390912708
"gene-LOC134721476|LOC134721476",24.083724854651,-0.0104862198914291,0.14394905259996,0.909458638227282,0.973615656161784
"gene-LOC134721477|LOC134721477",13.1491569248219,0.0476836566339929,0.177724943406393,0.496376285465987,0.775820923750395
"gene-LOC134721478|LOC134721478",17.9248792768927,0.189860629116396,0.22802613791509,0.0939364174447667,0.360370690491233
"gene-LOC134721480|LOC134721480",21.8022769187507,-0.100816161077712,0.164710342850975,0.305085659597386,0.640795466167602
"gene-LOC134721489|LOC134721489",54.9147250733367,-0.0956774966675732,0.165615438909653,0.323291370264066,0.659129521212537
"gene-LOC134721496|LOC134721496",15.7157887440267,0.0731361532199922,0.166267993510693,0.421469108992298,0.733859361048806
"gene-LOC134721501|LOC134721501",39.1814349924035,0.363975388526768,0.255021421283867,0.016632448171636,0.153809765847285
"gene-LOC134721502|LOC134721502",11.6716461501137,0.0328378843419578,0.171587057782478,0.652073693758939,0.865953865311871
"gene-LOC134721503|LOC134721503",88.8556392334948,0.0255794550591203,0.167145575001368,0.738595790965219,0.905360766749624
"gene-LOC134721504|LOC134721504",12.9121507004615,0.0340672091383594,0.142283767100619,0.715383862781319,0.896562068248928
"gene-LOC134721510|LOC134721510",40.5696488673094,-0.0526039346269528,0.196066426408334,0.0249388186232576,0.189742845025285
"gene-LOC134721512|LOC134721512",9.31015756433798,-0.0433359915280628,0.178867163032931,0.507881384969236,0.783393654648795
"gene-LOC134721513|LOC134721513",30.460758095596,0.0412030784939884,0.130179361293341,0.661804835542129,0.871115970228818
"gene-LOC134721515|LOC134721515",6.41308902551974,-0.012776669452339,0.184647214739139,0.631933378765065,NA
"gene-LOC134721516|LOC134721516",12.2926203525125,0.00149002504704683,0.178723586825412,0.977803681329378,0.992206620821689
"gene-LOC134721531|LOC134721531",12.5632704197053,0.164704772134204,0.253213626531505,0.0790401155707699,0.337213203346322
"gene-LOC134721549|LOC134721549",1406.14655185226,0.0505237365437089,0.0719545752601323,0.451339163934992,0.754977952921186
"gene-LOC134721550|LOC134721550",72.8506069417752,0.41382976214734,0.186462055250813,0.00313893239815183,0.0578144562494061
"gene-LOC134721552|LOC134721552",15.3191663103886,-0.000279746810520683,0.173501569362951,0.994951992280406,0.998094952838358
"gene-LOC134721557|LOC134721557",90.6211822256359,-0.0111583863941453,0.185600507849288,0.457583505306104,0.759544727242592
"gene-LOC134721566|LOC134721566",15.2176888132096,0.159337858112362,0.178199579836477,0.142849211534038,0.438944316804634
"gene-LOC134721568|LOC134721568",11.7961170313653,0.0403263627623817,0.154086012625743,0.65387381660824,0.866649679421588
"gene-LOC134721573|LOC134721573",21.0494428382541,0.0590545295627368,0.185965289358472,0.358454567957919,0.688644047661838
"gene-LOC134721575|LOC134721575",15.9666011996768,1.09973643417938,0.374893124182396,0.000158919625277081,0.00981920274047414
"gene-LOC134721584|LOC134721584",7.93853022431089,-0.0388668734814104,0.186598771697022,0.364428854176295,NA
"gene-LOC134721589|LOC134721589",21.3115238464164,0.0118944662186371,0.185311113746576,0.585013798682064,0.825370057093644
"gene-LOC134721590|LOC134721590",30.1495883754262,-0.129959570544157,0.184470646124692,0.199249594820972,0.52728950745376
"gene-LOC134721593|LOC134721593",80.7877343888374,0.351181100951486,0.221240115502769,0.0145057759617895,0.143175929222853
"gene-LOC134721599|LOC134721599",9.79335053576887,0.00973830187671353,0.184049828963137,0.738766452605115,0.905360766749624
"gene-LOC134721605|LOC134721605",16.3930255076187,-0.00704312764793746,0.181195975938491,0.86313516946877,0.954046500877709
"gene-LOC134721608|LOC134721608",76.487655467638,-0.27571977254817,0.295678520235402,0.0391952932866935,0.242406792689254
"gene-LOC134721612|LOC134721612",16.198248352561,-0.0237256440217537,0.172207298763562,0.727735460784934,0.901491104002674
"gene-LOC134721623|LOC134721623",66.8015551092105,0.59720569534619,0.315344781228188,0.003318628156853,0.0591811315720426
"gene-LOC134721626|LOC134721626",19.8310153139894,-0.00543338252760029,0.162453200823241,0.944223660367891,0.984230731224354
"gene-LOC134721627|LOC134721627",16.4801150326241,0.0308812892182543,0.152075891753694,0.730734863957547,0.902997609116253
"gene-LOC134721629|LOC134721629",30.9195026493271,0.0168244178031985,0.134878497832723,0.857212540980851,0.952110766320581
"gene-LOC134721633|LOC134721633",14.0106440332813,-0.038649184531521,0.172791974657401,0.594865639314006,0.832037271074206
"gene-LOC134721635|LOC134721635",122.144572818528,0.0458635640955051,0.0772232392928102,0.514971645061535,0.787300322121578
"gene-LOC134721636|LOC134721636",44.1602153571856,0.0872697631519564,0.125458902664691,0.36012937222207,0.688943146859612
"gene-LOC134721639|LOC134721639",10.0613248314283,0.056713851253758,0.179927765424624,0.431364537899159,0.740815091656585
"gene-LOC134721643|LOC134721643",24.5351930361998,-0.0127770743895986,0.155763196411938,0.880592360050068,0.963046056392251
"gene-LOC134721644|LOC134721644",8.5350845149743,-0.00274545603548106,0.159621406691847,0.972585305258105,0.991453324438967
"gene-LOC134721646|LOC134721646",19.9122373223058,0.0754416653469667,0.193092073833405,0.256844450313463,0.591805350247473
"gene-LOC134721650|LOC134721650",55.5741469476922,-0.0582402743115645,0.189641570172918,0.290472907209281,0.626214319438189
"gene-LOC134721654|LOC134721654",12.3819306907237,-0.188393139528825,0.289545488795469,0.0512704804929305,0.27414318412911
"gene-LOC134721661|LOC134721661",19.6476205522991,0.0486275390911947,0.176476175240288,0.502972983568863,0.780309868242846
"gene-LOC134721666|LOC134721666",10.9052593715434,-0.038914460805678,0.189075503625308,0.235582939802336,0.572298167494372
"gene-LOC134721669|LOC134721669",29.8655270544409,0.173795463749035,0.179151950380227,0.119287363527461,0.394872199013448
"gene-LOC134721670|LOC134721670",14.5299084910919,0.0188818943313593,0.160715153399523,0.819242247535888,0.939012643124375
"gene-LOC134721675|LOC134721675",277.097391491707,0.0732159981635465,0.100301432342012,0.38852487709125,0.710958250730222
"gene-LOC134721676|LOC134721676",12.6292142296977,0.0260892979070245,0.162220372311498,0.749620553808551,0.909737993408831
"gene-LOC134721682|LOC134721682",46.7070941850584,0.141460037545984,0.214992922510287,0.14255577563693,0.438227013995007
"gene-LOC134721689|LOC134721689",27.803348249782,-0.115118837050981,0.221426261726958,0.101870752320822,0.374089479613515
"gene-LOC134721694|LOC134721694",95.4734333111981,0.232836956031643,0.181942703056891,0.0522084051941716,0.275726819622726
"gene-LOC134721705|LOC134721705",53.3550758355914,-0.0939495477789296,0.15635572766038,0.338339870306102,0.671742987545196
"gene-LOC134721707|LOC134721707",942.373817483259,-0.0252292528866434,0.0936604331831098,0.754220924427489,0.911454273993775
"gene-LOC134721710|LOC134721710",1040.2094548593,0.0181595425264,0.0787471623392224,0.799586068349691,0.929028186366712
"gene-LOC134721711|LOC134721711",20.6155779435028,-0.11736485278645,0.155581430624356,0.249418570806519,0.58690503903699
"gene-LOC134721713|LOC134721713",51.6706003765929,-0.0416233170577747,0.155857136201141,0.639291936692193,0.86002486853883
"gene-LOC134721714|LOC134721714",72.6495397809189,-0.293606851679589,0.186088372908075,0.0210182280955983,0.174649758828498
"gene-LOC134721718|LOC134721718",40.9410550278764,0.0578324678495076,0.124070021647161,0.537007767026327,0.800777567013534
"gene-LOC134721724|LOC134721724",7.59190676950047,-0.0325673009809078,0.184032315217838,0.475229452317108,NA
"gene-LOC134721727|LOC134721727",10.6284209328349,-0.0253510877136458,0.183190886688178,0.551933827851183,0.810968809659803
"gene-LOC134721729|LOC134721729",40.8420565011073,0.192802623902299,0.182313307298417,0.0928608068711952,0.359493329911178
"gene-LOC134721730|LOC134721730",6.35204608272742,0.0254436678165543,0.184311990906824,0.512181182988213,NA
"gene-LOC134721732|LOC134721732",47.7611313192493,0.300928420669958,0.245942088139797,0.0307738527408331,0.211849406615499
"gene-LOC134721739|LOC134721739",81.3121042058891,-0.0846347215943483,0.0911164212974647,0.286518392605538,0.621461252012184
"gene-LOC134721746|LOC134721746",48.2807581485002,-0.053385716615826,0.122715359921148,0.565683415334407,0.817098929635215
"gene-LOC134721747|LOC134721747",49.7066650068209,0.221724057969751,0.157773170359624,0.0491818784295657,0.267678420305177
"gene-LOC134721751|LOC134721751",50.7463178405517,0.0998200368490046,0.131981904415008,0.305352438543361,0.640795466167602
"gene-LOC134721755|LOC134721755",64.4507162757438,0.00110373850307198,0.183234419801399,0.976832054483095,0.991980289222603
"gene-LOC134721757|LOC134721757",8.9752247835674,-0.0130433944508689,0.185304429706406,0.736624772336489,0.904326827891169
"gene-LOC134721760|LOC134721760",90.8917925964403,-0.00293040867092521,0.185122724205621,0.862607196732581,0.953887355420667
"gene-LOC134721762|LOC134721762",14.7226359453497,0.130813615570493,0.20274504436221,0.171877432404017,0.483587352187574
"gene-LOC134721763|LOC134721763",11.4073733017298,0.064830402204194,0.191600595805757,0.267966973941988,0.603070567226158
"gene-LOC134721766|LOC134721766",11.3951769837781,-0.07395811591722,0.192161721322169,0.264148713362978,0.599360733893505
"gene-LOC134721767|LOC134721767",24.8793480375317,0.0269923685461454,0.152735852430079,0.761669458416307,0.914411830322095
"gene-LOC134721768|LOC134721768",9.05577175935819,0.00963093918193546,0.174978124369121,0.874468041567103,0.959746743141416
"gene-LOC134721769|LOC134721769",21.2205628374972,0.179137337100384,0.204701108561356,0.110514055475002,0.384864846337943
"gene-LOC134721772|LOC134721772",9.60271914175094,0.0523299048246743,0.172027729188681,0.508743065890722,0.783573746569111
"gene-LOC134721773|LOC134721773",13.5876862371002,-0.0131578626812372,0.140740769749908,0.886120431051721,0.964924331339366
"gene-LOC134721775|LOC134721775",69.5065810027027,0.0757399935307468,0.155863209636787,0.429820984216311,0.739903952089544
"gene-LOC134721776|LOC134721776",38.9306242567622,0.188723683392255,0.164000974708476,0.0907279383432453,0.35522261699918
"gene-LOC134721778|LOC134721778",9.89513762499569,-0.0999887614940031,0.17561322729686,0.292501010345986,0.628182634805087
"gene-LOC134721779|LOC134721779",13.0372005557109,-0.0892632932928803,0.174477915988277,0.330346535996969,0.665063698710545
"gene-LOC134721781|LOC134721781",8.65812558948937,0.0129371754479192,0.168299317390097,0.859677720322222,0.953010629070047
"gene-LOC134721782|LOC134721782",35.1125607912399,0.259533062975776,0.153295382653891,0.023175739061725,0.1821908452675
"gene-LOC134721786|LOC134721786",32.1603663964088,0.109001879860004,0.150546153977262,0.279684747847033,0.615121167803291
"gene-LOC134721793|LOC134721793",37.8012926270702,0.429073619287131,0.168239259948821,0.00130824511129814,0.0348678757207063
"gene-LOC134721795|LOC134721795",9.29187204469543,0.14304421121395,0.241002885448836,0.0839379072401587,0.345680465992808
"gene-LOC134721797|LOC134721797",4.73651682214074,-0.0169164451080187,0.185765822307133,0.4518482339833,NA
"gene-LOC134721798|LOC134721798",11.4324110975983,-0.024200790023763,0.172183142651765,0.724096966031173,0.900068795080273
"gene-LOC134721799|LOC134721799",307.828200022145,0.595786962034205,0.258024727102508,0.00142247769629608,0.0359507857915106
"gene-LOC134721804|LOC134721804",10.0030982785591,0.117420337578055,0.221177429741599,0.112213798448017,0.387156156761605
"gene-LOC134721813|LOC134721813",21.3869371347844,0.0247677049332082,0.177210369984126,0.679013692188665,0.878567937598939
"gene-LOC134721818|LOC134721818",56.0946000338139,-0.247561886336895,0.246396727837195,0.0521386987167756,0.275682562634897
"gene-LOC134721824|LOC134721824",31.3335907193745,-0.0575404485241625,0.128724438182005,0.542143677998976,0.803977469425458
"gene-LOC134721825|LOC134721825",83.689830017568,-0.0929895212110154,0.151954620759262,0.34344840340404,0.67654591107757
"gene-LOC134721830|LOC134721830",232.263055464147,-0.126620199388683,0.160042659409022,0.218178998022639,0.551659838602426
"gene-LOC134721834|LOC134721834",22.7104957475929,0.00851906651235557,0.141171720590856,0.926961614899632,0.978198919183154
"gene-LOC134721835|LOC134721835",39.1167922448514,-0.129701466404184,0.210875540975346,0.153595088134767,0.454299184661183
"gene-LOC134721837|LOC134721837",21.1216491570249,-0.000740580059342419,0.150645828776157,0.988424115514553,0.994529637841419
"gene-LOC134721839|LOC134721839",41.811118401099,0.235460972701305,0.265858472409027,0.0585525042973858,0.291128312721651
"gene-LOC134721840|LOC134721840",13.5456364790435,-0.0892513125920149,0.211068792559385,0.0733118299207682,0.324920877270201
"gene-LOC134721841|LOC134721841",127.263254637377,-0.200845643967759,0.283129740193342,0.0582167445560492,0.291128312721651
"gene-LOC134721842|LOC134721842",49.3106417531881,-0.0404498073389175,0.141949319162063,0.664188614394137,0.872838006393447
"gene-LOC134721844|LOC134721844",38.8275541881173,-0.107932366281579,0.198858596782481,0.205155120799878,0.535311335713056
"gene-LOC134721845|LOC134721845",13.6715474343569,-0.0126887747395052,0.174701265925564,0.834559650000261,0.945497701815093
"gene-LOC134721847|LOC134721847",16.8139201635162,-0.0923736275234624,0.195013289710351,0.2361303188436,0.572798355640535
"gene-LOC134721848|LOC134721848",14.8110321946442,-0.0357153501680295,0.179212529505254,0.552645228668345,0.810968809659803
"gene-LOC134721850|LOC134721850",101.138899682766,0.200331898601821,0.247084400630561,0.0801984314651404,0.339183175113715
"gene-LOC134721851|LOC134721851",79.4909303952761,0.104529610469671,0.1217481768717,0.270385999676227,0.605353711324991
"gene-LOC134721852|LOC134721852",21.4172590943203,0.0646906681706069,0.194345538312747,0.213275409223573,0.544714737745469
"gene-LOC134721858|LOC134721858",13.7537398527405,0.0531909580324221,0.191121929651971,0.245572472654963,0.583684132857744
"gene-LOC134721870|LOC134721870",9.76021457332592,-0.0442165618130607,0.184622748669413,0.410189800741053,0.726309407178825
"gene-LOC134721871|LOC134721871",18.7568414441632,0.00567645433495467,0.17741407583942,0.917464578257012,0.974572611923969
"gene-LOC134721872|LOC134721872",8.77099517588965,0.0701628723625679,0.176225597793001,0.399592925793812,0.718342783656905
"gene-LOC134721873|LOC134721873",7.10724353435394,-0.018200598610137,0.184251499646866,0.579943644737877,NA
"gene-LOC134721874|LOC134721874",59.3708244026166,-0.0159064223131438,0.123540734367128,0.862729993141967,0.953887355420667
"gene-LOC134721881|LOC134721881",10.3831164707458,0.0537926070209997,0.17714591262147,0.469267928071242,0.763200388918359
"gene-LOC134721882|LOC134721882",18.399476193576,0.083826280363828,0.165653577531579,0.372922209060179,0.699214272029153
"gene-LOC134721891|LOC134721891",17.5721932699521,0.0181948165373424,0.151456171132465,0.838431815905267,0.94707747408349
"gene-LOC134721894|LOC134721894",11.3613665011675,-0.00194478301454901,0.178048516196988,0.968232941919671,0.990333763867984
"gene-LOC134721898|LOC134721898",12.7076596825574,-0.118604891235539,0.203174185945474,0.18252054150383,0.502309734417474
"gene-LOC134721900|LOC134721900",19.0758334909681,0.179773100036672,0.224543156380478,0.103727858764624,0.376538829798529
"gene-LOC134721901|LOC134721901",37.5564957649279,0.126887041040789,0.224383906429144,0.114268229113424,0.389097969904171
"gene-LOC134721903|LOC134721903",32.4542353365448,0.0180638303640704,0.139414576254323,0.847081876999139,0.948979816386302
"gene-LOC134721906|LOC134721906",23.2955841357401,0.0538064079804818,0.159293254116713,0.547648222109222,0.807914311627751
"gene-LOC134721907|LOC134721907",24.9035059946551,0.0916901169226023,0.171970021334511,0.32684997696598,0.663326543973193
"gene-LOC134721910|LOC134721910",17.41446288443,0.0749193094772705,0.159825204527366,0.426260357826722,0.736726373300136
"gene-LOC134721914|LOC134721914",13.3331905973318,-0.0130609056829215,0.16851375325971,0.855104475972274,0.951545739399413
"gene-LOC134721921|LOC134721921",21.0771455345081,-0.038935217289765,0.158308678327945,0.653902845467192,0.866649679421588
"gene-LOC134721922|LOC134721922",10.1788616956729,0.0485621038799551,0.155340500069852,0.592777023102018,0.830388066117594
"gene-LOC134721925|LOC134721925",8.54694768999456,-0.0393523238759857,0.180291647355224,0.512544587715033,0.785485872570415
"gene-LOC134721929|LOC134721929",231.907597167399,0.0913233153243792,0.107672339495627,0.302333469326413,0.638213125574991
"gene-LOC134721930|LOC134721930",6.95273131461429,-0.209423630615583,0.345329254289839,0.02822656404015,NA
"gene-LOC134721931|LOC134721931",27.6190497743276,-0.0079001093797188,0.159231242981043,0.922493583694159,0.976727238151949
"gene-LOC134721932|LOC134721932",39.5808202796325,-0.0520178862974148,0.117493446743533,0.570565955012506,0.818280203677845
"gene-LOC134721933|LOC134721933",8.30986115821191,-0.022409725163157,0.172563085774323,0.740342919728357,0.905553047013525
"gene-LOC134721936|LOC134721936",14.3598362565158,0.0585468276192753,0.194825365064046,0.160891259018041,0.465616779072289
"gene-LOC134721937|LOC134721937",12.140412692581,0.251118588027837,0.268013250889031,0.0515095530889422,0.274191739876795
"gene-LOC134721938|LOC134721938",12.5836845412581,0.0230653741588341,0.17854762484845,0.68014977100819,0.87910350866109
"gene-LOC134721944|LOC134721944",170.42791644865,-0.328165617876764,0.318012995149798,0.0260843366619613,0.194093434643973
"gene-LOC134721948|LOC134721948",21.4722326000229,0.160496552226852,0.193982966106392,0.138468413305843,0.431942698615862
"gene-LOC134721955|LOC134721955",12.2078231676327,-0.536282481072761,0.468423992811003,0.00991169547869053,0.114912736152945
"gene-LOC134721957|LOC134721957",8.3107918616863,-0.0251261944416381,0.184911817043075,0.479772686999053,0.767804492953786
"gene-LOC134721963|LOC134721963",143.618271799543,-0.499279639788786,0.157086698750072,0.000149825373666134,0.0097587012249406
"gene-LOC134721964|LOC134721964",222.446643303647,-0.396759715830715,0.151857887971611,0.00123352746924737,0.0339464825048801
"gene-LOC134721966|LOC134721966",12.4307046495289,-0.00668317650995088,0.150558746674645,0.939072243173201,0.982276445936544
"gene-LOC134721967|LOC134721967",9.53385718275615,-0.0339681212187978,0.185300988800422,0.421897004616411,0.73404852827972
"gene-LOC134721969|LOC134721969",14.0490303831827,0.0192806114830084,0.184568132928325,0.552892919248901,0.810968809659803
"gene-LOC134721970|LOC134721970",184.684762429686,0.203677894684147,0.114651788614623,0.0310871989053927,0.212464731039602
"gene-LOC134721971|LOC134721971",150.387527928618,-0.0386490783916517,0.113800271182631,0.667853347498396,0.874048807719717
"gene-LOC134721972|LOC134721972",13.7254259513343,0.0573709404272369,0.178419769655263,0.439984778976531,0.747707963156022
"gene-LOC134721973|LOC134721973",159.551177517508,-0.684432520588416,0.15635417334854,8.87652710599744e-07,0.000223566048214501
"gene-LOC134721977|LOC134721977",79.5920316504725,0.00429842745132169,0.144972466134221,0.963702491820137,0.988815796663277
"gene-LOC134721980|LOC134721980",33.8336685969119,0.237521210976134,0.251858960047212,0.0587134130236505,0.291333402666266
"gene-LOC134721982|LOC134721982",10.3897043961649,0.0282116935764588,0.180707586319909,0.593637190484688,0.831114824477699
"gene-LOC134721983|LOC134721983",111.429775877804,-0.0603017760196267,0.119780393332014,0.513819771270535,0.786779792318655
"gene-LOC134721984|LOC134721984",8.35706943759647,0.105143491814718,0.207286235992857,0.166242368015585,0.474866740706231
"gene-LOC134721994|LOC134721994",18.5689585478905,0.0169665704031814,0.162891430460325,0.832884840224945,0.944830017434723
"gene-LOC134721998|LOC134721998",7.32055112993213,0.0501411932850304,0.186100960353016,0.370603146429053,NA
"gene-LOC134721999|LOC134721999",189.92478007394,0.208751385957634,0.259707535422128,0.0715377824478219,0.321355573346483
"gene-LOC134722001|LOC134722001",90.1749356694985,0.217727117187167,0.120753196139048,0.0266236984059874,0.196480550519656
"gene-LOC134722014|LOC134722014",11.5213653782759,0.107905820326279,0.225186265862458,0.0504814234378503,0.272115362944693
"gene-LOC134722016|LOC134722016",13.7306400677688,0.829622955749392,0.306737549570797,0.000340839131394391,0.0150878122163917
"gene-LOC134722020|LOC134722020",129.049456981769,0.0649957679041554,0.0835345671801375,0.384620251162968,0.70887365997838
"gene-LOC134722021|LOC134722021",107.10751868926,0.00995575681660659,0.129963776671555,0.915718899685513,0.973993132853209
"gene-LOC134722024|LOC134722024",8.79211781530383,-0.0568092924654134,0.184229498600845,0.381088973047581,0.705033905557125
"gene-LOC134722027|LOC134722027",7.17496034505958,0.0255735986959237,0.182590951731278,0.572595195817507,NA
"gene-LOC134722034|LOC134722034",14.4485108962466,0.190789350381652,0.275676723757234,0.0656483520992575,0.307961184157339
"gene-LOC134722040|LOC134722040",664.994894894403,0.0751715675921259,0.15818747997305,0.421592321121169,0.733868044201387
"gene-LOC134722042|LOC134722042",78.4459247478793,-0.0276628885235065,0.111530634480684,0.756539321760445,0.912548731347302
"gene-LOC134722043|LOC134722043",84.7416097065588,0.0649654283337689,0.113521019776368,0.474281251762751,0.765558069143675
"gene-LOC134722044|LOC134722044",15.9134580170527,0.10135642246193,0.163559174791312,0.304390633805369,0.64038811285791
"gene-LOC134722045|LOC134722045",150.211180779319,-0.490729249961914,0.223929923199098,0.00234397032184331,0.0481730838164248
"gene-LOC134722051|LOC134722051",139.294714098392,-0.339559873116737,0.341493211743961,0.024268329344191,0.186193148665936
"gene-LOC134722053|LOC134722053",21.4733846827024,-0.0443884504591902,0.14132833897208,0.636101697246649,0.857369772409951
"gene-LOC134722062|LOC134722062",170.473076586141,-0.149013485954094,0.160214653672074,0.158962741407786,0.463137934400657
"gene-LOC134722064|LOC134722064",55.30970087694,0.121970845861765,0.141909867390378,0.226710734346625,0.562607350428921
"gene-LOC134722066|LOC134722066",174.701622700871,0.17250696885403,0.101587947542733,0.0463424463038465,0.261410548712399
"gene-LOC134722072|LOC134722072",22.7550793627953,0.436058446701161,0.252827489759067,0.00753967838696887,0.0976415087560649
"gene-LOC134722073|LOC134722073",8.15817258460728,0.046071737264466,0.190233072844133,0.236723016402092,NA
"gene-LOC134722074|LOC134722074",184.887258636334,0.0174029116578838,0.0879165030412741,0.822924097304494,0.941278015844234
"gene-LOC134722075|LOC134722075",136.778639605667,0.200675497943761,0.127588865799255,0.0463608195524782,0.261410548712399
"gene-LOC134722081|LOC134722081",20.871483552691,0.14475170421563,0.265624752833714,0.0226459677001667,0.181631227716787
"gene-LOC134722083|LOC134722083",15.0407877390379,-0.0116619987649136,0.168327281733038,0.870380438177577,0.95833382658003
"gene-LOC134722085|LOC134722085",1022.70036587431,-0.0228312777695865,0.0615580321608823,0.693081437061514,0.885257856795296
"gene-LOC134722086|LOC134722086",31.8214850214815,0.607236728681812,0.201344539465182,0.00019841322831531,0.0112341877489537
"gene-LOC134722087|LOC134722087",9.07984911447617,0.017212653788013,0.153809545330163,0.844359685149785,0.947860356680987
"gene-LOC134722089|LOC134722089",19.6276680132159,-0.491869432789986,0.360873610052474,0.00936111785364442,0.110816215239901
"gene-LOC134722090|LOC134722090",191.678831959673,0.218958438945007,0.0813427964728316,0.0029907246666416,0.0568860754300787
"gene-LOC134722091|LOC134722091",45.1396267438332,-0.313771194145627,0.268345439467204,0.0274392150348155,0.198888619299433
"gene-LOC134722097|LOC134722097",18.1692043819917,-0.17683601801974,0.261574353688811,0.0726725334493848,0.323856122217393
"gene-LOC134722098|LOC134722098",21.166783320743,0.188923962235366,0.161559195305273,0.08792944764979,0.350757337866776
"gene-LOC134722102|LOC134722102",33.2250090801103,-0.0663973607897428,0.123252661713728,0.478791492965975,0.767411249643072
"gene-LOC134722103|LOC134722103",31.7357000088109,-0.0352830864276349,0.179564921679966,0.550794896256229,0.810665485595894
"gene-LOC134722107|LOC134722107",24.8736008705017,-0.0916367745616571,0.210410234936175,0.0964519041524007,0.366036186585072
"gene-LOC134722108|LOC134722108",15.2154375838165,-0.0210698674957556,0.182542581924899,0.616740250147632,0.847061073162524
"gene-LOC134722115|LOC134722115",171.289434634711,0.149199231982775,0.139074278504105,0.145120224826823,0.442570217279314
"gene-LOC134722116|LOC134722116",69.1362907820051,-0.186259858430026,0.233058760110137,0.0915721686143545,0.357287531360656
"gene-LOC134722119|LOC134722119",7.78396134073265,-0.012669124181769,0.182241481375531,0.744510555770451,NA
"gene-LOC134722121|LOC134722121",16.1491141066789,-0.0628273659214915,0.154812230762182,0.500474845168495,0.778421692740776
"gene-LOC134722122|LOC134722122",13.5685261389164,-0.0480340317018947,0.154526557895008,0.596772519659597,0.833427625926137
"gene-LOC134722124|LOC134722124",488.816397567693,0.921362463452964,0.272317102564961,3.98337585806745e-05,0.00393169963071955
"gene-LOC134722125|LOC134722125",10.4271460172832,-0.0201004357447143,0.169713798169808,0.778101151787983,0.921929865352263
"gene-LOC134722127|LOC134722127",563.23670628087,0.68056538945301,0.102905986449471,3.36475400146835e-12,4.91523264534496e-09
"gene-LOC134722128|LOC134722128",9.99466822395357,-0.0195996957331542,0.167279114632254,0.793199871680628,0.927763996462669
"gene-LOC134722134|LOC134722134",89.6979872872381,0.345555986665805,0.150968016696544,0.00384894684679928,0.0641842643128354
"gene-LOC134722135|LOC134722135",153.802632842608,0.309935540597745,0.15642612859353,0.00947216642940469,0.111634158523309
"gene-LOC134722137|LOC134722137",7.42740841755542,0.0544943293143108,0.193533096297253,0.16950157874027,NA
"gene-LOC134722139|LOC134722139",10.1601388199844,-0.134239440857839,0.20660911557717,0.161322438048447,0.466605894779594
"gene-LOC134722141|LOC134722141",14.2741253644521,0.0600166195151729,0.166037589070047,0.491295213749273,0.774219966990478
"gene-LOC134722143|LOC134722143",29.7132263129957,0.130261356371142,0.177087411313764,0.207515343389027,0.538242921915288
"gene-LOC134722144|LOC134722144",29.3230050070531,0.188764863319002,0.292511223190845,0.0501599155903657,0.271182844908979
"gene-LOC134722146|LOC134722146",144.728812989944,-0.544468999006048,0.243657343007846,0.00177949878199078,0.0409828087233943
"gene-LOC134722153|LOC134722153",8.92883313972161,-0.0136036798066041,0.183070708541505,0.70279404700285,0.889093026307605
"gene-LOC134722154|LOC134722154",32.0081876840854,-0.113745056151885,0.194677344103622,0.212280675769106,0.54384358324011
"gene-LOC134722157|LOC134722157",60.3487294577035,-0.00289821129931182,0.138022184423041,0.974045876923033,0.991945908801517
"gene-LOC134722163|LOC134722163",242.007889108877,-0.114793125937969,0.109443931781833,0.199989357498508,0.528137944121331
"gene-LOC134722166|LOC134722166",47.2549548537507,0.143128765334168,0.156139379702579,0.176129367690048,0.4908236938604
"gene-LOC134722170|LOC134722170",10.3916262241448,0.0386907525526917,0.175841745698994,0.573172140044148,0.820550629337996
"gene-LOC134722174|LOC134722174",9.66612803542113,0.0236272141156259,0.174313949602008,0.717501527305473,0.897160554132699
"gene-LOC134722177|LOC134722177",49.1555562211566,0.150607229758266,0.144078546978898,0.146924980663507,0.44418048789994
"gene-LOC134722180|LOC134722180",7.07866128817155,0.0238867073050077,0.185487889612931,0.453481637824826,NA
"gene-LOC134722183|LOC134722183",27.8610402410698,0.1099867290296,0.164029299576437,0.273516675602923,0.608889301616504
"gene-LOC134722185|LOC134722185",27.4305020229301,-0.0118030968854803,0.132303306826011,0.898654740506745,0.968718523675564
"gene-LOC134722189|LOC134722189",35.9030283091255,0.0415998423505342,0.187858164865201,0.320596542207255,0.656654169376677
"gene-LOC134722190|LOC134722190",10.6684913863985,0.955949038746947,0.371059435096842,0.000466159651806363,0.0187535966485023
"gene-LOC134722192|LOC134722192",9.76893206985076,0.0207022635111744,0.18250344553205,0.625930924750886,0.852041103684068
"gene-LOC134722198|LOC134722198",32.4095739891341,0.0187191959394624,0.127909652530211,0.841177466859663,0.94707747408349
"gene-LOC134722200|LOC134722200",19.4759969121103,0.0303604735037549,0.156692606450323,0.727729117639072,0.901491104002674
"gene-LOC134722203|LOC134722203",25.5336356205056,-0.0117216550333599,0.139730939538588,0.898265622657751,0.968718523675564
"gene-LOC134722207|LOC134722207",12.2134140086075,0.00878715072577203,0.179642540737593,0.855091379202108,0.951545739399413
"gene-LOC134722211|LOC134722211",63.9976829322701,0.157081580909499,0.190647761476865,0.146064990884758,0.442590484929448
"gene-LOC134722218|LOC134722218",9.31617777009793,-0.103294333880382,0.179951895983889,0.272757405560741,0.60812259163038
"gene-LOC134722219|LOC134722219",29.5667410580954,0.0369122939372184,0.123470965616283,0.691025508060873,0.884446095324404
"gene-LOC134722221|LOC134722221",21.1326678576178,0.083843820158234,0.181658040188077,0.32557787208116,0.661848254294683
"gene-LOC134722222|LOC134722222",25.4671826791192,-0.117369411837209,0.170076974275522,0.245098283974438,0.583684132857744
"gene-LOC134722223|LOC134722223",15.8393419820289,0.0567943096303285,0.184610878442089,0.379830811217857,0.704597669686427
"gene-LOC134722235|LOC134722235",15.1499526294585,-0.00313874518427024,0.182925377760088,0.921694797588885,0.976506666988628
"gene-LOC134722244|LOC134722244",7.56219676246778,-0.0402511806048348,0.184808028998774,0.419687386974295,NA
"gene-LOC134722250|LOC134722250",16.7677223536662,0.00313519721394714,0.175051507163083,0.959096421149326,0.986770319480221
"gene-LOC134722257|LOC134722257",13.3095929250134,-0.0732919745299673,0.199123885657409,0.15773869579046,0.462328825864174
"gene-LOC134722260|LOC134722260",121.951835916946,0.0544150280400635,0.169579872605435,0.51104288140572,0.784619510158629
"gene-LOC134722265|LOC134722265",40.284968631115,0.0544101892518293,0.193280964132665,0.178581585407181,0.494637808044768
"gene-LOC134722266|LOC134722266",49.2387049367708,-0.0663677372201448,0.125375946164043,0.48114568678271,0.768654439252168
"gene-LOC134722268|LOC134722268",5.77231720741796,-0.0126712253441901,0.184915784097192,0.610619681900312,NA
"gene-LOC134722275|LOC134722275",25.8063040843299,-0.132514646992212,0.158262625070715,0.202362898885647,0.531636209440778
"gene-LOC134722283|LOC134722283",11.9684018439664,-0.0700549004955366,0.18139095349589,0.36672788412313,0.69501309435271
"gene-LOC134722313|LOC134722313",40.0173670452686,0.0559834077597275,0.111308210555125,0.532813705406823,0.799275273011181
"gene-LOC134722342|LOC134722342",10.2503419250358,-0.0824560559567348,0.205965814193811,0.0982064069279366,0.368532245345769
"gene-LOC134722368|LOC134722368",203.68026015949,-0.0260094513225953,0.142889011243111,0.776692085334274,0.921617126274472
"gene-LOC134722399|LOC134722399",17.5905311349379,-0.160138807962322,0.202871862163754,0.132999027860291,0.421077112913551
"gene-LOC134722400|LOC134722400",105.293603480681,-0.314713570425567,0.223472967328977,0.0223212237796209,0.179903082452312
"gene-LOC134722425|LOC134722425",9.6468987322052,-0.069635057448582,0.19663313946407,0.185946877142379,0.508373132185622
"gene-LOC134722436|LOC134722436",10.9349738157765,-0.0217731809603573,0.175636978394071,0.722426113283413,0.89893416528748
"gene-LOC134722439|LOC134722439",342.053516230874,0.0480496895514952,0.174093889829764,0.525184181934475,0.794520560242213
"gene-LOC134722444|LOC134722444",50.3466210955203,0.162611021747956,0.150588605430885,0.124062088722409,0.403669920945479
"gene-LOC134722464|LOC134722464",15.2080919168106,-0.17923481995652,0.245644283862054,0.0867025947029161,0.349457678103089
"gene-LOC134722465|LOC134722465",17.0632579634329,-0.411726342331405,0.246605472535133,0.00906697258935599,0.109820855267527
"gene-LOC134722477|LOC134722477",7.8109835622844,-0.0615305075958231,0.198542438180314,0.0626272442495685,NA
"gene-LOC134722486|LOC134722486",20.615555707176,0.21287041042215,0.206242764483062,0.0755376217025657,0.330375322703916
"gene-LOC134722501|LOC134722501",118.048613965873,-0.022983298579315,0.167113097432533,0.759992003367741,0.913937949082784
"gene-LOC134722512|LOC134722512",6.64137901463422,-0.025514463494425,0.186228403080696,0.382325436417698,NA
"gene-LOC134722540|LOC134722540",9.45472122394032,-0.11408248239712,0.2181658356958,0.118233661681378,0.394248173581435
"gene-LOC134722627|LOC134722627",42.3394927278817,-0.0848591142846027,0.181301280941303,0.320619265070275,0.656654169376677
"gene-LOC134722667|LOC134722667",17.2055186539013,0.062593290684119,0.15962951264159,0.494460068740675,0.775432519915755
"gene-LOC134722680|LOC134722680",94.6191017620436,0.0483809430757678,0.194307579388278,0.0410938024351669,0.248262310162497
"gene-LOC134722705|LOC134722705",40.7400778043408,0.0995756364249739,0.131855399007503,0.306598698449229,0.642213046593968
"gene-LOC134722735|LOC134722735",84.2580891052474,-0.636780848523115,0.201543048206614,0.00011198730183938,0.0080985668577706
"gene-LOC134722762|LOC134722762",11.2533781455845,-0.0080525562368712,0.18155105219619,0.839885910858758,0.94707747408349
"gene-LOC134722801|LOC134722801",33.0432507516369,-0.0218304662262899,0.169479392993492,0.761631852320486,0.914411830322095
"gene-LOC134722829|LOC134722829",27.2029312422365,-0.0112080879968885,0.18573327397459,0.511088133031347,0.784619510158629
"gene-LOC134722872|LOC134722872",62.3462716894861,-0.337597438941892,0.245765316134327,0.0198487764935052,0.168741264440729
"gene-LOC134722873|LOC134722873",9.52199080763632,0.00629486197404203,0.183754871223951,0.832703546074131,0.944830017434723
"gene-LOC134722878|LOC134722878",354.814293973797,-0.0450352662453182,0.18202552596678,0.454014523041935,0.757278391481684
"gene-LOC134722881|LOC134722881",12.982611818392,0.128497665786094,0.216415133559325,0.140100563000132,0.434577720880634
"gene-LOC134722913|LOC134722913",14.4761349189185,0.105841303832817,0.219940011283556,0.0806223285023551,0.340188034304565
"gene-LOC134722914|LOC134722914",9.87244322913308,-0.0930144579848411,0.190029084818882,0.26394774035352,0.599277057986358
"gene-LOC134722916|LOC134722916",114.782458807564,0.0887793639617524,0.171172985248985,0.342060947486724,0.674563351699099
"gene-LOC134722926|LOC134722926",38.81336836129,-0.00267769649192258,0.181002345441467,0.945562230834638,0.98435236790023
"gene-LOC134722928|LOC134722928",35.6923295921093,-0.214093976814421,0.254596103894208,0.0676738212807611,0.313039639413983
"gene-LOC134722939|LOC134722939",55.4387911173477,0.0611212674766009,0.166880875508639,0.483130330676784,0.768798242976738
"gene-LOC134722950|LOC134722950",70.9253853495645,-0.0445424626052213,0.150273331665174,0.627070321305042,0.852274214144405
"gene-LOC134722962|LOC134722962",16.6250928264801,0.049277680551426,0.14829761914851,0.595461855910129,0.832392994367001
"gene-LOC134722985|LOC134722985",80.0278459407209,0.320963537494213,0.199720188538776,0.0170718752096322,0.154523328884253
"gene-LOC134723026|LOC134723026",11.0296707200606,0.0168015153722099,0.172339264972118,0.802999437976025,0.930344141446287
"gene-LOC134723033|LOC134723033",13.6866741848635,0.433538202361688,0.398310092979493,0.0152045281810164,0.146261109871469
"gene-LOC134723059|LOC134723059",17.6605192547855,0.0238689271572503,0.182001134292991,0.606277735945467,0.839320049913892
"gene-LOC134723090|LOC134723090",23.7778430295492,-0.049483709282244,0.186605468343907,0.354873671992226,0.68685164731574
"gene-LOC134723091|LOC134723091",35.4393225984791,-0.0399511916309787,0.187751387902333,0.316112692713524,0.652591041230805
"gene-LOC134723092|LOC134723092",20.0687319215286,-0.0706792679586221,0.196469558921315,0.194283081990661,0.519326500637711
"gene-LOC134723093|LOC134723093",44.048260880133,-0.924615046074273,0.414490429490259,0.000948863915882727,0.0295086900721623
"gene-LOC134723094|LOC134723094",36.044673248048,-0.121233052383534,0.144797948267486,0.230703874635785,0.566978835915132
"gene-LOC134723111|LOC134723111",13.9208579386956,-0.0362881582494876,0.182640450460332,0.488844708662126,0.772976603227039
"gene-LOC134723123|LOC134723123",10.5714887480182,-0.262692547813614,0.339969733940328,0.0391079824786103,0.242071783070991
"gene-LOC134723153|LOC134723153",83.4749007805176,0.150313890880104,0.195555478956287,0.154380354819799,0.455777733065406
"gene-LOC134723190|LOC134723190",93.4027661570664,-0.110643336122446,0.114750824395279,0.22723562059589,0.563192729159273
"gene-LOC134723224|LOC134723224",22.5996984846017,0.500961456889872,0.2052354764375,0.00136128722254127,0.0351785046481171
"gene-LOC134723234|LOC134723234",620.916805938512,0.0262677473963073,0.0885649771769672,0.73450935864191,0.904191610246111
"gene-LOC134723260|LOC134723260",11.3195999385407,-0.169004923876183,0.237101604882508,0.0978768510890572,0.368226442894192
"gene-LOC134723272|LOC134723272",17.0233589494833,0.0507723588618339,0.172902998133871,0.515129824674017,0.787300322121578
"gene-LOC134723289|LOC134723289",20.3239564633029,0.369452979287961,0.369897287197164,0.0217911241514538,0.177364917783631
"gene-LOC134723299|LOC134723299",8.67643806200849,-0.017856511604539,0.17210416384159,0.789923405529266,0.926843462487672
"gene-LOC134723307|LOC134723307",486.022098012397,0.149125719531857,0.121194513721637,0.120064143231911,0.395842456078238
"gene-LOC134723308|LOC134723308",37.736758553063,0.4119026588395,0.165864494260942,0.00168220213239233,0.0399511031015495
"gene-LOC134723310|LOC134723310",56.8877048141379,0.70743001455684,0.273925028442832,0.000591908523830762,0.0213195092832366
"gene-LOC134723320|LOC134723320",11.4619067808526,-0.00662330741685225,0.154868569165398,0.937621503005232,0.981988451096962
"gene-LOC134723321|LOC134723321",16.0237626812024,-0.0364506874003708,0.185079195537264,0.422914141984237,0.734567682779207
"gene-LOC134723384|LOC134723384",7.92339287121509,0.000218903142248927,0.183116391185734,0.996748259516693,NA
"gene-LOC134723395|LOC134723395",42.9067474120653,0.0101089278752732,0.178814049574527,0.84366277765124,0.94769256508719
"gene-LOC134723402|LOC134723402",111.644752311717,0.132352775466639,0.153559888510167,0.20248489577644,0.531636209440778
"gene-LOC134723425|LOC134723425",10.820451224077,-0.0497904261379061,0.193899262128339,0.0841940553955802,0.34606267901481
"gene-LOC134723428|LOC134723428",826.806888282,-0.017068844634804,0.164245168670501,0.828098288614294,0.943316813472115
"gene-LOC134723439|LOC134723439",2108.72337221503,0.0375329133122654,0.164324747057909,0.650408185095711,0.865377837906613
"gene-LOC134723467|LOC134723467",287.552162221126,0.00114843227735214,0.184772364506446,0.961330330598272,0.987888161259382
"gene-LOC134723511|LOC134723511",17.9127523993008,-1.03303010262275,0.440345977383305,0.000698686811066915,0.0234092131561135
"gene-LOC134723516|LOC134723516",853.081246453959,0.108423434222082,0.164764626642527,0.276179024183259,0.612575643071522
"gene-LOC134723523|LOC134723523",8332.40998658255,0.0287189957791363,0.14277127143901,0.758330795028873,0.913549089046824
"gene-LOC134723539|LOC134723539",161.319210926963,-0.00948543227987408,0.141983652816204,0.916432663377987,0.974043098561236
"gene-LOC134723546|LOC134723546",375.927035042668,0.08332367537401,0.206515191527463,0.100692441757807,0.37294540033701
"gene-LOC134723608|LOC134723608",69.7828736140943,0.0091891720781848,0.161413703922343,0.910600296837552,0.973810014537272
"gene-LOC134723620|LOC134723620",508.757500715146,0.0297035121037809,0.181559448709489,0.578922488276904,0.822792030282288
"gene-LOC134723621|LOC134723621",8152.46087318963,0.00274569714015209,0.148634696225715,0.976666769663469,0.991980289222603
"gene-LOC134723624|LOC134723624",5496.54048765486,0.0594522912254174,0.149549392242757,0.529680478153686,0.796737530162518
"gene-LOC134723625|LOC134723625",2717.45369994857,0.118787787663218,0.165766693157008,0.253577257042131,0.589661981991635
"gene-LOC134723626|LOC134723626",7.82251967087766,0.0483482531677769,0.187595219827328,0.337084675783582,NA
"gene-LOC134723629|LOC134723629",64.4244465857356,0.00934837828078679,0.185051405039495,0.527428333324113,0.795444259054164
"gene-LOC134723642|LOC134723642",1216.73867051906,-0.0717342947172707,0.175221566157828,0.394416748544067,0.715909525687342
"gene-LOC134723643|LOC134723643",1459.53394609842,0.134449608913849,0.193046473216432,0.185494587666857,0.507815767735654
"gene-LOC134723655|LOC134723655",17.654267432092,0.264958556813982,0.223313513297263,0.0420194224253093,0.250739763094952
"gene-LOC134723656|LOC134723656",5.82716453450352,-0.00540608043572615,0.183888357160819,0.845994531203011,NA
"gene-LOC134723671|LOC134723671",535.89700357771,-0.00135547708548202,0.155348639823552,0.98819300952212,0.994456012889165
"gene-LOC134723672|LOC134723672",604.479369184988,-0.018666501799542,0.149046432452545,0.83300761456471,0.944830017434723
"gene-LOC134723674|LOC134723674",804.014263291973,-0.00529099393314518,0.15579178093916,0.948376625914025,0.984494493039383
"gene-LOC134723675|LOC134723675",657.860707993358,0.0391425225079977,0.150641871006344,0.669020589965285,0.874285257527977
"gene-LOC134723713|LOC134723713",8.51367650365269,-0.0154009112941675,0.181127300243338,0.727847528974181,0.901491104002674
"gene-LOC134723765|LOC134723765",23892.3064036779,0.0785712790582832,0.132252498559055,0.378908930540334,0.704390641045203
"gene-LOC134723778|LOC134723778",16.5990308311436,0.00225496526873194,0.170319944296395,0.975157586854003,0.991980289222603
"gene-LOC134723785|LOC134723785",44.6106342827676,0.125643087361621,0.148010039519794,0.220433111467852,0.553850514675332
"gene-LOC134723789|LOC134723789",281.799176879532,0.0141335352291451,0.177052833968139,0.804735650128906,0.931160199523829
"gene-LOC134723814|LOC134723814",277.644159608381,-0.0236982255962022,0.176437786960623,0.69304110505596,0.885257856795296
"gene-LOC134723816|LOC134723816",281.718121796608,0.0350245239534649,0.160062975349979,0.682389597438518,0.880440491024719
"gene-LOC134723827|LOC134723827",52.6450397137287,-0.319242313951571,0.223598229064483,0.0213264983466594,0.175954596236408
"gene-LOC134723841|LOC134723841",410.864217168962,-0.000251579480901295,0.184656380458669,0.9803361030113,0.992729503672812
"gene-LOC134723868|LOC134723868",269.301394501946,0.416408947239474,0.123577331071841,0.000110189032838389,0.00804820695851593
"gene-LOC134723985|LOC134723985",8.50631589567567,0.0205014731607628,0.174597944636833,0.746723542171067,0.908405854766401
"gene-LOC134724113|LOC134724113",22.7445918002401,0.188174530722075,0.202264093985711,0.101189408048995,0.373447129762233
"gene-LOC134724149|LOC134724149",782.555305887343,0.0484620990222301,0.105731550819712,0.580064166121426,0.822792030282288
"gene-LOC134724165|LOC134724165",38.1616103274656,2.63096122739232,0.717458888638163,1.06362852972225e-05,0.00143865607057247
"gene-LOC134724181|LOC134724181",20.4241233656537,0.0640929577857191,0.162555592642536,0.479445576902607,0.767785681582249
"gene-LOC134724197|LOC134724197",211.912510310815,-0.150884551648002,0.111992328345623,0.0992445867527429,0.370799378289434
"gene-LOC134724233|LOC134724233",11.3201803612678,-0.00767522526544585,0.163246392017517,0.921099331814342,0.976343998089279
"gene-LOC134724260|LOC134724260",21.7727896720505,0.150424789746685,0.214034650892465,0.137538833591978,0.430140311334278
"gene-LOC134724276|LOC134724276",121.315424601379,0.31488566515592,0.151246722379176,0.00743378158960246,0.0967849210881575
"gene-LOC134724334|LOC134724334",92.0343753361088,0.206429993980255,0.149222876046773,0.0585307034932866,0.291128312721651
"gene-LOC134724400|LOC134724400",58.7807062516065,0.29374975969379,0.147206849507869,0.0102632703186292,0.117129572511355
"gene-LOC134724417|LOC134724417",18.0009943342608,-0.133524904198162,0.233515660708852,0.0900655697385607,0.354036627614871
"gene-LOC134724433|LOC134724433",80.0730513277513,0.545418036543941,0.18206712243716,0.000249890344731583,0.0130371362708535
"gene-LOC134724450|LOC134724450",45.1962472633919,-0.403519837240671,0.372595327690486,0.0165705829921204,0.153809765847285
"gene-LOC134724451|LOC134724451",81.6139388492494,0.0368197927345808,0.112552135968301,0.68238675087255,0.880440491024719
"gene-LOC134724452|LOC134724452",19.3896810519676,0.0857636166861544,0.165100833956914,0.365718956013897,0.694362166551989
"gene-LOC134724453|LOC134724453",151.031447260919,0.0586263279335395,0.149320317693835,0.534448838188178,0.80040523076659
"gene-LOC134724455|LOC134724455",43.0946000030399,-0.312127137793446,0.172612491464924,0.0127866538379277,0.134379452708236
"gene-LOC134724464|LOC134724464",72.799568253643,-0.088305364902059,0.206957790932491,0.120051722898136,0.395842456078238
"gene-LOC134724468|LOC134724468",36.3252191686692,0.0296888506416168,0.147194528107443,0.746199715326572,0.908353381995804
"gene-LOC134724472|LOC134724472",36.1059861468745,-0.0663054875125874,0.197183126900179,0.152586001533426,0.453043965528513
"gene-LOC134724473|LOC134724473",13.6314261933634,0.0256889399305376,0.179765631011159,0.633676491342007,0.85623909964459
"gene-LOC134724474|LOC134724474",7.53761298421542,0.0618713152016654,0.189891532619043,0.293362780998367,NA
"gene-LOC134724477|LOC134724477",16.4626327423552,-0.0727173156118036,0.177848464856224,0.377387454028281,0.70263521902181
"gene-LOC134724478|LOC134724478",24.688453350345,-0.0419659362774434,0.135499865856962,0.660284633653252,0.870341358703986
"gene-LOC134724480|LOC134724480",32.6836899112754,-0.0466445594294425,0.13152411076547,0.619625388408672,0.849426395821497
"gene-LOC134724482|LOC134724482",11.4057261419133,0.0272156324041703,0.169816793271459,0.708639557202883,0.89260035633232
"gene-LOC134724490|LOC134724490",93.2838541625245,0.075768878268183,0.154797326410105,0.428807352807702,0.739029944527479
"gene-LOC134724491|LOC134724491",18.0730855080655,-0.136254213144803,0.20206320725858,0.165714199721342,0.474099692426433
"gene-LOC134724498|LOC134724498",22.4712215910832,-0.0928604268342186,0.166777778540276,0.333143014164062,0.667134378779407
"gene-LOC134724501|LOC134724501",32.9131172981419,-0.00682560195774815,0.127505446718432,0.940770342382973,0.982488404284656
"gene-LOC134724502|LOC134724502",82.9243123261815,0.129256685247221,0.105819006295757,0.14327652925211,0.439333236631996
"gene-LOC134724504|LOC134724504",12.1182680739609,-0.10202768670851,0.20667264116363,0.165178401576377,0.47293729718301
"gene-LOC134724510|LOC134724510",158.094347037383,-0.177268915651429,0.131095943269245,0.0790238812082016,0.337213203346322
"gene-LOC134724514|LOC134724514",32.5901555205284,0.292054071895351,0.172390276118399,0.018308571208816,0.161309775765009
"gene-LOC134724516|LOC134724516",283.053799977665,0.0518454432264117,0.161648818041584,0.557566538836057,0.813516979556245
"gene-LOC134724518|LOC134724518",7.27134587323364,0.0350171164842377,0.186618812771322,0.367498709631151,NA
"gene-LOC134724522|LOC134724522",41.6023735445997,0.168371368973686,0.214724091499181,0.119615679896344,0.394969677198417
"gene-LOC134724523|LOC134724523",8.60311838221245,0.171337816370775,0.262536742136469,0.0702545399388606,0.317930086563468
"gene-LOC134724525|LOC134724525",120.640880196234,0.17152072998456,0.152435179327586,0.110360955089865,0.384762012399225
"gene-LOC134724527|LOC134724527",26.3845189451975,0.147778613520987,0.189856967386135,0.16370146558405,0.470063190481412
"gene-LOC134724529|LOC134724529",25.452428782449,0.000597390333590399,0.123288615514956,0.995535239665329,0.998268724672647
"gene-LOC134724530|LOC134724530",1648.52865502866,-0.0190058391655238,0.0653699560680794,0.755625651498715,0.912095481498366
"gene-LOC134724544|LOC134724544",10.2296995057657,-0.0826080021079335,0.207204047165677,0.0800077344016622,0.338893396056645
"gene-LOC134724545|LOC134724545",198.741549675964,0.141374204091936,0.134071989188318,0.159500147564307,0.463954232500874
"gene-LOC134724553|LOC134724553",9.48511111567154,-0.0135735870585178,0.184812588782621,0.60448785050349,0.838112995458901
"gene-LOC134724560|LOC134724560",34.350640469734,0.0188378161739199,0.144727165857188,0.837485685347081,0.947025418203271
"gene-LOC134724561|LOC134724561",20.6156038694322,0.180026499996262,0.161700786256802,0.101286796831734,0.373447129762233
"gene-LOC134724563|LOC134724563",35.8773593959761,0.0125575691865707,0.1768782544625,0.825910954259397,0.94211397209184
"gene-LOC134724564|LOC134724564",309.03652974605,-0.0137760071745743,0.0912762083075643,0.861840223629278,0.953769847483067
"gene-LOC134724569|LOC134724569",58.4172841683045,-0.182003104310824,0.125526610815839,0.0654975558866214,0.307459586664456
"gene-LOC134724580|LOC134724580",19.2370153015686,0.43129729597994,0.375614133500527,0.0150733442794365,0.145629241556884
"gene-LOC134724592|LOC134724592",12.448607873615,0.0991033829942454,0.170061679163537,0.303817727681905,0.640237076994038
"gene-LOC134724593|LOC134724593",127.641164777966,0.0309453558124382,0.109575920018919,0.72767913920348,0.901491104002674
"gene-LOC134724595|LOC134724595",28.3001799809575,0.161962377514881,0.158883558905514,0.132632435958825,0.42050557227088
"gene-LOC134724596|LOC134724596",1748.33130042692,-0.0259873130926019,0.0944252084431986,0.748002877385571,0.909074739470153
"gene-LOC134724598|LOC134724598",31.8108526235516,0.527826674973475,0.215482221587264,0.00119544561068855,0.0335642706371735
"gene-LOC134724599|LOC134724599",31.8724045617147,0.191835124587259,0.151169351979622,0.0774195004188848,0.333651748645211
"gene-LOC134724605|LOC134724605",11.496428488071,-0.0179719470270319,0.183772182829656,0.608092329201753,0.84058975616787
"gene-LOC134724614|LOC134724614",6.35737970723738,0.00345990077986437,0.184223339224957,0.894973215237799,NA
"gene-LOC134724618|LOC134724618",11.7458690617008,0.0595851084858701,0.19178619408117,0.25250696346819,0.589130303037539
"gene-LOC134724621|LOC134724621",9.28076383708963,0.103691982307456,0.181594974270297,0.266984400125236,0.602426338744123
"gene-LOC134724622|LOC134724622",228.555569749813,0.0776457423160749,0.150801842545538,0.425489006436873,0.73574140696376
"gene-LOC134724623|LOC134724623",32.5138785372563,-0.0942266925264398,0.134248064296376,0.333888283949476,0.667657426809053
"gene-LOC134724624|LOC134724624",108.761806372907,0.0790643852748807,0.135682621113031,0.414215267783479,0.730673063606098
"gene-LOC134724625|LOC134724625",11.2403436535288,-0.159669456632367,0.257358544151445,0.0666738555733497,0.310775903706284
"gene-LOC134724628|LOC134724628",7.61794033696607,-0.0369865365307393,0.186899200969134,0.351315750642365,NA
"gene-LOC134724630|LOC134724630",6.03197165496323,0.00111768366971108,0.18273990840986,0.975650757443485,NA
"gene-LOC134724634|LOC134724634",50.9596303058664,0.579971008969423,0.345798147704666,0.00502126125010946,0.0765663719640908
"gene-LOC134724638|LOC134724638",128.495136964868,-0.130671857080181,0.114965059410407,0.157560627652053,0.462177841112688
"gene-LOC134724639|LOC134724639",22.9970104317045,0.0244271338052015,0.130431153758976,0.793998657939769,0.928130564935971
"gene-LOC134724643|LOC134724643",8.09322912934618,-0.0190975306827017,0.179801601858841,0.70362818819403,NA
"gene-LOC134724651|LOC134724651",21.0352159656182,-0.496633524524703,0.541462770596984,0.011854651536213,0.128106619477931
"gene-LOC134724653|LOC134724653",44.7577584858518,-0.484080169960955,0.190417867414234,0.00105410948188575,0.0307968626227741
"gene-LOC134724656|LOC134724656",11.3798866741185,-0.0911891962117921,0.211667547331393,0.0780148232010886,0.33556756660653
"gene-LOC134724657|LOC134724657",409.68701241199,-0.00568918311238202,0.185182730489617,0.747783240173116,0.909074739470153
"gene-LOC134724664|LOC134724664",19.466925385445,-0.0898707072917385,0.169616302406012,0.339655007288935,0.673035775692051
"gene-LOC134724665|LOC134724665",29.1797607187172,0.195370149153342,0.28990514042936,0.0558053142807011,0.286160750479761
"gene-LOC134724667|LOC134724667",50.0602485547304,0.0642583734246073,0.120146507252832,0.489366981568724,0.773331119294237
"gene-LOC134724668|LOC134724668",8.53665810013608,-0.0982851191248082,0.179919378062777,0.287668037145872,0.622556249870652
"gene-LOC134724671|LOC134724671",14.5634838162337,0.0726179724241311,0.159211003876215,0.439226150463232,0.747110480131186
"gene-LOC134724673|LOC134724673",14.7513061641411,0.0200326052543152,0.142282081779302,0.82858939299101,0.943316813472115
"gene-LOC134724675|LOC134724675",17.9038070837482,0.0200366647830131,0.181054166319539,0.671982589950113,0.87473932476885
"gene-LOC134724683|LOC134724683",17.4117506348834,0.0208414350380603,0.176483922968055,0.728061300699145,0.901491104002674
"gene-LOC134724688|LOC134724688",11.7393745602225,0.00143892902965712,0.169589525626406,0.984661352661193,0.993640027609472
"gene-LOC134724701|LOC134724701",15.7180672627507,0.0167339507219073,0.142594602289125,0.856188518481161,0.951912276729093
"gene-LOC134724705|LOC134724705",24.0764250534341,-0.0096853127278511,0.176719106762589,0.860703733924246,0.9535915016752
"gene-LOC134724710|LOC134724710",12.3519644846422,0.0196071725704447,0.180098206002222,0.695002086325439,0.885429430712772
"gene-LOC134724720|LOC134724720",12.1213093906417,-0.0400880689390954,0.188333780420058,0.288609931973096,0.623486229852557
"gene-LOC134724721|LOC134724721",23.3637552822016,0.0182264912237509,0.184054955904529,0.595991513058908,0.83281461859236
"gene-LOC134724723|LOC134724723",9.51349845771244,0.0116161668754621,0.179474238913071,0.813054425202319,0.935794125697722
"gene-LOC134724725|LOC134724725",51.4067642426769,-0.793415040338249,0.223750449673133,2.31652586397484e-05,0.00264373514226128
"gene-LOC134724727|LOC134724727",5.98869483785715,-0.0577406521342624,0.196997629200384,0.0665199309166143,NA
"gene-LOC134724734|LOC134724734",529.790392020094,-0.094833934538221,0.102333621088595,0.267790178385022,0.603070567226158
"gene-LOC134724736|LOC134724736",39.2748687813391,-0.684080909889022,0.233390895021083,0.000216262252682828,0.0119665113151165
"gene-LOC134724739|LOC134724739",34.6491523027757,-0.350017346038213,0.2706590735033,0.019537675742511,0.167699786279633
"gene-LOC134724749|LOC134724749",9.50053381422381,0.00319289324938705,0.183173898257143,0.922829388606588,0.976727238151949
"gene-LOC134724751|LOC134724751",23.3755777701148,0.0983121357395364,0.172312044376358,0.30419337254009,0.64038811285791
"gene-LOC134724759|LOC134724759",79.4538151440899,-0.536694853274436,0.225509111818528,0.001312796525629,0.0348678757207063
"gene-LOC134724761|LOC134724761",34.5904881277012,0.12844454837313,0.18508262380279,0.20502877382098,0.53521449749408
"gene-LOC134724765|LOC134724765",51.4130720879864,-0.0294429142090275,0.162856697964404,0.716572674299039,0.897160554132699
"gene-LOC134724767|LOC134724767",121.741507626883,0.850123308971304,0.426767917564135,0.00189620250508889,0.0424842426293534
"gene-LOC134724768|LOC134724768",9.13156259314673,0.0998086426736054,0.181540399076901,0.279627051116188,0.615121167803291
"gene-LOC134724773|LOC134724773",14.4598481395831,-0.0334861739892251,0.152039515378837,0.708793282854223,0.89260035633232
"gene-LOC134724782|LOC134724782",50.0014351334984,0.0112598213124173,0.102640775083554,0.895734060336402,0.967916535971467
"gene-LOC134724786|LOC134724786",831.331653252425,0.223644706764214,0.123736977032369,0.0250417502364955,0.189932444161333
"gene-LOC134724787|LOC134724787",87.8887887601872,-0.034198948647664,0.123273482932304,0.711131331815991,0.894024369902565
"gene-LOC134724794|LOC134724794",12.6352578104477,0.0286834356186757,0.173163861414941,0.677465307763886,0.87769238627299
"gene-LOC134724795|LOC134724795",105.196416303599,0.0635649988303604,0.120921014158764,0.495001979215873,0.775765940438392
"gene-LOC134724801|LOC134724801",10.2851074891072,-0.055504864410586,0.189538871485638,0.291038042635344,0.626606858340205
"gene-LOC134724804|LOC134724804",9.91330337080962,-0.0130800943099812,0.183322667445496,0.70164015486505,0.888638753447949
"gene-LOC134724809|LOC134724809",38.8192063215651,0.29974231272604,0.435216453857961,0.027238961271917,0.198729057975444
"gene-LOC134724810|LOC134724810",38.5849953066774,-0.0115421053428494,0.135518736649051,0.899939454214164,0.969207475356932
"gene-LOC134724811|LOC134724811",11.2526186555328,-0.0538955880006518,0.155317245298196,0.555073707279298,0.812151113374999
"gene-LOC134724815|LOC134724815",8.39125260669822,-0.00110282889176305,0.157108138418977,0.98867465777198,0.994529637841419
"gene-LOC134724817|LOC134724817",11.722787593684,-0.00282891965737732,0.147200114942457,0.974319534687034,0.991945908801517
"gene-LOC134724825|LOC134724825",13.7097469328976,0.0108171465404165,0.169625154017755,0.879803767223687,0.962421254425911
"gene-LOC134724828|LOC134724828",39.5310016795892,0.0368890268335178,0.157422787332665,0.673810497748729,0.875234556191066
"gene-LOC134724836|LOC134724836",14.0786239634158,0.168793899853649,0.213780237863104,0.119597599105511,0.394969677198417
"gene-LOC134724838|LOC134724838",29.2586843198694,0.180302918734214,0.167328021677066,0.104379310807572,0.377343161813652
"gene-LOC134724840|LOC134724840",8.81198979963259,-0.0197714111090131,0.157534046909854,0.815376016558052,0.937579726848238
"gene-LOC134724841|LOC134724841",48.6429820732709,0.12238817820825,0.146558833736708,0.229542816785759,0.565912643645673
"gene-LOC134724842|LOC134724842",407.596504765281,0.103244598926457,0.119178446594152,0.270999185226013,0.605514845592152
"gene-LOC134724852|LOC134724852",33.762264311626,-0.0507881872445384,0.128484017379283,0.589411038909185,0.828828059137864
"gene-LOC134724854|LOC134724854",181.471747182888,0.0487247631864894,0.0980266314522227,0.559730346043892,0.815371050559352
"gene-LOC134724856|LOC134724856",140.214247733113,0.548988722211815,0.259277333072597,0.00244198996770935,0.049450435649305
"gene-LOC134724857|LOC134724857",14.1446606497914,0.0106478922073041,0.151238848129588,0.904802821016455,0.971721776901072
"gene-LOC134724860|LOC134724860",81.4698688572723,0.0932168506017529,0.103702565783764,0.282525824612634,0.618205099751551
"gene-LOC134724861|LOC134724861",30.1547020250703,-0.0469297859731607,0.14748001318996,0.612025782894772,0.844044497250567
"gene-LOC134724863|LOC134724863",10.0465336813364,-0.0576677046339008,0.188880628801343,0.306847943094857,0.642457573147613
"gene-LOC134724864|LOC134724864",37.5716872460066,-0.712323990082415,0.329879187545012,0.00146384488043445,0.0363670850567796
"gene-LOC134724865|LOC134724865",9.72946237971581,-0.0265273417662767,0.183212620045858,0.540902136303967,0.803480872096684
"gene-LOC134724866|LOC134724866",12.6038009842766,-0.0268442525495916,0.154303031051733,0.759169896698073,0.913937949082784
"gene-LOC134724869|LOC134724869",6.81768016708657,0.000215635131702652,0.183876854006495,0.996210248192532,NA
"gene-LOC134724873|LOC134724873",51.5056225547582,0.0148155113420137,0.108174517382693,0.867195507387865,0.956363579338814
"gene-LOC134724874|LOC134724874",76.2562032454457,0.128388787626148,0.206297614109345,0.169372217629016,0.48061176284473
"gene-LOC134724878|LOC134724878",6.96859818161637,0.00520008659261941,0.180212339409727,0.909239034296735,NA
"gene-LOC134724881|LOC134724881",71.6667542642649,0.0242263440293612,0.128205339453475,0.795645199933769,0.928130564935971
"gene-LOC134724883|LOC134724883",918.677340581761,-0.0080131063016012,0.108804456411225,0.926251788478295,0.978074752500429
"gene-LOC134724884|LOC134724884",831.487536440296,0.488107348040672,0.240485126580228,0.00361797087083356,0.0618867897905581
"gene-LOC134724888|LOC134724888",1626.65749474906,-0.2193700753773,0.154184663622323,0.0479371826889494,0.265453512024326
"gene-LOC134724892|LOC134724892",51.2193004689076,0.057962599560245,0.135835118124623,0.543650471623721,0.804171348953697
"gene-LOC134724893|LOC134724893",116.7429256707,-0.113541068363111,0.179913114617662,0.24392193289961,0.582591373058225
"gene-LOC134724894|LOC134724894",47.7979954965412,0.176374529511855,0.128544498499576,0.07879875861966,0.33677362958338
"gene-LOC134724895|LOC134724895",22.9435936668222,0.054922410212799,0.188842265688223,0.310013668290769,0.645662912231472
"gene-LOC134724899|LOC134724899",133.241040763347,0.103347610855201,0.0954777031786683,0.209440139035146,0.540379610541029
"gene-LOC134724901|LOC134724901",8.16954720863883,0.0634773411929675,0.197595639153816,0.120940244359146,NA
"gene-LOC134724904|LOC134724904",30.9825519256924,0.18034459134578,0.2722742160171,0.0644223139347544,0.305149533709109
"gene-LOC134724908|LOC134724908",19.5399563110228,-0.0528456575413216,0.179854752826607,0.445490822657089,0.750745861268743
"gene-LOC134724909|LOC134724909",40.6953430663777,-0.052715674483148,0.123294581508193,0.571510570039045,0.81908683995263
"gene-LOC134724910|LOC134724910",12.3553968931137,0.00319563419866123,0.16581098840879,0.967039785052026,0.990083906647042
"gene-LOC134724914|LOC134724914",35.5501331600678,0.0138166812713587,0.139681590465106,0.882631694081742,0.96449445448395
"gene-LOC134724916|LOC134724916",66.1003016139032,-0.461563464688272,0.243923876227494,0.00485216047794832,0.0746109055388096
"gene-LOC134724917|LOC134724917",9.90809566206354,-0.0185031156681767,0.183228911355684,0.624437553174426,0.851866247363841
"gene-LOC134724918|LOC134724918",116.39906586498,0.0445006086490216,0.112467444043788,0.621115924840207,0.84979396141643
"gene-LOC134724922|LOC134724922",50.8981750922205,-0.0306554719455013,0.120624077563543,0.738757943979465,0.905360766749624
"gene-LOC134724923|LOC134724923",24.344185259021,-0.0117139139015501,0.183445649136126,0.72043229007482,0.898418549890129
"gene-LOC134724924|LOC134724924",12.4886747701423,0.0874310281229522,0.203571400125555,0.160704554735315,0.465616779072289
"gene-LOC134724925|LOC134724925",11.8132875411951,-0.032434737056518,0.148951960493856,0.727590039647296,0.901491104002674
"gene-LOC134724927|LOC134724927",16.6303632882234,-0.00315916684001108,0.140889013784521,0.971969037459138,0.99111348081943
"gene-LOC134724931|LOC134724931",16.4842017295795,0.19312100738322,0.252936696027277,0.0799715104267902,0.338893396056645
"gene-LOC134724932|LOC134724932",1895.65787897761,-6.66396643426227e-05,0.0642462322004712,0.971980539856185,0.99111348081943
"gene-LOC134724935|LOC134724935",44.1545799070226,-0.312814301539134,0.197444594940743,0.0182551046077778,0.161032951757498
"gene-LOC134724938|LOC134724938",16.2892774307142,-0.19104778945771,0.262664621837753,0.0730488308591098,0.324515865312662
"gene-LOC134724942|LOC134724942",21.6242629000728,0.00786049706040722,0.150731837489443,0.929802749464283,0.978288574198663
"gene-LOC134724944|LOC134724944",55.7680484533649,-1.27971667583727,0.479210947950654,0.000248837969357637,0.0130371362708535
"gene-LOC134724945|LOC134724945",26.9065169943843,-0.0915903530126562,0.176030884691354,0.317856308315671,0.65379399491345
"gene-LOC134724946|LOC134724946",34.6246564194684,0.0760171553138426,0.131288405475392,0.428341476666878,0.738486345601851
"gene-LOC134724950|LOC134724950",11.5294425717422,-0.159835397963,0.223196307172143,0.118049029171709,0.393892238040277
"gene-LOC134724952|LOC134724952",46.2970814509732,0.11624043161323,0.130489350569218,0.235273326359889,0.572298167494372
"gene-LOC134724954|LOC134724954",60.0432965345345,0.126467995776169,0.144974256041433,0.214700074170719,0.546019965787929
"gene-LOC134724956|LOC134724956",9.59697211430883,-0.0159627255065932,0.159159228541871,0.847117798855242,0.948979816386302
"gene-LOC134724958|LOC134724958",14.8093138271439,-0.0670179755124836,0.143472861708489,0.48457516491309,0.769812200806229
"gene-LOC134724959|LOC134724959",15.5701479542141,0.063835626982773,0.178203272245458,0.413533296205917,0.730673063606098
"gene-LOC134724960|LOC134724960",12.594541532826,-0.0326579736678391,0.149582268384465,0.717916535062883,0.897196791053446
"gene-LOC134724966|LOC134724966",19.4197985096565,-0.0265716384681415,0.176354477733486,0.666785615180203,0.873886939453985
"gene-LOC134724967|LOC134724967",8.82824945260269,-0.121258684688798,0.222130803916635,0.111913776324839,0.386800170180124
"gene-LOC134724971|LOC134724971",15.2885818743284,-0.0243905094349682,0.176514407255372,0.686440387760196,0.881738598006672
"gene-LOC134724973|LOC134724973",47.7463126400798,-0.00324578132871933,0.124045806147457,0.971262214801237,0.991072815997239
"gene-LOC134724985|LOC134724985",11.2301061079972,-0.11373586252276,0.17582077639954,0.250002780583685,0.587263367770376
"gene-LOC134724986|LOC134724986",13.9288490834697,-0.033105002414831,0.180453584796615,0.553909309460649,0.811097352907093
"gene-LOC134724987|LOC134724987",11.6386666006602,-0.0486781402285712,0.164873645077368,0.564734631393701,0.817009237008096
"gene-LOC134724988|LOC134724988",18.0568971421378,-0.556763003818956,0.415737603957756,0.00771733227897645,0.0990183720315234
"gene-LOC134724993|LOC134724993",11.7251765951298,-0.0754374612104531,0.197766342692942,0.190261360732878,0.513624629479392
"gene-LOC134724994|LOC134724994",21.9396352691464,0.0540617423363782,0.15639235654389,0.553814998259605,0.811097352907093
"gene-LOC134724997|LOC134724997",9.32444456112197,-0.0245872113805303,0.180118670431416,0.63530754056187,0.857090187710361
"gene-LOC134725003|LOC134725003",9.18523398394742,0.0521386371307017,0.193277212750644,0.153272863377646,0.454299184661183
"gene-LOC134725004|LOC134725004",81.2238175199534,0.0832984415503426,0.111733987400148,0.356360197852003,0.688183280130719
"gene-LOC134725006|LOC134725006",14.0668259733496,-0.0457497913935922,0.177669012283007,0.506132504036718,0.782065315292683
"gene-LOC134725007|LOC134725007",58.2433761457627,-0.190925883995426,0.212048179719739,0.0952303225726864,0.363787801292313
"gene-LOC134725011|LOC134725011",14.0317509528286,-0.0490214206503676,0.150354800816337,0.594238270786788,0.831637541641445
"gene-LOC134725012|LOC134725012",36.3308869935816,-0.030338284883111,0.175111517804414,0.643289050623107,0.862370250040993
"gene-LOC134725013|LOC134725013",16.5849781824675,-0.0611805815387894,0.18920267024557,0.302185019548077,0.638213125574991
"gene-LOC134725016|LOC134725016",32.0313287140651,-0.203677302105237,0.21311178643499,0.0824120836405451,0.342507013483975
"gene-LOC134725018|LOC134725018",21.1710614124403,0.0214982661725333,0.172535852684459,0.751853266289657,0.910103639544865
"gene-LOC134725021|LOC134725021",78.1342639465364,-0.0406619276363062,0.14854969454579,0.657784847619763,0.868745373297953
"gene-LOC134725022|LOC134725022",13.7351074009783,0.169287385051452,0.215648894398027,0.117094076653959,0.393182437900634
"gene-LOC134725029|LOC134725029",29.8944061764078,0.252150460158316,0.194404760497605,0.0429816263583683,0.253379982987508
"gene-LOC134725030|LOC134725030",9.76052936635006,0.0668249822247123,0.163917585162488,0.45945296054094,0.760617503125799
"gene-LOC134725031|LOC134725031",18.7352879537416,0.0686133293081509,0.145132961538732,0.474888108807305,0.765853785338503
"gene-LOC134725041|LOC134725041",57.827939393812,-0.0351967723435531,0.151685917985759,0.694828615991981,0.885429430712772
"gene-LOC134725042|LOC134725042",67.2685958328415,-0.0831024438832648,0.163855355046778,0.377824927880059,0.703091279805338
"gene-LOC134725045|LOC134725045",74.6537747244257,-0.165012075031071,0.176898033795508,0.131898699896025,0.419776951651664
"gene-LOC134725054|LOC134725054",34.029974207524,-0.042067759139855,0.166469446378352,0.604249497386442,0.837941585135859
"gene-LOC134725055|LOC134725055",23.0104361732918,0.0880629327420669,0.151247563437562,0.369690329732152,0.698091563692772
"gene-LOC134725056|LOC134725056",15.4359808822206,0.0130304882610124,0.163697813222227,0.868841719622015,0.957889799263275
"gene-LOC134725059|LOC134725059",19.0143192246316,1.73937751840671,0.487435503318792,1.56157861776321e-05,0.002001012320025
"gene-LOC134725067|LOC134725067",11.3536301490118,0.0429613691467451,0.17632191602009,0.536583461321666,0.800777567013534
"gene-LOC134725068|LOC134725068",36.8122304104454,0.0158016600098792,0.119290829279519,0.863748904131332,0.954382077635501
"gene-LOC134725070|LOC134725070",23.2593687913768,-0.565540313367262,0.295212187513878,0.00333825660017546,0.0591811315720426
"gene-LOC134725071|LOC134725071",29.6841140050873,-0.613294752827597,0.319500242504342,0.00289029625198722,0.0555594544734336
"gene-LOC134725072|LOC134725072",13.6639857083338,-0.0256734160993398,0.183030502962661,0.554845052792424,0.812059813856363
"gene-LOC134725077|LOC134725077",9.48849938183504,-0.0219948998961255,0.177392740617325,0.702765230245095,0.889093026307605
"gene-LOC134725080|LOC134725080",28.1052022047245,0.0738604129969562,0.14332850852226,0.446179816619155,0.751417426927901
"gene-LOC134725084|LOC134725084",6.77943173637623,0.0405320836547147,0.18735982502408,0.337614461921652,NA
"gene-LOC134725087|LOC134725087",14.9871853974789,0.500249076595879,0.410003689482241,0.0108560249072959,0.120688593489938
"gene-LOC134725089|LOC134725089",673.264486161309,0.836008706681869,0.349449438982229,0.000865426302737988,0.0278461397145298
"gene-LOC134725095|LOC134725095",617.875151387897,-0.000838372051676465,0.123654871178481,0.991383928517421,0.995883401717954
"gene-LOC134725097|LOC134725097",8.10446768689526,0.0185613493940229,0.178952881163359,0.725910411236407,NA
"gene-LOC134725100|LOC134725100",81.2801960478836,0.187483640605597,0.161381518726334,0.0906094416698832,0.355049013925336
"gene-LOC134725101|LOC134725101",118.159667591481,0.507998223147676,0.19953492852782,0.00100073388939141,0.030083479471047
"gene-LOC134725107|LOC134725107",7.85798612917201,-0.0591483851092308,0.179761966603434,0.419359927130642,NA
"gene-LOC134725111|LOC134725111",40.2936039454416,0.0416024051580177,0.12289823737045,0.654870781383517,0.867334287483693
"gene-LOC134725112|LOC134725112",7.08923166232874,0.0135292311054264,0.184587849526135,0.629481631601042,NA
"gene-LOC134725113|LOC134725113",163.905921415725,0.0817008264332979,0.105417086613536,0.350388508828541,0.68310349960589
"gene-LOC134725114|LOC134725114",38.7495488349605,0.0539444843194202,0.123179142102524,0.56387801389984,0.817009237008096
"gene-LOC134725116|LOC134725116",38.0974498033539,0.0647438371053916,0.145634462162867,0.497360463251039,0.775841529303202
"gene-LOC134725125|LOC134725125",840.314182037711,-0.0176348548669568,0.078237936579697,0.803286533988491,0.930401036699602
"gene-LOC134725126|LOC134725126",144.029755552683,0.0233897861928251,0.120407513255697,0.800352656508436,0.9292283902619
"gene-LOC134725128|LOC134725128",10.4977249831488,0.119472488676158,0.207632893621631,0.171037563542255,0.482152977272338
"gene-LOC134725130|LOC134725130",9.18202402440731,0.00363782366784233,0.170413770858865,0.95856718172156,0.986765553736196
"gene-LOC134725131|LOC134725131",42.1266545170421,-0.046206146036073,0.137807411081388,0.622580060048595,0.850425520723292
"gene-LOC134725132|LOC134725132",14.5613624633954,-0.0650364539023468,0.16355141796938,0.46850928013687,0.763108981909643
"gene-LOC134725134|LOC134725134",40.6379326228361,-0.146053506899235,0.155997238038096,0.164701461852231,0.471756657791646
"gene-LOC134725135|LOC134725135",34.3865751123566,0.145657036690134,0.187028935320518,0.167667520801564,0.477630098258435
"gene-LOC134725139|LOC134725139",21.7358886108647,0.0997261592738585,0.170447242325788,0.302297806727788,0.638213125574991
"gene-LOC134725140|LOC134725140",62.3703551904618,0.230943892759767,0.184110081487525,0.0543134152304357,0.282151625066218
"gene-LOC134725142|LOC134725142",15.1412090143728,-0.0627439176512846,0.164707073599494,0.477577711653268,0.766288513519123
"gene-LOC134725149|LOC134725149",74.5210178472524,0.583823728837276,0.301835875350593,0.00323065875515616,0.0584513333430839
"gene-LOC134725150|LOC134725150",35.9783769035301,-0.202135862099033,0.18186187758722,0.0799283143079772,0.338893396056645
"gene-LOC134725151|LOC134725151",19.1617362385667,0.16647495327888,0.195662443877682,0.127187717137841,0.410114261902171
"gene-LOC134725152|LOC134725152",179.290103835833,0.860582586334739,0.18444117853001,2.06411703709515e-07,6.23839858141679e-05
"gene-LOC134725159|LOC134725159",24.0984773270754,0.0786875780694608,0.186536330194754,0.310977457579019,0.646661958146291
"gene-LOC134725160|LOC134725160",13.5361844132716,-0.18311755358864,0.258466516180273,0.0765348180424067,0.332546288507875
"gene-LOC134725162|LOC134725162",14.6124521518615,-0.0675416183754871,0.150890182118211,0.47713786280303,0.766288513519123
"gene-LOC134725164|LOC134725164",10.6395329289749,-0.029028830048797,0.169911759927907,0.69227333466438,0.885062915524004
"gene-LOC134725165|LOC134725165",8.7928106941633,-0.0607971160811159,0.19301374089911,0.22156582446111,0.555549873623052
"gene-LOC134725166|LOC134725166",37.1946527798878,0.111257231958578,0.157007149716296,0.271121320122704,0.605587193326063
"gene-LOC134725168|LOC134725168",22.725675154945,0.0162732409181633,0.156683497568741,0.850730834567362,0.949638636043124
"gene-LOC134725169|LOC134725169",21.4061409220479,-0.0136074140644834,0.172659092558854,0.833648265028492,0.944886253276339
"gene-LOC134725171|LOC134725171",59.0968082470639,-0.0829415331785503,0.126259915919358,0.382566600152244,0.707051226597164
"gene-LOC134725176|LOC134725176",10.8429451035235,0.0430976266475043,0.181435909628957,0.477746765340169,0.766288513519123
"gene-LOC134725177|LOC134725177",169.668900174543,-0.160072320126452,0.0945266827968623,0.0506838191681077,0.272602809428467
"gene-LOC134725179|LOC134725179",23.2861330193076,0.103854829041479,0.14199505007468,0.297036715314599,0.632493649518168
"gene-LOC134725182|LOC134725182",54.7820474920326,0.0241864117370328,0.119625334442038,0.792575857107455,0.927763996462669
"gene-LOC134725183|LOC134725183",8.96918190701924,0.0353349317918644,0.180814802297417,0.53466280406766,0.80040523076659
"gene-LOC134725187|LOC134725187",34.5579606819104,0.00222828612710587,0.138579693976263,0.981584402454141,0.992729503672812
"gene-LOC134725188|LOC134725188",30.1222300797814,-0.0173316034064127,0.155712708711875,0.839142800289223,0.94707747408349
"gene-LOC134725190|LOC134725190",33.7912775267493,0.234187451852152,0.220153690131906,0.0597659262746371,0.293564442172124
"gene-LOC134725191|LOC134725191",6.83273302955569,-0.0234520623304941,0.185821286385363,0.422404669927936,NA
"gene-LOC134725192|LOC134725192",14.2826116043861,-0.227887785792352,0.290146880485626,0.0543908139821944,0.282352882250141
"gene-LOC134725196|LOC134725196",38.344796331172,0.167414785281811,0.130639411268519,0.0954898569097732,0.364490557265249
"gene-LOC134725203|LOC134725203",19.5412023920166,0.0494485396390451,0.144257239796751,0.599657301869755,0.835698708806848
"gene-LOC134725204|LOC134725204",20.7443158337415,0.345943821596341,0.230496003183166,0.0168608195874395,0.154236579754026
"gene-LOC134725207|LOC134725207",23.9677453363504,-0.116477334948945,0.168006554348534,0.248814846160584,0.58567310227422
"gene-LOC134725209|LOC134725209",8.39914180127586,0.00310174852997483,0.174015306591578,0.960951670941287,0.98772741409445
"gene-LOC134725212|LOC134725212",6.97706286390048,-0.108217838811936,0.228242961926387,0.0286701702486309,NA
"gene-LOC134725221|LOC134725221",159.930529408587,0.0692854811942419,0.130124713719114,0.467982816146757,0.762979127039266
"gene-LOC134725225|LOC134725225",29.6681024081107,0.145169380015206,0.203560928273005,0.154522599702555,0.456013360899983
"gene-LOC134725236|LOC134725236",30.8682144217889,0.322570637476647,0.185852625966987,0.0138604812832939,0.139444842001623
"gene-LOC134725243|LOC134725243",15.334039040546,-0.0347438695311751,0.158545511488327,0.686524220683989,0.881738598006672
"gene-LOC134725244|LOC134725244",13.8138113961668,-0.227151832882002,0.251309959338755,0.0628354134619378,0.301345935604723
"gene-LOC134725245|LOC134725245",6.59952363717136,-0.000673466401963933,0.170504791053724,0.991243473980252,NA
"gene-LOC134725246|LOC134725246",11.7539995985904,-0.00852575854104015,0.162333645804267,0.911067243019251,0.973810014537272
"gene-LOC134725247|LOC134725247",9.40700916575978,0.00593859529503119,0.176329144319414,0.917739927307726,0.974594504582122
"gene-LOC134725248|LOC134725248",13.6431789099968,-0.0662700464636195,0.172057235263752,0.433224605958123,0.742438414340246
"gene-LOC134725249|LOC134725249",18.5213668125007,-0.106426087316912,0.188981372463796,0.239152490130779,0.576682003273427
"gene-LOC134725254|LOC134725254",18.7038178395483,0.0672570540258644,0.145182863174038,0.481912908588975,0.768703185047799
"gene-LOC134725257|LOC134725257",8.78118550403873,0.00472916437237578,0.183186695530899,0.885417720365866,0.964901063575253
"gene-LOC134725258|LOC134725258",42.0916912843566,0.00771676746717681,0.140470193040958,0.93418199296317,0.97993182200244
"gene-LOC134725261|LOC134725261",29.3435245537112,-0.0820840487740505,0.198144831842912,0.203117715379098,0.532892167072174
"gene-LOC134725264|LOC134725264",7.26945130476188,0.00085232932038749,0.179994772408448,0.986679533123739,NA
"gene-LOC134725265|LOC134725265",11.0830411080527,0.0110836450136761,0.163980868737274,0.888075955414693,0.965876007167068
"gene-LOC134725266|LOC134725266",49.3433911613105,0.22306687917487,0.194866816426301,0.0642465124811489,0.305108275138044
"gene-LOC134725267|LOC134725267",26.2808533264849,-0.022993675066268,0.139579409593255,0.802310149360526,0.930169288721522
"gene-LOC134725269|LOC134725269",299.051726907161,0.0537454714036849,0.142852893028619,0.569449331884498,0.817946493625246
"gene-LOC134725270|LOC134725270",214.379510288019,-0.157034371244664,0.116763477029495,0.0949226544862267,0.362802233577917
"gene-LOC134725271|LOC134725271",19.0944986583393,-0.114590492082657,0.202721955948627,0.186390802856167,0.50874380570308
"gene-LOC134725274|LOC134725274",90.889501023693,0.0509249682768489,0.136258580673481,0.590312673288385,0.82884347668173
"gene-LOC134725276|LOC134725276",20.5089891187906,0.174866934912201,0.265105056028364,0.0697094628284875,0.31777201574289
"gene-LOC134725277|LOC134725277",17.3474081299785,-0.0446912045504474,0.152753905944972,0.622021357767002,0.850317049809129
"gene-LOC134725278|LOC134725278",37.5966445510221,0.197283405111161,0.130515919349427,0.0524668456752971,0.276292603325429
"gene-LOC134725281|LOC134725281",9.987351192027,-0.17185168310435,0.245525857335089,0.0893698292878401,0.352841747631559
"gene-LOC134725284|LOC134725284",8.84076483414445,0.0406228590540966,0.185668717762964,0.395871796986248,0.717302804561537
"gene-LOC134725285|LOC134725285",27.9763397331216,0.38117405908786,0.18421288313254,0.00508557342360585,0.0767313580054311
"gene-LOC134725286|LOC134725286",30.1883129391497,0.125462363364267,0.152991033368014,0.222910187573534,0.557470916133806
"gene-LOC134725287|LOC134725287",143.607890982496,-0.352137142397173,0.21351007042255,0.0125224447263902,0.13274881898629
"gene-LOC134725289|LOC134725289",20.7077663477101,0.17175667532089,0.229619328707476,0.105712284915531,0.379794652741288
"gene-LOC134725293|LOC134725293",25.9972619942724,-0.285145160967415,0.287035247694471,0.0371249292829157,0.234162766392415
"gene-LOC134725294|LOC134725294",10.3578565642171,0.0287434246400216,0.18144276908296,0.573395993302666,0.820634111389297
"gene-LOC134725295|LOC134725295",84.3443550567948,0.261907580522021,0.156485959435902,0.02371466833131,0.183487221919373
"gene-LOC134725306|LOC134725306",18.3409587548966,-0.0152461015542554,0.16548680762687,0.841175385631403,0.94707747408349
"gene-LOC134725307|LOC134725307",17.2298221904578,0.0175204486810667,0.163788309745702,0.824918778850771,0.941732847878405
"gene-LOC134725308|LOC134725308",112.642679615612,0.248293861735916,0.101033209380546,0.00468307538474327,0.0730879970302668
"gene-LOC134725309|LOC134725309",20.5204072542437,-0.231995894544762,0.321098967587326,0.044026719865549,0.255417920490842
"gene-LOC134725311|LOC134725311",10.7106410214706,0.0648574500381418,0.162558040150334,0.47416635170812,0.765558069143675
"gene-LOC134725313|LOC134725313",20.6857120706607,0.0282176641252443,0.175960498816527,0.658458716044961,0.869313587187672
"gene-LOC134725314|LOC134725314",11.1421957080163,0.0575164741052516,0.181739338036333,0.409769196962623,0.725881296710734
"gene-LOC134725315|LOC134725315",52.6951530875317,-0.0109177831431048,0.102670317251429,0.898044432719987,0.968718523675564
"gene-LOC134725316|LOC134725316",8.83263200410643,0.0225721810351238,0.183196084817473,0.582721318256205,0.823801544094612
"gene-LOC134725317|LOC134725317",800.775845395489,0.0614750927722703,0.0830798029376849,0.408908247437011,0.725571480650996
"gene-LOC134725318|LOC134725318",12.7300894518565,-0.0413336745792616,0.187658327614878,0.322990885962384,0.658835572789111
"gene-LOC134725322|LOC134725322",11.9787775971601,0.0247534458658895,0.155552683887748,0.776542290790237,0.921617126274472
"gene-LOC134725330|LOC134725330",21.213057618117,0.185012512241046,0.177300971812098,0.101660003913013,0.373805442578181
"gene-LOC134725332|LOC134725332",83.4698908532421,0.0214717298081101,0.120353072384293,0.816019540599185,0.937860797680614
"gene-LOC134725337|LOC134725337",9.40849158033728,0.111717526413192,0.181675635356873,0.247946947600811,0.585394060688682
"gene-LOC134725345|LOC134725345",18.6245839127267,0.111790955431265,0.161332732384563,0.268084083643881,0.603070567226158
"gene-LOC134725347|LOC134725347",126.76233192393,-0.534909081314955,0.26868793884077,0.00305431993499543,0.0572374108971868
"gene-LOC134725348|LOC134725348",12.0782475242537,-0.0369559233628208,0.183490467037473,0.466572837290846,0.762382103707458
"gene-LOC134725350|LOC134725350",67.1519279762413,0.599933362547862,0.359692326268412,0.00491027920495772,0.0751880069455161
"gene-LOC134725352|LOC134725352",19.8489090682532,-0.00945000904827575,0.160798566323177,0.906307455960156,0.972622635664558
"gene-LOC134725353|LOC134725353",77.579003200716,-0.0512992986071219,0.103708037545217,0.551380232071376,0.810665485595894
"gene-LOC134725354|LOC134725354",122.185764348166,0.045556715952947,0.148034782842804,0.624651745723356,0.851922563396993
"gene-LOC134725355|LOC134725355",76.066948856279,-0.29974632577904,0.13149366750336,0.00509121580145514,0.0767313580054311
"gene-LOC134725359|LOC134725359",16.5542672892706,0.117559793369715,0.174989631696898,0.242336832683197,0.58090850867019
"gene-LOC134725362|LOC134725362",48.364451415564,-0.20425494307927,0.207129008857417,0.08200507731005,0.342202283132397
"gene-LOC134725363|LOC134725363",36.3628021383719,-0.159393117914916,0.184008885675252,0.141856310624584,0.437145460449297
"gene-LOC134725364|LOC134725364",11.8492938823814,0.178622068428487,0.243247365826533,0.0914380345766155,0.357146205640428
"gene-LOC134725365|LOC134725365",47.7059066740236,0.0118100483326936,0.1187668545404,0.897916970277614,0.968718523675564
"gene-LOC134725366|LOC134725366",35.6647600996141,0.218366988757701,0.179891592816829,0.0638480157726265,0.304204766603564
"gene-LOC134725367|LOC134725367",27.1742347130684,-0.00186585449382169,0.149174942719915,0.982334722207276,0.992925975518212
"gene-LOC134725368|LOC134725368",56.7255454848697,0.240011771705445,0.199596110006844,0.0522660784478459,0.275831963138054
"gene-LOC134725369|LOC134725369",67.4998865187369,0.0836782936303645,0.108521713828018,0.34694559687887,0.679663050269696
"gene-LOC134725370|LOC134725370",11.6809608482345,0.164952412297418,0.238101593731204,0.0999034654835305,0.371724356541878
"gene-LOC134725371|LOC134725371",11.7781196350437,-0.3014383125229,0.39383593374005,0.0287917404744582,0.204245113808884
"gene-LOC134725372|LOC134725372",16.0563804530919,-0.218123674818729,0.339855031132207,0.0356913820213316,0.229097046065444
"gene-LOC134725373|LOC134725373",90.8092275620373,0.164712601700938,0.145534304332175,0.117948155722974,0.393892238040277
"gene-LOC134725376|LOC134725376",11.0620613033808,-0.0129715269925553,0.159217463620125,0.874767827581324,0.959851711962507
"gene-LOC134725378|LOC134725378",18.2050262997712,-0.145572350125275,0.213289091066769,0.140178684336634,0.434577720880634
"gene-LOC134725384|LOC134725384",6.37045653677521,0.0330801520077486,0.187554208868158,0.303965787185626,NA
"gene-LOC134725387|LOC134725387",27.581948197558,0.0725112939957993,0.177034339722449,0.384913317871719,0.709234831921049
"gene-LOC134725389|LOC134725389",74.623973071784,0.0224943767634052,0.110892316013068,0.801532593466455,0.929908785195012
"gene-LOC134725391|LOC134725391",12.2841061115393,-0.0564154840576812,0.164596364437716,0.517620192326092,0.788960326533759
"gene-LOC134725392|LOC134725392",15.9594537305779,0.1576419446468,0.273501457858567,0.0360528413892784,0.230384911204978
"gene-LOC134725393|LOC134725393",26.9157902391125,-0.0359915543449843,0.155544239119893,0.682730741916851,0.880511724932235
"gene-LOC134725395|LOC134725395",75.4781280443204,0.13745836753347,0.175346299649708,0.189688181414337,0.513624629479392
"gene-LOC134725396|LOC134725396",28.2643800832086,-0.0246150314453818,0.143895606457628,0.787595257859644,0.926070333115688
"gene-LOC134725409|LOC134725409",82.4155985359654,0.17973203763737,0.12938482157754,0.0738939197055231,0.325534299732559
"gene-LOC134725410|LOC134725410",24.456687784073,-0.227761631659697,0.252412889712432,0.0621260303279304,0.299470571584153
"gene-LOC134725412|LOC134725412",17.9105777417486,-0.0946447618486665,0.183236840802071,0.287448297942493,0.622556249870652
"gene-LOC134725423|LOC134725423",9.19716925898607,0.0433510273446717,0.180982791854411,0.482642534169001,0.768733904638168
"gene-LOC134725429|LOC134725429",10.0624257999044,-0.0761245962651548,0.193894707466026,0.245507314131394,0.583684132857744
"gene-LOC134725433|LOC134725433",58.6795270497078,0.100993183317206,0.11972854347929,0.281748818033963,0.617179556614731
"gene-LOC134725434|LOC134725434",7.72959310369256,0.0226193215063948,0.181416363155409,0.63398769191751,NA
"gene-LOC134725435|LOC134725435",14.611070691685,-0.0260561591553838,0.176904607872234,0.666098303314002,0.873638394311296
"gene-LOC134725439|LOC134725439",6.42656675368902,-0.0124438988189649,0.184514665378277,0.649158464277659,NA
"gene-LOC134725445|LOC134725445",110.480967668219,0.0488361423121538,0.0992799828865263,0.561859515285708,0.816455812197265
"gene-LOC134725446|LOC134725446",9.5740310318805,0.00136970673513883,0.182409300968553,0.969306622493274,0.990571682794176
"gene-LOC134725448|LOC134725448",13.8605740847446,0.0226907150203183,0.158727636703252,0.787995225757108,0.926070333115688
"gene-LOC134725451|LOC134725451",17.9202212055457,0.229285958602166,0.233418301190404,0.0640749326640374,0.304689653761803
"gene-LOC134725453|LOC134725453",18.0142240019287,0.0335414453230048,0.148436041322732,0.713947467216304,0.895621835220216
"gene-LOC134725457|LOC134725457",6.93554186549868,-0.00225002064029904,0.181886746616234,0.95105540964413,NA
"gene-LOC134725459|LOC134725459",558.04103997725,-0.0160996254368858,0.0988014852496491,0.848433725942795,0.949567149848377
"gene-LOC134725460|LOC134725460",11.6814464164172,0.172260904002926,0.212680876428609,0.116447196022249,0.391717606465701
"gene-LOC134725461|LOC134725461",10.3380588179253,0.0115901696958871,0.155926495400647,0.8927212891007,0.96692218063611
"gene-LOC134725463|LOC134725463",32.3956653058604,0.697848365091495,0.168686376200332,2.73486053247359e-06,0.000525668982347029
"gene-LOC134725467|LOC134725467",10.3182884523821,-0.0067493792241038,0.171972810893634,0.917425103793417,0.974572611923969
"gene-LOC134725473|LOC134725473",8.24280550927187,0.0277684303987371,0.182226937815216,0.562782488818663,NA
"gene-LOC134725474|LOC134725474",18.653602610729,-0.112229053063784,0.183836580618579,0.240238324980832,0.578318917167353
"gene-LOC134725475|LOC134725475",23.6125036655996,0.226959883392951,0.236663205586522,0.06538239600673,0.307459586664456
"gene-LOC134725476|LOC134725476",7.39571429046977,-0.0413608946893975,0.189909995368515,0.206406043974133,NA
"gene-LOC134725477|LOC134725477",37.3714815233529,0.34748008933157,0.207545805778769,0.0129294947347473,0.134910042203706
"gene-LOC134725479|LOC134725479",16.7428695602275,-0.129733871674246,0.187090509902818,0.197774377807345,0.524463940700506
"gene-LOC134725480|LOC134725480",67.5326543829484,-0.00820476106880552,0.119958214694488,0.928030820965858,0.978198919183154
"gene-LOC134725486|LOC134725486",108.661940854677,0.556460110307972,0.235585090467076,0.00138241658409164,0.0352104113057566
"gene-LOC134725487|LOC134725487",91.5140550592774,0.154501777495,0.126488078481334,0.115863198219862,0.39073973939958
"gene-LOC134725490|LOC134725490",31.508499728754,-0.437762175407024,0.380355299830731,0.013547183396868,0.138003664617467
"gene-LOC134725495|LOC134725495",150.869095337213,-0.291064619367764,0.101995698930024,0.00112087410297249,0.0318555036891481
"gene-LOC134725496|LOC134725496",60.7739208287294,0.073767509825578,0.106006464672386,0.399705400006604,0.718347290670998
"gene-LOC134725499|LOC134725499",11.8134024489239,0.138162793066716,0.227359745095861,0.115180031930805,0.390394440055923
"gene-LOC134725503|LOC134725503",30.0324087973291,-1.05585254511329,0.82998208608248,0.00359856612059283,0.0617031448855608
"gene-LOC134725505|LOC134725505",15.0606696468852,-0.0316574806090377,0.180861819143685,0.55674742648112,0.813198673919836
"gene-LOC134725512|LOC134725512",92.0072568780378,-0.0522833030334582,0.133305358114106,0.578408416298378,0.822768831635782
"gene-LOC134725518|LOC134725518",18.2588601694143,-0.112701824603679,0.1833728148993,0.240306395619238,0.578318917167353
"gene-LOC134725521|LOC134725521",55.2314492708827,0.0590159288577385,0.121396540047431,0.526424188444836,0.79498896697287
"gene-LOC134725523|LOC134725523",9.61695298855392,0.101269932501425,0.170161856715745,0.296500070929224,0.632493649518168
"gene-LOC134725525|LOC134725525",34.4138591691614,0.317107474455395,0.306842630510804,0.0300609346465979,0.208712040550144
"gene-LOC134725527|LOC134725527",36.1828345545371,0.199970274416377,0.213272945054465,0.0880247653838607,0.350822520724919
"gene-LOC134725528|LOC134725528",46.3435553586614,0.323730303053538,0.165573383230478,0.00911957235108199,0.109820855267527
"gene-LOC134725529|LOC134725529",373.097355907815,-0.0687357503895192,0.137688929195453,0.47252761459785,0.765376164698452
"gene-LOC134725530|LOC134725530",238.760220083687,0.143559897839014,0.100420362262651,0.093468662331843,0.360370690491233
"gene-LOC134725532|LOC134725532",1216.40469933876,0.0290387193696384,0.0870954632246732,0.706393210711581,0.891566616733608
"gene-LOC134725534|LOC134725534",25.5572456722218,-0.254293420184719,0.198699998104003,0.0424388775324,0.252011025607032
"gene-LOC134725535|LOC134725535",9.58680368840217,-0.0479606348455029,0.190728483305427,0.223949967221097,0.558651147740059
"gene-LOC134725537|LOC134725537",1783.02530157384,0.0492451020685869,0.0741684237862043,0.466975719957541,0.762543568613393
"gene-LOC134725539|LOC134725539",8.22700308148263,-0.0277175188500152,0.185667168944039,0.422398159872051,NA
"gene-LOC134725540|LOC134725540",22.765808523509,0.0318593149213139,0.136972426068589,0.734601777861324,0.904191610246111
"gene-LOC134725541|LOC134725541",8.26444884154624,0.0158162463498792,0.183803715338011,0.640942054041576,NA
"gene-LOC134725543|LOC134725543",99.2437082090225,0.138629881538779,0.129073283813567,0.163160711885567,0.469738210331961
"gene-LOC134725544|LOC134725544",37.0186582087763,-0.485599519467263,0.273282145574899,0.00539613034446819,0.0791432450522001
"gene-LOC134725546|LOC134725546",57.88976735043,0.0286089725217785,0.103937534172284,0.740917789707189,0.905785755552463
"gene-LOC134725551|LOC134725551",245.054298592889,0.411235931670402,0.125674959959684,0.000157325375846547,0.00981920274047414
"gene-LOC134725552|LOC134725552",364.199767931071,-0.15078564175044,0.135492808466345,0.134538573337362,0.423564542955211
"gene-LOC134725553|LOC134725553",47.607388495268,0.115632956332348,0.142278306743583,0.250184992608139,0.587263367770376
"gene-LOC134725558|LOC134725558",24.6487311497379,-0.259165373527529,0.317524629638901,0.0420390872670588,0.250739763094952
"gene-LOC134725559|LOC134725559",46.0724806411663,-0.138528864652951,0.122750248207685,0.14893943417927,0.447291411857814
"gene-LOC134725564|LOC134725564",9.62428566760951,-0.677034114795122,0.775859100749097,0.00774399598338568,0.0990580501972837
"gene-LOC134725565|LOC134725565",41.2002214364497,0.0306880676720253,0.123524557240683,0.74153495145351,0.905785755552463
"gene-LOC134725566|LOC134725566",18.1085037049585,0.00164734268825789,0.158667365362005,0.985085360336889,0.993815189016493
"gene-LOC134725567|LOC134725567",61.5200585623936,0.037066589320035,0.117627087105453,0.686310148459286,0.881738598006672
"gene-LOC134725568|LOC134725568",12.0520329071342,-0.0510041542138543,0.167608492011434,0.539715067128631,0.802540482554462
"gene-LOC134725572|LOC134725572",54.8038813046364,-0.291265115407544,0.239854652025849,0.032039459521685,0.215742414339212
"gene-LOC134725573|LOC134725573",10.0322899563411,0.172983418205622,0.265113057613691,0.0680522940104016,0.313994918162965
"gene-LOC134725580|LOC134725580",7.86854967929849,0.0584896977634187,0.198072017025075,0.0394670335407102,NA
"gene-LOC134725581|LOC134725581",8.87611125607446,0.0394208006798872,0.176259847558199,0.564211986318878,0.817009237008096
"gene-LOC134725584|LOC134725584",16.4880940874993,-0.0267492593659551,0.161802456593383,0.744423497098811,0.907640002266787
"gene-LOC134725585|LOC134725585",10.5896690467413,-0.00863436988706922,0.158512504499987,0.91596807360373,0.974043098561236
"gene-LOC134725587|LOC134725587",75.0029308204041,-0.145693307120725,0.127806922977013,0.13762841012982,0.430140311334278
"gene-LOC134725588|LOC134725588",79.8681460371399,-0.00761932697846288,0.107769368899798,0.930392654422571,0.978345195468773
"gene-LOC134725589|LOC134725589",11.7819388077592,0.00230240808285906,0.154354723009602,0.979192126495876,0.992648326282467
"gene-LOC134725590|LOC134725590",14.6698401818898,0.110361488412942,0.192548935039851,0.226534388477554,0.562408964459569
"gene-LOC134725593|LOC134725593",1866.38877978027,-0.011375549426211,0.0679905814789967,0.857014000656193,0.952095318893577
"gene-LOC134725606|LOC134725606",30.7234212218615,0.0866145665160636,0.195375193774288,0.238391441817398,0.575606972242735
"gene-LOC134725607|LOC134725607",8.66582157672417,0.0176065049181866,0.155632425607751,0.838259733389234,0.94707747408349
"gene-LOC134725611|LOC134725611",31.0959085433332,0.0175442111963626,0.169022441792874,0.809725143434445,0.934170343965438
"gene-LOC134725612|LOC134725612",9.27879185407594,-0.0128984309685162,0.177514780458666,0.811878016280468,0.935302339935327
"gene-LOC134725614|LOC134725614",9.07986032912782,-0.0985293910371247,0.175597861921653,0.296468504020098,0.632493649518168
"gene-LOC134725617|LOC134725617",212.786181895067,0.0185153622499022,0.137356604651533,0.840840007017388,0.94707747408349
"gene-LOC134725619|LOC134725619",6.90280507992617,0.00753552681219038,0.183730306235671,0.803061157431514,NA
"gene-LOC134725623|LOC134725623",92.0128011214972,0.00554688028278503,0.0956999344520611,0.946691523193796,0.984382904200939
"gene-LOC134725624|LOC134725624",147.866886434095,0.273668293822816,0.108211846091792,0.00323740026387164,0.0584513333430839
"gene-LOC134725626|LOC134725626",33.0480779642104,-0.0332835204724777,0.12277786034655,0.719161627758876,0.897533909930502
"gene-LOC134725629|LOC134725629",20.560164311174,0.0604424943970692,0.14980460191778,0.522890743769142,0.793351473304905
"gene-LOC134725630|LOC134725630",71.4647413423069,0.235037216011036,0.131759057621239,0.024007396398509,0.185049942535807
"gene-LOC134725632|LOC134725632",679.346376778759,-0.0791349232514907,0.122214678161537,0.397398123588632,0.717599701142351
"gene-LOC134725633|LOC134725633",44.9371714739232,0.480253286852676,0.149081054535411,0.000145217807941559,0.00969784021238205
"gene-LOC134725634|LOC134725634",9.5266912014036,-0.190532991955456,0.298356261582035,0.0449885382313273,0.258127480943923
"gene-LOC134725635|LOC134725635",13.0043733008533,-0.0574059804048706,0.195090011471111,0.135648577060588,0.4264025707202
"gene-LOC134725636|LOC134725636",16.4914626925747,0.104673930678447,0.173851530011231,0.281958149229719,0.617321155942786
"gene-LOC134725639|LOC134725639",12.4688689134704,0.0827095142507492,0.174370449458841,0.356385206757569,0.688183280130719
"gene-LOC134725643|LOC134725643",53.8485412238829,0.541561906384207,0.271492050332924,0.00320062217141585,0.0584433608500535
"gene-LOC134725644|LOC134725644",60.5502378180352,0.224531873922673,0.154827703265224,0.0452329850154422,0.258919845260807
"gene-LOC134725651|LOC134725651",537.066029122025,0.143259639054388,0.0917413827976511,0.0739870879617804,0.325534299732559
"gene-LOC134725654|LOC134725654",91.9181211890171,-0.249635681663195,0.165265099331772,0.0330048200288234,0.218952956848798
"gene-LOC134725656|LOC134725656",18.1184241173164,0.064135067781006,0.186254345113877,0.343595833239882,0.67654591107757
"gene-LOC134725659|LOC134725659",96.7480321464629,0.120376154743109,0.159018639651298,0.240627419842168,0.578900749185506
"gene-LOC134725661|LOC134725661",141.862114240859,0.469607084461576,0.202182908887097,0.00198905971282512,0.0437052408654138
"gene-LOC134725662|LOC134725662",9.94379510447855,0.0608265016587561,0.179840415476915,0.414500314251011,0.730673063606098
"gene-LOC134725663|LOC134725663",70.5577590978879,-0.0279769211062341,0.165439001478205,0.72077274504212,0.898488617623077
"gene-LOC134725665|LOC134725665",24.8293056503504,-0.0749353273249202,0.15179919880762,0.433914582944881,0.742812589948592
"gene-LOC134725666|LOC134725666",10.534618097371,-0.0313884207524374,0.186702836630582,0.352559584013146,0.684865745114898
"gene-LOC134725667|LOC134725667",16.2813321448302,-0.0556746716802742,0.172034630306774,0.489361589428391,0.773331119294237
"gene-LOC134725669|LOC134725669",15.3826370419116,-0.436858940888413,0.346135493784226,0.0130136553875284,0.135401337536336
"gene-LOC134725671|LOC134725671",183.853122723031,0.0419810951477545,0.107219225258347,0.634039966064015,0.856400507590126
"gene-LOC134725672|LOC134725672",15.0749032223477,-0.0746300809826939,0.168528749583714,0.405831392570828,0.724003575020308
"gene-LOC134725673|LOC134725673",23.7000843506473,0.0396725894200521,0.142769904327793,0.672272732433222,0.874831740074501
"gene-LOC134725679|LOC134725679",40.5023503803193,-0.0668558142661562,0.154182659457107,0.472923062194335,0.765376164698452
"gene-LOC134725682|LOC134725682",63.0612610359753,-0.079970234168135,0.124976760544548,0.396150220057758,0.717351105545702
"gene-LOC134725683|LOC134725683",80.4960794061931,0.315564494260022,0.378991527787611,0.0290819986803449,0.204245113808884
"gene-LOC134725684|LOC134725684",16.977222990891,-0.0863073860556012,0.16963580954657,0.354590717442499,0.686802068469906
"gene-LOC134725685|LOC134725685",15.9475021092009,0.124112862965283,0.226249872253694,0.101148213698504,0.373447129762233
"gene-LOC134725686|LOC134725686",16.3907864096454,0.0625226812047154,0.176570738841047,0.429226240955826,0.739420183579085
"gene-LOC134725687|LOC134725687",82.9525028045945,0.350320050771118,0.239658338686123,0.0172860220474767,0.155680770696387
"gene-LOC134725702|LOC134725702",32.7997724239515,0.318378040355817,0.231628323493475,0.0235497208395284,0.183487221919373
"gene-LOC134725704|LOC134725704",6.04033345695919,-0.00131861294881333,0.182345405668174,0.96894778266253,NA
"gene-LOC134725705|LOC134725705",25.3654843078194,0.356597077457928,0.324097062968514,0.0227735627593551,0.181790275840797
"gene-LOC134725706|LOC134725706",24.1373239808696,0.115791169819892,0.161702437444498,0.254417813684666,0.589926257508827
"gene-LOC134725707|LOC134725707",10.5546372863055,-0.142870262599644,0.21380215590357,0.142480734900993,0.438180752722886
"gene-LOC134725708|LOC134725708",152.570653132764,0.0483592408573196,0.122932635423004,0.604767585943835,0.838144777861411
"gene-LOC134725709|LOC134725709",8.675093142239,0.0250510870244643,0.179039299733482,0.652609949490777,0.866333147220216
"gene-LOC134725716|LOC134725716",8.87088814930012,0.164239264875755,0.247537060654617,0.0886248378455638,0.351686411477795
"gene-LOC134725718|LOC134725718",6.11830803040743,-0.0106053364241834,0.182529348629036,0.773247113135386,NA
"gene-LOC134725727|LOC134725727",10.5049274950731,-0.224964872614316,0.306948664131316,0.0503478324255668,0.27169158538244
"gene-LOC134725729|LOC134725729",7.64387421370835,0.0050074850075596,0.183939128598092,0.859993040989026,NA
"gene-LOC134725733|LOC134725733",7.84224861816577,0.0545745901701248,0.195459761402776,0.0855298537453082,NA
"gene-LOC134725734|LOC134725734",20.610763929991,1.83379895387824,0.487557534079696,7.98861783739495e-06,0.00114409538596731
"gene-LOC134725735|LOC134725735",84.7796710797844,-0.235358100069775,0.16244230748807,0.0402292015373451,0.24506596165869
"gene-LOC134725739|LOC134725739",45.4721332010389,0.0578434531307942,0.133086326415966,0.542445558080119,0.804099371362294
"gene-LOC134725740|LOC134725740",13.9638309889594,0.0291471697085562,0.179428345954845,0.606940904457608,0.83960158449969
"gene-LOC134725742|LOC134725742",12.033019706441,-0.0522262899175551,0.19125761677366,0.232354555105035,0.569296232021964
"gene-LOC134725745|LOC134725745",189.24554179317,0.227179126155496,0.212844604596861,0.0643387364461429,0.305149435715992
"gene-LOC134725746|LOC134725746",23.0174972935936,-0.432873719814028,0.338855711731124,0.49670033619395,0.775820923750395
"gene-LOC134725747|LOC134725747",31.2701974920767,-0.0642533865296435,0.144200922404772,0.500701033280708,0.778441964044762
"gene-LOC134725749|LOC134725749",386.145890844552,-0.237524584672262,0.0998148333468941,0.00607921601400771,0.0863863691951602
"gene-LOC134725750|LOC134725750",31.7905263033846,-0.169660403957118,0.194741688186188,0.123758173396705,0.403359972552224
"gene-LOC134725752|LOC134725752",27.5762735071965,0.0181071045142516,0.147520758947605,0.845307600304045,0.948260898882007
"gene-LOC134725753|LOC134725753",83.8687392449646,0.0377256674501551,0.153403246030153,0.675328241326122,0.876268037250577
"gene-LOC134725755|LOC134725755",78.2427994373785,-0.16905752979056,0.102422037000099,0.0515280861466368,0.274191739876795
"gene-LOC134725756|LOC134725756",54.8984205552606,-0.0313576296274319,0.126149539246953,0.739249816722536,0.905553030436198
"gene-LOC134725758|LOC134725758",108.857218633091,0.790730476007422,0.311225213513615,0.000597039551471755,0.0213195092832366
"gene-LOC134725759|LOC134725759",8.25911409000562,-0.0216074296659809,0.18427564256695,0.541506808722937,NA
"gene-LOC134725761|LOC134725761",10.3320217056387,-0.0710399942236328,0.169258132172577,0.421090365394433,0.733827375414556
"gene-LOC134725762|LOC134725762",53.2913490790946,0.478404824408842,0.316648961448768,0.00869541810680066,0.107510648063048
"gene-LOC134725763|LOC134725763",11.4695090622234,0.107115078674266,0.200286044752373,0.201085231855609,0.529730969169136
"gene-LOC134725764|LOC134725764",7.84204399460931,0.00103371091895397,0.178263341792677,0.985199823588582,NA
"gene-LOC134725766|LOC134725766",692.673633963416,0.0874879494986337,0.144688770156724,0.374903463489424,0.700728917824581
"gene-LOC134725769|LOC134725769",12.7552357261751,-0.0402835506813634,0.184213169363948,0.432870406583685,0.742353944514495
"gene-LOC134725770|LOC134725770",11.675164382207,0.07813136277296,0.165778488789048,0.398041963222463,0.717599701142351
"gene-LOC134725779|LOC134725779",18.0652368193993,-0.0765968196978491,0.190533999377427,0.279439488370551,0.615121167803291
"gene-LOC134725780|LOC134725780",27.8222540480589,-0.0694295185560704,0.196982731064263,0.177643208137495,0.492973401305572
"gene-LOC134725783|LOC134725783",391.95114644083,-0.180792260573829,0.318137826935417,0.0166301889005603,0.153809765847285
"gene-LOC134725785|LOC134725785",78.845264175502,-0.322140613620403,0.260312922230437,0.0249980523432374,0.189932444161333
"gene-LOC134725788|LOC134725788",31.5054830704165,0.147534583056895,0.200114588706602,0.155383057575599,0.457466335686714
"gene-LOC134725789|LOC134725789",13.1227787865914,-0.0612927380142693,0.184246399575638,0.368752840979991,0.697403094385772
"gene-LOC134725790|LOC134725790",109.266091979607,-0.512196558101391,0.175979986888711,0.000336083287013111,0.0149680020020961
"gene-LOC134725791|LOC134725791",37.1626106946142,-0.0780574257085464,0.150689257442959,0.418826116734909,0.732372061390353
"gene-LOC134725792|LOC134725792",13.1077835903947,0.080928451675971,0.165506967035728,0.386878618081595,0.709811963443349
"gene-LOC134725793|LOC134725793",219.873645171112,0.00776708965092681,0.108285645307261,0.930622900599381,0.978345195468773
"gene-LOC134725794|LOC134725794",30.1457834106273,-0.366593945964992,0.329941928299137,0.0203816561801724,0.171506470898593
"gene-LOC134725797|LOC134725797",17.5151263445506,0.0325480117419801,0.173963378721294,0.637748689340165,0.858797276353349
"gene-LOC134725798|LOC134725798",22.2863566127858,-0.0682724582828119,0.150476184492062,0.472867487193016,0.765376164698452
"gene-LOC134725801|LOC134725801",54.2743795468454,-0.0180179763124101,0.106246667859803,0.83544052401113,0.946202137909334
"gene-LOC134725802|LOC134725802",21.6135512091227,0.0660564939959043,0.155905019663076,0.481369753298686,0.768703185047799
"gene-LOC134725805|LOC134725805",10.3045410009332,-0.0407404205120248,0.183669626999501,0.443917464648187,0.74989475369772
"gene-LOC134725806|LOC134725806",10.0367164811941,0.0148290900748628,0.181151542528462,0.740358520025237,0.905553047013525
"gene-LOC134725811|LOC134725811",11.1623691267999,0.0484037234693464,0.169271397349173,0.548674871848007,0.808740012235365
"gene-LOC134725814|LOC134725814",17.5477826662525,0.213050607630559,0.234010758143665,0.0744209387165681,0.326664985808782
"gene-LOC134725815|LOC134725815",24.85905858807,-0.0186937812400609,0.14211874173571,0.838899770372383,0.94707747408349
"gene-LOC134725816|LOC134725816",21.2632194799048,-0.136699079677232,0.216363092509042,0.139648873414073,0.433855964022284
"gene-LOC134725817|LOC134725817",13.7673480005843,-1.09240552206341,0.678526315867724,0.00250491119441222,0.0503370000914818
"gene-LOC134725822|LOC134725822",6.98656527099674,0.000535702763512972,0.17979777004207,0.992231699133371,NA
"gene-LOC134725823|LOC134725823",55.6658905795978,0.281754145370673,0.152035007463038,0.0148382960637226,0.14469815013275
"gene-LOC134725824|LOC134725824",82.6319937677697,0.0594629089939894,0.107710373527665,0.500304081252413,0.778321833752423
"gene-LOC134725827|LOC134725827",25.3145008886574,0.1512711748214,0.18123296984833,0.158965881919831,0.463137934400657
"gene-LOC134725828|LOC134725828",43.8166828201389,0.0990206904324534,0.126556746228852,0.302884147408117,0.638829284628614
"gene-LOC134725829|LOC134725829",52.0779687176623,-0.0494315386682912,0.12557643912922,0.597104725571094,0.833708971477336
"gene-LOC134725830|LOC134725830",2659.71219587833,-0.108439315081385,0.12071996743562,0.244131234207176,0.58270056283396
"gene-LOC134725833|LOC134725833",110.676382624563,0.061891184527048,0.101912393073969,0.469934297606326,0.763604028857977
"gene-LOC134725835|LOC134725835",158.739775250799,-0.426739950616005,0.182025206321773,0.00210812391681144,0.0451937780354737
"gene-LOC134725836|LOC134725836",16.7112000360637,0.0912265694619415,0.172498630175317,0.330003002281573,0.664965275687907
"gene-LOC134725837|LOC134725837",17.53963679177,0.0059558226521496,0.141458770609923,0.949031970926844,0.984494493039383
"gene-LOC134725840|LOC134725840",37.5634667968724,-0.065317721080472,0.131101223804954,0.495932803149637,0.775820923750395
"gene-LOC134725841|LOC134725841",17.1227111152818,-0.0533069340016038,0.175364634544537,0.480717909495083,0.768475292394854
"gene-LOC134725842|LOC134725842",109.316604294797,-0.943967702218897,0.334120349806312,0.000201107766987215,0.0112991625390355
"gene-LOC134725843|LOC134725843",920.699379955324,0.13409743442045,0.113896984203938,0.146383499343212,0.443093692168596
"gene-LOC134725846|LOC134725846",53.6267969269848,0.071658614314384,0.182059350063108,0.360092119528532,0.688943146859612
"gene-LOC134725847|LOC134725847",1207.9702780428,0.0116299568127544,0.0758087525720992,0.833248986670456,0.944830017434723
"gene-LOC134725848|LOC134725848",9.68385124466352,-0.826515024279555,0.682560618264337,0.00516054468141804,0.0772389720349947
"gene-LOC134725853|LOC134725853",9.00174243212905,0.0283636731027589,0.172396781205744,0.68532095503675,0.881738598006672
"gene-LOC134725854|LOC134725854",28.2170842413134,-0.130618616410784,0.207591745632445,0.161463727527938,0.466605894779594
"gene-LOC134725858|LOC134725858",23.0335557378318,0.12165032849518,0.165721966346146,0.233031585146859,0.569597666198549
"gene-LOC134725859|LOC134725859",8.24477361285341,0.0545954538860612,0.193634426077551,0.165443344396826,NA
"gene-LOC134725867|LOC134725867",82.7478381557292,0.202449417109904,0.17420813049391,0.078926278063952,0.337121365484857
"gene-LOC134725869|LOC134725869",31.8618015026364,0.145033359762912,0.212042094251021,0.144984557198234,0.442570217279314
"gene-LOC134725870|LOC134725870",89.3557174972253,0.039934660681799,0.112000332781845,0.657130437498248,0.868720491490897
"gene-LOC134725872|LOC134725872",14.7421152119221,-0.128205968642979,0.18542757725118,0.202178298641647,0.531550803452198
"gene-LOC134725873|LOC134725873",40.51514987751,-0.333820739355013,0.197009519912852,0.0134587609983639,0.137991982901347
"gene-LOC134725874|LOC134725874",12.0971512065982,0.0893441782673239,0.201222835913704,0.189804827572049,0.513624629479392
"gene-LOC134725875|LOC134725875",25.1691358063438,0.0297112928958656,0.180718206894583,0.580206438724831,0.822792030282288
"gene-LOC134725876|LOC134725876",27.7283593585668,-0.33742462602079,0.31576302303135,0.0248090062229091,0.189056424132423
"gene-LOC134725878|LOC134725878",75.2464568577503,-0.483544953559419,0.382080914645003,0.0101586893440344,0.116117475694565
"gene-LOC134725881|LOC134725881",16.5412691944141,0.0021912232744806,0.15946706952486,0.979681890431715,0.992729503672812
"gene-LOC134725888|LOC134725888",110.042663017096,-0.35625767822919,0.137144988942877,0.00155780494244776,0.0376761831113856
"gene-LOC134725889|LOC134725889",8.27296985347251,0.115213103968979,0.204496325504839,0.183892523530871,NA
"gene-LOC134725890|LOC134725890",8.39314545996604,0.0021836141630368,0.157008588209155,0.980105433778373,0.992729503672812
"gene-LOC134725891|LOC134725891",102.582561045467,0.565730436378625,0.229235563407599,0.00104794442413841,0.0307397031080601
"gene-LOC134725894|LOC134725894",28.9278730853053,0.0497165653880797,0.189662739331848,0.278034536458619,0.613894877356032
"gene-LOC134725898|LOC134725898",109.871842495837,0.277321383752798,0.102599984429953,0.00195588430548645,0.043406637769459
"gene-LOC134725899|LOC134725899",28.9562086619152,0.0492059443895396,0.140655167444603,0.602800088623241,0.837306109531757
"gene-LOC134725900|LOC134725900",28.6681021878449,0.395411691074481,0.330297365757992,0.0172834679309561,0.155680770696387
"gene-LOC134725902|LOC134725902",7.43085405947971,0.0145251175504677,0.182807267727075,0.701454869270736,NA
"gene-LOC134725903|LOC134725903",41.907214071067,0.241393194654937,0.18653779448383,0.0480836711877782,0.265503197377263
"gene-LOC134725904|LOC134725904",3144.13561002072,0.172175208115689,0.229668760982458,0.105495554120341,0.379576121820183
"gene-LOC134725905|LOC134725905",290.056950458272,0.501989846476845,0.26600892224094,0.00453852331397697,0.0723438351900755
"gene-LOC134725906|LOC134725906",1065.13381832335,0.195579944900438,0.206436248417184,0.0928831845809814,0.359493329911178
"gene-LOC134725909|LOC134725909",152.278516779339,0.235915216855389,0.163114249356768,0.0414985157130968,0.249264110829325
"gene-LOC134725910|LOC134725910",39.668942771679,-0.0690302862930032,0.152329502157906,0.463163185363208,0.761580199771773
"gene-LOC134725911|LOC134725911",66.968847791049,0.0916634254008057,0.124290189960002,0.3352617793581,0.668145166829894
"gene-LOC134725913|LOC134725913",9.60533093312742,0.0633509209062652,0.186093649374422,0.346181581355091,0.678976979113207
"gene-LOC134725915|LOC134725915",21.6280731236516,-0.0855064162256924,0.193441331910557,0.249984169752766,0.587263367770376
"gene-LOC134725924|LOC134725924",117.396901796358,0.126244334660669,0.131621685880413,0.201454855066402,0.530234808204856
"gene-LOC134725927|LOC134725927",16.6986300040405,0.0668828823262952,0.180399147634233,0.386785222166879,0.709811963443349
"gene-LOC134725928|LOC134725928",35.5280884513372,-0.295130195796019,0.290158428402734,0.0340470511168785,0.223231293857882
"gene-LOC134725931|LOC134725931",52.4221007677033,0.112205256686464,0.156587207915796,0.267994853432634,0.603070567226158
"gene-LOC134725932|LOC134725932",106.775168765198,0.114216489910347,0.118642211841711,0.223709448868356,0.558651147740059
"gene-LOC134725934|LOC134725934",30.8042433295268,-0.0218284371923177,0.160839310731829,0.789441741279227,0.926768482516198
"gene-LOC134725935|LOC134725935",505.37257962462,0.0199327000395867,0.107268541286099,0.784241835808019,0.92464039518194
"gene-LOC134725937|LOC134725937",105.095743536037,-0.0777024374307059,0.145250349373023,0.421717361808431,0.73391079596111
"gene-LOC134725938|LOC134725938",19.6879594806173,-0.0303316189840619,0.181972136765726,0.544496208855703,0.804676755674917
"gene-LOC134725942|LOC134725942",16.4087790303076,-0.045591592556154,0.15839006284567,0.606218728524991,0.839320049913892
"gene-LOC134725949|LOC134725949",904.505556135143,-0.0597843094778749,0.114891367395928,0.509995816188446,0.784567427122387
"gene-LOC134725951|LOC134725951",16.5533134386932,-0.16621963612102,0.222600735277076,0.114400235225731,0.389184591564389
"gene-LOC134725955|LOC134725955",23.088973046243,-0.0416112902218302,0.154861459191565,0.641128758948364,0.861056475072203
"gene-LOC134725956|LOC134725956",248.916615696649,0.377085852328051,0.12849876460196,0.000554023098562917,0.0206536526427518
"gene-LOC134725959|LOC134725959",169.098079887831,-0.167692531129088,0.12295690259623,0.0838877253914882,0.345680465992808
"gene-LOC134725961|LOC134725961",17.7710217627903,0.00788293994957957,0.147222900045233,0.930978326202418,0.978430861043204
"gene-LOC134725962|LOC134725962",24.368570362662,-0.00221939394971208,0.142494031533851,0.979781244498498,0.992729503672812
"gene-LOC134725964|LOC134725964",14.9203034885514,-0.0704337738293539,0.193203938003862,0.247512994278418,0.585394060688682
"gene-LOC134725965|LOC134725965",15.0675771397154,-1.73833070443223e-05,0.158209355495756,0.999003217823187,0.999550616846652
"gene-LOC134725966|LOC134725966",491.027945125063,0.0324560164441663,0.123679510074635,0.727606912885309,0.901491104002674
"gene-LOC134725967|LOC134725967",8.99716410003194,0.0826870817210647,0.181276110918983,0.330541586550085,0.665273008586888
"gene-LOC134725968|LOC134725968",9.98931805459353,0.0143956436325902,0.177884536493764,0.792212603911311,0.927763996462669
"gene-LOC134725975|LOC134725975",19.2941968062801,0.206732459922898,0.205951343447231,0.0810582196459817,0.341376353588327
"gene-LOC134725978|LOC134725978",10.2829961878289,0.0562706940312516,0.184122973117826,0.387657862468244,0.710311530692722
"gene-LOC134725980|LOC134725980",11.9855926077271,-0.105507469611242,0.173992431695921,0.276719793662491,0.612595031750611
"gene-LOC134725981|LOC134725981",53.9319287942715,-0.00288741348602512,0.133469705676874,0.974428077276323,0.991945908801517
"gene-LOC134725982|LOC134725982",44.6130033783075,0.00307230165280154,0.129404300254867,0.974433688525322,0.991945908801517
"gene-LOC134725983|LOC134725983",11.6819971463526,-0.0201534825190364,0.180667411707104,0.673939439809637,0.875234556191066
"gene-LOC134725988|LOC134725988",36.0215267415078,0.588859449378753,0.263571212224736,0.00171277988833948,0.0402255443872398
"gene-LOC134725998|LOC134725998",8.25281782080755,-0.106131308123055,0.22760216028375,0.0215948549203486,NA
"gene-LOC134726002|LOC134726002",19.5384840790441,0.16371333796941,0.191661875524662,0.134518772395265,0.423564542955211
"gene-LOC134726005|LOC134726005",181.732331206628,-0.00437206642196367,0.122097343747722,0.961809833726653,0.987888161259382
"gene-LOC134726008|LOC134726008",10.6455220988851,-0.00998861752127679,0.181143252001849,0.812278636469017,0.935302339935327
"gene-LOC134726022|LOC134726022",8.35984321378758,-0.0156031335652494,0.181259232615565,0.722383494935142,0.89893416528748
"gene-LOC134726025|LOC134726025",448.121446442737,-0.146478371941255,0.186457248536704,0.164015018144495,0.47052138949355
"gene-LOC134726026|LOC134726026",49.9336717081405,-0.104634900100343,0.145681595210301,0.293927407680366,0.629943012235151
"gene-LOC134726027|LOC134726027",11.5756418283843,-0.717524579360664,0.415442019327323,0.00346048915634795,0.0603807084747856
"gene-LOC134726028|LOC134726028",35.2013883311078,-0.0216749870671108,0.126003331290065,0.814764055792597,0.937171128111674
"gene-LOC134726033|LOC134726033",11.2236359709269,-0.196784646739716,0.283630708447006,0.0592807992617062,0.292163939141364
"gene-LOC134726038|LOC134726038",23.7359415659724,0.0201541146552189,0.177425341133899,0.725967923742893,0.901061762982828
"gene-LOC134726039|LOC134726039",8.7481777512845,0.0289524420124746,0.160657566571381,0.728633087729056,0.901564640483318
"gene-LOC134726040|LOC134726040",61.6154441435975,-0.0326857833541768,0.101660797225837,0.70136445355607,0.888443629686703
"gene-LOC134726041|LOC134726041",16.920218070407,-0.100304704855649,0.195642347617032,0.225234111756791,0.56053724374169
"gene-LOC134726042|LOC134726042",59.4350136905176,-0.0963549248100312,0.121516900168318,0.306262375162984,0.641876725449193
"gene-LOC134726043|LOC134726043",69.669919395693,0.10238392998732,0.110070670003359,0.254538422279952,0.590018608801259
"gene-LOC134726044|LOC134726044",27.2953613794484,-0.543332293953434,0.267023822358084,0.00286884815898979,0.0554340395588927
"gene-LOC134726048|LOC134726048",57.0307419449095,-0.15896984949378,0.137935266151554,0.119570048459624,0.394969677198417
"gene-LOC134726049|LOC134726049",13.4872649240937,-0.00474200403816978,0.176811302362717,0.929706414384627,0.978288574198663
"gene-LOC134726051|LOC134726051",13.7537064962853,0.0998666338072328,0.181112624811901,0.281042939573639,0.616437726920678
"gene-LOC134726052|LOC134726052",59.8760663462444,0.0915490790026572,0.171144302946585,0.331577623502348,0.666256660814621
"gene-LOC134726074|LOC134726074",30.5057976516171,0.0132299307258452,0.185857509816951,0.467935587389766,0.762979127039266
"gene-LOC134726092|LOC134726092",15.8535244023906,0.0109090311640134,0.169969705817805,0.877187939503404,0.961864691507711
"gene-LOC134726098|LOC134726098",447.816091203321,-0.00548350611101792,0.180929997833735,0.89085926052365,0.966266118037532
"gene-LOC134726108|LOC134726108",27.064986779083,-0.0265571650859772,0.176097891557788,0.669450523134151,0.874285257527977
"gene-LOC134726119|LOC134726119",35.1359141077366,0.0624864965425057,0.151397509235814,0.508159952487252,0.783393654648795
"gene-LOC134726133|LOC134726133",238.033067106404,-0.113375016261562,0.12687649824818,0.238998373104751,0.57650069919323
"gene-LOC134726177|LOC134726177",7.27199829266519,0.0847082172274746,0.208081586000494,0.0848870835935053,NA
"gene-LOC134726198|LOC134726198",8.00862567332488,0.0692093323927026,0.176004120580921,0.404231823280221,NA
"gene-LOC134726209|LOC134726209",51.1190151600829,0.19688655376489,0.238890699352719,0.0845788958584423,0.346878574711956
"gene-LOC134726230|LOC134726230",148.964274630692,0.0178201441059544,0.177191021042005,0.757854766357588,0.913410641834379
"gene-LOC134726292|LOC134726292",13.7412583842926,0.0310027375551871,0.182797074518311,0.522736779397434,0.793351473304905
"gene-LOC134726293|LOC134726293",21.4694737749491,0.0053506546296647,0.15306924862405,0.95214527640063,0.984494493039383
"gene-LOC134726295|LOC134726295",15.1081797512764,0.0859258987608487,0.179791065034729,0.325952859813395,0.662366606539512
"gene-LOC134726315|LOC134726315",44.660517271394,0.0632772534651989,0.132887892367253,0.506523927493629,0.782332579068189
"gene-LOC134726332|LOC134726332",45.4131762591332,-0.431420271892789,0.225920655641464,0.00538620038673216,0.0791432450522001
"gene-LOC134726342",18.7954911513345,-0.162767943982418,0.281554608333419,0.0303505772888228,0.210123807125651
"gene-LOC134726344|LOC134726344",10.0859280637586,0.0150558313560316,0.180377730869102,0.75041440615778,0.909737993408831
"gene-LOC134726369|LOC134726369",202.033042617273,-0.0263106019433178,0.182704643602191,0.557125707050227,0.813198673919836
"gene-LOC134726382|LOC134726382",34.8770335397331,0.0305340620117999,0.15545030798736,0.730614953411218,0.902997609116253
"gene-LOC134726423|LOC134726423",19.8799188021456,0.0554957258871508,0.185198923706146,0.373721935803189,0.699914107463202
"gene-LOC134726436|LOC134726436",34.0705426476342,-0.00453433074565078,0.159023114629988,0.9550206938199,0.985236037805162
"gene-LOC134726487|LOC134726487",21.9171720939584,0.0113711330481295,0.14735657000166,0.90056703169098,0.969739289321969
"gene-LOC134726508|LOC134726508",30.1333484365229,-0.123001578295695,0.187639636948056,0.210223288556409,0.540994781081633
"gene-LOC134726510|LOC134726510",101.98282637943,0.263278746997421,0.141436959297654,0.0166205311400469,0.153809765847285
"gene-LOC134726515|LOC134726515",10.6415621816313,0.040719633458121,0.186709959827498,0.362488270292127,0.691283113893916
"gene-LOC134726516|LOC134726516",63.0121394775459,0.168827522150514,0.19490369699974,0.127169583379446,0.410114261902171
"gene-LOC134726530|LOC134726530",33.8291252832729,-0.057971201206502,0.178033657903119,0.438349072046676,0.746316532099297
"gene-LOC134726546|LOC134726546",56.8363413413749,-0.0893907127290363,0.127370032927595,0.349814597624918,0.682984715598075
"gene-LOC134726554|LOC134726554",16.2430016951376,-0.108539308754704,0.165077845037225,0.276774863742746,0.612595031750611
"gene-LOC134726590|LOC134726590",49.5001922556799,0.0943939621955661,0.183331361617969,0.289058082334632,0.62408520052384
"gene-LOC134726597|LOC134726597",13.8175355731587,0.0322140931740106,0.176422766285968,0.617437826018938,0.847700353616978
"gene-LOC134726621|LOC134726621",41.5294422324872,-0.325774139445763,0.231419538086761,0.0209850675480077,0.174572817050852
"gene-LOC134726622|LOC134726622",562.491986250445,0.0516729575599224,0.0834336676868363,0.490139025116067,0.773849716079487
"gene-LOC134726625|LOC134726625",14.20408177472,0.0205388410556686,0.179137319704269,0.699758421435225,0.887794947049312
"gene-LOC134726646|LOC134726646",31.6869307193542,0.0755026430067032,0.157445225333599,0.427648437896495,0.738251994893879
"gene-LOC134726680|LOC134726680",15.876676987908,0.102940301098647,0.21427346930025,0.114250078964274,0.389097969904171
"gene-LOC134726688|LOC134726688",46.2717223395977,0.0870362841865319,0.152137105639319,0.373979382522745,0.700216716212798
"gene-LOC134726692|LOC134726692",95.3597495979404,-0.0246997584372843,0.112461660939137,0.782819622657226,0.924230937237932
"gene-LOC134726697|LOC134726697",31.6115576860947,0.392213101189871,0.330870392249026,0.0175245133731102,0.157246984861421
"gene-LOC134726737|LOC134726737",8.8275255514041,0.0339337326549301,0.17960495379973,0.564766740377094,0.817009237008096
"gene-LOC134726750|LOC134726750",14.3912304335966,-0.0199546086061495,0.18345868175969,0.596293740249935,0.833077559063796
"gene-LOC134726754|LOC134726754",20.3464954400464,-0.0146055445552819,0.183058656048003,0.685924402374683,0.881738598006672
"gene-LOC134726756|LOC134726756",11.7593170121871,-0.0394711395272922,0.17448630357501,0.574939751633692,0.820634111389297
"gene-LOC134726773|LOC134726773",1483.54031233252,0.0523814586327836,0.172446169528169,0.51057953023861,0.784619510158629
"gene-LOC134726811|LOC134726811",15.1676017857216,0.0542807252398897,0.184025580820272,0.394257943545738,0.71588125162634
"gene-LOC134726839|LOC134726839",22.1547791614552,-0.0805522687796135,0.166045204105664,0.384582491249123,0.70887365997838
"gene-LOC134726844|LOC134726844",45.0427317263482,0.00413609927610228,0.180394447415496,0.0123284004144219,0.131669892181485
"gene-LOC134726863|LOC134726863",11.2827435287984,-0.0864586644441037,0.190382229815462,0.270436631989793,0.605353711324991
"gene-LOC134726866|LOC134726866",19.2995588239511,0.0674287313393121,0.180061398116293,0.38632661375526,0.709811963443349
"gene-LOC134726902|LOC134726902",15.2460416643349,0.0522353859305629,0.147385608865302,0.578438930784466,0.822768831635782
"gene-LOC134726918|LOC134726918",12.6153316484825,-0.0722115625370014,0.166174930946788,0.423602996227709,0.734741459142053
"gene-LOC134726966|LOC134726966",262.576485195287,-0.0671933096150435,0.192330023925318,0.253923096853031,0.589838906250425
"gene-LOC134727008|LOC134727008",13.762183776301,-0.0154745322472831,0.178723787773635,0.765040667202026,0.915885611020874
"gene-LOC134727011|LOC134727011",38.7096257304928,-0.0879234878676403,0.20620743488272,0.12796458406569,0.41188665270623
"gene-LOC134727016|LOC134727016",131.345692423969,0.0200094275066645,0.184183062736307,0.566018462503074,0.817156914923183
"gene-LOC134727048|LOC134727048",64.4785563100052,0.136689651454939,0.250540374385026,0.0411982345284104,0.248687524789677
"gene-LOC134727052|LOC134727052",30.4105090914876,-0.112724430636845,0.14903713802465,0.263793574132167,0.59912759702088
"gene-LOC134727056|LOC134727056",70.0113756654433,0.0210258869808115,0.183763691068301,0.578209665869354,0.822768831635782
"gene-LOC134727118|LOC134727118",55.8481876238411,-0.0473269529669815,0.193921593744496,0.0382245341081301,0.238829766574664
"gene-LOC134727134|LOC134727134",35.7189693524309,0.0110039522287807,0.157488722731003,0.897186619677092,0.968576719678461
"gene-LOC134727140|LOC134727140",6.71827193354896,0.00791224812032333,0.181238611654405,0.851027255733549,NA
"gene-LOC134727141|LOC134727141",10.5449851635842,0.0146491380508213,0.168178157644843,0.843863624900304,0.94769256508719
"gene-LOC134727182|LOC134727182",8.94273518627375,-0.00348892024743198,0.183558431995539,0.904218717784992,0.971380131593114
"gene-LOC134727189|LOC134727189",42.0833874327906,-0.0225326359066932,0.151020301488538,0.799149655326674,0.929028186366712
"gene-LOC134727205|LOC134727205",20.0923022481705,0.0138562496590334,0.173305239152206,0.831296265220565,0.944290500959721
"gene-LOC134727219|LOC134727219",13.4960127587973,-0.116933010938224,0.181204145071153,0.234932135970626,0.572172164431295
"gene-LOC134727231|LOC134727231",10.8382870063126,0.0225507670457582,0.16531664987676,0.776567268344919,0.921617126274472
"gene-LOC134727246|LOC134727246",232.575585819565,0.0807133989818877,0.155451115507407,0.403577079873423,0.722124427779873
"gene-LOC134727248|LOC134727248",13.4495475144305,0.0158929486703594,0.169962342374007,0.823109242529027,0.941278015844234
"gene-LOC134727274|LOC134727274",5.70270043287008,0.0236141038286726,0.186735352327794,0.32555233974627,NA
"gene-LOC134727280|LOC134727280",168.263354089367,0.07680594898948,0.148924161627335,0.425758824258222,0.736033716540131
"gene-LOC134727295|LOC134727295",3733.93614326274,-0.440831796172287,0.317902982303123,0.0115728878995653,0.125599365852043
"gene-LOC134727306|LOC134727306",339.522230831505,-0.205268863161666,0.138341480076096,0.050055268393532,0.270817540997302
"gene-LOC134727307|LOC134727307",307.006883482579,-0.204246008018674,0.135079406235563,0.0483460093800329,0.265503197377263
"gene-LOC134727308|LOC134727308",219.952309170706,-0.315512566619152,0.230201106973307,0.0228896057875029,0.18207744822855
"gene-LOC134727324|LOC134727324",26.6414582776847,-0.194907264311729,0.238695013451068,0.0833826172236937,0.344539617215092
"gene-LOC134727360|LOC134727360",12.3820438083021,0.017539028294641,0.172407486784641,0.794432702892446,0.928130564935971
"gene-LOC134727401|LOC134727401",8.86710472947474,0.00342059873253554,0.155595148709043,0.947516799028093,0.984494493039383
"gene-LOC134727408|LOC134727408",202.207835320175,0.0342288192539474,0.186106532041202,0.393376919541694,0.715133510128769
"gene-LOC134727424|LOC134727424",10.4240035164593,6.91704028792418e-05,0.177398787648044,0.999891893470066,0.999932606236167
"gene-LOC134727425|LOC134727425",9.72661462177946,0.143766622868239,0.197500764083187,0.162159908566393,0.468148605600369
"gene-LOC134727448|LOC134727448",267.394350797924,-0.0278050622789523,0.182948166915624,0.541142897256189,0.803480872096684
"gene-LOC134727461|LOC134727461",21.8408043192609,-0.023728141674377,0.182014916625005,0.603081520070937,0.837306109531757
"gene-LOC134727479|LOC134727479",24.726609735368,0.0421796309053764,0.15344082219969,0.642209384030067,0.861785291375273
"gene-LOC134727484|LOC134727484",13.205309922284,0.0597985468514545,0.16225285566803,0.503532844626291,0.780309868242846
"gene-LOC134727494|LOC134727494",66.7420289681725,-0.0762143693211092,0.115099571394027,0.403772749596523,0.722124427779873
"gene-LOC134727534|LOC134727534",386.129256455165,-0.0282711363370512,0.184836572403024,0.463196813910472,0.761580199771773
"gene-LOC134727594|LOC134727594",35.9460068888027,0.294695753222269,0.149565943057008,0.0106032548706096,0.119700422836063
"gene-LOC134727603|LOC134727603",14.1434734978762,0.041150891748186,0.15542188128901,0.645087568453926,0.862705569894148
"gene-LOC134727611|LOC134727611",17.064647028279,0.23276900788015,0.227497721506593,0.0617095611704255,0.298296912500852
"gene-LOC134727618|LOC134727618",77.4963456110207,-0.143834870188147,0.179790654331808,0.172913074987654,0.484448446378913
"gene-LOC134727640|LOC134727640",35.9593264212599,0.362259153297619,0.159692921259479,0.00367827351048016,0.0626249643835597
"gene-LOC134727662|LOC134727662",78.1941008787767,-0.0439994736892281,0.111463176366863,0.622556785781661,0.850425520723292
"gene-LOC134727680|LOC134727680",13.2180486549325,0.129402094638034,0.1813267352064,0.205402604437122,0.535616073833895
"gene-LOC134727686|LOC134727686",5.9286934176351,0.0418901350926529,0.189339317870274,0.249129058364967,NA
"gene-LOC134727718|LOC134727718",38.3690170355767,0.135790988345079,0.165370917868902,0.19603851833754,0.522197424484827
"gene-LOC134727813|LOC134727813",24.9366530904754,0.0163207107504204,0.182005746669791,0.698566883209256,0.887122213446823
"gene-LOC134727817|LOC134727817",8.64005742380005,0.0049766978496986,0.179764713716175,0.916273009237645,0.974043098561236
"gene-LOC134727819|LOC134727819",89.0933851939958,-0.0227475967156981,0.184887544257208,0.494739976640196,0.775612961875937
"gene-LOC134727820|LOC134727820",6.71092762241093,0.0609016109806446,0.19629069964033,0.134627127134103,NA
"gene-LOC134727826|LOC134727826",57.0352324723504,0.145900046254912,0.174396050706924,0.171454150991411,0.482954538696979
"gene-LOC134727885|LOC134727885",4385.84265671561,0.25128274703691,0.189166537938867,0.0425770609190181,0.252626200611298
"gene-LOC134727893|LOC134727893",14.5852627534513,0.0212223300686275,0.157783207772393,0.805122260285193,0.931160199523829
"gene-LOC134727934|LOC134727934",30.169771553673,-0.575549950239132,0.273987010310771,0.00225885164752355,0.047274075740722
"gene-LOC134727976|LOC134727976",15.6630995584902,0.0917407964903514,0.188000260403813,0.276997530883824,0.612602763552247
"gene-LOC134727986|LOC134727986",112.424963311903,0.0248396075706972,0.0918915906167726,0.767706187097119,0.916679089514036
"gene-LOC134728051|LOC134728051",15.0552063414747,0.0234808129583475,0.168530105605131,0.752598719057797,0.910548458505574
"gene-LOC134728058|LOC134728058",6.82045161266729,-0.0657426452547988,0.199565353213002,0.0826510705040727,NA
"gene-LOC134728078|LOC134728078",7.440735383452,0.0363647181264216,0.186500776866104,0.372126759743183,NA
"gene-LOC134728080|LOC134728080",7.93820746596646,0.021941847010926,0.182760799276743,0.60470677902769,NA
"gene-LOC134728086|LOC134728086",78.9905813813017,0.0745300345349096,0.108334832756354,0.401227078451603,0.719605022852153
"gene-LOC134728087|LOC134728087",22.5912072458675,0.0355172843829156,0.136640591138907,0.704972558141688,0.890542989392405
"gene-LOC134728091|LOC134728091",9.72452036506245,0.0325903203947803,0.175445364680558,0.626178291735299,0.852171835817892
"gene-LOC134728103|LOC134728103",10.8472555434615,-0.0731573290006365,0.175137547890138,0.390051967322153,0.712591187924214
"gene-LOC134728104|LOC134728104",9.43406891630142,0.172161663376045,0.272365308791549,0.0580393565166945,0.291128312721651
"gene-LOC134728106|LOC134728106",8.87534576054096,0.029181500035542,0.173856450984328,0.668652616080974,0.874285257527977
"gene-LOC134728128|LOC134728128",32.9431986590114,-0.071458855868731,0.155129981113316,0.450200906458562,0.754536884481202
"gene-LOC134728129|LOC134728129",75.8417396131042,0.117127259269153,0.197071527137792,0.205212450711467,0.535311335713056
"gene-LOC134728130|LOC134728130",189.872498793162,-0.612393062500499,0.206165025291679,0.000211975549569688,0.0118188504889847
"gene-LOC134728134|LOC134728134",131.21040041681,0.00454501583884155,0.12658505626055,0.961843643371738,0.987888161259382
"gene-LOC134728137|LOC134728137",122.072391011188,-0.0654573215319893,0.147798942351075,0.490702567096698,0.774101846668312
"gene-LOC134728138|LOC134728138",82.8150180193492,0.12024165797578,0.131577230000801,0.22237471234639,0.556622652151485
"gene-LOC134728139|LOC134728139",11.3198396551375,0.0728402819654532,0.187026947933406,0.317698419502479,0.653653311562284
"gene-LOC134728140|LOC134728140",13.6390111734458,0.049835027372043,0.185622510741466,0.379341449200523,0.704597669686427
"gene-LOC134728141|LOC134728141",7.5039425894491,-0.0447919676867053,0.179456375017784,0.492688271878034,NA
"gene-LOC134728147|LOC134728147",33.1763665854883,0.109436935896013,0.189316046655606,0.238023007450186,0.575287904174772
"gene-LOC134728151|LOC134728151",15.9852763903428,-0.112328729576828,0.218930297691827,0.108451312987707,0.381381025547527
"gene-LOC134728153|LOC134728153",32.9999339522735,0.209596599140077,0.153805285377014,0.0583531453096186,0.291128312721651
"gene-LOC134728156|LOC134728156",36.9139818777475,0.19195246647835,0.140070869930087,0.0675642498026692,0.312745159804851
"gene-LOC134728161|LOC134728161",10.5506129697364,-0.0612150728372686,0.198763430440329,0.0508937552230051,0.272928038288421
"gene-LOC134728164|LOC134728164",32.7814832598215,0.0320201631200421,0.175614950116069,0.628557612105526,0.853342899408692
"gene-LOC134728169|LOC134728169",31.6942832518199,-0.0173522302924082,0.1637278277871,0.824403668906956,0.941539895714397
"gene-LOC134728170|LOC134728170",30.3792580372089,0.0826954365414497,0.194186865750025,0.247122507121012,0.585394060688682
"gene-LOC134728171|LOC134728171",53.2587937845298,-0.41614439194366,0.336559015621687,0.0141108448147891,0.141379438308943
"gene-LOC134728177|LOC134728177",9.0158964473374,0.00247711760013893,0.173965841302436,0.969210783172534,0.990571682794176
"gene-LOC134728179|LOC134728179",55.9328197126161,0.0315450022234282,0.126620300475803,0.736326902757923,0.904191610246111
"gene-LOC134728187|LOC134728187",8.35948051267653,-0.156838745576796,0.269451799898689,0.0396366260288942,0.243691848918387
"gene-LOC134728189|LOC134728189",18.3848624353571,-0.0787925661327166,0.149447175360085,0.415132745833045,0.730673063606098
"gene-LOC134728195|LOC134728195",5.99794837614398,-0.0531729820526877,0.191491328368035,0.230519997961428,NA
"gene-LOC134728198|LOC134728198",222.615838943721,-0.00611723817743729,0.175437211797665,0.913397991890937,0.973951058977618
"gene-LOC134728203|LOC134728203",71.8374697556494,0.212623873527182,0.183244583350741,0.0705655221929874,0.318911085050286
"gene-LOC134728209|LOC134728209",36.2907786834847,0.0194655881140187,0.144930013170715,0.831699075564963,0.944454298496034
"gene-LOC134728211|LOC134728211",22.3380707745654,0.0508252329947381,0.152631868713378,0.581940043078999,0.823352005505491
"gene-LOC134728213|LOC134728213",22.7755204522368,0.0854468343609961,0.18749121134429,0.291819432686056,0.627440695232155
"gene-LOC134728214|LOC134728214",236.851180975488,0.0819395966450607,0.0927553752023879,0.309198542505205,0.644516596591899
"gene-LOC134728216|LOC134728216",26.9917838618343,-0.00747704236414602,0.171913937001254,0.908192950725504,0.973283642470783
"gene-LOC134728218|LOC134728218",14.3424776402609,-0.0634791796010367,0.154000997070878,0.49687857668927,0.775820923750395
"gene-LOC134728220|LOC134728220",18.1798294179718,0.211313210905152,0.305088617403851,0.0507367246861426,0.272686561521402
"gene-LOC134728229|LOC134728229",17.0579283919459,0.00599719706580798,0.17566838253897,0.919543653252259,0.975645967948068
"gene-LOC134728234|LOC134728234",7.96070614644803,-0.0223817323947298,0.185144547331701,0.483071898275962,NA
"gene-LOC134728235|LOC134728235",11.9192853808959,-0.239144662809577,0.350257098417703,0.0366513549162208,0.23278390983311
"gene-LOC134728237|LOC134728237",12.5354531533709,0.031343109062755,0.178625771909193,0.599278696817077,0.835367077663633
"gene-LOC134728247|LOC134728247",51.3127696316969,0.285132929230651,0.174246210202246,0.0211534340064349,0.17557350225341
"gene-LOC134728254|LOC134728254",30.3632003967882,0.113877448831073,0.138195836172532,0.254145671080038,0.589857000816206
"gene-LOC134728256|LOC134728256",630.587138451166,-0.0824646843398173,0.149810380559817,0.394614096426914,0.715911912643364
"gene-LOC134728257|LOC134728257",49.5605840699982,0.0109953483982569,0.143353848745525,0.905455609030998,0.972279883616938
"gene-LOC134728262|LOC134728262",10.8522707436214,-0.294863761137411,0.294305778372994,0.0345134192605441,0.224675592049032
"gene-LOC134728265|LOC134728265",52.0880256014493,-0.00606836195264109,0.127738998609083,0.947050748606243,0.984382904200939
"gene-LOC134728267|LOC134728267",13.5419712357685,-0.794310069568973,0.427312036373594,0.002347976155346,0.0481730838164248
"gene-LOC134728274|LOC134728274",12.5612192752954,-0.0335435293951506,0.17390505160384,0.626779784158347,0.852274214144405
"gene-LOC134728276|LOC134728276",28.1064315541914,-0.884757194369805,0.61953886114787,0.00378432253742725,0.0635418202606176
"gene-LOC134728279|LOC134728279",58.9283924771356,4.51158392251297e-05,0.184691369298054,0.994451290082034,0.997729700928459
"gene-LOC134728281|LOC134728281",263.679006486061,0.226119862562326,0.160075407567829,0.0473637476727498,0.26376198435903
"gene-LOC134728292|LOC134728292",180.074315544188,1.04106493240841,0.222778245254744,1.72389331179874e-07,5.99586511875142e-05
"gene-LOC134728293|LOC134728293",12.1147697128171,0.0223066695921245,0.155890983048052,0.796057089146411,0.928130564935971
"gene-LOC134728295|LOC134728295",6.94644439272633,-0.0343732786040265,0.185784189523688,0.402450535643038,NA
"gene-LOC134728296|LOC134728296",7.43453876487918,-0.00642065709987906,0.179092215632487,0.893992122701547,NA
"gene-LOC134728298|LOC134728298",91.3922438916244,0.108182212779563,0.138669163537299,0.277029973714824,0.612602763552247
"gene-LOC134728316|LOC134728316",30.1311738874029,0.0656212960198563,0.152338265959136,0.486911088464874,0.771940955107046
"gene-LOC134728322|LOC134728322",10.641587207815,0.00945952399074304,0.159194271496961,0.909629574251895,0.973615656161784
"gene-LOC134728327|LOC134728327",9.23282982019771,-0.0108451837313078,0.180416380799721,0.809640492614226,0.934170343965438
"gene-LOC134728338|LOC134728338",12.9508148056194,0.05514150374429,0.191800172898706,0.233588808626737,0.570040981693848
"gene-LOC134728339|LOC134728339",26.6958239993067,0.10182923479962,0.159634761949218,0.305395539119582,0.640795466167602
"gene-LOC134728340|LOC134728340",11.0013642965943,-0.0407480078469345,0.172981409268208,0.578214362330323,0.822768831635782
"gene-LOC134728344|LOC134728344",57.4865971094548,-0.033547785006684,0.114106278085072,0.709766218796927,0.893039844781025
"gene-LOC134728347|LOC134728347",38.9623946742903,-0.349777507356768,0.276658594633153,0.0204695021011808,0.17184970499658
"gene-LOC134728351|LOC134728351",12.0023650886347,0.126289652533434,0.22308719531077,0.118827106327453,0.394497901293914
"gene-LOC134728352|LOC134728352",95.4174199928646,-0.200098121813138,0.103177808397785,0.0229645110589167,0.18207744822855
