"gene","baseMean","log2FoldChange","lfcSE","pvalue","padj"
"STRG.10192|LOC134694016",15.1834396577687,-0.0432834555371671,0.127818880909148,0.213914104716089,0.698649249986388
"STRG.10953|LOC134697817",33.8563595848031,-0.0990869483676508,0.126541727831554,0.155382907393342,0.641040525737625
"STRG.11120|LOC134697233",45.5149074009801,-1.32515380309584,0.454647770841965,0.00011999635528437,0.0216682440247106
"STRG.11721|LOC134702039",318.297074356158,-0.0353227063678939,0.117258790619353,0.456105369343195,0.845376067425139
"STRG.11813|LOC134702623",170.996790256787,-0.108694197846992,0.15122683861112,0.105521942696596,0.586676933077063
"STRG.11868|LOC134702742",249.064061667161,-0.0814759009575603,0.130980012799652,0.190008438755851,0.666686889874754
"STRG.11944|LOC134702897",163.917845595839,-0.0881061736411668,0.133634996862541,0.167073224977106,0.646528965928963
"STRG.12001|LOC134703089",149.356841693627,-0.0958755133172182,0.15082623782094,0.114661159487804,0.600565684702998
"STRG.12032|LOC134703120",189.625152930815,-0.0713545596600496,0.125605506888123,0.23023253266974,0.714623063583092
"STRG.12058|LOC134703247",200.752292864691,-0.12248261351004,0.169449261779305,0.0763774769587764,0.528642259652751
"STRG.12063|LOC134703254",190.229514938362,-0.0421972141797734,0.112830049785189,0.444661660079483,0.84113947267877
"STRG.12068|LOC134703266",191.779890087865,-0.0428249487069579,0.112593556463872,0.441802148009458,0.839448051274535
"STRG.12073|LOC134703269",248.292130945025,-0.0630712000795462,0.120049743443388,0.284464861707541,0.765531657330681
"STRG.12190|LOC134703465",211.184178024443,-0.0724664578443659,0.127198004331849,0.220978690352956,0.707264061779253
"STRG.12305|LOC134703640",246.059552522178,-0.0663298890931605,0.124418892497687,0.251758208539474,0.730479166452922
"STRG.12327|LOC134703740",202.964036684908,-0.119312659691291,0.165216502569187,0.0818534385575512,0.539169244759437
"STRG.12339|LOC134703812",105.489309185523,-0.108734912124345,0.166367380805947,0.0779533611673623,0.531687360457538
"STRG.12352|LOC134703834",169.010967803504,-0.131557382822752,0.179503215527641,0.0640856895308299,0.496829947097707
"STRG.12410|LOC134703946",229.147880254777,-0.0923617136251785,0.136759650325946,0.153365300670279,0.639042493869484
"STRG.12415|LOC134703948",175.675068758377,-0.099190038901357,0.14436824818077,0.127305538497283,0.61545269639549
"STRG.12433|LOC134703969",173.089149926875,-0.113110580812231,0.154866108500238,0.0981690034181761,0.578548838521946
"STRG.12459|LOC134704086",275.499952211665,-0.064347069335618,0.124290881050988,0.258100424510694,0.738881528731111
"STRG.12511|LOC134704170",123.140744985286,-0.0858684394172318,0.136053179809469,0.163057509409511,0.64477991774337
"STRG.12592|LOC134704293",157.861646489022,-0.116666679887086,0.169400087392509,0.0762356515746542,0.528148746200357
"STRG.12593|LOC134704319",108.444027396017,-0.104889450639707,0.162850505758262,0.0835098743330694,0.544624641692367
"STRG.12599|LOC134704322",219.210140852154,-0.108014689231179,0.15493252349722,0.100703340861073,0.579631212729381
"STRG.12646|LOC134704452",193.411170772112,-0.0583355995453054,0.124444947939518,0.273272854837672,0.75430701376636
"STRG.12650|LOC134704455",234.210821528351,-0.0526155483930322,0.120308589167603,0.326342378907848,0.795051568786952
"STRG.12653",794.423396847328,-0.011284677919254,0.0816721772567397,0.851871056881972,0.970266073646434
"STRG.12679",1833.30491504026,0.00544151851824072,0.120160698129868,0.854548885326371,0.971567724640836
"STRG.1759|LOC134706618",31.3820675560486,1.58578338875961,0.685065472048357,0.000560740686686765,0.0520217536695682
"STRG.202|LOC134713724",28.0328787157766,-0.0386199334933115,0.110496735581088,0.490574934635342,0.862209407066644
"STRG.3072|LOC134711248",12.2873757341795,0.0239374393744521,0.12323711053614,0.324033679131509,0.795051568786952
"STRG.3157|LOC134710736",20.9011722613877,0.0876318850849233,0.164205594738586,0.0301109980397977,0.366073481039034
"STRG.3163|LOC134710737",27.310534760644,0.0439209357170971,0.127943591604509,0.213798647558778,0.69857682005571
"STRG.337|LOC134684371",19.6811376830017,-0.0110191723886797,0.120601717641119,0.641167388113097,0.914809132082223
"STRG.3399|LOC134710889",65.7956838298508,-0.026158509223221,0.118398185724419,0.513822565287304,0.871527350897159
"STRG.345|LOC134717334",9.03180800945712,0.0204844477526052,0.119039622425329,0.560046812769862,0.889353388641539
"STRG.3769|LOC134712563",31.4277830840572,0.0232223500063998,0.103939400275757,0.685788995285453,0.926718474502482
"STRG.5026|LOC134716292",22.0063061235372,0.0094031696147388,0.104860831805643,0.863182701146393,0.973956778441233
"STRG.5094|LOC134717375",223.311037446908,-0.0886356394359684,0.136245095380699,0.165500021511596,0.64634592229987
"STRG.5238|LOC134718653",275.597326158265,0.0418443430130205,0.106818172220925,0.481891683321739,0.856995311033804
"STRG.5661|LOC134720800",39.0720454832816,0.00929661321997861,0.100803311686565,0.87187040481846,0.976875742322778
"STRG.6066|LOC134721468",17.2462874029767,0.0266481420877713,0.122204684866443,0.390903669715294,0.823250163807042
"STRG.6124|LOC134721622",28.5155168436013,-0.00215304119523546,0.112650430917425,0.959627250330561,0.990589731896691
"STRG.6456|LOC134722182",38.0808493783466,-0.151043972976947,0.182386528033479,0.0576074549265159,0.483310521148065
"STRG.6599|LOC134724706",267.82589513729,0.00172491242023134,0.0938645582816301,0.981104195995986,0.995903556522021
"STRG.7054|LOC134725570",8.76860561749502,0.0806498566236465,0.146272324477084,0.112923241046176,0.596453310659169
"STRG.7429|LOC134681659",11.0345715984695,0.0168407313548843,0.122361172898557,0.395217090038823,0.826720797872459
"STRG.8134|LOC134685403",12.6236091877725,0.0047102679592676,0.116092319933389,0.899232219484084,0.98065001678538
"STRG.854|LOC134681509",12.5333806016262,-0.00604016040865944,0.11893697857393,0.830592898465142,0.965008508387982
"STRG.8727|LOC134686868",36.916131160085,0.0145345435548636,0.0982775960740324,0.80633343328205,0.960505277793567
"STRG.8786|LOC134687731",24.9548834545312,0.0675690583712347,0.133677051185313,0.186900588290852,0.664308735505548
"STRG.9442|LOC134690890",24.030835604179,0.00492854276161888,0.121436833699805,0.754065675663623,0.949383119158366
"gene-LOC134680597|LOC134680597",13.5541208142171,-0.0603440935613769,0.133012457603388,0.181552650576327,0.658744089227767
"gene-LOC134680600|LOC134680600",13.1000999748484,-0.0172414905019652,0.116426954257781,0.663520790693216,0.921381956457196
"gene-LOC134680606|LOC134680606",9.50443222606831,0.00470221522702605,0.121421696479128,0.764586205230631,0.951829925815486
"gene-LOC134680608|LOC134680608",86.1041753641051,-0.0804901861032602,0.155569126060845,0.0457594945399337,0.443902661411352
"gene-LOC134680615|LOC134680615",91.4741355397995,-0.0167289581754351,0.089402489895987,0.784620195642349,0.956271862208695
"gene-LOC134680616|LOC134680616",35.9044012385603,-0.02169044893628,0.106081442074727,0.691663912819579,0.928659710889146
"gene-LOC134680617|LOC134680617",16.7085306456081,0.0584117011670738,0.127924575652447,0.244381925138543,0.725684471594984
"gene-LOC134680618|LOC134680618",30.3606836197156,0.0357946064736076,0.109579069158724,0.521899523597465,0.87276700589929
"gene-LOC134680619|LOC134680619",11.3125584435127,-0.0295511591782811,0.113843280677075,0.548496960918785,0.88287604337532
"gene-LOC134680621|LOC134680621",11.1688271675083,0.0198540744308798,0.119294319108885,0.56150164458396,0.889776939544916
"gene-LOC134680628|LOC134680628",97.8141180553931,0.0963652014092388,0.14765759107228,0.121840216519778,0.608970421657898
"gene-LOC134680629|LOC134680629",24.1273500598253,0.0089101431332309,0.114302305923116,0.832478664132446,0.965381343401655
"gene-LOC134680631|LOC134680631",33.6775044116924,0.228852561946862,0.161498820042878,0.0179589541834391,0.294264456618347
"gene-LOC134680632|LOC134680632",26.445979439857,0.0911337801707178,0.135206090471599,0.158700290154012,0.641040525737625
"gene-LOC134680633|LOC134680633",11.2746108541869,-0.000157864292353584,0.12041555320925,0.991712758285394,0.997848481775248
"gene-LOC134680634|LOC134680634",147.02061055549,0.0903670261712277,0.109620069286291,0.190032663243541,0.666686889874754
"gene-LOC134680638|LOC134680638",36.5857798375462,0.00782402521124709,0.104829607440546,0.886437414061745,0.977383609163761
"gene-LOC134680643|LOC134680643",21.1612940798082,0.010346212948807,0.119398199924523,0.716404335479003,0.936000011933401
"gene-LOC134680644|LOC134680644",55.1495921230398,0.0189469558598908,0.119208366601443,0.574442609199495,0.893020587171537
"gene-LOC134680651|LOC134680651",53.9787737653386,0.0237373308751804,0.0934268071344192,0.69626894835617,0.929563146928802
"gene-LOC134680654|LOC134680654",250.659360972206,0.443055783052775,0.309679853055863,0.0054774033032287,0.17605267526987
"gene-LOC134680656|LOC134680656",12.1584685262459,-0.0638122521849663,0.142013033713938,0.0660566872214716,0.501660423029941
"gene-LOC134680661|LOC134680661",11.4245716952785,-0.00577466630755555,0.118037894955985,0.853032539652636,0.970727957674912
"gene-LOC134680663|LOC134680663",7.1508030076612,0.00863965351165343,0.121812025684994,0.567247795759335,0.89133209092497
"gene-LOC134680666|LOC134680666",18.1580859319179,-0.00233773041090201,0.103311215251768,0.965620262423298,0.992387833853173
"gene-LOC134680667|LOC134680667",1406.56538680234,0.0123151617398445,0.0820204524020174,0.840764441910815,0.965558865799071
"gene-LOC134680673|LOC134680673",55.0292076291989,0.01851382834917,0.115667764013621,0.0434609978510067,0.43455195314578
"gene-LOC134680676|LOC134680676",17.7214725969314,0.840423557385526,0.343094541209552,0.000514244810840897,0.0506734130050983
"gene-LOC134680677|LOC134680677",215.397681357979,0.039767228693618,0.0780351448548766,0.512658119605504,0.871527350897159
"gene-LOC134680679|LOC134680679",722.90691849056,0.0225005644457718,0.0788797482515939,0.710598161300013,0.933953954014707
"gene-LOC134680681|LOC134680681",13.4587227335025,-0.0111263356379989,0.119215868360462,0.703372733490751,0.932421865660799
"gene-LOC134680685|LOC134680685",9.97713755754015,0.030149796014785,0.118940964244177,0.472102609184611,0.852973809453208
"gene-LOC134680687|LOC134680687",33.5244767688486,0.0655058249063833,0.131622997392664,0.20412442655257,0.685202971964229
"gene-LOC134680689|LOC134680689",38.8365565293805,-0.106797049733235,0.137653765240871,0.12766672532252,0.616041305373938
"gene-LOC134680690|LOC134680690",31.2648183174002,0.0050846923709639,0.122022348490262,0.62502138007555,0.910590279867861
"gene-LOC134680707|LOC134680707",144.017475443808,0.148706835932331,0.0957799652072135,0.0379229109509643,0.408639827498952
"gene-LOC134680718|LOC134680718",5.42361753372396,0.00386910301795061,0.121569529354397,0.784280040771292,NA
"gene-LOC134680721|LOC134680721",15.8899481679164,0.0577408555416904,0.124642077506592,0.275533648104288,0.757793422935369
"gene-LOC134680724|LOC134680724",5.51901293835447,0.000183922855564244,0.121803216632692,0.989348230986734,NA
"gene-LOC134680725|LOC134680725",18.0576747053246,-0.316780929917633,0.340236777125746,0.0128874418209711,0.251216917717399
"gene-LOC134680726|LOC134680726",11.9655665632018,0.0516353486978603,0.13278404271644,0.138562502684744,0.624706252716044
"gene-LOC134680731|LOC134680731",8.32744225686419,0.0477590965129753,0.130372433239013,0.167985911039782,0.647888319288239
"gene-LOC134680746|LOC134680746",20.4629975510394,0.00175807964993647,0.120815414342493,0.928514752490925,0.985809423772648
"gene-LOC134680747|LOC134680747",12.8055382441852,-0.0366787333316259,0.128361177431629,0.107474794168543,0.591192170056114
"gene-LOC134680748|LOC134680748",14.779680172873,-0.0260914224950918,0.124064027813758,0.264921914615609,0.745864743818156
"gene-LOC134680749|LOC134680749",7.72622139882524,0.00816741144852872,0.121187936914335,0.667719430919546,0.921742651670224
"gene-LOC134680750|LOC134680750",9.76355066350189,-0.00913809057153197,0.121557804503924,0.597931813126691,0.903304056912138
"gene-LOC134680751|LOC134680751",24.1498446649289,-0.00407754417430664,0.104130243806778,0.939651680349614,0.987436577760504
"gene-LOC134680752|LOC134680752",69.0823281439664,-0.0208650090949972,0.120066740539976,0.519264109968058,0.872022093906266
"gene-LOC134680753|LOC134680753",11.6604555884952,-0.0576525388057444,0.133497945103002,0.164215199069664,0.646240674287407
"gene-LOC134680783|LOC134680783",56.5004651608944,-0.0244980422654026,0.113195165589961,0.611732187020358,0.905840017185814
"gene-LOC134680785|LOC134680785",16.8830892753771,-0.0208788039636268,0.10568832032849,0.704783872374491,0.932531169648862
"gene-LOC134680786|LOC134680786",33.2098187730691,0.396581507362858,0.266074361846038,0.00593281454724202,0.1806132038386
"gene-LOC134680789|LOC134680789",54.0401834836342,0.0784721534890187,0.132795884216025,0.187602263549557,0.665334927957391
"gene-LOC134680791|LOC134680791",59.8379659689658,0.115309597471635,0.139948531044109,0.112340608563955,0.596307637172188
"gene-LOC134680796|LOC134680796",28.1241508595845,-0.0561964561938823,0.110620601707472,0.360040102489787,0.811707062644871
"gene-LOC134680798|LOC134680798",64.8809060130472,0.047179862147181,0.0900923009158004,0.455854456583719,0.845232489565602
"gene-LOC134680805|LOC134680805",13.7449196848266,0.177238816273463,0.212828995366779,0.0400606651432096,0.41849480434218
"gene-LOC134680808|LOC134680808",7.51789920152874,-0.323315402103588,0.511461677158666,0.0127159427098067,0.249754422970209
"gene-LOC134680813|LOC134680813",54.1546378679549,-0.0733841772785376,0.131482469064031,0.200211136102403,0.680353613556914
"gene-LOC134680819|LOC134680819",8.26988740321526,-0.0334979251261134,0.126645522098224,0.164850625783102,0.64634592229987
"gene-LOC134680824|LOC134680824",26.347378661907,-0.0374647629482115,0.102183166507375,0.532901271895658,0.876836729956355
"gene-LOC134680826|LOC134680826",97.5557064704219,0.348561715620383,0.155059660555329,0.00188941991300179,0.0973730922742367
"gene-LOC134680830|LOC134680830",18.3631060432221,0.0842004545249201,0.130093668285826,0.185121726813436,0.66207097044213
"gene-LOC134680833|LOC134680833",18.7853641625689,-0.0260418054771855,0.119637220382539,0.484516797332857,0.858421172279576
"gene-LOC134680834|LOC134680834",105.825004592829,-0.131914878846079,0.140179307996202,0.0859733000661999,0.552664415618688
"gene-LOC134680835|LOC134680835",13.7983346783182,-0.0148543766080675,0.120094900754046,0.597771046794794,0.903304056912138
"gene-LOC134680843|LOC134680843",12.1060580825047,0.0579487186238099,0.128611153320929,0.234049998142783,0.716057146239723
"gene-LOC134680849|LOC134680849",62.157637273255,-0.0431958626045715,0.114745733867793,0.425084649208907,0.835542057474881
"gene-LOC134680850|LOC134680850",28.0652258074899,-0.0424188232760893,0.122867748513292,0.332732423016353,0.79994642567238
"gene-LOC134680861|LOC134680861",72.5834278039048,0.0243717789566499,0.105513745584887,0.664694978871362,0.921517102343534
"gene-LOC134680862|LOC134680862",17.0072632767236,0.0395398641271102,0.129549220591495,0.0941376056467131,0.569926800550699
"gene-LOC134680865|LOC134680865",18.3736451838216,0.0543729482759694,0.119729732008393,0.32666226160468,0.795051568786952
"gene-LOC134680870|LOC134680870",12.9898025245341,0.0786462706715846,0.144836506214487,0.118564605651851,0.60666323189779
"gene-LOC134680872|LOC134680872",63.6122173125276,0.0203144997602712,0.11883849439097,0.56775014813676,0.89133209092497
"gene-LOC134680874|LOC134680874",136.893314244286,0.10189322260225,0.111437983884508,0.150782174721626,0.638692141680009
"gene-LOC134680880|LOC134680880",23.5085312406216,-0.0762046572522529,0.147525275200674,0.0875482837525922,0.557232369747659
"gene-LOC134680881|LOC134680881",15.7432669590876,-0.0319886589685043,0.123732581803977,0.317563499820595,0.790373230361062
"gene-LOC134680882|LOC134680882",10.5890398832217,-0.0223789190978815,0.123237888550162,0.311547196375366,0.786334587117028
"gene-LOC134680887|LOC134680887",33.4126513302503,0.0419235182007584,0.12003991453603,0.37951579135247,0.82083573709765
"gene-LOC134680889|LOC134680889",8.90849732705027,-0.0155116086388964,0.12214500966758,0.426181110689004,0.835542057474881
"gene-LOC134680890|LOC134680890",8.07245124116,-0.00475397619137796,0.121300810373791,0.769034201243655,0.953685276062354
"gene-LOC134680897|LOC134680897",156.458593311659,-0.0587334209892066,0.0924697634295202,0.361682701859817,0.812684588929183
"gene-LOC134680904|LOC134680904",611.559769271164,-0.0161985996758079,0.0771967379957304,0.786367086277338,0.956333729966058
"gene-LOC134680905|LOC134680905",92.5039883992378,0.27327023840409,0.18083677088378,0.0111140412861678,0.240849753542314
"gene-LOC134680910|LOC134680910",25.7846767260427,-0.0104738369204612,0.104353694121621,0.848359168197009,0.968198690416884
"gene-LOC134680917|LOC134680917",41.5280953796305,0.0316629725599772,0.0997443944758886,0.601115878716837,0.904066623728823
"gene-LOC134680920|LOC134680920",48.0379354624263,0.126919754008015,0.130034197014428,0.0940863467573531,0.569926800550699
"gene-LOC134680925|LOC134680925",6.07228173254222,-0.0101745528587398,0.12198830959318,0.498766298890919,NA
"gene-LOC134680931|LOC134680931",19.7367160244343,0.0307378015483766,0.120652783290375,0.427081323756151,0.835542057474881
"gene-LOC134680943|LOC134680943",16.6655311511056,0.033109643256555,0.123617081846804,0.325599802658592,0.795051568786952
"gene-LOC134680950|LOC134680950",58.115927069796,0.0814260892096142,0.116831276897886,0.222240773035708,0.707397113111164
"gene-LOC134680951|LOC134680951",9.63928350265748,-0.0110505362626032,0.115815812450333,0.772821761340864,0.95409253295551
"gene-LOC134680959|LOC134680959",98.8464404790018,0.0899487223437312,0.113706664273993,0.190887125500767,0.666838093415225
"gene-LOC134680960|LOC134680960",7.95973771658864,-0.040427235793708,0.12062352376042,0.378189617843691,0.820038855990219
"gene-LOC134680963|LOC134680963",143.763883982998,0.0650470495264612,0.128725837531046,0.228716833276813,0.713237709786661
"gene-LOC134680966|LOC134680966",7.68824679471003,0.0296805784496853,0.121879704904368,0.392986520427402,0.825170088875084
"gene-LOC134680970|LOC134680970",19.6184083224565,-0.0135401442999429,0.123153405747629,0.119746894637693,0.608814999281521
"gene-LOC134680973|LOC134680973",94.9341821790558,-0.0352445676222324,0.124235810440055,0.302065601121469,0.778180009218671
"gene-LOC134680977|LOC134680977",7.98691727426395,-0.00737011621595939,0.121563335389612,0.641382712283805,0.914809132082223
"gene-LOC134680981|LOC134680981",6.63930738649139,-0.0209441080332668,0.123812975620641,0.212378201385831,NA
"gene-LOC134680982|LOC134680982",25.2721695307506,-0.00155467688516851,0.122109115960871,0.55940766995677,0.889228581152934
"gene-LOC134680986|LOC134680986",7.85124662020031,0.0237983250130469,0.119598761915923,0.508702012548115,0.869787527847678
"gene-LOC134680988|LOC134680988",14.7950575993169,0.0280829208449416,0.121197006976393,0.42549171526174,0.835542057474881
"gene-LOC134680989|LOC134680989",30.2206986300964,-0.0459795974189371,0.109883424645425,0.434147456101885,0.836462644390794
"gene-LOC134680992|LOC134680992",61.5286912374388,-0.0317428040820742,0.100538091078886,0.597715196456025,0.903304056912138
"gene-LOC134680997|LOC134680997",28.296933381475,0.176086769042897,0.22136962898536,0.038747646765605,0.413108834890942
"gene-LOC134680999|LOC134680999",52.8283045493469,0.0683783728659653,0.110064348957999,0.290809915727725,0.771139824127934
"gene-LOC134681000|LOC134681000",16.9776364098858,-0.0710591417304635,0.145154937588189,0.0821347956886444,0.539386375375277
"gene-LOC134681001|LOC134681001",16.4856177085252,-0.00948946260110928,0.114316587732317,0.818902173563711,0.962092576666134
"gene-LOC134681009|LOC134681009",6.66495519340831,-0.00107515006179193,0.121488333363516,0.936007805288163,NA
"gene-LOC134681010|LOC134681010",275.720256272213,-0.0523914005973119,0.116785196561131,0.348765201442844,0.80898857511247
"gene-LOC134681011|LOC134681011",9.3315025278977,-0.0211474112293082,0.113056964032372,0.652654199611517,0.918046712290982
"gene-LOC134681012|LOC134681012",98.9166432551304,-0.0421540427605645,0.109859233923948,0.463982721111871,0.848659322959597
"gene-LOC134681014|LOC134681014",16.0181587277738,0.000407515336400022,0.105536762481791,0.994603103559667,0.998538618272986
"gene-LOC134681016|LOC134681016",22.4492208082355,-0.00208789349794719,0.120719434106365,0.911583182842427,0.98251592545162
"gene-LOC134681017|LOC134681017",13.624146060181,-0.00221389043603659,0.107497816439112,0.964405262983976,0.992149053191037
"gene-LOC134681019|LOC134681019",6.54468287773615,-0.0108156417120183,0.122260837550136,0.421326045764887,NA
"gene-LOC134681022|LOC134681022",39.4505016231711,-0.0495997097631362,0.125518268788874,0.277295411350631,0.759182066115978
"gene-LOC134681023|LOC134681023",339.340780209309,0.0930052286955783,0.101790762408429,0.176740232105543,0.654078454530239
"gene-LOC134681025|LOC134681025",27.3248363424947,0.0364198042785126,0.115228236721956,0.473657414543848,0.854081344947249
"gene-LOC134681026|LOC134681026",27.6945332437057,0.0275371319358004,0.109886119080231,0.605601046306649,0.904736475109328
"gene-LOC134681027|LOC134681027",171.415194588769,0.273397053069827,0.1067609420393,0.00133833781054118,0.0835234321928574
"gene-LOC134681028|LOC134681028",8.24039721552617,0.00176185432283305,0.116384789203592,0.964292735351547,0.992149053191037
"gene-LOC134681029|LOC134681029",1022.3417560273,-0.0544682138616819,0.0814232772197742,0.373538360463384,0.820038855990219
"gene-LOC134681037|LOC134681037",46.7707972005954,0.0604162582521128,0.133619060998685,0.176677821884159,0.654078454530239
"gene-LOC134681039|LOC134681039",16.0109379368734,-0.0223053660865165,0.108751027445599,0.672626110400785,0.92387619829345
"gene-LOC134681040|LOC134681040",51.202087182988,0.173749973522113,0.133599530341258,0.0385191338800135,0.41209970518203
"gene-LOC134681041|LOC134681041",7.94905188601705,0.00716829408959793,0.115289319721411,0.856136378798023,0.972191863657072
"gene-LOC134681045|LOC134681045",56.1128401172734,0.0390054730190026,0.119501758043947,0.402669100562878,0.827512340614772
"gene-LOC134681046|LOC134681046",9.97471139391815,0.0399001212031949,0.118610151222426,0.412762733490265,0.831856384439449
"gene-LOC134681048|LOC134681048",46.7074921778572,0.0945580677411206,0.123397790718396,0.170114741146985,0.650326338157105
"gene-LOC134681049|LOC134681049",63.5701463008795,-0.471907771045488,0.265981951266393,0.00313425294953064,0.140553415203802
"gene-LOC134681050|LOC134681050",16.0121730509842,-0.376504881494648,0.490295099980923,0.0103072875366134,0.231805634719814
"gene-LOC134681051|LOC134681051",25.963900711294,-0.0597641142874965,0.13161305073533,0.198649154933715,0.678961187756122
"gene-LOC134681054|LOC134681054",31.0508293200463,-0.0178315725180107,0.106728996969091,0.740307390871959,0.945457375552541
"gene-LOC134681055|LOC134681055",36.5935356574341,-0.0941522503429104,0.125540455818866,0.168961530710629,0.650165416239872
"gene-LOC134681056|LOC134681056",10.990002601459,-0.00446703826807284,0.118796624306929,0.874592426025013,0.977383609163761
"gene-LOC134681057|LOC134681057",46.2207731632495,0.131377945093567,0.112619701718623,0.0789610320776997,0.533059744882473
"gene-LOC134681058|LOC134681058",99.43607573123,0.00321053175221588,0.120288090580809,0.88760377531541,0.977383609163761
"gene-LOC134681060|LOC134681060",13.7989909446205,-0.00836253162292357,0.114814722655541,0.834678817985858,0.965558865799071
"gene-LOC134681061|LOC134681061",110.122456515554,-0.534708722482596,0.257204426744615,0.00156852302590589,0.0885169247773515
"gene-LOC134681063|LOC134681063",14.0282047094306,0.0206404239153685,0.120327981193844,0.513884392768414,0.871527350897159
"gene-LOC134681066|LOC134681066",28.1066613810998,0.106520520233508,0.169119387990512,0.0709332630436898,0.517253366050821
"gene-LOC134681071|LOC134681071",67.1252074537606,0.083442049323604,0.119419762134247,0.210297157365451,0.694101106879623
"gene-LOC134681073|LOC134681073",49.8361930584583,0.00603715419762888,0.0986417998559262,0.918618920566735,0.984677261486326
"gene-LOC134681074|LOC134681074",71.7597345263135,0.101471289674527,0.164852961420479,0.0748013129279343,0.52529946663581
"gene-LOC134681076|LOC134681076",16.8501880740534,-0.00544831220200785,0.119265767617416,0.838737360630625,0.965558865799071
"gene-LOC134681077|LOC134681077",21.8077432039045,-0.000547265214628632,0.118889232306998,0.982386094355401,0.99595232498375
"gene-LOC134681078|LOC134681078",58.9882919276052,0.0638540583089008,0.101040397376298,0.327801078511272,0.795145177291112
"gene-LOC134681090|LOC134681090",18.2373531545659,0.00615722452882529,0.11480467843963,0.883529195545429,0.977383609163761
"gene-LOC134681092|LOC134681092",9.56162829294471,-0.0290728985398543,0.125430278283429,0.182454970983829,0.660099167969997
"gene-LOC134681093|LOC134681093",72.5077862654661,-0.0840535513041621,0.154509625505791,0.0710628444583371,0.517694204424598
"gene-LOC134681096|LOC134681096",28.4557716409168,-0.027202286670156,0.0994104570353002,0.648873668030144,0.918046712290982
"gene-LOC134681104|LOC134681104",10.7603095349284,-0.0196170656936713,0.121227452907897,0.475856944158018,0.854941552142557
"gene-LOC134681106|LOC134681106",14.7405465436211,0.00619682552831643,0.115113649429282,0.876112087135464,0.977383609163761
"gene-LOC134681111|LOC134681111",20.3467209706333,-0.0625829017924248,0.12450202383421,0.262219389919474,0.743685325145495
"gene-LOC134681115|LOC134681115",110.456179831778,0.0486441642116706,0.102354719184648,0.436404921259054,0.837018012862708
"gene-LOC134681117|LOC134681117",12.1088634582218,0.0383297443053886,0.126451105441704,0.23056449821552,0.714623063583092
"gene-LOC134681121|LOC134681121",67.0580177687511,0.12990827113758,0.14222453194646,0.0888996362280363,0.560463266565133
"gene-LOC134681123|LOC134681123",7.84825587601858,0.0236222286330734,0.123396451133593,0.307108368044912,0.782758630303085
"gene-LOC134681126|LOC134681126",32.7740523420792,0.0119393444278843,0.114126238625739,0.779913886225632,0.955272826382029
"gene-LOC134681128|LOC134681128",64.6630397457435,-0.0172671023189116,0.113038122187861,0.711117914362006,0.934473076093536
"gene-LOC134681129|LOC134681129",35.298576816783,0.0973345734055187,0.140477619408902,0.137846646325944,0.624143612052596
"gene-LOC134681130|LOC134681130",8.76952383280739,0.0513124706828232,0.130280635114137,0.196023850075112,0.675155983385616
"gene-LOC134681142|LOC134681142",19.7044519900177,0.00239138893019194,0.118378847654024,0.937778735930768,0.986908472952548
"gene-LOC134681144|LOC134681144",81.6452479206109,-0.0101016959820641,0.0937231077247177,0.845402147960817,0.967720840895634
"gene-LOC134681151|LOC134681151",188.837649294145,-0.0474317290715901,0.0773326423945322,0.426125865604195,0.835542057474881
"gene-LOC134681152|LOC134681152",227.618693597528,-0.021703868135176,0.0660089064940054,0.695390043691747,0.929296223627318
"gene-LOC134681153|LOC134681153",130.915730141055,-0.397151948078691,0.289104301242812,0.00668278566852058,0.189573416180116
"gene-LOC134681161|LOC134681161",8.08932467386025,0.108823828437777,0.18881055532997,0.0269174247187972,0.345817521938226
"gene-LOC134681164|LOC134681164",105.020008548944,-0.085364691656035,0.0942436945346322,0.20323725051321,0.6839779604257
"gene-LOC134681170|LOC134681170",21.94230455818,0.043360059670152,0.112036573026549,0.444412450577805,0.84113947267877
"gene-LOC134681172|LOC134681172",28.6980103747,-0.0214643801221413,0.110075883768998,0.672629302884001,0.92387619829345
"gene-LOC134681175|LOC134681175",12.8129414386235,-0.00663586052037717,0.118904225283573,0.815721383151308,0.961129238266228
"gene-LOC134681176|LOC134681176",26.4397564242418,0.0050532952725915,0.108883835299514,0.919753432411917,0.984677261486326
"gene-LOC134681181|LOC134681181",10.1775697365186,-0.16746058411086,0.364910439617857,0.00705266425546739,0.194898164609577
"gene-LOC134681182|LOC134681182",86.777239888706,0.019510644418662,0.114713414775388,0.658087283802659,0.920149273256807
"gene-LOC134681183|LOC134681183",17.807432277749,0.0104934517209515,0.112843753868621,0.814689633843108,0.960728032217451
"gene-LOC134681189|LOC134681189",13.3885662074003,0.0223220684059441,0.10894096283768,0.672663124367613,0.92387619829345
"gene-LOC134681190|LOC134681190",13.1384993943939,-0.00400570935887191,0.11470627784794,0.919240134309635,0.984677261486326
"gene-LOC134681202|LOC134681202",10.9908178636886,0.031444886104935,0.119968553656618,0.437902580136218,0.837235747418978
"gene-LOC134681206|LOC134681206",20.9070826348841,-0.150921112519869,0.185603519055334,0.0565786440013364,0.483310521148065
"gene-LOC134681210|LOC134681210",50.5508577465329,0.0205979371258629,0.0943309890629269,0.730639715418605,0.941809942590552
"gene-LOC134681211|LOC134681211",67.9481895443662,0.111846588554958,0.100004803694837,0.111959223098278,0.596307637172188
"gene-LOC134681212|LOC134681212",27.5161991254208,1.45780455099015,0.5063161760309,0.0744156917049798,0.524370486265692
"gene-LOC134681213|LOC134681213",16.4700800447367,-0.00625977273715828,0.121370806189463,0.70453335335444,0.932461823366883
"gene-LOC134681219|LOC134681219",17.3823204295474,-0.091813489932842,0.151279580280618,0.107884434518138,0.591192170056114
"gene-LOC134681225|LOC134681225",94.095545197246,0.00985503444879066,0.102733263686705,0.861618608501105,0.973956778441233
"gene-LOC134681226|LOC134681226",6.28335876658314,0.0208218643537592,0.121779094393335,0.437225217503066,NA
"gene-LOC134681231|LOC134681231",44.0950049715916,-0.0178558632583662,0.119597967457245,0.57416597577065,0.893020587171537
"gene-LOC134681232|LOC134681232",42.0901691426753,-0.0225743267244546,0.12156506157324,0.436411382981061,0.837018012862708
"gene-LOC134681233|LOC134681233",10.2072758665282,-0.0477385772850742,0.128474803125856,0.217015508555786,0.703267154470338
"gene-LOC134681236|LOC134681236",18.1057748071127,0.302093471198615,0.237601477258448,0.0118604001877662,0.245156312756682
"gene-LOC134681239|LOC134681239",86.4130449015215,0.0331704048536906,0.105403152499012,0.568124693581572,0.89133209092497
"gene-LOC134681240|LOC134681240",61.8768866081194,-0.0773788611125292,0.117178786548445,0.235572031813088,0.716934810635982
"gene-LOC134681253|LOC134681253",133.788106772893,0.00882174206734588,0.0956973249996744,0.883489383728438,0.977383609163761
"gene-LOC134681258|LOC134681258",23.0368933977218,0.0104383134800696,0.119988451861248,0.692034624339284,0.928659710889146
"gene-LOC134681260|LOC134681260",20.92901581107,0.0124612083639011,0.113469064032869,0.777714413957779,0.954960361719923
"gene-LOC134681262|LOC134681262",7.67776864744928,0.0170885062168389,0.122453566449833,0.38299790384427,0.821366700441867
"gene-LOC134681274|LOC134681274",11.1166076381886,-0.0106637369975958,0.112604153487181,0.80992806005502,0.960505277793567
"gene-LOC134681276|LOC134681276",79.899988771449,0.00551102783115805,0.105175231488534,0.919518517491584,0.984677261486326
"gene-LOC134681287|LOC134681287",31.665080916803,-0.0231752091712927,0.110725583514727,0.64791123077315,0.918046712290982
"gene-LOC134681290|LOC134681290",22.0764875790337,-0.0350541545005481,0.106691126230754,0.548112082734946,0.88287604337532
"gene-LOC134681291|LOC134681291",145.185776202612,0.264711910805613,0.127015169817343,0.00435993447671057,0.168306955134461
"gene-LOC134681293|LOC134681293",14.8559967647832,-0.0142335004226491,0.114871512388092,0.732691129356093,0.942319056800237
"gene-LOC134681301|LOC134681301",8.93836855398657,-0.0236656371873453,0.119454223443032,0.51252338095786,0.871527350897159
"gene-LOC134681314|LOC134681314",31.5847380972658,-0.648418784170418,0.413097912562088,0.00318148141504261,0.140982924954166
"gene-LOC134681328|LOC134681328",44.0838544717482,0.78736136337351,0.393728844261397,0.00140666591110778,0.0851706852038094
"gene-LOC134681330|LOC134681330",16.9474285383877,0.013291192053911,0.120286611454121,0.617358222050035,0.907747426106231
"gene-LOC134681335|LOC134681335",138.646965820279,-0.0279918242210292,0.0927776593031168,0.650099048944546,0.918046712290982
"gene-LOC134681337|LOC134681337",56.9483708891487,0.0814375633071564,0.116038079634617,0.221764681038199,0.707322381267482
"gene-LOC134681342|LOC134681342",60.4522941430634,0.37033685556914,0.213292954357767,0.00459670050018224,0.169661798928779
"gene-LOC134681343|LOC134681343",54.0290596529056,0.0140485251978994,0.11056264718126,0.774262775541818,0.95457752673248
"gene-LOC134681344|LOC134681344",12.0100806605728,0.00363914094406076,0.120638820245166,0.859354906595414,0.973375096633959
"gene-LOC134681346|LOC134681346",26.2489815902072,-0.0434668902324141,0.12847667658401,0.192891041674723,0.670203352062234
"gene-LOC134681347|LOC134681347",8.10685735341912,-0.0157251366591916,0.120485709059633,0.563988649013554,0.889818923835977
"gene-LOC134681352|LOC134681352",23.6051823650564,0.0188673344198349,0.113491297481091,0.681588515485896,0.925098303564025
"gene-LOC134681355|LOC134681355",10.9972348388737,0.0159773146839343,0.117660746232495,0.659928624213012,0.920679110791961
"gene-LOC134681356|LOC134681356",22.4540627082325,-0.00338685588135793,0.0997969017083082,0.950838954375033,0.990589731896691
"gene-LOC134681360|LOC134681360",28.5010665848436,-0.0254923372070169,0.118600997551345,0.515998383415077,0.871694888253186
"gene-LOC134681367|LOC134681367",67.0386949846774,0.0174449468295862,0.0979248200128173,0.771241468049232,0.953685276062354
"gene-LOC134681368|LOC134681368",66.9229796866372,0.066722569658095,0.115327951481966,0.287953236883383,0.768799212484725
"gene-LOC134681371|LOC134681371",61.5198626443167,-0.00666945886428836,0.103462342618332,0.90178522247875,0.980885187660766
"gene-LOC134681379|LOC134681379",32.021428558508,0.0160048859705193,0.104595122934613,0.773100523401458,0.95409253295551
"gene-LOC134681391|LOC134681391",32.9036833522084,0.233331689884835,0.200590304364334,0.0219034488753412,0.318483436527763
"gene-LOC134681395|LOC134681395",173.381601009985,0.0624385428805299,0.129983298851318,0.219740852944848,0.707264061779253
"gene-LOC134681401|LOC134681401",24.7196577445351,0.0132896682002691,0.114599625738076,0.752742749855806,0.949383119158366
"gene-LOC134681402|LOC134681402",22.8573617949358,-0.0248751361073608,0.10588017989549,0.655232918538787,0.918972538520344
"gene-LOC134681403|LOC134681403",14.5645508458627,-0.0150800717541869,0.118813873854154,0.642849419163149,0.915266026637418
"gene-LOC134681405|LOC134681405",11.0491295787578,-0.0506588497997421,0.123694430927274,0.30139832348313,0.777898121048582
"gene-LOC134681407|LOC134681407",10.9681254281075,0.000691357817447218,0.109493511361206,0.989499082948085,0.997772367968009
"gene-LOC134681409|LOC134681409",31.3939834299591,0.0413942568549076,0.110854642353086,0.465452427072341,0.848670267917421
"gene-LOC134681421|LOC134681421",40.4153298794367,0.0094394373627016,0.093698524269394,0.876482554639618,0.977383609163761
"gene-LOC134681429|LOC134681429",39.3166994951669,-0.00755224984236281,0.0913365905463174,0.900638721317363,0.98065001678538
"gene-LOC134681430|LOC134681430",27.6167561684568,0.0121977376190513,0.105996207935841,0.820835080496163,0.962292847618592
"gene-LOC134681432|LOC134681432",36.5471036581492,0.00677928693720907,0.0956232915192351,0.905446228380275,0.981851978642378
"gene-LOC134681433|LOC134681433",39.1249952439465,-0.0913688748593708,0.166123132990893,0.0388290352303493,0.413108834890942
"gene-LOC134681436|LOC134681436",22.6932420219195,-0.00348118697009161,0.117819603398864,0.911158384548129,0.98251592545162
"gene-LOC134681450|LOC134681450",50.7150943824168,0.0236482865704674,0.0993107508909746,0.692185673145041,0.928659710889146
"gene-LOC134681478|LOC134681478",46.2197672782595,-0.0252704711107034,0.102085681946503,0.664000323007008,0.921381956457196
"gene-LOC134681496|LOC134681496",17.2746486597421,0.0334536502798475,0.115718927875917,0.490084613196025,0.86216670618394
"gene-LOC134681505|LOC134681505",20.910797218323,-0.0160445525190789,0.120912979441222,0.534120006433486,0.876836729956355
"gene-LOC134681561|LOC134681561",68.0930169083102,0.00383815844068763,0.122087919255762,0.660524248796567,0.92080829642482
"gene-LOC134681627|LOC134681627",17.934104635136,0.0119368458510168,0.116762465891802,0.747477363104797,0.947986108770842
"gene-LOC134681663|LOC134681663",44.4648290535441,0.0332462692739776,0.122459104244483,0.365227756263166,0.812684588929183
"gene-LOC134681698|LOC134681698",44.5322169078135,0.0536223708562852,0.122890541129176,0.311180613606146,0.786334587117028
"gene-LOC134681724|LOC134681724",89.6429844788274,-0.00120893859539071,0.0832277378700286,0.983563189397717,0.99595232498375
"gene-LOC134681726|LOC134681726",369.911894816289,-0.0284784694734306,0.125767395785589,0.192217049104835,0.66891890369243
"gene-LOC134681727|LOC134681727",367.683986569155,-0.0282014928747998,0.125668605947742,0.180749165639114,0.658380594100839
"gene-LOC134681729|LOC134681729",1284.89750751933,-0.0527383332703241,0.123882554312139,0.311968702033367,0.786644312972353
"gene-LOC134681730|LOC134681730",715.922060930743,-0.129004605578774,0.200205594349696,0.0462727275074364,0.447120245323378
"gene-LOC134681731|LOC134681731",88.5067393011222,-0.0207941893682603,0.124017031973875,0.170718953405576,0.651911717755385
"gene-LOC134681737|LOC134681737",63.6165504797645,-0.104926728476022,0.182253624904275,0.0315638140506711,0.374021207951703
"gene-LOC134681795|LOC134681795",7.91238679812498,-0.058051904962719,0.142406846384101,0.00411568105530661,0.164703788989884
"gene-LOC134681796|LOC134681796",28.5030240737426,-0.0130050853808368,0.123091279149724,0.118829875330615,0.60666323189779
"gene-LOC134681840|LOC134681840",9.75806027015068,0.0113460945564014,0.119130388279502,0.704445846141165,0.932461823366883
"gene-LOC134681874|LOC134681874",104.597548712473,-0.00725192952843143,0.121709350113161,0.618326957162064,0.907747426106231
"gene-LOC134681875|LOC134681875",9.39331692214238,0.00204298880396946,0.121896979823918,0.843407198568494,0.966613035218243
"gene-LOC134681880|LOC134681880",20.3500753757907,-0.0413591342041043,0.124510123393196,0.299388489611879,0.776850533011164
"gene-LOC134681930|LOC134681930",9.21041359836639,0.00522960208277279,0.119173368610879,0.850210081857699,0.969431075370327
"gene-LOC134681971|LOC134681971",54.0832537458279,0.0468550591478485,0.119050075172638,0.114793452128934,0.600565684702998
"gene-LOC134681976|LOC134681976",19.2857099223384,0.239722123504543,0.246645519819081,0.0220732357968236,0.319741707702924
"gene-LOC134682011|LOC134682011",424.475134798088,-0.0284176767647393,0.125198733631033,0.187947479032209,0.665502917480953
"gene-LOC134682024|LOC134682024",76.501997129596,-0.010509344676564,0.120165573497415,0.675960375006318,0.92387619829345
"gene-LOC134682025|LOC134682025",40.7033135241667,-0.0203134800652266,0.119761001673277,0.536862763913517,0.877546699876996
"gene-LOC134682031|LOC134682031",10.5078731997602,0.0269936628950674,0.116523932064971,0.540309781698626,0.879827398759297
"gene-LOC134682061|LOC134682061",5.97674171494556,-0.00733575996648376,0.121689339299695,0.622172131465573,NA
"gene-LOC134682079|LOC134682079",53.3686744257444,-0.219585145507601,0.330747985916344,0.0214277277354843,0.315269652281026
"gene-LOC134682091|LOC134682091",5.08286989115276,0.00538331769817967,0.121985055323122,0.622892493632481,NA
"gene-LOC134682110|LOC134682110",204.780280099447,-0.0490333970062194,0.133047606544519,0.0993027796045708,0.579342280275393
"gene-LOC134682112|LOC134682112",133.905179125124,-0.013341148968367,0.120126433361968,0.620728582629661,0.90848762383929
"gene-LOC134682149|LOC134682149",8.22253825087454,0.00275972980837173,0.121817369439785,0.808929275937513,0.960505277793567
"gene-LOC134682152|LOC134682152",1361.95852147774,0.126641960325237,0.213470577799158,0.0273070404927667,0.347674529476651
"gene-LOC134682178|LOC134682178",28.9286467547566,-0.0605631483980399,0.118134219014265,0.30602753769441,0.781931159943171
"gene-LOC134682204|LOC134682204",20.5226317727221,-0.0500384197509843,0.124017682875639,0.298429540508531,0.776289971819517
"gene-LOC134682220|LOC134682220",12.3512810463275,0.417855621958903,0.297772234824397,0.00622802000150049,0.183389318514323
"gene-LOC134682252|LOC134682252",50.3875693010805,0.170408772432391,0.146211924675744,0.0446934355041076,0.438652587517252
"gene-LOC134682314|LOC134682314",14.4883733938969,-0.196871869178606,0.25287535413312,0.0304958459828072,0.368203719456018
"gene-LOC134682382|LOC134682382",27.8957276920281,-0.110305327889445,0.17718617895712,0.0572397131313448,0.483310521148065
"gene-LOC134682520|LOC134682520",52.0043620765268,-0.0460601418765456,0.10042537267021,0.473406232747739,0.854081344947249
"gene-LOC134682546|LOC134682546",10.0376327906108,-0.0146040885995969,0.113994069357169,0.736522383855475,0.944327363926323
"gene-LOC134682599|LOC134682599",36.5964547875731,0.0106424015527356,0.104042221033985,0.847888273219193,0.968198690416884
"gene-LOC134682645|LOC134682645",8.86146001830444,0.0178708044292802,0.12166372792062,0.462915454391561,0.848659322959597
"gene-LOC134682677|LOC134682677",29.2641454318949,-0.0304465165395654,0.101488381260899,0.60861070842135,0.905455368892464
"gene-LOC134682853|LOC134682853",104.346101282681,0.0618011872183745,0.110820229867523,0.32642722095225,0.795051568786952
"gene-LOC134682895|LOC134682895",16.3021115851557,-0.0371028800195505,0.116820245934849,0.449329454246356,0.843365484423799
"gene-LOC134682898|LOC134682898",48.1037950212201,-0.0712943005265963,0.140629561431806,0.129181325866754,0.617390354361159
"gene-LOC134682899|LOC134682899",75.9054628652586,0.0164104324489161,0.0986993169044327,0.782589513950815,0.955775092951347
"gene-LOC134682900|LOC134682900",6.21474770955607,-0.0155741522984193,0.122524820401764,0.365924854490265,NA
"gene-LOC134682905|LOC134682905",309.760622923547,-0.0687502723324356,0.112152192193856,0.284262069479867,0.765531657330681
"gene-LOC134682908|LOC134682908",19.3401073048571,0.0030017061354144,0.116193221895356,0.935709978685346,0.986824046819264
"gene-LOC134682910|LOC134682910",9.55833581295415,0.0342347270854179,0.121375359112864,0.389748926165032,0.82303705168547
"gene-LOC134682912|LOC134682912",7.83641073002528,-0.0675209434128797,0.139796307054917,0.122871226670461,0.610200674094882
"gene-LOC134682914|LOC134682914",15.7226087827769,-0.0191684815973709,0.1169722583504,0.62538303849906,0.910590279867861
"gene-LOC134682920|LOC134682920",51.9614625343148,0.33030343102459,0.29442503769529,0.0110945920432461,0.240849753542314
"gene-LOC134682921|LOC134682921",9.52122297922736,0.00128027995636435,0.120933972916824,0.945521320904023,0.989935575597683
"gene-LOC134682926|LOC134682926",8.4978012048896,0.0105716305825006,0.113057826394581,0.812061909275163,0.960505277793567
"gene-LOC134682928|LOC134682928",25.8927036298759,0.0730370133796815,0.151220711011378,0.0311520444448048,0.372679969404382
"gene-LOC134682931|LOC134682931",45.715200778084,0.12249010070733,0.13828767143982,0.101235538977304,0.579631212729381
"gene-LOC134682932|LOC134682932",12.0343573018614,-0.000430482776885984,0.115524646431768,0.989881776308234,0.99777854221127
"gene-LOC134682935|LOC134682935",22.48488280696,-0.011998498651337,0.110187426960062,0.805608349907218,0.960394927165737
"gene-LOC134682936|LOC134682936",16.5376689710814,-0.000997101804110756,0.114627452743445,0.978466726478007,0.995479908586306
"gene-LOC134682937|LOC134682937",24.1478746145714,0.089927089222501,0.146969982988975,0.123722254696419,0.610633401063977
"gene-LOC134682938|LOC134682938",35.2058931949047,-0.0330015621741162,0.125419579007103,0.236354842196528,0.717795757039084
"gene-LOC134682951|LOC134682951",46.8164540459209,0.171576919722648,0.131401614492446,0.0393972733812577,0.414973530734513
"gene-LOC134682955|LOC134682955",421.021042411553,0.161128547134473,0.183641637968764,0.0517206056304927,0.465956652247407
"gene-LOC134682957|LOC134682957",7.31655388854001,-0.00241196516848116,0.121895473061953,0.810271401925223,0.960505277793567
"gene-LOC134682960|LOC134682960",27.191652317005,1.21068440456753,0.404733469995652,0.000100376907284694,0.0208811849626409
"gene-LOC134682961|LOC134682961",35.6723877975913,-0.0683697145332346,0.136579380172213,0.160870509885759,0.643034890935151
"gene-LOC134682970|LOC134682970",127.174848192833,-0.00409267378237847,0.0855094700703216,0.945004937517708,0.989720536311828
"gene-LOC134682971|LOC134682971",176.641380186184,0.0392807491125041,0.0802896379000145,0.521916158163677,0.87276700589929
"gene-LOC134682976|LOC134682976",33.823211974162,-0.0632635134451009,0.127632224383302,0.240586557292129,0.720989486819031
"gene-LOC134682985|LOC134682985",42.8444735361197,0.0427905108796804,0.102175615038436,0.486966910319856,0.859744528046134
"gene-LOC134682986|LOC134682986",61.903524228799,-0.0762286274555937,0.115037320706831,0.243971636393889,0.725041105140412
"gene-LOC134682990|LOC134682990",13.3617910443319,0.0192831990756744,0.121514104855269,0.463183845399831,0.848659322959597
"gene-LOC134682991|LOC134682991",23.0229479432189,0.0107652596425429,0.121095813767304,0.61215867632226,0.905840017185814
"gene-LOC134682992|LOC134682992",28.0465157401783,-0.00680206483835547,0.115282247747804,0.860172016985085,0.973375096633959
"gene-LOC134682997|LOC134682997",21.3700696384378,0.0342395071563462,0.123753294832107,0.319534080123998,0.791856626753348
"gene-LOC134683005|LOC134683005",35.6385561507137,0.0116304381426873,0.102312349486958,0.836331862393238,0.965558865799071
"gene-LOC134683007|LOC134683007",11.9177645319942,-0.0053884196145823,0.116571994344938,0.879125245658429,0.977383609163761
"gene-LOC134683012|LOC134683012",15.6992941789604,-0.0538614957073373,0.124525241344139,0.282794498782299,0.764014430512496
"gene-LOC134683013|LOC134683013",115.471830943001,-0.0629327953800533,0.138768647396924,0.109870235931075,0.592381711222332
"gene-LOC134683016|LOC134683016",1242.5286258787,-0.059857939725629,0.0752082973164688,0.31911031932024,0.791556704152286
"gene-LOC134683025|LOC134683025",13.6428608349295,-0.0219955440613701,0.113644725043132,0.636860653312599,0.913687630777405
"gene-LOC134683027|LOC134683027",48.7142615074245,-0.0237895598531006,0.104799038919755,0.673213464258485,0.92387619829345
"gene-LOC134683028|LOC134683028",9.0503075036667,0.0286898378134918,0.121433496461908,0.414315490384099,0.831856384439449
"gene-LOC134683029|LOC134683029",7.29974495275241,-0.064142359400144,0.135939772833869,0.157758783445276,0.641040525737625
"gene-LOC134683030|LOC134683030",119.036414175581,0.0158293221919274,0.0995003607088726,0.789398388795521,0.956447910320282
"gene-LOC134683033|LOC134683033",15.6078403724316,-0.00502130729594865,0.116361089829411,0.888422895030334,0.97757846912756
"gene-LOC134683034|LOC134683034",15.2357592557719,-0.0323146959547653,0.123632572204714,0.320164337211996,0.792601902870633
"gene-LOC134683039|LOC134683039",23.5392168654494,-0.0020161759344961,0.118656360206447,0.94233244066963,0.98873117508777
"gene-LOC134683040|LOC134683040",45.5555687482634,0.177161866355515,0.14502242252985,0.0392184157404958,0.414839993616629
"gene-LOC134683041|LOC134683041",13.1639541534598,-0.00346720230245524,0.116783049947857,0.0459031025555747,0.444719708976324
"gene-LOC134683044|LOC134683044",34.8811341328225,0.0440910396752786,0.118661367838608,0.385810568027842,0.821366700441867
"gene-LOC134683046|LOC134683046",78.3821428492453,0.0677035932549975,0.107375814438162,0.298178146297533,0.776175230317075
"gene-LOC134683047|LOC134683047",35.6698081286214,0.0539417291752387,0.106937213342197,0.386655050191771,0.822163449996074
"gene-LOC134683053|LOC134683053",43.2215663301149,-0.0427470119133073,0.124652682936067,0.296957379892804,0.774073727120504
"gene-LOC134683062|LOC134683062",10.2569271334149,0.0125263032662078,0.110110976492418,0.797084459680203,0.958626227484349
"gene-LOC134683064|LOC134683064",100.249713009065,0.135746097300961,0.119307913597268,0.0754641929650452,0.527287289616938
"gene-LOC134683065|LOC134683065",50.8068873732722,-0.0632984513864695,0.131317079116306,0.205885296215676,0.688757595246135
"gene-LOC134683070|LOC134683070",42.5284855846913,-0.0973507664574446,0.164060433544632,0.0633010307807022,0.494982945347626
"gene-LOC134683073|LOC134683073",30.8191189444355,-0.14422345843932,0.208420892249573,0.0449254285786797,0.438652587517252
"gene-LOC134683075|LOC134683075",10.1451371496831,0.101568207160368,0.170668531373614,0.0563380980959816,0.483310521148065
"gene-LOC134683076|LOC134683076",14.3191869509595,0.00757261686548159,0.11250880248161,0.866886780642078,0.9755943788839
"gene-LOC134683077|LOC134683077",51.7983623380358,0.0257814914520857,0.12491310354389,0.170826261541536,0.651911717755385
"gene-LOC134683080|LOC134683080",17.7016464938727,0.0141790281208615,0.121775510564279,0.486048011179489,0.858898904134779
"gene-LOC134683087|LOC134683087",15.7591183116932,0.0355692942081513,0.11947427912398,0.422820020445455,0.835542057474881
"gene-LOC134683090|LOC134683090",12.3886588452315,0.00803629052668197,0.120518686647103,0.722742329991856,0.938628075831609
"gene-LOC134683093|LOC134683093",17.2051421468839,0.0294515786790135,0.11953254424237,0.463733653213973,0.848659322959597
"gene-LOC134683096|LOC134683096",82.9678914686246,-0.027654240315747,0.112239748418202,0.585185006285125,0.89973393313019
"gene-LOC134683097|LOC134683097",8.95969540842928,-0.00921673357396684,0.122256678501076,0.429985187662263,0.835825175179631
"gene-LOC134683110|LOC134683110",8.75756409372988,0.136457201142341,0.2147575134906,0.0363274605908129,0.40185576420177
"gene-LOC134683115|LOC134683115",41.7965047963065,0.117425039278221,0.127653042849249,0.113245927085242,0.596930494410968
"gene-LOC134683119|LOC134683119",13.4637474785206,0.0233184309768899,0.122137650518383,0.403549718813196,0.828218046845589
"gene-LOC134683121|LOC134683121",20.3373232081155,0.577260790292602,0.178136791777749,6.69162387053058e-05,0.0161656681181947
"gene-LOC134683122|LOC134683122",14.7896802335471,0.010627680487272,0.116780966517397,0.771860163265521,0.95371520053136
"gene-LOC134683137|LOC134683137",64.4529550438051,0.178147840070324,0.155992154363418,0.0408728625412378,0.422591508767551
"gene-LOC134683138|LOC134683138",7.78684142206523,0.00818024557527798,0.119712347078913,0.75632941701634,0.94961625594829
"gene-LOC134683141|LOC134683141",112.618644313531,0.160479924610274,0.0974594041442876,0.0282253074395429,0.353477136145045
"gene-LOC134683142|LOC134683142",27.9309706815969,-0.0176171964895086,0.116157113729115,0.660758951126583,0.92080829642482
"gene-LOC134683156|LOC134683156",47.3492905326458,-0.0594059680679616,0.119205702016963,0.305904918841664,0.781931159943171
"gene-LOC134683157|LOC134683157",76.5035112876122,-0.0888543068963149,0.121680146983957,0.187582057731455,0.665334927957391
"gene-LOC134683162|LOC134683162",64.097327995511,0.00737772528880361,0.117380501521605,0.830739732084032,0.965008508387982
"gene-LOC134683163|LOC134683163",26.9867423896581,0.148411431836343,0.151960034908109,0.0659615938444295,0.501660423029941
"gene-LOC134683164|LOC134683164",14.5151259514075,0.240988824742272,0.275072764676385,0.021476154045647,0.315362583623236
"gene-LOC134683165|LOC134683165",175.273163743807,-0.106986019097104,0.181957775957114,0.0381090285080171,0.4094670222332
"gene-LOC134683168|LOC134683168",9.82477397102196,-0.0305957623988944,0.120531489036004,0.428542820862491,0.835542057474881
"gene-LOC134683169|LOC134683169",114.642669401109,-0.0171705562747981,0.0836148573537017,0.778742149665221,0.955272826382029
"gene-LOC134683170|LOC134683170",8.10784825514051,-0.502583515177187,0.442313279176494,0.00647194075081906,0.187136541632757
"gene-LOC134683178|LOC134683178",10.6753366270769,-0.0206756062084146,0.119938772240364,0.526152760984603,0.875012181742622
"gene-LOC134683182|LOC134683182",48.2719686772453,-0.078345594362479,0.139389315220317,0.153322480907887,0.639042493869484
"gene-LOC134683186|LOC134683186",350.688539892564,0.141357604923841,0.140515273610341,0.0741767449208708,0.524180554632953
"gene-LOC134683187|LOC134683187",19.3794445134945,-0.0555588843855322,0.129289970248708,0.224652035436028,0.710181128484766
"gene-LOC134683196|LOC134683196",8.73127897354522,-0.0280307681985803,0.123945214075505,0.290185280864077,0.771139824127934
"gene-LOC134683207|LOC134683207",15.5795147243582,-0.0565154490518876,0.126024100340812,0.263108175299933,0.744428204226113
"gene-LOC134683210|LOC134683210",20.7100073358685,0.103045311295535,0.184397826749534,0.0197939585087849,0.30564320674699
"gene-LOC134683218|LOC134683218",7.07410295589008,-0.000234945818025045,0.117393819963396,0.993284663186252,0.998216430837606
"gene-LOC134683219|LOC134683219",14.0958091823121,-0.500369423994424,0.369575670564452,0.00537659743243565,0.17423602121867
"gene-LOC134683222|LOC134683222",19.7147252936831,0.0365634263815411,0.1216731130786,0.375595573873695,0.820038855990219
"gene-LOC134683225|LOC134683225",357.016072662767,0.0189871580547863,0.0839418867246659,0.757866472714396,0.9500528854063
"gene-LOC134683226|LOC134683226",190.372643547427,0.00924564838478267,0.121458660871613,0.611272769933705,0.905840017185814
"gene-LOC134683232|LOC134683232",13.3015153360697,-0.000615965893760339,0.114130450536869,0.983111866068652,0.99595232498375
"gene-LOC134683234|LOC134683234",5.64318971996619,-0.00439614152467854,0.121721195121484,0.731196660221335,NA
"gene-LOC134683237|LOC134683237",11.9139143374213,0.00749790411708414,0.121880388419987,0.582428382787554,0.897490979155554
"gene-LOC134683238|LOC134683238",22.7305977001189,0.00328163411482138,0.121847756442924,0.771090657382287,0.953685276062354
"gene-LOC134683239|LOC134683239",84.4120005477,0.00521714716723974,0.120065320053519,0.82921350387796,0.964892896096873
"gene-LOC134683240|LOC134683240",93.2248670669663,0.00827102111203026,0.120492432770891,0.720604711510401,0.937715893503337
"gene-LOC134683241|LOC134683241",13.4877052186377,-0.00834310287052531,0.122116597756553,0.489738639110115,0.861760495370219
"gene-LOC134683242|LOC134683242",180.589386611327,-0.0120829896543996,0.120902457344416,0.596300808340887,0.903304056912138
"gene-LOC134683247|LOC134683247",639.658332431704,0.0381165610124543,0.105169589444296,0.509645465438674,0.870603055063341
"gene-LOC134683250|LOC134683250",21.9131375644052,-0.0108510134942173,0.120359942759038,0.658514957080124,0.920249769280285
"gene-LOC134683257|LOC134683257",18.9857320957135,-0.00913048983631011,0.116678852867284,0.799645450951265,0.958777657383338
"gene-LOC134683258|LOC134683258",592.413466746183,-0.0546266944385689,0.10258968323586,0.388209689241217,0.82303705168547
"gene-LOC134683261|LOC134683261",39.1968925918237,0.0121236360166897,0.110171212682466,0.80036371400274,0.958777657383338
"gene-LOC134683263|LOC134683263",7.85985703011916,-0.0179855614727788,0.122107485996681,0.421177412639421,0.835044956811977
"gene-LOC134683264|LOC134683264",101.107813508158,-0.0349121118416252,0.120262769040406,0.410148814396542,0.831856384439449
"gene-LOC134683266|LOC134683266",27.1093321359101,0.0541194439014111,0.105097027990371,0.389316377543462,0.82303705168547
"gene-LOC134683269|LOC134683269",27.4053153461077,0.00334219866057469,0.117697845762143,0.919001657112084,0.984677261486326
"gene-LOC134683279|LOC134683279",16.2346946629949,-0.00117803513038238,0.107793151505156,0.980786609998808,0.995903556522021
"gene-LOC134683281|LOC134683281",12.8151460779765,0.00481923148787076,0.120586866617767,0.819311694248755,0.962092576666134
"gene-LOC134683286|LOC134683286",9.10616480579924,-0.0197187820308119,0.121168084048376,0.480451435593586,0.856172230112359
"gene-LOC134683293|LOC134683293",25.4256446649745,-0.0326807689245873,0.124874986694612,0.264033159670077,0.744490657949496
"gene-LOC134683295|LOC134683295",22.9744482081387,0.21371594005111,0.20166032327409,0.0276041617873329,0.349399075712481
"gene-LOC134683298|LOC134683298",22.6280325032473,-0.0289250466691695,0.107649956626542,0.601164060689301,0.904066623728823
"gene-LOC134683300|LOC134683300",63.8957992713039,-0.168676068943274,0.175983312592728,0.0479742036803683,0.454917411390098
"gene-LOC134683308|LOC134683308",52.6831502035045,0.0647189971442366,0.140691919329559,0.095060446004543,0.572581175177074
"gene-LOC134683316|LOC134683316",156.472308206572,0.0729672779672779,0.132482205257855,0.194743103019026,0.672225346782597
"gene-LOC134683320|LOC134683320",43.505001061763,-0.0306295005230706,0.0913647274387141,0.620497554523727,0.908486057835424
"gene-LOC134683322|LOC134683322",17.0798265500808,0.100220513896625,0.148995163872216,0.11677085307417,0.603934336099762
"gene-LOC134683324|LOC134683324",47.8267205773422,-0.174715471321208,0.26795356794765,0.0283321800744076,0.354223199628111
"gene-LOC134683326|LOC134683326",16.4928663268211,-0.0305033455466955,0.106445292390029,0.590726699689525,0.902148006853668
"gene-LOC134683330|LOC134683330",9.89545362762006,-0.0525050257709486,0.127222827538144,0.250931902601042,0.729231283887933
"gene-LOC134683332|LOC134683332",7.62175225614671,0.00596697648156176,0.121890402023141,0.629443097337454,0.911603046985146
"gene-LOC134683334|LOC134683334",12.34131506816,0.00187234275123167,0.117353852730239,0.956550759307079,0.990589731896691
"gene-LOC134683337|LOC134683337",12.6548118460269,0.0460520629598443,0.121731294284704,0.340240835866686,0.80340288344589
"gene-LOC134683339|LOC134683339",19.8444479679819,-0.00799593898158279,0.10720096145317,0.877033688641188,0.977383609163761
"gene-LOC134683344|LOC134683344",149.316014578193,0.0689507106460268,0.131815856764391,0.202084546396716,0.682627025788083
"gene-LOC134683351|LOC134683351",124.696365085,0.0752224339307167,0.0934454039712888,0.254677123613061,0.73300421934597
"gene-LOC134683353|LOC134683353",12.5578768361517,0.00647873182810877,0.109958457110479,0.894355973940195,0.979928513327605
"gene-LOC134683354|LOC134683354",7.42744669120169,0.00505789050419552,0.118695483959354,0.863121890128091,0.973956778441233
"gene-LOC134683355|LOC134683355",21.4438582714137,0.0355868524825487,0.110720570970447,0.51595032104714,0.871694888253186
"gene-LOC134683360|LOC134683360",44.8639128202227,-0.0403648370885178,0.117941983494297,0.412932311643926,0.831856384439449
"gene-LOC134683362|LOC134683362",9.414835249692,-0.0148098411025042,0.118708805706117,0.650694224877611,0.918046712290982
"gene-LOC134683370|LOC134683370",8.37605068193196,0.0183884759000085,0.121606043081899,0.46244354905142,0.848659322959597
"gene-LOC134683373|LOC134683373",19.4244938935377,-0.0346519741691353,0.127091208490576,0.152738526746531,0.639042493869484
"gene-LOC134683378|LOC134683378",9.84110154000816,0.023944132740276,0.118997847228677,0.523556741860232,0.873333155840528
"gene-LOC134683379|LOC134683379",33.1731783063452,-0.150277135006422,0.184762724615354,0.0570203361342637,0.483310521148065
"gene-LOC134683381|LOC134683381",159.434845941779,-0.680085293785297,0.182229229854643,9.80851329275734e-06,0.00408088644719221
"gene-LOC134683382|LOC134683382",12.3795364799467,-0.598533300655602,0.536275853857565,0.00562839192429299,0.178608897785745
"gene-LOC134683383|LOC134683383",11.3664339054835,0.015052106495963,0.110435245897286,0.760359306984555,0.950888209220909
"gene-LOC134683384|LOC134683384",8.79557864733624,0.0181144651803629,0.122005228986355,0.433337619675695,0.8360891578941
"gene-LOC134683385|LOC134683385",29.6821900405974,-0.0355501463222217,0.123277906487014,0.333998921207018,0.800046820703714
"gene-LOC134683387|LOC134683387",10.0684396935527,0.0183795303582803,0.121089093607208,0.499456702616732,0.864549417435196
"gene-LOC134683388|LOC134683388",6.48012048182049,0.00836210441984194,0.121721979297986,0.591378188952136,NA
"gene-LOC134683389|LOC134683389",37.2774229929319,0.159322797078941,0.196840366408317,0.0499494619395973,0.4604203108667
"gene-LOC134683390|LOC134683390",227.210351272169,5.02213386873008e-05,0.119377947369916,0.997522513788131,0.999391269083475
"gene-LOC134683391|LOC134683391",196.252924474766,0.00381059053193318,0.119986178026267,0.875707256607101,0.977383609163761
"gene-LOC134683394|LOC134683394",473.004131478382,0.0214542404024719,0.123079922407293,0.326813083280883,0.795063998766021
"gene-LOC134683395|LOC134683395",54.3345122535052,1.61869080477834,1.30899499368016,0.122290526945755,0.609337163204763
"gene-LOC134683396|LOC134683396",21.1084158107764,0.0155600624944791,0.123075834500606,0.243235449288876,0.724889088728343
"gene-LOC134683398|LOC134683398",10.6677827282989,-0.0429428512168143,0.116055398138155,0.41684834472069,0.833078374036936
"gene-LOC134683400|LOC134683400",15.0969034775857,-0.0594110188073546,0.128798489464026,0.231454800074724,0.714623063583092
"gene-LOC134683404|LOC134683404",55.2700884728744,-0.0197869014105684,0.105244069694357,0.719943986526765,0.937517043140139
"gene-LOC134683405|LOC134683405",8.86856957229158,0.0119827649894196,0.118900552465248,0.698641933888597,0.930487185291073
"gene-LOC134683410|LOC134683410",626.78541647402,0.0376199680412555,0.100916490211224,0.548341626088139,0.88287604337532
"gene-LOC134683411|LOC134683411",25.2757948302177,0.050836190208648,0.122602278583668,0.312815109022537,0.78693314819391
"gene-LOC134683435|LOC134683435",21.6606612980942,0.108734436263873,0.161389631522899,0.0896609793665868,0.562448223807657
"gene-LOC134683452|LOC134683452",39.4617873596576,-0.205472702004113,0.283870054203864,0.0257377536842079,0.339348657290551
"gene-LOC134683457|LOC134683457",14.2944026356765,-0.0219101307870875,0.114416266307407,0.627893860605225,0.910895822190252
"gene-LOC134683459|LOC134683459",325.840269535188,0.14086295476155,0.157058386733055,0.07247060815029,0.522360331508683
"gene-LOC134683463|LOC134683463",12.4784137097486,-0.0136680798876005,0.111892477471399,0.769159812964644,0.953685276062354
"gene-LOC134683471|LOC134683471",79.1150079343997,-0.0240475591500213,0.118609088555678,0.528684683363736,0.87559280413096
"gene-LOC134683475|LOC134683475",14.5252000351631,0.0326385986200366,0.110245927460099,0.547011827156092,0.88287604337532
"gene-LOC134683486|LOC134683486",10.3201804609389,-0.0244430984537481,0.124723903079667,0.157232745567322,0.641040525737625
"gene-LOC134683513|LOC134683513",97.455439029174,0.0069247883033492,0.114368444524425,0.867885521484093,0.975747205157066
"gene-LOC134683530|LOC134683530",37.3840471163044,-0.0727439099233044,0.140505178006038,0.135862925046209,0.624139845752057
"gene-LOC134683534|LOC134683534",1031.49210930937,-0.053292617510654,0.128147866588573,0.223401479365735,0.708532153603644
"gene-LOC134683549|LOC134683549",14.8961383639826,0.0338180607293253,0.127233771022433,0.12791716021121,0.616067198584733
"gene-LOC134683560|LOC134683560",3155.27155904989,0.00266023491096694,0.121380022341214,0.889517377190983,0.978177856383876
"gene-LOC134683568|LOC134683568",99.2776470551136,-0.0303991730042875,0.10290985174781,0.608323315535287,0.905455368892464
"gene-LOC134683599|LOC134683599",130.076587277977,0.0464744986996834,0.0953596127066205,0.46313226927963,0.848659322959597
"gene-LOC134683600|LOC134683600",18.2125907920699,0.0142947032542012,0.120255851062308,0.60142341025731,0.904066623728823
"gene-LOC134683610|LOC134683610",15.9331281786409,0.0205206645452314,0.119385873500974,0.549181912444528,0.883338346713288
"gene-LOC134683634|LOC134683634",50.6380110835051,0.0371503416575556,0.100187417227948,0.544572280543808,0.881862199203629
"gene-LOC134683639|LOC134683639",17.4794784173393,0.0417526024374415,0.130293082031355,0.0972796344223176,0.57769829291262
"gene-LOC134683663|LOC134683663",21.2081230149712,-0.0170241657315897,0.112176733835271,0.71694257937561,0.936213247941403
"gene-LOC134683666|LOC134683666",819.000492296747,0.00451195301403032,0.12197468071488,0.67543101615938,0.92387619829345
"gene-LOC134683694|LOC134683694",11.6008578402675,-0.020360119798205,0.109644834299484,0.691122114807247,0.928612649687096
"gene-LOC134683698|LOC134683698",14.2714110556273,-0.000276550671391751,0.121877329187636,0.973307745311921,0.995099208824706
"gene-LOC134683743|LOC134683743",10.2489729605099,-0.000966648637668611,0.121477795853681,0.940990479593731,0.988027444185343
"gene-LOC134683744|LOC134683744",32.4969535652702,-0.022128434136331,0.111759882262495,0.652316157296504,0.918046712290982
"gene-LOC134683754|LOC134683754",11.7053970306383,-0.0141782574865918,0.1191419159771,0.647927880530589,0.918046712290982
"gene-LOC134683810|LOC134683810",8.19053063087927,0.011126588966234,0.11659707904001,0.764612821828919,0.951829925815486
"gene-LOC134683821|LOC134683821",827.89813290338,-0.0538155889855656,0.062261910537245,0.318569814662386,0.791386320021912
"gene-LOC134683827|LOC134683827",316.263275531135,0.0359306146802965,0.124580794124765,0.294327328684643,0.772631316913971
"gene-LOC134683828|LOC134683828",1703.71989369785,-0.0167219302011898,0.11710181193862,0.651779006420974,0.918046712290982
"gene-LOC134683830|LOC134683830",9208.3957154165,0.00791373867651889,0.116707325299742,0.78775006527435,0.956384665187901
"gene-LOC134683831|LOC134683831",4175.79501717643,-0.0144243781516473,0.117437533162148,0.697818786326812,0.929886991245818
"gene-LOC134683890|LOC134683890",2071.68021639115,0.0128786295838472,0.116725413995421,0.727645002739141,0.941169644555951
"gene-LOC134683914|LOC134683914",8.14019314868343,0.0158050891591855,0.12256898841356,0.36215179177291,0.812684588929183
"gene-LOC134683926|LOC134683926",71.7060072343759,-0.308807817033283,0.287946118467034,0.012739509891123,0.249754422970209
"gene-LOC134683945|LOC134683945",10.8032737888991,0.0552569421064472,0.123930075402036,0.287421885372798,0.768483236746561
"gene-LOC134683957|LOC134683957",12.8072252061979,0.037401169287711,0.113894365482979,0.476422527541822,0.855045875020549
"gene-LOC134683965|LOC134683965",5436.61053473049,-0.0263828223797969,0.124216456448894,0.220961401458502,0.707264061779253
"gene-LOC134683969|LOC134683969",16.7264193700436,0.026068257106314,0.122430496818519,0.380492195649689,0.82083573709765
"gene-LOC134683980|LOC134683980",10.643950164459,-0.0793838065679575,0.152927254525988,0.0584689731553679,0.483310521148065
"gene-LOC134683983|LOC134683983",8.99503750612413,0.0202993335575855,0.123820374114901,0.547310467672402,0.88287604337532
"gene-LOC134684002|LOC134684002",40.7532957403166,0.0254731031106282,0.0934164154477133,0.678888816598542,0.924535906928755
"gene-LOC134684011|LOC134684011",12.1115850736572,0.0233893250876751,0.123592066879296,0.284425566735219,0.765531657330681
"gene-LOC134684020|LOC134684020",47.8388441502172,0.0200036466358208,0.0975856800496199,0.738647655637987,0.945197443324404
"gene-LOC134684025|LOC134684025",733.681975334143,-0.0728175631543428,0.12559698511209,0.227160216220329,0.711804885792292
"gene-LOC134684063|LOC134684063",154.107570352233,-0.00977963805233852,0.122361054875153,0.385331724970154,0.821366700441867
"gene-LOC134684088|LOC134684088",79.7977285205892,0.00634565435972557,0.121463837643607,0.69688796734469,0.929563146928802
"gene-LOC134684149|LOC134684149",48.4887721142056,-0.00530922489772483,0.121675778965212,0.697432133975528,0.929868123792546
"gene-LOC134684152|LOC134684152",388.845249991714,-0.0322114353775552,0.126205362552389,0.173565216557998,0.653097140139782
"gene-LOC134684174|LOC134684174",12.9492972985374,-0.0615254315224904,0.144092696785974,0.0123762210246481,0.248101151782769
"gene-LOC134684188|LOC134684188",10.4243469279476,-0.0333912675337047,0.118725177799115,0.447039080679022,0.842275386998885
"gene-LOC134684197|LOC134684197",27.5944427677949,-0.0197106594615676,0.112718955060446,0.676254409749364,0.92387619829345
"gene-LOC134684199|LOC134684199",100.729238649994,-0.0168672565181272,0.121764986055031,0.458958373689382,0.846913276061203
"gene-LOC134684206|LOC134684206",278.806572511368,-0.00895322965046159,0.110642118437235,0.855913196702459,0.972085825008297
"gene-LOC134684209|LOC134684209",66.0709633690404,-0.053877943692838,0.0968891388561848,0.399530082674522,0.827255071865873
"gene-LOC134684254|LOC134684254",8.82379429172086,0.0107349527686092,0.119814653247469,0.691752888471228,0.928659710889146
"gene-LOC134684255|LOC134684255",1118.00727878483,0.0422517941684383,0.0798078568104105,0.488811754852117,0.86053390505113
"gene-LOC134684256|LOC134684256",8.20641768807533,0.00897632416267936,0.118437976257157,0.774400243512463,0.95457752673248
"gene-LOC134684257|LOC134684257",46.4862874301305,0.00759516032604802,0.111882401522201,0.8695602680222,0.975747205157066
"gene-LOC134684259|LOC134684259",65.5285374430185,0.166191552844086,0.111871428805159,0.0336210664668002,0.387750310526713
"gene-LOC134684267|LOC134684267",32.8558845429457,0.0284176184110932,0.117333605362709,0.514895017088332,0.871527350897159
"gene-LOC134684268|LOC134684268",36.4535735224363,0.00198155834519987,0.115345730238718,0.959168871644243,0.990589731896691
"gene-LOC134684270|LOC134684270",8.49309542386704,-0.00169553792747501,0.121002172047814,0.920406789890119,0.984677261486326
"gene-LOC134684271|LOC134684271",42.2659292339194,0.101111263070732,0.125331219819654,0.15060163792596,0.638649867739249
"gene-LOC134684272|LOC134684272",30.1098913095902,0.147047699158219,0.179290172792313,0.0608043149988979,0.488070148774082
"gene-LOC134684276|LOC134684276",27.8538216522614,-0.0899913937551208,0.138551197717723,0.151828728868262,0.638860524496776
"gene-LOC134684277|LOC134684277",8.74822178441186,-0.00981712669239409,0.11930041104363,0.728106338932369,0.941275691470766
"gene-LOC134684281|LOC134684281",11.9518933713195,0.0105023846817634,0.121816900072328,0.528722902537331,0.87559280413096
"gene-LOC134684285|LOC134684285",14.6009910472498,0.0153275210590454,0.121277061868304,0.520416855610721,0.87205858002813
"gene-LOC134684299|LOC134684299",11.0231257764549,0.034943674662471,0.118319504283062,0.446476166359324,0.842185240747996
"gene-LOC134684313|LOC134684313",9.57328758426115,0.00568639494195781,0.117698836262055,0.862653445929723,0.973956778441233
"gene-LOC134684315|LOC134684315",23.7196154512291,0.0832138019255478,0.134904016811214,0.172352962000093,0.652148082884002
"gene-LOC134684350|LOC134684350",11.6211528414668,-0.0314714502463482,0.122165657392217,0.376722384335667,0.820038855990219
"gene-LOC134684392|LOC134684392",6.39195706393791,-0.00267417500744654,0.121517177886102,0.847312964448667,NA
"gene-LOC134684409|LOC134684409",11.5733610371464,-0.0126952338877452,0.121576028474654,0.523962964124398,0.873543775228765
"gene-LOC134684419|LOC134684419",11.3791777715692,-0.00124242874364956,0.12052688609284,0.949465379237178,0.990589731896691
"gene-LOC134684448|LOC134684448",24.6711989947892,-0.0620241767874001,0.130965930717328,0.208480791905885,0.691152125092152
"gene-LOC134684518|LOC134684518",26.6231056131357,0.178443086719417,0.16787251325645,0.0418784148255714,0.427203145493699
"gene-LOC134684548|LOC134684548",12.3279571043786,0.0668805022216992,0.124779307842642,0.24874916961014,0.728288152552403
"gene-LOC134684560|LOC134684560",210.737108587005,0.00459739965010079,0.121728430091638,0.729615970473219,0.941275691470766
"gene-LOC134684561|LOC134684561",25.6986719229426,-0.0153409216757379,0.123315690662757,0.148165353654497,0.634788520319523
"gene-LOC134684562|LOC134684562",656.575023212179,0.00203452099953698,0.12212092334551,0.786131701671555,0.956333327702894
"gene-LOC134684563|LOC134684563",11907.3714305515,0.0661427898072465,0.124972097539842,0.225858016881686,0.71129129033934
"gene-LOC134684565|LOC134684565",6743.82229187518,-0.0073119813111049,0.110127391010558,0.871648688368486,0.976875742322778
"gene-LOC134684566|LOC134684566",736.943363474024,-0.0055636720964814,0.12121111091671,0.742640194275225,0.947237400558229
"gene-LOC134684573|LOC134684573",53.8097270858581,-0.0591943888064243,0.0939748750108622,0.356633559984575,0.811592466382447
"gene-LOC134684620|LOC134684620",4552.64805199676,0.0638345826597226,0.133165996983423,0.198729192624038,0.678961187756122
"gene-LOC134684641|LOC134684641",19.9318201247397,0.017838948430331,0.120489708570493,0.537986907738038,0.877982589682874
"gene-LOC134684642|LOC134684642",93.2736711187199,-0.0909293281841701,0.116142638113741,0.1862409516675,0.663538766430975
"gene-LOC134684652|LOC134684652",25.2637080779208,0.0264198052732154,0.114824793893035,0.571245193595335,0.892514888984445
"gene-LOC134684656|LOC134684656",12.1100703603733,-0.0194123904712565,0.119422643782757,0.560534214254993,0.889626780838873
"gene-LOC134684657|LOC134684657",16.7003095072563,-0.0137625328207183,0.116599142834521,0.715754095541871,0.93567613525086
"gene-LOC134684671|LOC134684671",48.693100714843,0.316931689724587,0.238194602251617,0.0102314825924563,0.230793894984654
"gene-LOC134684677|LOC134684677",11.2541685345032,-0.0140276783722426,0.120647220951871,0.579833882736269,0.896814528668302
"gene-LOC134684682|LOC134684682",46.5447883315698,0.00117215653192461,0.121742461031297,0.925497932753017,0.985177432859168
"gene-LOC134684687|LOC134684687",15.3804791615537,-0.00245069451129778,0.120298593409065,0.908265679620465,0.98251592545162
"gene-LOC134684698|LOC134684698",28.8372835662008,0.0295604646398778,0.124081782450916,0.292183117869524,0.771565363090573
"gene-LOC134684705|LOC134684705",77.1582173117167,-0.0596479201299486,0.107866376073589,0.344683429379604,0.806666938319954
"gene-LOC134684714|LOC134684714",15.1752022679774,-0.00624696584157215,0.117727215682826,0.84594807693769,0.967961061602194
"gene-LOC134684728|LOC134684728",20.8591526029147,-0.0169629910828613,0.105354756929559,0.756653734024969,0.94961625594829
"gene-LOC134684739|LOC134684739",25.2679374950183,-0.131645825141943,0.206234859405238,0.039878441910469,0.418416940941467
"gene-LOC134684749|LOC134684749",10.0669561632743,-0.139304248682208,0.198310950732666,0.0508674521782601,0.462875272616026
"gene-LOC134684752|LOC134684752",16.6754453957674,-0.0119377491817302,0.117157304641371,0.737782232870841,0.944434969376115
"gene-LOC134684759|LOC134684759",53.2959237479362,-0.0263427630049423,0.0969972088167935,0.663950829554166,0.921381956457196
"gene-LOC134684767|LOC134684767",11.0447464680432,0.0630524715885643,0.134948303822604,0.164327608428255,0.646240674287407
"gene-LOC134684786|LOC134684786",345.120883230976,-0.0652259090884107,0.134626286960323,0.174411130080476,0.6534236247508
"gene-LOC134684792|LOC134684792",35.7677786528459,-0.00319316772488676,0.1075200619348,0.949355177050005,0.990589731896691
"gene-LOC134684844|LOC134684844",21.2185107861883,-0.0155119167486259,0.116368671727445,0.690648558658162,0.928427042863215
"gene-LOC134684854|LOC134684854",21.6019832956506,0.0419828857215119,0.118345666463403,0.399432924451695,0.827255071865873
"gene-LOC134684872|LOC134684872",9.46301374112884,-0.0307574333312086,0.121914879103473,0.388016892668476,0.82303705168547
"gene-LOC134684887|LOC134684887",10.1927420251417,-0.00403242761408789,0.121814263942418,0.729602857292239,0.941275691470766
"gene-LOC134684888|LOC134684888",20.1358963623425,0.0125895035930354,0.107585492327276,0.809424017118029,0.960505277793567
"gene-LOC134684901|LOC134684901",7.35649368863344,-0.00506882128889261,0.120980138932575,0.784162042015539,0.956271862208695
"gene-LOC134684908|LOC134684908",11.4588836878922,0.0234030623327,0.121754500934336,0.424528034716794,0.835542057474881
"gene-LOC134684924|LOC134684924",14.5686375584262,-0.00638014084927398,0.12165022610467,0.65992769398985,0.920679110791961
"gene-LOC134684971|LOC134684971",74.1124775562646,0.0179631557661121,0.120133997296497,0.554166707955916,0.886803778049819
"gene-LOC134684975|LOC134684975",7.153559726397,0.00501610444904857,0.120624519798252,0.810310977352856,0.960505277793567
"gene-LOC134684979|LOC134684979",12.3268590758042,0.0245883250047125,0.118509229280147,0.527543175355102,0.87559280413096
"gene-LOC134684981|LOC134684981",15.8798854637775,0.0927779378320442,0.150544712186004,0.111662053635805,0.596307637172188
"gene-LOC134684992|LOC134684992",26.7912913044359,-0.0488084137756596,0.130435511320465,0.175466584525342,0.653957193103024
"gene-LOC134684993|LOC134684993",547.9124018426,-0.107766688906113,0.139450278059419,0.124237674407981,0.610633401063977
"gene-LOC134684994|LOC134684994",19.3054724135809,0.00274572589464146,0.1184089859142,0.927916011788576,0.985809423772648
"gene-LOC134684996|LOC134684996",12.9055799896086,-0.0995555998791351,0.156414865639237,0.0976587046104121,0.57769829291262
"gene-LOC134684998|LOC134684998",91.2391570295816,0.0155140880646807,0.0959708115150351,0.790192629008548,0.956642532286047
"gene-LOC134685003|LOC134685003",28.681783180424,-0.0949117843576302,0.142386623596347,0.136713498459095,0.624139845752057
"gene-LOC134685007|LOC134685007",10.4437755814662,0.0562057353785173,0.125329694264282,0.271904935028502,0.75239604530628
"gene-LOC134685011|LOC134685011",9.0312948941224,0.0146838264252182,0.120567386204153,0.578231836170732,0.895787070928018
"gene-LOC134685012|LOC134685012",23.2731016667565,-0.0336921836065752,0.125637404448074,0.230752385545848,0.714623063583092
"gene-LOC134685014|LOC134685014",89.1807447341162,0.0239411650822069,0.119770523673276,0.510137775908237,0.871049202867485
"gene-LOC134685015|LOC134685015",16.8842361348722,-0.00758113243669494,0.120540918420679,0.729966557233611,0.941275691470766
"gene-LOC134685016|LOC134685016",16.0810651172784,-0.0611225303802532,0.134012662028651,0.169854574469775,0.650326338157105
"gene-LOC134685018|LOC134685018",9.5774397565048,0.0344195222351413,0.117498010727541,0.461770840091201,0.848659322959597
"gene-LOC134685023|LOC134685023",40.0500804651209,-0.0402519847313344,0.124191929849303,0.30824536978301,0.783587771318723
"gene-LOC134685033|LOC134685033",129.541996931609,0.00787384295895379,0.116048289567817,0.836926675663862,0.965558865799071
"gene-LOC134685034|LOC134685034",17.5365705569896,0.0295161324976043,0.113313885985106,0.554237894696565,0.886803778049819
"gene-LOC134685037|LOC134685037",26.2755669957105,-0.0627994547315434,0.134826944735633,0.165591128406117,0.64634592229987
"gene-LOC134685042|LOC134685042",26.3524625825444,0.0138415665996166,0.109222558590208,0.785286125591884,0.956333327702894
"gene-LOC134685047|LOC134685047",77.9986894767593,0.0124915449111234,0.0913698922456883,0.838093808841581,0.965558865799071
"gene-LOC134685054|LOC134685054",10.1728561834481,-0.0133673083412375,0.122615503158814,0.330154562346104,0.797429744915828
"gene-LOC134685059|LOC134685059",34.5085709693378,0.0401306903495062,0.119121507171495,0.400819899820049,0.827255071865873
"gene-LOC134685060|LOC134685060",7.98338790946849,-0.0324781062563006,0.1232792300316,0.335715561330312,0.802058261976077
"gene-LOC134685061|LOC134685061",9.2886769911303,-0.00471846947217927,0.119119503204199,0.862574523885305,0.973956778441233
"gene-LOC134685063|LOC134685063",28.2395771626787,-0.0265838292872414,0.113892355963028,0.588237710395121,0.901619364132022
"gene-LOC134685069|LOC134685069",864.299911916241,-0.0774726409564626,0.083293896081957,0.220597982108478,0.707264061779253
"gene-LOC134685070|LOC134685070",18.4936995714908,-0.0239858981705647,0.113727707276652,0.61026091251292,0.905829590890778
"gene-LOC134685071|LOC134685071",7.96152370105699,0.00211546502657098,0.121234362275014,0.897653339515538,0.980388779295882
"gene-LOC134685072|LOC134685072",20.6262894581489,-0.0784196047890298,0.135763976135709,0.17263855262741,0.652362962789262
"gene-LOC134685075|LOC134685075",16.0143144256041,-0.0124067975208919,0.1207255212462,0.604001762308696,0.904589020585693
"gene-LOC134685076|LOC134685076",20.1954925730862,-0.804536750595555,0.27298686375847,0.000133149771751218,0.0226626963782925
"gene-LOC134685077|LOC134685077",14.468459602281,0.0610248060352259,0.125994490249324,0.254816670637863,0.733090636074436
"gene-LOC134685078|LOC134685078",17.8377340691656,0.0438553177872539,0.12063931951695,0.361863673298454,0.812684588929183
"gene-LOC134685081|LOC134685081",6.93740434928298,0.0088076735225699,0.121578254904405,0.603586969501449,0.904589020585693
"gene-LOC134685084|LOC134685084",29.836991133043,-0.0839275941804145,0.120796337949038,0.206097383888568,0.688757595246135
"gene-LOC134685085|LOC134685085",75.0125490619856,0.00558475082695325,0.109027040072906,0.910981894797643,0.98251592545162
"gene-LOC134685087|LOC134685087",30.0064081131525,-0.316683119133792,0.32673504219293,0.0127338235762961,0.249754422970209
"gene-LOC134685089|LOC134685089",40.5252017981664,0.0446490186834444,0.113142401534619,0.426890112142302,0.835542057474881
"gene-LOC134685090|LOC134685090",118.892292747284,0.015554084041793,0.0868540317112111,0.799847800638692,0.958777657383338
"gene-LOC134685091|LOC134685091",9.60311134626974,0.0151093856052717,0.113047280731116,0.739676154564394,0.945457375552541
"gene-LOC134685092|LOC134685092",39.3995281947225,0.0740171336369828,0.12945828915601,0.209859212293568,0.69336283907107
"gene-LOC134685094|LOC134685094",60.3906125841372,0.119704838568278,0.122861693195617,0.107983207188653,0.591192170056114
"gene-LOC134685105|LOC134685105",15.0086186378041,0.0176598132074424,0.120531839935094,0.538958282778151,0.878788959322344
"gene-LOC134685106|LOC134685106",23.8662237243279,-0.0726264662965832,0.123122603884375,0.239320751759672,0.72032371267643
"gene-LOC134685107|LOC134685107",38.2823096828167,0.0155024934514971,0.102954209092967,0.785147226780091,0.956333327702894
"gene-LOC134685109|LOC134685109",19.334954494754,0.0241225405285695,0.105678500651649,0.666067453664361,0.921742651670224
"gene-LOC134685111|LOC134685111",106.376457128295,0.0170797878113817,0.121978082612463,0.441872200495746,0.839448051274535
"gene-LOC134685112|LOC134685112",110.577441095614,0.013874029297962,0.109747831383467,0.781952008227219,0.955385801967526
"gene-LOC134685115|LOC134685115",11.9754747172831,0.067706617759142,0.138322745751259,0.141580450172946,0.627557821356636
"gene-LOC134685123|LOC134685123",89.9288972579092,0.0423786492214328,0.117046611342289,0.412682197136156,0.831856384439449
"gene-LOC134685124|LOC134685124",216.963242402291,0.200799504038057,0.096806633688491,0.00786119750915104,0.205130690404293
"gene-LOC134685125|LOC134685125",76.4865448200814,0.44313457370644,0.222995568405954,0.00230982989267437,0.111082379794517
"gene-LOC134685128|LOC134685128",69.012857344838,0.132816342160379,0.111243497480699,0.0756845106913002,0.52792970424614
"gene-LOC134685130|LOC134685130",147.132047310177,-0.00113654573712387,0.100615466600883,0.98301196672695,0.99595232498375
"gene-LOC134685136|LOC134685136",7.71126070601373,-0.0128552758843137,0.122513215805381,0.355575886108549,0.811592466382447
"gene-LOC134685137|LOC134685137",21.3691128125534,0.0393409783436932,0.127690815780491,0.187705119971396,0.665334927957391
"gene-LOC134685139|LOC134685139",8.42241564154198,0.0215398255288177,0.115980705445773,0.61331813859066,0.90644068581297
"gene-LOC134685143|LOC134685143",25.8405678435574,0.342233981997115,0.247087251202842,0.00850115896438228,0.215085065825199
"gene-LOC134685144|LOC134685144",33.8479104284826,-0.0227372729306408,0.106194337718404,0.679067461533695,0.924535906928755
"gene-LOC134685145|LOC134685145",22.6063269151157,0.0509811539413885,0.120713992210044,0.332510939748775,0.799927538637512
"gene-LOC134685146|LOC134685146",8.15843350273532,0.109490767291169,0.179200463224041,0.0513481248516856,0.464408115048433
"gene-LOC134685150|LOC134685150",9.48581575617921,0.00840492637502169,0.122051596117496,0.514409568943589,0.871527350897159
"gene-LOC134685155|LOC134685155",11.9865380606626,0.425238205204048,0.458134969262075,0.0086877810715268,0.216996154917434
"gene-LOC134685156|LOC134685156",18.417122078658,0.0849428288110921,0.149636121210351,0.104135407530536,0.584172334828604
"gene-LOC134685157|LOC134685157",9.38775795928195,-0.0416514563885609,0.127617252706115,0.209991693077254,0.693398496232608
"gene-LOC134685158|LOC134685158",19.100984478845,0.0965433213696629,0.140300910256702,0.140571382806955,0.627557821356636
"gene-LOC134685160|LOC134685160",10.2708761677442,-0.154032072996356,0.260246095277015,0.0235248602927763,0.328077614027192
"gene-LOC134685161|LOC134685161",11.8809765943348,-0.0957098841044819,0.165827933988911,0.0572309784440703,0.483310521148065
"gene-LOC134685170|LOC134685170",16.262080603553,0.0179589602599955,0.121326230974987,0.488310832121783,0.860284095510234
"gene-LOC134685177|LOC134685177",6.95133013746131,-0.00811280052333345,0.122058808855809,0.513761096814841,0.871527350897159
"gene-LOC134685179|LOC134685179",171.147030177676,-0.00100802683607767,0.08034299688818,0.98604982253864,0.996446920402525
"gene-LOC134685180|LOC134685180",9.56927993671727,0.0612058608694702,0.135096914496201,0.156869767903965,0.641040525737625
"gene-LOC134685184|LOC134685184",19.1226971645709,-0.0310451047016794,0.107801603561027,0.577928610722648,0.895787070928018
"gene-LOC134685188|LOC134685188",18.8782328855,0.0615543276117549,0.117476777336615,0.305851461837548,0.781931159943171
"gene-LOC134685190|LOC134685190",18.5110318772657,0.0161099244703271,0.117278744634846,0.667057283939315,0.921742651670224
"gene-LOC134685191|LOC134685191",13.3822797660939,0.016549901967476,0.120104042965092,0.574481695906937,0.893020587171537
"gene-LOC134685202|LOC134685202",59.7565409345303,0.184135674135688,0.146227052142698,0.0347557691412108,0.392718098210089
"gene-LOC134685204|LOC134685204",46.8835676309361,-0.0886195754830615,0.125320715157189,0.184941593108719,0.66207097044213
"gene-LOC134685205|LOC134685205",77.7145262088172,0.225533738905229,0.110125284162242,0.00658262985297672,0.188157690721155
"gene-LOC134685206|LOC134685206",12.7975007643839,0.0681845304149209,0.126457288640702,0.237432736971897,0.718866191787849
"gene-LOC134685208|LOC134685208",16.609405935663,0.00700639432741025,0.112031257212081,0.878026012596283,0.977383609163761
"gene-LOC134685209|LOC134685209",667.174712224392,0.0523123522547497,0.0979049360995012,0.410917389022423,0.831856384439449
"gene-LOC134685211|LOC134685211",53.806099086735,0.0485620302750336,0.13416233840082,0.0579820283591637,0.483310521148065
"gene-LOC134685220|LOC134685220",10.8557264925277,0.0564473383718673,0.127423564030574,0.247661677506673,0.728288152552403
"gene-LOC134685231|LOC134685231",10.1632105555868,-0.0134670437648465,0.119422191094091,0.650382076048263,0.918046712290982
"gene-LOC134685234|LOC134685234",30.7561144512743,-0.159567151973643,0.264064207708081,0.0249610821923921,0.336817197367251
"gene-LOC134685236|LOC134685236",18.0875525920389,-0.112877684881242,0.167953991614516,0.078105642136751,0.531757412692844
"gene-LOC134685237|LOC134685237",33.3314851385628,0.878587000467316,0.336793253270371,0.000334024013613176,0.0390860287179543
"gene-LOC134685239|LOC134685239",19.5067237522653,-0.0225681506739567,0.109234413668004,0.66468650722456,0.921517102343534
"gene-LOC134685240|LOC134685240",171.879497858491,-0.0861651653222634,0.0961993648865887,0.201602236210967,0.681932767382082
"gene-LOC134685241|LOC134685241",10.3753455836001,-0.0577611107529603,0.134172933408389,0.152002893121088,0.638860524496776
"gene-LOC134685243|LOC134685243",7.67018616745741,-0.0154510959818334,0.120481149443297,0.568314959829981,0.89133209092497
"gene-LOC134685244|LOC134685244",27.7578787629964,0.0870098141347757,0.13260178683758,0.174063913676436,0.65341586442247
"gene-LOC134685246|LOC134685246",144.603917104823,0.0961469004025108,0.0992815879619386,0.164956717803478,0.64634592229987
"gene-LOC134685249|LOC134685249",13.8469638969766,-0.0726356974961043,0.136306098052731,0.169498530496531,0.650165416239872
"gene-LOC134685251|LOC134685251",105.853360880204,-0.111309215411155,0.136377899671737,0.119451968778811,0.608554962030284
"gene-LOC134685253|LOC134685253",7.60023332507716,-0.050221174988394,0.133716417365099,0.0952373220397693,0.572581175177074
"gene-LOC134685254|LOC134685254",14.2547825644951,-0.0428497410589917,0.126570401301572,0.249255618586775,0.728676107936391
"gene-LOC134685267|LOC134685267",9.74996476511457,-0.0449319445232455,0.122287010837161,0.332445488440016,0.799927538637512
"gene-LOC134685268|LOC134685268",9.94614618008301,0.00460849950138156,0.117335403303979,0.892128842203136,0.979078159399384
"gene-LOC134685271|LOC134685271",7.10800945704118,-0.00718705962317007,0.117396452007752,0.8307266461954,0.965008508387982
"gene-LOC134685272|LOC134685272",28.6206343079126,-0.072858309888262,0.15181170816139,0.0242320606321644,0.332369784018827
"gene-LOC134685273|LOC134685273",26.8622044685144,0.0406483461606541,0.125326608702205,0.280087005430274,0.762459166226361
"gene-LOC134685279|LOC134685279",8.74475513049717,-0.0110542237395753,0.12055619162008,0.640850861658322,0.914809132082223
"gene-LOC134685282|LOC134685282",50.6228027385462,-0.0317711387319609,0.101420483154056,0.594864291309046,0.903181749062791
"gene-LOC134685285|LOC134685285",363.496319909646,0.0569584688578073,0.124275682363943,0.280078358464773,0.762459166226361
"gene-LOC134685286|LOC134685286",74.1432508375343,-0.26456572125388,0.300341496516648,0.0176745629169405,0.291949171218019
"gene-LOC134685291|LOC134685291",16.5981999679847,-0.0420549675272545,0.119872353253085,0.380389229709301,0.82083573709765
"gene-LOC134685292|LOC134685292",1896.33622161319,-0.0333510351559421,0.0741030970535256,0.572187978719886,0.892918477314696
"gene-LOC134685295|LOC134685295",48.5396719074693,0.00358053515858629,0.115121651363941,0.92849099803688,0.985809423772648
"gene-LOC134685296|LOC134685296",12.5028095546613,0.00280939043242388,0.117256142838063,0.934402041964771,0.986824046819264
"gene-LOC134685299|LOC134685299",17.6689739166346,-0.0278140059003622,0.116638544056947,0.530827407976527,0.876596793458922
"gene-LOC134685302|LOC134685302",23.3035508515517,0.0353051710952935,0.1191037358629,0.430535324312351,0.835955157836452
"gene-LOC134685304|LOC134685304",91.9193466729295,0.0455730053287136,0.0891068370435906,0.470811266313777,0.85183198493524
"gene-LOC134685312|LOC134685312",8.29133428848788,-0.0521135617955954,0.125906382612705,0.271281351469016,0.752049180358979
"gene-LOC134685318|LOC134685318",19.3145411316128,0.0324978310297644,0.10776087099114,0.564142108475527,0.889818923835977
"gene-LOC134685321|LOC134685321",14.7044370303261,-0.0197705685767595,0.120814590486752,0.497488439270431,0.863604931815246
"gene-LOC134685322|LOC134685322",13.1053009379983,0.00742160950334817,0.118295310989757,0.812469897585427,0.960505277793567
"gene-LOC134685325|LOC134685325",20.3701083107458,-0.0813615294497572,0.157312724909149,0.0376652591721689,0.408639827498952
"gene-LOC134685327|LOC134685327",36.7260524656902,-0.0339154280182211,0.114661569257229,0.497931731623162,0.863604931815246
"gene-LOC134685332|LOC134685332",39.0402926501865,0.0260911083418014,0.0976204691808658,0.666821358765058,0.921742651670224
"gene-LOC134685337|LOC134685337",23.2294474563853,-0.0443594943704103,0.128758915294397,0.191119955644738,0.666959514725861
"gene-LOC134685341|LOC134685341",30.6706432094557,0.0377292120683117,0.103966073223544,0.528933348362727,0.87559280413096
"gene-LOC134685346|LOC134685346",10.387434179636,-0.0109898307300565,0.118311377935089,0.731886190272466,0.942119870738606
"gene-LOC134685349|LOC134685349",20.3452418808073,0.0507052782301841,0.114947279820771,0.376333864443153,0.820038855990219
"gene-LOC134685354|LOC134685354",74.6449498485347,-0.0901471756577943,0.121465020918981,0.18452818807338,0.66207097044213
"gene-LOC134685357|LOC134685357",75.3964612297094,0.447513182248948,0.155542824456717,0.000253061041859161,0.0324593255806793
"gene-LOC134685359|LOC134685359",9.66265394426082,-0.0261283009899454,0.123759061640567,0.291455075334383,0.771274579215262
"gene-LOC134685363|LOC134685363",48.6573260398531,-0.0115994240128025,0.117714509205475,0.731685439232277,0.942119870738606
"gene-LOC134685371|LOC134685371",16.3127434062106,0.0105515914947008,0.119443407426524,0.710536344219956,0.933953954014707
"gene-LOC134685372|LOC134685372",18.9618383190351,-0.0155630524694248,0.117796288846178,0.661024362491401,0.920974770297147
"gene-LOC134685375|LOC134685375",16.9183519148943,0.0322933702277252,0.107449996882624,0.566974229121246,0.89111319124916
"gene-LOC134685376|LOC134685376",7.14902136909189,0.0190370631160992,0.122314522144385,0.398818485718344,0.827255071865873
"gene-LOC134685377|LOC134685377",17.2411892363506,0.0350901427505886,0.124930836525943,0.277356407116213,0.759182066115978
"gene-LOC134685378|LOC134685378",22.0165178558995,-0.08688517339805,0.148667445614928,0.112758522893766,0.596408821056434
"gene-LOC134685383|LOC134685383",10.2996430593427,0.0136469007832274,0.122629055691263,0.333249447825631,0.800033789297176
"gene-LOC134685386|LOC134685386",80.4058537106298,-0.104659841934783,0.128125735402439,0.138638241689687,0.624706252716044
"gene-LOC134685387|LOC134685387",17.3215918435222,0.407534255929359,0.546408252351915,0.00936205239894814,0.222579080684834
"gene-LOC134685388|LOC134685388",9.70464596871593,-0.0159292012153774,0.122354475049318,0.394239409837865,0.826720797872459
"gene-LOC134685395|LOC134685395",76.2823906707044,-0.016577162870014,0.091234070373426,0.785709817663881,0.956333327702894
"gene-LOC134685396|LOC134685396",52.4565701129876,0.0666012636029051,0.104752522340718,0.307810436445435,0.783258175058011
"gene-LOC134685397|LOC134685397",99.7994040880388,-0.00245530000396041,0.0756514226681207,0.966498866800479,0.992550187342434
"gene-LOC134685400|LOC134685400",223.490490556035,0.0037406576540281,0.0938410097253633,0.951494376990084,0.990589731896691
"gene-LOC134685401|LOC134685401",68.4609205645927,-0.030387408963467,0.106225122743026,0.592340230091851,0.902183441764872
"gene-LOC134685402|LOC134685402",132.98224167231,0.0829787446696246,0.0895324782313906,0.20726915496623,0.689633681814358
"gene-LOC134685405|LOC134685405",10.3061487555698,-0.0404060774475059,0.120976137504831,0.371151136160051,0.819535793541304
"gene-LOC134685431|LOC134685431",29.2368622156379,-0.0147663404951233,0.114405019653922,0.728705527218482,0.941275691470766
"gene-LOC134685466|LOC134685466",22.8800688370454,-0.0211682628530298,0.118392649981166,0.568262613943387,0.89133209092497
"gene-LOC134685488|LOC134685488",16.2308970743325,0.00592920112477526,0.114484788292405,0.885233763796203,0.977383609163761
"gene-LOC134685499|LOC134685499",20.5482835926449,0.0458920083336501,0.131075145263454,0.129017946135435,0.617390354361159
"gene-LOC134685510|LOC134685510",6.93419890052839,-0.022847401246589,0.122994972334004,0.336682437472341,0.802058261976077
"gene-LOC134685515|LOC134685515",25.2285116339286,-0.0293309578223045,0.1110904778937,0.57464980642383,0.893020587171537
"gene-LOC134685519|LOC134685519",174.805975610432,-0.0155046624670215,0.108217707306291,0.764431646692211,0.951829925815486
"gene-LOC134685520|LOC134685520",14.2733265366951,0.00535442055563512,0.111693052807663,0.910748049067498,0.98251592545162
"gene-LOC134685522|LOC134685522",12.6333518899847,-0.0279838756809918,0.121005940548466,0.429674712603524,0.835825175179631
"gene-LOC134685530|LOC134685530",16.1377625415709,0.000743549119462835,0.117270640507973,0.983600732838495,0.99595232498375
"gene-LOC134685537|LOC134685537",11.7822076687153,-0.0345399096472021,0.113993483595076,0.499045841618028,0.864500047589831
"gene-LOC134685538|LOC134685538",6.94141178397312,-0.0103157847067341,0.119197957264151,0.721352582021303,0.937968163682379
"gene-LOC134685543|LOC134685543",13.8784232700637,0.041557992803309,0.117026593698675,0.417206401091661,0.833188996740119
"gene-LOC134685544|LOC134685544",24.3488592021349,0.0637279992862443,0.137163674969209,0.138825698931118,0.625063198111667
"gene-LOC134685545|LOC134685545",72.4355703983098,-0.00952645423660671,0.101295975851712,0.866561371042529,0.9755943788839
"gene-LOC134685546|LOC134685546",7.24626408018857,0.0208508791015843,0.122475424217415,0.383251985043561,0.821366700441867
"gene-LOC134685550|LOC134685550",11.7023293685585,-0.0182609677981658,0.116169529086929,0.652533024018521,0.918046712290982
"gene-LOC134685551|LOC134685551",9.9468947716078,0.00948470444937339,0.11910422306549,0.744507283075428,0.947677704065547
"gene-LOC134685569|LOC134685569",343.795979173744,0.00852388233579451,0.112593484040199,0.850540050582397,0.969659680135724
"gene-LOC134685570|LOC134685570",24.3964000231281,-0.119097461567955,0.180581983032976,0.0610413719449227,0.488958525789951
"gene-LOC134685572|LOC134685572",18.7801891930371,0.887168224214124,0.298053828843827,0.000121520396453177,0.0216682440247106
"gene-LOC134685587|LOC134685587",9.9394159098059,-0.0333626663747658,0.125362366592153,0.242806261331973,0.724452625942289
"gene-LOC134685590|LOC134685590",18.2519379427323,0.0458847637189563,0.123585851521895,0.313496921223287,0.78693314819391
"gene-LOC134685591|LOC134685591",1438.73023290461,-0.0471050546525374,0.0919521819835813,0.449873327042468,0.843754850110293
"gene-LOC134685593|LOC134685593",38.6649491343028,-0.0428777491762462,0.104875647548666,0.478187322962474,0.8559141638781
"gene-LOC134685594|LOC134685594",28.0872638389975,-0.0607581696011896,0.142566388856094,0.0251787899603601,0.337483085695725
"gene-LOC134685596|LOC134685596",64.3767349826936,0.0214268048743524,0.0935045392863142,0.726530596229011,0.940710628273636
"gene-LOC134685601|LOC134685601",22.156518742522,-0.0464551729323276,0.125421507637361,0.279526926323272,0.761504965891229
"gene-LOC134685602|LOC134685602",13.9598231681194,-0.0126637958286278,0.11779047526407,0.712354137455138,0.934586259228345
"gene-LOC134685607|LOC134685607",23.6604023903825,-0.0058315985352585,0.107903272507958,0.90840802946158,0.98251592545162
"gene-LOC134685608|LOC134685608",31.6601651308371,0.025735793460725,0.0976306302025263,0.670880945305838,0.922892615612678
"gene-LOC134685609|LOC134685609",154.404581537935,0.223049246040828,0.207893723268766,0.0249385295761844,0.336817197367251
"gene-LOC134685613|LOC134685613",46.8868805454068,0.033771942772387,0.110219624711951,0.537283428419002,0.877546699876996
"gene-LOC134685614|LOC134685614",52.4105892308512,-0.229664803383847,0.492031780844246,0.0142184013294666,0.263568335535582
"gene-LOC134685617|LOC134685617",20.3931973862607,0.0332532349349347,0.104796339075349,0.569037735175295,0.891872329910229
"gene-LOC134685619|LOC134685619",18.3098545792861,-0.0357494873578291,0.117309854209125,0.452878610798653,0.844734225721323
"gene-LOC134685621|LOC134685621",101.05062532204,-0.0347622285610604,0.0758630587965035,0.560931721073729,0.889626780838873
"gene-LOC134685623|LOC134685623",8.4477786085167,0.0149239644474722,0.121256464960028,0.525408508960828,0.874645696679109
"gene-LOC134685627|LOC134685627",39.9185676758518,0.0388633180751344,0.103142201975771,0.519995268893986,0.87205858002813
"gene-LOC134685634|LOC134685634",25.1416074525569,0.0410028816686679,0.1229087151801,0.337159713938627,0.802058261976077
"gene-LOC134685636|LOC134685636",32.2867686458528,0.0289428171254406,0.113913989945349,0.55224422051074,0.885790740502235
"gene-LOC134685642|LOC134685642",10.5365214485826,0.0157535653788351,0.121253483835128,0.516865950507774,0.871811526039618
"gene-LOC134685644|LOC134685644",6.24812314385453,-0.00300193026206573,0.12153697537957,0.8274229821067,NA
"gene-LOC134685645|LOC134685645",36.478957501795,0.366803376418,0.162334871480337,0.00167654943050166,0.0909831788770069
"gene-LOC134685646|LOC134685646",23.0817155586268,0.204510348146835,0.221341862916009,0.0310384179045144,0.372679969404382
"gene-LOC134685657|LOC134685657",19.8621136952995,-0.0576358808953816,0.119873379401018,0.308416533084367,0.783756842982295
"gene-LOC134685658|LOC134685658",595.48452123564,-0.0906020458618879,0.102174908353722,0.188355617945149,0.666007834810439
"gene-LOC134685659|LOC134685659",37.5542364185322,0.929486529120838,0.255128207298075,1.18850620714091e-05,0.00439175515101957
"gene-LOC134685661|LOC134685661",91.2222139100825,-0.0667540927405994,0.104388052648851,0.305944491893905,0.781931159943171
"gene-LOC134685663|LOC134685663",51.2395413606541,0.160990233184889,0.118903466654745,0.0429583927609531,0.432413176595132
"gene-LOC134685664|LOC134685664",24.6450021519552,0.168596381591018,0.184555924144678,0.0484162552625159,0.455514240780128
"gene-LOC134685667|LOC134685667",8.46807629367876,0.00350323205621677,0.117383200086078,0.916443298973048,0.984555246899008
"gene-LOC134685668|LOC134685668",8.69658473268409,-0.0221983469704783,0.119851688079238,0.514607849204294,0.871527350897159
"gene-LOC134685670|LOC134685670",46.8107051332739,-0.137753810888092,0.158977327551473,0.0750682321125999,0.525634447395876
"gene-LOC134685671|LOC134685671",17.1767470163247,0.0398923695107988,0.120908127332702,0.376068655058655,0.820038855990219
"gene-LOC134685676|LOC134685676",19.221382416724,0.153477434942088,0.213207242159913,0.0446364340286681,0.438652587517252
"gene-LOC134685678|LOC134685678",9.23597225337821,-0.0906178253424401,0.147123420784394,0.123559904143398,0.610633401063977
"gene-LOC134685680|LOC134685680",14.3397606004587,-0.0268205501041664,0.1120496465546,0.594477428367151,0.903181749062791
"gene-LOC134685682|LOC134685682",35.198513949353,0.0462451281851095,0.119853548469942,0.361601998083497,0.812684588929183
"gene-LOC134685686|LOC134685686",8.28895989734138,-0.0406515279837273,0.12892326286244,0.14366403826587,0.629918022583784
"gene-LOC134685716|LOC134685716",20.9440436949122,0.0260732654350922,0.123320375518167,0.326344430548016,0.795051568786952
"gene-LOC134685762|LOC134685762",8.05314939110231,0.00520032690891304,0.120047951705608,0.827208606755952,0.96441722845034
"gene-LOC134685794|LOC134685794",8.13150276152935,0.011730385322217,0.120056009817824,0.659097308198993,0.920550275346482
"gene-LOC134685810|LOC134685810",13.3499627730207,0.106324675391838,0.166220025599992,0.0777985908535448,0.531600042793975
"gene-LOC134685857|LOC134685857",22.7814093651738,-0.0335691650209984,0.125772844868875,0.221306418625983,0.707264061779253
"gene-LOC134685961|LOC134685961",12.5431549449801,0.00221952880331139,0.116954373034343,0.949921253046241,0.990589731896691
"gene-LOC134685991|LOC134685991",8.04570450690948,0.0033564621545378,0.121580988838912,0.809222012759879,0.960505277793567
"gene-LOC134685994|LOC134685994",17.6078644904069,-0.0421109359741454,0.12836211386537,0.185837865023969,0.663538766430975
"gene-LOC134686033|LOC134686033",12.2875854365761,0.0116722394160634,0.113953845267505,0.785793852581827,0.956333327702894
"gene-LOC134686096|LOC134686096",32.9853147305604,0.0435084070223571,0.110817884246023,0.449500601688346,0.843475320983218
"gene-LOC134686125|LOC134686125",37.5426463652757,-0.021544128420376,0.107286607056011,0.688767427420765,0.927938176530763
"gene-LOC134686153|LOC134686153",79.2986960257172,0.0923780162031972,0.148375614978873,0.120767827561515,0.608970421657898
"gene-LOC134686179|LOC134686179",987.11738744285,0.00832110867796129,0.102903205294089,0.886799736550767,0.977383609163761
"gene-LOC134686198|LOC134686198",18.6768565015582,-0.0301654121628186,0.124737687478151,0.252570507394137,0.730712643811058
"gene-LOC134686201|LOC134686201",47.8590275784374,-0.0127059670075539,0.118170487187348,0.701407467378218,0.931621222625156
"gene-LOC134686228|LOC134686228",49.2216650791457,0.0167511775505421,0.0979286952943617,0.778884276369826,0.955272826382029
"gene-LOC134686237|LOC134686237",13.65940569002,0.063223885287046,0.126895650610575,0.243868208872343,0.725041105140412
"gene-LOC134686279|LOC134686279",320.169742030402,0.648233909867308,0.306847017195469,0.00126141390199669,0.0820344127420759
"gene-LOC134686281|LOC134686281",8.60971583841691,0.0252193880263682,0.122222925808756,0.392514173317167,0.824808015898396
"gene-LOC134686289|LOC134686289",25.2702061694056,0.0249852211372481,0.116061514702212,0.571158136909922,0.892514888984445
"gene-LOC134686307|LOC134686307",10.0997180725915,-0.0249252442995604,0.120286669838899,0.475491073321225,0.854941552142557
"gene-LOC134686344|LOC134686344",31.9257109260544,0.143457642565553,0.212364806270286,0.0428650886414071,0.432054709065273
"gene-LOC134686367|LOC134686367",155.080718632145,-0.00544663785556049,0.121657617219794,0.691763650908821,0.928659710889146
"gene-LOC134686370|LOC134686370",2702.60945060752,-0.0197678436588451,0.115390580355692,0.504022300908016,0.865739222821131
"gene-LOC134686371|LOC134686371",11226.6961174914,-0.0786942398324997,0.141310920168266,0.13836118305286,0.624208975833054
"gene-LOC134686373|LOC134686373",7325.93349395579,-0.0580689754842143,0.128337517325737,0.169112700874319,0.650165416239872
"gene-LOC134686386|LOC134686386",17.623438164547,-0.04013429661001,0.12697889179275,0.222632658745568,0.707397113111164
"gene-LOC134686417|LOC134686417",9.46309928569343,-0.0140450159021709,0.120458723801375,0.591858588768982,0.902148006853668
"gene-LOC134686433|LOC134686433",274.483911103009,-0.00746728147655978,0.121813483037991,0.597641429107191,0.903304056912138
"gene-LOC134686461|LOC134686461",57.0280870344077,-0.0355091852546816,0.116461836538809,0.46527273129431,0.848670267917421
"gene-LOC134686495|LOC134686495",12.356747442474,-0.0458795750775808,0.125295645992922,0.282348284854109,0.7636074685788
"gene-LOC134686501|LOC134686501",48.2678831397345,-0.00174582465908668,0.0897720534116165,0.975613813726871,0.995479908586306
"gene-LOC134686515|LOC134686515",919.784397148895,-0.00689335737422579,0.120430032218235,0.748218117955324,0.948283209573096
"gene-LOC134686521|LOC134686521",54.6028033775856,-0.0591061744392051,0.0905151126825041,0.357002487238141,0.811592466382447
"gene-LOC134686525|LOC134686525",9.25043554786141,0.0237073933743806,0.117725834851518,0.5542655413697,0.886803778049819
"gene-LOC134686531|LOC134686531",11.0877431124627,-0.0148762847774725,0.122604645579953,0.347677940904661,0.808872351486489
"gene-LOC134686560|LOC134686560",7.97387548598488,-0.0435971017144864,0.130331386675583,0.124318636941706,0.610633401063977
"gene-LOC134686582|LOC134686582",11.6346049256052,-0.442416186317524,0.576223866045846,0.0082115731051256,0.211328078983799
"gene-LOC134686583|LOC134686583",27.5384628931827,-0.0325593034003889,0.122954474501784,0.347822933940533,0.808958370273495
"gene-LOC134686650",7.27825808874345,0.00505201151262087,0.119942987214297,0.835617129948013,0.965558865799071
"gene-LOC134686666|LOC134686666",50.3710070775636,0.12793121645288,0.195335412563384,0.0489840694731718,0.458073546224415
"gene-LOC134686685|LOC134686685",11.3536164598107,0.0415907611193678,0.113409416484047,0.447205719141734,0.842334917166108
"gene-LOC134686690|LOC134686690",9.1209327242321,-0.0637590227130625,0.142582689169843,0.0564095030999936,0.483310521148065
"gene-LOC134686694|LOC134686694",13.5775314647272,-0.0824706430008013,0.134949056638421,0.173281767293805,0.652606918955351
"gene-LOC134686697|LOC134686697",9.70729673453955,-0.0336820673968927,0.128521757563636,0.878696942889644,0.977383609163761
"gene-LOC134686698|LOC134686698",76.5712738986177,-0.0977346141723446,0.170827513622566,0.0441381219885263,0.43651193441771
"gene-LOC134686702|LOC134686702",30.0565430514567,0.0376024311448095,0.118369419463029,0.427754904308329,0.835542057474881
"gene-LOC134686703|LOC134686703",9.86044708288991,0.012222033237347,0.112094196239061,0.792324590255782,0.956995220143462
"gene-LOC134686708|LOC134686708",14.4278070987468,-0.034728784031732,0.125031250132778,0.268888593920489,0.748589843818045
"gene-LOC134686710|LOC134686710",11.7911174450595,0.0418663586677233,0.128558697609245,0.176040502719255,0.653957193103024
"gene-LOC134686718|LOC134686718",151.134440720441,0.0770341472702861,0.120648463612442,0.231176108795392,0.714623063583092
"gene-LOC134686723|LOC134686723",8.06761920044218,-0.0102038360271715,0.122158769438797,0.453637737966229,0.844887595033348
"gene-LOC134686725|LOC134686725",31.32385999942,-0.0735656845864122,0.144359145687833,0.103442823903189,0.581694047398671
"gene-LOC134686726|LOC134686726",111.12102571635,0.133882165298901,0.11578708472389,0.0766505412270815,0.528892110491203
"gene-LOC134686733|LOC134686733",29.8107687883134,0.060467567556614,0.1379641591444,0.105295091197116,0.586676933077063
"gene-LOC134686735|LOC134686735",28.7548811162304,0.0666286562589532,0.140733586221458,0.107450841279402,0.591192170056114
"gene-LOC134686737|LOC134686737",13.7287475195699,-0.111556598691323,0.196511932627925,0.0188527637314644,0.300815280971502
"gene-LOC134686744|LOC134686744",574.279702289715,-0.0269006130779059,0.0884713850269925,0.662494126743524,0.921381956457196
"gene-LOC134686747|LOC134686747",44.6807057381388,-0.0328614771129213,0.118229198665134,0.46363122274827,0.848659322959597
"gene-LOC134686749|LOC134686749",112.406880927972,0.107553350057193,0.123151488749796,0.135136267231367,0.623887715587454
"gene-LOC134686753|LOC134686753",41.6185268415107,0.103506102246307,0.165662456518746,0.0754776304539134,0.527287289616938
"gene-LOC134686754|LOC134686754",7.29767313981077,-0.0368447101019554,0.12236446138512,0.357750590273487,0.811592466382447
"gene-LOC134686760|LOC134686760",11.3718863913916,-0.000957804693903809,0.119150790857777,0.969987320531428,0.993195931564105
"gene-LOC134686761|LOC134686761",15.8412571646139,-0.0555282324619483,0.133151362458633,0.15946889263514,0.641731615768171
"gene-LOC134686763|LOC134686763",90.8355517556788,0.00273160516273008,0.097291867166463,0.963942096125623,0.992149053191037
"gene-LOC134686767|LOC134686767",11.7756678370209,0.0182647255392453,0.120294844735186,0.54272365302584,0.880825086926021
"gene-LOC134686768|LOC134686768",14.7207685143131,-0.0616263976254946,0.127649166225533,0.241464832740258,0.722465094842905
"gene-LOC134686770|LOC134686770",14.1016382631011,0.00210329573720611,0.109976735874507,0.967028350494464,0.992550187342434
"gene-LOC134686775|LOC134686775",9.53080602693739,-0.0453438776033796,0.122883501783528,0.322789580513881,0.79414295941802
"gene-LOC134686777|LOC134686777",16.2740692221684,-0.00370066035875112,0.119628774194737,0.881038793633928,0.977383609163761
"gene-LOC134686781|LOC134686781",25.3288117090941,0.0179111712818864,0.0994519455099596,0.765890020448041,0.95230788031469
"gene-LOC134686782|LOC134686782",16.6615946089506,-0.0417078298298173,0.127636793930769,0.209434222978159,0.69336283907107
"gene-LOC134686783|LOC134686783",87.0658807356422,-0.0953049914815727,0.140074904345707,0.139917175437191,0.627557821356636
"gene-LOC134686785|LOC134686785",28.6808351995629,-0.0465470857632143,0.109611046553382,0.431459365112773,0.8360891578941
"gene-LOC134686786|LOC134686786",12.5869886021083,-0.0312076026367262,0.118050097090667,0.476396521201809,0.855045875020549
"gene-LOC134686787|LOC134686787",29.6323668938639,-0.00642506741160148,0.106219708279978,0.902430089862822,0.980885187660766
"gene-LOC134686788|LOC134686788",19.4979217924169,-0.049492031068052,0.1211050689591,0.333308940015107,0.800033789297176
"gene-LOC134686793|LOC134686793",16.0174261522539,-0.00848092189030898,0.113882676272156,0.840044375611854,0.965558865799071
"gene-LOC134686794|LOC134686794",21.8760017583355,0.420348294124247,0.247010338159203,0.00420061739846012,0.164703788989884
"gene-LOC134686797|LOC134686797",17.9572769705101,-0.0125532143707136,0.110073665658824,0.797591355034047,0.958777657383338
"gene-LOC134686799|LOC134686799",15.3113238787656,0.00621075381867617,0.108810570130647,0.901941658462207,0.980885187660766
"gene-LOC134686804|LOC134686804",202.284571735923,-0.368988336183753,0.203762760201177,0.00405749198473029,0.164703788989884
"gene-LOC134686806|LOC134686806",93.9096831490979,0.235985295820916,0.137597708443001,0.0111880158701993,0.240849753542314
"gene-LOC134686808|LOC134686808",9.07270304770885,-0.0150313007849717,0.120107032438849,0.594469524545904,0.903181749062791
"gene-LOC134686811|LOC134686811",11.0927169146547,0.0926212812423439,0.154199173600442,0.098562751396426,0.579342280275393
"gene-LOC134686812|LOC134686812",21.2532373830485,-0.0181480572684166,0.116763666560112,0.643826493004892,0.915960601465356
"gene-LOC134686816|LOC134686816",17.2497008491355,-0.00251983119448613,0.105454281616926,0.961580175801985,0.991081211353487
"gene-LOC134686818|LOC134686818",41.7112473585599,-0.0202029655165772,0.109846780202468,0.691467595612426,0.928659710889146
"gene-LOC134686823|LOC134686823",78.7546784064147,0.100820408923076,0.144163347028088,0.127144859572621,0.61545269639549
"gene-LOC134686829|LOC134686829",109.845980174621,-0.01231377580977,0.0829493529231392,0.839633475811376,0.965558865799071
"gene-LOC134686831|LOC134686831",7.76084663603688,-0.00794729845185506,0.121321604023267,0.656338342526695,0.918972538520344
"gene-LOC134686834|LOC134686834",2743.06333254702,0.0548894332970215,0.104243337049841,0.386980940709623,0.822389405497834
"gene-LOC134686835|LOC134686835",16.2414413030697,0.157906870624992,0.198771001210472,0.0494071320637517,0.459639766491225
"gene-LOC134686843|LOC134686843",87.0383466145027,0.0278230920749937,0.0924509979002829,0.651700135062557,0.918046712290982
"gene-LOC134686844|LOC134686844",15.121657586471,0.0377901196322906,0.121133069973124,0.380034743425262,0.82083573709765
"gene-LOC134686847|LOC134686847",120.886185026137,-0.370338530746703,0.158909721785836,0.00138394036328791,0.0849535195136326
"gene-LOC134686863|LOC134686863",72.2529558950986,-0.25208989122566,0.25956324665715,0.019526137182721,0.303928334602117
"gene-LOC134686865|LOC134686865",58.2882233490176,0.361979538933191,0.139169877404,0.000737654789554191,0.0613810746552371
"gene-LOC134686866|LOC134686866",85.6666668206532,0.0955597998775592,0.150033247671686,0.115587199350885,0.60196977464449
"gene-LOC134686870|LOC134686870",506.365527167485,0.00765600662308639,0.101982225436559,0.893751252373311,0.979842355295524
"gene-LOC134686872|LOC134686872",41.7644911918104,0.00853082067666825,0.0953807127655194,0.887288466855197,0.977383609163761
"gene-LOC134686873|LOC134686873",12.6755674011552,-0.0196164286265045,0.122132557421752,0.413066643090574,0.831856384439449
"gene-LOC134686875|LOC134686875",14.3735674386955,0.0540537699144031,0.122699410505501,0.304001725962216,0.780046183947174
"gene-LOC134686876|LOC134686876",13.4366845343279,0.0235382712538876,0.118565597825716,0.54026985939898,0.879827398759297
"gene-LOC134686877|LOC134686877",396.012652123328,0.13445616774413,0.109423064631797,0.0716898283997234,0.519231261978267
"gene-LOC134686881|LOC134686881",46.7275735516736,-0.0500824693965817,0.113975885998922,0.383389765021738,0.821366700441867
"gene-LOC134686883|LOC134686883",14.5213914668723,0.0037554447195833,0.121705820171895,0.771537614965356,0.953685276062354
"gene-LOC134686890|LOC134686890",26.1881552051344,0.221384519578004,0.263621195288292,0.0254035170038881,0.338519970435751
"gene-LOC134686891|LOC134686891",18.3875767875556,0.080291636404458,0.125148598278385,0.211168567529283,0.695750726892565
"gene-LOC134686893|LOC134686893",45.1834085348145,-0.0400676382401624,0.0995096174455014,0.516870500149005,0.871811526039618
"gene-LOC134686896|LOC134686896",32.7410252304786,-0.0275495079566314,0.101632217073642,0.640124693507865,0.914809132082223
"gene-LOC134686904|LOC134686904",34.0563641973803,0.0542563887516067,0.12803532690257,0.241594984970328,0.722565831646479
"gene-LOC134686909|LOC134686909",25.0419883692295,0.0270053789322995,0.103649238869528,0.641339527540767,0.914809132082223
"gene-LOC134686910|LOC134686910",88.1603541368258,-0.0989613502230567,0.161707583448359,0.0766960651613629,0.528892110491203
"gene-LOC134686911|LOC134686911",153.23739554487,0.0700622219289435,0.116271617579754,0.270270534120168,0.750006811921893
"gene-LOC134686912|LOC134686912",70.0823605512633,-0.0237644782803954,0.0982044858256541,0.691077271595189,0.928612649687096
"gene-LOC134686913|LOC134686913",7.30569057568698,0.00682845940074792,0.119379829484035,0.801867077771439,0.958777657383338
"gene-LOC134686914|LOC134686914",40.8878610899392,0.376502190578079,0.168414350218985,0.00173962650756645,0.0917469219377827
"gene-LOC134686915|LOC134686915",12.1756985523189,-0.0218431941992509,0.119270384977774,0.53710931171245,0.877546699876996
"gene-LOC134686917|LOC134686917",84.1963927337986,-0.0625648136807681,0.0994895501642782,0.336465692555507,0.802058261976077
"gene-LOC134686929|LOC134686929",26.7254529933152,0.043745698553039,0.105446919313721,0.470138968780323,0.851480226649538
"gene-LOC134686930|LOC134686930",19.8357583885968,0.00867223941249155,0.114379699282053,0.835048555582872,0.965558865799071
"gene-LOC134686931|LOC134686931",7.69779386521627,-0.0278753228370212,0.125159055018685,0.186162028805037,0.663538766430975
"gene-LOC134686939|LOC134686939",12.4363282073342,0.00177087007005811,0.118679265513055,0.95236347043695,0.990589731896691
"gene-LOC134686941|LOC134686941",56.4575011530693,0.0315886061433963,0.0889669745899013,0.612473958318968,0.906127513601492
"gene-LOC134686942|LOC134686942",8.9408770471939,0.0198626693183167,0.11442251842344,0.656866121045654,0.919387834647762
"gene-LOC134686945|LOC134686945",35.785061485138,-0.0299059864066898,0.0979839745916569,0.621788366771465,0.908967842465787
"gene-LOC134686949|LOC134686949",62.1877401665214,-0.120590934715872,0.147789658239586,0.0987935689042084,0.579342280275393
"gene-LOC134686953|LOC134686953",24.4779420283391,0.00154916932832797,0.0962368925252465,0.980064897868482,0.995903460384722
"gene-LOC134686954|LOC134686954",75.3918777632265,0.0585851307935207,0.0958188625948012,0.364877389983832,0.812684588929183
"gene-LOC134686955|LOC134686955",44.0413680102884,0.0702835147134024,0.0999403415365555,0.287155220803485,0.768483236746561
"gene-LOC134686956|LOC134686956",15.3280494518676,-0.00518770333793752,0.109760421961191,0.914307213888468,0.983375947840117
"gene-LOC134686957|LOC134686957",9.24691893648123,0.0277008966197965,0.11758494283552,0.517022037107739,0.871870757914851
"gene-LOC134686958|LOC134686958",35.3676598099336,-0.0872348309391202,0.12051597297489,0.194249498937219,0.672225346782597
"gene-LOC134686959|LOC134686959",20.3675804785245,0.00315680424912406,0.102990231020283,0.955002812314318,0.990589731896691
"gene-LOC134686961|LOC134686961",19.0170862243411,0.0463782941118724,0.121245170457164,0.344982875066167,0.806695363663803
"gene-LOC134686962|LOC134686962",63.7647665525858,0.0068219327412851,0.0823619171981188,0.911101878838965,0.98251592545162
"gene-LOC134686963|LOC134686963",32.4990442613866,0.00456593824053656,0.110205931904029,0.925252702672555,0.985177432859168
"gene-LOC134686964|LOC134686964",30.8957350277054,0.0212786122576633,0.10369968975496,0.709078638561626,0.933953954014707
"gene-LOC134686969|LOC134686969",8.33668867478393,0.10035876979541,0.171422652886493,0.0502481690554528,0.461162424088586
"gene-LOC134686970|LOC134686970",12.6771861693347,0.0261402195778662,0.121831342549285,0.408730671779124,0.831856384439449
"gene-LOC134686975|LOC134686975",13.6775321856265,0.0704350570546165,0.128981451865538,0.218902196242249,0.706315617259027
"gene-LOC134686980|LOC134686980",44.9101747777311,0.0295686943315056,0.0888173745242362,0.634009713765093,0.912460614354241
"gene-LOC134686981|LOC134686981",24.5328850775201,-0.037509557267836,0.105377887129962,0.524866338610673,0.874411027101541
"gene-LOC134686982|LOC134686982",13.6294669716397,-0.034087903633719,0.112343806805722,0.517338130067243,0.871913232704342
"gene-LOC134686983|LOC134686983",22.91656373688,0.0640746787829102,0.112645830253122,0.309695368313202,0.785673649491046
"gene-LOC134686986|LOC134686986",667.364540959384,0.112328372933392,0.100225673640723,0.111158840441692,0.596307637172188
"gene-LOC134686987|LOC134686987",14.9437592018516,0.0436273661781424,0.117759925633017,0.395022911267944,0.826720797872459
"gene-LOC134686989|LOC134686989",12.4441311372846,-0.0277689408182514,0.114230968620415,0.562160041465255,0.889818923835977
"gene-LOC134686995|LOC134686995",13.5550971426707,-0.00428682213179336,0.108379451416393,0.93012541799881,0.986765437284343
"gene-LOC134686997|LOC134686997",9.81803438831682,0.0797217058384076,0.155830889158207,0.0383925437923014,0.411332990644557
"gene-LOC134686998|LOC134686998",23.7065170751173,0.0332887030382243,0.10950846966106,0.546181665545884,0.882746885155238
"gene-LOC134687000|LOC134687000",51.2411496054926,-0.000578453886301008,0.0969258444864823,0.991450680459453,0.997848481775248
"gene-LOC134687001|LOC134687001",23.2253932945794,0.0552074782851018,0.112681184847652,0.358669150197263,0.811668122295978
"gene-LOC134687002|LOC134687002",9.46328494662888,0.1030867238598,0.169411715886957,0.0638166878324632,0.496067662685603
"gene-LOC134687005|LOC134687005",7.92008212651395,-0.0603947371765657,0.138895361390051,0.0875767791685132,0.557232369747659
"gene-LOC134687006|LOC134687006",12.3310781912414,-0.00169030960505461,0.114511895098356,0.965504067663804,0.992387833853173
"gene-LOC134687007|LOC134687007",30.3795043215986,0.8586163649196,0.285245395023441,0.000108567477512789,0.0211270699094598
"gene-LOC134687008|LOC134687008",54.926811107665,0.745421362578691,0.225934723021825,4.47569314310264e-05,0.0128917176725753
"gene-LOC134687010|LOC134687010",17.3684217352441,0.000244755737357332,0.105488155820042,0.997493160308366,0.999391269083475
"gene-LOC134687016|LOC134687016",47.7500007178023,0.0365762935541425,0.107091807625661,0.528474781550524,0.87559280413096
"gene-LOC134687017|LOC134687017",9.53745708266302,-0.00174672551112938,0.117867431871392,0.954610927991534,0.990589731896691
"gene-LOC134687019|LOC134687019",18.6710411552761,0.0496686644108462,0.111711635802346,0.399740203666145,0.827255071865873
"gene-LOC134687026|LOC134687026",8.86864812473636,0.0121023883210416,0.111443676401455,0.797791728946376,0.958777657383338
"gene-LOC134687030|LOC134687030",20.6095507639715,-0.0508850119865116,0.128704130615987,0.224856921868877,0.710528897837982
"gene-LOC134687034|LOC134687034",44.6040206876112,0.0329743570732604,0.126179505341945,0.190249525721421,0.666719091309183
"gene-LOC134687039|LOC134687039",24.0222912994752,0.0263914002475733,0.108317990104493,0.62768489915294,0.910895822190252
"gene-LOC134687040|LOC134687040",21.4146066995771,0.0173955305963863,0.103193329120168,0.759484428761684,0.950201142489307
"gene-LOC134687043|LOC134687043",29.3023249851349,-0.0191471015956093,0.101032437354807,0.740187032383703,0.945457375552541
"gene-LOC134687044|LOC134687044",13.5985577974428,-0.0693087323322046,0.146678390881876,0.049991291736658,0.4604203108667
"gene-LOC134687045|LOC134687045",10.3666522402389,0.00244859773550874,0.120684616069316,0.903333691737752,0.980985831394684
"gene-LOC134687050|LOC134687050",76.9958240472431,0.0420600790336509,0.105399429558893,0.484499182064028,0.858421172279576
"gene-LOC134687051|LOC134687051",6.73408921663052,-0.0231727675581622,0.123258041633555,0.313643330252936,0.78693314819391
"gene-LOC134687055|LOC134687055",12.5609634105451,0.00651653953382386,0.113689216530998,0.878934133380617,0.977383609163761
"gene-LOC134687056|LOC134687056",1468.84885126697,-0.0504577928228367,0.0938345641749555,0.396289473015246,0.826798590532922
"gene-LOC134687062|LOC134687062",19.3421609268703,-0.0248586547830883,0.12495333264441,0.137196272985858,0.624139845752057
"gene-LOC134687063|LOC134687063",17.9134447638931,-0.0518517470456038,0.116706392154823,0.357758414630423,0.811592466382447
"gene-LOC134687068|LOC134687068",8.07988772348537,-0.00579319030838819,0.115278069533842,0.879521407091444,0.977383609163761
"gene-LOC134687071|LOC134687071",17.1976386395371,-0.0685466953133051,0.145097068968914,0.0633696444046992,0.494982945347626
"gene-LOC134687073|LOC134687073",48.2261809655619,0.152139898210626,0.139492624185641,0.0603703881515231,0.487191634554694
"gene-LOC134687086|LOC134687086",30.2406390906253,0.0134770995293222,0.105087845542738,0.809086522189222,0.960505277793567
"gene-LOC134687093|LOC134687093",49.4152158680724,0.100121163318783,0.118902961401474,0.155922452522495,0.641040525737625
"gene-LOC134687095|LOC134687095",11.4685015528283,-0.00312131995630051,0.119811947340004,0.895777180027116,0.979928513327605
"gene-LOC134687096|LOC134687096",31.350307269946,-0.0396397816012916,0.12148657897552,0.365620929985543,0.812684588929183
"gene-LOC134687098|LOC134687098",47.1509108414331,0.275874899569568,0.205664486171606,0.0131829425113163,0.254285907755632
"gene-LOC134687102|LOC134687102",18.7653492978084,0.0140635278907169,0.119310092333912,0.646363795324461,0.917652789229363
"gene-LOC134687107|LOC134687107",7.59638201663268,-0.0457687709960078,0.126311030490214,0.258597194772418,0.739173431927724
"gene-LOC134687111|LOC134687111",62.9644304384456,-0.000262299929796807,0.094148305414575,0.995762775512668,0.998696588431012
"gene-LOC134687112|LOC134687112",45.5598620336773,0.219793597703293,0.159613894389854,0.0206413740071124,0.310408132408162
"gene-LOC134687113|LOC134687113",12.9391705604281,0.0161914235668482,0.11704923168466,0.669598939304047,0.922711307465918
"gene-LOC134687115|LOC134687115",49.3701327171416,-0.101591108854526,0.158378933496138,0.0934485893859731,0.569217832153014
"gene-LOC134687116|LOC134687116",23.5532547974067,0.0618321653703413,0.132469112563076,0.193235562887341,0.670203352062234
"gene-LOC134687118|LOC134687118",111.277741213931,-0.293016331597047,0.215747016155206,0.0114136195503103,0.243223541210802
"gene-LOC134687120|LOC134687120",13.0009600201581,-0.0061043284858141,0.115835779435574,0.869095122679261,0.975747205157066
"gene-LOC134687121|LOC134687121",166.709733858052,0.0934362630183771,0.0876736676329468,0.158783572605594,0.641040525737625
"gene-LOC134687122|LOC134687122",27.1899556996438,-0.00637347771971583,0.111910152278261,0.884676375325343,0.977383609163761
"gene-LOC134687124|LOC134687124",20.4707319453249,-0.0300432129087532,0.113680584612772,0.544961554295379,0.881862199203629
"gene-LOC134687125|LOC134687125",14.1724279592128,-0.0109541120047672,0.118534464828514,0.726541630916639,0.940710628273636
"gene-LOC134687128|LOC134687128",44.3266219738455,0.299867807353645,0.278394250733308,0.0135890128558107,0.258438170690878
"gene-LOC134687129|LOC134687129",14.4975364009265,-0.117058131358482,0.166596890211776,0.0813005584765461,0.539169244759437
"gene-LOC134687135|LOC134687135",9.61309192346392,0.0236388434453593,0.119317303868781,0.516033553776558,0.871694888253186
"gene-LOC134687136|LOC134687136",70.7516795752987,-0.027596724918766,0.098519758130581,0.646755116497411,0.917860350094582
"gene-LOC134687137|LOC134687137",19.0857872076876,0.04845437682233,0.109839648038473,0.41509818130992,0.83191669821499
"gene-LOC134687138|LOC134687138",11.0460632120373,0.00333649119965782,0.115473100878322,0.928680128817737,0.985809423772648
"gene-LOC134687141|LOC134687141",16.0533631150163,0.0538696070768961,0.120590999333361,0.321864342279492,0.793691820655619
"gene-LOC134687143|LOC134687143",2661.58543081102,0.0878096906474485,0.0965914561556935,0.199878778718462,0.680353613556914
"gene-LOC134687144|LOC134687144",18.534802292418,0.049432667311942,0.126485214011128,0.26282633328844,0.744161213609499
"gene-LOC134687147|LOC134687147",38.1209715100139,0.00643438146494888,0.116796901624715,0.856792848541692,0.972421083092979
"gene-LOC134687150|LOC134687150",56.1214173186628,-0.278437742188486,0.266838732160903,0.0159833363264792,0.2792301733889
"gene-LOC134687152|LOC134687152",18.2647198954844,-0.041727149810475,0.125218758955925,0.282937082440902,0.764123984998165
"gene-LOC134687153|LOC134687153",229.739485953403,0.140335971162554,0.135857030851939,0.0744819789155347,0.524370486265692
"gene-LOC134687154|LOC134687154",145.337892107055,-0.0458097092053328,0.0820057691305677,0.459108123488649,0.846913276061203
"gene-LOC134687157|LOC134687157",19.4841533297917,-0.0384389557852109,0.116175225902221,0.448950923320642,0.843025033578531
"gene-LOC134687160|LOC134687160",13.8138065026382,0.0522770497279724,0.131591729896262,0.172404438978038,0.652148082884002
"gene-LOC134687168|LOC134687168",8.97009363068133,-0.00519703575297964,0.121353527746882,0.746594425982115,0.947986108770842
"gene-LOC134687172|LOC134687172",9.01898900495422,0.00636978169005233,0.120809120103008,0.753924441593916,0.949383119158366
"gene-LOC134687173|LOC134687173",582.980354920379,0.0255573583750971,0.102498424947862,0.648551680968056,0.918046712290982
"gene-LOC134687174|LOC134687174",243.402957889617,0.0505616313574624,0.103053407625207,0.420024871602348,0.834367709132623
"gene-LOC134687179|LOC134687179",73.688871333694,0.00322057726481855,0.0910815574101034,0.958770785871492,0.990589731896691
"gene-LOC134687180|LOC134687180",19.2385074801082,0.051387623755101,0.1278182522468,0.242335818032545,0.724136035585066
"gene-LOC134687181|LOC134687181",122.988081518663,0.19724509843873,0.137231902080287,0.0246431441705598,0.335550012169676
"gene-LOC134687183|LOC134687183",11.7157525822068,-0.0109330826259991,0.111614557295101,0.813652755017011,0.960505277793567
"gene-LOC134687190|LOC134687190",101.849808665965,0.0323623267252508,0.127966875955324,0.0304693697857934,0.368203719456018
"gene-LOC134687194|LOC134687194",22.2284580845172,0.0257755779687434,0.110531577899984,0.620374487167887,0.908483483457236
"gene-LOC134687196|LOC134687196",15.2320702042409,-0.0111357997092244,0.118547100750163,0.723941565406382,0.93880491486206
"gene-LOC134687198|LOC134687198",6.52496944170098,0.00115637784465389,0.121073628876246,0.948063071554964,NA
"gene-LOC134687200|LOC134687200",84.9395327449454,0.102948579961966,0.107333245579674,0.144569182938256,0.631223000301963
"gene-LOC134687204|LOC134687204",12.1357379564552,0.230724560099462,0.375056071394563,0.0187701137477916,0.300815280971502
"gene-LOC134687205|LOC134687205",22.3210586481156,-0.061142374128258,0.125139372832537,0.260467970312811,0.741126379054956
"gene-LOC134687206|LOC134687206",268.794628598178,0.231164548405618,0.125530269469759,0.00932715944175288,0.222455723118749
"gene-LOC134687209|LOC134687209",25.9488153862542,-0.0802532138387342,0.130218897192748,0.191505263262173,0.667372227347797
"gene-LOC134687211|LOC134687211",17.2288463402966,0.0872958307082917,0.158991667077612,0.0579957109392911,0.483310521148065
"gene-LOC134687212|LOC134687212",27.2453982315278,-0.0250725496311538,0.117420356497702,0.544932145505998,0.881862199203629
"gene-LOC134687214|LOC134687214",67.4868511512172,0.0252979348360212,0.0911902972791754,0.682610565455561,0.925412351301143
"gene-LOC134687215|LOC134687215",6.38242336449067,0.00562337370484956,0.121316910497292,0.738844482119883,NA
"gene-LOC134687216|LOC134687216",7.33987317359623,0.0125188877256842,0.121462173630443,0.542687153121594,0.880825086926021
"gene-LOC134687224|LOC134687224",8.01983567810703,0.0457697816612973,0.126521326461953,0.259189250695378,0.739647990036005
"gene-LOC134687225|LOC134687225",413.848065795023,-0.20071323697927,0.384012574727864,0.0179961438284421,0.294264456618347
"gene-LOC134687227|LOC134687227",42.82811333498,-0.0148773752122421,0.0973245876044679,0.792584503795814,0.956995220143462
"gene-LOC134687228|LOC134687228",8.13214260673418,-0.0448401219968944,0.132040174549756,0.0715118629862137,0.519231261978267
"gene-LOC134687230|LOC134687230",16.4961923365352,-0.000268297303578847,0.110324002026396,0.99469631117023,0.998538618272986
"gene-LOC134687235|LOC134687235",19.7396398657368,0.0107652319759628,0.118698849994217,0.729352246995594,0.941275691470766
"gene-LOC134687239|LOC134687239",10.1446260499863,-0.00221405377234326,0.12132155363302,0.883495063979226,0.977383609163761
"gene-LOC134687242|LOC134687242",8.31757607276708,0.00996424929470687,0.119385385364144,0.725710642472018,0.940122297435209
"gene-LOC134687243|LOC134687243",562.360041034518,0.0249623023797693,0.0965582754110119,0.681690942739185,0.925098303564025
"gene-LOC134687244|LOC134687244",40.1288390057063,0.0146566543325966,0.106334805112594,0.785931915020887,0.956333327702894
"gene-LOC134687246|LOC134687246",41.7332187015233,-0.0615518272140331,0.123518078846003,0.27043147795083,0.750096791990284
"gene-LOC134687248|LOC134687248",1775.50111326031,-0.0123823578574506,0.0793521287060817,0.836788004805533,0.965558865799071
"gene-LOC134687252|LOC134687252",7.55258444862428,-0.00375298883202577,0.11818326890661,0.901552957712905,0.980885187660766
"gene-LOC134687253|LOC134687253",15.4032687143019,0.00361351772038181,0.120938793337953,0.847065179378197,0.968198690416884
"gene-LOC134687254|LOC134687254",9.13086850473062,0.0577048569222787,0.125247771403949,0.269176883573772,0.74903848755096
"gene-LOC134687256|LOC134687256",41.9421002427925,-0.111875308514288,0.159115759912132,0.0936137502672166,0.569217832153014
"gene-LOC134687257|LOC134687257",14.8392934167438,-0.0641028525070928,0.141230252331746,0.0817659439787002,0.539169244759437
"gene-LOC134687258|LOC134687258",222.578927979435,0.104160076190917,0.138353314548582,0.131013762444571,0.61981179213354
"gene-LOC134687264|LOC134687264",23.3221520973631,0.0701774502064452,0.138771459724471,0.145984542198291,0.631223000301963
"gene-LOC134687280|LOC134687280",6.89104630268504,0.0140448499431795,0.12050166973705,0.592151434976024,0.902148006853668
"gene-LOC134687282|LOC134687282",6.38904486716322,0.00457752055830344,0.1217612737779,0.719162216884031,NA
"gene-LOC134687283|LOC134687283",15.9696841368076,0.0206611147979313,0.111513966208814,0.675914917946996,0.92387619829345
"gene-LOC134687284|LOC134687284",19.6828428109866,0.00368250270621275,0.118215946175717,0.905705657764936,0.981851978642378
"gene-LOC134687289|LOC134687289",44.5103157295895,0.0681814969619556,0.125505949617069,0.242557797514762,0.724198690924101
"gene-LOC134687290|LOC134687290",21.4293303103844,-0.0743181305440734,0.144602154314749,0.104889454682528,0.586186161947928
"gene-LOC134687291|LOC134687291",13.7020108473386,0.0243991521937146,0.123549179850342,0.300222674599521,0.777429673074222
"gene-LOC134687297|LOC134687297",117.100639317424,-0.0422717126261081,0.0876358827019829,0.500745397673035,0.864973633836395
"gene-LOC134687298|LOC134687298",21.4874377278061,0.0232852577489923,0.100086535029058,0.694537639460874,0.929296223627318
"gene-LOC134687299|LOC134687299",1241.1378726617,0.0346213467403671,0.0988221300968258,0.572539231511528,0.892996491374277
"gene-LOC134687300|LOC134687300",42.4097956750657,-0.213509739359193,0.204159750162889,0.0279207534323778,0.350836447072278
"gene-LOC134687302|LOC134687302",82.2741488353933,0.0991702409457533,0.118707706877781,0.165321005300496,0.64634592229987
"gene-LOC134687308|LOC134687308",19.8823138929841,-0.00948397282688139,0.118850571097576,0.749322058076016,0.948815960168088
"gene-LOC134687312|LOC134687312",16.6638377239354,0.0142423075547145,0.106460497178212,0.790925676424965,0.956995220143462
"gene-LOC134687313|LOC134687313",12.0179454626741,0.0342388564346227,0.117553227792031,0.462225674070039,0.848659322959597
"gene-LOC134687315|LOC134687315",66.790821880717,0.0173185193938034,0.0970404364075154,0.770249412997402,0.953685276062354
"gene-LOC134687316|LOC134687316",12.9870946063371,0.00139998608036385,0.120811279111158,0.943067934941642,0.988997548751079
"gene-LOC134687317|LOC134687317",223.65631889219,-0.00889266700153783,0.0772753902220468,0.881253893322898,0.977383609163761
"gene-LOC134687319|LOC134687319",11.0380563908566,-0.00621041182917046,0.111321720728752,0.89250771016361,0.979078159399384
"gene-LOC134687322|LOC134687322",17.9800561432993,-0.0249538974964074,0.120579625193124,0.46284997428741,0.848659322959597
"gene-LOC134687323|LOC134687323",103.829888057862,-0.0708274208892186,0.136272002312603,0.167679138343252,0.647293333532273
"gene-LOC134687325|LOC134687325",69.3226273304357,0.0492310540041532,0.12006493904943,0.336927225390353,0.802058261976077
"gene-LOC134687328|LOC134687328",26.0564604062894,0.0331953638980225,0.103067399832457,0.576677959816613,0.895075904884273
"gene-LOC134687329|LOC134687329",6.20540838166017,0.00849862482713878,0.121215183182062,0.656079299530377,NA
"gene-LOC134687336|LOC134687336",32.1392238010797,-0.00807392031028389,0.121283152326274,0.657040591317828,0.919387834647762
"gene-LOC134687348|LOC134687348",10.4262650564972,-0.0436528513769765,0.124442634683083,0.30005827522428,0.777429673074222
"gene-LOC134687350|LOC134687350",113.857558939096,0.539524715826722,0.419340826141775,0.00509366325913382,0.171060287657637
"gene-LOC134687351|LOC134687351",10.6845299950094,-0.0109150680826684,0.121096795844308,0.604985162760698,0.904589020585693
"gene-LOC134687354|LOC134687354",707.315720589834,0.00949181550388412,0.0855121094725531,0.775410279780736,0.95463547349629
"gene-LOC134687355|LOC134687355",29.4920511556564,0.0109221339535734,0.114363157324613,0.795162703552781,0.957868879990908
"gene-LOC134687359|LOC134687359",75.8799372585699,0.0246734252158886,0.125607981220301,0.0311165684418448,0.372679969404382
"gene-LOC134687366|LOC134687366",66.2524272981287,-0.0695967958479844,0.126408211862078,0.229504779714716,0.714364628131135
"gene-LOC134687367|LOC134687367",18.4332901280997,0.0221803356174008,0.108766928715651,0.675019645141113,0.92387619829345
"gene-LOC134687369|LOC134687369",36.1972363421215,0.0316937614050076,0.109736647397952,0.561265308989626,0.889682103981488
"gene-LOC134687371|LOC134687371",32.1676571051726,0.0595488232842824,0.107248380508538,0.347452010499727,0.808872351486489
"gene-LOC134687372|LOC134687372",33.3488296608751,0.0350870051466403,0.112130051407656,0.511772870345637,0.871527350897159
"gene-LOC134687373|LOC134687373",17.551341695415,0.0285821394134152,0.110260861907722,0.590734701593957,0.902148006853668
"gene-LOC134687374|LOC134687374",90.6902542296531,-0.0810070203740484,0.129992912481572,0.192124873755406,0.66890896306566
"gene-LOC134687387|LOC134687387",13.4427787169011,-0.0115218817001597,0.110448257360233,0.811115513171737,0.960505277793567
"gene-LOC134687389|LOC134687389",7.82087245208346,-0.00334066593110858,0.116853292586187,0.922213031830209,0.984779988891035
"gene-LOC134687394|LOC134687394",21.6813254110153,0.0193958387543486,0.117337633360092,0.615644170277079,0.906976815718786
"gene-LOC134687409|LOC134687409",27.3609204733806,0.416619496702604,0.484252482420446,0.0089724876261719,0.218651273411405
"gene-LOC134687410|LOC134687410",8.70423409095914,-0.00396063229801471,0.119594764384817,0.874406415797848,0.977383609163761
"gene-LOC134687412|LOC134687412",9.75457864788062,-0.0185437259247424,0.112792443826946,0.68881694737075,0.927938176530763
"gene-LOC134687417|LOC134687417",82.5398753796144,0.279241505308024,0.152052991955922,0.00643567583969128,0.186809210711039
"gene-LOC134687421|LOC134687421",20.4948622162481,-0.0336980205837359,0.122324396821207,0.365759102810175,0.812684588929183
"gene-LOC134687424|LOC134687424",40.7052687787663,0.0398544660912862,0.116788542053952,0.431998238120821,0.8360891578941
"gene-LOC134687425|LOC134687425",22.4086705709732,0.00893189621084238,0.117993418612821,0.784596778962556,0.956271862208695
"gene-LOC134687426|LOC134687426",19.916093631077,0.0566074597078366,0.122409922633948,0.29662669317613,0.773850861156254
"gene-LOC134687427|LOC134687427",13.0765838358842,-0.0478648924945492,0.130397854143529,0.169656825013281,0.650165416239872
"gene-LOC134687429|LOC134687429",17.3414592703251,0.0228279909267965,0.12282103031311,0.355198470971023,0.811592466382447
"gene-LOC134687432|LOC134687432",24.6065618546202,-0.0808183623127781,0.135170490761072,0.173660152079891,0.653097140139782
"gene-LOC134687433|LOC134687433",32.946008298247,-0.0207645984894379,0.110262680579218,0.681748903374263,0.925098303564025
"gene-LOC134687434|LOC134687434",33.8261571894059,-0.171198604002378,0.326394565284704,0.0148100545409398,0.269860093569582
"gene-LOC134687435|LOC134687435",120.262443100382,0.0578830758650276,0.0891717315017233,0.383806926406305,0.821366700441867
"gene-LOC134687436|LOC134687436",5854.89026399734,-0.0097187618187467,0.0964842427494267,0.868627653619042,0.975747205157066
"gene-LOC134687438|LOC134687438",25.5936939335855,-0.487342049027866,0.233648516481498,0.00175852242165307,0.0920949259843344
"gene-LOC134687439|LOC134687439",8.5145708251776,0.0239750423369984,0.121606886688392,0.428680574847508,0.835542057474881
"gene-LOC134687442|LOC134687442",31.2893860734664,-0.000606976424496903,0.117201340071305,0.983815549540146,0.99595232498375
"gene-LOC134687443|LOC134687443",11.9337071204549,0.0365821972987176,0.120290769254109,0.402496237539089,0.827512340614772
"gene-LOC134687444|LOC134687444",20.7502839482077,-0.00515114556770358,0.106631828878717,0.921258476700179,0.98477087239618
"gene-LOC134687445|LOC134687445",10.0717455417174,-0.00231365516657553,0.113249563678353,0.956152933875743,0.990589731896691
"gene-LOC134687446|LOC134687446",18.5615403622279,-0.0108132250611945,0.120898728778867,0.621761827709203,0.908967842465787
"gene-LOC134687447|LOC134687447",12.8865606482942,0.0118326156751417,0.120851453829152,0.609871330329935,0.905829590890778
"gene-LOC134687451|LOC134687451",24.7395323697241,0.145527380669927,0.188380161188322,0.0567647089142733,0.483310521148065
"gene-LOC134687452|LOC134687452",28.4672000413865,0.0984600665221767,0.138316948222964,0.141453360287924,0.627557821356636
"gene-LOC134687455|LOC134687455",248.625618292673,0.0618303831122888,0.0980873688087605,0.341666252539501,0.80340288344589
"gene-LOC134687457|LOC134687457",8.29849323372397,-0.0135113975790579,0.12160574274649,0.510721042178752,0.871213902130229
"gene-LOC134687460|LOC134687460",22.8443055938365,-0.0256301764780419,0.120693088915199,0.455592078190681,0.845232489565602
"gene-LOC134687462|LOC134687462",675.232748031237,0.033552713372365,0.101262589679821,0.582929745658905,0.897986100224576
"gene-LOC134687471|LOC134687471",5.8025950364194,-0.00514722493684893,0.121772707081091,0.686259466227197,NA
"gene-LOC134687472|LOC134687472",85.0121309586253,0.0439690778436271,0.109676917062803,0.451585422615818,0.844734225721323
"gene-LOC134687482|LOC134687482",26.7603103960147,0.112275724354629,0.166714781711975,0.0815390588866871,0.539169244759437
"gene-LOC134687489|LOC134687489",6.55426037653959,-0.00327956593979291,0.121388357120748,0.827340265966227,NA
"gene-LOC134687498|LOC134687498",7.81363743465866,-0.0156709997268455,0.123069839396466,0.243694465090011,0.725041105140412
"gene-LOC134687507|LOC134687507",27.1547766381601,0.0091085412982911,0.121012596397271,0.659344595668117,0.920550275346482
"gene-LOC134687508|LOC134687508",47.5064352412095,0.0165302505580472,0.105689655972786,0.763240259898129,0.951829925815486
"gene-LOC134687509|LOC134687509",72.2000237020904,-0.219954657342999,0.199379601997961,0.0255106256841012,0.338519970435751
"gene-LOC134687511|LOC134687511",23.8487689819863,0.0969676336568068,0.140481381133625,0.139569003622984,0.627117322638466
"gene-LOC134687528|LOC134687528",13.3692278766481,-0.0303080416724912,0.124354893153488,0.2778985510846,0.759238319138791
"gene-LOC134687534|LOC134687534",17.8982660031606,-0.0576683056423977,0.129708229259428,0.220289912344897,0.707264061779253
"gene-LOC134687536|LOC134687536",35.2894448249397,0.091153659879136,0.156196976213406,0.0866160320846017,0.554416636138105
"gene-LOC134687539|LOC134687539",20.0941764426611,0.051689720299632,0.120725611183175,0.327516682626943,0.795063998766021
"gene-LOC134687542|LOC134687542",25.9289665056881,-0.000726566124535435,0.110080806898196,0.987206159814236,0.997111959484142
"gene-LOC134687548|LOC134687548",402.985646986323,0.0618030663664159,0.0834417562157465,0.327360292640548,0.795063998766021
"gene-LOC134687549|LOC134687549",49.2946266671617,0.00295917540154759,0.102993339987304,0.957021591088859,0.990589731896691
"gene-LOC134687550|LOC134687550",25.9523225967278,-0.00356036487787418,0.11314215209091,0.932792961666829,0.986824046819264
"gene-LOC134687551|LOC134687551",7.45540634627577,0.00657521946118062,0.120314403128764,0.775016351534172,0.95457752673248
"gene-LOC134687556|LOC134687556",9.69742997982225,0.0038870090545681,0.119564098229572,0.879647070148192,0.977383609163761
"gene-LOC134687557|LOC134687557",23.332860847387,-0.00272019927948753,0.1218699088343,0.793049486131414,0.957155133221299
"gene-LOC134687559|LOC134687559",60.5361612568295,0.268912830583918,0.131347246069636,0.00462073010067746,0.169661798928779
"gene-LOC134687560|LOC134687560",106.025204330342,-0.00694683006384927,0.0995507965784199,0.903832586009256,0.980985831394684
"gene-LOC134687561|LOC134687561",63.8022879082713,-0.0175005625491617,0.0952675683307525,0.773001801199745,0.95409253295551
"gene-LOC134687563|LOC134687563",27.2962303189888,0.0071022188372017,0.118065890621275,0.824821248365295,0.964172729064096
"gene-LOC134687566|LOC134687566",59.6864401304901,0.0765181934790453,0.118628427624997,0.236376790273402,0.717795757039084
"gene-LOC134687568|LOC134687568",32.5328381515558,0.159130718390699,0.18150988272032,0.0528021425514305,0.468094493530415
"gene-LOC134687569|LOC134687569",13.4340741077664,0.00546753897530337,0.120973155128898,0.774472216522798,0.95457752673248
"gene-LOC134687571|LOC134687571",7.70597946671745,0.0237526142555484,0.123980372154698,0.245907350241088,0.726556476032807
"gene-LOC134687574|LOC134687574",17.8364253987975,0.0727966323475542,0.125761884572297,0.229050654928021,0.713544240747067
"gene-LOC134687577|LOC134687577",12.4335627659936,-0.00952141800713705,0.121280936411271,0.61847114156678,0.907747426106231
"gene-LOC134687578|LOC134687578",26.1746828529358,-0.0896669638764864,0.13866064157989,0.151467957715444,0.638738768482586
"gene-LOC134687581|LOC134687581",47.7087353971694,0.00814067191150188,0.108112212979288,0.8740647075123,0.977383609163761
"gene-LOC134687585|LOC134687585",19.9016360041796,-0.0462879667507403,0.127186594714854,0.24424944222105,0.725578767470623
"gene-LOC134687586|LOC134687586",152.92063345157,0.207881082150608,0.236987544028853,0.0289660793842485,0.357375565912088
"gene-LOC134687591|LOC134687591",31.2424800303003,0.0281248332527903,0.10601729693509,0.619758436697273,0.90829176759802
"gene-LOC134687596|LOC134687596",33.543353584657,0.0235552297828316,0.107902880906938,0.663269134141893,0.921381956457196
"gene-LOC134687598|LOC134687598",28.8788699920824,0.0262401956955807,0.121444665704658,0.42564186665968,0.835542057474881
"gene-LOC134687603|LOC134687603",16.5266188751607,-0.0322355841277971,0.125952618160396,0.192716267470865,0.670033485185381
"gene-LOC134687604|LOC134687604",10.4259658400776,-0.0029117220240373,0.115028912346315,0.939706301201644,0.987436577760504
"gene-LOC134687610|LOC134687610",13.4450623094192,0.089449574298877,0.140841379216039,0.145890847164662,0.631223000301963
"gene-LOC134687613|LOC134687613",11.9709950299533,-0.0587865792651101,0.131017298675086,0.206017928685957,0.688757595246135
"gene-LOC134687618|LOC134687618",20.4695254356314,0.00834751014357277,0.118482580225626,0.787937429839699,0.956384665187901
"gene-LOC134687619|LOC134687619",15.2386173226974,-0.0164879773500339,0.119421976994146,0.599415956440642,0.903770102231522
"gene-LOC134687627|LOC134687627",14.8633668326043,-0.0309751106064528,0.120483131803755,0.428159606893483,0.835542057474881
"gene-LOC134687630|LOC134687630",23.9484485117145,0.00684111565881022,0.114380227658424,0.868928057605655,0.975747205157066
"gene-LOC134687631|LOC134687631",123.405349626237,-0.0385949274503902,0.116535699733946,0.445989016749353,0.84176370029561
"gene-LOC134687632|LOC134687632",20.3081304854926,0.0173743650027548,0.118913288940099,0.60713712493603,0.905025861593536
"gene-LOC134687638|LOC134687638",25.5836164493528,-0.0333380296587641,0.124966596702242,0.263755115416209,0.744490657949496
"gene-LOC134687640|LOC134687640",21.2391357540203,0.0321677351584067,0.122292256131632,0.372879584782347,0.820038855990219
"gene-LOC134687645|LOC134687645",10.0336969683935,-0.00825207460403703,0.117550287680575,0.8043835048958,0.959584432980747
"gene-LOC134687647|LOC134687647",66.2968956175628,-0.536736517675014,0.184316044796645,0.000192623814900207,0.0273851523881742
"gene-LOC134687650|LOC134687650",11.3968981058226,-0.0194841194350999,0.119153902714631,0.566500191495656,0.89111319124916
"gene-LOC134687670|LOC134687670",18.4709553557375,-0.051563891200756,0.123290236138657,0.303109959490693,0.778994676261427
"gene-LOC134687679|LOC134687679",120.787008987976,-0.34934466803353,0.267901492200701,0.00874051713154992,0.216996154917434
"gene-LOC134687704|LOC134687704",8.95419061431032,0.0134888742312988,0.121704393012608,0.501810564775262,0.865114944659746
"gene-LOC134687712|LOC134687712",20.076266307373,-0.00589613644631516,0.122199332437647,0.496865480194578,0.863604931815246
"gene-LOC134687714|LOC134687714",75.7055491427146,0.241416653580297,0.335753499082836,0.0195611506580612,0.303928334602117
"gene-LOC134687715|LOC134687715",36.9135747885796,0.00105837689440661,0.122067801169954,0.896243226751903,0.979928513327605
"gene-LOC134687730|LOC134687730",27.4809889890807,-0.0202779588142856,0.0994176564926928,0.730660404119523,0.941809942590552
"gene-LOC134687744|LOC134687744",17.8348502675294,0.284386204711838,0.239125337754095,0.0144572929155957,0.266444226999622
"gene-LOC134687754|LOC134687754",29.6471188220878,-0.134589715723929,0.19421761078016,0.0526458232849544,0.468094493530415
"gene-LOC134687770|LOC134687770",17.9824242485142,0.0145164813223614,0.113804335253887,0.741010902298789,0.946194483770781
"gene-LOC134687823|LOC134687823",10.4302466901454,-0.0226521337782491,0.120631812663702,0.481610038891934,0.856716765145295
"gene-LOC134687833|LOC134687833",49.2552029257575,-0.0108065659682941,0.110753051866907,0.820115871375112,0.962292847618592
"gene-LOC134687836|LOC134687836",15.7510295907493,-0.025514177173864,0.124624613835122,0.19754714868901,0.678015855422546
"gene-LOC134687849|LOC134687849",7.3235523000284,-0.0262127470514602,0.125229240884182,0.138110195935033,0.624204741917601
"gene-LOC134687860|LOC134687860",36.0883558651083,-0.00594098193393876,0.0962016769209903,0.919442495781578,0.984677261486326
"gene-LOC134687868|LOC134687868",723.33409149683,-0.00621177115729781,0.121682796334955,0.656373896187117,0.918972538520344
"gene-LOC134687879|LOC134687879",99.6741751571443,-0.027349228933397,0.119593972374586,0.475489209399247,0.854941552142557
"gene-LOC134687903|LOC134687903",55.3071305243811,-0.0125532504752299,0.116142862406982,0.744473508285266,0.947677704065547
"gene-LOC134687904|LOC134687904",38.8655235827231,0.347497667700001,0.196792494488478,0.00489160910687739,0.170097116309965
"gene-LOC134687913|LOC134687913",12.1782219432044,0.0195053774181962,0.116070134280052,0.641446963027521,0.914809132082223
"gene-LOC134687941|LOC134687941",33.3066031440473,-0.0552740163681536,0.13009133001041,0.21100831672395,0.695750726892565
"gene-LOC134687951|LOC134687951",17.6732688467686,-0.0107408649068978,0.110170110613297,0.824894522221678,0.964172729064096
"gene-LOC134687952|LOC134687952",15.7204920504996,0.045580378049665,0.132197536349516,0.0806934595478121,0.539084137871155
"gene-LOC134687958|LOC134687958",8.93490352959019,-0.0123428277812344,0.121561807186474,0.531387777288172,0.876684669184501
"gene-LOC134687982|LOC134687982",194.707407236191,-0.0592278377635009,0.0956427819120357,0.358765412747713,0.811668122295978
"gene-LOC134687984|LOC134687984",7.06312016891571,-0.00968498754353157,0.121084820299379,0.634587334765814,0.912781429371793
"gene-LOC134687988|LOC134687988",17.3420972930172,0.0781622856087065,0.151493730148132,0.0641751034413218,0.497008634614332
"gene-LOC134688002|LOC134688002",8.4602637149855,-0.0149485997868014,0.121687472513799,0.484780841245236,0.858540213429343
"gene-LOC134688009|LOC134688009",7.13804018604025,-0.0121860470620713,0.122018319891216,0.467764296843392,0.849445149819994
"gene-LOC134688016|LOC134688016",64.848149361143,0.0142698240287732,0.078599316876134,0.791908078317386,0.956995220143462
"gene-LOC134688021|LOC134688021",113.007718941672,0.102992712176139,0.123174493239869,0.147173754526321,0.632815303076338
"gene-LOC134688026|LOC134688026",21.8714129982121,0.307900184532905,0.3534662479753,0.0140164025138627,0.263079795554681
"gene-LOC134688053|LOC134688053",9.99320020648884,0.0246646137093279,0.117381074713579,0.551547669040648,0.885256535585701
"gene-LOC134688059|LOC134688059",8.25115549287313,-0.0281406220212258,0.124010180652822,0.284995361653995,0.766574714744217
"gene-LOC134688066|LOC134688066",52.2972051562877,0.0184832852513934,0.103325801528047,0.744727639377898,0.947708630637397
"gene-LOC134688075|LOC134688075",22.1604559142353,-0.0107425146414592,0.110088859411296,0.825159384648974,0.964172729064096
"gene-LOC134688085|LOC134688085",6.77891871546119,0.00191198361614433,0.119654928977247,0.940019237529944,0.98747647908162
"gene-LOC134688122|LOC134688122",28.7991779938939,0.042765557344834,0.113969256460056,0.434961653534992,0.836746239876078
"gene-LOC134688123|LOC134688123",98.6197255283196,-0.00189502586052366,0.118010517086668,0.94824200974771,0.990448749036931
"gene-LOC134688126|LOC134688126",132.150021914014,-0.0597068098729079,0.0973573377530467,0.355391733084497,0.811592466382447
"gene-LOC134688133|LOC134688133",6.83720469891861,0.00667176590247342,0.120619414211987,0.756735208276814,0.94961625594829
"gene-LOC134688148|LOC134688148",8.3791524932023,0.00019448997602623,0.120611828498586,0.99410301812006,0.998538618272986
"gene-LOC134688158|LOC134688158",34.1357787026462,0.00914144266158469,0.115185110533711,0.819538533361684,0.962092576666134
"gene-LOC134688159|LOC134688159",14.0480241313356,-0.00414067232335437,0.120414262294932,0.845349102845464,0.967720840895634
"gene-LOC134688160|LOC134688160",25.3587032529671,-0.0474415291258985,0.123483216735885,0.31031431927654,0.785968067624988
"gene-LOC134688181|LOC134688181",20.426588198774,0.206945851096075,0.223278322706427,0.0299637355176223,0.366073481039034
"gene-LOC134688182|LOC134688182",20.9487116591116,-0.12258774050565,0.165546102436498,0.0818425919620055,0.539169244759437
"gene-LOC134688189|LOC134688189",15.6680136303225,-0.158698049068957,0.203700460812277,0.0476605952818038,0.454917411390098
"gene-LOC134688209|LOC134688209",8.43877765050054,-0.01071426874206,0.121245186210234,0.595227205235844,0.903181749062791
"gene-LOC134688210|LOC134688210",38.5302815353277,-0.0132739699446589,0.119929895004085,0.631727612860733,0.912460614354241
"gene-LOC134688211|LOC134688211",24.6628965229254,-0.0109861354511206,0.106286613585813,0.835912889430342,0.965558865799071
"gene-LOC134688216|LOC134688216",37.0274433813794,-0.0494586988003316,0.115372697641624,0.3794993830416,0.82083573709765
"gene-LOC134688226|LOC134688226",7.12336213119568,-0.0138079349198669,0.119213602418279,0.652304954557197,0.918046712290982
"gene-LOC134688227|LOC134688227",12.5489698086808,0.102550067897894,0.164752950717947,0.0759440592284091,0.528066637614046
"gene-LOC134688228|LOC134688228",30.3857557718134,-0.019168883031473,0.117247275489905,0.618573559429569,0.907747426106231
"gene-LOC134688238|LOC134688238",99.2563817001313,-0.11078634256998,0.154315378855364,0.101174505968308,0.579631212729381
"gene-LOC134688240|LOC134688240",30.8475257403809,-0.0442582656634672,0.109587388603467,0.448876546613266,0.843025033578531
"gene-LOC134688241|LOC134688241",342.735109004545,0.412484183498326,0.182506364995912,0.00143296919958339,0.0851706852038094
"gene-LOC134688242|LOC134688242",6.62581903060601,0.0218079667621938,0.123849813795216,0.226214597713049,NA
"gene-LOC134688243|LOC134688243",9.1290129729309,0.00563411119585011,0.120373152739852,0.801147013060989,0.958777657383338
"gene-LOC134688248|LOC134688248",26.049707204213,-0.0244444626120032,0.113397377758181,0.608241076722949,0.905455368892464
"gene-LOC134688250|LOC134688250",13.38309062724,-0.0259893568032312,0.118600999789944,0.510435229654253,0.871213902130229
"gene-LOC134688255|LOC134688255",76.4407061965318,-0.14764090442522,0.206612062356905,0.0469728931212259,0.450999995621617
"gene-LOC134688256|LOC134688256",16.3578730354582,-0.0266598082617235,0.123308539192989,0.326022582041411,0.795051568786952
"gene-LOC134688258|LOC134688258",10.290291588477,-0.053997713592548,0.129763773883977,0.212431772302305,0.69700843766031
"gene-LOC134688259|LOC134688259",55.7330065233591,-0.228664315722987,0.240680170729001,0.0239706468479874,0.32941905770263
"gene-LOC134688266|LOC134688266",42.0148422854919,0.0412556852350505,0.109427732673087,0.474183458825934,0.854085739419948
"gene-LOC134688271|LOC134688271",7.13004197952897,0.0214350986334174,0.11810496274658,0.57521535245505,0.893267461857306
"gene-LOC134688272|LOC134688272",14.6466729197323,0.101729419701898,0.160456136772837,0.0887132489712435,0.560463266565133
"gene-LOC134688273|LOC134688273",130.712500851902,0.00274850834954844,0.0724813081092524,0.96543725654118,0.992387833853173
"gene-LOC134688274|LOC134688274",11.8726069013988,-0.0199824139014522,0.121089740619142,0.482423682427144,0.857491918914117
"gene-LOC134688277|LOC134688277",38.5795759422747,0.0333688695667791,0.113706874385624,0.514506018631989,0.871527350897159
"gene-LOC134688278|LOC134688278",8.98610722044855,0.0325668904725968,0.11690348147078,0.484021063936226,0.857948816051691
"gene-LOC134688286|LOC134688286",20.5450678707461,0.000545214599519191,0.115370072772682,0.989917821956168,0.99777854221127
"gene-LOC134688288|LOC134688288",8.56711228287014,1.50175989021825,0.44414504288471,0.0645222141566919,0.497638374685341
"gene-LOC134688290|LOC134688290",15.2397594295499,0.016864389010997,0.12142965347228,0.491641749954433,0.862457269357709
"gene-LOC134688291|LOC134688291",60.4144000914154,-0.0208310350156959,0.112903738262295,0.658323877636311,0.920154445617456
"gene-LOC134688292|LOC134688292",68.7235724107324,0.0455467193306346,0.122607800504101,0.329665873281876,0.796923087478364
"gene-LOC134688301|LOC134688301",59.0468367641391,0.0735249578254603,0.130758712321587,0.204011928021122,0.685132434506808
"gene-LOC134688302|LOC134688302",69.8516646019466,-0.00163786881489321,0.121647755507964,0.890671870198101,0.978615263484973
"gene-LOC134688305|LOC134688305",19.3514840605667,-0.0143164434319478,0.117779621038133,0.682841758489044,0.925412351301143
"gene-LOC134688307|LOC134688307",152.6058879537,-0.115486241111159,0.18574525915505,0.0478523478663703,0.454917411390098
"gene-LOC134688313|LOC134688313",43.2320137541258,0.0112434385653418,0.109286058564782,0.822820159934115,0.963391670213955
"gene-LOC134688314|LOC134688314",51.7628530338471,-0.0418115383101646,0.101323619671537,0.496179893137033,0.863604931815246
"gene-LOC134688315|LOC134688315",6.95531171671418,0.000545407948693171,0.120916856984248,0.977917423758537,0.995479908586306
"gene-LOC134688320|LOC134688320",12.986873614723,-0.0206681259328817,0.119501936334995,0.541144324819895,0.879929447098869
"gene-LOC134688321|LOC134688321",53.5981481628784,0.0730287230205532,0.125792578248678,0.228200056552394,0.712510178268121
"gene-LOC134688322|LOC134688322",17.6230691244386,0.0107677308527343,0.114434998084764,0.794139365120106,0.957390487022614
"gene-LOC134688323|LOC134688323",52.0663850296293,-0.0416919602246137,0.102685825103865,0.495151986307195,0.863101001106686
"gene-LOC134688324|LOC134688324",9.32227539703883,0.00403488582111758,0.119321667068318,0.880523910686553,0.977383609163761
"gene-LOC134688325|LOC134688325",12.7866850311678,0.12618051115942,0.187807609807349,0.0565876327783428,0.483310521148065
"gene-LOC134688331|LOC134688331",30.2505153607123,-0.0178692441289258,0.109354295546125,0.725155574653394,0.939728343758309
"gene-LOC134688334|LOC134688334",97.6433875270149,-0.0490015668363827,0.1297501248062,0.194208198919879,0.672225346782597
"gene-LOC134688343|LOC134688343",25.0929004622241,0.00688113102456048,0.119071021978832,0.808860159732248,0.960505277793567
"gene-LOC134688348|LOC134688348",84.4658701864863,-0.324248141689624,0.232112643019737,0.00908005688756136,0.218651273411405
"gene-LOC134688349|LOC134688349",17.7324617514007,0.00986772785572001,0.111503340296606,0.832675092887679,0.965459633168575
"gene-LOC134688350|LOC134688350",664.419652152466,0.140494432552173,0.102048513554514,0.0554054386020415,0.480601743825498
"gene-LOC134688351|LOC134688351",12.2719149342318,0.0108081828257654,0.116594794802616,0.770974411609814,0.953685276062354
"gene-LOC134688352|LOC134688352",22.1703983300738,-0.0711901990983909,0.145980446129742,0.0731302389559706,0.523815848745917
"gene-LOC134688360|LOC134688360",7.04365930551192,0.0111484375764465,0.12076066122362,0.628227676560279,0.910895822190252
"gene-LOC134688364|LOC134688364",44.750883491135,-0.554267757989612,0.239413333923955,0.000921274156560803,0.0696911329139784
"gene-LOC134688365|LOC134688365",49.7955100438298,-0.261556350430582,0.171172411557178,0.0117671104008543,0.245156312756682
"gene-LOC134688367|LOC134688367",5.16096436138853,0.0154123423392826,0.12321357125239,0.1919451163107,NA
"gene-LOC134688368|LOC134688368",833.354170559155,-0.0746800830087616,0.116384240296004,0.254416551024298,0.732817519469603
"gene-LOC134688372|LOC134688372",12.2667469716596,0.0236458335484701,0.111475767312751,0.637082895063683,0.913831411823773
"gene-LOC134688373|LOC134688373",24.2097290998446,0.0283222162286319,0.12431002450903,0.268231476180793,0.747254556081798
"gene-LOC134688377|LOC134688377",30.6737927731658,-0.0234380134130332,0.100880502997532,0.68867354700211,0.927938176530763
"gene-LOC134688382|LOC134688382",288.226027467473,0.00491236941045568,0.0976376997539795,0.937011186535885,0.986824046819264
"gene-LOC134688383|LOC134688383",10.0078994968466,-0.00256556576284123,0.120044418545449,0.909672126464925,0.98251592545162
"gene-LOC134688385|LOC134688385",33.5335045653933,0.111679059749031,0.169962276291185,0.0741036018591624,0.524180554632953
"gene-LOC134688388|LOC134688388",22.9695303360576,0.0914302307642307,0.161472931004993,0.0621604916756043,0.492353687530901
"gene-LOC134688391|LOC134688391",6.53578028517156,-0.000834672709922162,0.12173352715442,0.939930621652298,NA
"gene-LOC134688398|LOC134688398",16.0357890660367,-0.3504782486787,0.455469587076114,0.0111744327191842,0.240849753542314
"gene-LOC134688400|LOC134688400",45.5251213445701,-0.0530192933608398,0.12778193223053,0.243242926956112,0.724889088728343
"gene-LOC134688403|LOC134688403",33.4870128837993,0.0608979434593531,0.115266413359741,0.317112675522326,0.790116175262902
"gene-LOC134688405|LOC134688405",9.16840068628389,0.00268490514198841,0.11817518671243,0.931093849739154,0.986765437284343
"gene-LOC134688406|LOC134688406",26.6799346855465,0.0392118549042903,0.109019058210104,0.493549186602708,0.862457269357709
"gene-LOC134688422|LOC134688422",13.3634940937217,0.0184159944153052,0.122861936488776,0.331589130236376,0.799206772326914
"gene-LOC134688429|LOC134688429",50.6933067010963,-0.136117242858977,0.14987290178719,0.0791510797582201,0.533059744882473
"gene-LOC134688430|LOC134688430",9.87600007432039,-0.00574522772735868,0.121203185240785,0.740032220219558,0.945457375552541
"gene-LOC134688440|LOC134688440",11.1849768998125,0.00218138828201435,0.121535033310775,0.876900219258712,0.977383609163761
"gene-LOC134688442|LOC134688442",24.5240170787464,-0.107239237147784,0.172478553331722,0.0631862291443662,0.494982945347626
"gene-LOC134688449|LOC134688449",9.341003137762,-0.0147325034246472,0.121773451346902,0.477148764334993,0.85513272278048
"gene-LOC134688450|LOC134688450",11.8003925898857,-0.0220148242815427,0.1239563024149,0.213428069953132,0.697999552819894
"gene-LOC134688451|LOC134688451",52.1426972737837,-0.000239873386098067,0.101973341020864,0.99539348771662,0.998538618272986
"gene-LOC134688470|LOC134688470",90.737438261318,0.0228458769034815,0.103374072211415,0.690570386922532,0.928427042863215
"gene-LOC134688472|LOC134688472",29.6732944000501,0.0181281979956216,0.11205663545478,0.701580893265293,0.931621222625156
"gene-LOC134688473|LOC134688473",132.28973185608,-0.36740333741101,0.283636704604431,0.00831774495360829,0.212599289957585
"gene-LOC134688478|LOC134688478",15.1225226547754,0.0228117917916122,0.121808918700051,0.424098453446659,0.835542057474881
"gene-LOC134688484|LOC134688484",16.396996348941,-0.0219162161366729,0.119455513575991,0.528615856219008,0.87559280413096
"gene-LOC134688485|LOC134688485",7.96039204653557,-0.140779317551967,0.271194697607362,0.00618891925305291,0.183196902316653
"gene-LOC134688486|LOC134688486",22.3789378087874,0.0289700345301539,0.122407766807823,0.376246797235802,0.820038855990219
"gene-LOC134688493|LOC134688493",25.9606804188279,0.00501408304251723,0.110573288190974,0.916825087952072,0.984580118136683
"gene-LOC134688497|LOC134688497",11.1761942023345,-0.0379121517970779,0.129471461551519,0.0635128323027798,0.494982945347626
"gene-LOC134688500|LOC134688500",25.0960359565416,-0.0147088653243683,0.110624637852869,0.762747145255242,0.951829925815486
"gene-LOC134688502|LOC134688502",13.7037108032814,-0.00746172787851082,0.11603703762839,0.840947839001601,0.965558865799071
"gene-LOC134688506|LOC134688506",12.3234939559088,0.0162267645670087,0.122585595438085,0.362369888890015,0.812684588929183
"gene-LOC134688512|LOC134688512",10.2125092624332,-0.0014370165676788,0.118934723197227,0.957203414322662,0.990589731896691
"gene-LOC134688513|LOC134688513",8.06592272988151,0.0110121836446705,0.120900611972806,0.622922058908497,0.90936906416486
"gene-LOC134688520|LOC134688520",94.6293698302594,-0.244305865260751,0.167780853524443,0.0150106351122645,0.271868371282525
"gene-LOC134688525|LOC134688525",19.5379773600557,0.101258117747432,0.138582539286926,0.136510384300945,0.624139845752057
"gene-LOC134688529|LOC134688529",68.7355561085623,0.0623119286726162,0.103764810622615,0.336173954109053,0.802058261976077
"gene-LOC134688541|LOC134688541",15.3078167415962,-0.0564510635635961,0.134904104961913,0.130296144575673,0.619154712390364
"gene-LOC134688542|LOC134688542",16.5407304309191,-0.0506159481449762,0.123915705792528,0.297624538384189,0.775542855935695
"gene-LOC134688546|LOC134688546",9.43182562061083,-0.0428305494836465,0.130647556655312,0.0981887533397507,0.578548838521946
"gene-LOC134688549|LOC134688549",12.7730850548369,-0.0336789970654166,0.127292773904247,0.118351580878517,0.60666323189779
"gene-LOC134688551|LOC134688551",14.4180649944721,0.0553904791198841,0.133219071510528,0.156131434442333,0.641040525737625
"gene-LOC134688564|LOC134688564",15.880342190992,-0.0963668255836169,0.147737211895235,0.120757014054543,0.608970421657898
"gene-LOC134688571|LOC134688571",26.9435907037604,0.0439568540113358,0.128825576191525,0.18672213988333,0.664305038283257
"gene-LOC134688574|LOC134688574",11.0726207635519,0.0360928839078812,0.127857491773665,0.129346353200192,0.617390354361159
"gene-LOC134688576|LOC134688576",83.8707423504669,0.225261776037791,0.169123966980941,0.0204415621315508,0.309892426727092
"gene-LOC134688588|LOC134688588",9.52556858150012,-0.0161798893987609,0.117807199561135,0.652016656251257,0.918046712290982
"gene-LOC134688592|LOC134688592",155.467707662123,0.0222163551681124,0.0783584843010553,0.713251344250992,0.934586259228345
"gene-LOC134688593|LOC134688593",26.2894616174969,0.272128328258487,0.21488034150837,0.0147103363123688,0.268696850349585
"gene-LOC134688594|LOC134688594",21.6720465198349,-0.0880891373623584,0.163532993884712,0.0363218651828355,0.40185576420177
"gene-LOC134688595|LOC134688595",10.1606266464962,0.0862027317235755,0.143101401882633,0.137762473631747,0.624139845752057
"gene-LOC134688597|LOC134688597",27.2383775637938,0.0490375590232322,0.127092219791748,0.252013004490281,0.730479166452922
"gene-LOC134688598|LOC134688598",38.2212671327757,-0.108412438180041,0.163156257963455,0.0855891586489179,0.551740732258079
"gene-LOC134688602|LOC134688602",144.502465276511,-0.342403988049433,0.234636515043031,0.00769584459730583,0.204791893253776
"gene-LOC134688604|LOC134688604",22.8954383003661,-0.0506347536537591,0.128932301558307,0.219744659507656,0.707264061779253
"gene-LOC134688605|LOC134688605",15.0037705296293,0.0750786053468214,0.135268602066316,0.177493982831501,0.65480415636705
"gene-LOC134688606|LOC134688606",9.68144463152739,0.0329139128809373,0.123606813510033,0.325614456299311,0.795051568786952
"gene-LOC134688692|LOC134688692",86.5046042182572,-0.341410579042235,0.395112360950738,0.0114320585533719,0.243223541210802
"gene-LOC134688709|LOC134688709",39.0442304084575,-0.0227600037625706,0.101893610114662,0.695124096369389,0.929296223627318
"gene-LOC134688725|LOC134688725",8.148283175749,0.0212649474087091,0.124564317104219,0.0731589620295236,0.523815848745917
"gene-LOC134688781|LOC134688781",405.004735670912,0.0426787636174289,0.109433805959525,0.467455221040395,0.849445149819994
"gene-LOC134688978|LOC134688978",184.012289952745,0.0389211018374883,0.090784885565198,0.537352936146042,0.877546699876996
"gene-LOC134689168|LOC134689168",16.3268104284122,-0.0692377122825174,0.124722276785841,0.243879029637354,0.725041105140412
"gene-LOC134689184|LOC134689184",27.8628680791034,0.0501391551686922,0.129278276716685,0.211120573018822,0.695750726892565
"gene-LOC134689200|LOC134689200",31.5577204034724,0.012990048679309,0.113873863267672,0.765623650828177,0.952292895042719
"gene-LOC134689353|LOC134689353",32.8975648751626,-0.033808836497089,0.119693575997238,0.428422370461912,0.835542057474881
"gene-LOC134689399|LOC134689399",38.719189604362,0.0253491622430945,0.112311542083089,0.60696971017129,0.905025861593536
"gene-LOC134689431|LOC134689431",30.1361222349838,-0.029700683175056,0.120152485675571,0.44464478407146,0.84113947267877
"gene-LOC134689568|LOC134689568",314.445522171216,0.0183486565235147,0.118647616009754,0.603974760245744,0.904589020585693
"gene-LOC134689594|LOC134689594",11.312308275019,-0.0319200295401539,0.119274735768113,0.448491862791329,0.843025033578531
"gene-LOC134689642|LOC134689642",104.172632075789,-0.0504057033165652,0.136053665174192,0.0286542774492913,0.357345203570033
"gene-LOC134689651|LOC134689651",185.397695015409,-0.0236348612923995,0.123487843693584,0.294828598757977,0.773306857967351
"gene-LOC134689660|LOC134689660",185.615267698803,0.0488386299194572,0.115935398054335,0.380430065470648,0.82083573709765
"gene-LOC134689709|LOC134689709",92.5937950056881,-0.131085821490756,0.150871790026726,0.0846157273007298,0.549485965573906
"gene-LOC134689739|LOC134689739",128.874715099064,-0.0128978623882324,0.0934997714761063,0.829476066115084,0.964892896096873
"gene-LOC134689748|LOC134689748",140.326328768578,-0.00249077463315641,0.122137704398297,0.710500595201405,0.933953954014707
"gene-LOC134689749|LOC134689749",76.393774294158,0.00299994142232868,0.121978552520384,0.759501140197755,0.950201142489307
"gene-LOC134689775|LOC134689775",16.4326564486067,0.0750450826559337,0.12595079355713,0.221854614047108,0.707322381267482
"gene-LOC134689795|LOC134689795",373.647096730348,-0.0500305108439835,0.131278951867519,0.168006291368375,0.647888319288239
"gene-LOC134689803|LOC134689803",221.834395996287,0.000765670225709115,0.120937158568641,0.971540615090017,0.993970992678844
"gene-LOC134689851|LOC134689851",6.5420811481156,-0.0163400840432533,0.121947385098684,0.448380851031731,NA
"gene-LOC134689886|LOC134689886",5.98506890555031,0.00258319447096151,0.121329959773778,0.869696617183773,NA
"gene-LOC134689920|LOC134689920",28.890912219894,0.431324517289881,0.272751096934934,0.0048227279227778,0.170097116309965
"gene-LOC134689929|LOC134689929",11.9373976788824,0.106935818606831,0.160896885563087,0.090485123966661,0.564164661807992
"gene-LOC134689938|LOC134689938",12.990343301533,0.112506640158928,0.163833457966773,0.0864193420738693,0.55439077242687
"gene-LOC134689949|LOC134689949",9.52152044832103,0.0156557147648808,0.122087985645101,0.435652840225547,0.837018012862708
"gene-LOC134689986|LOC134689986",16.0154528820877,-0.00445986965101772,0.122069095292959,0.623417152636562,0.909577334092897
"gene-LOC134689988|LOC134689988",14.8153769096325,-0.00148778400654854,0.121863313260918,0.880884459011825,0.977383609163761
"gene-LOC134690003|LOC134690003",150.207414432236,-0.0617553095794797,0.109266474733599,0.325324093016269,0.795051568786952
"gene-LOC134690044|LOC134690044",43.4501399099278,0.00648570657860956,0.0889171082201369,0.916190637196282,0.984555246899008
"gene-LOC134690050|LOC134690050",125.132943820891,-0.0226707586424858,0.122984217519473,0.33678957890432,0.802058261976077
"gene-LOC134690055|LOC134690055",8.61317163007944,0.0364103381772822,0.124610972286384,0.293398404831586,0.772631316913971
"gene-LOC134690060|LOC134690060",782.779216863567,-0.0402131683199715,0.130875996416807,0.0378945889577975,0.408639827498952
"gene-LOC134690073|LOC134690073",14.1592405504783,0.061861786465157,0.136323017640418,0.142550933060019,0.627978786874401
"gene-LOC134690078|LOC134690078",7.66643117915069,-0.0136373835145507,0.118410207140372,0.679833056929722,0.924535906928755
"gene-LOC134690094|LOC134690094",8.35189012240452,0.0219225359555569,0.122985876940853,0.336437269735949,0.802058261976077
"gene-LOC134690106|LOC134690106",23.3183567965975,-0.0292234087488526,0.124478361294254,0.26236034571163,0.743685325145495
"gene-LOC134690112|LOC134690112",43.4195096404698,-0.0717072063268129,0.147490512374377,0.059781118009048,0.484939465922184
"gene-LOC134690114|LOC134690114",25.3033279250582,0.00214493537564661,0.109312961716265,0.966019085413132,0.992550187342434
"gene-LOC134690130|LOC134690130",29.5495451162108,-0.434457369579155,0.379100937485962,0.00730915831373818,0.200860545175906
"gene-LOC134690133|LOC134690133",38.8328706112215,0.0377170175376439,0.109681645585275,0.503635399112627,0.865471662219933
"gene-LOC134690148|LOC134690148",22.1062133014529,-0.0186664564718942,0.120390578791283,0.53103392382963,0.876646065365334
"gene-LOC134690185|LOC134690185",16.3699615372009,-0.0179667056545935,0.121398599043782,0.480401459152821,0.856172230112359
"gene-LOC134690232|LOC134690232",9.83823983560404,0.0684306235575489,0.134657419190258,0.180281109988303,0.658380594100839
"gene-LOC134690263|LOC134690263",26.6334166406814,-0.0037724933132536,0.111641834294472,0.933304613289578,0.986824046819264
"gene-LOC134690274|LOC134690274",14.6152170390219,-0.0196889286623946,0.121089331393238,0.484906684110909,0.858540213429343
"gene-LOC134690276|LOC134690276",307.89229559103,0.104863547094537,0.104383702902283,0.137096736848033,0.624139845752057
"gene-LOC134690341|LOC134690341",1380.99689163148,0.00118178824649704,0.120349709801541,0.961748610324295,0.991081211353487
"gene-LOC134690359|LOC134690359",13.3827734546349,-0.0290953016423484,0.117982298150435,0.49524144631882,0.863101001106686
"gene-LOC134690368|LOC134690368",2071.27607521247,-0.050079605706981,0.133733284431626,0.0804431448869115,0.538290611457008
"gene-LOC134690375|LOC134690375",9.63439729439829,-0.0216740972676637,0.113886146926053,0.636807562734641,0.913687630777405
"gene-LOC134690381|LOC134690381",99.1774992353522,0.0213667273428556,0.123943281240832,0.204948679400225,0.686738550348225
"gene-LOC134690383|LOC134690383",11.0672425823565,0.0505691414658921,0.122077541749773,0.320338466296211,0.792601902870633
"gene-LOC134690429|LOC134690429",42.4588147687014,-0.0676281902224988,0.138136283108551,0.142716281741419,0.627993686790484
"gene-LOC134690469|LOC134690469",1790.93354295298,-0.0611638891722358,0.128973304791835,0.224637744963794,0.710181128484766
"gene-LOC134690485|LOC134690485",157.311690591047,0.0844981125245572,0.12399947162096,0.199243034570645,0.680096210528513
"gene-LOC134690496|LOC134690496",18.3893778479365,0.0470727258276268,0.130328548500231,0.166724511823822,0.646528965928963
"gene-LOC134690518|LOC134690518",15.2833080346264,0.0438243541792425,0.113376615334517,0.429155862803387,0.835542057474881
"gene-LOC134690531|LOC134690531",82.4851166699746,0.0692963556312399,0.128388058922507,0.222389269834044,0.707397113111164
"gene-LOC134690571|LOC134690571",307.152787444805,-0.009984119616946,0.12230609161941,0.412352907173317,0.831856384439449
"gene-LOC134690574|LOC134690574",314.040845237559,-0.00953022295121815,0.122252011491608,0.426504487940611,0.835542057474881
"gene-LOC134690612|LOC134690612",77.8200824341659,0.00747630381536017,0.122051796016204,0.537109198378222,0.877546699876996
"gene-LOC134690618|LOC134690618",8.33402651495469,-0.012763482257462,0.118256582509177,0.70030941670664,0.931217546469466
"gene-LOC134690622|LOC134690622",12.8745646130623,-0.0102858221344526,0.120063903334434,0.686933267054637,0.92742814474409
"gene-LOC134690625|LOC134690625",19.8118413351663,0.0314884998842949,0.1134919343674,0.533147223554847,0.876836729956355
"gene-LOC134690632|LOC134690632",11.9900772412079,-0.0473226905390169,0.12352739303401,0.310869216055122,0.786254494777714
"gene-LOC134690639|LOC134690639",964.965674956947,0.135670046541722,0.0848034357771024,0.0418491572194543,0.427203145493699
"gene-LOC134690651|LOC134690651",8.31903384369818,0.0252622639831385,0.117829914493217,0.532942808225238,0.876836729956355
"gene-LOC134690657|LOC134690657",31.491945946292,-0.0265972961238567,0.118157423399599,0.514932595611979,0.871527350897159
"gene-LOC134690659|LOC134690659",65.3683192427626,0.0120134922308503,0.0970730166009923,0.837802361588688,0.965558865799071
"gene-LOC134690669|LOC134690669",14.6975618678439,0.00986311186690395,0.116963504059293,0.783656402408455,0.956142521609143
"gene-LOC134690670|LOC134690670",15.8873479154858,0.157063535757425,0.279939743446481,0.0176433669544602,0.291949171218019
"gene-LOC134690676|LOC134690676",19.9657423279156,0.0228842290753788,0.118010063631234,0.559500551846318,0.889228581152934
"gene-LOC134690680|LOC134690680",8.51345546438346,-0.0524426665574875,0.134725365498897,0.0939354960896041,0.569926800550699
"gene-LOC134690682|LOC134690682",481.37322435,0.0151933325975402,0.105224454788955,0.781863591680511,0.955385801967526
"gene-LOC134690685|LOC134690685",46.5988397244265,0.0666542712162853,0.112356687401583,0.296129792158684,0.773548471455307
"gene-LOC134690687|LOC134690687",799.582746352647,0.447537784552907,0.188765421183172,0.000992492760324233,0.0735918641788929
"gene-LOC134690695|LOC134690695",66.2193459896607,0.119243239306902,0.144376748825976,0.102575491511092,0.581260925074265
"gene-LOC134690700|LOC134690700",12.6133403926099,-0.0160613653657248,0.109737423117051,0.748477687647757,0.948451675599671
"gene-LOC134690701|LOC134690701",7.72653699391428,0.0250635882222072,0.117359013687544,0.545528754723222,0.882199275344895
"gene-LOC134690707|LOC134690707",1107.14092185631,-0.048739648290465,0.101239173069692,0.432810858633198,0.8360891578941
"gene-LOC134690708|LOC134690708",82.5715419477058,0.0877491701045618,0.147499964341934,0.119921895170523,0.608970421657898
"gene-LOC134690709|LOC134690709",3034.29308560984,0.0167261641112051,0.0726971263109517,0.776153765270694,0.954802623385741
"gene-LOC134690711|LOC134690711",28.8655628345895,-0.017419295231483,0.109165848400079,0.733032099570373,0.942433887327472
"gene-LOC134690715|LOC134690715",9.48847860262866,-0.0248569291511713,0.119549705559574,0.497602758469504,0.863604931815246
"gene-LOC134690716|LOC134690716",13.3747815972662,0.00369318066324098,0.118937479931079,0.89639397806153,0.979928513327605
"gene-LOC134690718|LOC134690718",31.3812417582598,-0.0285226188442002,0.112024465828211,0.57833228574402,0.895787070928018
"gene-LOC134690719|LOC134690719",12.1422318387385,0.0138313504273203,0.110737546992544,0.775935891448813,0.954802623385741
"gene-LOC134690720|LOC134690720",56.1010810753153,-0.0351523471303292,0.102416852087961,0.555226106734399,0.88772167235993
"gene-LOC134690723|LOC134690723",11.2004730109037,0.0128276725896038,0.119088040279051,0.676131917458085,0.92387619829345
"gene-LOC134690726|LOC134690726",10.797094483668,-0.0012988142892143,0.119389960137448,0.958458789457595,0.990589731896691
"gene-LOC134690733|LOC134690733",345.918436723303,0.124108430057462,0.134725755127758,0.0993308133382006,0.579342280275393
"gene-LOC134690734|LOC134690734",25.577010123488,0.023101364234468,0.113361113104937,0.627190918485727,0.910895822190252
"gene-LOC134690736|LOC134690736",18.4078327801092,0.00184299272293367,0.118489255097215,0.951654216328603,0.990589731896691
"gene-LOC134690738|LOC134690738",33.5428453898158,-0.0652421163901718,0.123244171618183,0.260202690437879,0.740652964154039
"gene-LOC134690739|LOC134690739",10.6629851626052,0.00230486602447328,0.121624305902159,0.861917716529607,0.973956778441233
"gene-LOC134690740|LOC134690740",137.607358332664,0.137432580892956,0.185660259863601,0.059603743647112,0.484939465922184
"gene-LOC134690743|LOC134690743",123.996138672773,0.131793250827269,0.188004012983977,0.0584359763998209,0.483310521148065
"gene-LOC134690745|LOC134690745",38.2455178309438,-0.0160023774700551,0.0963010354679905,0.787988834389141,0.956384665187901
"gene-LOC134690748|LOC134690748",22.2116257277615,-0.00295368037170898,0.112168610435934,0.946949529298098,0.990448749036931
"gene-LOC134690763|LOC134690763",44.4508394507458,0.103276837697335,0.157162880801476,0.0976509019209603,0.57769829291262
"gene-LOC134690771|LOC134690771",8.4126101098922,0.035438904595786,0.124952657423619,0.276169636262713,0.758150442071649
"gene-LOC134690772|LOC134690772",72.2967766826026,0.052164319760781,0.095829707210619,0.414595266205877,0.831856384439449
"gene-LOC134690773|LOC134690773",10.4759306141892,-0.00750563339780108,0.120591236974601,0.729711598188608,0.941275691470766
"gene-LOC134690779|LOC134690779",47.4664698718743,0.384739652413094,0.386326227315648,0.0094741515522861,0.223119248349279
"gene-LOC134690781|LOC134690781",8.82248119484724,0.0762365945793593,0.141696307743372,0.13455610124768,0.623570941982595
"gene-LOC134690783|LOC134690783",69.427484780802,-0.0178564568506538,0.0791739657047799,0.769198516978511,0.953685276062354
"gene-LOC134690789|LOC134690789",163.659848287466,0.102336033979765,0.177851240509316,0.0371113222817921,0.406347330773939
"gene-LOC134690790|LOC134690790",57.256827121531,-0.0371427112557252,0.111044798350817,0.499241942274736,0.864500047589831
"gene-LOC134690793|LOC134690793",17.0296360415771,0.0797867728267257,0.140705985308758,0.147290525543032,0.632815303076338
"gene-LOC134690794|LOC134690794",256.04964112163,0.0786609712159637,0.0882790801928534,0.227161660708182,0.711804885792292
"gene-LOC134690798|LOC134690798",7.2299526129306,-0.038590200866529,0.121268371095631,0.374840827875586,0.820038855990219
"gene-LOC134690800|LOC134690800",55.7653855830785,0.00539917528961108,0.117920840740906,0.867413426849955,0.975747205157066
"gene-LOC134690801|LOC134690801",1113.97567186456,0.24954053602903,0.14109091575733,0.00907538835707277,0.218651273411405
"gene-LOC134690802|LOC134690802",28.1793933173376,0.0251714963344128,0.106460168449599,0.65067605415538,0.918046712290982
"gene-LOC134690810|LOC134690810",7.50863240479383,-0.00786648753926836,0.121533584660778,0.631041840289286,0.912337712919943
"gene-LOC134690812|LOC134690812",253.398949947999,0.0878417743369109,0.132641610218494,0.171984985392821,0.652148082884002
"gene-LOC134690814|LOC134690814",9.45027119142945,-0.00856819719974222,0.12096106542743,0.674148094948651,0.92387619829345
"gene-LOC134690816|LOC134690816",89.125192687935,0.0289674892772941,0.0939583533249381,0.634772474470309,0.912781429371793
"gene-LOC134690819|LOC134690819",164.202987924597,-0.0132915470997286,0.114893987849559,0.746402901948761,0.947986108770842
"gene-LOC134690830|LOC134690830",52.1052406194864,-0.151036130405157,0.237912650592699,0.031404886912805,0.373912874546895
"gene-LOC134690831|LOC134690831",1529.39003435861,-0.00083718695801209,0.067880762075512,0.987308282739414,0.997111959484142
"gene-LOC134690833|LOC134690833",91.522203882646,-0.300369514677887,0.236913940994775,0.0118721247318187,0.245156312756682
"gene-LOC134690845|LOC134690845",14.2705359033062,0.0895342521729939,0.140722118636734,0.145653096660637,0.631223000301963
"gene-LOC134690852|LOC134690852",45.0115984634437,0.297610617418016,0.164661445264378,0.00603865914789767,0.183091167443748
"gene-LOC134690853|LOC134690853",29.9821499122732,0.0679481421517079,0.126799509180058,0.236453749848501,0.717795757039084
"gene-LOC134690854|LOC134690854",8.94261155317881,0.0015871065249474,0.117633869316923,0.961735065813065,0.991081211353487
"gene-LOC134690856|LOC134690856",28.6808668696917,0.017171825659481,0.114755764125117,0.69056184111247,0.928427042863215
"gene-LOC134690857|LOC134690857",44.3079862206431,0.00393733705871879,0.121988910522153,0.697690824295142,0.929886991245818
"gene-LOC134690862|LOC134690862",43.5564776396258,0.0214543740564901,0.101042835465242,0.713029118987129,0.934586259228345
"gene-LOC134690870|LOC134690870",15.4564075674658,-0.0632098153726291,0.129784380782167,0.221113379004446,0.707264061779253
"gene-LOC134690872|LOC134690872",820.070000800995,0.174264444748779,0.192942326735599,0.043748514268916,0.435580231008228
"gene-LOC134690874|LOC134690874",78.2010056096446,0.00167255547570467,0.101004852206331,0.977403972770516,0.995479908586306
"gene-LOC134690878|LOC134690878",17.6510758550208,0.0136475335489789,0.120520203157981,0.597510153530744,0.903304056912138
"gene-LOC134690879|LOC134690879",150.040120849751,-0.115305056572565,0.0819996395172529,0.0741930014569275,0.524180554632953
"gene-LOC134690880|LOC134690880",17.5004546649151,-0.00227806002489186,0.118370557466702,0.937364632855466,0.986908472952548
"gene-LOC134690884|LOC134690884",14.0169127922186,-0.0199392858659877,0.114470533181997,0.652770562551673,0.918046712290982
"gene-LOC134690891|LOC134690891",20.1605701447695,0.0236671945851044,0.105586626961843,0.672065684630282,0.923843596218096
"gene-LOC134690892|LOC134690892",49.4768908098669,0.144608635396974,0.186853417019987,0.0579177852824138,0.483310521148065
"gene-LOC134690893|LOC134690893",184.278261157576,0.0832660216965414,0.139932324825969,0.151852442771524,0.638860524496776
"gene-LOC134690895|LOC134690895",178.575637432025,-0.194457359113241,0.270566971862935,0.0280708244933613,0.352131331039837
"gene-LOC134690903|LOC134690903",9.11359532293607,-0.036825943050987,0.121392293444704,0.379799887818643,0.82083573709765
"gene-LOC134690914|LOC134690914",21.6273051190662,0.0225194913908365,0.114748770405179,0.617977567675342,0.907747426106231
"gene-LOC134690915|LOC134690915",11.2146693168677,0.0070848070923911,0.121650121287983,0.641517688349995,0.914809132082223
"gene-LOC134690923|LOC134690923",95.7054286854222,0.135130391382264,0.126362220406452,0.0795353649644351,0.535166530295287
"gene-LOC134690927|LOC134690927",7.38740258301464,-0.0371448826570487,0.125623925998789,0.256804914459036,0.736415104585958
"gene-LOC134690938|LOC134690938",7.57551183863711,0.0455681607016997,0.129115043184554,0.189858425003208,0.666686889874754
"gene-LOC134690941|LOC134690941",20.2045804669483,0.0558775652505471,0.12240650362581,0.298746064920159,0.776334379755606
"gene-LOC134690942|LOC134690942",9.50990790687952,-0.123604052080585,0.215853986002103,0.0175173831245541,0.291949171218019
"gene-LOC134690943|LOC134690943",26.9946838789003,0.00631701067812268,0.113429497559741,0.88384762524425,0.977383609163761
"gene-LOC134690957|LOC134690957",806.598153510884,0.0010069304981945,0.0895551400391776,0.999048382547422,0.999715838708931
"gene-LOC134690969|LOC134690969",212.526271603488,0.00113219313888344,0.0988903295885583,0.957978104071926,0.990589731896691
"gene-LOC134690981|LOC134690981",8.08712193733419,-0.0185415435405882,0.123231738268262,0.267779653642703,0.747070237493227
"gene-LOC134691003|LOC134691003",31.9571864142762,0.0110360541413662,0.100555312125997,0.847729576195818,0.968198690416884
"gene-LOC134691004|LOC134691004",34.118447747606,0.058503541846414,0.138471781412886,0.0760827750014095,0.528066637614046
"gene-LOC134691008|LOC134691008",99.2868818058309,-0.0836131124595896,0.105509011711786,0.218656473084366,0.706315617259027
"gene-LOC134691011|LOC134691011",35.1910597205579,-0.0155466370840803,0.108374531657868,0.761757667406215,0.95123850595533
"gene-LOC134691012|LOC134691012",21.6593924643621,-0.0108694646150183,0.107857230848295,0.832301785251696,0.965381343401655
"gene-LOC134691016|LOC134691016",50.7148875037525,-0.295507279620643,0.154363228966019,0.0049514182608589,0.170097116309965
"gene-LOC134691023|LOC134691023",23.9164908168577,0.0425012683796799,0.127261811607859,0.229704408770337,0.714392158339309
"gene-LOC134691037|LOC134691037",107.750566179485,0.00666477147716674,0.116426420582844,0.857209265763549,0.97251651829061
"gene-LOC134691040|LOC134691040",64.3363343149848,0.0172476455908661,0.121724003885935,0.464572472693852,0.848659322959597
"gene-LOC134691042|LOC134691042",13.4832295400051,-0.0293895640791093,0.12123513306111,0.415757303968983,0.832256803460703
"gene-LOC134691043|LOC134691043",20.9552631221022,-0.119594807934202,0.174412148868999,0.0697415296849623,0.515108081148819
"gene-LOC134691045|LOC134691045",14.4290901906629,-0.0276317803667543,0.110369546291161,0.599285286795116,0.903755036812046
"gene-LOC134691060|LOC134691060",136.814652215735,0.0886762789267905,0.101428669505102,0.194724044237803,0.672225346782597
"gene-LOC134691061|LOC134691061",13.4361731024227,-0.0123405481856027,0.114748036000443,0.764615947884359,0.951829925815486
"gene-LOC134691062|LOC134691062",9.56447752070606,0.00670856002074031,0.121165006653728,0.715154353035263,0.93567613525086
"gene-LOC134691063|LOC134691063",200.368219675858,0.047388281434906,0.13208850226219,0.112767377569223,0.596408821056434
"gene-LOC134691064|LOC134691064",52.769472026612,-0.209645839586271,0.345585704866586,0.0205513254843164,0.309981102781873
"gene-LOC134691069|LOC134691069",11.3618100016943,-0.0353782936189654,0.126817586556318,0.18110370893826,0.658744089227767
"gene-LOC134691070|LOC134691070",10.1877172387813,0.0431885316066768,0.118805760489262,0.388264575547466,0.82303705168547
"gene-LOC134691072|LOC134691072",18.9827834481291,0.119976319344881,0.158429823026419,0.0903092357586856,0.564164661807992
"gene-LOC134691074|LOC134691074",40.9332469694694,0.0635515011884407,0.11085104910578,0.316106648490406,0.788885934007167
"gene-LOC134691076|LOC134691076",15.911649972743,-0.0216173219414583,0.12038231936894,0.499996401193931,0.864774376106547
"gene-LOC134691084|LOC134691084",40.5201365855879,-0.00439671304754822,0.121894377135286,0.689293340188781,0.927938176530763
"gene-LOC134691085|LOC134691085",9.12857856281355,-0.00639855747094388,0.121834507345279,0.622766123635075,0.90936906416486
"gene-LOC134691094|LOC134691094",12.5947115579768,0.00687417877834406,0.118878692595205,0.813651382560371,0.960505277793567
"gene-LOC134691096|LOC134691096",37.2675950111422,-0.00946887328248508,0.0905799904189183,0.875322021809536,0.977383609163761
"gene-LOC134691099|LOC134691099",26.4664265750068,-0.0621476667391543,0.131817678347102,0.200980357154268,0.681059680872541
"gene-LOC134691100|LOC134691100",13.8447494268713,0.0984419685761954,0.163459789988173,0.0735764554908847,0.523815848745917
"gene-LOC134691102|LOC134691102",5.80190390346195,-0.00733995325803807,0.12179593334692,0.60026096194803,NA
"gene-LOC134691103|LOC134691103",6.68669704967526,-0.0050007251313752,0.121311336350819,0.75908866813917,NA
"gene-LOC134691107|LOC134691107",6.82828266947804,-0.00509796896619301,0.120074661606941,0.826953057270799,0.964349337574122
"gene-LOC134691114|LOC134691114",11.0808495087148,-0.0876022182401383,0.167860054503003,0.0132422892274932,0.254285907755632
"gene-LOC134691116|LOC134691116",25.2147902856657,0.00321939921435163,0.0991601578172396,0.956402678785435,0.990589731896691
"gene-LOC134691121|LOC134691121",18.3996438354215,0.0304713806399606,0.121606702301842,0.400561867610909,0.827255071865873
"gene-LOC134691122|LOC134691122",35.1347910876563,0.00583340393602616,0.121983529091669,0.608585568044227,0.905455368892464
"gene-LOC134691127|LOC134691127",23.1672372018574,0.0495966774978483,0.130109427820564,0.18902052790209,0.666686889874754
"gene-LOC134691133|LOC134691133",47.1620650427915,0.0160245111925004,0.108856267351423,0.766857472206714,0.953036111741799
"gene-LOC134691134|LOC134691134",19.3899363194904,0.107934812876646,0.164146725679955,0.0841525747055374,0.548016201712843
"gene-LOC134691136|LOC134691136",5.55242342603663,0.00208900313412263,0.12126550013261,0.897383823174434,NA
"gene-LOC134691143|LOC134691143",22.7881752666541,-0.453803286905322,0.295463661609448,0.00466819001299022,0.169661798928779
"gene-LOC134691145|LOC134691145",6.06042702364858,-0.0342122603617449,0.128223927738674,0.0568697967463974,NA
"gene-LOC134691150|LOC134691150",21.2454969398892,-0.0650834537393065,0.139142699976993,0.11902945975296,0.607141924767457
"gene-LOC134691153|LOC134691153",26.9082728796807,-0.00963054234689415,0.118681350354886,0.750605139410638,0.949011133284577
"gene-LOC134691157|LOC134691157",9.71380675758754,-0.0404147883488782,0.120960283150841,0.371892585225453,0.819803285016825
"gene-LOC134691158|LOC134691158",20.8533408892124,-0.0181979133030253,0.107922389773708,0.729154712821622,0.941275691470766
"gene-LOC134691161|LOC134691161",130.913048423872,-0.0395997480961302,0.090987204825993,0.527729324730027,0.87559280413096
"gene-LOC134691165|LOC134691165",9.5883763003006,-0.0698502186905268,0.131501943057955,0.2032133438536,0.6839779604257
"gene-LOC134691167|LOC134691167",6.55811841331453,5.50854939849564e-05,0.120859443687035,0.999441767530172,NA
"gene-LOC134691177|LOC134691177",13.6363276592982,0.0342767578979721,0.125771267107135,0.231154759892419,0.714623063583092
"gene-LOC134691180|LOC134691180",208.763943895596,-0.0657371695317834,0.10636766122245,0.309390790473922,0.785166936583937
"gene-LOC134691181|LOC134691181",14.0865617017443,0.032583993374892,0.118819825707949,0.454183377723373,0.845232489565602
"gene-LOC134691183|LOC134691183",22.3737349680556,0.0139571525722088,0.1219609257494,0.464009693255708,0.848659322959597
"gene-LOC134691184|LOC134691184",15.7112084480003,-0.0681690418904518,0.138960796773145,0.136498497781101,0.624139845752057
"gene-LOC134691186|LOC134691186",21.551053550704,-0.0476475712353089,0.123994396139913,0.301563908924913,0.777898121048582
"gene-LOC134691192|LOC134691192",9.64358260806654,0.031764208891807,0.116945386471143,0.491818716930818,0.862457269357709
"gene-LOC134691194|LOC134691194",13.1968188652595,0.0560728876769475,0.138098219726713,0.0562107919677846,0.483310521148065
"gene-LOC134691195|LOC134691195",11.0846279591485,-0.0643499651884938,0.138739027179736,0.118837623340107,0.60666323189779
"gene-LOC134691196|LOC134691196",14.9088335124618,-0.00625393220234226,0.116671643556856,0.859485235241715,0.973375096633959
"gene-LOC134691198|LOC134691198",23.250148260227,-0.00333038271640803,0.11073704694287,0.94200097644467,0.988599399186397
"gene-LOC134691199|LOC134691199",8.7470095914688,-0.00409235097311102,0.120228572439886,0.854487650765225,0.971567724640836
"gene-LOC134691203|LOC134691203",131.529506802499,0.0354609120008387,0.0897751243076,0.571273074909269,0.892514888984445
"gene-LOC134691206|LOC134691206",10.7462746326851,0.0545086901327549,0.131590863353839,0.184480187015945,0.66207097044213
"gene-LOC134691212|LOC134691212",54.5830344143633,-0.578555242576722,0.250867315508345,0.000891888378492731,0.0681566537401231
"gene-LOC134691214|LOC134691214",6.91611842790753,0.00624916381577664,0.121084320179417,0.737477566319723,0.944434969376115
"gene-LOC134691216|LOC134691216",17.6544018525466,-0.0935176881051045,0.170949994864513,0.0271110224743314,0.347067431299603
"gene-LOC134691217|LOC134691217",11.8275133127234,-0.0902958202209963,0.170033125423319,0.0169646226509431,0.290064061718979
"gene-LOC134691218|LOC134691218",7.06088432807367,0.00269422939446178,0.120560591562319,0.896986891069685,0.979928513327605
"gene-LOC134691220|LOC134691220",22.7658315345321,-0.048277588142228,0.121233579861277,0.337092251516325,0.802058261976077
"gene-LOC134691221|LOC134691221",29.2326023617934,0.0260837917178783,0.107866249124084,0.633992772559652,0.912460614354241
"gene-LOC134691223|LOC134691223",26.8826804662235,0.0292125894346871,0.10423285276972,0.614957850931394,0.906968686182044
"gene-LOC134691224|LOC134691224",129.396336112857,1.14792868580413,0.278458375538527,1.67065523605576e-06,0.00104262808856847
"gene-LOC134691226|LOC134691226",12.8473734609534,0.0031521602694894,0.115549700010448,0.935059806724092,0.986824046819264
"gene-LOC134691227|LOC134691227",151.77314727795,1.29241090412736,0.335314164646453,4.76035612460222e-06,0.00209707688336153
"gene-LOC134691228|LOC134691228",125.449005436093,0.0332779577400596,0.0994247700102579,0.585367742324663,0.899790971920428
"gene-LOC134691229|LOC134691229",7.06086196389322,0.0500095096411166,0.134947966943017,0.0541015030795726,0.473949477439012
"gene-LOC134691230|LOC134691230",13.5153098935178,-0.0135343636642371,0.119746389334373,0.636083871114965,0.913097970247263
"gene-LOC134691233|LOC134691233",14.0781132810277,-0.760831844205455,0.299791253600367,0.000448998944189073,0.0460623711374242
"gene-LOC134691234|LOC134691234",62.1977924976887,0.066201903895891,0.125610848391981,0.249281371148756,0.728676107936391
"gene-LOC134691235|LOC134691235",17.8856543281977,-0.0404082026239394,0.123342442631814,0.32603619665362,0.795051568786952
"gene-LOC134691244|LOC134691244",19.05614343985,-0.0163180291747521,0.121721331227921,0.0968262084565227,0.577333977015047
"gene-LOC134691246|LOC134691246",198.623664321395,0.105047433448294,0.095172286204123,0.128083406088454,0.616067198584733
"gene-LOC134691255|LOC134691255",26.8695894270136,0.00655671601765923,0.107007758960638,0.900739068191067,0.98065001678538
"gene-LOC134691256|LOC134691256",87.5946292218909,-0.0165750927160127,0.0939582093846692,0.784050527658638,0.956271862208695
"gene-LOC134691262|LOC134691262",98.2220350002632,-0.288401221125728,0.314731740274666,0.0151277057158918,0.271868371282525
"gene-LOC134691269|LOC134691269",5.0737688207966,0.00314709555953568,0.121759842519514,0.794930833836315,NA
"gene-LOC134691273|LOC134691273",66.9791669223885,-0.101356588759036,0.157129629632694,0.0962859764450278,0.575390257936421
"gene-LOC134691274|LOC134691274",9.2986885775695,-0.0540031281195152,0.132841259918305,0.156013387643038,0.641040525737625
"gene-LOC134691276|LOC134691276",14.7999134965199,0.0818692522118021,0.133735873463619,0.178778800290484,0.655989434284877
"gene-LOC134691277|LOC134691277",17.9303412048496,0.0166669103065031,0.118924741324073,0.616686586349055,0.907519325047764
"gene-LOC134691278|LOC134691278",2251.16233395553,0.0480766556976111,0.117825860086457,0.37178311710329,0.819803285016825
"gene-LOC134691282|LOC134691282",53.2539089777517,0.0440595928438258,0.101477260370703,0.477163939468112,0.85513272278048
"gene-LOC134691283|LOC134691283",50.3620897445828,0.0110041960527474,0.0979517484970383,0.852952028482796,0.970727957674912
"gene-LOC134691284|LOC134691284",12.1738737538847,0.00138449188627259,0.121629664211334,0.918327465088846,0.984677261486326
"gene-LOC134691286|LOC134691286",11.2704944266053,0.00919686123653873,0.117903466518156,0.780818098369865,0.955272826382029
"gene-LOC134691287|LOC134691287",10.9017781851713,0.016267782000071,0.116261297597839,0.682584827969109,0.925412351301143
"gene-LOC134691291|LOC134691291",61.2422407725102,-0.0398104082808421,0.102475767941946,0.513342132182147,0.871527350897159
"gene-LOC134691292|LOC134691292",1041.58742448181,0.0107501827917243,0.0819343943928691,0.937289444682548,0.986908472952548
"gene-LOC134691295|LOC134691295",9.03359524275201,-0.0769432614691475,0.152264003089113,0.0496604104097427,0.4604203108667
"gene-LOC134691310|LOC134691310",47.6849920373544,0.00556481024180026,0.0991677992456848,0.924631142031965,0.985177432859168
"gene-LOC134691316|LOC134691316",13.9026811987617,0.00773364409705722,0.120263301736615,0.744103815963369,0.947677704065547
"gene-LOC134691323|LOC134691323",12.008882234975,-0.00953044546727132,0.121535600709903,0.590498759500756,0.902148006853668
"gene-LOC134691327|LOC134691327",13.7069073293381,0.0384274477179167,0.125893817197762,0.253485461620357,0.731459588836468
"gene-LOC134691330|LOC134691330",10.6754872104022,-0.0186955037093671,0.120316309762485,0.533706658031209,0.876836729956355
"gene-LOC134691331|LOC134691331",1793.32334062861,-0.0241583114790604,0.103268393978431,0.668608540077346,0.922307857181662
"gene-LOC134691332|LOC134691332",30.1400236795739,0.00144743258045063,0.0996736573178152,0.980352489713047,0.995903460384722
"gene-LOC134691333|LOC134691333",35.6314841371606,0.0257485236629281,0.115966843083574,0.563944240417184,0.889818923835977
"gene-LOC134691334|LOC134691334",7.9591335430895,0.0355768405482449,0.126927971279157,0.178506177156675,0.655310176826637
"gene-LOC134691335|LOC134691335",74.7021685001038,0.0174421999539656,0.095544006974781,0.780868751305308,0.955272826382029
"gene-LOC134691336|LOC134691336",28.4301004080053,-0.915915618332948,0.451379846664442,0.00123012225410679,0.0814730237470326
"gene-LOC134691337|LOC134691337",18.1552988886667,0.0327610578279457,0.119426770004256,0.442198232377893,0.839448051274535
"gene-LOC134691338|LOC134691338",131.709048532382,0.124302090279263,0.10641052051805,0.0882468975843846,0.559594425071513
"gene-LOC134691339|LOC134691339",50.9234659187886,0.0416487510170304,0.107950218693515,0.477179816864685,0.85513272278048
"gene-LOC134691340|LOC134691340",30.4416267432371,0.0183836789991016,0.117712444613506,0.622120565118388,0.909085056033485
"gene-LOC134691351|LOC134691351",9.12200223217635,0.00010700244732029,0.121388978135214,0.996912551142823,0.999314428524776
"gene-LOC134691352|LOC134691352",11.4008496011515,0.00323193127045582,0.119080661024816,0.908721165534871,0.98251592545162
"gene-LOC134691353|LOC134691353",11.6906244380059,0.0955222860629026,0.158165007482167,0.085943161649719,0.552664415618688
"gene-LOC134691358|LOC134691358",7.01977324650469,-0.0065757904218886,0.121518697754985,0.67120097708228,0.922993778437238
"gene-LOC134691359|LOC134691359",7.50800155283498,-0.0193614251010653,0.117809210584376,0.604473680747659,0.904589020585693
"gene-LOC134691360|LOC134691360",8.31970457779693,-0.0641791784195642,0.140530018546349,0.092759932875627,0.568072848299734
"gene-LOC134691361|LOC134691361",8.8322753391441,0.0737747075686011,0.151539885538306,0.0341043291674085,0.389413848654734
"gene-LOC134691366|LOC134691366",9.43124448167699,0.00414296549635932,0.115189741011159,0.916203459812143,0.984555246899008
"gene-LOC134691367|LOC134691367",11.5613531586429,0.0347637269907178,0.119742349284527,0.422646738118577,0.835542057474881
"gene-LOC134691374|LOC134691374",19.5029183449801,0.011960287737595,0.105377756686785,0.826548516275482,0.964172729064096
"gene-LOC134691376|LOC134691376",45.6632948708492,-0.10914481632285,0.165263609831156,0.0817358785918171,0.539169244759437
"gene-LOC134691382|LOC134691382",11.1844929768037,0.0339792128608046,0.118857583797048,0.442661850850874,0.840112390901524
"gene-LOC134691384|LOC134691384",8.25913278943876,-0.0219986304917363,0.124671473830259,0.0810547238665158,0.539169244759437
"gene-LOC134691386|LOC134691386",41.1741974425933,0.127166269841903,0.155454041646152,0.0870203699829255,0.556013014990743
"gene-LOC134691387|LOC134691387",104.686752504202,-0.0143261310123212,0.0918616191651335,0.811275886796193,0.960505277793567
"gene-LOC134691388|LOC134691388",12.6268064706577,0.0255215137554368,0.112932512699169,0.60413655611996,0.904589020585693
"gene-LOC134691390|LOC134691390",33.1984007124608,-0.000603473783809171,0.10475837686988,0.990228501322125,0.997848481775248
"gene-LOC134691391|LOC134691391",9.2561765147516,0.00492723478578874,0.118860798104964,0.863282827519415,0.973956778441233
"gene-LOC134691396|LOC134691396",20.8905509631136,0.0841588014193861,0.136575167221812,0.166118157906585,0.64634592229987
"gene-LOC134691421|LOC134691421",9.26084904873701,-0.00991280374071933,0.113683919179536,0.81677486620893,0.961372832010617
"gene-LOC134691427|LOC134691427",28.3053811091378,0.0124188195244936,0.115301353344419,0.759466608264743,0.950201142489307
"gene-LOC134691435|LOC134691435",112.076798862392,-0.233183714051839,0.186156266067319,0.0202371034448071,0.309062025775332
"gene-LOC134691436|LOC134691436",2002.59849854721,0.0741575386693808,0.0958202490571294,0.26449870023892,0.745514025626372
"gene-LOC134691437|LOC134691437",7.65066825513301,0.0111809879404724,0.119743829060882,0.683443842796591,0.92588837530819
"gene-LOC134691438|LOC134691438",11.9652114940058,-0.0582011687516949,0.133951716651639,0.160060958870402,0.642732719024365
"gene-LOC134691443|LOC134691443",16.8351286258207,-0.043962158365658,0.126091953595307,0.263937416425554,0.744490657949496
"gene-LOC134691447|LOC134691447",49.4212728205287,0.205141705974666,0.207502790307271,0.030414558695342,0.368203719456018
"gene-LOC134691449|LOC134691449",8.87491298280793,-0.0134765553182732,0.116295593724733,0.728594702399973,0.941275691470766
"gene-LOC134691457|LOC134691457",15.2417347127327,-0.000777011506552832,0.118531504320844,0.976975055624881,0.995479908586306
"gene-LOC134691465|LOC134691465",30.6677377436373,0.0898055047254822,0.127945310998496,0.177787135046061,0.654917783748131
"gene-LOC134691466|LOC134691466",217.838351874478,-0.0315473150187369,0.0776692319216116,0.621797604079614,0.908967842465787
"gene-LOC134691489|LOC134691489",9.91600115626372,-0.0471842948515166,0.129843151287913,0.180430589027621,0.658380594100839
"gene-LOC134691508|LOC134691508",15.5767299619999,-0.0578490789732266,0.127119478747169,0.248829185619969,0.728288152552403
"gene-LOC134691514|LOC134691514",8.11496655083855,0.0112863441917716,0.116709946162564,0.759219772646405,0.950201142489307
"gene-LOC134691515|LOC134691515",15.7009088171427,-0.185656822718032,0.286923303185598,0.0260837579603005,0.340374020463548
"gene-LOC134691516|LOC134691516",11.854166536808,0.0030086910206923,0.118655762857843,0.918550328289977,0.984677261486326
"gene-LOC134691519|LOC134691519",32.6610114482942,0.0434056530610153,0.117471287888174,0.401255314109961,0.827255071865873
"gene-LOC134691520|LOC134691520",29.8980182363473,-0.00252942932329223,0.114885214794068,0.947472108678433,0.990448749036931
"gene-LOC134691523|LOC134691523",20.6508350598955,0.0733845569846723,0.149472933497758,0.0514079753471961,0.464408115048433
"gene-LOC134691524|LOC134691524",41.0751487874904,-0.0323020749769249,0.0924569556956898,0.602323241773132,0.904563946751925
"gene-LOC134691555|LOC134691555",27.8290426889336,-0.0386926083168619,0.101625702094894,0.524402611078928,0.874082162112196
"gene-LOC134691568|LOC134691568",50.9530014727151,0.0624206669804901,0.131346690333293,0.206470930875627,0.688757595246135
"gene-LOC134691571|LOC134691571",134.502882411642,0.175856107918028,0.113549751919295,0.0272811194528154,0.347674529476651
"gene-LOC134691630|LOC134691630",8.73852109801984,-0.0117893785521331,0.112908018712623,0.790770190679925,0.956995220143462
"gene-LOC134691643|LOC134691643",52.8473474644349,0.00554762248125859,0.0949245807020515,0.926476479129587,0.985425699787172
"gene-LOC134691651|LOC134691651",1211.31819291737,0.0181578893898654,0.122649411075684,0.363199060280792,0.812684588929183
"gene-LOC134691722|LOC134691722",51.6597475133983,0.0614791604416683,0.102418274004833,0.339675460121696,0.80340288344589
"gene-LOC134691772|LOC134691772",613.037879308901,0.208754379111661,0.147211494458362,0.0221416036681503,0.319774233381565
"gene-LOC134691798|LOC134691798",19.0723243136186,-0.034729664144411,0.111763910992295,0.515885622106184,0.871694888253186
"gene-LOC134691824|LOC134691824",91.3330165516867,0.177114305798294,0.179606951114014,0.0431551570667625,0.433229184012043
"gene-LOC134691870|LOC134691870",12.3330185609216,-0.0231640112116696,0.122229432814009,0.396079785559032,0.826798590532922
"gene-LOC134691990|LOC134691990",5.48939612449909,-0.0105709207161338,0.121773248618336,0.53116405970066,NA
"gene-LOC134691995|LOC134691995",32.3988735922503,0.139722341075495,0.147710605992605,0.0748423729336906,0.52529946663581
"gene-LOC134691997|LOC134691997",40.8094680230472,-0.159099321523823,0.124747626931988,0.0478880775948776,0.454917411390098
"gene-LOC134692000|LOC134692000",11.2995061457362,0.949915490694575,0.336103480861321,0.000193805992331851,0.0273851523881742
"gene-LOC134692001|LOC134692001",13.7288967680842,-0.0299592335881238,0.125363518102756,0.203394167160907,0.6839779604257
"gene-LOC134692004|LOC134692004",40.8778208107369,0.0960185929009738,0.124416430617912,0.165583886883692,0.64634592229987
"gene-LOC134692007|LOC134692007",463.899221384847,0.0338138124296,0.0807687825195127,0.582193517242384,0.897457750487573
"gene-LOC134692009|LOC134692009",18.7551276284968,0.008185731773913,0.118534061113401,0.789845706899489,0.956642532286047
"gene-LOC134692010|LOC134692010",535.564639547884,-0.022490378932861,0.120101779897686,0.50070392644252,0.864973633836395
"gene-LOC134692011|LOC134692011",46.3310908811136,-0.0218758856402106,0.122676432956067,0.362236594964556,0.812684588929183
"gene-LOC134692018|LOC134692018",8.77354394504423,0.0302578925807999,0.117566138054817,0.494315380272027,0.862572296780185
"gene-LOC134692028|LOC134692028",17.6259593718974,0.0291530353335889,0.106510781033168,0.605158535779907,0.904589020585693
"gene-LOC134692032|LOC134692032",11.602020671746,-0.0390206852070595,0.128882304557833,0.120540986497957,0.608970421657898
"gene-LOC134692039|LOC134692039",8.10312509876399,0.0257497407999716,0.125347996566946,0.108979023111057,0.591192170056114
"gene-LOC134692043|LOC134692043",6.87176360704029,-0.00434118727506813,0.12050791589544,0.835855176483775,0.965558865799071
"gene-LOC134692044|LOC134692044",14.7560088869151,0.00303476985121921,0.119113048525477,0.912905565826436,0.983139169179491
"gene-LOC134692049|LOC134692049",8.61697703232775,-0.0093268049582025,0.117197477656316,0.787928439025539,0.956384665187901
"gene-LOC134692058|LOC134692058",29.1354002798992,-0.122113629084838,0.18340657443142,0.0596733230449328,0.484939465922184
"gene-LOC134692059|LOC134692059",51.0541744205053,0.197619167929287,0.198162980062195,0.0335950323865564,0.387750310526713
"gene-LOC134692060|LOC134692060",30.0017463185764,-0.046555446635629,0.112403846246967,0.415756611041791,0.832256803460703
"gene-LOC134692061|LOC134692061",11.7250356142717,0.0204914827086017,0.116723503429729,0.613836856054419,0.906710890530877
"gene-LOC134692063|LOC134692063",9.31518241357997,0.0148905783633019,0.120880851233372,0.556534074094936,0.888239065496483
"gene-LOC134692068|LOC134692068",16.9610376421163,-0.0503443124487176,0.130893521009944,0.17401333468783,0.65341586442247
"gene-LOC134692069|LOC134692069",8.08567614940268,-0.00512668914018849,0.121090762090778,0.773785564739581,0.954518216823377
"gene-LOC134692076|LOC134692076",8.07321807994663,-0.0152251648175404,0.122173827330226,0.42266066466738,0.835542057474881
"gene-LOC134692092|LOC134692092",203.202307323709,0.243263282416089,0.106708124649123,0.00336815763391776,0.147509546902983
"gene-LOC134692094|LOC134692094",15.6907949990133,0.0097289346675429,0.121464920242783,0.596251861220485,0.903304056912138
"gene-LOC134692096|LOC134692096",7.6125190391039,0.0434500007066913,0.128951732389936,0.177761543970335,0.654917783748131
"gene-LOC134692098|LOC134692098",9.87784293722212,-0.0193994179221282,0.121697656011184,0.445638613169998,0.841633495783625
"gene-LOC134692101|LOC134692101",493.542952369579,0.195874370547312,0.12186282717125,0.0196934319236534,0.305350127694079
"gene-LOC134692103|LOC134692103",267.901099610191,0.0240708131851938,0.0935066514611104,0.695363954318583,0.929296223627318
"gene-LOC134692104|LOC134692104",9.15922492045585,0.0276257332238891,0.117731406447501,0.513954038832805,0.871527350897159
"gene-LOC134692106|LOC134692106",23.4567853070139,-0.00304865231149441,0.12084552405815,0.86785712232668,0.975747205157066
"gene-LOC134692116|LOC134692116",8.91616799039876,0.00339024739941919,0.118782986502197,0.906616822723012,0.982441525882308
"gene-LOC134692117|LOC134692117",86.1214463290144,0.159303468380531,0.203466547326752,0.0471587867194502,0.452205062409683
"gene-LOC134692118|LOC134692118",41.8892157621012,0.000392079715024732,0.0941792849401477,0.995471935375365,0.998538618272986
"gene-LOC134692121|LOC134692121",10.8597229476117,-0.0151483609253923,0.120591357566724,0.567639257939822,0.89133209092497
"gene-LOC134692127|LOC134692127",152.287447587203,-0.0605721743007587,0.111020215758371,0.337620359082352,0.802058261976077
"gene-LOC134692129|LOC134692129",13.7073375653001,-0.054328260055113,0.129288586978364,0.222171308206085,0.707397113111164
"gene-LOC134692132|LOC134692132",7.94074264279603,-0.00123532119074716,0.121639125387222,0.919171079762924,0.984677261486326
"gene-LOC134692133|LOC134692133",38.9805457596869,-0.0098624213058172,0.121377575721813,0.598397907106831,0.903304056912138
"gene-LOC134692134|LOC134692134",18.1531582081603,-0.0306571276389857,0.125023379059029,0.238303756235841,0.719788679607472
"gene-LOC134692138|LOC134692138",30.878346897142,0.0723382534750595,0.146020705489253,0.0808867233588425,0.539169244759437
"gene-LOC134692139|LOC134692139",12.8215406780204,-0.02097683544209,0.115422702927091,0.626311995139451,0.910590279867861
"gene-LOC134692140|LOC134692140",8.19903389824698,-0.00761695532746159,0.121962405222702,0.552124343402382,0.88578817646539
"gene-LOC134692142|LOC134692142",34.1917265278264,0.0900003587719936,0.127214593417826,0.177966390571825,0.654933807858672
"gene-LOC134692154|LOC134692154",250.2358794701,0.018559197839219,0.0881432638182118,0.763164755528469,0.951829925815486
"gene-LOC134692155|LOC134692155",35.963234486674,0.0961692856254558,0.1491010184648,0.117563441904729,0.605721364296026
"gene-LOC134692157|LOC134692157",17.7792624771451,-0.0734841208804982,0.127405918016894,0.217449102701391,0.704358274277991
"gene-LOC134692162|LOC134692162",16.2093744245947,-0.0531489944496207,0.119194238637177,0.334924965446195,0.801358807101137
"gene-LOC134692168|LOC134692168",1152.21237589421,0.0415258696979645,0.0819719824669954,0.496448261125944,0.863604931815246
"gene-LOC134692172|LOC134692172",10.1887824823543,0.0271583707879237,0.119545563278939,0.478777977684706,0.856016572413102
"gene-LOC134692176|LOC134692176",9.2829449232159,0.000957772015091272,0.121047185581069,0.958347604059558,0.990589731896691
"gene-LOC134692194|LOC134692194",18.6784472653532,-0.476369547567745,0.425715138246553,0.00674500193567503,0.19004120183095
"gene-LOC134692215|LOC134692215",24.420953029129,0.0929055195249045,0.135001153941718,0.156676914134312,0.641040525737625
"gene-LOC134692221|LOC134692221",43.9875055317102,-0.0121965565863151,0.122002218781538,0.468939765735348,0.850162332593012
"gene-LOC134692246|LOC134692246",8.02583806296213,-0.0109061926191386,0.122534218214351,0.323724942526838,0.795051568786952
"gene-LOC134692256|LOC134692256",23.0196468200824,-0.02344502947233,0.11778500367072,0.555791853319561,0.888053565479341
"gene-LOC134692265|LOC134692265",6.17437389482491,0.00536968242920408,0.121945053940937,0.636161546885831,NA
"gene-LOC134692333|LOC134692333",8.46585528090732,0.0243316971113373,0.115048855458795,0.592132719598349,0.902148006853668
"gene-LOC134692341|LOC134692341",65.8478874343717,0.0397621803812227,0.119409198800751,0.401863259640546,0.827255071865873
"gene-LOC134692352|LOC134692352",12.0884213487881,0.00723731028493746,0.110125191695372,0.881831537409742,0.977383609163761
"gene-LOC134692397|LOC134692397",13.1706334088076,-0.00250081675653839,0.111392680769806,0.955925732107647,0.990589731896691
"gene-LOC134692413|LOC134692413",33.1293398462934,0.0362522738277194,0.10849007087031,0.523923203504156,0.873543775228765
"gene-LOC134692445|LOC134692445",21.5637745659815,0.189459788945463,0.283830320818935,0.0272144131286128,0.347674529476651
"gene-LOC134692455|LOC134692455",175.715995751314,0.461392766992327,0.186549272659397,0.00074970847117193,0.0616985356110613
"gene-LOC134692465|LOC134692465",11.6803668398102,-0.0220885766100825,0.114912163987531,0.620056384521418,0.908483483457236
"gene-LOC134692487|LOC134692487",30.7195708921766,-0.00664442215950888,0.121450902926477,0.68002565533709,0.924602783736287
"gene-LOC134692488|LOC134692488",55.450679883771,-0.00286920778959576,0.119850810187418,0.902093492345617,0.980885187660766
"gene-LOC134692491|LOC134692491",11.4361660349907,-0.0163495384565513,0.122697902647193,0.339913913398788,0.80340288344589
"gene-LOC134692496|LOC134692496",8.22468911957582,0.0100890929112854,0.121375290843545,0.597892138690566,0.903304056912138
"gene-LOC134692498|LOC134692498",8.59544932016094,-0.00389776860041346,0.115710390699443,0.916455418097608,0.984555246899008
"gene-LOC134692517|LOC134692517",189.003594978877,-0.0388965952465841,0.077699044131118,0.520510328845739,0.87205858002813
"gene-LOC134692521|LOC134692521",17.1250361360728,0.0501212373582557,0.118481128881113,0.354702956305446,0.811592466382447
"gene-LOC134692532|LOC134692532",24.0796750447682,0.0242711034074524,0.107700386862982,0.656076122354242,0.918972538520344
"gene-LOC134692543|LOC134692543",21.5158986698233,0.0507986363963961,0.115633005067188,0.370909374119025,0.819392419698342
"gene-LOC134692592|LOC134692592",10.9963522773135,0.0163594863528678,0.120340847988683,0.565541364918572,0.890900143431886
"gene-LOC134692595|LOC134692595",103.535406696567,0.0687842951814633,0.102696535695646,0.294835951821176,0.773306857967351
"gene-LOC134692647|LOC134692647",5.11169850744311,-0.0226830385231153,0.124699533606621,0.104690970007691,NA
"gene-LOC134692648|LOC134692648",79.9302676528182,0.0217335483496507,0.10654367914785,0.692056722108822,0.928659710889146
"gene-LOC134692649|LOC134692649",85.5269835724071,-0.0334902291770037,0.112792047470599,0.525554095340797,0.874645696679109
"gene-LOC134692655|LOC134692655",60.1336636871788,-0.0282408736507911,0.109486070343075,0.597263889971087,0.903304056912138
"gene-LOC134692657|LOC134692657",96.9032624576324,-0.0312401338016856,0.108481650005373,0.571636720512241,0.892514888984445
"gene-LOC134692659|LOC134692659",6.74461615983812,0.0174597618276299,0.120705383475754,0.532519397768356,0.876836729956355
"gene-LOC134692667|LOC134692667",19.5527844420192,-0.0366495173887987,0.123426856474173,0.330000129471422,0.797429744915828
"gene-LOC134692668|LOC134692668",9.32452960766766,-0.0239740861098606,0.116466522840422,0.575236869639773,0.893267461857306
"gene-LOC134692679|LOC134692679",11.5143668527543,-0.0139720596286291,0.109988104270621,0.777560075087654,0.954960361719923
"gene-LOC134692682|LOC134692682",59.2649552519218,-0.112365007012413,0.117040504778219,0.122490926965222,0.609430220731347
"gene-LOC134692684|LOC134692684",75.7343541308241,-0.039561605979825,0.105338838996891,0.505564360723496,0.867393241113003
"gene-LOC134692688|LOC134692688",17.3243723506267,0.081644253465011,0.133625656942735,0.180725264723772,0.658380594100839
"gene-LOC134692689|LOC134692689",39.834424640133,-0.00177144826079665,0.119963151060071,0.936785417423537,0.986824046819264
"gene-LOC134692691|LOC134692691",23.4296621423251,-0.0670232181757057,0.127307898327371,0.234248040079967,0.716057146239723
"gene-LOC134692692|LOC134692692",58.8388381306811,0.0661993184078802,0.140529634531837,0.99208540710076,0.997848481775248
"gene-LOC134692696|LOC134692696",22.3889981228815,-0.0150950093083536,0.112068671592597,0.747240103452544,0.947986108770842
"gene-LOC134692698|LOC134692698",9.89513175885684,0.0415264402866495,0.128112118494099,0.189803652523924,0.666686889874754
"gene-LOC134692700|LOC134692700",18.8910370553682,-0.0412089659575366,0.130611129720228,0.0703120164258493,0.515329159545523
"gene-LOC134692703|LOC134692703",31.1131683807965,-0.124098328360449,0.133885119465829,0.0998292963533277,0.579631212729381
"gene-LOC134692706|LOC134692706",36.6703739668485,-0.0213335345807294,0.114334101072722,0.636631907491193,0.913687630777405
"gene-LOC134692707|LOC134692707",10.4359905439423,0.024545792197028,0.122298114161986,0.389942503495557,0.82303705168547
"gene-LOC134692708|LOC134692708",8.77764258114956,-0.46081163924001,0.504786558246917,0.00777412752333539,0.204791893253776
"gene-LOC134692709|LOC134692709",6.54638969373999,0.0175536399143196,0.122510823117205,0.377070895409847,NA
"gene-LOC134692710|LOC134692710",19.080921881124,0.0439212207216484,0.118879301176418,0.383922454729696,0.821366700441867
"gene-LOC134692717|LOC134692717",35.5546656319111,0.165693194480346,0.15212689978588,0.0499888639404749,0.4604203108667
"gene-LOC134692718|LOC134692718",11.5399016655305,-0.101110191931744,0.151035491138333,0.111349123140686,0.596307637172188
"gene-LOC134692720|LOC134692720",186.836163838946,0.0366689485324451,0.114638691504482,0.476528516240539,0.855045875020549
"gene-LOC134692722|LOC134692722",7.79126774059646,-0.0830493616611351,0.152805754375866,0.0784912772799147,0.532929442927726
"gene-LOC134692724|LOC134692724",6.29526636487985,0.00475393979037263,0.121630326753136,0.736687245019792,NA
"gene-LOC134692726|LOC134692726",47.6322421100629,0.0352416349585114,0.119012216794946,0.43248721766813,0.8360891578941
"gene-LOC134692734|LOC134692734",21.9241200940377,-0.132963959348385,0.187133128847327,0.0588584447880003,0.483310521148065
"gene-LOC134692735|LOC134692735",25.6119392365327,-0.0491350017877455,0.129455021747448,0.20252115426749,0.683497487295735
"gene-LOC134692743|LOC134692743",31.8184322495129,-0.0481348361756704,0.0994071347169278,0.448331292386963,0.843025033578531
"gene-LOC134692755|LOC134692755",25.815586051347,0.00772154307952126,0.115895236957598,0.841112249439916,0.965558865799071
"gene-LOC134692757|LOC134692757",60.4795116601977,-0.00816030526337441,0.0994015943895421,0.887480673127399,0.977383609163761
"gene-LOC134692759|LOC134692759",22.7893432194674,0.088828886681058,0.132568594568943,0.174180394259523,0.653423209384069
"gene-LOC134692763|LOC134692763",7.72136900779067,0.0366937518875881,0.122153325450609,0.365038782714342,0.812684588929183
"gene-LOC134692780|LOC134692780",11.377487761844,-0.0580394026876737,0.128527493439968,0.235068319697365,0.716928903902156
"gene-LOC134692781|LOC134692781",18.3358374039986,-0.0211677206673902,0.117185685890472,0.594221914040068,0.903181749062791
"gene-LOC134692782|LOC134692782",12.4938945354497,-0.0324035459074287,0.123796414937008,0.315103390006745,0.7885590901843
"gene-LOC134692784|LOC134692784",6.72589706375048,-0.0266749186561967,0.122820796348804,0.357509618377999,0.811592466382447
"gene-LOC134692786|LOC134692786",121.187889646622,0.0123606465512787,0.110815387459748,0.798685849522543,0.958777657383338
"gene-LOC134692790|LOC134692790",11.9822448553474,0.0496506840040882,0.126106889122684,0.267160460900432,0.747070237493227
"gene-LOC134692796|LOC134692796",34.3211317242589,0.01861283263232,0.115529334207476,0.659864454136037,0.920679110791961
"gene-LOC134692798|LOC134692798",14.4688770452168,-0.0677387619907905,0.132035622914014,0.200189197393677,0.680353613556914
"gene-LOC134692801|LOC134692801",24.2866151437247,-0.0402460214848191,0.128879666444157,0.141445977349237,0.627557821356636
"gene-LOC134692802|LOC134692802",84.1990631869125,-0.00582443314435063,0.0928656876762293,0.922583741247941,0.984781875456932
"gene-LOC134692804|LOC134692804",7.94224813125984,0.00699851387295984,0.120511870866913,0.753664531022769,0.949383119158366
"gene-LOC134692807|LOC134692807",65.7514996744615,0.00312481047428076,0.089504202821645,0.960167026817744,0.990589731896691
"gene-LOC134692819|LOC134692819",32.0599396054197,-0.0362705489172941,0.128762035427761,0.0708825641739889,0.517253366050821
"gene-LOC134692823|LOC134692823",268.158742331628,0.150093845949286,0.114989414141608,0.0527207836323813,0.468094493530415
"gene-LOC134692825|LOC134692825",45.7966416494533,-0.0155351025787632,0.108178329094981,0.763886884304345,0.951829925815486
"gene-LOC134692826|LOC134692826",11.4870070103446,0.023591946507992,0.115019484835621,0.601004984885077,0.904066623728823
"gene-LOC134692827|LOC134692827",43.2249846039261,-0.130729743221157,0.143412856225838,0.0871596984491894,0.556013014990743
"gene-LOC134692828|LOC134692828",50.7016074596676,-0.00322365035889063,0.121939219572031,0.743377032879444,0.947438835812484
"gene-LOC134692829|LOC134692829",7.94174159094309,-0.022929945904692,0.12194864036548,0.414177258065765,0.831856384439449
"gene-LOC134692832|LOC134692832",18.5321188243077,-0.0502909736075971,0.121848749071686,0.321826258347776,0.793691820655619
"gene-LOC134692840|LOC134692840",18.3275095474143,0.031020456697474,0.11523815724412,0.519698398244167,0.87205858002813
"gene-LOC134692847|LOC134692847",9.97385788733403,0.0146166940979805,0.120334135479477,0.591053062293504,0.902148006853668
"gene-LOC134692851|LOC134692851",235.083109198917,0.0291766916410476,0.112391589851753,0.566418596365462,0.89111319124916
"gene-LOC134692857|LOC134692857",23.1046479243322,-0.0315605062919692,0.103306843427966,0.589181217774607,0.902148006853668
"gene-LOC134692859|LOC134692859",23.9238616116772,-0.0341279185392486,0.122256074559908,0.367186287203074,0.813688679582993
"gene-LOC134692860|LOC134692860",395.301041263385,-0.0774966899732008,0.0888616911721189,0.233571109461608,0.716057146239723
"gene-LOC134692861|LOC134692861",42.8566374784475,0.00105768107759234,0.108638729509981,0.984108255986638,0.99595232498375
"gene-LOC134692862|LOC134692862",433.519488962664,0.0563532454428419,0.114729845170181,0.342727507736149,0.804351709632097
"gene-LOC134692870|LOC134692870",43.698555308683,-0.000500266140900962,0.105219216598933,0.991797317149629,0.997848481775248
"gene-LOC134692872|LOC134692872",13.5383531001101,-0.00796867200509199,0.121456946702698,0.638487669121159,0.914809132082223
"gene-LOC134692876|LOC134692876",44.9419447309298,0.520194768836364,0.217479169564022,0.000811347438639822,0.0646402230635492
"gene-LOC134692877|LOC134692877",15.2281124038399,-0.00527375858200436,0.121829279149274,0.666540872454071,0.921742651670224
"gene-LOC134692880|LOC134692880",43.0397178434901,-0.0442522333213186,0.112483359097345,0.432108122320496,0.8360891578941
"gene-LOC134692887|LOC134692887",21.9199989789853,-0.025977833360769,0.115176398626526,0.570443307612507,0.892514888984445
"gene-LOC134692888|LOC134692888",7.94496750722762,0.00918688402894677,0.118049526156771,0.778165855707413,0.955201457694282
"gene-LOC134692889|LOC134692889",12.5369454205497,0.00758001152903423,0.116351372087404,0.837427687526739,0.965558865799071
"gene-LOC134692891|LOC134692891",23.1300731549619,-0.000763948675311016,0.106291561995913,0.987633688276255,0.997221072064294
"gene-LOC134692893|LOC134692893",9.74764465121705,0.0187959808084978,0.123344045585121,0.255192893060249,0.733642831527143
"gene-LOC134692894|LOC134692894",18.8441641408721,-0.0870211979277599,0.163453320666977,0.031381779923465,0.373912874546895
"gene-LOC134692900|LOC134692900",50.3335794803567,0.0469557573030216,0.109850034402459,0.427800790030765,0.835542057474881
"gene-LOC134692901|LOC134692901",9.69755319514555,-0.0335324051197586,0.125335454501843,0.245385450869656,0.726183686552899
"gene-LOC134692905|LOC134692905",45.9101680060817,0.087981078379379,0.151506865758171,0.0993810550139227,0.579342280275393
"gene-LOC134692906|LOC134692906",19.5614061182944,0.0327988696054373,0.118360720248199,0.454896289195555,0.845232489565602
"gene-LOC134692914|LOC134692914",14.3536471819388,-0.0304233427829008,0.120114459549154,0.440764031894055,0.839065031737309
"gene-LOC134692917|LOC134692917",18928.9818983037,-0.0395572070798946,0.116064931661777,0.437625302357029,0.837229360357006
"gene-LOC134692933|LOC134692933",162.647520170356,0.0182178086397007,0.101930910968676,0.752600004330331,0.949383119158366
"gene-LOC134692946|LOC134692946",7.91464167236525,-0.0204434927063966,0.118413389673061,0.578200709209914,0.895787070928018
"gene-LOC134692947|LOC134692947",6.96560482815861,-0.0194175775694015,0.123172122938041,0.291924987690824,0.771434693502643
"gene-LOC134692954|LOC134692954",11.9477334931118,-0.0234741303244156,0.122785486706651,0.356058165296368,0.811592466382447
"gene-LOC134692957|LOC134692957",38.4148134451357,0.222811202916991,0.199333724770232,0.024580150468635,0.335474615862661
"gene-LOC134692960|LOC134692960",10.2790574552627,-0.005435481842709,0.120559020760451,0.796902976946311,0.958626227484349
"gene-LOC134692964|LOC134692964",49.5945797805578,-0.174240619244197,0.167536438844198,0.0442630866193768,0.43651193441771
"gene-LOC134692975|LOC134692975",10.8428214028537,-0.00305623123600471,0.114009736997487,0.940108695481718,0.98747647908162
"gene-LOC134692986|LOC134692986",12.7201923406706,0.00265298515439662,0.120671797542151,0.897014903911573,0.979928513327605
"gene-LOC134692998|LOC134692998",10.5582776434169,-0.0149570552571842,0.116429932564699,0.698785036085305,0.930489934899417
"gene-LOC134693000|LOC134693000",23.8113968031434,0.00494241842322784,0.114472611244169,0.904459546121695,0.981350302932243
"gene-LOC134693005|LOC134693005",9.92260502114451,-0.0121972845519561,0.121056616160947,0.58359623742467,0.897986100224576
"gene-LOC134693008|LOC134693008",18.0806313822156,0.000472645398234039,0.118451965308389,0.989214247382225,0.997772367968009
"gene-LOC134693010|LOC134693010",9.13542738021508,-0.0293792853600369,0.12438714151355,0.267927107572293,0.747070237493227
"gene-LOC134693011|LOC134693011",25.9553390744033,0.0168436128850565,0.106638182302705,0.754999719819102,0.94948663337116
"gene-LOC134693014|LOC134693014",375.073417187123,0.00906720012667032,0.0912246186100672,0.88373343084366,0.977383609163761
"gene-LOC134693024|LOC134693024",12.5023070676193,-0.452634370152851,0.456922535855889,0.00782086813601012,0.204791893253776
"gene-LOC134693031|LOC134693031",56.2594095772845,0.0519050054308373,0.134290332954872,0.101574257083597,0.579631212729381
"gene-LOC134693036|LOC134693036",26.1414129954413,0.114130875186735,0.144854422491922,0.110421979750813,0.593221094945367
"gene-LOC134693038|LOC134693038",16.3038584649742,-0.0563959736168039,0.121145040822355,0.306544683397557,0.782683152847407
"gene-LOC134693062|LOC134693062",20.1349044570657,-0.0227789553802885,0.108082845964645,0.669974550315419,0.922711307465918
"gene-LOC134693064|LOC134693064",76.5649716168252,0.082291935497055,0.137940386444229,0.161074265900316,0.643034890935151
"gene-LOC134693067|LOC134693067",40.5815125962496,0.127917789406859,0.131453011081224,0.0939454968989639,0.569926800550699
"gene-LOC134693083|LOC134693083",13.5636114206474,0.0558390503633677,0.122758390920549,0.296371422833381,0.773623417775947
"gene-LOC134693098|LOC134693098",64.8782005427148,-0.0105389905854714,0.0908487300434242,0.862043475963638,0.973956778441233
"gene-LOC134693103|LOC134693103",25.4020190430363,0.0322773396621902,0.106391005532104,0.57348108033278,0.892996491374277
"gene-LOC134693113|LOC134693113",6.72235779137321,0.0436420831441715,0.131873017906658,0.0579831101076943,0.483310521148065
"gene-LOC134693114|LOC134693114",9.59963060843849,0.0123138475540468,0.116099157402363,0.749255649192471,0.948815960168088
"gene-LOC134693121|LOC134693121",98.7818670543203,0.134654094409302,0.204824345895111,0.04432280705804,0.43651193441771
"gene-LOC134693128|LOC134693128",11.4667470416045,0.109270643189767,0.193197237495422,0.0192215563537794,0.302308398753364
"gene-LOC134693134|LOC134693134",58.8675214896784,-0.0735915083918452,0.140638604199989,0.137549540778736,0.624139845752057
"gene-LOC134693144|LOC134693144",34.3072078920709,-0.0458420686293605,0.127571149967516,0.233316375301741,0.716057146239723
"gene-LOC134693149|LOC134693149",56.384250286459,-0.11054237061559,0.141308786118685,0.118392961095355,0.60666323189779
"gene-LOC134693182|LOC134693182",9.95375911359083,0.018338206054985,0.11040093163737,0.71303961630431,0.934586259228345
"gene-LOC134693190|LOC134693190",36.7167667469176,-0.042441798339298,0.111405418713535,0.453609391114396,0.844887595033348
"gene-LOC134693193|LOC134693193",7.00377423349907,-0.0051569748230989,0.12077641636951,0.79391033560631,0.957390487022614
"gene-LOC134693194|LOC134693194",11.2504595112005,0.00677665040111341,0.112770372093693,0.878852577568786,0.977383609163761
"gene-LOC134693196|LOC134693196",69.0612267829609,-0.0652163169755874,0.105969523118217,0.312925610624547,0.78693314819391
"gene-LOC134693200|LOC134693200",6.48410938436163,0.0138403950023086,0.122115885834488,0.439875767916471,NA
"gene-LOC134693203|LOC134693203",19.5463700528247,0.0185907552175649,0.123130320485911,0.291020943230368,0.771139824127934
"gene-LOC134693204|LOC134693204",18.570343821593,0.0063865261749915,0.11368629454491,0.88200290424589,0.977383609163761
"gene-LOC134693212|LOC134693212",31.4107705716275,0.0210521936692848,0.108571800276317,0.690309477291814,0.928427042863215
"gene-LOC134693213|LOC134693213",13.0180771573145,-0.0356570820072337,0.121648655638851,0.376935143957897,0.820038855990219
"gene-LOC134693217|LOC134693217",27.4269686973463,-0.000458027034533938,0.121690527354729,0.964660789513781,0.992218740924146
"gene-LOC134693219|LOC134693219",27.4461874247946,0.393850375711764,0.234751579484516,0.00465351428538804,0.169661798928779
"gene-LOC134693234|LOC134693234",93.8007094607913,0.309292824904557,0.185747056967803,0.00704847596983156,0.194898164609577
"gene-LOC134693245|LOC134693245",39.2558641217467,0.036146001377595,0.106709153969835,0.533313963834671,0.876836729956355
"gene-LOC134693253|LOC134693253",10.2008529389211,-0.00202358090567868,0.121091311158876,0.903229033029585,0.980985831394684
"gene-LOC134693259|LOC134693259",24.7644897137652,0.0106855853254578,0.120879581734033,0.632355230348653,0.912460614354241
"gene-LOC134693263|LOC134693263",86.1668444767443,-0.0599675549621659,0.135912247652714,0.13653074766773,0.624139845752057
"gene-LOC134693266|LOC134693266",29.875359202851,-0.00119509381076181,0.122046495316961,0.871219576429577,0.97680445611829
"gene-LOC134693268|LOC134693268",50.6653373538986,0.0231217333748045,0.113117295532348,0.627431771801188,0.910895822190252
"gene-LOC134693271|LOC134693271",46.5518533112983,0.0587122722504135,0.113738021836749,0.335508880146317,0.802058261976077
"gene-LOC134693283|LOC134693283",7.94585211460916,0.000324123505410614,0.118016877158364,0.992758766322212,0.998195510076346
"gene-LOC134693288|LOC134693288",11.1373596038563,-0.0243916192371825,0.114274695177838,0.598766189802189,0.90333601841833
"gene-LOC134693290|LOC134693290",9.33968907380395,-0.00859586149318364,0.115223161092683,0.822081676933894,0.963101583195596
"gene-LOC134693296|LOC134693296",498.510319887127,-0.0759264041557657,0.111517538732943,0.252646484068187,0.730712643811058
"gene-LOC134693304|LOC134693304",47.385606112763,0.12176820912787,0.11224000847666,0.0978831922927469,0.578548838521946
"gene-LOC134693315|LOC134693315",13.5452411900769,0.006559019031211,0.12131527302188,0.705466441359317,0.932988057867254
"gene-LOC134693325|LOC134693325",118.209776059801,-0.00378737396707994,0.0935745821498693,0.956845327345545,0.990589731896691
"gene-LOC134693340|LOC134693340",39.681887562258,0.106529497480284,0.15215482136152,0.109056358153438,0.591192170056114
"gene-LOC134693341|LOC134693341",49.5805355124831,0.00393498413721077,0.0943137692983426,0.951602627459549,0.990589731896691
"gene-LOC134693343|LOC134693343",37.6508243342112,-0.103614221987423,0.180583077095999,0.0322207347398026,0.37645792788107
"gene-LOC134693348|LOC134693348",11.3895814107123,-0.0118258253388135,0.114456649207326,0.776246545285534,0.954802623385741
"gene-LOC134693356|LOC134693356",14.1696003994169,-0.0560631470390277,0.135583555484209,0.112946402267518,0.596453310659169
"gene-LOC134693357|LOC134693357",296.650448165356,-0.0705888920349874,0.145826356598747,0.0697721661714239,0.515108081148819
"gene-LOC134693358|LOC134693358",22.0152075631806,0.0376690504711557,0.118310453396086,0.428379305641476,0.835542057474881
"gene-LOC134693379|LOC134693379",12.038536900319,0.00720914643573751,0.12107175834738,0.707945384563682,0.933801459760888
"gene-LOC134693380|LOC134693380",7.77787877643086,0.0373527084451532,0.122011581807277,0.365030619325699,0.812684588929183
"gene-LOC134693389|LOC134693389",11.3336430764162,0.122320708291442,0.190989298494624,0.0479918930538714,0.454917411390098
"gene-LOC134693391|LOC134693391",26.8561117069297,-0.086781376673523,0.150159454503752,0.105494165966753,0.586676933077063
"gene-LOC134693393|LOC134693393",9.95315423023156,0.00717460787648431,0.117502980074533,0.831602857273533,0.965381343401655
"gene-LOC134693398|LOC134693398",21.0947163849542,-0.0553258510383888,0.115600152092002,0.341923433724783,0.80340288344589
"gene-LOC134693399|LOC134693399",9.75896586964286,-0.031871919512015,0.12032879577035,0.426674238168454,0.835542057474881
"gene-LOC134693407|LOC134693407",19.0875384050528,0.0140902018093511,0.111340639798686,0.769408967776298,0.953685276062354
"gene-LOC134693408|LOC134693408",41.9991590988693,0.0399219287485255,0.117846392060096,0.418633566922257,0.833869845043139
"gene-LOC134693411|LOC134693411",26.0658272396725,0.00847795385836826,0.103519847071395,0.879363554807607,0.977383609163761
"gene-LOC134693415|LOC134693415",10.1700971127388,-0.0458100986929128,0.131438176135204,0.111821231101674,0.596307637172188
"gene-LOC134693417|LOC134693417",10.107481286085,0.00872633385190143,0.118379362705338,0.781199218377714,0.95532347263728
"gene-LOC134693426|LOC134693426",9.14497444723261,-0.0108247396420496,0.122414603307298,0.372330600685612,0.820038855990219
"gene-LOC134693428|LOC134693428",10.2040959117522,-0.00165512628514424,0.120465959649945,0.934675360298191,0.986824046819264
"gene-LOC134693429|LOC134693429",2722.44658996058,0.118467366779979,0.153086935553275,0.101306250919971,0.579631212729381
"gene-LOC134693434|LOC134693434",50.762384153214,0.0747959883092103,0.15291401941929,0.0289212389010347,0.357375565912088
"gene-LOC134693435|LOC134693435",22.2089403201629,-0.017148240006999,0.112542947774603,0.709902125932804,0.933953954014707
"gene-LOC134693440|LOC134693440",33.5095820235738,0.00992594896181485,0.110006120720448,0.83744984743001,0.965558865799071
"gene-LOC134693447|LOC134693447",110.863544839124,-0.0763146908642272,0.106608437782015,0.252546670326022,0.730712643811058
"gene-LOC134693449|LOC134693449",107.663743080668,0.0776244245578348,0.122810216712144,0.220013635474697,0.707264061779253
"gene-LOC134693457|LOC134693457",15.3233188176888,-0.0495828307290631,0.128543635270641,0.224206605951838,0.709971785189563
"gene-LOC134693461|LOC134693461",19.0561734501657,0.0445484777710891,0.124308600812208,0.302666811068287,0.778924999343781
"gene-LOC134693464|LOC134693464",7.87826281148198,-0.00103368005032852,0.120523623039594,0.958003117585042,0.990589731896691
"gene-LOC134693471|LOC134693471",10.3669431378353,-0.0308298293264578,0.125248472035713,0.224368604358777,0.71000544617989
"gene-LOC134693478|LOC134693478",8.08279534894872,-0.0306644266519785,0.126054037523239,0.156998381655424,0.641040525737625
"gene-LOC134693479|LOC134693479",9.96127609392084,0.0432036881827281,0.126195530483155,0.261256549814945,0.742242147786085
"gene-LOC134693487|LOC134693487",6.51399327283796,0.00786039518760275,0.120847425063721,0.705766075654683,NA
"gene-LOC134693495|LOC134693495",27.1481710041429,0.0777616073894678,0.133182526695699,0.186844199689232,0.664308735505548
"gene-LOC134693502|LOC134693502",8.12690961577838,-0.026368534043576,0.118357380197069,0.513509243906728,0.871527350897159
"gene-LOC134693505|LOC134693505",57.9937872360605,-0.0299021300200515,0.121241941971203,0.411953739609376,0.831856384439449
"gene-LOC134693509|LOC134693509",34.9081237382428,0.0539480638625831,0.113128494157466,0.364975472049748,0.812684588929183
"gene-LOC134693519|LOC134693519",39.2330339975226,-0.00744107444635749,0.121148317353025,0.68827282728899,0.927938176530763
"gene-LOC134693520|LOC134693520",12.993487833148,0.00178107570378292,0.12039314938727,0.934110414110722,0.986824046819264
"gene-LOC134693521|LOC134693521",74.8381617690563,-0.00258058491856791,0.121835919780354,0.807081582176114,0.960505277793567
"gene-LOC134693542|LOC134693542",8.16681928883429,-0.0511008255607202,0.13344722356091,0.114218658511663,0.599592924707823
"gene-LOC134693562|LOC134693562",12.6382892225549,0.00454974638212466,0.121561620259985,0.754269196064343,0.949383119158366
"gene-LOC134693574|LOC134693574",111.607561187526,0.0242619482474652,0.0986356859558009,0.686409345926277,0.927222311891996
"gene-LOC134693601|LOC134693601",53.2908559526692,-0.240978373102455,0.362144967313193,0.0187520269761845,0.300815280971502
"gene-LOC134693628|LOC134693628",10.15434238874,-0.0102430568950023,0.121450361351516,0.583279793365235,0.897986100224576
"gene-LOC134693635|LOC134693635",14.3167416561825,0.0181644605372338,0.121145081980841,0.498660260292358,0.864259821645329
"gene-LOC134693637|LOC134693637",9.38694873009857,-0.031215702351135,0.125766358914801,0.190839830505038,0.666838093415225
"gene-LOC134693643|LOC134693643",73.7203924357966,-0.00873737592671764,0.0866001626390944,0.885144613374745,0.977383609163761
"gene-LOC134693644|LOC134693644",60.0507390735555,0.154433470685111,0.174671504337168,0.0577370539816106,0.483310521148065
"gene-LOC134693647|LOC134693647",12.9456952349679,0.0664384441835127,0.127521436578762,0.236746673833864,0.717812081110045
"gene-LOC134693651|LOC134693651",57.5653436608418,0.208063969668997,0.190248090607837,0.0288843404675535,0.357375565912088
"gene-LOC134693656|LOC134693656",342.668190693732,0.0132429384547951,0.0830519591996203,0.829154409842916,0.964892896096873
"gene-LOC134693659|LOC134693659",12.5367731288733,0.00356357573740419,0.116514884469522,0.92153581668935,0.984779988891035
"gene-LOC134693666|LOC134693666",19.2922699571058,0.0317897972905781,0.112859866897032,0.53689958974249,0.877546699876996
"gene-LOC134693677|LOC134693677",41.9944153000049,0.0903172958234794,0.135156801668371,0.161285316109752,0.643034890935151
"gene-LOC134693678|LOC134693678",9.0507536197182,-0.0483617802721373,0.125413226438897,0.27932268427484,0.761225466715531
"gene-LOC134693679|LOC134693679",1608.77000896334,0.0963868023427916,0.0668185243438167,0.0885354477358106,0.560001662241119
"gene-LOC134693682|LOC134693682",49.0920456212009,0.00999652930899141,0.0894445644381831,0.869314339615203,0.975747205157066
"gene-LOC134693684|LOC134693684",10.5312946812259,0.0418083257391006,0.11787424957297,0.406729330836766,0.830424198101565
"gene-LOC134693699|LOC134693699",20.5535141925816,0.0056602067103889,0.121764554970356,0.672851154185676,0.92387619829345
"gene-LOC134693703|LOC134693703",8.37131129794299,-0.00387971055747648,0.11703034172263,0.909180156584174,0.98251592545162
"gene-LOC134693705|LOC134693705",39.0207165322029,0.0711989517939167,0.130439761186474,0.209877978899365,0.69336283907107
"gene-LOC134693708|LOC134693708",22.8705669084338,0.700015624554007,0.215791817599671,5.68716181019292e-05,0.0152111267130481
"gene-LOC134693709|LOC134693709",9.10658517241473,0.104101654563559,0.182360123513353,0.0289430622454493,0.357375565912088
"gene-LOC134693720|LOC134693720",13.9200094813911,0.0523650235260758,0.128214638500879,0.235115153956963,0.716928903902156
"gene-LOC134693724|LOC134693724",22.5555282732631,0.328873432782656,0.245583595628542,0.00967304938657346,0.22513264665285
"gene-LOC134693734|LOC134693734",19.5011828795877,-0.0186094253649446,0.109081210921027,0.715562652176338,0.93567613525086
"gene-LOC134693741|LOC134693741",100.158984673256,-0.0482465700410427,0.125218126727619,0.285847721925276,0.767831273134286
"gene-LOC134693742|LOC134693742",6.72620444266403,-0.0215236303281046,0.122654580861085,0.365626485503945,0.812684588929183
"gene-LOC134693751|LOC134693751",10.9283232098366,0.975799709965095,0.295839975991979,4.17267008004514e-05,0.0124996504917832
"gene-LOC134693780|LOC134693780",77.3245136992948,-0.0874468558006143,0.157247706237806,0.0686892773503298,0.511345922541371
"gene-LOC134693794|LOC134693794",98.4593431588698,-0.10508170000459,0.124524891865442,0.140704143118211,0.627557821356636
"gene-LOC134693815|LOC134693815",11.4007266694781,-0.0120120763491843,0.120279965097581,0.639354123475615,0.914809132082223
"gene-LOC134693823|LOC134693823",22.7792128487261,-0.00157366030862108,0.106534483080328,0.975120196616327,0.995479908586306
"gene-LOC134693827|LOC134693827",60.8123111906488,0.0824128116415731,0.109263896356872,0.223562755904047,0.708532153603644
"gene-LOC134693829|LOC134693829",51.3897037176691,0.00868287708880825,0.114306329697258,0.835689707329353,0.965558865799071
"gene-LOC134693837|LOC134693837",35.3048141107497,-0.162112675822719,0.185237548132993,0.0510000007486503,0.463434722771289
"gene-LOC134693841|LOC134693841",337.865770819833,0.471361974302496,0.115125466082224,3.0248025837722e-06,0.00151018310332467
"gene-LOC134693842|LOC134693842",110.849563268458,-0.327087664654694,0.303455618528714,0.0115176659578693,0.243996382159203
"gene-LOC134693852|LOC134693852",15.764701671622,0.0278930757688805,0.114920795636891,0.556026594810072,0.888053565479341
"gene-LOC134693853|LOC134693853",36.1758802627694,0.00995870421711346,0.119017542236888,0.737867406305201,0.944434969376115
"gene-LOC134693854|LOC134693854",20.7340305078139,0.17482110679577,0.185877641960431,0.0441416546639253,0.43651193441771
"gene-LOC134693856|LOC134693856",8.87279754353547,-0.0413021613456793,0.129884025387298,0.108502399647984,0.591192170056114
"gene-LOC134693865|LOC134693865",15.7500194282784,0.0599307075072239,0.1377585346567,0.104588902049,0.585003435203576
"gene-LOC134693867|LOC134693867",38.7496823198109,0.429933052684299,0.376142424334307,0.00733883826231284,0.200860545175906
"gene-LOC134693869|LOC134693869",15.7946273262135,0.0660073668495038,0.143722005012568,0.0606724905729045,0.488070148774082
"gene-LOC134693874|LOC134693874",281.662505053494,0.116804624797565,0.138880406096313,0.10921103113938,0.591192170056114
"gene-LOC134693876|LOC134693876",12.020221808174,-0.0101745700125809,0.120249277451841,0.678895630964329,0.924535906928755
"gene-LOC134693881|LOC134693881",42.8323189141642,0.0139745983395748,0.118162060645346,0.682422534713969,0.925412351301143
"gene-LOC134693884|LOC134693884",7.21084581204316,-0.00555253934100867,0.120214318792017,0.807227758075924,0.960505277793567
"gene-LOC134693886|LOC134693886",9.55745636337553,-0.00442141256267652,0.120763359908984,0.820661196158279,0.962292847618592
"gene-LOC134693887|LOC134693887",55.8010481148874,-0.531137884152573,0.272466821522268,0.00204616966796548,0.100814241074957
"gene-LOC134693889|LOC134693889",24.8335669079612,-0.03150103243978,0.105979365858959,0.582108449668318,0.897457750487573
"gene-LOC134693895|LOC134693895",14.4135034383196,0.0249343314986241,0.12465722764639,0.18282828385321,0.660492531488996
"gene-LOC134693911|LOC134693911",26.5144514630945,0.0473985484353908,0.126947412309743,0.252987524438177,0.730712643811058
"gene-LOC134693917|LOC134693917",21.9149504286243,-0.524915640117304,0.374015829520378,0.0046895436477844,0.169661798928779
"gene-LOC134693920|LOC134693920",17.8267511423693,0.0349820314813315,0.11936546493436,0.428552143024095,0.835542057474881
"gene-LOC134693921|LOC134693921",46.3312169622719,-0.0264598827220191,0.10200009180138,0.650986443146205,0.918046712290982
"gene-LOC134693922|LOC134693922",50.4666858586257,-0.0696794092970981,0.13879878312942,0.141646737679493,0.627557821356636
"gene-LOC134693926|LOC134693926",129.688050085551,0.0668754306577033,0.10737755535874,0.301545652056772,0.777898121048582
"gene-LOC134693929|LOC134693929",60.4826368429288,0.0828658506581923,0.141691035876323,0.144018829864334,0.630735097575436
"gene-LOC134693930|LOC134693930",15.6385618073772,0.000850615598224964,0.114082613271125,0.984545984551757,0.99595232498375
"gene-LOC134693932|LOC134693932",51.721319975813,0.00312699401472766,0.102478011169413,0.956318843339297,0.990589731896691
"gene-LOC134693934|LOC134693934",2228.99825997567,-0.0265158824824334,0.0908136015333864,0.677211807020323,0.924367980767212
"gene-LOC134693935|LOC134693935",9.38971543184927,-0.0103122903144232,0.121253914541737,0.603956152848823,0.904589020585693
"gene-LOC134693938|LOC134693938",12.5602927375454,-0.0543819360271091,0.133264806348616,0.149463881803855,0.636347362608908
"gene-LOC134693939|LOC134693939",28.3144128478524,0.0383750429088177,0.115240857551674,0.457806287362302,0.846128155492666
"gene-LOC134693946|LOC134693946",37.6924575583981,-0.18586275859073,0.150231138567931,0.0349959140177754,0.393520120238919
"gene-LOC134693947|LOC134693947",21.0467384987575,-0.0783037264979072,0.142039916140706,0.135782537932164,0.624139845752057
"gene-LOC134693949|LOC134693949",59.39544831792,0.0830816176610293,0.11853437077835,0.212265431007835,0.69700843766031
"gene-LOC134693950|LOC134693950",23.5464317556046,0.105394093849163,0.138542433512626,0.12972633546729,0.618015601981255
"gene-LOC134693952|LOC134693952",26.1932652505683,-0.1263719308895,0.18138779166961,0.0635830676224351,0.494982945347626
"gene-LOC134693953|LOC134693953",37.7071491294142,0.0365439034902088,0.103903776448885,0.540446883193977,0.879827398759297
"gene-LOC134693954|LOC134693954",19.6454641039754,-0.241853021942684,0.475913337179615,0.0152476707630768,0.272529370751032
"gene-LOC134693958|LOC134693958",11.1514048356751,-0.00927455371808862,0.121118694972119,0.642520285537119,0.915266026637418
"gene-LOC134693961|LOC134693961",15.5567894340766,0.0238520355178958,0.111595326006806,0.635432270768824,0.912781429371793
"gene-LOC134693962|LOC134693962",23.7231262327818,-0.0156293664026151,0.116054984169105,0.694511520075894,0.929296223627318
"gene-LOC134693969|LOC134693969",11.6582992844761,-0.0293809316835066,0.117709388616377,0.497361782754684,0.863604931815246
"gene-LOC134693972|LOC134693972",35.9649359469528,0.0176947733103144,0.121409557653479,0.485267556387322,0.858540213429343
"gene-LOC134693974|LOC134693974",8.01190379724804,-0.00449088902844114,0.12142698429931,0.771492950600183,0.953685276062354
"gene-LOC134693976|LOC134693976",35.4282243577811,-0.0692953202536529,0.144403002301521,0.0773591709548063,0.530991694793509
"gene-LOC134693980|LOC134693980",57.8757726522021,0.00447134385890135,0.11709438868807,0.898988118420212,0.98065001678538
"gene-LOC134693992|LOC134693992",227.460887035549,-0.0644773881078845,0.107939002145061,0.313522265002879,0.78693314819391
"gene-LOC134693993|LOC134693993",46.2463610196058,-0.0123383579476657,0.0933769018762137,0.838107841206041,0.965558865799071
"gene-LOC134693999|LOC134693999",162.824590894088,-0.0344042159062262,0.121568072101283,0.384316422061699,0.821366700441867
"gene-LOC134694000|LOC134694000",7.28999619606734,-0.00917621176679281,0.121302567304907,0.627121630005606,0.910895822190252
"gene-LOC134694007|LOC134694007",20.8879345883532,-0.131159628778482,0.183464393437675,0.0633826406330569,0.494982945347626
"gene-LOC134694009|LOC134694009",49.114427409126,-0.347474991749307,0.187887647906592,0.00425410590202281,0.165932286980463
"gene-LOC134694012|LOC134694012",1434.94198000192,-0.0712085916270396,0.0825008880271332,0.259018978840589,0.739647990036005
"gene-LOC134694013|LOC134694013",23.4071328437447,0.0558016620741725,0.121557554910783,0.305995122972257,0.781931159943171
"gene-LOC134694015|LOC134694015",131.116472051554,0.044073150498825,0.120061000433126,0.368667082413341,0.815882913768767
"gene-LOC134694018|LOC134694018",10.6870338015408,-0.0353730858823537,0.125123537784931,0.266862424538301,0.746966776282741
"gene-LOC134694019|LOC134694019",12.0801462888546,-0.00986446341648458,0.114778420503464,0.808238332778941,0.960505277793567
"gene-LOC134694020|LOC134694020",7.28414179536347,0.00151413880707803,0.121152871505329,0.929375785364129,0.986408057907024
"gene-LOC134694021|LOC134694021",22.5882994380208,-0.0214064721376636,0.103401712266676,0.707302706051049,0.933801459760888
"gene-LOC134694022|LOC134694022",19.189215910544,-0.0194092055342649,0.118744287909418,0.58093697505643,0.89723009651291
"gene-LOC134694027|LOC134694027",146.792765428183,0.0123821093228741,0.115108425742801,0.762743616145805,0.951829925815486
"gene-LOC134694031|LOC134694031",12.0815328520764,0.000550753277962493,0.120926081387436,0.978120639097636,0.995479908586306
"gene-LOC134694033|LOC134694033",8.87086550308636,-0.0315564627543168,0.12579468797788,0.193502246821537,0.670586916449094
"gene-LOC134694035|LOC134694035",31.2849744463772,0.0759268727130585,0.14377018854611,0.119093535516544,0.607141924767457
"gene-LOC134694036|LOC134694036",9.94678653277463,0.0337503148525046,0.121469300907623,0.390770431023073,0.823250163807042
"gene-LOC134694042|LOC134694042",39.2936527384932,0.122385506011982,0.141679315014364,0.10188038727055,0.579631212729381
"gene-LOC134694043|LOC134694043",5.1491240215353,-0.000411123683477999,0.121692166059842,0.970279421877076,NA
"gene-LOC134694047|LOC134694047",37.9536664023031,-0.0121796336739434,0.117029877135924,0.735238463323687,0.94365053159059
"gene-LOC134694048|LOC134694048",9.57063468396626,0.00902209794645675,0.120039624097454,0.721794612363524,0.937969781709254
"gene-LOC134694050|LOC134694050",254.151499427674,-0.0363571365108089,0.0933223039222849,0.558986950681047,0.889197747931761
"gene-LOC134694060|LOC134694060",17.4132930435762,0.033319381578873,0.122660000907648,0.358977003591924,0.811668122295978
"gene-LOC134694061|LOC134694061",9.31692170787463,0.00782512739167435,0.11973521415207,0.764822369355743,0.951928656158411
"gene-LOC134694063|LOC134694063",110.51133384785,0.032324043241758,0.0952357639912556,0.604612100343701,0.904589020585693
"gene-LOC134694072|LOC134694072",14.7368962661468,-0.057262236075834,0.116643381327624,0.32786864834757,0.795145177291112
"gene-LOC134694101|LOC134694101",6.9062822664865,-0.0185127685920655,0.122717275784019,0.348928264694667,0.80898857511247
"gene-LOC134694149|LOC134694149",3259.1290293959,0.054689972149803,0.121030962229379,0.322925427589247,0.794216265095524
"gene-LOC134694150|LOC134694150",330.973139085931,0.0671502591157129,0.124160047013948,0.248791003965445,0.728288152552403
"gene-LOC134694159|LOC134694159",9.96626094207929,0.0275464792757203,0.114973657299419,0.558448335140182,0.889197747931761
"gene-LOC134694184|LOC134694184",19.0083232833971,7.83737806817764e-05,0.12210529931253,0.998428030920643,0.999629348070147
"gene-LOC134694199|LOC134694199",22.7132439078635,-0.124266008813014,0.20988389512383,0.0256296999915971,0.338519970435751
"gene-LOC134694200|LOC134694200",161.983817617231,-0.077576860595339,0.111043951023789,0.240885452566151,0.72130793853175
"gene-LOC134694221|LOC134694221",16.0903976251455,-0.0422042841430143,0.12825736816642,0.189854550902134,0.666686889874754
"gene-LOC134694326|LOC134694326",14.7432490940758,0.0354843432043526,0.113332399614284,0.499139114160785,0.864500047589831
"gene-LOC134694328|LOC134694328",28.4578404532646,0.0387543744914015,0.115233657583603,0.455751144562816,0.845232489565602
"gene-LOC134694369|LOC134694369",50.8728857196038,0.016211039238029,0.102245444647606,0.777191492688275,0.954960361719923
"gene-LOC134694377|LOC134694377",42.1282271291692,-0.00102292980834196,0.122005587317575,0.895824882248033,0.979928513327605
"gene-LOC134694421|LOC134694421",444.293615498532,0.0384919686797119,0.108887761511547,0.501594021055674,0.865114944659746
"gene-LOC134694436|LOC134694436",19.1965871655696,0.0577734889096319,0.137008516180984,0.0742673087040382,0.524211003661208
"gene-LOC134694447|LOC134694447",186.419384937101,-0.00627110869490372,0.121912635051118,0.604801680306165,0.904589020585693
"gene-LOC134694453|LOC134694453",128.628047736996,0.0458035507413947,0.132191516927124,0.0848854126388697,0.550395545673156
"gene-LOC134694485|LOC134694485",8.34103128491678,0.0040708122916341,0.118702745795118,0.88975130961236,0.978177856383876
"gene-LOC134694498|LOC134694498",20.297360951466,0.0307104319568328,0.1162974292256,0.509385766517852,0.870360484930913
"gene-LOC134694513|LOC134694513",565.881057937763,0.000611925188422845,0.12120866840843,0.977002001531704,0.995479908586306
"gene-LOC134694518|LOC134694518",27.4674973369024,-0.0408421694066163,0.129722705462775,0.109085578727025,0.591192170056114
"gene-LOC134694523|LOC134694523",164.51157700632,-0.00360983267211456,0.121693458936108,0.770977708837156,0.953685276062354
"gene-LOC134694546|LOC134694546",10.4887730234387,0.0767809226284098,0.141341645115271,0.140527686693206,0.627557821356636
"gene-LOC134694557|LOC134694557",33.5754385299477,0.143082363143702,0.191874790574376,0.0558013318920891,0.482559093002143
"gene-LOC134694565|LOC134694565",14.6225116269915,-0.027546746105468,0.122265148957562,0.383605993923361,0.821366700441867
"gene-LOC134694574|LOC134694574",12.8707992040483,0.0375542120945465,0.121310872238365,0.379336502309303,0.82083573709765
"gene-LOC134694583|LOC134694583",124.89606374403,-0.0147761189880116,0.122781678864796,0.303373416708703,0.779137008824238
"gene-LOC134694585|LOC134694585",350.345619510056,0.00349350878877678,0.112720987680005,0.934884616517396,0.986824046819264
"gene-LOC134694587|LOC134694587",22.5620513517583,-0.0150366134871675,0.116334530558465,0.698913734340567,0.930489934899417
"gene-LOC134694590|LOC134694590",13.8814438029214,-0.0339173634310293,0.126997768551568,0.145628560391572,0.631223000301963
"gene-LOC134694607|LOC134694607",12.9148816165134,-0.00946857782282355,0.118669793886374,0.755436116353261,0.949607008707265
"gene-LOC134694608|LOC134694608",66.0368967622054,0.089307057224334,0.150475264300455,0.108770855083901,0.591192170056114
"gene-LOC134694619|LOC134694619",42.7173791419515,0.118588084345405,0.117267847960424,0.108082218854125,0.591192170056114
"gene-LOC134694620|LOC134694620",694.854056774701,-0.0591982236146945,0.0836316553197864,0.346063837321925,0.808129740475178
"gene-LOC134694621|LOC134694621",14.8923920959587,0.0934046602200151,0.151588779490573,0.109627741565208,0.59192657287804
"gene-LOC134694627|LOC134694627",173.731477247815,0.23208983465017,0.124148639310989,0.00879629605146673,0.217410762803414
"gene-LOC134694630|LOC134694630",41.8177757818642,0.354680394376841,0.922373876079308,0.00979025450902655,0.225153261227001
"gene-LOC134694639|LOC134694639",26.3533302448984,-0.16919058045772,0.168812035318222,0.0482744978028166,0.454917411390098
"gene-LOC134694648|LOC134694648",19.4287538434714,-0.0375467500087674,0.110868829724398,0.498039964533638,0.863604931815246
"gene-LOC134694649|LOC134694649",80.838658921082,-0.0259756142587876,0.0872490293454328,0.674112820014295,0.92387619829345
"gene-LOC134694650|LOC134694650",36.0217104720298,0.226049303478738,0.257101216934925,0.0245928113377755,0.335474615862661
"gene-LOC134694654|LOC134694654",18.4492824877588,0.0550488597692705,0.128245929988144,0.239180077346298,0.72032371267643
"gene-LOC134694655|LOC134694655",16.343053343738,0.0122189027629807,0.114377194076577,0.772874575918892,0.95409253295551
"gene-LOC134694667|LOC134694667",5.6756069102949,-0.0127865338852211,0.121578812243371,0.523390041184809,NA
"gene-LOC134694682|LOC134694682",82.5542041883539,0.00792367125622246,0.0942459995571984,0.896197742244753,0.979928513327605
"gene-LOC134694700|LOC134694700",12.5035342293303,0.0074848737033724,0.114963348138989,0.852154791890462,0.970318874329887
"gene-LOC134694703|LOC134694703",16.4313066823695,0.086095845857367,0.159717921187125,0.0481535902287928,0.454917411390098
"gene-LOC134694704|LOC134694704",12.0178046419994,0.0184888628945941,0.114030515334828,0.680261350568393,0.924755355673751
"gene-LOC134694724|LOC134694724",6.78630376884406,0.00206853864389026,0.121171069849648,0.90261947251599,0.980948661975366
"gene-LOC134694726|LOC134694726",38.9048152075032,0.0821697919572971,0.154172888563056,0.0651871933957141,0.500167284393671
"gene-LOC134694727|LOC134694727",46.1277858666293,-0.0146430574080196,0.106424358851664,0.78146344085755,0.955385801967526
"gene-LOC134694731|LOC134694731",21.4568603328492,0.0981527040431505,0.149312114437772,0.116853777696549,0.603946129171468
"gene-LOC134694740|LOC134694740",11.2067492261732,-0.0488325834081389,0.135591782025457,0.0182298251696241,0.296789479772423
"gene-LOC134694743|LOC134694743",23.9354866148874,-0.00463624614097221,0.121885110315975,0.680761277470005,0.925098303564025
"gene-LOC134694744|LOC134694744",12.3509865282333,-0.0534299205125017,0.133887383441415,0.127380381815063,0.61545269639549
"gene-LOC134694754|LOC134694754",8.04963062874557,-0.0301258414665162,0.125455086774556,0.197825176610796,0.678659069005155
"gene-LOC134694760|LOC134694760",17.5896852430002,0.165594737313453,0.243299274732955,0.0337158634725859,0.387750310526713
"gene-LOC134694784|LOC134694784",59.887696519506,-0.0110229719161595,0.122176850467539,0.442032811896977,0.839448051274535
"gene-LOC134694786|LOC134694786",19.5474258807695,-0.153776393506975,0.202588829039929,0.0489674706791124,0.458073546224415
"gene-LOC134694787|LOC134694787",127.498134623437,-0.220258015915644,0.163860758917158,0.0211666859571471,0.313895665610048
"gene-LOC134694788|LOC134694788",10.4559048521681,0.0464690413096419,0.123112109862406,0.31882313121619,0.791556704152286
"gene-LOC134694790|LOC134694790",108.995552752761,-0.37653456379848,0.246567265857948,0.00610691740187267,0.183196902316653
"gene-LOC134694796|LOC134694796",11.3478854245958,0.065182066379776,0.135314406712312,0.167222140072693,0.646528965928963
"gene-LOC134694800|LOC134694800",13.36652508035,0.018844694836898,0.118069949724353,0.606409345238927,0.904782101791594
"gene-LOC134694836|LOC134694836",42.2451760076851,0.0318604729819325,0.102085356144871,0.593466043161278,0.902678361599724
"gene-LOC134694837|LOC134694837",33.9242391140195,-0.00107304379522387,0.114467350429019,0.977369637761712,0.995479908586306
"gene-LOC134694860|LOC134694860",92.1417452226149,-0.138459287855666,0.1802937969756,0.0633818458378884,0.494982945347626
"gene-LOC134694864|LOC134694864",9.78034531410982,-0.006982671744196,0.121795508604483,0.611843478273493,0.905840017185814
"gene-LOC134694865|LOC134694865",21.4904801709062,-0.0321516215761856,0.122024095847991,0.380153820925156,0.82083573709765
"gene-LOC134694876|LOC134694876",45.0863574281054,0.0874916679001415,0.133106308150221,0.172783252939979,0.652381874279138
"gene-LOC134694888|LOC134694888",9.54663441791227,-0.00963728011447054,0.117686672184272,0.773311320415884,0.95409253295551
"gene-LOC134694889|LOC134694889",10.869536824085,0.0710422656966641,0.14178589130885,0.116140770784582,0.602996122136654
"gene-LOC134694892|LOC134694892",9.85217728042053,0.0251394483962732,0.122979006637252,0.346294676844407,0.808416719104665
"gene-LOC134694934|LOC134694934",9.93121431383369,0.0135028472517243,0.12249028526036,0.368436558734741,0.815613771316723
"gene-LOC134694936|LOC134694936",13.7766153720605,0.0455418304349945,0.127731420091914,0.228243012106452,0.712510178268121
"gene-LOC134694938|LOC134694938",13.8498265477526,-0.0328938208663219,0.122951834167808,0.348169901855062,0.80898857511247
"gene-LOC134694945|LOC134694945",4.7978022541849,-0.0326500440442753,0.128245043300289,0.0174031379392657,NA
"gene-LOC134694946|LOC134694946",183.540269290323,-0.0924146888529418,0.130274293383345,0.16577075974034,0.64634592229987
"gene-LOC134694950|LOC134694950",112.382781604056,-0.0513764737442468,0.126591323164326,0.25972665081142,0.740423634536249
"gene-LOC134694951|LOC134694951",12.2067521892635,-0.057917637184853,0.125529349938604,0.266013068010746,0.746691104322517
"gene-LOC134694964|LOC134694964",316.69814452186,-0.0183839734656946,0.0881132221787446,0.801769822517725,0.958777657383338
"gene-LOC134694996|LOC134694996",15.8322447044811,0.159433490691169,0.274319214792763,0.021647172089895,0.315650695966485
"gene-LOC134695001|LOC134695001",30.5338215975167,0.012766160446565,0.116500521910894,0.736404358433155,0.944327363926323
"gene-LOC134695020|LOC134695020",8.41856204843521,-0.035645068397526,0.12056068960416,0.40095945874743,0.827255071865873
"gene-LOC134695028|LOC134695028",18.9776736326,0.103815143793389,0.148348990996081,0.116391702994893,0.602996122136654
"gene-LOC134695031|LOC134695031",41.1347383016185,-0.0114349840429365,0.103337734792779,0.837209652537509,0.965558865799071
"gene-LOC134695033|LOC134695033",157.197942607881,0.0263393396239675,0.0977185090497157,0.659913469497943,0.920679110791961
"gene-LOC134695034|LOC134695034",52.0675319591493,0.232840856245543,0.252260132316049,0.0231890099815349,0.32476301689394
"gene-LOC134695040|LOC134695040",5.72551852666584,-0.00893351868424703,0.122082656445621,0.492359019964483,NA
"gene-LOC134695041|LOC134695041",117.224100060178,-0.00401297223989614,0.122223095991949,0.531465936453149,0.876684669184501
"gene-LOC134695042|LOC134695042",479.10445847472,-0.00131970437240645,0.121528528606276,0.898780852587601,0.98065001678538
"gene-LOC134695044|LOC134695044",9.9336736859395,0.0409601227938721,0.128263995411714,0.178405179065382,0.655260611093991
"gene-LOC134695045|LOC134695045",54.2451442221713,0.0550107554999532,0.10349062550401,0.385658339449706,0.821366700441867
"gene-LOC134695068|LOC134695068",9.81501519930402,0.0143327625453475,0.121455723383086,0.517647163888264,0.871913232704342
"gene-LOC134695069|LOC134695069",8.35487711976974,0.010153079271671,0.12028097387115,0.682098330948404,0.925404782694311
"gene-LOC134695072|LOC134695072",39.7172586021826,-0.073119517375315,0.113609754453292,0.2619277716773,0.743413447402471
"gene-LOC134695086|LOC134695086",14.5577402793444,-0.0168782918125861,0.118662697050497,0.618511091104582,0.907747426106231
"gene-LOC134695089|LOC134695089",44.4917897069142,-0.010798656775068,0.09919861126998,0.852505502727311,0.97057064608161
"gene-LOC134695094|LOC134695094",9.3183936810992,0.00144154900239112,0.119895842958452,0.953085694770022,0.990589731896691
"gene-LOC134695099|LOC134695099",12.4074791806612,0.0519349775032399,0.129120500737986,0.220145236457092,0.707264061779253
"gene-LOC134695108|LOC134695108",9.80512468351258,-0.0258066637205555,0.119447505323787,0.492449216226399,0.862457269357709
"gene-LOC134695109|LOC134695109",27.675422562752,-0.00478453831606123,0.121427633607995,0.753974058315517,0.949383119158366
"gene-LOC134695113|LOC134695113",9.10953292041327,-0.0450057757108878,0.129052309967449,0.187622172730609,0.665334927957391
"gene-LOC134695116|LOC134695116",5.70562435940483,0.0078873527343012,0.122228475205686,0.455178797188008,NA
"gene-LOC134695124|LOC134695124",32.0859345220753,-0.0194268137636728,0.0967911820887361,0.745565199831848,0.947986108770842
"gene-LOC134695143|LOC134695143",51.2869053120434,-0.363803842058536,0.307695699390058,0.00917496933613851,0.220118859342411
"gene-LOC134695149|LOC134695149",13.4844659592404,0.00571988990761152,0.122145324079914,0.543179100254678,0.880825086926021
"gene-LOC134695151|LOC134695151",104.339927130314,0.0610526290202349,0.0969931536737739,0.346993598735994,0.808872351486489
"gene-LOC134695156|LOC134695156",14.3749103859838,-0.0172859956807845,0.11695517957561,0.6518943296465,0.918046712290982
"gene-LOC134695166|LOC134695166",183.464381081995,-0.0118584010474341,0.0993252088040674,0.839035244534205,0.965558865799071
"gene-LOC134695169|LOC134695169",37.0402545630207,0.383387844660023,0.213479800011798,0.00404622518443365,0.164703788989884
"gene-LOC134695171|LOC134695171",35.497017942831,0.0359831579450278,0.120857282326589,0.395022819061026,0.826720797872459
"gene-LOC134695177|LOC134695177",15.2219335320868,-0.00206363437434714,0.114638817147756,0.957650197080272,0.990589731896691
"gene-LOC134695180|LOC134695180",64.4677183960925,0.0013191093961242,0.114508298762379,0.975452782407265,0.995479908586306
"gene-LOC134695182|LOC134695182",8.87759336527738,0.0119870839810088,0.119890535104579,0.661124364416807,0.920974770297147
"gene-LOC134695183|LOC134695183",107.804054376363,0.00317570701685927,0.0826792149518651,0.959174755332293,0.990589731896691
"gene-LOC134695187|LOC134695187",11.4410429899,0.0315622332831858,0.123348428005485,0.334177296944657,0.800081130696462
"gene-LOC134695189|LOC134695189",9.73221872682809,0.0404293256355963,0.128699488530139,0.154188705211821,0.640559180278199
"gene-LOC134695190|LOC134695190",15.9880879139806,-0.108268235983045,0.15734614663121,0.097288521298567,0.57769829291262
"gene-LOC134695193|LOC134695193",29.1091395262272,0.0377916657876523,0.11945597215172,0.410522142358716,0.831856384439449
"gene-LOC134695199|LOC134695199",10.3269310988754,0.100431337809561,0.165243293472698,0.0727211486868038,0.523662194726417
"gene-LOC134695203|LOC134695203",94.0994995006843,-0.0255499855229859,0.0928293835291737,0.673388710594275,0.92387619829345
"gene-LOC134695208|LOC134695208",16.223528250834,0.0425670791978081,0.126003161730268,0.263593459173947,0.744490657949496
"gene-LOC134695209|LOC134695209",11.7922067274264,0.0760310238867769,0.151491773507496,0.0498207662006427,0.4604203108667
"gene-LOC134695210|LOC134695210",182.098697844725,0.12178929766787,0.135775686928342,0.103211263530159,0.581694047398671
"gene-LOC134695213|LOC134695213",503.305869486921,-0.0341067975640143,0.11980719506417,0.423619204492932,0.835542057474881
"gene-LOC134695214|LOC134695214",36.2695731259733,-0.135423131037815,0.203305776026353,0.0455271560996945,0.442221623904814
"gene-LOC134695220|LOC134695220",8.84914628668384,-0.0324779099506298,0.122046217868267,0.377319389072871,0.820038855990219
"gene-LOC134695224|LOC134695224",17.1248981235953,0.0237745209776166,0.119698484794954,0.505770415919605,0.867548017595492
"gene-LOC134695225|LOC134695225",12.2420041925206,-0.0257677235793728,0.121576661204601,0.419964306307,0.834367709132623
"gene-LOC134695228|LOC134695228",315.017461780797,0.139406039282654,0.118403327047702,0.0693299251509728,0.514580584197854
"gene-LOC134695234|LOC134695234",275.299085528285,0.0160211283370001,0.102948552044183,0.77834452996594,0.955210023696987
"gene-LOC134695245|LOC134695245",23.6994439007282,0.0190767112554307,0.111587075365751,0.695837176910091,0.929562008184029
"gene-LOC134695252|LOC134695252",48.2819977039571,0.101219044436504,0.154095643249246,0.104964033004696,0.586186161947928
"gene-LOC134695253|LOC134695253",12.6828866636614,0.00712674041226195,0.119241690513892,0.798175577919275,0.958777657383338
"gene-LOC134695286|LOC134695286",298.329119764712,0.154664974187184,0.15283151058917,0.0608051073315821,0.488070148774082
"gene-LOC134695289|LOC134695289",50.044303465431,-0.0383865018202454,0.123939412098775,0.314575539650995,0.787911778075685
"gene-LOC134695307|LOC134695307",267.669907362907,0.235525402009991,0.113929259568462,0.00579127295404693,0.178885091684814
"gene-LOC134695310|LOC134695310",15.9368660636064,-0.0229596526902079,0.118811135646767,0.537378710860716,0.877546699876996
"gene-LOC134695314|LOC134695314",59.8358940954801,0.0382366161300528,0.113491890673988,0.47495119569837,0.854615450404876
"gene-LOC134695315|LOC134695315",21.6307227449582,-0.00341315690998428,0.0987801325354902,0.952980906200299,0.990589731896691
"gene-LOC134695318|LOC134695318",26.6431191940648,0.0817250205354063,0.121519467863915,0.212385044854753,0.69700843766031
"gene-LOC134695323|LOC134695323",194.642727382672,-0.0145356764915027,0.0966222720115806,0.806950183064366,0.960505277793567
"gene-LOC134695326|LOC134695326",251.651325196845,0.0548377307972292,0.0814354708492537,0.378107515808927,0.820038855990219
"gene-LOC134695336|LOC134695336",47.3181917928625,-0.00783167077650042,0.0916992594246307,0.897036601386251,0.979928513327605
"gene-LOC134695385|LOC134695385",7.4818784140122,0.0987459937966702,0.169428294146859,0.0527250915474521,0.468094493530415
"gene-LOC134695389|LOC134695389",24.9704683402151,-0.159323053089192,0.281474799098455,0.0188075310718611,0.300815280971502
"gene-LOC134695400|LOC134695400",23.0227647491081,-0.0300677313195404,0.115687862847412,0.522647041338771,0.873333155840528
"gene-LOC134695401|LOC134695401",42.8006434943212,0.0476286935251848,0.114052443710521,0.401544240016696,0.827255071865873
"gene-LOC134695406|LOC134695406",7.40911664194696,0.012316348886337,0.12181418420582,0.50209528657962,0.865321111680848
"gene-LOC134695414|LOC134695414",8.23586182657409,-0.0255277384138554,0.116053344303732,0.562697598056502,0.889818923835977
"gene-LOC134695419|LOC134695419",82.2318941659742,-0.0184942277165103,0.0941152162796192,0.760431230474566,0.950888209220909
"gene-LOC134695422|LOC134695422",41.9373417392389,-0.00208760846439214,0.104382259000665,0.96956240527433,0.993195931564105
"gene-LOC134695430|LOC134695430",508.403380220772,-0.0416288435345628,0.132137740329724,0.0121546534142772,0.247413643839253
"gene-LOC134695433|LOC134695433",6.40931797635204,-0.0252649360152651,0.122382466906464,0.383120733656212,NA
"gene-LOC134695435|LOC134695435",104.613556801802,0.178840371994132,0.151982019534545,0.0396902670159046,0.417472485508581
"gene-LOC134695436|LOC134695436",74.9471288231379,0.0422328524460841,0.0834315233103183,0.496956730935577,0.863604931815246
"gene-LOC134695437|LOC134695437",17.2665088980565,-0.0526904415999956,0.115686982207039,0.359579913552596,0.811668122295978
"gene-LOC134695438|LOC134695438",15.2663788014618,0.0157063389953338,0.116840525211006,0.681201160759471,0.925098303564025
"gene-LOC134695440|LOC134695440",509.924227494983,-0.0412980719881279,0.131970248117693,0.0124698012788742,0.248580122191406
"gene-LOC134695444|LOC134695444",15.1852382030021,-0.00295794249664723,0.118965363128006,0.913541159543475,0.983375947840117
"gene-LOC134695450|LOC134695450",174.203585044738,0.257965409013255,0.252132779248706,0.0185201551015142,0.299562508758617
"gene-LOC134695455|LOC134695455",17.5388998732706,-0.00215725184681919,0.108377029224416,0.963770147997686,0.992149053191037
"gene-LOC134695456|LOC134695456",11.1860172371374,-0.02695849693907,0.124224799726755,0.259979433317431,0.740652964154039
"gene-LOC134695457|LOC134695457",15.7274383002675,-0.114073151355185,0.202062375354044,0.0160622111648312,0.2792301733889
"gene-LOC134695460|LOC134695460",10.0512864411692,-0.0160833339773754,0.118593997485798,0.633109042351503,0.912460614354241
"gene-LOC134695474",10.6155493900135,-0.00118263942693973,0.121561998385619,0.925979963933193,0.985177432859168
"gene-LOC134695490|LOC134695490",7.92556993204118,-0.00019475213445203,0.118843753026388,0.993254516999062,0.998216430837606
"gene-LOC134695499|LOC134695499",37.6381331633465,-0.0147928476948271,0.0985256975989438,0.802003959373421,0.958777657383338
"gene-LOC134695503|LOC134695503",11.5758787559727,-0.0228672852046717,0.118136559984606,0.555438505434034,0.887818934476198
"gene-LOC134695507|LOC134695507",13.7720285520199,0.104052048973498,0.171598520477708,0.058994003571841,0.483310521148065
"gene-LOC134695508|LOC134695508",9.3940453013634,0.00623036184989963,0.121807517777382,0.640218669548856,0.914809132082223
"gene-LOC134695530|LOC134695530",111.290962523101,-0.195271191498663,0.166095259680985,0.0321006425866028,0.376344974358708
"gene-LOC134695542|LOC134695542",32.588799143764,0.0206975348239483,0.100620274076983,0.724491193275421,0.939355011502706
"gene-LOC134695547|LOC134695547",49.9359315367504,-0.0664469326158347,0.116821199375347,0.283618204018307,0.76469746112829
"gene-LOC134695556|LOC134695556",344.824103487095,-0.118005632111022,0.123097338031011,0.108916234050374,0.591192170056114
"gene-LOC134695557|LOC134695557",310.645967339082,-0.0407434432693814,0.105455000078418,0.491430183898828,0.86230568116643
"gene-LOC134695558|LOC134695558",281.056171461366,-0.0559053149623886,0.109917761823917,0.36361857869154,0.812684588929183
"gene-LOC134695559|LOC134695559",283.284664287307,-0.0411134864460625,0.10676817943781,0.485386468641987,0.858540213429343
"gene-LOC134695560|LOC134695560",281.947295648425,-0.052453860108054,0.109011693211065,0.388831695499665,0.82303705168547
"gene-LOC134695561|LOC134695561",275.904291470167,-0.0504630000112653,0.108973769377311,0.400604524071147,0.827255071865873
"gene-LOC134695562|LOC134695562",255.161379559017,-0.0552422820129038,0.108615224579691,0.372706683473752,0.820038855990219
"gene-LOC134695564|LOC134695564",237.411162242718,-0.0586550987138027,0.112525789935893,0.34142349064604,0.80340288344589
"gene-LOC134695565|LOC134695565",259.252800915249,-0.0917299306622788,0.13970315156166,0.145536983315989,0.631223000301963
"gene-LOC134695567|LOC134695567",277.531926905931,-0.0689163002096611,0.125889508052279,0.235993372621861,0.717501509453866
"gene-LOC134695568|LOC134695568",275.430649266008,-0.0702944388554361,0.127301729165922,0.225206270301561,0.710733147192747
"gene-LOC134695569|LOC134695569",535.906730654674,-0.104504413971766,0.153719214056688,0.105195840517525,0.586676933077063
"gene-LOC134695570|LOC134695570",283.047397657034,-0.127614336214616,0.176860059595295,0.0658991236683542,0.501660423029941
"gene-LOC134695571|LOC134695571",260.732894644734,-0.0828536781931253,0.134577303340171,0.172200781215092,0.652148082884002
"gene-LOC134695572|LOC134695572",242.792601891182,-0.189892318602673,0.250545421654166,0.0311430977171681,0.372679969404382
"gene-LOC134695573|LOC134695573",271.741896128496,-0.0764226003305292,0.130543828590379,0.1985401787947,0.678961187756122
"gene-LOC134695574|LOC134695574",221.19543781454,-0.0981313444119586,0.138318573797222,0.140306935137882,0.627557821356636
"gene-LOC134695575|LOC134695575",203.177431225953,-0.0539509249616576,0.116915698932534,0.343033320989314,0.804817212057949
"gene-LOC134695579|LOC134695579",43.5544688075822,-0.0427695427760511,0.120025901482342,0.374297767144356,0.820038855990219
"gene-LOC134695582|LOC134695582",9.01418363288127,-0.00428026936680884,0.113344060273109,0.919679663144779,0.984677261486326
"gene-LOC134695585|LOC134695585",27.0585001398027,-0.0232008999830206,0.11064292397098,0.648020220962956,0.918046712290982
"gene-LOC134695590|LOC134695590",31.8822298397797,0.00537667155105835,0.118428344288946,0.860297738632685,0.973375096633959
"gene-LOC134695592|LOC134695592",40.1620985006009,-0.0403391866984908,0.104826562632266,0.501121398210036,0.864973633836395
"gene-LOC134695593|LOC134695593",46.4733932518839,0.0616527093897654,0.116975377166685,0.30699560671889,0.782758630303085
"gene-LOC134695612|LOC134695612",20.5832967205881,-0.0549745207024984,0.127939927158156,0.240817451247336,0.72130793853175
"gene-LOC134695613|LOC134695613",18.281419644349,0.0785183920048481,0.152563848675501,0.0572741521746715,0.483310521148065
"gene-LOC134695615|LOC134695615",16.0637652772506,0.0208235067820739,0.113891961491113,0.649423584897536,0.918046712290982
"gene-LOC134695616|LOC134695616",9.97820825248033,0.000497414102137901,0.115592656838633,0.990460077066355,0.997848481775248
"gene-LOC134695617|LOC134695617",6.06410573095165,-0.0118624671366556,0.120890594395389,0.603489563665684,NA
"gene-LOC134695620|LOC134695620",6.50455586286228,-0.0809921923836829,0.158415725867597,0.0281827758781823,NA
"gene-LOC134695623|LOC134695623",75.8102151155675,0.0454081518006966,0.0981368463233643,0.470639095395347,0.85183198493524
"gene-LOC134695636|LOC134695636",20.6157393328238,0.0495488997796834,0.122473742036937,0.318604587376962,0.791386320021912
"gene-LOC134695637|LOC134695637",34.933784755992,-0.117428917026143,0.139073371591597,0.108700953730658,0.591192170056114
"gene-LOC134695643|LOC134695643",22.4776767059635,-0.0323899961882084,0.123172060014825,0.340315316080981,0.80340288344589
"gene-LOC134695646|LOC134695646",15.2763023449353,0.032934103592736,0.110602660884887,0.542173985912963,0.88081064513182
"gene-LOC134695647|LOC134695647",89.6327653342862,0.00532641112209632,0.109948518978657,0.912018824028667,0.98251592545162
"gene-LOC134695649|LOC134695649",37.9557871026069,0.0247931953818664,0.12150188767197,0.431243458822122,0.8360891578941
"gene-LOC134695651|LOC134695651",17.8830436064149,-0.0320153142687507,0.117353450282695,0.479044659498372,0.856016572413102
"gene-LOC134695653|LOC134695653",14.2751116848467,-0.00914986270407643,0.115202620064241,0.816671919151747,0.961372832010617
"gene-LOC134695655|LOC134695655",21.6876748534857,-0.00998483590485734,0.108396231321623,0.843712676538577,0.966613035218243
"gene-LOC134695657|LOC134695657",23.9509722123723,-0.0344278028548207,0.119269675806515,0.431156238464281,0.8360891578941
"gene-LOC134695662|LOC134695662",35.6943910415717,0.0561592857800958,0.110858556123623,0.359826167181553,0.811668122295978
"gene-LOC134695663|LOC134695663",23.411485207316,0.0680189271523288,0.131830074027739,0.202734695641601,0.683909971017995
"gene-LOC134695670|LOC134695670",11.0966611399065,0.0163479572783206,0.116542638812113,0.674290116529088,0.92387619829345
"gene-LOC134695672|LOC134695672",250.694327696621,0.00417171540988856,0.082532620920676,0.94615573645663,0.990307377812506
"gene-LOC134695674|LOC134695674",34.8492881366182,0.0245154018871337,0.117499534734393,0.551265984095789,0.885256535585701
"gene-LOC134695681|LOC134695681",8.62983970416829,0.0022219328204113,0.120304988372201,0.920387594898626,0.984677261486326
"gene-LOC134695682|LOC134695682",23.5625955236231,-0.00815995357901059,0.122215375550202,0.453449568515661,0.844887595033348
"gene-LOC134695684|LOC134695684",14.3585428625727,-0.0551709266440035,0.135319100663864,0.1093338437078,0.591192170056114
"gene-LOC134695686|LOC134695686",33.4849226694567,-0.10097650910869,0.170671451520611,0.0544675406001381,0.47597130869829
"gene-LOC134695687|LOC134695687",15.0227526791591,0.0125918985439469,0.112619535803046,0.783059190454152,0.955881055796438
"gene-LOC134695691|LOC134695691",28.332125105813,0.0782242526576863,0.125243324335804,0.215143780844827,0.700182501805322
"gene-LOC134695693|LOC134695693",100.878870535792,-0.0459091468585075,0.0948142317957371,0.467505279405845,0.849445149819994
"gene-LOC134695695|LOC134695695",9.49015337218801,-0.00223925078110255,0.111035240644593,0.961006155193863,0.99096568624634
"gene-LOC134695696|LOC134695696",23.4479816981135,-0.0136787248208214,0.114684295807572,0.744088991529017,0.947677704065547
"gene-LOC134695697|LOC134695697",12.7543087670387,-0.0441503820042279,0.127494661516338,0.230293411215183,0.714623063583092
"gene-LOC134695698|LOC134695698",12.8007894155165,0.023187596976155,0.116170285767368,0.587616199851906,0.901035569347036
"gene-LOC134695700|LOC134695700",15.4336011360647,-0.0215220962741988,0.121341322487991,0.455290952049752,0.845232489565602
"gene-LOC134695703|LOC134695703",10.3823787451874,-0.0028062633891145,0.11637417180909,0.936559435551458,0.986824046819264
"gene-LOC134695717|LOC134695717",10.9236291011145,-0.0199981794328767,0.122639961266934,0.363405046673338,0.812684588929183
"gene-LOC134695720|LOC134695720",69.9680874348255,0.108527736086595,0.0972863354737272,0.118563744270015,0.60666323189779
"gene-LOC134695721|LOC134695721",10.8750510603217,0.04081020012383,0.120345184833495,0.381846337790265,0.821366700441867
"gene-LOC134695726|LOC134695726",19.1549090301793,0.0566448296920006,0.120461584946577,0.310272827836238,0.785968067624988
"gene-LOC134695730|LOC134695730",11.0600701717214,0.0084875268699299,0.114905686440889,0.833765012060686,0.965558865799071
"gene-LOC134695733|LOC134695733",11.8308210736405,0.0184186353371517,0.120774319473796,0.51546996477331,0.87166150681558
"gene-LOC134695736|LOC134695736",119.472238594344,0.010208494374852,0.121428543780563,0.592087483640232,0.902148006853668
"gene-LOC134695742|LOC134695742",14.3870791695774,-0.0605586499668641,0.140185149821651,0.0646780465249094,0.497814892523172
"gene-LOC134695746|LOC134695746",321.888010849873,0.00159370001293589,0.0894410571141733,0.979877271587929,0.995903460384722
"gene-LOC134695751|LOC134695751",18.1757700700254,0.0234756087138231,0.115704289990386,0.593275040298827,0.902678361599724
"gene-LOC134695772|LOC134695772",10.657756328523,0.0328060841869985,0.117846995783643,0.467767632241642,0.849445149819994
"gene-LOC134695774|LOC134695774",11.5304729285072,-0.00793567632861976,0.116619603832621,0.825233347271768,0.964172729064096
"gene-LOC134695781|LOC134695781",85.5595827795604,0.411928071783496,0.288598100705012,0.00607490561663751,0.183196902316653
"gene-LOC134695787|LOC134695787",228.023252020786,-0.0111664463330142,0.121665172505118,0.534573229906356,0.876836729956355
"gene-LOC134695797|LOC134695797",23.4926213500134,-0.0242214723804906,0.104362531403871,0.667278457520378,0.921742651670224
"gene-LOC134695811|LOC134695811",12.1932799860864,0.0745728598675093,0.140064717073896,0.144272712147898,0.631223000301963
"gene-LOC134695822|LOC134695822",11.9431580806697,0.0334715225400039,0.124395220125732,0.292495844856747,0.772118922147401
"gene-LOC134695823|LOC134695823",9.8054299113017,-0.0537788073076698,0.124541106457004,0.28365997423079,0.76469746112829
"gene-LOC134695824|LOC134695824",9.4397661164001,-0.0716290495998842,0.144819956755706,0.0888925453097679,0.560463266565133
"gene-LOC134695827|LOC134695827",198.001567988176,0.26457176657706,0.135639971506178,0.00575947518491902,0.178885091684814
"gene-LOC134695831|LOC134695831",17.1094719945162,0.00253080699287755,0.118515094893192,0.932981001165289,0.986824046819264
"gene-LOC134695835|LOC134695835",219.939643494352,-0.0932643087994896,0.141171453808835,0.14037018991204,0.627557821356636
"gene-LOC134695841|LOC134695841",375.044905329233,-0.0245852034190821,0.125175799788295,0.0930921464100408,0.568651781782052
"gene-LOC134695842|LOC134695842",50.0732493822063,-0.0120942076269645,0.103804004187228,0.826344273151437,0.964172729064096
"gene-LOC134695843|LOC134695843",20.9749579924082,0.00912435529969534,0.11719143616483,0.795384440779787,0.957868879990908
"gene-LOC134695852|LOC134695852",23.9109026083218,-0.00709503964358806,0.101278209010941,0.90018518293889,0.98065001678538
"gene-LOC134695854|LOC134695854",319.876763466403,-0.0512458120227353,0.118265849226619,0.344128095577684,0.806123024016664
"gene-LOC134695857|LOC134695857",6.88216021187517,0.0127187345931673,0.12175620752808,0.504700614600569,0.866616260327916
"gene-LOC134695859|LOC134695859",15.7211500621204,0.156910968874386,0.268187613650948,0.0221608795733786,0.319774233381565
"gene-LOC134695862|LOC134695862",9.42423822440912,-0.0174241039167116,0.118427355031001,0.618562523499585,0.907747426106231
"gene-LOC134695863|LOC134695863",23.4485414052863,-0.0386406477475854,0.12801076814454,0.162104910810394,0.644033780933179
"gene-LOC134695868|LOC134695868",19.4715109710994,-0.00400297633272992,0.120764394053943,0.834905663107209,0.965558865799071
"gene-LOC134695869|LOC134695869",6.56523174997484,-0.0116608600215448,0.121456058714407,0.555372267432242,NA
"gene-LOC134695870|LOC134695870",47.8331509348475,0.110924410805062,0.158239247169115,0.0950535790731565,0.572581175177074
"gene-LOC134695874|LOC134695874",73.1922179675075,0.0872133685955846,0.127164985118858,0.185215741242917,0.662091019650696
"gene-LOC134695879|LOC134695879",8.86226429579951,-0.0207432630447092,0.11887884191735,0.560466622008061,0.889626780838873
"gene-LOC134695885|LOC134695885",66.9143063387074,-0.0192171925337191,0.116866020025088,0.626245690641418,0.910590279867861
"gene-LOC134695888|LOC134695888",5.63791286555741,0.00434339311049922,0.121933316191064,0.688423959596189,NA
"gene-LOC134695890|LOC134695890",684.416276416685,-0.0204060632586174,0.0866663376704229,0.7343321695462,0.943133873732035
"gene-LOC134695894|LOC134695894",32.1879537467377,0.188039496090654,0.162542107640854,0.0358021503025427,0.397849663423626
"gene-LOC134695896|LOC134695896",67.6572025741231,-0.0215830005857213,0.0907306100765065,0.724965101841747,0.939644106558125
"gene-LOC134695897|LOC134695897",21.9327487892692,0.0752754433915269,0.12746666307415,0.217796947486569,0.705179999881933
"gene-LOC134695898|LOC134695898",13.0497186440369,-0.0337955928394146,0.11601171066408,0.484993232464657,0.858540213429343
"gene-LOC134695907|LOC134695907",16.4055383119875,0.0829999864176554,0.147627383161259,0.112154075016934,0.596307637172188
"gene-LOC134695915|LOC134695915",70.287129093654,0.0520527656548861,0.108508242341966,0.395175586121646,0.826720797872459
"gene-LOC134695922|LOC134695922",10.2146156584228,0.00157069135421424,0.117785733015374,0.961834456418366,0.991081211353487
"gene-LOC134695924|LOC134695924",321.055163034334,0.00636696797401224,0.121604268656837,0.677646904710848,0.924535906928755
"gene-LOC134695936|LOC134695936",13.4591502986437,-0.0461187531637106,0.120632927395135,0.349825043467555,0.80898857511247
"gene-LOC134695937|LOC134695937",41.9666421865769,0.161042346311525,0.159081119160105,0.0541096011764395,0.473949477439012
"gene-LOC134695940|LOC134695940",24.4551471902238,0.0511483174382097,0.110012891442102,0.396723802561279,0.826798590532922
"gene-LOC134695944|LOC134695944",32.8144610184065,0.204386065964529,0.165990503004267,0.0277727567455947,0.349897617973289
"gene-LOC134695945|LOC134695945",138.486372119196,0.0170299638509841,0.105658437233304,0.756434306738211,0.94961625594829
"gene-LOC134695946|LOC134695946",31.6466355289578,-0.0313246107932874,0.107085631883054,0.578773212868996,0.896072107525604
"gene-LOC134695947|LOC134695947",28.4436001203788,-0.0572020903153629,0.118764092827848,0.319201661976219,0.791556704152286
"gene-LOC134695948|LOC134695948",89.8702825267671,-0.335694135368859,0.24860430256589,0.00904714629081939,0.218651273411405
"gene-LOC134695949|LOC134695949",23.1260407997723,-0.0414098227455281,0.11189858195716,0.457195040950223,0.846031906784615
"gene-LOC134695950|LOC134695950",23.8603586479341,0.017581690509465,0.113992285920169,0.694084280827345,0.929296223627318
"gene-LOC134695963|LOC134695963",9.7271874402513,0.0147886971062056,0.119495823606506,0.628494121814791,0.910895822190252
"gene-LOC134695965|LOC134695965",6.81987182127917,0.00668749899503741,0.119530481502458,0.801681302289544,0.958777657383338
"gene-LOC134695966|LOC134695966",14.4684380301238,0.0418155745480321,0.127934328698556,0.201369961671977,0.681762948897576
"gene-LOC134695971|LOC134695971",51.6500049384157,0.0917704456447768,0.121020889391735,0.181353367681366,0.658744089227767
"gene-LOC134695982|LOC134695982",6.43942267811428,-0.0190544823417537,0.122394441135858,0.389253363217101,NA
"gene-LOC134695991|LOC134695991",8.18326693253822,0.00438151941520424,0.119408248798851,0.868462176625886,0.975747205157066
"gene-LOC134695995|LOC134695995",31.5897968343002,-0.0114492958195245,0.0987384454863876,0.843954763914028,0.966714167475093
"gene-LOC134696001|LOC134696001",30.0150453557587,-0.00495016502669119,0.105613898365271,0.925324575922786,0.985177432859168
"gene-LOC134696002|LOC134696002",12.4165524744457,-0.000199340668050834,0.121969566304922,0.976770037301913,0.995479908586306
"gene-LOC134696003|LOC134696003",12.6532150454771,-0.208208793347179,0.337768183265235,0.0210908850408298,0.313800829314075
"gene-LOC134696006|LOC134696006",64.0393250791992,0.560215330124454,0.208630437036963,0.000358444197521716,0.0406725544733353
"gene-LOC134696015|LOC134696015",255.666746367257,0.133380952167573,0.0938100809774562,0.057086091434665,0.483310521148065
"gene-LOC134696016|LOC134696016",24.384452780334,0.0311996544021034,0.109962686957435,0.565230546704161,0.890597846469063
"gene-LOC134696017|LOC134696017",26.0011519749991,-0.168547257743583,0.174721140481881,0.0482920739825247,0.454917411390098
"gene-LOC134696026|LOC134696026",20.5893945819999,0.0627448653591675,0.131211097406516,0.206372565737721,0.688757595246135
"gene-LOC134696032|LOC134696032",21.0331310773094,-0.033445153622176,0.12444096801866,0.290382038101713,0.771139824127934
"gene-LOC134696038|LOC134696038",55.5206922337597,-0.0211014802420186,0.100074233723018,0.71911644801379,0.93741742022198
"gene-LOC134696039|LOC134696039",11.4536283538427,0.00641108320584262,0.120915418027809,0.746039320859984,0.947986108770842
"gene-LOC134696041|LOC134696041",18.3628238905115,-0.00491504199499672,0.12098891617956,0.787794520539831,0.956384665187901
"gene-LOC134696046|LOC134696046",31.5777897843486,0.0448817226821938,0.105554194578083,0.459736332651957,0.847603494640695
"gene-LOC134696050|LOC134696050",11.2370083229733,-0.0089863769600933,0.121307962685355,0.628879597322236,0.911139350811806
"gene-LOC134696051|LOC134696051",77.5318706560039,-0.0189711771956631,0.100699858576936,0.744201885940921,0.947677704065547
"gene-LOC134696055|LOC134696055",14.0574252635017,0.00864274497744565,0.121451472957431,0.62536130361146,0.910590279867861
"gene-LOC134696057|LOC134696057",34.8714071410243,0.0624362311361025,0.136871832937715,0.136512942148793,0.624139845752057
"gene-LOC134696061|LOC134696061",18.8825335502851,0.0734427587547154,0.138510507505132,0.153424810252014,0.639042493869484
"gene-LOC134696068|LOC134696068",14.2038590015349,-0.0762606337255269,0.140749542725251,0.142494102082185,0.627978786874401
"gene-LOC134696069|LOC134696069",19.785857589424,-0.0137582556454048,0.119401238758132,0.649176524925985,0.918046712290982
"gene-LOC134696070|LOC134696070",248.510651355692,-0.0577811753948901,0.0957361756610643,0.36987029682684,0.818303885653237
"gene-LOC134696071|LOC134696071",23.3844773658598,-0.0204309929765352,0.104135850768299,0.715890256798842,0.93567613525086
"gene-LOC134696077|LOC134696077",11.8856107374843,-0.0195919976176148,0.118133195626581,0.595321629269839,0.903181749062791
"gene-LOC134696078|LOC134696078",10.5837193016515,-0.0439269398940949,0.121492481103267,0.349208501555669,0.80898857511247
"gene-LOC134696081|LOC134696081",21.6711495656708,-0.0546064929251912,0.111651620849388,0.365259192481333,0.812684588929183
"gene-LOC134696089|LOC134696089",35.5397543992926,0.0126460028859411,0.105276909579953,0.816824007778517,0.961372832010617
"gene-LOC134696103|LOC134696103",17.5768420593708,-0.0527505781532452,0.129955406835817,0.207330967149317,0.689633681814358
"gene-LOC134696106|LOC134696106",7.16486317368248,0.00192621482581217,0.121106639782025,0.911614511268392,0.98251592545162
"gene-LOC134696107|LOC134696107",19.3281271061027,0.0249395997039566,0.119828881134185,0.491422359204408,0.86230568116643
"gene-LOC134696109|LOC134696109",12.4685947620523,0.0201592463474023,0.120017567727988,0.532666354807833,0.876836729956355
"gene-LOC134696131|LOC134696131",19.761655060643,-0.0440838787579358,0.120769865521873,0.359593207880925,0.811668122295978
"gene-LOC134696137|LOC134696137",483.433267436121,0.00989164151715771,0.112030858406197,0.830914668818948,0.965062027727217
"gene-LOC134696143|LOC134696143",6.91375340648063,0.0028201961624685,0.121884438874128,0.791622788519749,0.956995220143462
"gene-LOC134696145|LOC134696145",9.05078833183209,0.000940163332171289,0.113190017443326,0.983219440968161,0.99595232498375
"gene-LOC134696146|LOC134696146",11.2711785852822,-0.0128048176435026,0.122470351241778,0.365879818439111,0.812684588929183
"gene-LOC134696147|LOC134696147",987.339063349647,-0.0684465100223286,0.0894928926735092,0.290029077986171,0.771139824127934
"gene-LOC134696151|LOC134696151",27.3556801145405,-0.068743341377969,0.107020757939792,0.293318949828589,0.772631316913971
"gene-LOC134696159|LOC134696159",7.09935900362574,0.00245722975279815,0.119767293556136,0.920979173923066,0.984696621169533
"gene-LOC134696162|LOC134696162",13.1683019379638,0.014783045638531,0.116918209449954,0.694662399897213,0.929296223627318
"gene-LOC134696168|LOC134696168",10.9603912543048,-0.0180320344072486,0.122044464437514,0.427482479200237,0.835542057474881
"gene-LOC134696169|LOC134696169",9.16646201809727,-0.00366838802620646,0.116550203650061,0.916680478063055,0.984580118136683
"gene-LOC134696171|LOC134696171",6.3898418100117,0.00465307697205408,0.121892056684255,0.684674094023293,NA
"gene-LOC134696172|LOC134696172",29.8976159177092,0.052814538591473,0.121822842025041,0.315503674364805,0.788653877609487
"gene-LOC134696175|LOC134696175",8.31266263287352,-0.0260722383358716,0.123216998221204,0.331109538903719,0.798608482077279
"gene-LOC134696183|LOC134696183",13.9134231153942,0.0130277216774389,0.106577893449142,0.828042426951679,0.96441831033299
"gene-LOC134696190|LOC134696190",305.077954478195,-0.350608003778563,0.173767585065622,0.00303240030546251,0.137660530094259
"gene-LOC134696196|LOC134696196",12.2091995857341,0.0524273537577756,0.133520486100756,0.128009904896424,0.616067198584733
"gene-LOC134696213|LOC134696213",25.1868702015157,0.0538550437233574,0.132009889098411,0.170964696711387,0.651911717755385
"gene-LOC134696225|LOC134696225",45.8629000895296,0.0360762583159965,0.0911943199896512,0.562606857270068,0.889818923835977
"gene-LOC134696226|LOC134696226",11.3046390519149,0.0327277184749189,0.125373181504301,0.23792638028036,0.719059992703639
"gene-LOC134696228|LOC134696228",18.5586220522452,0.0341860256818765,0.121561949027285,0.386116373598587,0.821366700441867
"gene-LOC134696232|LOC134696232",11.0323630890015,-0.00164351815296328,0.11814584111675,0.955804427651963,0.990589731896691
"gene-LOC134696238|LOC134696238",70.893416105091,-0.0397989662090021,0.101342354700087,0.514143879226464,0.871527350897159
"gene-LOC134696244|LOC134696244",37.0733728803152,0.00828334366365662,0.118896822202066,0.667415459773631,0.921742651670224
"gene-LOC134696254|LOC134696254",9.69464228943578,-0.0428241012782757,0.13040927005298,0.108514048750219,0.591192170056114
"gene-LOC134696257|LOC134696257",180.689621705446,-0.0366768459928799,0.11605222737865,0.460449912313972,0.848292593682494
"gene-LOC134696261|LOC134696261",274.981080710797,0.0199472670511175,0.0989130427112884,0.740014859694101,0.945457375552541
"gene-LOC134696267|LOC134696267",13.995906030992,0.00125610275055269,0.121566963613407,0.937885912939416,0.986908472952548
"gene-LOC134696272|LOC134696272",9.4924748395946,-0.0208683596821053,0.12219141316858,0.404241275118762,0.828569242480243
"gene-LOC134696273|LOC134696273",8.33039642216415,0.0217336973488928,0.12338013556942,0.293038854931391,0.772631316913971
"gene-LOC134696282|LOC134696282",9.17338774657212,0.0204359578578473,0.117683733589651,0.595876381055967,0.903304056912138
"gene-LOC134696286|LOC134696286",43.7794373691503,-0.216689384162648,0.468374758219589,0.0139958351939352,0.263079795554681
"gene-LOC134696293|LOC134696293",7.44723497029423,0.0127498777020308,0.121648796440866,0.51779450914601,0.871913232704342
"gene-LOC134696294|LOC134696294",146.871285781554,-0.0135307367433877,0.0750254720815518,0.819125755727393,0.962092576666134
"gene-LOC134696295|LOC134696295",27.6976028566255,0.0259117008317288,0.117218154721123,0.541534524746994,0.880111123227048
"gene-LOC134696296|LOC134696296",8.34106153769665,0.008529459483125,0.121667820031963,0.596813240453087,0.903304056912138
"gene-LOC134696297|LOC134696297",8.37134886394736,-0.00824804422347672,0.118445270069473,0.788121413088634,0.956384665187901
"gene-LOC134696304|LOC134696304",16.9526515316838,0.00347710155976182,0.106707066087954,0.947596071736611,0.990448749036931
"gene-LOC134696313|LOC134696313",10.029839690677,-0.0206142784200267,0.115618105951343,0.629034544943753,0.911187564232837
"gene-LOC134696314|LOC134696314",934.89087159771,0.00933689502849154,0.119899623848509,0.71016679960036,0.933953954014707
"gene-LOC134696328|LOC134696328",20.74743276339,0.077603465578146,0.146661078127318,0.101594429966459,0.579631212729381
"gene-LOC134696330|LOC134696330",22.9940013451644,0.0213428289373066,0.121528095021208,0.448725812260932,0.843025033578531
"gene-LOC134696333|LOC134696333",14.0500660200518,-0.0138123256957261,0.122160923449555,0.43031613058108,0.835955157836452
"gene-LOC134696344|LOC134696344",59.6476572325476,-0.0130248415923376,0.114817602875023,0.752767919000191,0.949383119158366
"gene-LOC134696346|LOC134696346",586.528075837077,-0.114778479967457,0.199221848074753,0.0224925314830935,0.322058625492466
"gene-LOC134696347|LOC134696347",760.931214989161,-0.289819400776341,0.226992479998609,0.012548841050498,0.248619763563966
"gene-LOC134696349|LOC134696349",13.1582451125941,-0.0453417511186871,0.132794029064555,0.0513044223348506,0.464408115048433
"gene-LOC134696369|LOC134696369",1457.053037658,0.0175325819274958,0.0766258724225727,0.819503240006917,0.962092576666134
"gene-LOC134696371|LOC134696371",18.02259246433,0.0367284405987687,0.122634998148505,0.352278966045703,0.810761271271134
"gene-LOC134696374|LOC134696374",230.31796825294,0.00834402335902683,0.121223612164775,0.661925302005667,0.921280410177282
"gene-LOC134696375|LOC134696375",662.555648843855,-0.0699167843332028,0.149531384927543,0.0227560500513333,0.322058625492466
"gene-LOC134696376|LOC134696376",36.417923297947,0.00238948455204692,0.0999917578415744,0.967647887811,0.992550187342434
"gene-LOC134696380|LOC134696380",27.8844575106029,-0.11740415823416,0.163061076691482,0.0864427570939875,0.55439077242687
"gene-LOC134696383|LOC134696383",7.08097018538334,0.0174343792299074,0.119710240571943,0.578562499876766,0.895958346066398
"gene-LOC134696387|LOC134696387",56.12769022368,0.0171870583681604,0.123269545839541,0.235595749629477,0.716934810635982
"gene-LOC134696390|LOC134696390",241.773924533034,0.0259705937953164,0.106467562111815,0.642039898280701,0.914809132082223
"gene-LOC134696394|LOC134696394",44.2244165437214,0.0263738987879467,0.11541687221404,0.564883065454807,0.890415019839502
"gene-LOC134696397|LOC134696397",47.4177332260284,0.0736353211698448,0.120156801603789,0.244486073563551,0.725705986887609
"gene-LOC134696398|LOC134696398",84.0321658693297,0.0146573926964675,0.103330246715145,0.795237054433863,0.957868879990908
"gene-LOC134696399|LOC134696399",38.1952738550486,-0.0272371148519507,0.111369318726106,0.593508913408605,0.902678361599724
"gene-LOC134696401|LOC134696401",38.8599297143822,-0.0495300135028058,0.118089758084211,0.35857806213332,0.811668122295978
"gene-LOC134696403|LOC134696403",31.1927515320531,-0.0588730928404474,0.134048124886454,0.162368202435048,0.644051070807598
"gene-LOC134696420|LOC134696420",11.1646694208515,0.0184345142820185,0.116853594272638,0.639767865115715,0.914809132082223
"gene-LOC134696421|LOC134696421",10.3110054052286,-0.003736524953633,0.120320450094521,0.863077770209098,0.973956778441233
"gene-LOC134696426|LOC134696426",18.0940685477622,-0.0708270655999516,0.137075487740574,0.161396184202319,0.643034890935151
"gene-LOC134696427|LOC134696427",11.1963226704472,-0.0146259886147608,0.120208571827924,0.596038959174352,0.903304056912138
"gene-LOC134696433|LOC134696433",53.8993047432123,-0.0646119940491693,0.122637329776644,0.26560952520167,0.746411520495304
"gene-LOC134696439|LOC134696439",20.0109602781461,0.000482134765876511,0.119782241711344,0.986232112883559,0.996477643468021
"gene-LOC134696440|LOC134696440",309.379839149401,-0.0743609123553671,0.139255777783449,0.144519166454761,0.631223000301963
"gene-LOC134696445|LOC134696445",73.0524034849434,0.221593003945018,0.134185575940098,0.0141502004017343,0.263568335535582
"gene-LOC134696459|LOC134696459",27.7560700684035,0.0964566229383599,0.147257671156546,0.123739415505799,0.610633401063977
"gene-LOC134696460|LOC134696460",22.6049663369881,-8.8690968459209e-05,0.113991034652492,0.986068650968502,0.996446920402525
"gene-LOC134696461|LOC134696461",8.29513485779838,-0.00351293963642738,0.112879555760285,0.935183948326929,0.986824046819264
"gene-LOC134696466|LOC134696466",30.8743964493402,0.0163162098972264,0.103928942995085,0.77154882786702,0.953685276062354
"gene-LOC134696476|LOC134696476",40.9121699049322,-0.0475736914990311,0.119450190606256,0.357285993769032,0.811592466382447
"gene-LOC134696481|LOC134696481",12.3680285754609,-0.00932930190250258,0.120429547634704,0.690394750457074,0.928427042863215
"gene-LOC134696483|LOC134696483",17.9752656445284,0.0209218855777751,0.119295708710177,0.54807076485678,0.88287604337532
"gene-LOC134696497|LOC134696497",46.6784345266679,-0.00883263487786102,0.117104825702303,0.798320029859432,0.958777657383338
"gene-LOC134696498|LOC134696498",31.7007012621137,-1.17806751996846,0.467515114569344,0.000375806227500169,0.0407286757291919
"gene-LOC134696499|LOC134696499",18.6151524381682,0.0223801402685923,0.10631847985664,0.684069436879818,0.926065801300246
"gene-LOC134696508|LOC134696508",16.5151307267094,-0.0298491864083686,0.125310793581007,0.206168639315608,0.688757595246135
"gene-LOC134696510|LOC134696510",300.694167236472,-0.0207054277479979,0.121092171964,0.47343200335941,0.854081344947249
"gene-LOC134696519|LOC134696519",45.5603907120926,-0.0412822995166611,0.130168328942389,0.0946470833201848,0.572083944297711
"gene-LOC134696527|LOC134696527",55.0259838149197,0.0610355083369854,0.0894328064733473,0.342001387692014,0.80340288344589
"gene-LOC134696529|LOC134696529",29.3952885476365,-0.0190510753769585,0.102649444263739,0.736976790829027,0.944434969376115
"gene-LOC134696535|LOC134696535",81.0260814686306,-0.086115689868144,0.147145990751566,0.118358429121994,0.60666323189779
"gene-LOC134696538|LOC134696538",16.0526724149533,0.00944257742912788,0.106234699965082,0.860114552720846,0.973375096633959
"gene-LOC134696539|LOC134696539",61.5107041413505,-0.00956736530351272,0.10610717971144,0.854540213377538,0.971567724640836
"gene-LOC134696546|LOC134696546",92.7923636986543,-0.00797814703507264,0.122388789446493,0.356254404761263,0.811592466382447
"gene-LOC134696548|LOC134696548",20.4314344498719,-0.0966368131558032,0.144280263020905,0.1301832430333,0.619010988619927
"gene-LOC134696549|LOC134696549",29.7879168519053,0.00029374261350796,0.105356664000818,0.996210732443193,0.999012074888467
"gene-LOC134696566|LOC134696566",30.0602311419244,-0.0487487308849945,0.106752080195044,0.424284840004317,0.835542057474881
"gene-LOC134696567|LOC134696567",33.6610397160442,-0.0074353855523095,0.119446909415317,0.780574792469137,0.955272826382029
"gene-LOC134696570|LOC134696570",58.4253008456114,-0.0144260806232858,0.118233826828394,0.669027431909293,0.922711307465918
"gene-LOC134696574|LOC134696574",17.0940299234331,-0.0128175900310797,0.122249461492134,0.418066029325716,0.833797715244198
"gene-LOC134696602|LOC134696602",25.1551751848421,-0.0275933858028748,0.116828762226569,0.528722811688173,0.87559280413096
"gene-LOC134696606|LOC134696606",19.0359644342121,0.0085523304324486,0.113976709023826,0.840429124576993,0.965558865799071
"gene-LOC134696607|LOC134696607",20.5720263802441,-0.0233002636886515,0.107861824900553,0.662932956891846,0.921381956457196
"gene-LOC134696613|LOC134696613",9.80441824853521,-0.00352742215490934,0.12136960270519,0.816615209842493,0.961372832010617
"gene-LOC134696614|LOC134696614",27.3000151522263,0.270618012905032,0.193088394344013,0.0128771670949923,0.251216917717399
"gene-LOC134696622|LOC134696622",271.841303893837,0.391553370395259,0.13052941164052,0.000208646260635767,0.0284100335618411
"gene-LOC134696627|LOC134696627",8.87213403026255,-0.0557603193821748,0.136083069337366,0.0987911363787008,0.579342280275393
"gene-LOC134696640|LOC134696640",18.2109114638553,0.026005694914815,0.109702845352206,0.622636814403004,0.90936906416486
"gene-LOC134696653|LOC134696653",62.7435329209301,0.155467307766647,0.139990731822376,0.0569544028111784,0.483310521148065
"gene-LOC134696665|LOC134696665",72.3484013109025,0.0529037429928471,0.0953180214584394,0.408527539211954,0.831856384439449
"gene-LOC134696666|LOC134696666",12.8653170611247,-0.0160289923297835,0.122737845850449,0.331541761105801,0.799206772326914
"gene-LOC134696668|LOC134696668",27.2800643532853,-0.013396567216807,0.121897789378689,0.473856053979946,0.854081344947249
"gene-LOC134696669|LOC134696669",8.49727098113885,0.00485357804407572,0.121050881157715,0.791174715709895,0.956995220143462
"gene-LOC134696670|LOC134696670",12.3159972913972,-0.0360528584007182,0.127896186375027,0.125289693779236,0.612064264000456
"gene-LOC134696677|LOC134696677",12.0406055258094,-0.0389500745643953,0.126143215679456,0.245936796200182,0.726556476032807
"gene-LOC134696700|LOC134696700",27.1667212715745,0.260511353746137,0.179988058447073,0.013210606549694,0.254285907755632
"gene-LOC134696706|LOC134696706",101.222996408855,-0.0235600956575433,0.0909173501522675,0.703107265769234,0.932289361428079
"gene-LOC134696709|LOC134696709",78.1578111058387,0.391027967687774,0.173251139759727,0.00157543006681489,0.0885169247773515
"gene-LOC134696710|LOC134696710",26.0857577746118,0.017719730178041,0.122063099404107,0.429345879496311,0.835595449986453
"gene-LOC134696716|LOC134696716",11.5283553363846,0.0208063439181488,0.122331095305103,0.394417471380328,0.826720797872459
"gene-LOC134696728|LOC134696728",7.08159536198809,-0.0211608191773151,0.122755097913441,0.355031862568412,0.811592466382447
"gene-LOC134696732|LOC134696732",40.9316257906592,0.0926304582915457,0.109138516179245,0.18154391992069,0.658744089227767
"gene-LOC134696733|LOC134696733",14.6991110760125,0.035849862127505,0.113487521153979,0.494050164981248,0.862457269357709
"gene-LOC134696737|LOC134696737",45.6001411905372,-0.0760004221258807,0.139310661855272,0.15114143959816,0.638738768482586
"gene-LOC134696741|LOC134696741",9.35472748778876,-0.0062425986979686,0.112368794804159,0.888089225715998,0.977383609163761
"gene-LOC134696745|LOC134696745",12.2274933827514,0.103117304178613,0.163792125752887,0.0804824325112185,0.538290611457008
"gene-LOC134696746|LOC134696746",59.2468603182536,0.000589660908452628,0.109004835492239,0.991814268294971,0.997848481775248
"gene-LOC134696752|LOC134696752",35.6427950564909,0.0896431216891474,0.141866058277565,0.70976101339727,0.933953954014707
"gene-LOC134696763|LOC134696763",14.6789923056415,-0.040838963501358,0.124911829395632,0.288800990758601,0.770238824711953
"gene-LOC134696767|LOC134696767",8.18615954782595,0.0105293442645807,0.121525071735275,0.571570231242394,0.892514888984445
"gene-LOC134696768|LOC134696768",25.9106427559516,-0.0780879101168497,0.129675434583205,0.200368470763279,0.680353613556914
"gene-LOC134696773|LOC134696773",12.362138838694,-0.0405194171217158,0.130449094049987,0.0644178636623178,0.497638374685341
"gene-LOC134696776|LOC134696776",10.689767870436,-0.00255067724541487,0.118238863218345,0.931624421070545,0.986824046819264
"gene-LOC134696779|LOC134696779",6.47035506969619,0.00661235750282863,0.121742926072982,0.639906004550477,NA
"gene-LOC134696787|LOC134696787",35.0268488034443,-0.0182227903945585,0.118322649994613,0.607940454394131,0.905455368892464
"gene-LOC134696802|LOC134696802",114.16445484764,0.000855319841022342,0.0819622324727523,0.989512001188196,0.997772367968009
"gene-LOC134696803|LOC134696803",10.0028440949862,0.0124300818287796,0.118664274670078,0.696955143544562,0.929563146928802
"gene-LOC134696820|LOC134696820",17.9858519757331,-6.10460974090155e-05,0.120519338534987,0.995070629856939,0.998538618272986
"gene-LOC134696838|LOC134696838",28.1765328551234,-0.0388795361745598,0.101940634842558,0.522833302239838,0.873333155840528
"gene-LOC134696846|LOC134696846",30.7898187386853,0.0437722940422768,0.104473905432199,0.472291255046555,0.853108829967114
"gene-LOC134696857|LOC134696857",43.2990003173719,0.0192545007836914,0.110492181094429,0.702037059867793,0.931935916524941
"gene-LOC134696861|LOC134696861",18.2560034618095,-0.0440610192585354,0.12099076937173,0.355676315517516,0.811592466382447
"gene-LOC134696869|LOC134696869",1414.5594836871,-0.0743900714920954,0.149003689656041,0.0618611932008541,0.49197515834854
"gene-LOC134696872|LOC134696872",17.8989725583021,-0.041208959092651,0.109009460459207,0.476560486358095,0.855045875020549
"gene-LOC134696875|LOC134696875",27.8744938933752,-0.108013153038745,0.12098257203471,0.133366041886238,0.621419232761849
"gene-LOC134696885|LOC134696885",43.6036025188597,0.0047141357058533,0.108895539154671,0.92550777798938,0.985177432859168
"gene-LOC134696895|LOC134696895",11.7563837865674,-0.0127544534642431,0.121451881656456,0.534238322436908,0.876836729956355
"gene-LOC134696896|LOC134696896",16.9071362223666,0.0605653996822095,0.120038661309171,0.298316186992484,0.776264740926587
"gene-LOC134696905|LOC134696905",131.130597815592,0.0815973402069313,0.0855792163854156,0.207550016536294,0.689633681814358
"gene-LOC134696906|LOC134696906",43.2936703923156,-0.0393841892506018,0.103734981956242,0.511845913338354,0.871527350897159
"gene-LOC134696920|LOC134696920",318.201556722995,-0.00661244465394274,0.121816085520476,0.615529942699245,0.906976815718786
"gene-LOC134696927|LOC134696927",29.022561431991,0.0308911509733099,0.108577259170019,0.575579133592159,0.89355558280922
"gene-LOC134696942|LOC134696942",1530.07019451718,-0.00675830082914763,0.121772862452313,0.649053134743471,0.918046712290982
"gene-LOC134696961|LOC134696961",11.1270028444963,0.065037373206556,0.13505183646163,0.169565766173478,0.650165416239872
"gene-LOC134696966|LOC134696966",59.6333347626096,-0.00451005186522684,0.121482229084966,0.758763338019143,0.950201142489307
"gene-LOC134696967|LOC134696967",54.3962524025907,-0.0373949937919886,0.0989424955865226,0.542818993682977,0.880825086926021
"gene-LOC134696971|LOC134696971",78.5590345449561,0.00559245324554917,0.120818883135839,0.781597553475123,0.955385801967526
"gene-LOC134696981|LOC134696981",9.97872581819237,0.00397644150826135,0.119549690801299,0.878132706537487,0.977383609163761
"gene-LOC134696987|LOC134696987",175.48537194828,0.138197841513093,0.0761409594194522,0.0273441444601078,0.347674529476651
"gene-LOC134696989|LOC134696989",8.56916577273635,0.0722495543241104,0.15339252324859,0.00753650437549264,0.203024752762821
"gene-LOC134697001|LOC134697001",3505.15487717016,-0.0118219545802998,0.113453121688725,0.784823403283749,0.956319958866254
"gene-LOC134697002|LOC134697002",2199.67116921952,0.00597360717788195,0.113531696704432,0.891429691053159,0.978873454002509
"gene-LOC134697009|LOC134697009",30.0724728980023,-0.00570807681794636,0.0959671121351157,0.922899249145031,0.984837913486341
"gene-LOC134697014|LOC134697014",144.120853273277,0.00698239694528662,0.10197013092571,0.90832379284098,0.98251592545162
"gene-LOC134697017|LOC134697017",20.1470012271687,0.0640914977288711,0.138794953295589,0.118681221377598,0.60666323189779
"gene-LOC134697034|LOC134697034",1260.33762891279,-0.105344441191595,0.138367657524258,0.125997676072845,0.613123194353173
"gene-LOC134697039|LOC134697039",11.4304873304351,0.000741956719447025,0.121782211018674,0.950812853188133,0.990589731896691
"gene-LOC134697042|LOC134697042",112.240009565277,0.0262954853769456,0.0761846029524913,0.663244699433034,0.921381956457196
"gene-LOC134697043|LOC134697043",37.111314847941,0.0130824207803953,0.107392977065775,0.804054570122353,0.959584432980747
"gene-LOC134697050|LOC134697050",22.884525288244,-0.0636296779845986,0.133633626021272,0.182332845790592,0.660099167969997
"gene-LOC134697053|LOC134697053",931.677346962255,-0.100436005550939,0.0920628114970272,0.134855327833454,0.623671444980021
"gene-LOC134697055|LOC134697055",130.129840994645,0.0483919422073827,0.0796755969506249,0.436105241406794,0.837018012862708
"gene-LOC134697058|LOC134697058",7.60203244265231,-0.00372287868514919,0.121224130022928,0.819995429369739,0.962292847618592
"gene-LOC134697061|LOC134697061",15.5017337381112,0.0466527301822329,0.127836555205553,0.231382042343708,0.714623063583092
"gene-LOC134697064|LOC134697064",31.9507156231596,0.00160839657870754,0.112920744684509,0.971133997383648,0.993826524515734
"gene-LOC134697067|LOC134697067",8.99619947693218,-0.0207705972921854,0.120097053458666,0.518968471337917,0.872022093906266
"gene-LOC134697070|LOC134697070",14.5921576878874,-0.0562219952724708,0.12841593568321,0.23431165263812,0.716057146239723
"gene-LOC134697076|LOC134697076",11.2739218112733,-0.0513222277811062,0.120254805450562,0.334056136779345,0.800046820703714
"gene-LOC134697077|LOC134697077",20.3781869524404,0.0561871189250157,0.108661113264613,0.366171385576267,0.812761560930843
"gene-LOC134697084|LOC134697084",199.542102259168,0.170292338396044,0.139887891624427,0.0430163087583483,0.432414948041974
"gene-LOC134697086|LOC134697086",18.8407330254771,-0.004877327516968,0.108356059263853,0.922450476975646,0.984779988891035
"gene-LOC134697090|LOC134697090",37.575435156304,-0.0406818158600448,0.105130637759488,0.498376772163632,0.863968436743853
"gene-LOC134697091|LOC134697091",9.8540117757581,-0.00269034621401425,0.120300596398426,0.900177036532581,0.98065001678538
"gene-LOC134697093|LOC134697093",6.5811982159683,-0.0140693223556743,0.121306115879673,0.532824178978421,NA
"gene-LOC134697101|LOC134697101",32.300621546645,0.108749204970405,0.147720170943577,0.11326455235118,0.596930494410968
"gene-LOC134697105|LOC134697105",10.125656220369,0.151804515331144,0.259477641597487,0.0223551993388871,0.321957861247934
"gene-LOC134697107|LOC134697107",8.52070352833799,-0.0145843303963042,0.121008087973723,0.547790882759604,0.88287604337532
"gene-LOC134697115|LOC134697115",8.28589132983722,0.00363033407741444,0.119683939702627,0.886014327346301,0.977383609163761
"gene-LOC134697116|LOC134697116",942.721402325024,-0.0381135544590117,0.122486857425191,0.349899124725493,0.80898857511247
"gene-LOC134697119|LOC134697119",6.42895560545402,0.015549853774487,0.122565246017545,0.361941870416033,NA
"gene-LOC134697121|LOC134697121",8.52005602773069,0.00149770339075165,0.121423186024798,0.920660406934486,0.984677261486326
"gene-LOC134697125|LOC134697125",38.696097385078,-0.0128559081886294,0.107680987168302,0.804005956959489,0.959584432980747
"gene-LOC134697128|LOC134697128",9.2420147073682,0.00667867762695197,0.120989866179339,0.731190524847565,0.942006853704355
"gene-LOC134697131|LOC134697131",35.8739928638229,-0.182613568897473,0.200332927845862,0.0389444301552951,0.413108834890942
"gene-LOC134697132|LOC134697132",13.9015482030482,-0.0382647849807691,0.120671862557243,0.386168567639707,0.821366700441867
"gene-LOC134697135|LOC134697135",29.9869690393679,0.0181062883886667,0.122670630694499,0.357841944718232,0.811592466382447
"gene-LOC134697136|LOC134697136",70.9879748110125,0.0646304052208203,0.0917821466592775,0.317317188455765,0.790116175262902
"gene-LOC134697139|LOC134697139",13.486155676234,-0.0221074088745931,0.106816042761146,0.685363654042519,0.926478051466503
"gene-LOC134697144|LOC134697144",13.8443927250215,0.0194202290053183,0.113897701359651,0.669346788575148,0.922711307465918
"gene-LOC134697153|LOC134697153",56.8243234720531,0.143662390356817,0.138024152764815,0.0703938615609404,0.515329159545523
"gene-LOC134697155|LOC134697155",14.2422760438755,-0.0286055333579485,0.1252078807067,0.194872643592605,0.672225346782597
"gene-LOC134697157|LOC134697157",46.5568970978601,0.0612398056663112,0.111564565864821,0.32714799454959,0.795063998766021
"gene-LOC134697158|LOC134697158",25.8944681596784,0.0149201768469071,0.115124072007337,0.720623086963712,0.937715893503337
"gene-LOC134697162|LOC134697162",92.3623431289282,0.0970934878029805,0.125885712902263,0.165856975179823,0.64634592229987
"gene-LOC134697166|LOC134697166",7.09738441997663,0.0148575611982686,0.120178439540849,0.59647421265922,0.903304056912138
"gene-LOC134697167|LOC134697167",7.04088935977741,-0.00212021256215549,0.121418232230151,0.882740561904102,0.977383609163761
"gene-LOC134697168|LOC134697168",39.1515803720285,-0.102017721573709,0.14681091900732,0.120738476133233,0.608970421657898
"gene-LOC134697172|LOC134697172",44.7404342749623,-0.0213329292649474,0.103373864775474,0.707605980626559,0.933801459760888
"gene-LOC134697177|LOC134697177",87.130166074495,-0.0273243583373271,0.0958983368483409,0.654205554634912,0.918856976493033
"gene-LOC134697178|LOC134697178",24.238414837579,-0.651115643820893,0.27517870460571,0.000722856747479712,0.0608448206271158
"gene-LOC134697180|LOC134697180",28.5040681049912,0.00315208437663933,0.0996253912769911,0.957213381375656,0.990589731896691
"gene-LOC134697182|LOC134697182",12.4781818362775,0.0105562319806066,0.111473676146872,0.822684674543384,0.963391670213955
"gene-LOC134697183|LOC134697183",167.376747979784,0.0216529746352904,0.110856477657741,0.662954221035371,0.921381956457196
"gene-LOC134697184|LOC134697184",463.217825053183,-0.00876633423542917,0.12240475463286,0.26076518626899,0.74169026964241
"gene-LOC134697186|LOC134697186",754.964396341765,-0.0193865925769046,0.0904875109635441,0.751191932628354,0.94932102319503
"gene-LOC134697187|LOC134697187",8.88600150276734,0.0055156355332014,0.118454357847074,0.855314228901191,0.97201636183164
"gene-LOC134697189|LOC134697189",87.5233968886235,-0.0277664504177656,0.108502537702524,0.608541699239792,0.905455368892464
"gene-LOC134697192|LOC134697192",6.19369678463783,0.00944659316144088,0.120540766034388,0.684672000593552,NA
"gene-LOC134697193|LOC134697193",18.6899857609796,0.0637792293652824,0.120592453249948,0.281310162011505,0.762459166226361
"gene-LOC134697195|LOC134697195",12.307503282217,-0.0516837650433297,0.136280892072561,0.0404326733636408,0.420479008334881
"gene-LOC134697198|LOC134697198",10.9348655659652,-0.00564557504590655,0.119939495051794,0.814791550217221,0.960728032217451
"gene-LOC134697202|LOC134697202",44.0315526665751,0.0763649132206457,0.120978816977004,0.233244077217666,0.716057146239723
"gene-LOC134697203|LOC134697203",36.9455703540802,-0.106413373647741,0.164707255309977,0.083505208805662,0.544624641692367
"gene-LOC134697206|LOC134697206",523.228632131614,-0.0440335943097134,0.117091447271689,0.399622568564995,0.827255071865873
"gene-LOC134697210|LOC134697210",49.1435923074622,-0.0899732694072002,0.14169557203739,0.141701198546411,0.627557821356636
"gene-LOC134697216|LOC134697216",13.4105088616598,-0.0416476221912574,0.120232650276059,0.373499396894012,0.820038855990219
"gene-LOC134697218|LOC134697218",110.572067497251,0.0375938552513105,0.114435307323001,0.469695313821034,0.851088363224226
"gene-LOC134697219|LOC134697219",614.309914111615,-0.0648790185514154,0.142430385751015,0.0701485657336518,0.515329159545523
"gene-LOC134697223|LOC134697223",18.8716052102697,-0.0597714350164618,0.124281654747098,0.27150821517505,0.752049180358979
"gene-LOC134697229|LOC134697229",12.1729067359026,0.0172557294027045,0.121180988996863,0.504864123889976,0.866616260327916
"gene-LOC134697230|LOC134697230",39.2093993633687,0.0174944160695181,0.0987976617061703,0.767834994203477,0.953617955487536
"gene-LOC134697241|LOC134697241",11.7605307815182,0.137962624394728,0.228222803845035,0.0276791713380671,0.349560394857984
"gene-LOC134697243|LOC134697243",7.62291550962598,-0.0194909067867358,0.121776913100481,0.44106757705852,0.839216230841274
"gene-LOC134697248|LOC134697248",32.7859622353303,-0.0279120212328452,0.125232926385017,0.0784022298721897,0.532929442927726
"gene-LOC134697254|LOC134697254",9.99648940157108,-0.0302115334554965,0.126005351223512,0.152016217739786,0.638860524496776
"gene-LOC134697259|LOC134697259",62.8989585901306,-0.108475277046448,0.113886161375844,0.131796364062179,0.620317785725725
"gene-LOC134697261|LOC134697261",7.65166942309944,-0.00420241895274989,0.117189680503717,0.899970822435224,0.98065001678538
"gene-LOC134697262|LOC134697262",37.8490699988783,0.0864891018117578,0.123585477862666,0.195026286518718,0.672445607614494
"gene-LOC134697272|LOC134697272",15.2903325303667,0.0629681825232207,0.138322105000487,0.118643437736662,0.60666323189779
"gene-LOC134697275|LOC134697275",9.34229443454809,-0.0290387856308455,0.12201241198757,0.388738128724891,0.82303705168547
"gene-LOC134697278|LOC134697278",10.6090878186273,-0.0525077953712231,0.133682534818483,0.121519769446388,0.608970421657898
"gene-LOC134697279|LOC134697279",6.89798939761019,-0.0096985716866047,0.120891628291942,0.651063662863493,0.918046712290982
"gene-LOC134697281|LOC134697281",25.6835097781172,0.00509995669898674,0.112450246574755,0.909991282085099,0.98251592545162
"gene-LOC134697283|LOC134697283",8.16876597682649,0.0156377902602879,0.119582555812565,0.610135137057086,0.905829590890778
"gene-LOC134697285|LOC134697285",88.3309714974789,0.0887036186654155,0.147489151087065,0.121275012362476,0.608970421657898
"gene-LOC134697286|LOC134697286",11.4157981546186,0.0168803259015826,0.121146100222426,0.511297227542139,0.871241168842566
"gene-LOC134697294|LOC134697294",77.0473552435038,0.09863127121939,0.116175125011184,0.161288456680053,0.643034890935151
"gene-LOC134697296|LOC134697296",31.245577461659,-0.0458288434567239,0.129962956436401,0.165065551583997,0.64634592229987
"gene-LOC134697300|LOC134697300",10.3638283341816,2.83201382789211,0.61983904168155,1.94902007780555e-07,0.000177335882479805
"gene-LOC134697301|LOC134697301",12.8649313005149,-0.0121319473141816,0.111733859119989,0.795977308176248,0.958217981181791
"gene-LOC134697302|LOC134697302",39.2077612652356,0.021174930950904,0.0995995406951979,0.72162391456977,0.937968163682379
"gene-LOC134697303|LOC134697303",365.571562502811,0.096283327771662,0.0730979066257155,0.107928859108879,0.591192170056114
"gene-LOC134697304|LOC134697304",7.80066964305181,0.00307871468769831,0.119467436257679,0.906402626845236,0.982351558964396
"gene-LOC134697306|LOC134697306",354.329440553666,-0.0078192270708301,0.121566461470121,0.604767530859731,0.904589020585693
"gene-LOC134697316|LOC134697316",14.9319008504458,0.0344861098762892,0.119384979301003,0.431646476214175,0.8360891578941
"gene-LOC134697320|LOC134697320",306.031510985247,0.29048464142213,0.127855511848362,0.00243782645783892,0.116285874794622
"gene-LOC134697321|LOC134697321",19.3957865496618,0.00198976404925275,0.120552729613124,0.924873440771964,0.985177432859168
"gene-LOC134697322|LOC134697322",21.1769531246399,0.00281247977378772,0.102715121536314,0.960887396285268,0.99096568624634
"gene-LOC134697323|LOC134697323",584.345720568254,-0.00833671345165542,0.122096972502603,0.492316950113288,0.862457269357709
"gene-LOC134697341|LOC134697341",11.5793873449807,0.0607789115036586,0.127411496493705,0.242624451265666,0.724198690924101
"gene-LOC134697342|LOC134697342",174.750952785959,0.00641349621053344,0.121852992030979,0.626889996040666,0.910895822190252
"gene-LOC134697348|LOC134697348",13.015133691972,-0.012921875045233,0.120624693657686,0.601336378873157,0.904066623728823
"gene-LOC134697352|LOC134697352",99.8069649918665,0.0386851101397406,0.0935824752457704,0.53409635564718,0.876836729956355
"gene-LOC134697354|LOC134697354",15.9139717435416,0.0946401402137863,0.162558048962209,0.0676653458026015,0.505734306103476
"gene-LOC134697356|LOC134697356",16.2077842123013,0.0252206695167498,0.117391583303828,0.545454188166608,0.882199275344895
"gene-LOC134697359|LOC134697359",16.9473907037007,0.0331829623151178,0.123829177140717,0.316116391794524,0.788885934007167
"gene-LOC134697360|LOC134697360",23.30065470327,-0.087774624855885,0.15510709039511,0.0821420644354832,0.539386375375277
"gene-LOC134697361|LOC134697361",11.0794541309347,-0.00737705145661899,0.121360417564722,0.668011921612785,0.921742651670224
"gene-LOC134697362|LOC134697362",8.09550536093951,0.0485122116899617,0.132915623538949,0.0970907761330576,0.57769829291262
"gene-LOC134697364|LOC134697364",10.4380655778592,0.0139972700983397,0.121844287768287,0.479727260383228,0.856095103249028
"gene-LOC134697371|LOC134697371",8.34294029560438,-0.0110828498876493,0.121653360355029,0.540484506127434,0.879827398759297
"gene-LOC134697372|LOC134697372",10.1833156993883,0.0220519144877255,0.121048039146122,0.470126081133013,0.851480226649538
"gene-LOC134697373|LOC134697373",20.2189797217406,0.0310581401022924,0.110174183745008,0.566139985793225,0.89111319124916
"gene-LOC134697375|LOC134697375",8.70014180931476,0.0134380476969149,0.119375901885022,0.654961112563485,0.918972538520344
"gene-LOC134697376|LOC134697376",30.7085079500327,-0.0624533170302553,0.117704523418514,0.300041376375533,0.777429673074222
"gene-LOC134697382|LOC134697382",11.4430007738954,-0.0148315437990941,0.122429492319239,0.728805160109722,0.941275691470766
"gene-LOC134697387|LOC134697387",138.603437018698,-0.0559956021912544,0.0848813194236337,0.374125615933249,0.820038855990219
"gene-LOC134697391|LOC134697391",8.55233333141623,0.00194095698168616,0.119676688807052,0.938978317461371,0.987436577760504
"gene-LOC134697393|LOC134697393",7.29078846682671,0.00283737264915158,0.120778688868119,0.884442681524496,0.977383609163761
"gene-LOC134697394|LOC134697394",36.5716820433739,0.0035139132559886,0.102680690589987,0.949485103594997,0.990589731896691
"gene-LOC134697395|LOC134697395",220.671019780888,0.0368069821404415,0.0966350134512689,0.552558321547878,0.886104768752046
"gene-LOC134697396|LOC134697396",17.0100617200076,0.0236779696794475,0.120878563876898,0.464293769698335,0.848659322959597
"gene-LOC134697400|LOC134697400",8.89241659383231,-0.0135702995709983,0.120082115243627,0.620263944490891,0.908483483457236
"gene-LOC134697401|LOC134697401",18.5056060787248,0.0645699353524409,0.131923703139953,0.201072226326143,0.681062823589546
"gene-LOC134697412|LOC134697412",347.262885683594,0.0806388616847865,0.123254768271377,0.200285008555054,0.680353613556914
"gene-LOC134697421|LOC134697421",7.14429081026057,-0.028707497636422,0.122769418929605,0.358674111404797,0.811668122295978
"gene-LOC134697423|LOC134697423",30.3180250924965,-0.0535622651446142,0.121859423194915,0.310651894270039,0.785970282496054
"gene-LOC134697432|LOC134697432",17.5354786463552,0.084216209141425,0.165411749294864,0.00829773412809369,0.212599289957585
"gene-LOC134697434|LOC134697434",45.9119435012151,0.174269849269159,0.140804941043039,0.0406395792281809,0.421537131357129
"gene-LOC134697435|LOC134697435",10.3308983791855,0.00540561710453716,0.119072098161901,0.847306090224552,0.968198690416884
"gene-LOC134697440|LOC134697440",372.178549192686,-0.539635939481119,0.352895427869716,0.00393688002712396,0.164703788989884
"gene-LOC134697442|LOC134697442",7.69292363831661,-0.00586935937759004,0.120276233291015,0.795152679223006,0.957868879990908
"gene-LOC134697448|LOC134697448",40.4946529503021,-0.0446314503556991,0.127148605175584,0.239782232802807,0.72032371267643
"gene-LOC134697452|LOC134697452",16.954512386034,0.0338289287365706,0.113802606962493,0.507676094827114,0.869019461191369
"gene-LOC134697453|LOC134697453",12.9566548495055,-0.0646706880317501,0.125798231283897,0.248954127045839,0.728288152552403
"gene-LOC134697458|LOC134697458",118.513705280466,-0.0208893241062278,0.123880458390004,0.199437675638932,0.680353613556914
"gene-LOC134697461|LOC134697461",23.4676225039168,-0.0562895809488811,0.133417398040282,0.158340309857239,0.641040525737625
"gene-LOC134697473|LOC134697473",19.1631436091117,0.018776192994982,0.108606289737326,0.718980573279417,0.937403466798321
"gene-LOC134697478|LOC134697478",722.828084097546,0.130080367648866,0.0902957144860235,0.0574018582189908,0.483310521148065
"gene-LOC134697483|LOC134697483",11.3637293518557,0.0544442536283182,0.127469599169874,0.248386455945633,0.728288152552403
"gene-LOC134697522|LOC134697522",13.4965571862021,-0.0126555935376684,0.113012880560019,0.775147294225756,0.95457752673248
"gene-LOC134697524|LOC134697524",11.2186278712659,0.0532154942388672,0.119476930571337,0.332107150946161,0.799600898810999
"gene-LOC134697554|LOC134697554",20.1829192327291,0.00431636778335508,0.121903869992385,0.673115313252705,0.92387619829345
"gene-LOC134697571|LOC134697571",64.7069509266301,-0.126004333850195,0.217621200220206,0.0204198506902285,0.309892426727092
"gene-LOC134697585|LOC134697585",65.3753794017846,-0.0615928376734064,0.142720278901165,0.032051747873192,0.376344974358708
"gene-LOC134697590|LOC134697590",9.74185462729265,-0.0147793269792344,0.121946258553767,0.456892213764983,0.845691000713286
"gene-LOC134697629|LOC134697629",22.4021827174125,0.00377273465861339,0.111833866195385,0.934884192234676,0.986824046819264
"gene-LOC134697631|LOC134697631",78.2078247659089,0.00723028189801886,0.110995846497028,0.877962839312516,0.977383609163761
"gene-LOC134697661|LOC134697661",9.8745321922804,0.000813597053862673,0.118835162589972,0.978301491174688,0.995479908586306
"gene-LOC134697678|LOC134697678",9.02029373576312,0.0381079916125745,0.122974220425639,0.339781427118254,0.80340288344589
"gene-LOC134697688|LOC134697688",58.5368071432291,-0.277756768026555,0.231077427347246,0.0145819547483527,0.267003078509568
"gene-LOC134697700|LOC134697700",5.74543256801688,0.00751077421316453,0.122075278489183,0.524859999260188,NA
"gene-LOC134697715|LOC134697715",87.1767540200134,0.000474472702137524,0.0875258182383151,0.995059878112605,0.998538618272986
"gene-LOC134697720|LOC134697720",12.5153992772077,0.000347287506832797,0.121907032200131,0.976223248891484,0.995479908586306
"gene-LOC134697777|LOC134697777",15.0192792501874,-0.0206582427933926,0.113616958600867,0.651721970929182,0.918046712290982
"gene-LOC134697791|LOC134697791",9.66197603639989,-0.027675294025589,0.124890429299548,0.208146467225362,0.690349376904665
"gene-LOC134697792|LOC134697792",26.8748513370106,-0.0149549872453199,0.118186123935257,0.661883364881276,0.921280410177282
"gene-LOC134697807|LOC134697807",25.0756166492009,0.0444261024748258,0.114073814157641,0.421966580006189,0.835542057474881
"gene-LOC134697822|LOC134697822",37.9582880949604,-0.0413000575172992,0.128758983600046,0.160945503020589,0.643034890935151
"gene-LOC134697826|LOC134697826",19.4692029519656,-0.00735075727924565,0.118682402970153,0.80326707094035,0.959584432980747
"gene-LOC134697839|LOC134697839",13.6200103808919,-0.00133822515122558,0.121943376586237,0.880855856555291,0.977383609163761
"gene-LOC134697854|LOC134697854",14.1735870093224,0.0605877670044755,0.124889065114531,0.26679322898842,0.746966776282741
"gene-LOC134697876|LOC134697876",14.7534980797775,-0.121347781135403,0.167341305058183,0.0807736169356083,0.539138696284109
"gene-LOC134697877|LOC134697877",8.95811346158372,0.0589499378718516,0.134713190973993,0.151537670215566,0.638738768482586
"gene-LOC134697884|LOC134697884",43.3070555777252,-0.00845982146218978,0.12077479500833,0.689629204499272,0.92805626459929
"gene-LOC134697985|LOC134697985",7.95396361294581,-0.000801632902949467,0.120947993214551,0.961193049124505,0.99096568624634
"gene-LOC134698063|LOC134698063",12.1813599009033,-0.00473425167415616,0.119761066605093,0.847228122647363,0.968198690416884
"gene-LOC134698109|LOC134698109",39.089314319752,-0.0291322226399555,0.107776721066181,0.598147323792389,0.903304056912138
"gene-LOC134698115|LOC134698115",12.3414148789491,0.0409904262431186,0.120549693543068,0.377252967709722,0.820038855990219
"gene-LOC134698126|LOC134698126",7.14036829854037,-0.00862472821325587,0.121241737732913,0.646699813057378,0.917860350094582
"gene-LOC134698134|LOC134698134",7.77713057630008,-0.00857823827833039,0.118087436386833,0.788365969869289,0.956384665187901
"gene-LOC134698136|LOC134698136",22.9502396527629,0.0233094190559529,0.111840827157715,0.666067779569483,0.921742651670224
"gene-LOC134698137|LOC134698137",22.7309686296906,0.0080961989658948,0.107923820642193,0.875229833721093,0.977383609163761
"gene-LOC134698138|LOC134698138",17.9368374245561,0.068649279056399,0.132683206618473,0.194593820901319,0.672225346782597
"gene-LOC134698145|LOC134698145",7.77165478140596,0.0364851156138205,0.123430513042976,0.328806964001989,0.795874387010631
"gene-LOC134698146|LOC134698146",13.4400812870057,-0.0017022308483227,0.11782375347982,0.957131880781976,0.990589731896691
"gene-LOC134698147|LOC134698147",6.28188702829288,-0.02439739540857,0.122912197981557,0.349019314447505,NA
"gene-LOC134698149|LOC134698149",59.080120351653,-0.513909749085218,0.332212364311175,0.00402192080688876,0.164703788989884
"gene-LOC134698152|LOC134698152",25.5663628283745,0.00352153827511875,0.1095093710766,0.943464304908488,0.988997548751079
"gene-LOC134698278|LOC134698278",13.6787295512596,-0.0188418595653458,0.12018665140691,0.537363519012865,0.877546699876996
"gene-LOC134698324|LOC134698324",17.14643866176,-0.0231597954180774,0.112501933281631,0.63352580949628,0.912460614354241
"gene-LOC134698389|LOC134698389",33.2506885814947,-0.12674635600057,0.159385944061664,0.0843532496193909,0.548845774456663
"gene-LOC134698421|LOC134698421",11.3984024471379,-0.0545682668097953,0.121325929431545,0.311740871832081,0.786334587117028
"gene-LOC134698481|LOC134698481",1751.95173301867,-0.0801266262936426,0.125192743560224,0.208626034918268,0.691327599780047
"gene-LOC134698482|LOC134698482",318.500896536346,-0.0521666778125172,0.108417185851571,0.392406223576214,0.824808015898396
"gene-LOC134698483|LOC134698483",275.681910546749,-0.051205929112305,0.108959913244234,0.397261861734861,0.826986629114887
"gene-LOC134698484|LOC134698484",280.049332868596,-0.0460010800162946,0.107589413251688,0.442103554968799,0.839448051274535
"gene-LOC134698486|LOC134698486",280.113563534972,-0.0564961535657074,0.111049633933355,0.357234218949463,0.811592466382447
"gene-LOC134698487|LOC134698487",277.457039157862,-0.0457151187234731,0.107347942200962,0.444599025938175,0.84113947267877
"gene-LOC134698488|LOC134698488",313.650427948193,-0.0441765825126603,0.107614655271243,0.457394860687218,0.846031906784615
"gene-LOC134698489|LOC134698489",313.874896892809,-0.0517952722905133,0.109389330297652,0.391860374294105,0.824228276728864
"gene-LOC134698490|LOC134698490",317.187910709147,-0.0476508630054433,0.108916324610225,0.426716724306575,0.835542057474881
"gene-LOC134698491|LOC134698491",278.398531228985,-0.0465653337698827,0.107210409110726,0.439006788425378,0.838063175762849
"gene-LOC134698492|LOC134698492",278.3842026542,-0.056778013977151,0.110829055248219,0.3543111966805,0.811592466382447
"gene-LOC134698493|LOC134698493",313.612844552274,-0.0511720436158197,0.108754137869958,0.398558021850273,0.827255071865873
"gene-LOC134698494|LOC134698494",312.886837150469,-0.0499694982173478,0.108733903161031,0.41240599048936,0.831856384439449
"gene-LOC134698495|LOC134698495",317.977646614012,-0.0521360437220943,0.110677209228141,0.385944741157744,0.821366700441867
"gene-LOC134698497|LOC134698497",285.328725665717,-0.0475050369515749,0.107871212469429,0.428688578025448,0.835542057474881
"gene-LOC134698498|LOC134698498",285.178087828178,-0.0581251851112677,0.112810376839841,0.338541642928568,0.802086545158541
"gene-LOC134698499|LOC134698499",1574.22530302884,-0.135913355722876,0.150682806544486,0.0994064401327119,0.579342280275393
"gene-LOC134698500|LOC134698500",269.177226028166,-0.0535025560906341,0.110613751385937,0.37582171098285,0.820038855990219
"gene-LOC134698501|LOC134698501",312.52264851752,-0.0385607527651073,0.105168946157635,0.501151101243973,0.864973633836395
"gene-LOC134698503|LOC134698503",1457.43693157505,-0.10180519772138,0.130754007052338,0.141923758355918,0.627800960618705
"gene-LOC134698504|LOC134698504",299.66695938669,-0.100575758635935,0.122964357700731,0.152969393525715,0.639042493869484
"gene-LOC134698506|LOC134698506",277.746338333333,-0.0674717857526307,0.125169783557623,0.245254897354848,0.726183686552899
"gene-LOC134698507|LOC134698507",279.234006651801,-0.0700848183061602,0.126596136897772,0.227154120480389,0.711804885792292
"gene-LOC134698508|LOC134698508",278.895205840598,-0.0734028633632684,0.128403869999024,0.209579497272914,0.69336283907107
"gene-LOC134698509|LOC134698509",249.923412063425,-0.0836493188140176,0.132375501572632,0.173004460184052,0.652381874279138
"gene-LOC134698510|LOC134698510",239.948030344486,-0.0876031801891973,0.134362508969453,0.167024434937419,0.646528965928963
"gene-LOC134698511|LOC134698511",245.319387560734,-0.0905749508316086,0.136958996308355,0.151385700445755,0.638738768482586
"gene-LOC134698513|LOC134698513",246.066413347736,-0.0845030660494102,0.132752860166327,0.176171736129098,0.653957193103024
"gene-LOC134698514|LOC134698514",245.577483141486,-0.0928037250227088,0.138497807005689,0.145104279024944,0.631223000301963
"gene-LOC134698515|LOC134698515",255.311543729344,-0.103595857579581,0.155071720698178,0.101233900212867,0.579631212729381
"gene-LOC134698516|LOC134698516",241.792563027114,-0.0965423601855263,0.13925889835659,0.145482844626862,0.631223000301963
"gene-LOC134698517|LOC134698517",230.194978204365,-0.102924232997233,0.143232286826948,0.125392333866378,0.612166354840486
"gene-LOC134698519|LOC134698519",264.711549248318,-0.0820264871963153,0.133353458572268,0.180948349607279,0.658744089227767
"gene-LOC134698520|LOC134698520",264.335249470159,-0.0887955554708626,0.137079363418509,0.156051271165294,0.641040525737625
"gene-LOC134698521|LOC134698521",256.761849813344,-0.0899927016832233,0.137318586479189,0.151560794711384,0.638738768482586
"gene-LOC134698522|LOC134698522",336.83680751847,-0.09513029755242,0.146352546604253,0.124494317011718,0.610633401063977
"gene-LOC134698523|LOC134698523",165.673258490131,-0.0880396594982819,0.133244038855799,0.166687557320191,0.646528965928963
"gene-LOC134698525|LOC134698525",241.889536991217,-0.0855653603553723,0.133082449102757,0.172419976513597,0.652148082884002
"gene-LOC134698526|LOC134698526",203.450120213957,-0.0906895562341747,0.132618861942722,0.163016891778641,0.64477991774337
"gene-LOC134698527|LOC134698527",108.796911750426,-0.148399615459863,0.220314152173342,0.0390443953244752,0.413583418083444
"gene-LOC134698528|LOC134698528",205.737110082184,-0.120509520679729,0.150363769741209,0.0974949651899575,0.57769829291262
"gene-LOC134698851|LOC134698851",24.2043749114805,0.39182494486968,0.25133184822138,0.00555793937194577,0.177877811779923
"gene-LOC134698856|LOC134698856",10.8113402178819,0.00805939482777859,0.116667336339946,0.824038292104908,0.964172729064096
"gene-LOC134698864|LOC134698864",14.6560883694,0.0573487389800231,0.120182318182237,0.312623816940902,0.78693314819391
"gene-LOC134698867|LOC134698867",13.4754221495241,-0.0240141884976654,0.112413983883191,0.622899647508997,0.90936906416486
"gene-LOC134698873|LOC134698873",11.1620281078277,0.0287122997091699,0.122781664423189,0.359131764282494,0.811668122295978
"gene-LOC134698874|LOC134698874",71.8914538870217,0.234567608209806,0.205363094716867,0.0216131216487131,0.315650695966485
"gene-LOC134698879|LOC134698879",12.1978296371934,-0.00609681335959496,0.112546596420877,0.890137576736144,0.97844989981751
"gene-LOC134698888|LOC134698888",10.6622190620661,-0.0156709827805487,0.117961086927512,0.657161580834486,0.919387834647762
"gene-LOC134698890|LOC134698890",8.59460471927385,0.0545099193107422,0.127733271174913,0.244993689810621,0.726061631575678
"gene-LOC134698897|LOC134698897",9.43102497587961,-0.0111801316443108,0.122512755788748,0.337515582235554,0.802058261976077
"gene-LOC134698907|LOC134698907",62.4348357911136,0.03720682033797,0.0888587926739442,0.550783718630588,0.884774617937468
"gene-LOC134698911|LOC134698911",15.2133057346939,-0.0696577466957425,0.139562034981018,0.135207606142134,0.623887715587454
"gene-LOC134698924|LOC134698924",19.2657759153585,0.0302852781781978,0.112300110203369,0.555524038851043,0.887818934476198
"gene-LOC134698944|LOC134698944",30.5825924418187,0.0367131441551788,0.098307375076426,0.553696515525557,0.886803778049819
"gene-LOC134698970|LOC134698970",10.2598302040144,0.0901838946952088,0.152630593822315,0.1001734337481,0.579631212729381
"gene-LOC134698975|LOC134698975",14.4973901748105,-0.0554724963259857,0.121139964283059,0.310546069181778,0.785968067624988
"gene-LOC134698995|LOC134698995",16.6839731243285,-0.0236506474035718,0.122711784997756,0.360912213986033,0.812160928648259
"gene-LOC134699002|LOC134699002",113.999502444402,0.295508494498248,0.0926191185199241,0.000176006330196402,0.0258453217027619
"gene-LOC134699004|LOC134699004",11.3597703853907,-0.0300644118767524,0.119004430954191,0.466973954371215,0.849239423090342
"gene-LOC134699005|LOC134699005",10.0603925320617,-0.0350659344338806,0.123862767034406,0.316573837358786,0.789747324443687
"gene-LOC134699043|LOC134699043",6.09533516494975,-0.0281170795911198,0.124928326340746,0.210672249119127,NA
"gene-LOC134699083|LOC134699083",63.319279615534,-0.0180997988289116,0.100162435456151,0.756114779985401,0.94961625594829
"gene-LOC134699092|LOC134699092",44.9624223587889,0.0222379755730728,0.0965345429437216,0.713530962782404,0.934691862913665
"gene-LOC134699095|LOC134699095",30.9578433742973,0.0844265511186644,0.130461784268953,0.185889446285391,0.663538766430975
"gene-LOC134699099|LOC134699099",16.3291502581919,0.00317248248738306,0.113586499610605,0.941159929203852,0.988027444185343
"gene-LOC134699101|LOC134699101",18.1185572603706,0.0113238219462569,0.1185770603768,0.721482176469553,0.937968163682379
"gene-LOC134699104|LOC134699104",67.1229389834721,0.0318354481839933,0.0961554690817249,0.605273812545722,0.904589020585693
"gene-LOC134699108|LOC134699108",34.1139064146282,0.0167655591850629,0.107056730923913,0.754315195383538,0.949383119158366
"gene-LOC134699110|LOC134699110",23.9572039496609,0.000572114603061349,0.121236874500038,0.974871657084305,0.995479908586306
"gene-LOC134699111|LOC134699111",8.98163887503707,0.058292619639023,0.125438362068209,0.265233205353711,0.746180118292241
"gene-LOC134699112|LOC134699112",41.3349932077568,-0.0868587416823622,0.16314142531325,0.0323005030332984,0.376788889745128
"gene-LOC134699204|LOC134699204",309.433715691337,-0.0483894207463978,0.107574815052335,0.423718311295793,0.835542057474881
"gene-LOC134699205|LOC134699205",273.089650397561,-0.0671866650588441,0.124903107938194,0.227119181293228,0.711804885792292
"gene-LOC134699212|LOC134699212",13.0409200713644,-0.451393755998861,0.302398355074033,0.00517962965287671,0.172401095423972
"gene-LOC134699214|LOC134699214",19.2321228824197,-0.0279390896553829,0.124981210162571,0.204844150931227,0.686695544460141
"gene-LOC134699220|LOC134699220",18.9494787366136,0.035059336343825,0.126316881174124,0.209133779112879,0.692703614231027
"gene-LOC134699244|LOC134699244",16.989210630628,-0.0149689360647192,0.122036224297068,0.443818964277221,0.841066545338413
"gene-LOC134699268|LOC134699268",57.7178428172487,0.032580993550709,0.11678525420602,0.486011339187763,0.858898904134779
"gene-LOC134699282|LOC134699282",2787.35544903057,0.00124507353741261,0.120506434747958,0.959297109457861,0.990589731896691
"gene-LOC134699300|LOC134699300",93.0004240566849,0.271147266012659,0.197479416212989,0.0131160438889458,0.254285907755632
"gene-LOC134699302|LOC134699302",7.23121738416421,-0.0217826334804994,0.123414323760723,0.286167108063438,0.76841357916353
"gene-LOC134699308|LOC134699308",15.1871675214733,-0.0275791118422419,0.109644922240824,0.602445701300197,0.904563946751925
"gene-LOC134699309|LOC134699309",10.7641850241628,0.0113450489210024,0.117951257686894,0.735666608458229,0.943876517173835
"gene-LOC134699312|LOC134699312",18.9897700857966,0.0142711761593645,0.118498080633554,0.667961378669556,0.921742651670224
"gene-LOC134699321|LOC134699321",136.067235905193,0.1893652789532,0.116490227826891,0.0205152741979148,0.309981102781873
"gene-LOC134699356|LOC134699356",23.3756030991593,-0.0165058216030372,0.119154752449653,0.609848635133557,0.905829590890778
"gene-LOC134699383|LOC134699383",10.260360445811,-0.0138801994015313,0.121156823473723,0.547286798645434,0.88287604337532
"gene-LOC134699393|LOC134699393",13.8853400948754,0.0407172877768374,0.128957416445034,0.144918051197899,0.631223000301963
"gene-LOC134699404|LOC134699404",21.8665005410304,0.0183543407965143,0.122278060998518,0.404681244443696,0.828879214975303
"gene-LOC134699405|LOC134699405",17.7943798917452,0.0230199170295457,0.12163764176049,0.432922794928981,0.8360891578941
"gene-LOC134699410|LOC134699410",8.73118559123165,0.0361540702002776,0.124430289407257,0.29864864648682,0.776334379755606
"gene-LOC134699412|LOC134699412",1216.47707973822,0.123903935574238,0.141292226852569,0.100454414934588,0.579631212729381
"gene-LOC134699419|LOC134699419",31.2894668973819,-0.0827192836204299,0.145303201764364,0.124484136163342,0.610633401063977
"gene-LOC134699437|LOC134699437",81.1499243855642,-0.105059101533608,0.150708713849239,0.11041191899927,0.593221094945367
"gene-LOC134699447|LOC134699447",1680.0653756736,-0.115903424286057,0.204282041067829,0.0171591185682189,0.290856645319753
"gene-LOC134699471|LOC134699471",17.8692141904798,-0.016043780919311,0.107839616958121,0.757957627735217,0.9500528854063
"gene-LOC134699473|LOC134699473",8.01956099946592,0.0628355513081179,0.141433107855216,0.0665190436353847,0.503085131759915
"gene-LOC134699479|LOC134699479",15.4584050113716,0.0583313599937081,0.128317801906219,0.239680090538327,0.72032371267643
"gene-LOC134699486|LOC134699486",315.757374944265,0.16094973976098,0.168914552770295,0.0534319753664551,0.469662046384251
"gene-LOC134699489|LOC134699489",8.95174184245093,0.0548345940712067,0.137276890234979,0.0588814345234898,0.483310521148065
"gene-LOC134699723|LOC134699723",21.6107970201666,-0.00549206749772467,0.122106109459713,0.561723917730378,0.889818923835977
"gene-LOC134699725|LOC134699725",13.99661953576,0.0201326031974158,0.111880564943032,0.679489650384949,0.924535906928755
"gene-LOC134699734|LOC134699734",153.355795152236,0.0619606709533078,0.119981891030667,0.291008996303473,0.771139824127934
"gene-LOC134699739|LOC134699739",72.4002268033378,-0.00338423706784313,0.0795157879202126,0.955063742197156,0.990589731896691
"gene-LOC134699781|LOC134699781",140.407006121925,0.050962584298819,0.133906050612351,0.101115558911115,0.579631212729381
"gene-LOC134699784|LOC134699784",35.2803784576315,0.114830951426547,0.132098228008501,0.116428414021846,0.602996122136654
"gene-LOC134699802|LOC134699802",8.86718751670156,0.0211621643143249,0.115488294772952,0.624714120721689,0.910590279867861
"gene-LOC134699805|LOC134699805",17.7306073228525,0.00320847890570606,0.107809388848897,0.951046548109046,0.990589731896691
"gene-LOC134699824|LOC134699824",42.6107000940587,0.00808367678291257,0.112474255602979,0.858026221470018,0.972862736198178
"gene-LOC134699843|LOC134699843",42.6376647744101,0.0150922268782647,0.11016418652183,0.761457280922814,0.95123850595533
"gene-LOC134699854|LOC134699854",55.1415845509559,-0.00895229691912969,0.114725689818859,0.824255991355008,0.964172729064096
"gene-LOC134699862|LOC134699862",8.46383873950974,0.0144425327453289,0.112082086401772,0.75715084813467,0.949640378777516
"gene-LOC134699897|LOC134699897",29.8784476721784,0.0162912302054636,0.109137263489398,0.750393084020014,0.949011133284577
"gene-LOC134699929|LOC134699929",46.3605147406353,0.0468906646564786,0.115451983342064,0.395351722073454,0.826720797872459
"gene-LOC134699977|LOC134699977",2139.93693496726,0.0617426897251285,0.0792548334389882,0.317793324197843,0.79068246010553
"gene-LOC134699991|LOC134699991",16.5435127807487,-0.00328427301233243,0.118563547631597,0.908937840488682,0.98251592545162
"gene-LOC134699998|LOC134699998",11.4195313205367,-0.0541363335269253,0.127365832357988,0.250172360707079,0.728910951453647
"gene-LOC134700101|LOC134700101",10.9538455797678,0.0129378853373805,0.116486691717627,0.733438177747711,0.942740038456767
"gene-LOC134700104|LOC134700104",7.89639673307285,-0.00413735388900788,0.121869228451303,0.711618857478941,0.934586259228345
"gene-LOC134700112|LOC134700112",60.2849614672688,-0.0105785755131028,0.122119319302725,0.461354872487433,0.848659322959597
"gene-LOC134700133|LOC134700133",38.0926663858322,0.0595591232345199,0.123241121996926,0.281376032685781,0.762459166226361
"gene-LOC134700135|LOC134700135",1136.96942927842,-0.00582824437767931,0.12141893762639,0.709857987598598,0.933953954014707
"gene-LOC134700147|LOC134700147",10.9304918843298,-0.0240079328670625,0.123662387015914,0.282170889901516,0.763431284130221
"gene-LOC134700154|LOC134700154",9.68354126516373,-0.00766915987826644,0.121794525590146,0.590878980454414,0.902148006853668
"gene-LOC134700168|LOC134700168",36.4312511097313,0.0532516532885476,0.124942646558177,0.28132931189984,0.762459166226361
"gene-LOC134700169|LOC134700169",84.1069252752545,0.0264795980527515,0.107049282356926,0.634055953678658,0.912460614354241
"gene-LOC134700173|LOC134700173",494.072148830866,0.0724759048728721,0.137674680276125,0.162539260759295,0.644051070807598
"gene-LOC134700174|LOC134700174",8.30644683902151,-0.00640910039120406,0.12067684134609,0.757987179904212,0.9500528854063
"gene-LOC134700175|LOC134700175",9.99505708629326,-0.00919050967238105,0.120081894098951,0.711876215257788,0.934586259228345
"gene-LOC134700188|LOC134700188",11.6273591316654,0.0119955196929525,0.12103724499195,0.591712867957956,0.902148006853668
"gene-LOC134700196|LOC134700196",78.5311097593909,-0.0223310937508422,0.123105280603673,0.323971046687634,0.795051568786952
"gene-LOC134700197|LOC134700197",8.34378930939668,-0.0685483767051985,0.143983938239872,0.0770903190585235,0.530633639181326
"gene-LOC134700206|LOC134700206",13.8419987458477,-0.0111911836017713,0.115424906629407,0.777498906960845,0.954960361719923
"gene-LOC134700226|LOC134700226",111.948090003572,0.0217571312410087,0.0813013623512744,0.723053193947463,0.938628075831609
"gene-LOC134700238|LOC134700238",11.1927389755504,0.0109757633464575,0.114137228931226,0.796977420018542,0.958626227484349
"gene-LOC134700257|LOC134700257",30.7500743935678,0.0586327377033936,0.108870484301715,0.349918100773582,0.80898857511247
"gene-LOC134700258|LOC134700258",32.0003000325787,0.016820977455944,0.109783035232072,0.738841745656438,0.945197443324404
"gene-LOC134700282|LOC134700282",19.8169316199961,-0.00156383758269953,0.112494385280259,0.970961377024094,0.993785670702943
"gene-LOC134700314|LOC134700314",7.29329913520251,-0.0147254142859273,0.120844831608229,0.557924190122218,0.888916170798306
"gene-LOC134700318|LOC134700318",20.3403702688118,-0.0953676542701429,0.141819907652951,0.137495110494791,0.624139845752057
"gene-LOC134700319|LOC134700319",34.2934482380087,-0.081370812714801,0.143210032040964,0.133735284035062,0.621690591023327
"gene-LOC134700326|LOC134700326",10.4516043275953,-0.00187546011311236,0.120380559486114,0.927961377078877,0.985809423772648
"gene-LOC134700327|LOC134700327",62.9641309954753,0.155605343748633,0.276429967903357,0.0183164684514118,0.297553215255148
"gene-LOC134700347|LOC134700347",12.3612885514392,0.04495804003641,0.117818594974393,0.388366937967791,0.82303705168547
"gene-LOC134700354|LOC134700354",14.8781694994701,8.21285676249214e-05,0.109025390340624,0.999436905564713,0.999785726932454
"gene-LOC134700360|LOC134700360",19.95151164154,0.108965389426343,0.139938405669344,0.121784628225368,0.608970421657898
"gene-LOC134700361|LOC134700361",33.4738420112465,0.00190494725172946,0.121614649520656,0.88810014899298,0.977383609163761
"gene-LOC134700367|LOC134700367",64.2415532151407,0.0268344431582372,0.120211101870971,0.463037384217747,0.848659322959597
"gene-LOC134700375|LOC134700375",15.3259762975748,-0.0457895304165326,0.126449677834101,0.260106318825068,0.740652964154039
"gene-LOC134700380|LOC134700380",37.6483358445778,0.0199221622713683,0.105213417024904,0.719715148896085,0.937517043140139
"gene-LOC134700384|LOC134700384",26.2576383333473,0.118434490436715,0.156262239054018,0.0935905034135252,0.569217832153014
"gene-LOC134700386|LOC134700386",35.7371357827592,0.154551842983283,0.150277410295634,0.0594095079975361,0.484465799817547
"gene-LOC134700388|LOC134700388",10.2583782111023,-0.0119024728534375,0.121695569318808,0.52046616181017,0.87205858002813
"gene-LOC134700391|LOC134700391",14.568630852401,-0.0246033504380377,0.117226242078342,0.552708710010625,0.886156182673854
"gene-LOC134700393|LOC134700393",10.4087790845016,0.026121424964457,0.117911218412129,0.525558236754705,0.874645696679109
"gene-LOC134700395|LOC134700395",16.3152227118594,0.0202418388597531,0.108844434263189,0.699670655279563,0.930905350624639
"gene-LOC134700396|LOC134700396",21.8086476169069,-0.00276970197218519,0.120137109167392,0.900298319915366,0.98065001678538
"gene-LOC134700398|LOC134700398",107.100668102398,0.0134576597914295,0.0841261064338633,0.826672865979511,0.964172729064096
"gene-LOC134700405|LOC134700405",15.717257665507,-0.022929884204908,0.120917095301975,0.465907288516522,0.848670267917421
"gene-LOC134700433|LOC134700433",13.1755084089553,0.000513911202604398,0.120412414410824,0.983797037710187,0.99595232498375
"gene-LOC134700434|LOC134700434",26.8248533279241,-0.00107898943432774,0.120633279156267,0.953645411646922,0.990589731896691
"gene-LOC134700441|LOC134700441",18.7891768912887,0.0547075067877901,0.125780147264897,0.272167125825624,0.752402955078663
"gene-LOC134700442|LOC134700442",13.6908264695499,0.0173878144705684,0.121584242270852,0.474288291018074,0.854085739419948
"gene-LOC134700451|LOC134700451",17.3211404897637,0.050224105261947,0.120086162024238,0.340580181944301,0.80340288344589
"gene-LOC134700455|LOC134700455",17.8850537835076,0.0166298801896834,0.117677118413591,0.65027395064046,0.918046712290982
"gene-LOC134700466|LOC134700466",10.8093332011602,-0.00672347098682629,0.12048781757229,0.758754323904255,0.950201142489307
"gene-LOC134700471|LOC134700471",196.659476631896,-0.0120894773004913,0.0730268294457757,0.835953989573568,0.965558865799071
"gene-LOC134700521|LOC134700521",26.0943411306209,0.423272829715214,0.256622596149041,0.00445734901775078,0.169661798928779
"gene-LOC134700525|LOC134700525",14.5808817685757,-0.0152918089147092,0.118590522165872,0.645951873373928,0.917652789229363
"gene-LOC134700535|LOC134700535",9.82862475102916,0.0452762304373787,0.132252870612683,0.0715527714681747,0.519231261978267
"gene-LOC134700576|LOC134700576",5.85142224510944,-0.00148678006481038,0.120856049485435,0.934383059654341,NA
"gene-LOC134700578|LOC134700578",24.7515071865946,-0.0515782754833266,0.134972855878202,0.0766759302447888,0.528892110491203
"gene-LOC134700604|LOC134700604",14.0844896962803,0.000395648685491721,0.120572623338559,0.987392481176979,0.997111959484142
"gene-LOC134700605|LOC134700605",8.92336240339844,-0.0225769203294054,0.123333299031191,0.30120929538143,0.777898121048582
"gene-LOC134700607|LOC134700607",8.79947931548656,0.027212099240747,0.123043645351903,0.341715244730514,0.80340288344589
"gene-LOC134700608|LOC134700608",19.5622257937662,-0.0409777924027064,0.127950049736245,0.190647512582488,0.666838093415225
"gene-LOC134700613|LOC134700613",31.5166333530805,0.0284935904890235,0.106460538754793,0.613532893094665,0.90644068581297
"gene-LOC134700619|LOC134700619",378.620403456061,0.0757212049777227,0.0909936658016636,0.248954155499286,0.728288152552403
"gene-LOC134700620|LOC134700620",50.4226835912778,0.00334897071547315,0.120074013105111,0.88763467352263,0.977383609163761
"gene-LOC134700846|LOC134700846",12.6358433859816,-0.0083649132256719,0.11454084325344,0.836589900069905,0.965558865799071
"gene-LOC134700857|LOC134700857",10.6169459413307,-0.00906039280324804,0.119499824239396,0.739553517045945,0.945457375552541
"gene-LOC134700905|LOC134700905",56.3996282999431,0.248106485362847,0.192476350272161,0.0171245844811129,0.290856645319753
"gene-LOC134700906|LOC134700906",11.8591052972478,0.0276991194959391,0.112724573941969,0.580648773988685,0.897148477078865
"gene-LOC134700935|LOC134700935",7.28153190183875,0.00129549656494618,0.121387700441934,0.932590803429072,0.986824046819264
"gene-LOC134700975|LOC134700975",6.51422153815877,-0.0206595531167911,0.121908198303334,0.426078759037487,NA
"gene-LOC134700981|LOC134700981",829.85775174252,0.104289366481797,0.147173772818636,0.115798616344149,0.602651728840396
"gene-LOC134700984|LOC134700984",759.074162683448,-0.0580231723194535,0.102341791150821,0.363984253428977,0.812684588929183
"gene-LOC134700994|LOC134700994",65.1022125482973,0.331667068796584,0.148903903426784,0.00215214491610745,0.104658527770965
"gene-LOC134701007|LOC134701007",15.6644847757445,0.312466012811662,0.263113215041447,0.0119519168326855,0.245403476543399
"gene-LOC134701012|LOC134701012",12.0590940670213,0.0146973072650862,0.122116858436829,0.43697928369751,0.837180316093798
"gene-LOC134701023|LOC134701023",9.19192097466983,0.0155926896801817,0.122676410607416,0.341749619074978,0.80340288344589
"gene-LOC134701061|LOC134701061",8.42978739065567,0.00645252782513236,0.120236637751978,0.782776112638063,0.955847107051435
"gene-LOC134701076|LOC134701076",18.9764312043435,-0.011837238166414,0.119715939347592,0.670374005918444,0.922711307465918
"gene-LOC134701110|LOC134701110",17.1723180185377,-0.00083886693650255,0.113479767016089,0.980323360950772,0.995903460384722
"gene-LOC134701111|LOC134701111",27.7702322251708,-0.086521035187308,0.149018906264418,0.110102285753523,0.593205768351177
"gene-LOC134701112|LOC134701112",38.1059104450956,0.00963077270647318,0.0912109918539842,0.873096938645545,0.977383609163761
"gene-LOC134701114|LOC134701114",1260.68727555538,-0.0333614600919043,0.0930867516116718,0.589643676177642,0.902148006853668
"gene-LOC134701132|LOC134701132",25.6186043868378,-0.00226356228943777,0.120396335888653,0.911237284123865,0.98251592545162
"gene-LOC134701141|LOC134701141",54.7507263840375,-0.0677805307417523,0.130097423677452,0.213592034511273,0.698206349391062
"gene-LOC134701144|LOC134701144",1490.01998260314,0.0127218967550317,0.122156668628076,0.445709499836808,0.841633495783625
"gene-LOC134701246|LOC134701246",122.282016185507,0.0600097247543558,0.119615159582281,0.301509121845623,0.777898121048582
"gene-LOC134701308|LOC134701308",7.65471279855861,0.0347221244967105,0.12717861917191,0.149814157876672,0.63711426935741
"gene-LOC134701346|LOC134701346",27.2498544779174,0.0334237729219531,0.119934254632094,0.427343531349805,0.835542057474881
"gene-LOC134701352|LOC134701352",23.0743383881481,-0.0296483057599682,0.123726601880907,0.310275406124635,0.785968067624988
"gene-LOC134701362|LOC134701362",20.5855660631188,0.0494296807431425,0.112360595064328,0.398117379935632,0.827255071865873
"gene-LOC134701363|LOC134701363",144.626963450999,-0.00258645086741426,0.0898847511053216,0.965302059966071,0.992387833853173
"gene-LOC134701366|LOC134701366",6.59164890184763,0.0247319148343528,0.12421791675959,0.233559426149493,NA
"gene-LOC134701368|LOC134701368",43.7389222253635,0.00229640063838054,0.111886389653133,0.961135018944647,0.99096568624634
"gene-LOC134701372|LOC134701372",37.9575342485101,0.070442590446296,0.0978766623354758,0.285463518342136,0.767349708852927
"gene-LOC134701373|LOC134701373",25.3413717338496,0.0128713421124584,0.107718525255174,0.805313125111732,0.960394927165737
"gene-LOC134701377|LOC134701377",53.3102351212004,0.00386794284144309,0.115476033458727,0.920168770643442,0.984677261486326
"gene-LOC134701378|LOC134701378",24.2263971800201,0.0230251978273253,0.114707942157305,0.611389837699601,0.905840017185814
"gene-LOC134701379|LOC134701379",15.8043521018237,-0.00944650503892453,0.114044217370543,0.821806752274118,0.962996521323873
"gene-LOC134701381|LOC134701381",192.231376624364,-0.0549018068929895,0.136738795713762,0.0734853771373509,0.523815848745917
"gene-LOC134701386|LOC134701386",7.53021748923677,0.00155764267499568,0.119970568123321,0.948425040350795,0.990448749036931
"gene-LOC134701401|LOC134701401",8.45452552483582,0.000767774908768009,0.116361736488473,0.983901619898941,0.99595232498375
"gene-LOC134701417|LOC134701417",10.7109250470166,0.0117368661230175,0.118936871433248,0.702762269646925,0.932156460708166
"gene-LOC134701439|LOC134701439",8.0995026679968,-0.015342557114884,0.122540670156227,0.361076774342783,0.812287162226825
"gene-LOC134701440|LOC134701440",14.0279168869155,0.188927871935279,0.288397833956006,0.0260882210904094,0.340374020463548
"gene-LOC134701442|LOC134701442",517.945398452328,0.144081070816773,0.171543065334355,0.0653599372766571,0.500491380638942
"gene-LOC134701444|LOC134701444",39.9907989531201,0.0856110749174267,0.144029021877427,0.132932658312715,0.620317785725725
"gene-LOC134701451|LOC134701451",81.9500632096632,-0.00988667390893811,0.122161923876916,0.456368489479514,0.84555755015143
"gene-LOC134701473|LOC134701473",36.7520244032703,-0.0858940872977447,0.143828054295774,0.134411086112684,0.623284596840799
"gene-LOC134701481|LOC134701481",9.14653042051761,0.0210074194446538,0.117900489305443,0.583708951247595,0.897986100224576
"gene-LOC134701485|LOC134701485",14.4571977368399,0.0828447777783277,0.14260054958546,0.139426263723916,0.627117322638466
"gene-LOC134701488|LOC134701488",288.372641030731,-0.0327924452135586,0.127120855042458,0.112458240467001,0.596307637172188
"gene-LOC134701490|LOC134701490",11.3143437135604,-0.00410970521244756,0.119754774497446,0.866327710113888,0.975494120042486
"gene-LOC134701501|LOC134701501",6.22676010791748,0.00528862330364997,0.121503237938646,0.729268491078592,NA
"gene-LOC134701505|LOC134701505",219.240169040712,-0.0217666893473473,0.123675393328784,0.24946491273677,0.728910951453647
"gene-LOC134701515|LOC134701515",76.2228736903773,-0.00573864816880988,0.10243990588687,0.917447021505496,0.984677261486326
"gene-LOC134701527|LOC134701527",14.2489950021682,0.0401071164551891,0.122758548558303,0.341307573413554,0.80340288344589
"gene-LOC134701530|LOC134701530",43.1103882179907,0.0867799493534013,0.142965780823168,0.138063880876585,0.624204741917601
"gene-LOC134701538|LOC134701538",60.6258557553352,0.019762225805767,0.120946749701937,0.494020888622116,0.862457269357709
"gene-LOC134701540|LOC134701540",12.7752749309464,-0.0371921513447477,0.124508171190672,0.295914396402323,0.773508870735426
"gene-LOC134701575|LOC134701575",81.7812556620867,0.102739621436749,0.0922297392494998,0.128345988226017,0.616538233370521
"gene-LOC134701576|LOC134701576",46.425636417786,-0.0139700437328759,0.0924546224003277,0.817557160126797,0.961779071974486
"gene-LOC134701577|LOC134701577",16.5584099421903,0.00973534572979806,0.117276463179645,0.780673054536857,0.955272826382029
"gene-LOC134701584|LOC134701584",26.383721346229,0.0428518590215295,0.11331078439589,0.439440323537033,0.838254072769177
"gene-LOC134701585|LOC134701585",11.5800060109714,0.0603047887622172,0.141295246639581,0.989486743522274,0.997772367968009
"gene-LOC134701589|LOC134701589",68.0830198731066,0.144291581005049,0.124907288971658,0.065556914770693,0.501486960896548
"gene-LOC134701597|LOC134701597",6.76785911024664,-0.00245300523688713,0.120631154917118,0.900794801137129,0.98065001678538
"gene-LOC134701603|LOC134701603",703.535741837342,-0.0788855612514787,0.131159695353741,0.19099582192224,0.666838093415225
"gene-LOC134701626|LOC134701626",13.3501235286535,0.0325086427214456,0.122851044186234,0.35366666637225,0.811592466382447
"gene-LOC134701632|LOC134701632",50.1712309511825,0.0136414620271443,0.0969291118971508,0.81962219777406,0.962092576666134
"gene-LOC134701633|LOC134701633",23.7536455279312,0.0232299055020442,0.106400649183754,0.674370109878002,0.92387619829345
"gene-LOC134701640|LOC134701640",8.37413544132822,-0.0328422003246361,0.122729686331272,0.356144572418911,0.811592466382447
"gene-LOC134701690|LOC134701690",14.9780632030848,0.064753962556647,0.130134289465738,0.216442486365076,0.702312729804183
"gene-LOC134701691|LOC134701691",10.1150123439723,0.00513286393375256,0.121378227524626,0.751397159941412,0.949330251206035
"gene-LOC134701697|LOC134701697",10.9435872240171,-0.0717787064484107,0.144438926951314,0.0927366434355162,0.568072848299734
"gene-LOC134701699|LOC134701699",18.214626599898,-0.0349639571597131,0.120700953624096,0.401589822147864,0.827255071865873
"gene-LOC134701714|LOC134701714",169.072744194782,0.079824806443173,0.103378686213771,0.237224064599089,0.718677596999426
"gene-LOC134701723|LOC134701723",14.2225256885738,-0.0312149831960862,0.121079488999736,0.410893842129041,0.831856384439449
"gene-LOC134701726|LOC134701726",37.4000867005705,-0.0759376890734854,0.148492096069169,0.0776704090770035,0.531600042793975
"gene-LOC134701730|LOC134701730",9.80582671121323,0.00877895880742705,0.113519704495172,0.838773198970829,0.965558865799071
"gene-LOC134701759|LOC134701759",277.809244271122,-0.0515245054316875,0.109610259340465,0.391918399443382,0.824228276728864
"gene-LOC134701760|LOC134701760",280.772184809554,-0.0498656008806133,0.108118229010428,0.409969711397265,0.831856384439449
"gene-LOC134701761|LOC134701761",241.523492692021,-0.0898718857217668,0.137178730826938,0.154815344679335,0.640559180278199
"gene-LOC134701771|LOC134701771",7.84581066840592,-0.0322689346800491,0.119967173633135,0.433395394704887,0.8360891578941
"gene-LOC134701822|LOC134701822",9.07414234668636,0.0195940013436659,0.114118053166489,0.664769129136137,0.921517102343534
"gene-LOC134701837|LOC134701837",6.28574704625577,0.0166849644621532,0.122868801331997,0.313774725334015,NA
"gene-LOC134701888|LOC134701888",11.8604519550294,-0.032148632967601,0.12112487472791,0.405546919650882,0.829366707063204
"gene-LOC134701892|LOC134701892",8.55973464958135,0.00528274875256046,0.114169935364469,0.898847015348967,0.98065001678538
"gene-LOC134701894|LOC134701894",12.4536169835402,-0.00302920697282964,0.111722018595924,0.946273146698664,0.990307377812506
"gene-LOC134701902|LOC134701902",8.67442586096042,0.0176866234352426,0.121469945179306,0.480246033847687,0.856172230112359
"gene-LOC134701920|LOC134701920",32.5866192685836,0.0376956868510841,0.10248292429271,0.533382923230884,0.876836729956355
"gene-LOC134701935|LOC134701935",8.01356141276835,-0.0228674616403013,0.123139032440912,0.324686251262418,0.795051568786952
"gene-LOC134701937|LOC134701937",35.9639978447191,0.0372635241108045,0.123427878882622,0.330900674217871,0.798608482077279
"gene-LOC134701947|LOC134701947",23.4006548090885,0.044842092615471,0.112005518095888,0.432565093587481,0.8360891578941
"gene-LOC134701953|LOC134701953",16.993981739268,-0.214812742024013,0.354879124841755,0.020168427170706,0.308878018571405
"gene-LOC134701960|LOC134701960",75.5813240256873,-0.0388508209169924,0.122177905985013,0.354405264088867,0.811592466382447
"gene-LOC134701961|LOC134701961",75.5328702913505,-0.0391760074969452,0.122302848194721,0.350905833010232,0.809840919387868
"gene-LOC134701963|LOC134701963",12.9305943606456,0.0114799096501113,0.107489019080694,0.826447799044064,0.964172729064096
"gene-LOC134701964|LOC134701964",119.006517237837,0.0452011664578298,0.0866606933456716,0.465748259723812,0.848670267917421
"gene-LOC134701967|LOC134701967",7.0554067591046,0.0137839145356328,0.121176212313833,0.549881692858365,0.884107206970154
"gene-LOC134701987|LOC134701987",165.2953260698,0.0482835505912612,0.119830407635751,0.352272723433397,0.810761271271134
"gene-LOC134702007|LOC134702007",14.0447407673563,0.0230142662569604,0.120828461561377,0.471206368777964,0.852176888620664
"gene-LOC134702042|LOC134702042",283.69774904429,-0.0530268327404787,0.109597823734885,0.384104369710807,0.821366700441867
"gene-LOC134702043|LOC134702043",283.841401080556,-0.0438508545428215,0.10666946395347,0.462233137274948,0.848659322959597
"gene-LOC134702044|LOC134702044",283.026866305387,-0.052979497061632,0.117710323290397,0.346721757210577,0.808791545335467
"gene-LOC134702059|LOC134702059",16.6426122982487,0.0575641735847698,0.114825170546638,0.338197526761235,0.802086545158541
"gene-LOC134702070|LOC134702070",12.178474804081,-0.0520137793789588,0.134571494385742,0.0933179793411233,0.569102888669114
"gene-LOC134702108|LOC134702108",13.5327982215802,0.0515516927023962,0.133796004815905,0.110311483932213,0.593221094945367
"gene-LOC134702114|LOC134702114",8.85017669043848,0.00440938519275322,0.121361899366785,0.78340059344529,0.955986156804917
"gene-LOC134702117|LOC134702117",104.499615495969,-0.0073151094980891,0.121716857157936,0.614980236137324,0.906968686182044
"gene-LOC134702120|LOC134702120",19.2269443019893,0.0227199818563302,0.121168367966556,0.458003394900013,0.846283598422452
"gene-LOC134702194|LOC134702194",264.394942812949,0.0387595402810899,0.0928879695221578,0.536700813271414,0.877546699876996
"gene-LOC134702199|LOC134702199",10.4279598187058,-0.0390083367944463,0.130510763125446,0.0294456449830059,0.362099236909246
"gene-LOC134702200|LOC134702200",10.0102815715776,0.018019471671364,0.116505627049699,0.65185955338067,0.918046712290982
"gene-LOC134702204|LOC134702204",7.76268352933907,-0.00962350265758831,0.118494366153323,0.755952351666814,0.94961625594829
"gene-LOC134702206|LOC134702206",19.5784089778383,0.168556100947276,0.286076692247862,0.0228885595635717,0.322810588647059
"gene-LOC134702209|LOC134702209",278.202824429609,-0.0548860652184749,0.11047845117889,0.367171142343881,0.813688679582993
"gene-LOC134702210|LOC134702210",280.64819317191,-0.0534158882344039,0.109017617581524,0.382684307322342,0.821366700441867
"gene-LOC134702211|LOC134702211",243.784721561679,-0.0890052138338789,0.134402592192816,0.164176904814701,0.646240674287407
"gene-LOC134702376|LOC134702376",168.779872241131,-0.065216267116527,0.126278425334078,0.244867290549521,0.726061631575678
"gene-LOC134702378|LOC134702378",250.029395052753,-0.0506480080270872,0.108374272228089,0.404271867007986,0.828569242480243
"gene-LOC134702379|LOC134702379",271.204879619027,-0.0714666211728022,0.127726214971806,0.221462708622292,0.707264061779253
"gene-LOC134702380|LOC134702380",36.4301721786361,0.0541426600613132,0.137186960777622,0.0530709456413621,0.46836969002188
"gene-LOC134702392|LOC134702392",6.39835488928594,0.0144050291956544,0.122386469954748,0.391909948096591,NA
"gene-LOC134702398|LOC134702398",17.5722537746936,-0.0082659443971542,0.12137419728506,0.640261971312102,0.914809132082223
"gene-LOC134702413|LOC134702413",10.8294688845245,-0.00667622517187862,0.121451318347237,0.6798098840565,0.924535906928755
"gene-LOC134702420|LOC134702420",14.2047363177599,-0.053458900389433,0.125082181619256,0.276989273553415,0.759182066115978
"gene-LOC134702435|LOC134702435",24.8385658520151,0.312160558472568,0.252631556370921,0.011533545104067,0.243996382159203
"gene-LOC134702437|LOC134702437",23.6985451618195,-0.071741904371454,0.142476919325652,0.114563690818306,0.600565684702998
"gene-LOC134702452|LOC134702452",28.2284513831006,-0.194037454529636,0.215727343031717,0.0344211916232254,0.391763380040022
"gene-LOC134702454|LOC134702454",9.79254145563073,-0.00683031538643035,0.117951397275568,0.829995999019369,0.964892896096873
"gene-LOC134702463|LOC134702463",25.8314515296173,0.0687473081802544,0.145608815053014,0.0590504909668153,0.483310521148065
"gene-LOC134702479|LOC134702479",59.1886501643634,0.126220116486169,0.219049421967442,0.0192550549079122,0.302308398753364
"gene-LOC134702480|LOC134702480",61.5217102201951,0.0441669791280768,0.118224459063692,0.388774900530913,0.82303705168547
"gene-LOC134702484|LOC134702484",340.714040794267,-0.0972124310690796,0.118663529730498,0.161203578409078,0.643034890935151
"gene-LOC134702485|LOC134702485",263.110451080874,-0.0814191085606325,0.133006429266692,0.184852034042475,0.66207097044213
"gene-LOC134702598|LOC134702598",262.372622695068,-0.0487577667961837,0.116290296246616,0.377200071628692,0.820038855990219
"gene-LOC134702602|LOC134702602",280.847601842051,-0.0543362968937332,0.109847128471961,0.375040735306506,0.820038855990219
"gene-LOC134702603|LOC134702603",275.326598678112,-0.0498113726074413,0.108109111491617,0.410563121883155,0.831856384439449
"gene-LOC134702604|LOC134702604",280.856590379128,-0.0508676663774949,0.116614061222404,0.364536373722998,0.812684588929183
"gene-LOC134702618|LOC134702618",271.516052382962,-0.0491815980589655,0.109245467082602,0.411180859634082,0.831856384439449
"gene-LOC134702620|LOC134702620",287.560407616427,-0.0474715561527216,0.10841263711561,0.427186221235408,0.835542057474881
"gene-LOC134702621|LOC134702621",280.840786978973,-0.0539301455593067,0.117632195449183,0.341210898499405,0.80340288344589
"gene-LOC134702625|LOC134702625",346.427030539484,-0.122002888642903,0.131478636055581,0.10060951504577,0.579631212729381
"gene-LOC134702626|LOC134702626",322.061048136478,-0.115930296790544,0.127675758571427,0.11301472130129,0.596453310659169
"gene-LOC134702627|LOC134702627",267.846465430816,-0.0889523487159951,0.138996528422171,0.147532803169143,0.632952379480531
"gene-LOC134702685|LOC134702685",280.194573274406,-0.069816074485695,0.122823391119875,0.245600548822951,0.726202995506717
"gene-LOC134702695|LOC134702695",33.1169890495765,0.00428889519317667,0.120610204427001,0.840182139320718,0.965558865799071
"gene-LOC134702726|LOC134702726",270.743473596242,-0.0682553537009842,0.125736818430332,0.239021082908685,0.72032371267643
"gene-LOC134702727|LOC134702727",236.406453914229,-0.0805631362406006,0.133266052300484,0.175204521366783,0.653957193103024
"gene-LOC134702730|LOC134702730",280.923817667776,-0.0479757603116464,0.107816136756416,0.425243878679447,0.835542057474881
"gene-LOC134702731|LOC134702731",228.28095342351,-0.049337334992349,0.109113872516558,0.410405509922684,0.831856384439449
"gene-LOC134702732|LOC134702732",42.0325099894997,0.123923593086,0.216524453048089,0.017851875153387,0.293726467210286
"gene-LOC134702735|LOC134702735",251.343481232696,-0.0989084299122792,0.141556765428747,0.13302581971899,0.620317785725725
"gene-LOC134702737|LOC134702737",312.494512690619,-0.0451356555265827,0.106846821604296,0.451118170080992,0.844734225721323
"gene-LOC134702738|LOC134702738",310.935333141225,-0.0508858402860457,0.108603177642406,0.401295828512123,0.827255071865873
"gene-LOC134702739|LOC134702739",250.005428506874,-0.0891024889313924,0.137133507177628,0.156624125780238,0.641040525737625
"gene-LOC134702745|LOC134702745",311.353054170831,-0.0473439077534374,0.107847115503553,0.433057064860512,0.8360891578941
"gene-LOC134702746|LOC134702746",250.191627700725,-0.0928462044069575,0.138299643113249,0.14884510617371,0.635874006190423
"gene-LOC134702747|LOC134702747",61.7299017330962,0.043101569136469,0.117650530269393,0.400866551965062,0.827255071865873
"gene-LOC134702756|LOC134702756",278.023240902571,-0.0391427531073832,0.105435849014997,0.507869579071267,0.869019461191369
"gene-LOC134702757|LOC134702757",290.558395629528,-0.1291464346857,0.138199222208529,0.089673278037968,0.562448223807657
"gene-LOC134702758|LOC134702758",206.81146167829,-0.0814428136835071,0.133216249539829,0.179924924534421,0.658249050852827
"gene-LOC134702760|LOC134702760",246.916683299088,-0.0837715776248306,0.132863293797042,0.177351914270985,0.654602506641404
"gene-LOC134702762|LOC134702762",276.38730792428,-0.0421235006043989,0.106051290175391,0.479460117467582,0.856095103249028
"gene-LOC134702764|LOC134702764",243.718407404112,-0.0845471501616242,0.133543573959819,0.173717385920476,0.653097140139782
"gene-LOC134702775|LOC134702775",342.118262736643,-0.123327903644923,0.12887794847724,0.0992521068306395,0.579342280275393
"gene-LOC134702776|LOC134702776",344.306821185735,-0.12811292047171,0.129357980777594,0.0924737982279393,0.568072848299734
"gene-LOC134702777|LOC134702777",184.015030924934,-0.114441716929516,0.159505827116865,0.0912961192872025,0.565056999508797
"gene-LOC134702848|LOC134702848",284.217979525218,-0.0573016885618213,0.119077870946016,0.31365942680716,0.78693314819391
"gene-LOC134702849|LOC134702849",282.177360320515,-0.0517663667207891,0.116779054133326,0.358648478951604,0.811668122295978
"gene-LOC134702852|LOC134702852",312.329771339427,-0.0500440069871283,0.109002403069389,0.496749988315675,0.863604931815246
"gene-LOC134702853|LOC134702853",310.350062514276,-0.041935864995154,0.10532640417909,0.482719530870876,0.857491918914117
"gene-LOC134702855|LOC134702855",240.382783081613,-0.0813812498392851,0.130653352211062,0.188356869292096,0.666007834810439
"gene-LOC134702872|LOC134702872",251.722544403931,-0.0882103983237453,0.135990205764144,0.160470207337176,0.643034890935151
"gene-LOC134702873|LOC134702873",251.14926006989,-0.0855208292386502,0.134023036071476,0.171167204918031,0.652148082884002
"gene-LOC134702877|LOC134702877",313.600119812716,-0.0524311227192704,0.109763338803244,0.385743522190886,0.821366700441867
"gene-LOC134702878|LOC134702878",268.87811189499,-0.0446956927497731,0.107356997882464,0.455413361319568,0.845232489565602
"gene-LOC134702900|LOC134702900",317.654400484053,-0.0488763682552733,0.110659410234103,0.404729808392419,0.828879214975303
"gene-LOC134702901|LOC134702901",313.073028911604,-0.0504763481922585,0.109488839198205,0.40294403478261,0.827512340614772
"gene-LOC134702902|LOC134702902",251.172614794384,-0.083989686504298,0.133294192907912,0.175330000164846,0.653957193103024
"gene-LOC134702958|LOC134702958",281.471331907107,-0.0646941851303496,0.121036687972052,0.272718551958587,0.753371167693787
"gene-LOC134702961|LOC134702961",284.863725956814,-0.0569583207358205,0.110448662361784,0.355261009914148,0.811592466382447
"gene-LOC134702962|LOC134702962",282.625555420054,-0.0423181227808613,0.106722816171383,0.474396278985307,0.854085739419948
"gene-LOC134702963|LOC134702963",259.62668066373,-0.0685082704983448,0.12407782646448,0.247142579265316,0.72810809446025
"gene-LOC134702965|LOC134702965",269.351909013253,-0.0752232248030741,0.128871910429277,0.213169763391404,0.697999552819894
"gene-LOC134702967|LOC134702967",278.071143321719,-0.0604231570519569,0.113568264551387,0.326574769083431,0.795051568786952
"gene-LOC134702968|LOC134702968",270.793525616219,-0.0672108617071515,0.125215538401407,0.24462127877513,0.72581963421036
"gene-LOC134702971|LOC134702971",284.216262808037,-0.0437323023363607,0.107576244525491,0.461934192733041,0.848659322959597
"gene-LOC134702972|LOC134702972",211.626076983213,-0.076632407308384,0.131474547494106,0.190062292680278,0.666686889874754
"gene-LOC134703004|LOC134703004",209.948241774525,-0.0512404688517277,0.111121837229155,0.396986027884086,0.826986629114887
"gene-LOC134703005|LOC134703005",213.746190411294,-0.0863808634300964,0.135299016316115,0.164819535642867,0.64634592229987
"gene-LOC134703027|LOC134703027",340.681838829484,-0.104491544300663,0.119197555053282,0.143517860557554,0.629645728011437
"gene-LOC134703028|LOC134703028",262.82011364471,-0.0811048846879402,0.132423562151228,0.17836652334825,0.655260611093991
"gene-LOC134703079|LOC134703079",206.679254854141,-0.0652409253636473,0.125616607716301,0.248012043955388,0.728288152552403
"gene-LOC134703081|LOC134703081",276.857668842669,-0.0576222594219358,0.110882708595555,0.349949706997577,0.80898857511247
"gene-LOC134703082|LOC134703082",277.629369502354,-0.0460501798575551,0.107461029358098,0.44150874202021,0.839448051274535
"gene-LOC134703083|LOC134703083",245.283779573614,-0.0906397636759718,0.135845674871197,0.156900595340993,0.641040525737625
"gene-LOC134703086|LOC134703086",339.843392387004,-0.0967143124094341,0.118875845672976,0.164472523059393,0.646240674287407
"gene-LOC134703088|LOC134703088",273.013352352329,-0.0818812917763087,0.133172982384734,0.182682503988741,0.660284397862781
"gene-LOC134703091|LOC134703091",225.175459161271,-0.0871316375393738,0.137038320519681,0.159308725284124,0.641731615768171
"gene-LOC134703093|LOC134703093",279.122842407554,-0.05109697955962,0.109307887418296,0.397139459951788,0.826986629114887
"gene-LOC134703094|LOC134703094",219.778383694693,-0.0750687342617736,0.119373826744142,0.239811974570043,0.72032371267643
"gene-LOC134703095|LOC134703095",244.430591342046,-0.0839850654488038,0.131794136547188,0.180097784109686,0.658249050852827
"gene-LOC134703123|LOC134703123",281.72614010375,-0.0519576006406844,0.10878508817164,0.393027334359384,0.825170088875084
"gene-LOC134703124|LOC134703124",281.706670836313,-0.0493552131648461,0.108040771282962,0.414902807537245,0.83191669821499
"gene-LOC134703125|LOC134703125",266.709566305684,-0.0721810924283083,0.127257186626773,0.223458521097432,0.708532153603644
"gene-LOC134703154|LOC134703154",340.060151458506,-0.100886227504563,0.11938986873106,0.148816557889717,0.635874006190423
"gene-LOC134703155|LOC134703155",262.978155225243,-0.0937825930324041,0.140138486621498,0.142499864285998,0.627978786874401
"gene-LOC134703156|LOC134703156",260.044403110039,-0.0849448636715677,0.135375937664973,0.161479145209724,0.643034890935151
"gene-LOC134703206|LOC134703206",234.168487630393,-0.0868554517860438,0.134049449740606,0.16842073092614,0.649152266549594
"gene-LOC134703209|LOC134703209",276.813591395611,-0.0506049655569418,0.108622950026652,0.403638244085461,0.828218046845589
"gene-LOC134703210|LOC134703210",243.652149827422,-0.0839105817022668,0.133367603475839,0.174981951696672,0.653957193103024
"gene-LOC134703212|LOC134703212",252.860338942441,-0.0838106092053198,0.134210033516295,0.171845894943752,0.652148082884002
"gene-LOC134703214|LOC134703214",315.132740924258,-0.0514010324368522,0.10960349049348,0.394053565972372,0.826720797872459
"gene-LOC134703215|LOC134703215",312.520129600305,-0.0438851785990271,0.106418811143507,0.463567096321372,0.848659322959597
"gene-LOC134703216|LOC134703216",250.86145964554,-0.0887849889899504,0.135175147734334,0.159653842983387,0.641786167526883
"gene-LOC134703246|LOC134703246",198.478969874615,-0.0731923654888237,0.127553574801277,0.225198185703339,0.710733147192747
"gene-LOC134703249|LOC134703249",348.939770490975,-0.0981661597967017,0.118492407339651,0.156468482454229,0.641040525737625
"gene-LOC134703250|LOC134703250",315.149982263739,-0.0974761561329553,0.120376862831499,0.163099731438373,0.64477991774337
"gene-LOC134703251|LOC134703251",267.218457739116,-0.0754157401511022,0.128267886124315,0.196689034328444,0.676621119929131
"gene-LOC134703256|LOC134703256",286.15590087336,-0.0523522100765387,0.111036590235586,0.382486464559314,0.821366700441867
"gene-LOC134703257|LOC134703257",281.03888814416,-0.0525285357161701,0.117081476839841,0.351327387630955,0.810015957975538
"gene-LOC134703259|LOC134703259",310.72638029668,-0.053110026985513,0.11005463208155,0.380347607369023,0.82083573709765
"gene-LOC134703260|LOC134703260",250.411301532193,-0.0789318320658123,0.129855036959806,0.176197205786547,0.653957193103024
"gene-LOC134703264|LOC134703264",310.091028211153,-0.0498493668767289,0.107650323216876,0.411462628845352,0.831856384439449
"gene-LOC134703265|LOC134703265",280.925934857708,-0.0564449068012406,0.1184253795959,0.320912167863307,0.792910334915311
"gene-LOC134703268|LOC134703268",308.483306205078,-0.0458037518976524,0.106256308023683,0.447061645522843,0.842275386998885
"gene-LOC134703309|LOC134703309",311.44454055979,-0.0469839226218838,0.107845041369923,0.432590980170986,0.8360891578941
"gene-LOC134703310|LOC134703310",230.891717133919,-0.0921165503286555,0.134470582286832,0.157846410725221,0.641040525737625
"gene-LOC134703313|LOC134703313",251.203620695239,-0.0840287017545742,0.132954573045192,0.177028896152931,0.654377790369844
"gene-LOC134703315|LOC134703315",309.064165474667,-0.0454635392719455,0.107280484430485,0.448894361435019,0.843025033578531
"gene-LOC134703317|LOC134703317",252.187748784544,-0.092653957750382,0.138488057000659,0.149044940887961,0.635874006190423
"gene-LOC134703319|LOC134703319",242.178056556929,-0.0913124521481638,0.136255958574977,0.155764298082813,0.641040525737625
"gene-LOC134703321|LOC134703321",282.620885042621,-0.0486655768680254,0.1091961260243,0.415350552656943,0.832145609643619
"gene-LOC134703322|LOC134703322",277.002081741966,-0.0473375715263826,0.108685245306206,0.429050027205475,0.835542057474881
"gene-LOC134703323|LOC134703323",251.884156283981,-0.0489344607713858,0.116129777666552,0.377679200766149,0.820038855990219
"gene-LOC134703325|LOC134703325",309.303126328571,-0.0503273722235944,0.109113336968898,0.40298270880252,0.827512340614772
"gene-LOC134703326|LOC134703326",278.766833852121,-0.0540081462466913,0.117702953297723,0.340343941125992,0.80340288344589
"gene-LOC134703330|LOC134703330",311.132173876462,-0.0399121482269017,0.106029676913986,0.534836451120394,0.876836729956355
"gene-LOC134703331|LOC134703331",282.505463041944,-0.0567212703093678,0.119482098018243,0.315274153020091,0.7885590901843
"gene-LOC134703332|LOC134703332",283.859611897936,-0.0532977348079502,0.117570224670971,0.345388637655845,0.807056320563065
"gene-LOC134703334|LOC134703334",220.729697570232,-0.0567011475490779,0.109781802422505,0.357237643069144,0.811592466382447
"gene-LOC134703335|LOC134703335",271.126283667367,-0.0711099309291346,0.127172479553444,0.22640885355442,0.71163912252252
"gene-LOC134703336|LOC134703336",223.61759258346,-0.0742095221239408,0.129098914595958,0.207770020311689,0.689825443338183
"gene-LOC134703340|LOC134703340",282.054499191438,-0.0477387217901818,0.108243421577893,0.42517024367746,0.835542057474881
"gene-LOC134703341|LOC134703341",280.319640451787,-0.0518772339230723,0.109649018236511,0.390143080983231,0.82303705168547
"gene-LOC134703342|LOC134703342",191.325933935349,0.207987573485206,0.602050709529956,0.00894538037478315,0.218651273411405
"gene-LOC134703345|LOC134703345",291.098937871938,-0.0504394565175271,0.108970837238541,0.402942470633704,0.827512340614772
"gene-LOC134703346|LOC134703346",227.957409921244,-0.0836592305449239,0.132828289102636,0.176860578237913,0.654078454530239
"gene-LOC134703365|LOC134703365",336.537244414305,-0.138287657346512,0.136107312339012,0.0744999595922949,0.524370486265692
"gene-LOC134703366|LOC134703366",266.665681608377,-0.0937855657648071,0.142472071512467,0.136714335107079,0.624139845752057
"gene-LOC134703369|LOC134703369",243.444868538474,-0.0820711480808872,0.131445098927075,0.184086616219879,0.66207097044213
"gene-LOC134703371|LOC134703371",278.465542200069,-0.0522939181766841,0.109323305314682,0.389894526824942,0.82303705168547
"gene-LOC134703372|LOC134703372",220.253919620631,-0.0653445909375714,0.11457944375983,0.295165933928437,0.773306857967351
"gene-LOC134703373|LOC134703373",243.166228700359,-0.0811216410271159,0.130787056396151,0.188951566542034,0.666686889874754
"gene-LOC134703377|LOC134703377",311.495181296057,-0.0450865755230432,0.106948072215259,0.451079357248021,0.844734225721323
"gene-LOC134703378|LOC134703378",266.197747265773,-0.0634361690033782,0.123843576527284,0.263570308447885,0.744490657949496
"gene-LOC134703402|LOC134703402",196.79565264061,-0.0619298006361363,0.115743811868934,0.307285040381577,0.782758630303085
"gene-LOC134703403|LOC134703403",270.349106855914,-0.0700081687330921,0.126532338940818,0.23234397250437,0.716057146239723
"gene-LOC134703404|LOC134703404",279.194549185698,-0.071543621014176,0.128832771225764,0.221148616593836,0.707264061779253
"gene-LOC134703408|LOC134703408",286.91468958449,-0.0688578365061225,0.115212150132539,0.29285592878864,0.772631316913971
"gene-LOC134703409|LOC134703409",269.379019862022,-0.0557596040396498,0.110148183912509,0.363857789393878,0.812684588929183
"gene-LOC134703419|LOC134703419",276.943649335588,-0.0501893514525053,0.108316616511413,0.407718511456832,0.831537018600277
"gene-LOC134703420|LOC134703420",273.538484197767,-0.050595424345491,0.116712268584637,0.362849772804967,0.812684588929183
"gene-LOC134703442|LOC134703442",295.974177816079,-0.0455125360292969,0.106619664909953,0.448202646528429,0.843025033578531
"gene-LOC134703443|LOC134703443",234.318249962816,-0.0927741599609287,0.139175966931007,0.147635198739983,0.632952379480531
"gene-LOC134703461|LOC134703461",310.690490090621,-0.0389060759436061,0.105275072342366,0.510747601785398,0.871213902130229
"gene-LOC134703462|LOC134703462",250.173780561628,-0.0889065747425026,0.136797376432744,0.157466514717612,0.641040525737625
"gene-LOC134703467|LOC134703467",286.032110430171,-0.042350147669512,0.106647827915223,0.474669167260791,0.854313240474901
"gene-LOC134703468|LOC134703468",289.129278413899,-0.0583384692161875,0.112927696412912,0.337626051628075,0.802058261976077
"gene-LOC134703469|LOC134703469",277.23288743025,-0.0687243631843131,0.126219740711952,0.235540401385374,0.716934810635982
"gene-LOC134703475|LOC134703475",310.109274338997,-0.0518253624434934,0.109623645187071,0.390644217945248,0.823250163807042
"gene-LOC134703476|LOC134703476",277.073585637444,-0.0643151705078053,0.123990884267983,0.260104480626829,0.740652964154039
"gene-LOC134703478|LOC134703478",335.433484228023,-0.129569268786319,0.130882528612581,0.0884404192947117,0.55987345739484
"gene-LOC134703479|LOC134703479",264.608147956066,-0.0980642820383315,0.145850339073373,0.125222917798699,0.612064264000456
"gene-LOC134703481|LOC134703481",275.538051292795,-0.0529063966709703,0.10880711959944,0.355023475333441,0.811592466382447
"gene-LOC134703482|LOC134703482",241.64334085612,-0.085794679894286,0.133281415748879,0.170884895225492,0.651911717755385
"gene-LOC134703491|LOC134703491",230.484719950446,-0.076262476066659,0.12973106881994,0.20155144970155,0.681932767382082
"gene-LOC134703495|LOC134703495",288.310366161777,-0.00951511436055257,0.104004665835847,0.862200248362079,0.973956778441233
"gene-LOC134703496|LOC134703496",191.960383575791,-0.0190338006205717,0.107978969773642,0.715399638438381,0.93567613525086
"gene-LOC134703497|LOC134703497",244.757836102663,-0.0766467643527593,0.128686615422352,0.204574767524019,0.686407004474632
"gene-LOC134703500|LOC134703500",299.920242355296,-0.0450883789051695,0.104984705691709,0.460295473168022,0.848216731927982
"gene-LOC134703501|LOC134703501",252.024099727468,-0.0948562327443307,0.139867887967068,0.14031786756683,0.627557821356636
"gene-LOC134703502|LOC134703502",207.030819911595,-0.0866857536604276,0.139023520848782,0.15756648220577,0.641040525737625
"gene-LOC134703506|LOC134703506",372.377784533007,-0.122751329712655,0.136860983845982,0.100022252668939,0.579631212729381
"gene-LOC134703507|LOC134703507",212.61757208076,-0.0741434867831431,0.129282087878465,0.206429236136074,0.688757595246135
"gene-LOC134703509|LOC134703509",170.118860855732,-0.0616785854359045,0.11403733811976,0.317354714273042,0.790116175262902
"gene-LOC134703510|LOC134703510",246.793897783334,-0.0860842755714205,0.133973633059049,0.169142809478833,0.650165416239872
"gene-LOC134703512|LOC134703512",214.40501640805,-0.090446386403595,0.139442755083919,0.147652264247895,0.632952379480531
"gene-LOC134703514|LOC134703514",310.130330878798,-0.106087605624798,0.119107726709008,0.138312634550635,0.624208975833054
"gene-LOC134703516|LOC134703516",264.62270302994,-0.0881271543762418,0.137033016449436,0.157118125225449,0.641040525737625
"gene-LOC134703519|LOC134703519",342.449056045419,-0.0982019456004295,0.118958108298442,0.160601705148615,0.643034890935151
"gene-LOC134703520|LOC134703520",262.531819234407,-0.0887305562645579,0.137599218200428,0.15462344890551,0.640559180278199
"gene-LOC134703522|LOC134703522",340.899907496409,-0.100798381648375,0.12050174332215,0.151005396346256,0.638738768482586
"gene-LOC134703523|LOC134703523",230.796747379751,-0.0946611479968714,0.143495409065355,0.132164031116817,0.620317785725725
"gene-LOC134703526|LOC134703526",312.172576075003,-0.0467901730266695,0.107296605891338,0.436671034350995,0.837018012862708
"gene-LOC134703527|LOC134703527",274.91490039989,-0.0691841724363434,0.126585404810347,0.232732813265982,0.716057146239723
"gene-LOC134703582|LOC134703582",260.319187693682,-0.0358418489324506,0.10495591671241,0.540977473942535,0.879929447098869
"gene-LOC134703583|LOC134703583",243.220307553671,0.0825925354319353,0.120617272138752,0.389505489409648,0.82303705168547
"gene-LOC134703584|LOC134703584",240.410061212649,-0.0854675386991168,0.134071047216167,0.183227520307882,0.660978275330311
"gene-LOC134703586|LOC134703586",278.032911521032,-0.0530974102274647,0.109543947273656,0.382393961235169,0.821366700441867
"gene-LOC134703587|LOC134703587",240.640806943372,-0.0838329163496115,0.132275826750781,0.178401460943986,0.655260611093991
"gene-LOC134703590|LOC134703590",269.45233166546,-0.0428062313333075,0.106492327979646,0.471617989863542,0.852509564587995
"gene-LOC134703591|LOC134703591",256.326321930092,-0.0573155894992781,0.118418786560974,0.326123576916107,0.795051568786952
"gene-LOC134703598|LOC134703598",278.96806494288,-0.049616919482607,0.108277365948027,0.411732024051503,0.831856384439449
"gene-LOC134703599|LOC134703599",280.494169326616,-0.0478128585542374,0.107031790769561,0.42904156860012,0.835542057474881
"gene-LOC134703600|LOC134703600",269.097017171903,-0.0716600990662146,0.127445636288713,0.223513976191227,0.708532153603644
"gene-LOC134703602|LOC134703602",184.530011071602,-0.0772651561329272,0.125611685907217,0.214321167654219,0.699064122196187
"gene-LOC134703604|LOC134703604",312.768516175639,-0.0504992126969866,0.108804290064877,0.404956779318046,0.828879214975303
"gene-LOC134703605|LOC134703605",172.941347812163,-0.0321597577543495,0.104500188428905,0.578891991451139,0.896072107525604
"gene-LOC134703606|LOC134703606",245.959749226957,-0.0840731407092926,0.13326071019188,0.17511641821997,0.653957193103024
"gene-LOC134703609|LOC134703609",339.984657378933,-0.111215600924448,0.123387108300907,0.124640800972821,0.610633401063977
"gene-LOC134703610|LOC134703610",263.451900267108,-0.0821118573327933,0.132385727532878,0.180722626296999,0.658380594100839
"gene-LOC134703612|LOC134703612",345.817309464886,-0.105784458906713,0.123231628529025,0.137605968907092,0.624139845752057
"gene-LOC134703613|LOC134703613",345.317369517294,-0.106545192669063,0.121753933614882,0.136415459474432,0.624139845752057
"gene-LOC134703614|LOC134703614",345.011579712235,-0.0915490101318642,0.1162733288527,0.183345133762569,0.661084114948424
"gene-LOC134703615|LOC134703615",270.921110443174,-0.0739395623633944,0.122302975364867,0.231867221673123,0.715178592714176
"gene-LOC134703616|LOC134703616",269.87894587744,-0.0735204084556047,0.122842972286242,0.226806995264871,0.711804885792292
"gene-LOC134703617|LOC134703617",270.195651885103,-0.0745124366476616,0.123480747540834,0.220525493620083,0.707264061779253
"gene-LOC134703618|LOC134703618",270.472652737555,-0.0715430914569972,0.121948345393558,0.245422741442834,0.726183686552899
"gene-LOC134703623|LOC134703623",344.611068520267,-0.108586213004346,0.121891040520142,0.132548406622721,0.620317785725725
"gene-LOC134703626|LOC134703626",341.440613867443,-0.0994316473126819,0.117756191376109,0.158226342346963,0.641040525737625
"gene-LOC134703627|LOC134703627",265.693460414308,-0.0806778205330275,0.131971663007203,0.180334250168411,0.658380594100839
"gene-LOC134703628|LOC134703628",264.467466394176,-0.0820475763904124,0.131459118144447,0.185021959127498,0.66207097044213
"gene-LOC134703642|LOC134703642",305.449792494179,-0.0372248683722821,0.104505478625871,0.529270227822442,0.875659472324857
"gene-LOC134703643|LOC134703643",276.764115938551,-0.0671893028327613,0.124575579443222,0.249947409690803,0.728910951453647
"gene-LOC134703651|LOC134703651",38.4455643443908,0.137211089773735,0.237922520895964,0.0194054218872159,0.303668643429061
"gene-LOC134703730|LOC134703730",275.501748986505,-0.0457430010668441,0.106492090489696,0.447027155605727,0.842275386998885
"gene-LOC134703731|LOC134703731",241.838776714874,-0.0869637773350408,0.134885161125312,0.166271594894211,0.64634592229987
"gene-LOC134703734|LOC134703734",275.037686553689,-0.0413717727541563,0.106135739522335,0.485315972362501,0.858540213429343
"gene-LOC134703735|LOC134703735",270.981600983601,-0.0682149864008375,0.126454060434116,0.236069397689187,0.717501509453866
"gene-LOC134703736|LOC134703736",236.441262890599,-0.0796029247825476,0.13352005580734,0.176255817007089,0.653957193103024
"gene-LOC134703738|LOC134703738",341.170686926369,-0.0986740193095019,0.118070907285344,0.159119712901895,0.641731615768171
"gene-LOC134703739|LOC134703739",261.673579396976,-0.0867173331501917,0.135699934301219,0.162877136077049,0.64477991774337
"gene-LOC134703811|LOC134703811",196.367275895213,-0.0949915912671324,0.144488166614194,0.130098351109119,0.619000350353362
"gene-LOC134703814|LOC134703814",209.974836358056,-0.0806166027642856,0.11728244012115,0.222852311247882,0.707626701628319
"gene-LOC134703815|LOC134703815",312.996791254924,-0.0487336894226508,0.107983173342357,0.418949435781426,0.833869845043139
"gene-LOC134703816|LOC134703816",266.123866919469,-0.046249056724811,0.114421141765959,0.406082117741654,0.830041696029849
"gene-LOC134703829|LOC134703829",280.665205592189,-0.0480276482685462,0.107252186424966,0.426655329474111,0.835542057474881
"gene-LOC134703830|LOC134703830",241.981844846285,-0.0666116887999086,0.123366493711509,0.255705538343397,0.734418229446807
"gene-LOC134703832|LOC134703832",273.107978549096,-0.049516029961076,0.108214157316784,0.413433512183372,0.831856384439449
"gene-LOC134703833|LOC134703833",270.075602818479,-0.0694473687752089,0.126334828066975,0.233052452563823,0.716057146239723
"gene-LOC134703837|LOC134703837",249.158060276365,-0.0889365083182349,0.136675474348703,0.154221623239364,0.640559180278199
"gene-LOC134703839|LOC134703839",278.985674390345,-0.0428462837277713,0.106059352893942,0.456661900708696,0.845682733532993
"gene-LOC134703840|LOC134703840",249.112661257167,-0.0899628036412516,0.136218296353382,0.156013517742907,0.641040525737625
"gene-LOC134703870|LOC134703870",267.280870796222,-0.0724659775454539,0.127621240701076,0.220025417055211,0.707264061779253
"gene-LOC134703872|LOC134703872",312.758924794962,-0.0471854428199798,0.107642841681093,0.432656503900635,0.8360891578941
"gene-LOC134703873|LOC134703873",279.183609903629,-0.0686214069514272,0.126007837226073,0.237907274723871,0.719059992703639
"gene-LOC134703875|LOC134703875",228.74051041622,-0.043244046498512,0.107286818212933,0.465229430402544,0.848670267917421
"gene-LOC134703876|LOC134703876",245.903823850997,-0.0614649198772629,0.121929310191404,0.281427929293635,0.762459166226361
"gene-LOC134703931|LOC134703931",282.731834665302,-0.0523005477126973,0.117994458100304,0.34936040795516,0.80898857511247
"gene-LOC134703933|LOC134703933",290.061535381468,-0.054647196091433,0.11231795359184,0.362719458028687,0.812684588929183
"gene-LOC134703934|LOC134703934",284.171105813358,-0.0470492957331543,0.107242769559876,0.433962813781636,0.836462644390794
"gene-LOC134703936|LOC134703936",281.652815960399,-0.0507422731906741,0.116728333713242,0.36024501409814,0.81177998504983
"gene-LOC134703943|LOC134703943",311.564558786394,-0.0488948996270475,0.108660411113349,0.415125210472616,0.83191669821499
"gene-LOC134703945|LOC134703945",251.164869961593,-0.0938732990815426,0.140442042668108,0.141672306807182,0.627557821356636
"gene-LOC134703950|LOC134703950",340.662721916244,-0.094249183117708,0.116414458852381,0.17004112756958,0.650326338157105
"gene-LOC134703951|LOC134703951",263.145549798142,-0.0846014633295078,0.134455514578392,0.165615013211342,0.64634592229987
"gene-LOC134703953|LOC134703953",277.457171134591,-0.0434350001253826,0.105991463434615,0.467592519831335,0.849445149819994
"gene-LOC134703954|LOC134703954",279.59155219244,-0.0536063580035081,0.118254013946462,0.339633125923771,0.80340288344589
"gene-LOC134703967|LOC134703967",277.278166033167,-0.0512478780179409,0.108482450362043,0.39909855707852,0.827255071865873
"gene-LOC134703968|LOC134703968",280.094091042794,-0.0557323279677929,0.11918593973616,0.321634367810201,0.793647374145172
"gene-LOC134704063|LOC134704063",309.072270772263,-0.0451376387648048,0.107166168843745,0.451615374016343,0.844734225721323
"gene-LOC134704064|LOC134704064",262.015322830596,-0.0520115308732016,0.116592687217769,0.358345238572714,0.811668122295978
"gene-LOC134704082|LOC134704082",277.49523628518,-0.0487573277644185,0.108613808233752,0.416050770289068,0.832256803460703
"gene-LOC134704083|LOC134704083",280.485136697638,-0.0455347298884238,0.106583409004861,0.448295849261497,0.843025033578531
"gene-LOC134704084|LOC134704084",241.783586007679,-0.0838128011980098,0.132113742626511,0.179215160269309,0.656853969642611
"gene-LOC134704089|LOC134704089",310.091934613957,-0.0444095297617134,0.106026091567781,0.459248873559159,0.846913276061203
"gene-LOC134704090|LOC134704090",280.331678123095,-0.0710212571609991,0.127907600137817,0.222221769274857,0.707397113111164
"gene-LOC134704098|LOC134704098",328.367357538989,-0.121341413199317,0.128198228094684,0.101628387979498,0.579631212729381
"gene-LOC134704099|LOC134704099",249.102323937794,-0.0984752965082624,0.144846317612703,0.127078930751011,0.61545269639549
"gene-LOC134704101|LOC134704101",309.929909148071,-0.0538858585973835,0.1107176089428,0.375215457158498,0.820038855990219
"gene-LOC134704102|LOC134704102",249.221044114584,-0.0703983963434903,0.124525025352984,0.237854500635001,0.719059992703639
"gene-LOC134704105|LOC134704105",280.550245421594,-0.0474295474906754,0.107394826518004,0.431355486759418,0.8360891578941
"gene-LOC134704106|LOC134704106",253.808505681171,-0.0474252875526369,0.109100978019732,0.429032903098261,0.835542057474881
"gene-LOC134704108|LOC134704108",267.777565252499,-0.0756855212932131,0.130575831410622,0.200168714516759,0.680353613556914
"gene-LOC134704110|LOC134704110",285.221813625552,-0.0503395411238555,0.107018010501605,0.410520152294606,0.831856384439449
"gene-LOC134704111|LOC134704111",256.682557674026,-0.0620535492880876,0.112006911828008,0.320466041570862,0.792601902870633
"gene-LOC134704112|LOC134704112",277.661363136053,-0.0520244269773577,0.117025162455639,0.349934768307069,0.80898857511247
"gene-LOC134704167|LOC134704167",290.356130286052,-0.124977824892428,0.134419654260774,0.0987051174248451,0.579342280275393
"gene-LOC134704168|LOC134704168",270.170554435656,-0.0941271634632836,0.142684050025969,0.135773637669444,0.624139845752057
"gene-LOC134704173|LOC134704173",275.090690706216,-0.0457873448730678,0.107490300809307,0.441977441053081,0.839448051274535
"gene-LOC134704174|LOC134704174",246.349479137329,-0.0896619620077781,0.137113142084287,0.155063717370351,0.640878686195671
"gene-LOC134704175|LOC134704175",244.7645182373,-0.0924821695663518,0.137028593859154,0.15001992240228,0.637332934823714
"gene-LOC134704178|LOC134704178",274.80314386522,-0.0497597002174432,0.108037901714677,0.411170374225096,0.831856384439449
"gene-LOC134704179|LOC134704179",241.821966712633,-0.0815344838451791,0.130497041390415,0.188349542007976,0.666007834810439
"gene-LOC134704181|LOC134704181",224.342678843073,-0.0857515747119695,0.134216436594913,0.169450151217081,0.650165416239872
"gene-LOC134704212|LOC134704212",270.380175932216,-0.0614655590536227,0.121860364939498,0.282439936969325,0.7636074685788
"gene-LOC134704214|LOC134704214",280.223836341208,-0.0454392801101163,0.107476246599538,0.448396878855122,0.843025033578531
"gene-LOC134704215|LOC134704215",280.364585084975,-0.0516954565567149,0.10966810572283,0.390270747382341,0.823039702168238
"gene-LOC134704216|LOC134704216",269.911027296407,-0.0616565265195709,0.121386136891638,0.281206087798275,0.762459166226361
"gene-LOC134704233|LOC134704233",270.804501717359,-0.0706564330837114,0.126948441272167,0.22690936772948,0.711804885792292
"gene-LOC134704235|LOC134704235",281.067954784858,-0.05046662269603,0.108515993264925,0.405009424502582,0.828879214975303
"gene-LOC134704236|LOC134704236",280.693305908065,-0.0468509686121958,0.107552439602474,0.436307970087439,0.837018012862708
"gene-LOC134704237|LOC134704237",269.437994023518,-0.0673287093236288,0.124578162518529,0.248094049591893,0.728288152552403
"gene-LOC134704244|LOC134704244",274.623368586843,-0.0572700803899701,0.110702404555168,0.352640004385235,0.811302708071597
"gene-LOC134704245|LOC134704245",270.829176589739,-0.0634771204671469,0.122924069774016,0.268309186981433,0.747254556081798
"gene-LOC134704246|LOC134704246",271.103240203279,-0.0658526345578014,0.124923455666851,0.250585343086827,0.728910951453647
"gene-LOC134704260|LOC134704260",260.341783535367,-0.0529833988583828,0.11097528287859,0.379077043257814,0.82083573709765
"gene-LOC134704261|LOC134704261",187.875814799418,-0.0502259459655887,0.108516271178667,0.406209482701215,0.830041696029849
"gene-LOC134704262|LOC134704262",238.518520210717,-0.0777332691051441,0.133304604799522,0.18241572930948,0.660099167969997
"gene-LOC134704264|LOC134704264",337.470404044078,-0.124215199247808,0.128429815954608,0.0971367818689143,0.57769829291262
"gene-LOC134704265|LOC134704265",266.504233209445,-0.108663260352262,0.154267332303166,0.107917063543645,0.591192170056114
"gene-LOC134704281|LOC134704281",315.630634223701,-0.0474185696699154,0.107550517545396,0.43050723260698,0.835955157836452
"gene-LOC134704282|LOC134704282",287.277438288231,-0.0444003593060439,0.107249755914237,0.455143368751403,0.845232489565602
"gene-LOC134704283|LOC134704283",232.980272090283,-0.0592549233638155,0.120198910862886,0.299009317127179,0.776334379755606
"gene-LOC134704287|LOC134704287",282.533835610247,-0.0514921213661099,0.108622895042427,0.39678383420688,0.826798590532922
"gene-LOC134704288|LOC134704288",275.606852974578,-0.0565469359085387,0.10987377700964,0.359714016252284,0.811668122295978
"gene-LOC134704289|LOC134704289",251.882902991402,-0.0723750026436376,0.127461888039372,0.227608778259793,0.712510178268121
"gene-LOC134704291|LOC134704291",340.401813389286,-0.10743873418594,0.124803372638087,0.13351689291347,0.621419232761849
"gene-LOC134704292|LOC134704292",250.388709094432,-0.0855252515657726,0.133868548463022,0.171796383292602,0.652148082884002
"gene-LOC134704316|LOC134704316",341.361305342812,-0.103924120269025,0.121180207749271,0.146907530756874,0.632815303076338
"gene-LOC134704318|LOC134704318",263.935255459745,-0.0891433844502604,0.13734808478867,0.1547437229442,0.640559180278199
"gene-LOC134704321|LOC134704321",336.454509669971,-0.122665677975593,0.128582385789742,0.100840269311503,0.579631212729381
"gene-LOC134704379|LOC134704379",290.565678188701,0.47824216397843,0.155676441714755,0.118782503297446,0.60666323189779
"gene-LOC134704380|LOC134704380",268.871037909445,-0.0966630283510646,0.143348615747975,0.131452085532233,0.620317785725725
"gene-LOC134704381|LOC134704381",204.564317215069,-0.0945269992976565,0.144734933500061,0.128839126234205,0.617390354361159
"gene-LOC134704398|LOC134704398",312.650685182742,-0.0492803788997058,0.108286520185986,0.42736192742365,0.835542057474881
"gene-LOC134704400|LOC134704400",265.706960398588,-0.0485989105483026,0.115190660767793,0.384343718137382,0.821366700441867
"gene-LOC134704418|LOC134704418",349.162308366112,-0.0947120322412521,0.118266059720445,0.171338315130083,0.652148082884002
"gene-LOC134704419|LOC134704419",263.70780552786,-0.0835679444428433,0.134444560981438,0.167178254815285,0.646528965928963
"gene-LOC134704424|LOC134704424",313.689046471632,-0.0456887585099617,0.107102189038122,0.445669092300024,0.841633495783625
"gene-LOC134704425|LOC134704425",259.829971760003,-0.0512086443517502,0.110874154926761,0.391636941023811,0.824099199586209
"gene-LOC134704426|LOC134704426",258.462761520556,-0.0498896110031017,0.115766094564587,0.374925905215146,0.820038855990219
"gene-LOC134704433|LOC134704433",348.901668786162,-0.105145186781251,0.124072377428824,0.139632133193307,0.627117322638466
"gene-LOC134704434|LOC134704434",349.370215476926,-0.0977230982822742,0.119464987181746,0.160818849751197,0.643034890935151
"gene-LOC134704435|LOC134704435",262.420752611538,-0.0939883915872268,0.140799502910774,0.141344287773703,0.627557821356636
"gene-LOC134704437|LOC134704437",309.044527159267,-0.125442128160403,0.130740791334885,0.0970855640645382,0.57769829291262
"gene-LOC134704438|LOC134704438",264.875503561213,-0.0976538530220558,0.145450394529418,0.121468010716596,0.608970421657898
"gene-LOC134704449|LOC134704449",256.817968744307,-0.0587729560560566,0.114071656544477,0.33167774714809,0.799206772326914
"gene-LOC134704451|LOC134704451",258.297628461797,-0.0492247304114545,0.11677964200824,0.37440857842073,0.820038855990219
"gene-LOC134704454|LOC134704454",309.91250030796,-0.0496721316039288,0.108297707840533,0.410918981135336,0.831856384439449
"gene-LOC134704808|LOC134704808",5.4607747491411,0.00486146856520249,0.121740486926303,0.710069154149102,NA
"gene-LOC134704809|LOC134704809",11.9843597752312,0.0581212361863199,0.126987114522867,0.252349328157594,0.730712643811058
"gene-LOC134704839|LOC134704839",12.9875229200974,-0.00264575586845201,0.10851693140724,0.956781426850587,0.990589731896691
"gene-LOC134704877|LOC134704877",14.3753973309523,0.00108689945055872,0.121006290795122,0.953276115383785,0.990589731896691
"gene-LOC134704883|LOC134704883",16.43620093504,-0.013473189515033,0.12223672017821,0.418179225324771,0.833797715244198
"gene-LOC134704886|LOC134704886",18.9975818521028,0.0181548731878299,0.122879769659464,0.326084705574277,0.795051568786952
"gene-LOC134704912|LOC134704912",24.4185177699721,-0.023573285431292,0.118695708087379,0.533063999962264,0.876836729956355
"gene-LOC134704916|LOC134704916",41.445658270852,-0.0153064643937103,0.120891138924039,0.545109184714611,0.881901638437615
"gene-LOC134704932|LOC134704932",242.84875357344,-0.0462104389913364,0.129979776236858,0.165368571959191,0.64634592229987
"gene-LOC134704944|LOC134704944",8.55720000317152,0.0102749463361632,0.117344824971414,0.768388357648171,0.953685276062354
"gene-LOC134704974|LOC134704974",108.022688217271,-0.0110759345322807,0.121772802109885,0.519221788227512,0.872022093906266
"gene-LOC134704979|LOC134704979",20.7866091270068,-0.0117929698977402,0.121113237790899,0.585842434247182,0.899790971920428
"gene-LOC134704981|LOC134704981",14.6502120764149,0.014122790489153,0.118790110161287,0.662081875761,0.921280410177282
"gene-LOC134705019|LOC134705019",16.8506158159668,-0.0449097982367043,0.132654008009567,0.0488922637645935,0.458073546224415
"gene-LOC134705020|LOC134705020",122.041705904735,-0.0248114242665769,0.125113531977511,0.111455526872086,0.596307637172188
"gene-LOC134705077|LOC134705077",13.5169875161881,-0.0165843521258587,0.122933408427808,0.295851770658018,0.773508870735426
"gene-LOC134705080|LOC134705080",8.9740857959558,0.0938949208892264,0.155355133152695,0.0957514404768033,0.574125330448983
"gene-LOC134705107|LOC134705107",644.487590159105,-0.900216310704063,0.381680941000194,0.000594301637671578,0.0542771337136884
"gene-LOC134705108|LOC134705108",2040.99048675033,-0.0322741422290618,0.120518243937624,0.416072836447706,0.832256803460703
"gene-LOC134705109|LOC134705109",206.097109232762,-0.0174664938412318,0.122477288045643,0.38112571715551,0.820970015863961
"gene-LOC134705112|LOC134705112",6.7416066588248,-0.0206414999102647,0.122142326627253,0.408301231619143,0.831819348094602
"gene-LOC134705122|LOC134705122",16.7056801992612,0.0515892376910639,0.125859062549339,0.272906539526762,0.753612490603215
"gene-LOC134705133|LOC134705133",22.973329390102,0.00859059321316664,0.115430316382594,0.827472979600126,0.96441722845034
"gene-LOC134705150|LOC134705150",237.928511097646,-0.0118635092271206,0.121734590856506,0.513752547586018,0.871527350897159
"gene-LOC134705151|LOC134705151",177.117081372632,-0.00882187432758847,0.120662842639511,0.685721157799952,0.926718474502482
"gene-LOC134705152|LOC134705152",2156.97877396023,0.0430332639459068,0.129463462431755,0.121998547686255,0.608970421657898
"gene-LOC134705188|LOC134705188",127.471920443195,-0.00234662989770998,0.121716090080922,0.839596036201793,0.965558865799071
"gene-LOC134705190|LOC134705190",35.7086991646513,0.0238908944920745,0.122861713455796,0.353443199180554,0.811592466382447
"gene-LOC134705220|LOC134705220",14.7505961761865,-1.09876359259214,0.435115536007135,0.000382608175455774,0.0407286757291919
"gene-LOC134705274|LOC134705274",22.0525854592809,0.00130714894505879,0.120616871345771,0.950478943443143,0.990589731896691
"gene-LOC134705300|LOC134705300",13.7170525990627,-0.00836792482531204,0.116048723958229,0.822915811771755,0.963391670213955
"gene-LOC134705329|LOC134705329",19.9529792579913,-0.0466850161929264,0.131758657833951,0.11335807700398,0.597003262083547
"gene-LOC134705334|LOC134705334",10.2372946294894,-0.0508025148604695,0.130422065068557,0.187722353154489,0.665334927957391
"gene-LOC134705343|LOC134705343",24.8525871711383,-0.10740481027684,0.180998019972335,0.0419523041211633,0.427203145493699
"gene-LOC134705345|LOC134705345",19.1013236399556,-0.0436464211622083,0.129907268149203,0.142810209440114,0.628012717849096
"gene-LOC134705388|LOC134705388",7.90377419714691,0.0162555244646923,0.120869938877731,0.537286888962745,0.877546699876996
"gene-LOC134705434|LOC134705434",8.66595135018173,0.0120017178320393,0.121843438826074,0.501136118249407,0.864973633836395
"gene-LOC134705445|LOC134705445",20.5519564673083,0.00922561687296915,0.121666080505653,0.580522439708996,0.897148477078865
"gene-LOC134705446|LOC134705446",28.5011238847261,-0.00697824883699199,0.122412389545719,0.314053837714925,0.787395109021451
"gene-LOC134705447|LOC134705447",41.6530326533082,0.000589030340867975,0.121555950316289,0.969795291879603,0.993195931564105
"gene-LOC134705448|LOC134705448",183.149222121221,-0.0486173515290491,0.128713432124996,0.217018346105081,0.703267154470338
"gene-LOC134705461|LOC134705461",6.89490793127677,-0.0294457878736583,0.125718544067736,0.161720477527885,0.643188877432996
"gene-LOC134705462|LOC134705462",9.59536577397137,-0.0823028060584253,0.144496499578686,0.128810127665819,0.617390354361159
"gene-LOC134705504|LOC134705504",22.4146415534627,0.00325805218072088,0.117730822167215,0.920776453757343,0.984677261486326
"gene-LOC134705575|LOC134705575",65.0439847389373,-0.0282787220462116,0.105599547333381,0.618049396521564,0.907747426106231
"gene-LOC134705579|LOC134705579",78.9895818292068,-0.0487440155074235,0.0892319930464703,0.439655205318193,0.838254072769177
"gene-LOC134705580|LOC134705580",432.403461763993,0.000170259160126289,0.120735027175223,0.998684560154985,0.999715838708931
"gene-LOC134705583|LOC134705583",423.938181756782,-0.0127508121423516,0.120800738365774,0.591693578095439,0.902148006853668
"gene-LOC134705591|LOC134705591",5.49897639054558,0.0108260175769773,0.122763638551839,0.191511884528221,NA
"gene-LOC134705593|LOC134705593",16.1068378824414,0.00788621470061532,0.120963097841408,0.696916628973031,0.929563146928802
"gene-LOC134705600|LOC134705600",26.9111268619882,0.0446308478164063,0.125593400873608,0.27808662163142,0.759238319138791
"gene-LOC134705613|LOC134705613",27.3228596461549,0.226850482734918,0.181576349006564,0.0219438447387269,0.318483436527763
"gene-LOC134705627|LOC134705627",27.6494978966875,0.0778964651190549,0.114274147384337,0.239029298160884,0.72032371267643
"gene-LOC134705633|LOC134705633",22.305330551432,1.69431016377822,0.401229690304091,9.80750418638287e-07,0.000667712716834739
"gene-LOC134705636|LOC134705636",11.8677335119409,-0.00516755527348825,0.121991051257987,0.624274317333247,0.910590279867861
"gene-LOC134705647|LOC134705647",4629.05791972045,-0.0167764835221168,0.0991119274278124,0.761854527803455,0.95123850595533
"gene-LOC134705672|LOC134705672",11.4460610661801,0.119167543979402,0.186054084159922,0.052116466901894,0.467425413926089
"gene-LOC134705699|LOC134705699",9.87922377717934,-0.0220974924289556,0.122574052310926,0.370818073184482,0.819392419698342
"gene-LOC134705704|LOC134705704",24.7782585873975,0.000196955597862694,0.121911048005096,0.98924374947734,0.997772367968009
"gene-LOC134705706|LOC134705706",207.374243638931,-0.0369318033329701,0.120244150551068,0.400761685875203,0.827255071865873
"gene-LOC134705709|LOC134705709",13.1727495061536,0.0988995444853806,0.147961556012571,0.119672150705036,0.608814999281521
"gene-LOC134705761|LOC134705761",19.8258081218181,0.0278644470409777,0.117740174445341,0.513314267625517,0.871527350897159
"gene-LOC134705786|LOC134705786",170.113229922618,0.0199411782897438,0.123734348942784,0.206958414333058,0.689633681814358
"gene-LOC134705863|LOC134705863",12.8921299535366,-0.00390097210258999,0.11861158573563,0.892238384362367,0.979078159399384
"gene-LOC134705869|LOC134705869",140.068309867431,-0.0387896896771492,0.121992934555305,0.358379272694038,0.811668122295978
"gene-LOC134705939|LOC134705939",8.96214141468256,0.00528079054279956,0.121773194482405,0.684646032045215,0.926184631577378
"gene-LOC134705945|LOC134705945",21.3362659685862,0.000696010147784978,0.122018126828708,0.938926843846154,0.987436577760504
"gene-LOC134705946|LOC134705946",37.9892763181536,-0.0536324773770562,0.137631925954721,0.0344893396748588,0.391913174170076
"gene-LOC134705953|LOC134705953",27.3759033870248,-0.182177313623661,0.181080880412027,0.0404814214193416,0.420479008334881
"gene-LOC134705991|LOC134705991",20.7190780742343,-0.0296369759168931,0.114097766210252,0.546263508496686,0.882746885155238
"gene-LOC134706000|LOC134706000",107.270713363512,-0.0578550003758597,0.127419778226153,0.247736610657674,0.728288152552403
"gene-LOC134706012|LOC134706012",86.7047907408647,0.0392787259768417,0.0866610343180801,0.530315285964091,0.876391287555279
"gene-LOC134706013|LOC134706013",13.4012328880486,-0.0260264164070491,0.123878605106513,0.281399244609752,0.762459166226361
"gene-LOC134706036|LOC134706036",7.63440494991887,-0.00407550275175457,0.119764744706633,0.866845134624569,0.9755943788839
"gene-LOC134706089|LOC134706089",408.985023096299,0.00454868070694627,0.118518994660675,0.882131742837439,0.977383609163761
"gene-LOC134706117|LOC134706117",10.4214356293811,-0.00327558141277874,0.11856437102559,0.909651496338143,0.98251592545162
"gene-LOC134706124|LOC134706124",11.6398349277264,0.00885768390330768,0.114330197677436,0.831997272366602,0.965381343401655
"gene-LOC134706126|LOC134706126",11.4993299001539,-0.00855105011098479,0.121718420402478,0.582223626020722,0.897457750487573
"gene-LOC134706152|LOC134706152",48.3260743663584,0.0636589005819866,0.106968680758761,0.322529857132599,0.79414295941802
"gene-LOC134706182|LOC134706182",39.7139742363394,-0.0444873456677713,0.131880442379194,0.0735255418043813,0.523815848745917
"gene-LOC134706188|LOC134706188",9.12897527288798,-0.0163941345750989,0.123031405573037,0.271535897315536,0.752049180358979
"gene-LOC134706191|LOC134706191",13.8293637574221,0.0247912090379551,0.12166610688917,0.423557497146798,0.835542057474881
"gene-LOC134706194|LOC134706194",118.788753712678,0.239652755892077,0.167335070836971,0.0160803842321613,0.2792301733889
"gene-LOC134706198|LOC134706198",28.1497121854796,0.0161806512310816,0.100321562031144,0.781854296268334,0.955385801967526
"gene-LOC134706204|LOC134706204",42.2325856767969,-0.0331853889158259,0.103121081377478,0.574438520902316,0.893020587171537
"gene-LOC134706205|LOC134706205",28.2817163225624,-0.00898872960533857,0.105317821611079,0.867293686196337,0.975747205157066
"gene-LOC134706211|LOC134706211",60.3496067674497,0.0211798545848837,0.112975948149739,0.656182771258235,0.918972538520344
"gene-LOC134706212|LOC134706212",21.3122111099364,-0.0164616932024186,0.118477673479856,0.630117129786711,0.912226403435662
"gene-LOC134706215|LOC134706215",21.0846445579168,0.00308831818556409,0.105728273409988,0.955213653872685,0.990589731896691
"gene-LOC134706218|LOC134706218",6.55905026670897,0.00193871716825804,0.117686203350026,0.952920470998081,NA
"gene-LOC134706219|LOC134706219",63.9326599871134,-0.020491864119985,0.121629217510114,0.444357188569492,0.84113947267877
"gene-LOC134706221|LOC134706221",7.04916787972818,-0.0132841767932567,0.121075598273086,0.562989738552333,0.889818923835977
"gene-LOC134706228|LOC134706228",10.7054492376254,0.000408752340378217,0.120651462006139,0.985572720020681,0.996349095604061
"gene-LOC134706229|LOC134706229",78.2233963263189,-0.0725036702163563,0.123547944876245,0.233391551937025,0.716057146239723
"gene-LOC134706230|LOC134706230",7.23280963357968,-0.0153918141660231,0.119432473397536,0.617677349122196,0.907747426106231
"gene-LOC134706232|LOC134706232",10.7202013211528,0.043975474181725,0.128039902394692,0.214547297255184,0.699497043597768
"gene-LOC134706233|LOC134706233",42.1856066791693,0.0724815541110491,0.101908051195449,0.276109272499039,0.758150442071649
"gene-LOC134706244|LOC134706244",12.3628749718509,0.0155302489483998,0.110023361499042,0.755475838947507,0.949607008707265
"gene-LOC134706246|LOC134706246",46.6046378353331,0.751454464822978,0.204732664334213,1.19782452196335e-05,0.00439175515101957
"gene-LOC134706249|LOC134706249",7.8408849919007,0.0151107031699996,0.121628498025295,0.490914796599302,0.862209407066644
"gene-LOC134706250|LOC134706250",24.296969460851,-0.00742845930578203,0.116902797594276,0.831489341906153,0.965381343401655
"gene-LOC134706251|LOC134706251",14.8411820602841,0.00878056772048862,0.116383839006162,0.8132545052795,0.960505277793567
"gene-LOC134706253|LOC134706253",9.41558304888014,-0.0185939872439303,0.11689445772391,0.638539569974285,0.914809132082223
"gene-LOC134706257|LOC134706257",121.155338590602,-0.299209281401639,0.216385942701017,0.0107149032600164,0.237408019272966
"gene-LOC134706260|LOC134706260",14.9245726876462,0.0631959847314168,0.129707215985635,0.220741842305263,0.707264061779253
"gene-LOC134706262|LOC134706262",64.6009072971672,-0.0435258889220634,0.0960494877386089,0.487754989175712,0.860284095510234
"gene-LOC134706264|LOC134706264",84.1025708946837,-0.142212098338086,0.216631715592345,0.038876199525406,0.413108834890942
"gene-LOC134706265|LOC134706265",14.4658911466466,0.0132532097846538,0.113597688650929,0.763924500635325,0.951829925815486
"gene-LOC134706267|LOC134706267",12.0594561778236,-0.0225102309656003,0.122835874760194,0.350465344856963,0.809323147589824
"gene-LOC134706271|LOC134706271",41.1675798169699,-0.293840572829313,0.213444750287729,0.0112114142901231,0.240849753542314
"gene-LOC134706281|LOC134706281",35.8895731646436,-0.0769742540737968,0.13878107865551,0.156014847326614,0.641040525737625
"gene-LOC134706282|LOC134706282",13.4228625530865,0.0232150687431622,0.120885146617018,0.466868362770635,0.849239423090342
"gene-LOC134706284|LOC134706284",44.5907718383548,0.0964934896263651,0.149858370501689,0.115983468726886,0.60277598701988
"gene-LOC134706285|LOC134706285",11.2434686835004,0.000853144214778984,0.116649156002088,0.981693223998472,0.99595232498375
"gene-LOC134706291|LOC134706291",14.2048672890096,0.0659700538697728,0.139649099892508,0.117337604394157,0.60519374607978
"gene-LOC134706293|LOC134706293",18.2031568316228,0.0497812550044406,0.120759339717364,0.337881405838195,0.802058261976077
"gene-LOC134706294|LOC134706294",43.3201668404372,-0.0145134075664886,0.110337266823802,0.76704166842629,0.953106861596895
"gene-LOC134706295|LOC134706295",6.39231940326552,-0.027526831921141,0.125662079751356,0.120693331976167,NA
"gene-LOC134706296|LOC134706296",52.8121169074193,0.125571802736652,0.140122271446445,0.0962875128085128,0.575390257936421
"gene-LOC134706301|LOC134706301",24.8380210491438,0.0421241263350805,0.102468747790692,0.491367912459732,0.86230568116643
"gene-LOC134706302|LOC134706302",22.1952463473027,-0.0116024676097447,0.106729224224177,0.825552431187113,0.964172729064096
"gene-LOC134706303|LOC134706303",28.4074598075813,0.0114848216719252,0.120909929175388,0.613325358001128,0.90644068581297
"gene-LOC134706304|LOC134706304",77.8036509706144,0.0182652885564331,0.119996318445392,0.557344933020825,0.88848523433025
"gene-LOC134706311|LOC134706311",8.20191092164708,-0.0173215733837589,0.113375275684521,0.702467385336266,0.931935916524941
"gene-LOC134706318|LOC134706318",37.8241705244835,0.0359735388615852,0.10928827995411,0.52198202956642,0.87276700589929
"gene-LOC134706324|LOC134706324",75.7484508393524,-0.0194090695327784,0.0918908880654484,0.747003132556155,0.947986108770842
"gene-LOC134706326|LOC134706326",38.4059298632576,0.0466623012284682,0.121542269280698,0.338549281512371,0.802086545158541
"gene-LOC134706330|LOC134706330",13.2758310408763,-0.0790622508590608,0.141768004618218,0.139975786118258,0.627557821356636
"gene-LOC134706344|LOC134706344",15.6951724229082,-0.0536385497650686,0.121313034621121,0.316123205762519,0.788885934007167
"gene-LOC134706345|LOC134706345",69.312548094328,0.691826946782314,0.193424164124836,1.74157496770717e-05,0.00560376198892636
"gene-LOC134706350|LOC134706350",11.9834046241794,0.0198889256609786,0.121183882577997,0.479000419921722,0.856016572413102
"gene-LOC134706351|LOC134706351",241.511503874236,0.021901948641733,0.114544923896584,0.62804142423476,0.910895822190252
"gene-LOC134706354|LOC134706354",16.3524686646791,-0.00945593193450087,0.116211186494104,0.800112946308109,0.958777657383338
"gene-LOC134706365|LOC134706365",716.139897476912,0.14995449377431,0.0933139936929259,0.0340264878264455,0.389413848654734
"gene-LOC134706366|LOC134706366",10.5294679033642,0.00353247552533251,0.118140853580679,0.909980179549023,0.98251592545162
"gene-LOC134706371|LOC134706371",7.29709632946353,0.0253466459408673,0.123390899491049,0.318135670125467,0.79101498649664
"gene-LOC134706373|LOC134706373",6.44593784965134,-0.0264874496036531,0.125037263767916,0.167873964492281,NA
"gene-LOC134706376|LOC134706376",23.511498669131,-0.100603199838365,0.141411520431443,0.132006002068084,0.620317785725725
"gene-LOC134706378|LOC134706378",17.2729259326604,0.0170340008991442,0.110903513995719,0.72870994326977,0.941275691470766
"gene-LOC134706380|LOC134706380",6.72789732098526,0.0322893953628462,0.124233664477484,0.296239419967128,0.773548471455307
"gene-LOC134706383|LOC134706383",54.4801409515576,-0.137634390685177,0.189462393670525,0.0572454393239872,0.483310521148065
"gene-LOC134706385|LOC134706385",17.5795787065193,-0.0934091858198207,0.169723265569454,0.031989680730128,0.376344974358708
"gene-LOC134706388|LOC134706388",10.5838060999521,-0.00252759612651333,0.118788055336754,0.927664397739729,0.985809423772648
"gene-LOC134706389|LOC134706389",22.7466494189287,-0.052933142862999,0.133295661547697,0.136931503391421,0.624139845752057
"gene-LOC134706392|LOC134706392",16.0106445404385,0.00565024113647252,0.112697960577134,0.899488192996374,0.98065001678538
"gene-LOC134706394|LOC134706394",36.6240502243767,0.069898273254179,0.140570454709754,0.126220416096899,0.613798167798438
"gene-LOC134706399|LOC134706399",8.52828940504215,0.00547951456628902,0.119699927166249,0.829962550340885,0.964892896096873
"gene-LOC134706402|LOC134706402",22.7180652468875,0.0281114667926834,0.122516860371572,0.372658849897587,0.820038855990219
"gene-LOC134706403|LOC134706403",101.218656113994,0.0677924205142559,0.120032313557831,0.267941950768411,0.747070237493227
"gene-LOC134706408|LOC134706408",96.9010518322347,-0.0976292376450544,0.120405824926613,0.162266342000919,0.644051070807598
"gene-LOC134706410|LOC134706410",13.2299363104578,0.0283130966084166,0.118304197157924,0.49805176932969,0.863604931815246
"gene-LOC134706411|LOC134706411",10.8775098477423,-0.0484343719272919,0.124840743779176,0.290126608359059,0.771139824127934
"gene-LOC134706412|LOC134706412",117.745796273235,-0.0150730796991575,0.102672102945102,0.789073743802842,0.956384665187901
"gene-LOC134706413|LOC134706413",107.07107253488,-0.0480223964740535,0.104607928567322,0.434518030181252,0.836746085890305
"gene-LOC134706418|LOC134706418",13.5700469420371,-0.00170559285457068,0.118226498701961,0.953783807019806,0.990589731896691
"gene-LOC134706423|LOC134706423",17.3926763754784,0.0212683882018542,0.116378155426627,0.610694135954365,0.905829590890778
"gene-LOC134706424|LOC134706424",50.0515198692153,0.123260070799671,0.128529970479556,0.101705062658557,0.579631212729381
"gene-LOC134706425|LOC134706425",19.0708368598062,-0.00115193775737234,0.112279061451114,0.978394048985284,0.995479908586306
"gene-LOC134706426|LOC134706426",8.75866354717961,-0.00203622340988795,0.120876969130794,0.910559912110227,0.98251592545162
"gene-LOC134706430|LOC134706430",36.4671944516472,-0.0486619828614744,0.1234615040547,0.307906538572678,0.783258175058011
"gene-LOC134706431|LOC134706431",27.1738554229098,-0.329448477956113,0.452291575080519,0.0121165698549535,0.247413643839253
"gene-LOC134706432|LOC134706432",36.8636901303084,-0.0557889655558329,0.118021685618677,0.328659808647878,0.795874387010631
"gene-LOC134706436|LOC134706436",10.6320025818073,0.00148462265021795,0.107982870115591,0.977319712122299,0.995479908586306
"gene-LOC134706440|LOC134706440",53.678876351666,0.0427859199746281,0.122384244726337,0.340981693876839,0.80340288344589
"gene-LOC134706442|LOC134706442",71.3276189261088,-0.0336424386082539,0.098774358162332,0.580546424526326,0.897148477078865
"gene-LOC134706446|LOC134706446",8.53955270424663,-0.0182919347136877,0.122950409348689,0.313501243297847,0.78693314819391
"gene-LOC134706448|LOC134706448",173.88627069648,0.443119375207553,0.155354599182539,0.000281626438703198,0.0340177483781976
"gene-LOC134706449|LOC134706449",16.3720002205196,0.023322430678786,0.120248340192769,0.492009921990277,0.862457269357709
"gene-LOC134706450|LOC134706450",78.9575551976219,0.0449452846585589,0.106446090130342,0.456630425662621,0.845682733532993
"gene-LOC134706455|LOC134706455",9.61268251716441,-0.000349130553667838,0.121729361716442,0.969350698665198,0.993195931564105
"gene-LOC134706456|LOC134706456",12.1125850666726,0.0190406977123818,0.113711488727767,0.676309504484185,0.92387619829345
"gene-LOC134706457|LOC134706457",87.8137815395912,0.51737089473113,0.142383758039857,1.7958377317964e-05,0.00560376198892636
"gene-LOC134706464|LOC134706464",92.6909808032517,0.0189947258832214,0.110845656882859,0.702882565578717,0.932156460708166
"gene-LOC134706465|LOC134706465",45.2012329860378,0.249455583933622,0.219088508095899,0.0192459984138389,0.302308398753364
"gene-LOC134706469|LOC134706469",22.7371210118133,0.004249406176559,0.113053989943935,0.922747209286984,0.984815996914667
"gene-LOC134706471|LOC134706471",582.221311776695,-0.0740933167993798,0.135304040853573,0.17561605713254,0.653957193103024
"gene-LOC134706474|LOC134706474",7.96209745349126,-0.0049713543358655,0.116584756589525,0.887753143669434,0.977383609163761
"gene-LOC134706476|LOC134706476",10.2699300221135,-0.0264983613450267,0.117559127041172,0.528695834672595,0.87559280413096
"gene-LOC134706478|LOC134706478",13.0982239973528,0.0611242824352022,0.123378568195169,0.275033696429759,0.756974403734827
"gene-LOC134706482|LOC134706482",76.8002321305503,0.0133186753161269,0.100630487211403,0.819130127045973,0.962092576666134
"gene-LOC134706485|LOC134706485",25.5363766211652,0.0197174869460397,0.0971470289962988,0.743290709154412,0.947438835812484
"gene-LOC134706486|LOC134706486",14.075724529881,-0.0178204893923574,0.112137569697331,0.705103826887366,0.93278971198719
"gene-LOC134706487|LOC134706487",15.2125174715536,0.033958152478894,0.108259570741339,0.548318099559303,0.88287604337532
"gene-LOC134706489|LOC134706489",14.404002793439,0.00139565271446941,0.109358836840867,0.979351580314446,0.995569972169796
"gene-LOC134706490|LOC134706490",32.6386231083745,0.00892521117320222,0.102746798508798,0.875279716548985,0.977383609163761
"gene-LOC134706493|LOC134706493",7.91077113272325,-0.038021879539639,0.124982010803207,0.284411745135799,0.765531657330681
"gene-LOC134706496|LOC134706496",20.8025144879847,-0.181718941548306,0.271294707345156,0.0287250383962024,0.357345203570033
"gene-LOC134706499|LOC134706499",14.3666718717533,-0.010270413958505,0.113225091813377,0.813446495783095,0.960505277793567
"gene-LOC134706500|LOC134706500",12.5930243052012,0.00992208689655364,0.119395253119002,0.726175111397427,0.940561295270724
"gene-LOC134706502|LOC134706502",36.6117377287521,0.0320287441517203,0.0973743220291226,0.602191635020679,0.904563946751925
"gene-LOC134706504|LOC134706504",36.9382118101749,0.012023286999367,0.11698906168664,0.742108385242782,0.947111400320927
"gene-LOC134706508|LOC134706508",27.5723714850171,-0.00268347385795267,0.12073911596714,0.887046625705375,0.977383609163761
"gene-LOC134706510|LOC134706510",38.7052248878253,-0.0490563936670091,0.119073028275298,0.355314754496592,0.811592466382447
"gene-LOC134706516|LOC134706516",11.8313284893485,-0.0142610952660568,0.118519600031631,0.66398988699016,0.921381956457196
"gene-LOC134706534|LOC134706534",31.4700616587411,0.067991711937285,0.12717449157049,0.233812160243575,0.716057146239723
"gene-LOC134706535|LOC134706535",71.1243492559058,0.0845690045987119,0.102538466161461,0.214225620501165,0.699064122196187
"gene-LOC134706537|LOC134706537",29.5353137727805,-0.00167513746525357,0.11909560018622,0.948587302965645,0.990448749036931
"gene-LOC134706538|LOC134706538",17.3980295538269,0.0464970490993462,0.120095204578627,0.357834578043456,0.811592466382447
"gene-LOC134706541|LOC134706541",222.633020529803,0.063392230438951,0.115980351837616,0.303077913042358,0.778994676261427
"gene-LOC134706547|LOC134706547",14.2687056355234,-0.0103218750161352,0.11652746962302,0.779302347614477,0.955272826382029
"gene-LOC134706555|LOC134706555",13.0682622024732,-0.000213744948695099,0.12131583037341,0.985060945337681,0.996058390470494
"gene-LOC134706563|LOC134706563",21.1951193715109,0.000388061764910288,0.108606942507639,0.994674988007507,0.998538618272986
"gene-LOC134706565|LOC134706565",9.93473388808377,-0.00693768477682993,0.111512276826463,0.879862321789742,0.977383609163761
"gene-LOC134706566|LOC134706566",11.3182954584676,-0.00922622772939432,0.12080158782211,0.670061623457412,0.922711307465918
"gene-LOC134706568|LOC134706568",46.6428736022355,0.0381983742311685,0.109889397840207,0.499553383481364,0.864549417435196
"gene-LOC134706571|LOC134706571",23.3908642202786,0.0423862699329126,0.117160331135641,0.409996770509225,0.831856384439449
"gene-LOC134706572|LOC134706572",1359.4620836132,0.0916928179886982,0.0890915158058197,0.163191162032106,0.64477991774337
"gene-LOC134706573|LOC134706573",11.5920409919995,-0.0161340687151715,0.117286837826053,0.663970642885742,0.921381956457196
"gene-LOC134706576|LOC134706576",85.482963992684,0.937226763829015,0.183213817079212,1.6143486355934e-08,2.41797138639179e-05
"gene-LOC134706577|LOC134706577",39.4785809736706,0.806124073998502,0.249725703273785,5.48475668323875e-05,0.0152111267130481
"gene-LOC134706579|LOC134706579",100.379733678623,0.0552615937407077,0.0982494055372437,0.390364137014499,0.823039702168238
"gene-LOC134706580|LOC134706580",229.395918597702,-0.167855613288848,0.293720208796762,0.0200455867803465,0.30886663255775
"gene-LOC134706581|LOC134706581",32.3566504773926,0.00296699740564676,0.107162618834627,0.955136753763539,0.990589731896691
"gene-LOC134706584|LOC134706584",1085.33200629702,0.0321428297912646,0.0949613460881666,0.615401139391805,0.906976815718786
"gene-LOC134706590|LOC134706590",47.4389861947241,0.0024037688737157,0.112401352540962,0.958162656884992,0.990589731896691
"gene-LOC134706593|LOC134706593",41.0756028030177,0.0988402169317922,0.120840877005436,0.160333588767908,0.643034890935151
"gene-LOC134706595|LOC134706595",956.508018173436,0.0576957356037087,0.0659863448368159,0.320462175467518,0.792601902870633
"gene-LOC134706598|LOC134706598",51.4818150382656,0.016720884413151,0.118968512848637,0.614354181736733,0.906968686182044
"gene-LOC134706600|LOC134706600",11.6810728994897,-0.0167542176584324,0.121444374256597,0.488325235680866,0.860284095510234
"gene-LOC134706601|LOC134706601",11.4777730863923,0.00671977876712506,0.112632616333328,0.880457650459285,0.977383609163761
"gene-LOC134706602|LOC134706602",22.6809017183753,0.0136636156496878,0.110594121849223,0.779767984413636,0.955272826382029
"gene-LOC134706605|LOC134706605",7.25470510552526,-0.0180885854436686,0.122428134416809,0.385826390740626,0.821366700441867
"gene-LOC134706607|LOC134706607",11.3166616048857,0.00576764034327812,0.119961154464217,0.813495868592295,0.960505277793567
"gene-LOC134706610|LOC134706610",80.7079133200716,0.00271397673476129,0.0905494085526398,0.965168233594331,0.992387833853173
"gene-LOC134706613|LOC134706613",20.690838163856,0.0666903936205867,0.126537210520829,0.240066840013653,0.72032371267643
"gene-LOC134706615|LOC134706615",21.9522638550631,-0.0820513159693105,0.127895823290191,0.196970256291224,0.676966612833858
"gene-LOC134706616|LOC134706616",20.8410533078448,0.00954305683783613,0.11094132594871,0.841349546295199,0.965650076966244
"gene-LOC134706619|LOC134706619",38.3487110160496,1.43533887352117,0.488883174285502,0.000112843209557804,0.0211270699094598
"gene-LOC134706621|LOC134706621",49.2170306035144,0.105147805823257,0.141234674338865,0.12578233826392,0.612473297307214
"gene-LOC134706623|LOC134706623",16.877308404587,-0.00456593120903548,0.11568419904652,0.903678676977231,0.980985831394684
"gene-LOC134706624|LOC134706624",13.3049778116312,-0.0300933755261239,0.119006849288916,0.46822052086464,0.849782100562608
"gene-LOC134706630|LOC134706630",9.00831316540969,-0.028100586843514,0.124959902805244,0.207804272956462,0.689825443338183
"gene-LOC134706632|LOC134706632",18.3987230257075,0.0240603606178064,0.124553332631416,0.175980792963361,0.653957193103024
"gene-LOC134706634|LOC134706634",15.1282239184105,-0.00829613675466418,0.121719780673966,0.592676764165398,0.90251246173946
"gene-LOC134706635|LOC134706635",745.344389212815,-0.014660552916217,0.0910638183616873,0.809273838714672,0.960505277793567
"gene-LOC134706637|LOC134706637",9.88132275579197,0.00667587768266783,0.119904709347193,0.78921848455885,0.956384665187901
"gene-LOC134706638|LOC134706638",7.58544306844397,-0.00457863414797491,0.1200724775964,0.843535415134856,0.966613035218243
"gene-LOC134706643|LOC134706643",87.9012552381471,0.169797874479106,0.154004761113638,0.0469608777696194,0.450999995621617
"gene-LOC134706645|LOC134706645",22.2031688050281,-0.00668797135901642,0.108281849184777,0.89478142597731,0.979928513327605
"gene-LOC134706646|LOC134706646",6.56677423607237,0.0100784967313618,0.121787942441043,0.540916033822654,NA
"gene-LOC134706653|LOC134706653",91.0924939960764,0.228028681276594,0.104635623149616,0.00484601327636968,0.170097116309965
"gene-LOC134706654|LOC134706654",10.507081433198,-0.0334851516491767,0.119056435669376,0.44277254732118,0.840112390901524
"gene-LOC134706662|LOC134706662",85.1978264977605,-0.456138091874351,0.283744248277051,0.0041999221746452,0.164703788989884
"gene-LOC134706664|LOC134706664",35.8547580275185,-0.478895714463854,0.301109079598667,0.00412963598730091,0.164703788989884
"gene-LOC134706668|LOC134706668",101.414372554124,0.0225794783489172,0.107747845979679,0.676128266708916,0.92387619829345
"gene-LOC134706678|LOC134706678",13.1613505517376,0.144178684990615,0.247752814756302,0.0208644907574128,0.312508342564529
"gene-LOC134706681|LOC134706681",66.7002244937126,-0.00320875545736554,0.095955291536591,0.956143558549609,0.990589731896691
"gene-LOC134706683|LOC134706683",29.8157306607073,0.0726834091083448,0.115198337043944,0.261134586923106,0.742177199797776
"gene-LOC134706690|LOC134706690",15.0088602470436,0.0633596736210525,0.138942390906769,0.111761552384511,0.596307637172188
"gene-LOC134706691|LOC134706691",53.1479245687373,-0.0102507469221323,0.100975675380334,0.857459044555241,0.97251651829061
"gene-LOC134706692|LOC134706692",10.5556020661559,-0.00267559570490535,0.121325973781693,0.86027330173514,0.973375096633959
"gene-LOC134706696|LOC134706696",29.401691821439,0.0322927314165408,0.122675385778993,0.360437099629481,0.811811460335046
"gene-LOC134706698|LOC134706698",19.559824295572,-0.0162513412830408,0.11696379796633,0.667813321554195,0.921742651670224
"gene-LOC134706699|LOC134706699",28.9956104645582,0.0135501078434201,0.101040259817708,0.814651894730071,0.960728032217451
"gene-LOC134706700|LOC134706700",52.7619762960501,0.0913659928874701,0.132710663924607,0.164271225154731,0.646240674287407
"gene-LOC134706701|LOC134706701",59.4840216129991,0.035905574899977,0.108338317641525,0.528265785748421,0.87559280413096
"gene-LOC134706703|LOC134706703",13.1035107522407,-0.00378339169723266,0.120755003017907,0.848166288860617,0.968198690416884
"gene-LOC134706704|LOC134706704",18.3563409200043,-0.0234317196527924,0.123513778547047,0.291383182723289,0.771274579215262
"gene-LOC134706706|LOC134706706",25.2287501147379,0.261142992401441,0.235227406937505,0.0176799760274229,0.291949171218019
"gene-LOC134706707|LOC134706707",3427.16123485777,-0.00130760075593645,0.102957487972899,0.976097779272935,0.995479908586306
"gene-LOC134706708|LOC134706708",14.0045222250861,0.0301552311402796,0.118130594109464,0.483057565488571,0.857779582900181
"gene-LOC134706709|LOC134706709",15.5392558083112,0.044873167113512,0.116693255724509,0.399686180815216,0.827255071865873
"gene-LOC134706711|LOC134706711",672.643045407124,-0.0872064128305809,0.164493768350101,0.0328444119714354,0.381943790767205
"gene-LOC134706712|LOC134706712",71.2537863488564,0.164384050653417,0.130105576116163,0.0448973444711322,0.438652587517252
"gene-LOC134706719|LOC134706719",58.4252481919568,-0.0144401774052187,0.122820556149028,0.287367947875627,0.768483236746561
"gene-LOC134706722|LOC134706722",223.23623421961,0.033998082512757,0.101174642914854,0.573708442651136,0.892996491374277
"gene-LOC134706726|LOC134706726",8.27874054171761,-0.00955024979472731,0.121389310433918,0.606490339296809,0.904782101791594
"gene-LOC134706729|LOC134706729",14.7467838079437,-0.0299573435046649,0.124822095603976,0.245623205717521,0.726202995506717
"gene-LOC134706730|LOC134706730",12.3342981847207,0.036139176192633,0.122281355819404,0.361801419340788,0.812684588929183
"gene-LOC134706734|LOC134706734",22.9570475587971,0.0463111055374885,0.114315880427853,0.408068995439117,0.83157243723634
"gene-LOC134706736|LOC134706736",9.23284425893623,0.0347263439241719,0.118712584451962,0.441221311624442,0.839295504890893
"gene-LOC134706738|LOC134706738",44.809854705237,0.0485487187893806,0.125164266495658,0.28507285092304,0.766574714744217
"gene-LOC134706740|LOC134706740",8.04788876073408,-0.019560216698913,0.120179716941591,0.528819246253209,0.87559280413096
"gene-LOC134706746|LOC134706746",23.1355124286936,0.038229330620659,0.110584278851906,0.493782972112151,0.862457269357709
"gene-LOC134706747|LOC134706747",45.0223513937845,0.159436154654719,0.320120929039465,0.00904744665635964,0.218651273411405
"gene-LOC134706748|LOC134706748",1625.64791254855,0.579357798844213,0.299679542736164,0.00196581168653281,0.0988051256405652
"gene-LOC134706753|LOC134706753",7.34809889812267,-0.0215543636616254,0.124495202414759,0.0988506497367763,0.579342280275393
"gene-LOC134706757|LOC134706757",49.3140251395935,-0.000525152533974608,0.122105884875822,0.926946622713702,0.985645784112298
"gene-LOC134706765|LOC134706765",8.84714406132445,-0.0124444430996605,0.118399127549675,0.701608184751753,0.931621222625156
"gene-LOC134706770|LOC134706770",7.2625400315782,-0.00730246108137878,0.120183392604772,0.756858753636665,0.94961625594829
"gene-LOC134706774|LOC134706774",15.6081519530582,0.0128100671980024,0.112784726554426,0.777991177754833,0.955143595115728
"gene-LOC134706777|LOC134706777",61.8864727765556,-0.0660095811531071,0.0854797270638432,0.299937894038587,0.777429673074222
"gene-LOC134706779|LOC134706779",12.3111720490677,0.0402299442642199,0.116844318283426,0.427618593980809,0.835542057474881
"gene-LOC134706781|LOC134706781",32.4832549947593,-0.00585958732438059,0.0971062408922823,0.920368560635623,0.984677261486326
"gene-LOC134706783|LOC134706783",26.2382882166507,0.0191437225137632,0.112386699893208,0.686426567261505,0.927222311891996
"gene-LOC134706785|LOC134706785",39.1338829836626,0.0289848765304535,0.0986196676606857,0.632145430535994,0.912460614354241
"gene-LOC134706786|LOC134706786",72.0542202382828,0.0449899514686778,0.102792336919605,0.466381986612603,0.848781214518053
"gene-LOC134706788|LOC134706788",27.8785372257494,0.173998926184277,0.205613168263497,0.0423374475190174,0.428466411445839
"gene-LOC134706789|LOC134706789",38.260344689984,-0.00713520700373192,0.103808339722137,0.896609524186075,0.979928513327605
"gene-LOC134706790|LOC134706790",21.6306050001653,0.0205048458309622,0.115429048095172,0.63548673076325,0.912781429371793
"gene-LOC134706791|LOC134706791",29.9165377350477,-0.057422006464441,0.122877315162955,0.291198213731312,0.771139824127934
"gene-LOC134706793|LOC134706793",14.5619834419544,-0.0160122368591289,0.117119559802219,0.669661983128041,0.922711307465918
"gene-LOC134706795|LOC134706795",8.51859449815213,0.0230508710177768,0.123826974474253,0.253554425506673,0.731459588836468
"gene-LOC134706798|LOC134706798",9.15020273248296,0.0368155698140077,0.119238632126312,0.418910575346715,0.833869845043139
"gene-LOC134706799|LOC134706799",33.4801991134773,0.0821622660865111,0.114312393663974,0.221396851341558,0.707264061779253
"gene-LOC134706800|LOC134706800",53.0905691871595,-0.0352502999824917,0.0999876089708637,0.561322999240557,0.889682103981488
"gene-LOC134706810|LOC134706810",18.3934370825587,0.104166319931104,0.170394718587953,0.0624969212547974,0.492353687530901
"gene-LOC134706811|LOC134706811",50.0663639932509,0.202772541574083,0.166877801475487,0.0286831817214285,0.357345203570033
"gene-LOC134706812|LOC134706812",159.193861100862,0.36657690164912,0.12788566582892,0.000344706421778364,0.0397154829645873
"gene-LOC134706813|LOC134706813",14.9593501242203,0.00868931320771396,0.121124460512165,0.660187327909522,0.92080829642482
"gene-LOC134706817|LOC134706817",7.41930190215218,0.0208407485300773,0.123477941833887,0.267007243428046,0.746966776282741
"gene-LOC134706819|LOC134706819",16.2069602728046,-0.00903158249752114,0.116703754628293,0.801563515415625,0.958777657383338
"gene-LOC134706824|LOC134706824",6.88759086964169,-0.0145525229252959,0.122631842725837,0.336642622432114,0.802058261976077
"gene-LOC134706826|LOC134706826",13.6871299714443,0.027621953742594,0.113638304977034,0.571691003132378,0.892514888984445
"gene-LOC134706827|LOC134706827",100.270174677025,-0.014488051337006,0.0962227041575987,0.80759007494682,0.960505277793567
"gene-LOC134706828|LOC134706828",32.7510775570359,0.0120952301642814,0.118712624532751,0.702431925608145,0.931935916524941
"gene-LOC134706830|LOC134706830",75.2491235544258,0.106564445615656,0.0995201757374665,0.127205161692018,0.61545269639549
"gene-LOC134706832|LOC134706832",5.86867913841266,-0.00240774421521402,0.121473639487494,0.864319080555223,NA
"gene-LOC134706836|LOC134706836",19.987506886462,0.0263629686356371,0.117526089232273,0.531365535508736,0.876684669184501
"gene-LOC134706837|LOC134706837",354.164579862892,0.297831267719633,0.101397552118713,0.000386131122549422,0.0407286757291919
"gene-LOC134706846|LOC134706846",20.9631667747799,0.0847423850521262,0.120126148725917,0.203062134649444,0.6839779604257
"gene-LOC134706851|LOC134706851",8.68654134383575,-0.00453916628077995,0.12074933846587,0.817033988377912,0.961465672369922
"gene-LOC134706852|LOC134706852",919.318769958486,0.0544987609958314,0.0810387714257346,0.387999687866565,0.82303705168547
"gene-LOC134706856|LOC134706856",11.6084928323602,-0.017971303642109,0.122423165114891,0.385941655143509,0.821366700441867
"gene-LOC134706864|LOC134706864",42.9613831945661,0.0714951006323237,0.120377855468206,0.251957225334114,0.730479166452922
"gene-LOC134706866|LOC134706866",60.3615770113414,0.0327938447312223,0.0935863647320324,0.597188644587804,0.903304056912138
"gene-LOC134706868|LOC134706868",24.2115195905318,-0.0553165760453182,0.134320171125177,0.134369527846115,0.623284596840799
"gene-LOC134706869|LOC134706869",8.51964069032815,0.00700096124803601,0.11965929863697,0.789196640933379,0.956384665187901
"gene-LOC134706871|LOC134706871",33.1870819654062,-0.0376579227281332,0.0967123724727714,0.543267602685444,0.880825086926021
"gene-LOC134706872|LOC134706872",388.249662209063,-0.661794015954055,0.350631176219433,0.00187347557914427,0.0973730922742367
"gene-LOC134706877|LOC134706877",76.383514326717,-0.0418806134146465,0.11790760158104,0.402962643630107,0.827512340614772
"gene-LOC134706880|LOC134706880",17.0416241268928,0.358837653186481,0.376637566424407,0.0108578558291547,0.239160242072174
"gene-LOC134706882|LOC134706882",30.1144180016266,0.110374676892658,0.136999823510331,0.122553333211565,0.609430220731347
"gene-LOC134706886|LOC134706886",30.6644713507767,-0.0392268603130453,0.119599667099346,0.398854329705523,0.827255071865873
"gene-LOC134706887|LOC134706887",94.5722288227516,0.0246637859515835,0.105631642449448,0.661402849172082,0.921020070184032
"gene-LOC134706889|LOC134706889",65.4850408843441,0.0638849916181279,0.0916418630057687,0.324433588096263,0.795051568786952
"gene-LOC134706891|LOC134706891",81.7589422920909,0.00898454420820443,0.105634910312904,0.884242316320145,0.977383609163761
"gene-LOC134706893|LOC134706893",7.8869366291278,0.0318514473187769,0.118573174359009,0.465869848974063,0.848670267917421
"gene-LOC134706894|LOC134706894",7.83742522301303,0.0350775227143271,0.119889961964749,0.420244175230847,0.834467769820896
"gene-LOC134706897|LOC134706897",109.518237048431,-0.0815304980170066,0.0995314233903967,0.226022227486071,0.711473807039039
"gene-LOC134706898|LOC134706898",89.1899631932685,0.0110652783101217,0.0866772267037906,0.85746115239323,0.97251651829061
"gene-LOC134706903|LOC134706903",33.7949577893378,-0.0824070433592989,0.155155127541603,0.058741169403909,0.483310521148065
"gene-LOC134706911|LOC134706911",7.67586285021652,-0.00565402427095766,0.119592054876658,0.825404124310202,0.964172729064096
"gene-LOC134706912|LOC134706912",10.9665694453813,-0.0832554252423629,0.155777880871811,0.0584814050303606,0.483310521148065
"gene-LOC134706915|LOC134706915",13.3573027764098,0.0392738282775656,0.114122263489227,0.458325387085275,0.84665459352049
"gene-LOC134706921|LOC134706921",8.09521634809551,0.0358375184334386,0.12438694335048,0.298928659320316,0.776334379755606
"gene-LOC134706925|LOC134706925",12.555661943477,0.00147545794791161,0.109591098767861,0.976664348830792,0.995479908586306
"gene-LOC134706932|LOC134706932",332.81166328376,-0.0127279286861142,0.119921475796349,0.64194330501675,0.914809132082223
"gene-LOC134706933|LOC134706933",14.3454428389117,-0.0719328220843338,0.137245982643144,0.161095432428148,0.643034890935151
"gene-LOC134706934|LOC134706934",13.9322447504767,0.00998037430492356,0.121552214186734,0.263215341913146,0.744428204226113
"gene-LOC134706937|LOC134706937",48.5325440530858,-0.0444879535660537,0.123535517731213,0.315857922885486,0.788885934007167
"gene-LOC134706938|LOC134706938",29.7904777130057,-0.0138342991558658,0.112606085835078,0.761320522136927,0.95123850595533
"gene-LOC134706941|LOC134706941",12.0990130956834,0.0145024568124086,0.116928691346914,0.701126067953545,0.931476516392424
"gene-LOC134706943|LOC134706943",112.718079164393,0.0211712414553403,0.115722031814133,0.622091768747256,0.909085056033485
"gene-LOC134706944|LOC134706944",10.9408614000888,0.0277541276276553,0.118678943728247,0.495571412038823,0.863101001106686
"gene-LOC134706946|LOC134706946",15.2609456500841,-0.0869992493749752,0.153460458614988,0.0883553115064201,0.559807891600321
"gene-LOC134706950|LOC134706950",18.6680829733336,0.00504752875812408,0.103276448024762,0.928183490955374,0.985809423772648
"gene-LOC134706953|LOC134706953",15.8550696692558,0.0234464114180321,0.117031770200042,0.572929936880932,0.892996491374277
"gene-LOC134706954|LOC134706954",53.5316185860329,0.387104475348165,0.161818536110356,0.00115001549154994,0.0790134496900688
"gene-LOC134706956|LOC134706956",6.70861971915671,-0.00989777207558843,0.121048827161317,0.633222612646023,0.912460614354241
"gene-LOC134706957|LOC134706957",22.0366952921836,-0.0651712512668614,0.138151513706437,0.132845251428124,0.620317785725725
"gene-LOC134706959|LOC134706959",9.74543547787307,-0.0225088585549252,0.116683952074306,0.587192242127542,0.900771758870919
"gene-LOC134706961|LOC134706961",28.1705256692476,0.0128456846264148,0.111061590860349,0.789721740625026,0.956642532286047
"gene-LOC134706962|LOC134706962",981.939377851466,-0.115897537925795,0.105317498523118,0.106636057424782,0.589806081280793
"gene-LOC134706963|LOC134706963",18.6411089814944,-0.00304935148968391,0.102694795897343,0.955751555017803,0.990589731896691
"gene-LOC134706965|LOC134706965",15.4917930576124,0.0330229885660947,0.120797781785428,0.409871176100421,0.831856384439449
"gene-LOC134706970|LOC134706970",12.4018410193026,-0.0505496833261627,0.12736231383516,0.247946188041247,0.728288152552403
"gene-LOC134706972|LOC134706972",598.213288086933,-0.00961932674744031,0.0945443051627288,0.858375836405132,0.972964528354477
"gene-LOC134706973|LOC134706973",13.2421802439376,-0.00146731870582923,0.10915329754645,0.975545153455248,0.995479908586306
"gene-LOC134706974|LOC134706974",33.9769338954594,-0.00456166313279039,0.116654838878996,0.895541018644315,0.979928513327605
"gene-LOC134706975|LOC134706975",11.0900055291541,-0.0274879590933462,0.12086397852203,0.438393069401453,0.837592254242557
"gene-LOC134706976|LOC134706976",33.6550270932513,0.102061215311362,0.13735939138264,0.136845651269551,0.624139845752057
"gene-LOC134706980|LOC134706980",16.2365793206698,-0.0223866996288424,0.122506431721573,0.376970285486973,0.820038855990219
"gene-LOC134706981|LOC134706981",7.83461133563054,-0.0107206652512225,0.122403293415692,0.375269454001096,0.820038855990219
"gene-LOC134706982|LOC134706982",9.64548086739804,0.00652625299049165,0.122091580449677,0.544242873357963,0.881642846328744
"gene-LOC134706991|LOC134706991",7.33384210841484,0.0010512553959836,0.12058265102192,0.960092911803209,0.990589731896691
"gene-LOC134706993|LOC134706993",236.861325404974,-0.237808034401592,0.164873745280344,0.0159266547227024,0.2792301733889
"gene-LOC134706996|LOC134706996",25.9849749610252,0.0162370043763819,0.106764842676497,0.762942128793058,0.951829925815486
"gene-LOC134706998|LOC134706998",9.70312976010614,0.0229687337394729,0.120307315185255,0.492668095864964,0.862457269357709
"gene-LOC134707002|LOC134707002",71.739686934317,0.0288296345155765,0.0882002903347548,0.641759192576533,0.914809132082223
"gene-LOC134707004|LOC134707004",60.5271405264305,-0.0510900505266996,0.108725058428048,0.400228486535433,0.827255071865873
"gene-LOC134707011|LOC134707011",75.4688527048557,0.275059454989903,0.102695760443315,0.000959220586459967,0.071836029719987
"gene-LOC134707014|LOC134707014",16.1379935251821,0.0647490967540945,0.124989839894961,0.254604103810533,0.73300421934597
"gene-LOC134707018|LOC134707018",79.9096070902894,-0.0572315164037454,0.112345560103505,0.347559281825989,0.808872351486489
"gene-LOC134707022|LOC134707022",13.7210989804505,-0.00536146415194654,0.121072384432932,0.766175544984259,0.952504757036374
"gene-LOC134707029|LOC134707029",16.1113767347413,0.0306648061786098,0.120367273586918,0.434892241541528,0.836746239876078
"gene-LOC134707031|LOC134707031",9.0287698795536,0.102496326906826,0.177641453586935,0.0369035541484759,0.405830715151154
"gene-LOC134707032|LOC134707032",12.3986235638406,-0.0459187561137652,0.132340817287132,0.0790704805292905,0.533059744882473
"gene-LOC134707033|LOC134707033",16.5873013130873,-0.0478197849841266,0.121653500154934,0.333614076493053,0.800046820703714
"gene-LOC134707034|LOC134707034",13.7185078247409,0.0385616888823063,0.118023349548967,0.425598245580497,0.835542057474881
"gene-LOC134707035|LOC134707035",62.3327614032614,-0.0507662066146481,0.0986028399588026,0.423825815264338,0.835542057474881
"gene-LOC134707037|LOC134707037",44.1021031048924,0.196719274227922,0.1773715556679,0.0326946865461833,0.380793946414256
"gene-LOC134707042|LOC134707042",32.9770124989049,-0.00516064941688364,0.115188918378683,0.892562626119298,0.979078159399384
"gene-LOC134707043|LOC134707043",44.6547409449914,-0.0162113612766458,0.118426123110495,0.635620088514349,0.912781429371793
"gene-LOC134707045|LOC134707045",11.4403500660628,-0.0331321442482336,0.115584738658736,0.494346414445261,0.862572296780185
"gene-LOC134707053|LOC134707053",5.94922770492974,-0.0722243485954997,0.153891488667267,0.0051928525601327,NA
"gene-LOC134707056|LOC134707056",705.544957788873,0.0225464256639354,0.104920907548558,0.689518176857326,0.92805626459929
"gene-LOC134707060|LOC134707060",174.410027771754,0.0972563381373912,0.0986764209619013,0.157730885411113,0.641040525737625
"gene-LOC134707063|LOC134707063",17.0614828496721,0.0829420998087613,0.140805058094573,0.14736678976701,0.632815303076338
"gene-LOC134707066|LOC134707066",21.6306559908135,0.0776567823552279,0.14289689338464,0.129666855485368,0.618015601981255
"gene-LOC134707067|LOC134707067",16.2266757656354,-0.00678544643212925,0.122429423431645,0.862180713018966,0.973956778441233
"gene-LOC134707073|LOC134707073",18.6395029127013,-0.0473707335962134,0.132248013821952,0.105223605649993,0.586676933077063
"gene-LOC134707074|LOC134707074",59.912651121174,0.143214679478111,0.186610217387127,0.0582311160119486,0.483310521148065
"gene-LOC134707079|LOC134707079",49.6037639663135,0.0230268068838066,0.110750664954121,0.648763486480977,0.918046712290982
"gene-LOC134707080|LOC134707080",114.053515111554,-0.181236351223739,0.311796269142441,0.021118389367645,0.313800829314075
"gene-LOC134707082|LOC134707082",10.6716225688392,0.0315524055912924,0.127031363343842,0.0895282299666869,0.562448223807657
"gene-LOC134707085|LOC134707085",9.74041789530608,0.101820022551578,0.180243540510113,0.0269210328868989,0.345817521938226
"gene-LOC134707086|LOC134707086",35.5417352246803,-0.138804613181719,0.176590890189466,0.0658560304398499,0.501660423029941
"gene-LOC134707088|LOC134707088",15.5974184529586,0.460280998226393,0.279806885792616,0.00405388820803602,0.164703788989884
"gene-LOC134707089|LOC134707089",7.43752204298615,0.00569772712401627,0.11585296469725,0.880481238122093,0.977383609163761
"gene-LOC134707090|LOC134707090",9.42078913539082,-0.00520482008633285,0.114807461987101,0.894479520749577,0.979928513327605
"gene-LOC134707095|LOC134707095",23.2172853993517,-0.521255987222033,0.318909436682153,0.00350676130050551,0.152686833601662
"gene-LOC134707096|LOC134707096",16.1319354914314,-0.0444300708320711,0.130906715872952,0.112234256258396,0.596307637172188
"gene-LOC134707099|LOC134707099",42.6859884154113,-0.0486247151427665,0.117319821921523,0.371847064558011,0.819803285016825
"gene-LOC134707100|LOC134707100",13.8273484182325,-0.0979293231940339,0.167734997724145,0.0562210176655686,0.483310521148065
"gene-LOC134707102|LOC134707102",225.038290113729,-0.001259297892842,0.0883202518587338,0.98255335865602,0.99595232498375
"gene-LOC134707105|LOC134707105",50.6396584537766,-0.0113995830526168,0.105428572109251,0.833108952718772,0.965558865799071
"gene-LOC134707106|LOC134707106",8.44675531243432,0.00806754547612463,0.122366198062505,0.380021009631426,0.82083573709765
"gene-LOC134707111|LOC134707111",27.0880470560598,0.0474674317782645,0.113964412779599,0.40084845300814,0.827255071865873
"gene-LOC134707119|LOC134707119",8.86010089364483,-0.0995747703405018,0.18236900491848,0.0135965601885707,0.258438170690878
"gene-LOC134707120|LOC134707120",54.406969020873,0.0239317459303743,0.100578528575514,0.686533278066647,0.927222311891996
"gene-LOC134707123|LOC134707123",8.55826863908133,0.0413983155640826,0.120281130992466,0.378110327682141,0.820038855990219
"gene-LOC134707142|LOC134707142",8.6684637348286,0.757301249570133,0.40208902568844,0.0019117780660078,0.0973730922742367
"gene-LOC134707144|LOC134707144",12.2892424244201,-0.00676404151194342,0.114567991272944,0.86694893730436,0.9755943788839
"gene-LOC134707148|LOC134707148",186.136653656736,0.0851992090885483,0.115112685117674,0.20622619262409,0.688757595246135
"gene-LOC134707149|LOC134707149",10.7637528596118,-0.0179252250302727,0.120602279557519,0.529964833397069,0.876192153892318
"gene-LOC134707150|LOC134707150",12.8107613910957,0.0153736782419248,0.119271682697545,0.626282203804715,0.910590279867861
"gene-LOC134707152|LOC134707152",9.41870667121828,0.0544735599243444,0.126622578493644,0.25925704017152,0.739647990036005
"gene-LOC134707155|LOC134707155",24.9325391900178,-0.05640757033196,0.124211361598273,0.281857977051578,0.762860278330058
"gene-LOC134707161|LOC134707161",22.295695274,0.0131254539574679,0.108092321041433,0.80033467858205,0.958777657383338
"gene-LOC134707164|LOC134707164",11.076171923271,0.000480197474192053,0.120531045695928,0.983308492115567,0.99595232498375
"gene-LOC134707166|LOC134707166",18.9920305750436,-0.0421392035763967,0.123211960522174,0.325787989714865,0.795051568786952
"gene-LOC134707168|LOC134707168",13.6071466908354,-0.0346293462937248,0.118093950422971,0.450854559307274,0.844734225721323
"gene-LOC134707169|LOC134707169",14.0213816114715,0.00528766239804042,0.118404331977544,0.862626314678949,0.973956778441233
"gene-LOC134707170|LOC134707170",68.8853998419945,-0.0846984442641046,0.125263236107287,0.196082823322702,0.675155983385616
"gene-LOC134707171|LOC134707171",28.2621554964719,0.0236429010370892,0.11113757858232,0.640818211265685,0.914809132082223
"gene-LOC134707173|LOC134707173",38.2192120622829,0.448664128078121,0.232608142149826,0.00252863883564418,0.119854280000882
"gene-LOC134707174|LOC134707174",26.2298262272615,-0.00454456206918445,0.113450093774766,0.913910147761163,0.983375947840117
"gene-LOC134707176|LOC134707176",380.861132646686,0.101356935884916,0.0983475978223399,0.1470672064575,0.632815303076338
"gene-LOC134707177|LOC134707177",46.6242119005912,0.0556318700578282,0.110697013201541,0.36456074899494,0.812684588929183
"gene-LOC134707179|LOC134707179",84.7166178211502,0.000166836633528052,0.110226711039843,0.990704016197893,0.997848481775248
"gene-LOC134707182|LOC134707182",14.4551113711153,-9.634511852208e-05,0.115490260369657,0.996799231691267,0.999314428524776
"gene-LOC134707195|LOC134707195",10.5531434929181,0.0144551914757824,0.119465084293613,0.633179240298843,0.912460614354241
"gene-LOC134707196|LOC134707196",135.088244854204,-0.0192382133544563,0.0817186899475038,0.752012847106667,0.949345259435755
"gene-LOC134707200|LOC134707200",19.4711779128428,-0.00362093747749139,0.119061784340775,0.893465841279547,0.97967286754649
"gene-LOC134707212|LOC134707212",13.6996643322425,-0.00211959414446765,0.120249533281225,0.920588389817822,0.984677261486326
"gene-LOC134707215|LOC134707215",1163.51975202729,-0.164057347411785,0.169193847543171,0.0503243451041569,0.461296230703832
"gene-LOC134707220|LOC134707220",13.5841219907645,0.0119689015996427,0.121415661872759,0.55675454696214,0.888269024754892
"gene-LOC134707222|LOC134707222",29.0127817964601,-0.00483983045824355,0.113395464894643,0.909317111453434,0.98251592545162
"gene-LOC134707225|LOC134707225",77.7985230080226,0.0615606843012378,0.1213828433774,0.286702764997033,0.768483236746561
"gene-LOC134707229|LOC134707229",20.2184927744338,0.00411617717641611,0.115794538915582,0.913304191579486,0.983285665718627
"gene-LOC134707230|LOC134707230",1351.31670989525,-0.067479943648817,0.0887758956971213,0.29547104216519,0.773406321636096
"gene-LOC134707233|LOC134707233",9.53378491693141,-0.456278384452623,0.386741916148857,0.00695335773507219,0.194101705400927
"gene-LOC134707239|LOC134707239",11.9671253671026,-0.0101839368067403,0.122248199381831,0.428306990056193,0.835542057474881
"gene-LOC134707240|LOC134707240",6.84974982578993,0.0207161608499134,0.123150268658207,0.309084875304475,0.784656485137359
"gene-LOC134707243|LOC134707243",6.60692678427749,0.00237022500764814,0.118562576477702,0.93650054937779,NA
"gene-LOC134707250|LOC134707250",15.523623485136,0.0338096373911963,0.117744777793746,0.464084194875558,0.848659322959597
"gene-LOC134707257|LOC134707257",15.7860279616697,-0.028313665272282,0.118935874032182,0.483918246863427,0.857948816051691
"gene-LOC134707259|LOC134707259",15.8587407312731,0.455481601750013,0.451217826760555,0.00780408545611786,0.204791893253776
"gene-LOC134707260|LOC134707260",73.7975651564252,0.012220325941837,0.0993317766130278,0.836963708113808,0.965558865799071
"gene-LOC134707266|LOC134707266",29.2515828114748,-0.00188299320495817,0.104859901137444,0.971344383135427,0.993906009741934
"gene-LOC134707268|LOC134707268",76.0012793820329,-0.438205882369412,0.271589052825937,0.00438357269153859,0.168351671215038
"gene-LOC134707271|LOC134707271",19.0459131604305,0.0118966353800738,0.107585796792124,0.819330760426301,0.962092576666134
"gene-LOC134707272|LOC134707272",8.95471341967219,0.00655624956958115,0.115545353786621,0.865685759747054,0.975432977140626
"gene-LOC134707273|LOC134707273",7.35796330654938,0.0270816029134478,0.124769234558248,0.213435568962152,0.697999552819894
"gene-LOC134707275|LOC134707275",29.9148415320201,-0.119863246452964,0.142209265691086,0.1036284548518,0.581764241668016
"gene-LOC134707276|LOC134707276",16.8108508824747,-0.00879103321548792,0.114941675066495,0.826117790488214,0.964172729064096
"gene-LOC134707277|LOC134707277",46.6316593894295,0.314809645831944,0.144697161031864,0.00265792459852999,0.124407483239944
"gene-LOC134707279|LOC134707279",14.9128775003706,0.0912057711462493,0.157270826635973,0.0821286699058827,0.539386375375277
"gene-LOC134707281|LOC134707281",12.2227995758122,-0.161020355531392,0.214806030597029,0.0437964900452925,0.435580231008228
"gene-LOC134707284|LOC134707284",9.3464177720557,-0.0042095489845884,0.121093800573997,0.808930049050567,0.960505277793567
"gene-LOC134707287|LOC134707287",82.1919883736007,-0.0708594936265167,0.123658861322811,0.242064159026185,0.723680034709421
"gene-LOC134707288|LOC134707288",38.6297986532838,-0.114571677377493,0.165671183012611,0.0828558837309653,0.541928133852576
"gene-LOC134707289|LOC134707289",34.6695540396517,-0.0404577097141121,0.101113707133022,0.509245841435637,0.870360484930913
"gene-LOC134707290|LOC134707290",50.8184230776185,-0.0503083262262194,0.127011711402527,0.252810093589219,0.730712643811058
"gene-LOC134707291|LOC134707291",30.2141397671579,0.0890719431666166,0.133781888088932,0.166311736182648,0.64634592229987
"gene-LOC134707300|LOC134707300",13.8638060022611,-0.0526417070908239,0.122014260542277,0.312776820621104,0.78693314819391
"gene-LOC134707301|LOC134707301",45.3608424187823,0.036383261655574,0.110075617401225,0.513755224952927,0.871527350897159
"gene-LOC134707302|LOC134707302",8.92110705137798,0.00625583784723517,0.114915282974026,0.876959438082644,0.977383609163761
"gene-LOC134707306|LOC134707306",7.36543858208948,0.0245725685425358,0.119332237890392,0.507904684421768,0.869019461191369
"gene-LOC134707307|LOC134707307",89.3969948306525,0.0483329665639469,0.132353479135522,0.115925640254595,0.60277598701988
"gene-LOC134707310|LOC134707310",20.5521347432984,0.0094019294910919,0.119905940305953,0.71833985079931,0.936894312545461
"gene-LOC134707311|LOC134707311",52.8095796371705,-0.00786767675930592,0.0915820753419109,0.896415653495325,0.979928513327605
"gene-LOC134707316|LOC134707316",6.79284525889749,0.0027266183243202,0.120579589548172,0.895181158623493,0.979928513327605
"gene-LOC134707317|LOC134707317",75.6942562864136,-0.059873735428438,0.119038259736751,0.304493411202219,0.780942176881307
"gene-LOC134707319|LOC134707319",17.8622097963627,-0.0177445455471793,0.11242131871151,0.705910450964795,0.932988057867254
"gene-LOC134707320|LOC134707320",14.4121695147017,0.092682666541975,0.162188521853541,0.0623813096489983,0.492353687530901
"gene-LOC134707323|LOC134707323",61.6958158555624,0.0642973540925356,0.0994186865061196,0.325828146812141,0.795051568786952
"gene-LOC134707326|LOC134707326",85.3111241855041,-0.0161812177442845,0.0951402306319115,0.770131578373298,0.953685276062354
"gene-LOC134707327|LOC134707327",35.9047787591057,-0.000978990570274568,0.105139481302079,0.984528717761587,0.99595232498375
"gene-LOC134707337|LOC134707337",145.827385035891,-0.207715980372097,0.13424394044579,0.0188200138698204,0.300815280971502
"gene-LOC134707339|LOC134707339",18.5956507303015,-0.0507980413610886,0.127403138034633,0.248772798041424,0.728288152552403
"gene-LOC134707342|LOC134707342",102.282948805105,0.0364733591597764,0.0994158590936303,0.54989880514634,0.884107206970154
"gene-LOC134707344|LOC134707344",921.702671597447,0.00819773817352509,0.0791828071020574,0.8928240898781,0.979112550753711
"gene-LOC134707346|LOC134707346",290.813549303277,-0.0148212772430794,0.0670846951951547,0.790668228354804,0.956995220143462
"gene-LOC134707348|LOC134707348",31.3008179034325,0.0273736124611026,0.104724641287571,0.634942198899995,0.912781429371793
"gene-LOC134707351|LOC134707351",7.89854145456435,0.031460370399693,0.121999072896417,0.384643909046108,0.821366700441867
"gene-LOC134707354|LOC134707354",10.7137991276794,0.0411916474295392,0.118398940671873,0.404140613035082,0.828569242480243
"gene-LOC134707357|LOC134707357",8.14467136911995,-0.0293751868741162,0.123722095989497,0.310465695284517,0.785968067624988
"gene-LOC134707367|LOC134707367",8.95297100865379,0.00149204508466412,0.11883708200505,0.958936378552337,0.990589731896691
"gene-LOC134707368|LOC134707368",59.4287037429743,0.187748009038017,0.161947245864304,0.0356290075783594,0.397849663423626
"gene-LOC134707369|LOC134707369",78.1339618751082,0.015887645910903,0.0812574014983651,0.794776009391992,0.957868879990908
"gene-LOC134707371|LOC134707371",23.3770683137462,0.143470052598375,0.255094469759229,0.0161445673758037,0.2792301733889
"gene-LOC134707374|LOC134707374",19.0329503443859,-0.0261884191883103,0.122677253818168,0.36602819047378,0.812684588929183
"gene-LOC134707379|LOC134707379",37.5984067084384,0.0534613140384466,0.104434584856874,0.395464013361301,0.826720797872459
"gene-LOC134707380|LOC134707380",71.0533766314298,0.104864865041191,0.0992542544528179,0.132032072516141,0.620317785725725
"gene-LOC134707381|LOC134707381",9.80953310205808,0.0271094129048071,0.119473652638874,0.480349889307901,0.856172230112359
"gene-LOC134707386|LOC134707386",8.83752580197206,-0.0232488179290909,0.123851715029692,0.250439949823528,0.728910951453647
"gene-LOC134707393|LOC134707393",1795.86635936717,0.0317504689755338,0.0797390181426992,0.610224082156524,0.905829590890778
"gene-LOC134707397|LOC134707397",10.7664856527196,-0.00461010041277065,0.122243096102272,0.493495497397499,0.862457269357709
"gene-LOC134707401|LOC134707401",8.71056915411228,0.00163429233238763,0.114892700747072,0.967851559043399,0.992550187342434
"gene-LOC134707402|LOC134707402",31.7080431241421,0.0535013384366742,0.106427359981054,0.390802984616222,0.823250163807042
"gene-LOC134707405|LOC134707405",359.782806044743,0.0174974710059704,0.0890618902982621,0.777601729529742,0.954960361719923
"gene-LOC134707406|LOC134707406",23.2265496755195,0.0243580981490593,0.10487190649914,0.667636457761361,0.921742651670224
"gene-LOC134707408|LOC134707408",39.611176106102,0.149736429766774,0.146330858018717,0.0646627008784247,0.497814892523172
"gene-LOC134707409|LOC134707409",28.7300269671094,0.0398825702044819,0.108186501898883,0.492375815860514,0.862457269357709
"gene-LOC134707410|LOC134707410",14.5530375375636,0.021195242453895,0.123580204469843,0.257552227432913,0.737876293513805
"gene-LOC134707412|LOC134707412",19.3936828401583,-0.100471994091891,0.148175006525768,0.118729006732136,0.60666323189779
"gene-LOC134707414|LOC134707414",28.5312053735788,0.0180446541234638,0.112445305327376,0.703695054768272,0.932450901460609
"gene-LOC134707424|LOC134707424",36.675714982933,-0.0130740146193742,0.117875237945539,0.704212067144915,0.932461823366883
"gene-LOC134707426|LOC134707426",16.2956295261422,-0.0597540592848034,0.143666176905773,0.00413257207142119,0.164703788989884
"gene-LOC134707428|LOC134707428",13.247042781808,0.0841664459259079,0.147264182034626,0.115165714953433,0.600610055213274
"gene-LOC134707431|LOC134707431",27.1140844554403,-0.01395021210176,0.10884159153115,0.789955980402103,0.956642532286047
"gene-LOC134707434|LOC134707434",9.05422387876454,-0.0380687008038326,0.120557731745847,0.38949945425032,0.82303705168547
"gene-LOC134707435|LOC134707435",7.3049164437862,0.0236060181638355,0.124295392658765,0.200453964840537,0.680353613556914
"gene-LOC134707436|LOC134707436",1504.27927141516,-0.0716021135335129,0.142474683015326,0.108225818080008,0.591192170056114
"gene-LOC134707437|LOC134707437",24.7732495016771,0.00972335255912359,0.105770359138596,0.856857621488927,0.972421083092979
"gene-LOC134707441|LOC134707441",21.2818522111537,0.00920609460260248,0.116855636335796,0.799553826040778,0.958777657383338
"gene-LOC134707442|LOC134707442",22.4949869219279,-0.0609896265672576,0.13373163260518,0.17404830737995,0.65341586442247
"gene-LOC134707444|LOC134707444",248.549281837163,-0.0205060843815087,0.105071637957955,0.711360947981545,0.934581026576444
"gene-LOC134707445|LOC134707445",107.763789581628,-0.0655849434137642,0.0868030990166156,0.305009279518831,0.781729806405382
"gene-LOC134707448|LOC134707448",14.7571986615352,0.788066451992892,0.531050091791329,0.00323254228829706,0.142402995276804
"gene-LOC134707454|LOC134707454",17.8171560582255,-0.083884932822777,0.144972245291214,0.128062579497607,0.616067198584733
"gene-LOC134707457|LOC134707457",14.4261983253378,0.0496274123702186,0.123096415596769,0.310186600694145,0.785968067624988
"gene-LOC134707460|LOC134707460",51.467084637069,0.0516846610267246,0.103473644630313,0.410683767496343,0.831856384439449
"gene-LOC134707461|LOC134707461",57.0135237199342,-0.0034787315817918,0.0815697878634602,0.953669026703967,0.990589731896691
"gene-LOC134707462|LOC134707462",26.2367489267267,-0.0144820801845667,0.116031933823163,0.712607843998603,0.934586259228345
"gene-LOC134707468|LOC134707468",9.13735877665661,0.0563600366696994,0.137000694773499,0.0853453824926403,0.55099273231671
"gene-LOC134707472|LOC134707472",10.3311060745285,-0.0242688418502326,0.121142614484929,0.446259985574609,0.842036037280989
"gene-LOC134707476|LOC134707476",22.7898536915512,0.00632196085493968,0.115698919638593,0.869358222697813,0.975747205157066
"gene-LOC134707482|LOC134707482",52.1499818538756,0.025936673918051,0.0949001079590144,0.667687040305482,0.921742651670224
"gene-LOC134707483|LOC134707483",103.657884574695,-0.00332066992862451,0.0785311279790865,0.955463061241509,0.990589731896691
"gene-LOC134707486|LOC134707486",19.2650610765854,0.0255945982553352,0.120859554602163,0.452181071569752,0.844734225721323
"gene-LOC134707487|LOC134707487",13.3915903996697,0.112446914771444,0.176432374404586,0.0623992155187929,0.492353687530901
"gene-LOC134707488|LOC134707488",17.5120293811447,-0.0223921380747408,0.11000907800123,0.663095778350669,0.921381956457196
"gene-LOC134707489|LOC134707489",63.1997115623613,0.000562082032415148,0.104927120262744,0.991861685212928,0.997848481775248
"gene-LOC134707490|LOC134707490",18.9815664933647,-0.00154268813564129,0.110458283162288,0.973122487628033,0.995045645800975
"gene-LOC134707491|LOC134707491",9.2907723198749,0.00641994766298724,0.119599706225957,0.806160542133851,0.960505277793567
"gene-LOC134707492|LOC134707492",76.7928516107006,0.00357744792978144,0.121940757571762,0.733777860692746,0.94290706910226
"gene-LOC134707494|LOC134707494",6.03130071216055,0.00390805351486921,0.121072683349045,0.827137495019534,NA
"gene-LOC134707496|LOC134707496",16.4400253596972,0.00943589630387281,0.116836982832953,0.794096833280773,0.957390487022614
"gene-LOC134707498|LOC134707498",57.6916748995085,-0.00411578795798845,0.11995375764367,0.859095343346938,0.973375096633959
"gene-LOC134707502|LOC134707502",12.8490440202177,0.00773889885526004,0.107760577842474,0.880944390997209,0.977383609163761
"gene-LOC134707503|LOC134707503",8.48960524656624,0.0265861084797564,0.12196753489404,0.401411444197121,0.827255071865873
"gene-LOC134707504|LOC134707504",39.2992901138273,0.0477750682830842,0.108480563676756,0.426167133050249,0.835542057474881
"gene-LOC134707510|LOC134707510",16.415045065589,-0.00280836946544616,0.116000757434982,0.938194390281854,0.987094378873392
"gene-LOC134707513|LOC134707513",50.9933455191333,-0.0214228155179526,0.11056299063763,0.670379519818675,0.922711307465918
"gene-LOC134707514|LOC134707514",32.0620301870411,-0.00596199069673025,0.118504535931647,0.840339492988882,0.965558865799071
"gene-LOC134707518|LOC134707518",81.2477100496561,0.132140129273328,0.120274624316789,0.0826051184563567,0.541059277719348
"gene-LOC134707523|LOC134707523",38.7246647128474,-0.01203436394214,0.117148996132749,0.736487298072148,0.944327363926323
"gene-LOC134707534|LOC134707534",9.60504172589443,0.128762494350506,0.21746257674581,0.0247418856298363,0.336283087988828
"gene-LOC134707535|LOC134707535",7.22606828246323,0.0175738710207919,0.121166045645775,0.502585798438994,0.865335655543869
"gene-LOC134707545|LOC134707545",104.644138777554,-0.0806110860886327,0.119749227238907,0.219169401779426,0.706873234248975
"gene-LOC134707550|LOC134707550",73.8832083270935,-0.0119996333834223,0.09161011190464,0.843047378206343,0.966613035218243
"gene-LOC134707551|LOC134707551",19.5321897790209,0.0635032184885365,0.138236637349994,0.123493008929891,0.610633401063977
"gene-LOC134707553|LOC134707553",182.61001191035,-0.145204598607894,0.182322488055017,0.0598970498034478,0.484939465922184
"gene-LOC134707560|LOC134707560",14.9123923700281,0.023216619936336,0.123670617857764,0.274918361957872,0.756974403734827
"gene-LOC134707562|LOC134707562",5.36608248126168,-0.0141379363528173,0.122493444653508,0.368705814239368,NA
"gene-LOC134707564|LOC134707564",32.8077376988709,0.0191269901417879,0.0974648500660442,0.750125630186385,0.949011133284577
"gene-LOC134707565|LOC134707565",23.4228175990031,0.00245713258011716,0.12033887666653,0.912042245108378,0.98251592545162
"gene-LOC134707566|LOC134707566",35.5874775962899,-0.000142598037205701,0.11625895450719,0.995203746111107,0.998538618272986
"gene-LOC134707567|LOC134707567",15.5824120474113,-0.0366869022563557,0.117539797503057,0.443209981884081,0.840308273190776
"gene-LOC134707568|LOC134707568",27.5926901097404,0.026229271110918,0.102686622964773,0.653476036528181,0.918176742506482
"gene-LOC134707570|LOC134707570",14.271674626193,-0.0167119351199594,0.117233300255796,0.656305109884543,0.918972538520344
"gene-LOC134707571|LOC134707571",39.7187009872146,-0.0148177686873336,0.0995784209752851,0.799322684499923,0.958777657383338
"gene-LOC134707572|LOC134707572",7.45604028971624,0.00902596573834387,0.121089953408926,0.653698561411289,0.918317112438407
"gene-LOC134707575|LOC134707575",17.5647444188733,0.00291464922159675,0.120301563614185,0.896502157699926,0.979928513327605
"gene-LOC134707577|LOC134707577",116.758025727009,0.0425402439574687,0.0978587931773429,0.508163567984635,0.869263810104369
"gene-LOC134707579|LOC134707579",25.6578363121326,0.0681098136771979,0.13050995908565,0.212128647527505,0.69700843766031
"gene-LOC134707580|LOC134707580",30.9086951498705,0.0683890724553801,0.119553262928605,0.266829278644338,0.746966776282741
"gene-LOC134707584|LOC134707584",119.201280037504,0.103268893952296,0.15106004254168,0.112215128143323,0.596307637172188
"gene-LOC134707589|LOC134707589",23.5808640770842,-0.292883809258201,0.41007802649667,0.0145501474133872,0.267003078509568
"gene-LOC134707590|LOC134707590",8.52878305430515,0.0662817055575901,0.137773757421646,0.141018784230728,0.627557821356636
"gene-LOC134707592|LOC134707592",1159.85572014559,-0.0639118843158767,0.136327019059735,0.151208763711071,0.638738768482586
"gene-LOC134707593|LOC134707593",8.57527552406476,0.0283656198152579,0.119177865611094,0.479799586019008,0.856095103249028
"gene-LOC134707595|LOC134707595",155.269678958765,0.351905517048129,0.240193919642433,0.00737570435617226,0.200860545175906
"gene-LOC134707596|LOC134707596",50.918250072961,0.103688124123879,0.106059110994446,0.14243887552029,0.627978786874401
"gene-LOC134707605|LOC134707605",17.2466641980451,0.0262935632518385,0.118234876986687,0.518195199334918,0.872022093906266
"gene-LOC134707607|LOC134707607",34.5752156159813,-0.0747651874928221,0.13136501691882,0.197457897999432,0.678015855422546
"gene-LOC134707608|LOC134707608",40.0900213010547,0.0542267785197885,0.123506957983959,0.294278333335503,0.772631316913971
"gene-LOC134707609|LOC134707609",24.08087739688,0.0441923234839002,0.130527331243577,0.225648419269332,0.711043763792762
"gene-LOC134707610|LOC134707610",9.05840765139214,0.00201802571402481,0.119744311796486,0.935636566777528,0.986824046819264
"gene-LOC134707612|LOC134707612",11.1034093257666,-0.00822652886614286,0.113443869141991,0.848007214374295,0.968198690416884
"gene-LOC134707623|LOC134707623",15.6805859660418,0.0542233622578932,0.129857286171766,0.211846493481338,0.696978741645473
"gene-LOC134707636|LOC134707636",31.8051641531908,-0.0434885342702844,0.117302129561056,0.40173478514444,0.827255071865873
"gene-LOC134707640|LOC134707640",21.7770562956597,-0.00405263574375856,0.121323873532707,0.796460603328052,0.958626227484349
"gene-LOC134707642|LOC134707642",18.2322313803627,-0.743396654060808,0.638582191687511,0.00451870959917214,0.169661798928779
"gene-LOC134707644|LOC134707644",43.1614902832061,-0.619194950198412,0.373491219922786,0.0028948178344669,0.13300178381793
"gene-LOC134707656|LOC134707656",248.169196164699,-0.0339685092233303,0.0734274482373736,0.564678647875119,0.890290188197215
"gene-LOC134707658|LOC134707658",10.8890251797215,0.0064968637453121,0.11271195854507,0.883962682434138,0.977383609163761
"gene-LOC134707662|LOC134707662",27.9603888473642,-0.0120646080557375,0.0982689277380788,0.837056096664788,0.965558865799071
"gene-LOC134707669|LOC134707669",118.877807784895,-0.130857910949035,0.209641484931047,0.0347583108631868,0.392718098210089
"gene-LOC134707678|LOC134707678",1699.04598854022,-0.0790249070121174,0.140252979704713,0.147231392161405,0.632815303076338
"gene-LOC134707680|LOC134707680",15.6283602180209,-0.0522503045278499,0.125181617421878,0.279162440367767,0.761065713838444
"gene-LOC134707690|LOC134707690",555.422483529055,0.213896515593777,0.0742503562545855,0.000843917807725566,0.0662174854497907
"gene-LOC134707691|LOC134707691",10.2696690391205,-0.0226993515209201,0.115341252845629,0.604528717058886,0.904589020585693
"gene-LOC134707694|LOC134707694",21.6943962284277,0.0186337525679803,0.108343132294075,0.723555284686669,0.938629053701448
"gene-LOC134707699|LOC134707699",8.0605862630047,0.00986791489435313,0.114670038820954,0.811233291608305,0.960505277793567
"gene-LOC134707700|LOC134707700",7.6085222992643,-0.00173147099938039,0.121126459295612,0.916226682225691,0.984555246899008
"gene-LOC134707702|LOC134707702",14.5499496134558,0.0368193289017903,0.118181838505735,0.435069372560495,0.836746239876078
"gene-LOC134707703|LOC134707703",42.7543982195555,0.00361293646781598,0.0993460539517785,0.957815995452683,0.990589731896691
"gene-LOC134707709|LOC134707709",18.4280600456701,-0.0827821150085405,0.144581563951049,0.127774286443032,0.616067198584733
"gene-LOC134707710|LOC134707710",7.05622297446866,0.0173892992826085,0.122657105203228,0.355981636398999,0.811592466382447
"gene-LOC134707712|LOC134707712",31.5036686111086,-0.291257186861851,0.24683086113875,0.01363131499284,0.258442830332605
"gene-LOC134707718|LOC134707718",8.76107627893523,0.00878606429219858,0.115582238165208,0.822366829983392,0.963200686541386
"gene-LOC134707725|LOC134707725",698.585068784035,0.0627423878286447,0.0572029582911204,0.21488898995558,0.700182501805322
"gene-LOC134707729|LOC134707729",173.039746364346,0.0355869005952818,0.100365709095734,0.55917329694392,0.889197747931761
"gene-LOC134707730|LOC134707730",19.2641368233106,0.0771127788212266,0.141790849753498,0.136517723052588,0.624139845752057
"gene-LOC134707731|LOC134707731",8.73871023395996,-0.0384795054247263,0.128576787308189,0.128996029849783,0.617390354361159
"gene-LOC134707738|LOC134707738",10.3092262553128,0.0979555288315514,0.164918268093761,0.0667847092681053,0.503085131759915
"gene-LOC134707747|LOC134707747",39.4824405402061,0.26744812800751,0.193516524881922,0.0135515285025966,0.258438170690878
"gene-LOC134707756|LOC134707756",9.26916904155962,-0.00806808185449375,0.113276744024454,0.851540476828811,0.970266073646434
"gene-LOC134707761|LOC134707761",85.0842722679059,-0.0502445318131496,0.118650857917272,0.35197795682383,0.810566703153033
"gene-LOC134707770|LOC134707770",33.6975726536424,-0.065156700312722,0.140272776435517,0.1044386012621,0.584996772514487
"gene-LOC134707773|LOC134707773",47.558395762814,0.140268408401394,0.160213836318912,0.0722024228048096,0.521934309252142
"gene-LOC134707780|LOC134707780",86.1756105846418,0.00458643911075063,0.105010088419412,0.934573287160117,0.986824046819264
"gene-LOC134707782|LOC134707782",20.3389104131102,0.133405080958136,0.185991627735686,0.0598651038666351,0.484939465922184
"gene-LOC134707785|LOC134707785",8.39327210007308,-0.0165823448569677,0.119971874005241,0.577396429249023,0.895448717880706
"gene-LOC134707790|LOC134707790",16.4198894346498,0.144761084532817,0.195038913648652,0.0541748914501502,0.473967011764223
"gene-LOC134707791|LOC134707791",49.9003206520944,-0.0177093212156667,0.104607307188366,0.749575819037241,0.948815960168088
"gene-LOC134707792|LOC134707792",7.22524924275076,0.0153687894398253,0.122540149160038,0.36723471748653,0.813688679582993
"gene-LOC134707793|LOC134707793",418.070819076341,-0.002666703755719,0.0861938694035086,0.964310452529233,0.992149053191037
"gene-LOC134707801|LOC134707801",16.6431651741448,-0.00123850634538122,0.113602071066601,0.97505408221511,0.995479908586306
"gene-LOC134707804|LOC134707804",15.769032933147,0.00613803010223496,0.109924117293356,0.899873958793024,0.98065001678538
"gene-LOC134707805|LOC134707805",11.9829635710363,-0.0287304944633084,0.121085004367662,0.424045191443078,0.835542057474881
"gene-LOC134707814|LOC134707814",55.0640098883936,0.0870685004483797,0.135930065400801,0.164213809175105,0.646240674287407
"gene-LOC134707816|LOC134707816",27.6813858088329,0.0283661566772972,0.107577448995684,0.60912064122339,0.905739428678019
"gene-LOC134707817|LOC134707817",12.2476798246807,0.0275270545546138,0.110064854934013,0.603366129645075,0.904589020585693
"gene-LOC134707818|LOC134707818",13.1945125434131,-0.00229319667497135,0.113141819000373,0.959875239556674,0.990589731896691
"gene-LOC134707819|LOC134707819",33.8028696113355,-0.0367851795614298,0.105339102013796,0.531914525115585,0.876836729956355
"gene-LOC134707821|LOC134707821",11.1407545542687,-0.010164342661638,0.120186374605682,0.683759654863784,0.92591576456494
"gene-LOC134707823|LOC134707823",13.2477082893896,-0.105631585571152,0.178362399106713,0.0436407641691025,0.435187327380038
"gene-LOC134707824|LOC134707824",23.8241143686073,0.0123554683612276,0.104028962356925,0.824657183026291,0.964172729064096
"gene-LOC134707829|LOC134707829",22.0760583397281,0.146232410268794,0.150892813317673,0.0683647275017385,0.509436262945791
"gene-LOC134707831|LOC134707831",19.5010542002482,-0.0399741395066517,0.119490801521025,0.395752949268119,0.826798590532922
"gene-LOC134707833|LOC134707833",7.04790026020008,0.0285409333170317,0.123454845640929,0.324747060160448,0.795051568786952
"gene-LOC134707834|LOC134707834",471.147291765859,-0.0277706122273003,0.11760265924369,0.521317060937204,0.872434294828764
"gene-LOC134707835|LOC134707835",7.11797367195281,-0.000595532761983759,0.12082739471512,0.971824843866948,0.994125974008958
"gene-LOC134707837|LOC134707837",860.084135133417,-0.0200401818128813,0.116591754931953,0.623327757904209,0.909577334092897
"gene-LOC134707840|LOC134707840",21.7300241442533,0.0534618204194574,0.11834448621789,0.340214030274071,0.80340288344589
"gene-LOC134707842|LOC134707842",28.6586194986907,0.548132695033064,0.204900937700014,0.000374087503080966,0.0407286757291919
"gene-LOC134707849|LOC134707849",80.718098020556,0.000526926543331481,0.10688684875034,0.992997269337532,0.998195510076346
"gene-LOC134707851|LOC134707851",36.7846203236515,-0.0284784149294021,0.097389590502867,0.63837088386591,0.914809132082223
"gene-LOC134707854|LOC134707854",28.1946113254107,-0.0078663268724417,0.103406484231349,0.886708991772913,0.977383609163761
"gene-LOC134707855|LOC134707855",11.4324570604504,0.0291320117951083,0.122018216329904,0.390074513890849,0.82303705168547
"gene-LOC134707858|LOC134707858",13.7388235476049,-0.0245129265212403,0.121604220303364,0.425121986367244,0.835542057474881
"gene-LOC134707861|LOC134707861",67.6204416223658,0.0139283422489971,0.1060613931975,0.79665150989001,0.958626227484349
"gene-LOC134707862|LOC134707862",83.688178850813,-0.0524159747976036,0.0871826551824419,0.406601243158526,0.830389067361385
"gene-LOC134707865|LOC134707865",22.4272949026313,0.0223546579979362,0.118054505159079,0.564613859804735,0.890290188197215
"gene-LOC134707866|LOC134707866",15.2504394552124,-0.0127190790527081,0.113427218394739,0.771582198913313,0.953685276062354
"gene-LOC134707867|LOC134707867",64.5398171603388,0.15876737866986,0.134713895404761,0.0520463123003029,0.467355914648643
"gene-LOC134707872|LOC134707872",9.69448333671646,-0.0140572132267262,0.122791379469206,0.289149966176323,0.770620674980242
"gene-LOC134707874|LOC134707874",42.4838761949251,0.0665363190226682,0.1304900082484,0.212985399731303,0.697812992168934
"gene-LOC134707880|LOC134707880",11.8860876293893,-0.00594778555130201,0.114608826599507,0.881941992028534,0.977383609163761
"gene-LOC134707884|LOC134707884",7.83169952903593,-0.0114432865973349,0.122192569638796,0.436471241634691,0.837018012862708
"gene-LOC134707889|LOC134707889",8.30940321696481,-0.0237788394447769,0.123453007628098,0.300500806280642,0.777603213373659
"gene-LOC134707890|LOC134707890",23.2656846537364,0.104814855359132,0.154627779445287,0.103460605038727,0.581694047398671
"gene-LOC134707902|LOC134707902",18.668948302154,0.0786477052388061,0.155077107556741,0.0377590028304141,0.408639827498952
"gene-LOC134707906|LOC134707906",18.2892066439928,-0.0615194114208025,0.122744029381702,0.278009745869118,0.759238319138791
"gene-LOC134707910|LOC134707910",30.0855392265728,0.0413363793447685,0.104439419959291,0.493750206728139,0.862457269357709
"gene-LOC134707918|LOC134707918",29.3783591004521,-0.0369982078105165,0.109513475256565,0.50932670245889,0.870360484930913
"gene-LOC134707919|LOC134707919",9.55080262946181,-0.00106277517670292,0.118594537682415,0.969373462564616,0.993195931564105
"gene-LOC134707922|LOC134707922",161.023866483759,0.215476418451725,0.0983020540041458,0.00525114138111344,0.172481569312099
"gene-LOC134707925|LOC134707925",8.31822094184165,0.0387745272942621,0.124697340840515,0.295173322704391,0.773306857967351
"gene-LOC134707928|LOC134707928",9.92859671159671,-0.0112432623081513,0.119737989679437,0.681344046627376,0.925098303564025
"gene-LOC134707930|LOC134707930",13.8041070311939,0.00496112232022127,0.117105174796987,0.885662931881145,0.977383609163761
"gene-LOC134707931|LOC134707931",42.0562166442295,0.0314766851389351,0.0983029188917184,0.605882925773532,0.904782101791594
"gene-LOC134707932|LOC134707932",6.97497444870023,0.00276288716737554,0.120838893876802,0.885106644487139,0.977383609163761
"gene-LOC134707933|LOC134707933",40.2055951405333,0.0095507747586146,0.102640002713658,0.86576351970273,0.975432977140626
"gene-LOC134707935|LOC134707935",84.0215036662813,-0.0192913281324326,0.109164168106653,0.705970164907011,0.932988057867254
"gene-LOC134707940|LOC134707940",385.363020322047,0.101793433893056,0.127371305016733,0.148652632174642,0.635874006190423
"gene-LOC134707942|LOC134707942",41.201231170489,0.180643949207106,0.239012216830173,0.0345390165512418,0.391913174170076
"gene-LOC134707944|LOC134707944",11.8086549689216,-0.0184262275451732,0.117234633159276,0.631947395532142,0.912460614354241
"gene-LOC134707945|LOC134707945",1412.01903525227,-0.117957649317124,0.0905389634846052,0.0805028020873079,0.538290611457008
"gene-LOC134707947|LOC134707947",9.33591755691234,-0.0435685170279483,0.122150258125671,0.342306303369497,0.80361501753422
"gene-LOC134707950|LOC134707950",20.5780482084865,-0.010757111648591,0.105601727445935,0.840104544498427,0.965558865799071
"gene-LOC134707951|LOC134707951",6.26086312516512,-0.00783348210292299,0.121721462441829,0.601569208528204,NA
"gene-LOC134707955|LOC134707955",100.203273846592,1.31393574266474,0.200421068876058,2.8720651172405e-12,2.15088956630141e-08
"gene-LOC134707958|LOC134707958",97.9688952808457,1.26821888505848,0.211391244131792,1.00446493948927e-10,3.76121896591757e-07
"gene-LOC134707965|LOC134707965",25.0581823195797,-0.187156572398914,0.172943549903461,0.0371240675374173,0.406347330773939
"gene-LOC134707966|LOC134707966",93.9126785951951,-0.271260646266621,0.244076665839477,0.0161149632455159,0.2792301733889
"gene-LOC134707973|LOC134707973",49.1651871581206,-0.343473713223003,0.169329970508906,0.00311384495500539,0.140479426915876
"gene-LOC134707975|LOC134707975",36.2468092804583,-0.0344763835952174,0.12055742977503,0.407232313925547,0.830998037871505
"gene-LOC134707976|LOC134707976",56.9564575104405,0.00241718693605937,0.095078144020479,0.968424482681548,0.992953306517266
"gene-LOC134707977|LOC134707977",30.8509248835935,0.0156400244490019,0.111572171091948,0.745108927565787,0.947955746149057
"gene-LOC134707979|LOC134707979",262.513523777558,-0.00690638218771116,0.118912121582657,0.80863535805222,0.960505277793567
"gene-LOC134707980|LOC134707980",22.6306674977467,-0.00891601518265702,0.11976220967865,0.73231843778079,0.942319056800237
"gene-LOC134707981|LOC134707981",22.8437342131177,-0.0727157554539935,0.134289659315523,0.182681103689624,0.660284397862781
"gene-LOC134707984|LOC134707984",19.5732449789526,-0.0578861729646607,0.116936940102651,0.325359745656639,0.795051568786952
"gene-LOC134707988|LOC134707988",12.221029813738,0.0543136072570668,0.131640818004471,0.183036117954293,0.660924535853279
"gene-LOC134707996|LOC134707996",35.5052752895791,0.0609638088445652,0.120940288965125,0.29170508972577,0.771434693502643
"gene-LOC134707997|LOC134707997",16.8903498249011,-0.0297057402481312,0.112300586891375,0.562488616980708,0.889818923835977
"gene-LOC134708002|LOC134708002",15.4496259453929,-0.0224675277965869,0.107986644238939,0.674942168834242,0.92387619829345
"gene-LOC134708003|LOC134708003",30.146673450583,0.0415683565590225,0.108464977595459,0.47590288055204,0.854941552142557
"gene-LOC134708005|LOC134708005",44.1958163404219,0.22826040258486,0.199335235951004,0.0232004558737158,0.32476301689394
"gene-LOC134708006|LOC134708006",11.1288814843418,-0.00378241258796283,0.121180879807243,0.820570226978651,0.962292847618592
"gene-LOC134708014|LOC134708014",14.9036636747019,0.0733959295584435,0.135322208832929,0.176376023071321,0.653957193103024
"gene-LOC134708016|LOC134708016",32.2655127914846,-0.0418666835206737,0.123501609222216,0.321290577661471,0.793320106579301
"gene-LOC134708019|LOC134708019",17.083438354411,0.0262155123951424,0.120910774286808,0.446003253141004,0.84176370029561
"gene-LOC134708024|LOC134708024",84.664282250048,-0.00925998291612692,0.0977315100566465,0.874466783895706,0.977383609163761
"gene-LOC134708026|LOC134708026",8.85691622365072,0.0304842448279921,0.122689006605629,0.36202096723533,0.812684588929183
"gene-LOC134708028|LOC134708028",75.312720324166,0.209877112286343,0.105038186414808,0.00848451692359261,0.215085065825199
"gene-LOC134708031|LOC134708031",94.8699393494092,-0.0336311515578657,0.112360486343622,0.519001141052992,0.872022093906266
"gene-LOC134708032|LOC134708032",23.7184617949752,-0.170729407348706,0.277420746254753,0.0253636726142599,0.338519970435751
"gene-LOC134708033|LOC134708033",10.0539064250219,-0.0147822657701584,0.119279532852774,0.631982632354281,0.912460614354241
"gene-LOC134708037|LOC134708037",42.3379231381034,0.0270321920927954,0.108773067923712,0.615579751263595,0.906976815718786
"gene-LOC134708039|LOC134708039",181.9510946975,-0.0532769728711544,0.0713515671591372,0.360899085905473,0.812160928648259
"gene-LOC134708041|LOC134708041",108.66659657516,-0.15398670095787,0.0930321204532886,0.0301038601284057,0.366073481039034
"gene-LOC134708042|LOC134708042",60.2832416325668,0.0258813159874748,0.110597858402692,0.618778768353501,0.907747426106231
"gene-LOC134708049|LOC134708049",175.610984147622,0.290642400759341,0.114102559301803,0.00123295166785227,0.0814730237470326
"gene-LOC134708053|LOC134708053",24.1359669734398,0.00313854613943966,0.10213592681661,0.956122232074833,0.990589731896691
"gene-LOC134708054|LOC134708054",46.6921353755096,0.274362052314046,0.163400437116956,0.00863867284537982,0.216996154917434
"gene-LOC134708056|LOC134708056",12.4878103645293,0.000714824111882255,0.120334203637188,0.975502762612026,0.995479908586306
"gene-LOC134708058|LOC134708058",10.5286101180094,-0.00141795358084166,0.119966861183738,0.949749095798878,0.990589731896691
"gene-LOC134708061|LOC134708061",19.5074811056066,0.0496166817805766,0.124722354672066,0.291164521247305,0.771139824127934
"gene-LOC134708062|LOC134708062",20.3522538148924,0.0940374203519889,0.130474037365968,0.162041916967182,0.644033780933179
"gene-LOC134708063|LOC134708063",132.680774608966,0.0799754499631325,0.0856735230699181,0.216408555723076,0.702312729804183
"gene-LOC134708066|LOC134708066",43.8173618380183,-0.0109114267210601,0.101369884345913,0.847711550317803,0.968198690416884
"gene-LOC134708069|LOC134708069",15.1054881362797,-0.0208556854705269,0.121995261256144,0.417922437885817,0.833797715244198
"gene-LOC134708070|LOC134708070",8.69381480761526,0.0316809842430968,0.119104405256542,0.455588481722563,0.845232489565602
"gene-LOC134708071|LOC134708071",14.4194255073835,0.0210637091645742,0.107384428396296,0.696005720722342,0.929563146928802
"gene-LOC134708073|LOC134708073",20.1806604937823,0.0178306331218091,0.120108464973102,0.556456078222517,0.888239065496483
"gene-LOC134708078|LOC134708078",19.4826184914828,0.039384032135681,0.109054166026454,0.492266767616986,0.862457269357709
"gene-LOC134708083|LOC134708083",24.6042353919601,0.04878486757195,0.111127724939091,0.407986334957145,0.83157243723634
"gene-LOC134708088|LOC134708088",64.2340153643906,-0.00445720811728426,0.0962506268025684,0.939321281198987,0.987436577760504
"gene-LOC134708095|LOC134708095",26.1481374493961,0.0351154761772048,0.109949837218077,0.526970711727718,0.87559280413096
"gene-LOC134708096|LOC134708096",7.23576599722292,0.0098696484121969,0.120644193646408,0.666633182632243,0.921742651670224
"gene-LOC134708098|LOC134708098",30.6638731626987,-0.197336803741355,0.276059634726454,0.0274539730817163,0.348479329506735
"gene-LOC134708106|LOC134708106",8.4221449060042,-0.0034934060067522,0.115673702062258,0.930669925723033,0.986765437284343
"gene-LOC134708108|LOC134708108",20.2797882494125,-0.0173724279002686,0.112055664303603,0.713925922854544,0.934882188539549
"gene-LOC134708111|LOC134708111",18.459450917128,0.0763928224392745,0.143593843409947,0.121191555552809,0.608970421657898
"gene-LOC134708113|LOC134708113",8.38190401884783,-0.00834362504351802,0.12156685718778,0.614930897156964,0.906968686182044
"gene-LOC134708120|LOC134708120",172.004185591033,0.0270510557593641,0.0865586982548996,0.66137275645735,0.921020070184032
"gene-LOC134708130|LOC134708130",11.3153626591894,-0.0280063327711287,0.113171482667931,0.572371798776579,0.892996491374277
"gene-LOC134708132|LOC134708132",42.0436080334896,-0.010612752745778,0.0957952567241095,0.858584468228042,0.973053735254208
"gene-LOC134708133|LOC134708133",16.2936228722584,-9.83133296265768e-05,0.109523824027907,0.997656446477241,0.999391269083475
"gene-LOC134708137|LOC134708137",61.5777028642174,0.0289181307070559,0.0984425537041351,0.63331891875259,0.912460614354241
"gene-LOC134708139|LOC134708139",25.9258990165675,0.130418931315461,0.162797956122124,0.0791498571808201,0.533059744882473
"gene-LOC134708141|LOC134708141",21.960087496336,-0.0222783917727723,0.105026880384949,0.690345500771463,0.928427042863215
"gene-LOC134708142|LOC134708142",61.0894475908671,-0.0177920830204411,0.0913852807806641,0.770660335116034,0.953685276062354
"gene-LOC134708144|LOC134708144",83.4775906213092,0.12012219835634,0.124904062712597,0.106315036276545,0.588900374759651
"gene-LOC134708145|LOC134708145",10.4888748017775,-0.00652834900102496,0.120128708097331,0.781130543683635,0.95532347263728
"gene-LOC134708146|LOC134708146",757.197244528399,-0.0311063523823011,0.126634763236549,0.113699579452867,0.597960779861322
"gene-LOC134708149|LOC134708149",13.8489994270762,0.0346589694460649,0.125886897963038,0.228447749536506,0.712852165116207
"gene-LOC134708151|LOC134708151",17.8630469699957,0.0147474072665028,0.112011201955669,0.754418467621766,0.949383119158366
"gene-LOC134708154|LOC134708154",77.4109342694438,0.032243236732331,0.112297853643468,0.537141229489577,0.877546699876996
"gene-LOC134708162|LOC134708162",37.7020208458973,-0.0427610267461959,0.0946347029305606,0.496421094888618,0.863604931815246
"gene-LOC134708163|LOC134708163",15.7679008867966,0.0576739914337334,0.12601131696994,0.261966629415826,0.743413447402471
"gene-LOC134708164|LOC134708164",30.451502806193,-0.0031746455695463,0.115121139450869,0.931425407419284,0.986765437284343
"gene-LOC134708167|LOC134708167",40.2542790698062,0.0184261473745072,0.103738431086519,0.744463937161468,0.947677704065547
"gene-LOC134708172|LOC134708172",913.349453220403,-0.187461402526,0.261733276907825,0.0302463065915913,0.367122512260012
"gene-LOC134708174|LOC134708174",10.156674020543,0.0430396287985028,0.129931590652334,0.134068735704653,0.622854070528627
"gene-LOC134708178|LOC134708178",10.7009210593647,-0.0399908924448746,0.122891944846374,0.336984260887875,0.802058261976077
"gene-LOC134708180|LOC134708180",12.057122007123,0.0493612021933984,0.133312579776506,0.0976138585444878,0.57769829291262
"gene-LOC134708186|LOC134708186",54.0453650307106,-0.00447100274689618,0.121586641164009,0.746551749533302,0.947986108770842
"gene-LOC134708187|LOC134708187",17.6677914288347,0.0363866512322113,0.1222132935708,0.361970960335197,0.812684588929183
"gene-LOC134708188|LOC134708188",43.5477370104402,0.0925389538667681,0.158124482088973,0.0811934234038265,0.539169244759437
"gene-LOC134708195|LOC134708195",25.5392970472885,-0.0151975721991546,0.119984246480917,0.597198680389447,0.903304056912138
"gene-LOC134708207|LOC134708207",73.5799109665698,-0.264428754716487,0.237156386837282,0.0168989556194718,0.289602468270536
"gene-LOC134708214|LOC134708214",7.26061308130979,-0.0456395487919337,0.131105816282187,0.122464368131804,0.609430220731347
"gene-LOC134708219|LOC134708219",9.77499197545762,0.0403532176751907,0.12472373010073,0.2961793118108,0.773548471455307
"gene-LOC134708220|LOC134708220",73.2601178111353,0.0494866893203507,0.100048998686245,0.433377188124255,0.8360891578941
"gene-LOC134708229|LOC134708229",14.9581838330343,-0.0430657912261273,0.129281695201134,0.159337018059669,0.641731615768171
"gene-LOC134708233|LOC134708233",31.4601516443224,0.011702395665527,0.110273466252908,0.810252358469795,0.960505277793567
"gene-LOC134708234|LOC134708234",51.2458516638013,0.0799463757398033,0.111187369711777,0.234290926955122,0.716057146239723
"gene-LOC134708235|LOC134708235",326.645202078591,0.0967283852456456,0.138289404004998,0.141876659365472,0.627800960618705
"gene-LOC134708244|LOC134708244",22.8554685941713,0.00213086129406012,0.107458598986989,0.967764921983523,0.992550187342434
"gene-LOC134708250|LOC134708250",31.891128386268,0.0427203386737734,0.112035124317603,0.446808472103967,0.842275386998885
"gene-LOC134708253|LOC134708253",13.7721603032156,0.00382618387222061,0.119064171182568,0.891063680957536,0.978832378370933
"gene-LOC134708254|LOC134708254",195.665116890727,-0.0141882266332017,0.0974747415758028,0.809356023453826,0.960505277793567
"gene-LOC134708255|LOC134708255",43.0937560637708,-0.0729363098621014,0.145397133229704,0.090209170191335,0.564164661807992
"gene-LOC134708256|LOC134708256",55.5381546848591,0.0102036041125815,0.0875978230264041,0.868889474582586,0.975747205157066
"gene-LOC134708257|LOC134708257",188.571357796774,-0.0569958477110834,0.0981511715543209,0.3748694639875,0.820038855990219
"gene-LOC134708267|LOC134708267",9.38316204459539,-0.0106554843504962,0.12023566013545,0.670271156653829,0.922711307465918
"gene-LOC134708268|LOC134708268",9.86956988567392,0.0156617419293073,0.116469600721282,0.687888176622703,0.927880863603642
"gene-LOC134708269|LOC134708269",25.2436516415274,-0.196952977043056,0.30494475065716,0.0239631427840378,0.32941905770263
"gene-LOC134708277|LOC134708277",93.6609095044163,0.138694470529154,0.15066302613101,0.0764874972852982,0.528892110491203
"gene-LOC134708285|LOC134708285",39.8753879693847,0.0207894560115676,0.0995567246955628,0.729788780907156,0.941275691470766
"gene-LOC134708286|LOC134708286",24.6815823382281,-0.0731128110868109,0.142110503195348,0.121977017262683,0.608970421657898
"gene-LOC134708291|LOC134708291",137.174056614604,-0.0650501028669874,0.0945323654657632,0.317337961271501,0.790116175262902
"gene-LOC134708294|LOC134708294",15.8815790876918,0.126767090432201,0.199909130663184,0.0433270726896219,0.434372754180159
"gene-LOC134708310|LOC134708310",69.6088385611674,0.0567183247422188,0.095446360875118,0.376912222501552,0.820038855990219
"gene-LOC134708321|LOC134708321",20.873760010285,-0.02228471705187,0.119432412772634,0.526398071325274,0.875071066849052
"gene-LOC134708322|LOC134708322",12.6668437376844,-0.00235949658109591,0.112880590270656,0.954663463545301,0.990589731896691
"gene-LOC134708327|LOC134708327",25.7846335416455,0.0333606983521288,0.103940596284846,0.571675028910206,0.892514888984445
"gene-LOC134708328|LOC134708328",24.0059289249686,-0.0876612995686553,0.130163069574505,0.177246233866575,0.654602506641404
"gene-LOC134708331|LOC134708331",8.45598187925509,0.0672366227378776,0.134434069091062,0.17927754225524,0.656853969642611
"gene-LOC134708334|LOC134708334",9.06274551935155,0.00404740795019728,0.119682415532224,0.873282955140632,0.977383609163761
"gene-LOC134708338|LOC134708338",18.8569429286633,0.00924361536111101,0.115754183895963,0.809798659205409,0.960505277793567
"gene-LOC134708339|LOC134708339",12.6755154130958,-0.0552957772136755,0.132714202598218,0.166208440521406,0.64634592229987
"gene-LOC134708343|LOC134708343",97.66571833286,0.0771040975814627,0.123756902720678,0.219838271677616,0.707264061779253
"gene-LOC134708344|LOC134708344",144.683640315041,-0.033126631217158,0.114424128363579,0.507541256924598,0.869006636479791
"gene-LOC134708346|LOC134708346",15.0092374312779,-0.021990674724404,0.121596669012636,0.437619873434781,0.837229360357006
"gene-LOC134708348|LOC134708348",51.959237896336,-0.0206934862896093,0.0953136705383257,0.732608604025056,0.942319056800237
"gene-LOC134708353|LOC134708353",970.396729513342,0.128498338339953,0.13781962163921,0.0928264256967633,0.568072848299734
"gene-LOC134708355|LOC134708355",15.9323450133398,-0.0514488170072628,0.131570306953122,0.166263231252765,0.64634592229987
"gene-LOC134708357|LOC134708357",18.3356420365393,0.025811362366846,0.111984228272974,0.607046215822149,0.905025861593536
"gene-LOC134708360|LOC134708360",126.411804771735,0.0591768212665049,0.113403897132679,0.333117598890933,0.800033789297176
"gene-LOC134708361|LOC134708361",7.90446335463086,-0.0302941492707422,0.1261427982049,0.140792319493794,0.627557821356636
"gene-LOC134708366|LOC134708366",13.1038385054593,0.0330154375115459,0.126051761452284,0.198194583079871,0.678961187756122
"gene-LOC134708372|LOC134708372",9.34962618172335,-0.0246153480352566,0.121732745828868,0.421708456327096,0.835495933712598
"gene-LOC134708373|LOC134708373",13.2558450373983,-0.00432028393765094,0.121841918576413,0.707646111029065,0.933801459760888
"gene-LOC134708374|LOC134708374",14.9593065228086,0.020779342101202,0.116235821904429,0.618801245775891,0.907747426106231
"gene-LOC134708375|LOC134708375",8.98000855152674,-0.00760310274577241,0.120558673675191,0.729081261875918,0.941275691470766
"gene-LOC134708376|LOC134708376",680.898473500335,0.0500399483245682,0.0763719580444571,0.410030208838439,0.831856384439449
"gene-LOC134708378|LOC134708378",7.50916147069537,-0.0140935268925915,0.12300992558642,0.215050516618503,0.700182501805322
"gene-LOC134708379|LOC134708379",36.4865914057287,-0.145002912260216,0.271352842372168,0.0104276716303792,0.233237211392291
"gene-LOC134708381|LOC134708381",12.094047587037,0.0105058230104775,0.117828877013681,0.754946258211156,0.94948663337116
"gene-LOC134708383|LOC134708383",9.28661228777927,1.61422210870537,0.73198541445704,0.000723085730513194,0.0608448206271158
"gene-LOC134708392|LOC134708392",47.3811797462129,0.0247755746261675,0.0960652238197994,0.684442299452097,0.926184631577378
"gene-LOC134708396|LOC134708396",6.82953996739498,-0.122667555705241,0.237434601821666,0.00116634997983768,0.0794072272636764
"gene-LOC134708397|LOC134708397",44.7415614607488,0.0359509975274332,0.127896755803533,0.124650095406349,0.610633401063977
"gene-LOC134708398|LOC134708398",14.4707698170657,0.0147503096783307,0.119256986881304,0.635661440397814,0.912781429371793
"gene-LOC134708400|LOC134708400",17.4677880687065,-0.0225061988736718,0.123117425879365,0.324564533980361,0.795051568786952
"gene-LOC134708401|LOC134708401",14.2662126121407,-0.00910131849194755,0.117407186490874,0.788631271771226,0.956384665187901
"gene-LOC134708404|LOC134708404",29.500080038998,-0.0356018373012182,0.120167260526596,0.409219033504516,0.831856384439449
"gene-LOC134708405|LOC134708405",278.020386423995,0.113918135259428,0.160139333109056,0.0920279439799988,0.566334196927425
"gene-LOC134708413|LOC134708413",8.30547370221654,-0.0220043396734414,0.12369346835401,0.252044086809234,0.730479166452922
"gene-LOC134708420|LOC134708420",13.0445696213741,-0.059262482473075,0.122305141241639,0.287035802846622,0.768483236746561
"gene-LOC134708428|LOC134708428",29.1525405562607,0.0069938802501366,0.119027502750518,0.807341533804033,0.960505277793567
"gene-LOC134708430|LOC134708430",17.4284093781776,-0.0187495532381141,0.121530296484863,0.464061425572486,0.848659322959597
"gene-LOC134708433|LOC134708433",41.7212200068756,0.00923814627017335,0.11276441145469,0.836698725311866,0.965558865799071
"gene-LOC134708443|LOC134708443",55.2457012585817,-0.00752141373539689,0.109218345260277,0.877981828965589,0.977383609163761
"gene-LOC134708455|LOC134708455",13.5970633254739,-0.00929342834532876,0.110373813568802,0.843656997224184,0.966613035218243
"gene-LOC134708456|LOC134708456",7.30306565972797,-0.00364346739867829,0.119553273220114,0.885294589249671,0.977383609163761
"gene-LOC134708458|LOC134708458",97.1522804433327,0.0663283401994401,0.118115447790782,0.28121040053575,0.762459166226361
"gene-LOC134708460|LOC134708460",20.7244730306987,-0.00449761774715788,0.109619397641028,0.925897833589881,0.985177432859168
"gene-LOC134708463|LOC134708463",183.117980808521,-0.206748604700774,0.16570122269923,0.0265717765731697,0.344880476181054
"gene-LOC134708465|LOC134708465",74.3316939421442,0.0476311390076593,0.0956584095620971,0.45240053449649,0.844734225721323
"gene-LOC134708467|LOC134708467",154.684575230768,0.268307314867426,0.273468490198141,0.0173106584724615,0.291949171218019
"gene-LOC134708469|LOC134708469",213.255995261783,-0.0951131813364927,0.142999220846504,0.133593933068043,0.621419232761849
"gene-LOC134708486|LOC134708486",7.75966830918054,0.00608008554836875,0.11351693371587,0.887452840453345,0.977383609163761
"gene-LOC134708490|LOC134708490",48.2789610333261,-0.0911422241714982,0.131496092660677,0.16696465667266,0.646528965928963
"gene-LOC134708492|LOC134708492",43.3600406449565,-0.0849228169504839,0.149797530926896,0.103445967851097,0.581694047398671
"gene-LOC134708497|LOC134708497",84.103739704723,0.118118754391668,0.104639306127279,0.0998818762098291,0.579631212729381
"gene-LOC134708499|LOC134708499",25.8435020712391,0.0240557382824857,0.11978747838084,0.500628921167362,0.864973633836395
"gene-LOC134708500|LOC134708500",150.434220994896,-0.0405063682247493,0.0969466268575829,0.514956406425414,0.871527350897159
"gene-LOC134708504|LOC134708504",500.556126243009,0.092014437879297,0.102992635423237,0.189479729818283,0.666686889874754
"gene-LOC134708505|LOC134708505",22.9931442307245,-0.0152044012795955,0.11651359360097,0.692565097301118,0.928911561572093
"gene-LOC134708506|LOC134708506",8.19239678393517,-0.0252924645021216,0.115954650718169,0.566985492896548,0.89111319124916
"gene-LOC134708510|LOC134708510",49.3529709594428,0.0737577129288751,0.102151802713885,0.267865251049092,0.747070237493227
"gene-LOC134708512|LOC134708512",32.8738093273954,-0.00962970079194036,0.112789083527812,0.830170985941434,0.964946533247773
"gene-LOC134708514|LOC134708514",339.236314804511,0.11762739478367,0.0951066646393047,0.0906249283155314,0.564164661807992
"gene-LOC134708516|LOC134708516",121.40982008591,0.0441299892491665,0.0925477771517965,0.487355175200082,0.859991259913623
"gene-LOC134708518|LOC134708518",29.4407239619047,0.081870686552462,0.129390897691956,0.193302075104076,0.670203352062234
"gene-LOC134708525|LOC134708525",19.9904820905316,0.0660257919589262,0.124538291514712,0.253856841225476,0.731768238621088
"gene-LOC134708526|LOC134708526",10.0015355089338,-0.0512412865127659,0.123511278485733,0.300960342009222,0.777898121048582
"gene-LOC134708529|LOC134708529",23.2700847106348,0.0270012136476145,0.10941195704894,0.613488900564008,0.90644068581297
"gene-LOC134708530|LOC134708530",8.33907321478561,-0.00918870920220695,0.117435359030866,0.787187340570897,0.956384665187901
"gene-LOC134708531|LOC134708531",18.5363080505583,0.0559753776952385,0.117964077493055,0.328413536773017,0.795874387010631
"gene-LOC134708533|LOC134708533",21.1993097003072,0.0705613669391163,0.141352290000434,0.121447704832314,0.608970421657898
"gene-LOC134708535|LOC134708535",8.42654981078717,-0.0549713685094035,0.138063290776832,0.0417414584461808,0.427164774476395
"gene-LOC134708550|LOC134708550",11.0610278492033,-0.0014905740112654,0.115791324844476,0.967154291942121,0.992550187342434
"gene-LOC134708551|LOC134708551",322.703701950132,0.476469578240494,0.204758703968337,0.00103187246955515,0.0750261448980436
"gene-LOC134708554|LOC134708554",6.93885282448442,-0.00830084473100958,0.121075845409067,0.67114889965995,0.922993778437238
"gene-LOC134708561|LOC134708561",43.0926516638117,0.226015438244587,0.195585709084817,0.0230826607482803,0.324326540982873
"gene-LOC134708566|LOC134708566",20.2821707322894,-0.0702132770521015,0.139045322627945,0.142332982427847,0.627978786874401
"gene-LOC134708567|LOC134708567",17.9245973186673,0.0166404211239317,0.122629449884531,0.357171115544866,0.811592466382447
"gene-LOC134708568|LOC134708568",9.82518674282079,0.0247321251393158,0.121835560903387,0.414966912426713,0.83191669821499
"gene-LOC134708581|LOC134708581",8.81993054885278,-0.0151655340850794,0.123161199782461,0.198097945091701,0.678961187756122
"gene-LOC134708584|LOC134708584",50.1712016688968,0.0495623054563447,0.11079865499571,0.405087184778957,0.828879214975303
"gene-LOC134708586|LOC134708586",159.237450844728,0.0710148025512703,0.125644615443535,0.235538122641807,0.716934810635982
"gene-LOC134708598|LOC134708598",14.8318003747225,0.000550433427197179,0.119604153224376,0.984253413879908,0.99595232498375
"gene-LOC134708608|LOC134708608",87.4318325500241,-0.0963504053783893,0.187669282137653,0.000164698192442258,0.0246684952640014
"gene-LOC134708630|LOC134708630",17.9139436589379,6.10235169267991e-05,0.121266603321956,0.999755866032293,0.999833431067979
"gene-LOC134708668|LOC134708668",23.0244852193318,-0.00649961810637879,0.121356815259333,0.696593795621801,0.929563146928802
"gene-LOC134708682|LOC134708682",51.6835260630188,0.00721367938882669,0.120426102358528,0.752098467650198,0.949345259435755
"gene-LOC134708714|LOC134708714",22.306149641775,0.0409164239551816,0.131307395374942,0.0308424965902102,0.371349609267017
"gene-LOC134709035|LOC134709035",12.1793773706602,0.42429009039253,0.288882347296681,0.0057039919662743,0.178733036968319
"gene-LOC134709193|LOC134709193",17.3976634108966,-0.0472132984619009,0.132245761650855,0.102706288450897,0.581260925074265
"gene-LOC134709213|LOC134709213",8.90824984044822,0.0199612158799987,0.120776111230607,0.499635449146686,0.864549417435196
"gene-LOC134709225|LOC134709225",43.877163482771,-0.00645302479714321,0.122031463121396,0.561304911293819,0.889682103981488
"gene-LOC134709237|LOC134709237",594.693357098296,-0.0253594891895061,0.124779448400954,0.171745437639841,0.652148082884002
"gene-LOC134709265|LOC134709265",20.5148786919094,0.0313352432579872,0.124070751722263,0.300321010041891,0.777429673074222
"gene-LOC134709269|LOC134709269",9.19179380063849,0.00413527079016475,0.121091788531422,0.816826723205175,0.961372832010617
"gene-LOC134709329|LOC134709329",21.5506727539899,-0.00117903057697791,0.122040044234289,0.875007477033927,0.977383609163761
"gene-LOC134709366|LOC134709366",30.030225670276,-0.0170609564307983,0.122699964129746,0.344070838008016,0.806123024016664
"gene-LOC134709435|LOC134709435",34.8587811926684,0.00180411322534061,0.12206816305872,0.0255448802662931,0.338519970435751
"gene-LOC134709465|LOC134709465",8.41708554156872,-0.00775528079870291,0.121971395678664,0.54633887203826,0.882746885155238
"gene-LOC134709471|LOC134709471",16.7265051792698,-0.0207614166667341,0.122540198123808,0.373299009003172,0.820038855990219
"gene-LOC134709515|LOC134709515",29.3312189078241,-0.0413585234244708,0.121138911826384,0.365982597219585,0.812684588929183
"gene-LOC134709535|LOC134709535",62.4972070465532,0.00548810214686435,0.121479362980472,0.11957250177881,0.608754905385119
"gene-LOC134709591|LOC134709591",55.7387269375112,0.0222551684497075,0.115800505755818,0.607324209232927,0.905124577700575
"gene-LOC134709602|LOC134709602",603.642803576749,4.31628919870952e-05,0.119643193368685,0.997339393400097,0.999391269083475
"gene-LOC134709633|LOC134709633",11.1914018415926,0.0149673408300342,0.120368929005635,0.584663808214901,0.89927033471378
"gene-LOC134709690|LOC134709690",9.45939364961924,-0.041289890426169,0.130315134357106,0.0864639367331531,0.55439077242687
"gene-LOC134709711|LOC134709711",6.47927646705457,-0.000159981066068032,0.121340306184398,0.989314461828328,NA
"gene-LOC134709725|LOC134709725",12.3431959179738,-0.0201875026149634,0.122628274148832,0.365582128213674,0.812684588929183
"gene-LOC134709738|LOC134709738",1065.61755967563,-0.0859808945090236,0.159979001754463,0.0489941127688285,0.458073546224415
"gene-LOC134709749|LOC134709749",27.757049100086,-0.0323537781725202,0.125415956944358,0.230041626517624,0.714623063583092
"gene-LOC134709776|LOC134709776",148.137992902284,0.00956811992979092,0.113005189500989,0.829965532400963,0.964892896096873
"gene-LOC134709790|LOC134709790",12.3699771290589,0.0404092055349266,0.128517742953511,0.161595895946048,0.643034890935151
"gene-LOC134709806|LOC134709806",205.46007408228,-0.0671002450500252,0.133143613392819,0.190519548319043,0.666838093415225
"gene-LOC134709812|LOC134709812",9.94392126948646,-0.0265633932540884,0.125313096096113,0.137758542213461,0.624139845752057
"gene-LOC134709813|LOC134709813",24.6193602691144,-1.06494589529893,0.560380128001095,0.00146045698111882,0.0861209632409358
"gene-LOC134709824|LOC134709824",44.4353244742377,-0.00564890003186154,0.118581912480093,0.846705982179446,0.968198690416884
"gene-LOC134709888|LOC134709888",37.1753439579036,0.0418252171608427,0.106889250380669,0.481223423424908,0.856650928585217
"gene-LOC134709897|LOC134709897",4.89981214665588,-0.00480281965458977,0.121395928125535,0.758840437459269,NA
"gene-LOC134709918|LOC134709918",112.476313582686,0.475933809593277,0.188607083451754,0.000640469828935572,0.0570386093765688
"gene-LOC134709949|LOC134709949",71.2710543510413,0.000404963259374523,0.0971207685463513,0.995409365679641,0.998538618272986
"gene-LOC134709951|LOC134709951",12.7954450864023,0.0777228088615067,0.143366433273412,0.127299757968874,0.61545269639549
"gene-LOC134709958|LOC134709958",35.7870808955329,-0.088484344328679,0.146860469517035,0.122685849633023,0.609684358262578
"gene-LOC134709962|LOC134709962",12.9973378847974,-0.014361573687477,0.118474993150183,0.664959062767319,0.921517102343534
"gene-LOC134709964|LOC134709964",21.7032000667485,0.0100863158832644,0.10346045619406,0.85648159478181,0.972421083092979
"gene-LOC134709968|LOC134709968",65.6472866736372,0.191570651976993,0.11404593741082,0.0185760975690765,0.299819816152616
"gene-LOC134709974|LOC134709974",15.3741841288241,-0.0137388985251757,0.116617625992386,0.716037181719005,0.935683555032914
"gene-LOC134709976|LOC134709976",10.8143320827784,-0.0149823520632765,0.120661359275689,0.564108460005357,0.889818923835977
"gene-LOC134709977|LOC134709977",3670.51002395643,0.136097991415937,0.10208434038216,0.0616913132114593,0.491496004936828
"gene-LOC134709978|LOC134709978",12.6121428067401,0.0302991870713864,0.111963389655909,0.559655877125864,0.889228581152934
"gene-LOC134709980|LOC134709980",8.36181088873707,0.00960043512008872,0.12095393354821,0.650723533150281,0.918046712290982
"gene-LOC134709982|LOC134709982",28.0232357202544,0.0171186451324182,0.117167724561174,0.655691549444105,0.918972538520344
"gene-LOC134709986|LOC134709986",10.6758009309552,-0.00432049727052397,0.119715116955376,0.860580821471163,0.973548303927121
"gene-LOC134709989|LOC134709989",9.71873678748305,-0.0415965324831689,0.125428550318024,0.276836889066193,0.759147368076425
"gene-LOC134709992|LOC134709992",15.8217675070727,0.0774180267518374,0.130738637015474,0.198376828893423,0.678961187756122
"gene-LOC134709997|LOC134709997",11.2892252190683,0.0163869593840395,0.121360362083012,0.501268383463071,0.864976710542613
"gene-LOC134709998|LOC134709998",36.6414465591131,0.0241565372659084,0.119198204517928,0.506570077480813,0.868124327289201
"gene-LOC134710009|LOC134710009",43.317091715265,0.146115136201696,0.132209356733266,0.0667327767644594,0.503085131759915
"gene-LOC134710011|LOC134710011",12.8947769001147,-0.0352846173590293,0.126586800370286,0.193909322152676,0.671686824052445
"gene-LOC134710014|LOC134710014",34.7997712554569,0.00855698536477447,0.111800082542971,0.855648210758664,0.972085825008297
"gene-LOC134710018|LOC134710018",32.428956477531,0.0549283534421731,0.10706184013722,0.378548663233066,0.820535727627333
"gene-LOC134710019|LOC134710019",9.44372027371626,0.025038249859137,0.121422785589375,0.433681252249604,0.836209808984883
"gene-LOC134710023|LOC134710023",8.88665558810999,-0.00370843470425778,0.121764973802667,0.756878011984957,0.94961625594829
"gene-LOC134710024|LOC134710024",18.0562769824316,0.00278689019028779,0.120714772611274,0.889476750907037,0.978177856383876
"gene-LOC134710027|LOC134710027",14.806660243737,0.0146854925049632,0.119742420025796,0.618902170877075,0.907747426106231
"gene-LOC134710030|LOC134710030",9.86222679493828,0.0125481757389312,0.120713921559392,0.606150956771658,0.904782101791594
"gene-LOC134710032|LOC134710032",60.4796531699103,-0.149356806563922,0.204774600573934,0.0480727529627375,0.454917411390098
"gene-LOC134710040|LOC134710040",105.701012579807,0.128223376267585,0.140639296874052,0.091358816302977,0.565056999508797
"gene-LOC134710048|LOC134710048",190.558551801904,0.261024369445044,0.184821631633795,0.0137064574002747,0.259211261289538
"gene-LOC134710049|LOC134710049",12.8005219677118,-0.0377189885855231,0.1177631476392,0.430523398018912,0.835955157836452
"gene-LOC134710063|LOC134710063",37.4206126479077,-0.0251117006610421,0.098296543900474,0.674290748112012,0.92387619829345
"gene-LOC134710077|LOC134710077",11.31988984986,0.0653333686378954,0.132364100713161,0.199058039886738,0.679774583087906
"gene-LOC134710081|LOC134710081",30.772688481096,-0.0344044008244866,0.116292449118604,0.475721664291034,0.854941552142557
"gene-LOC134710086|LOC134710086",22.8095357929917,-0.0258170917604502,0.118639363227605,0.512291345486544,0.871527350897159
"gene-LOC134710089|LOC134710089",350.386316964677,0.181504028694055,0.109700008517156,0.0216643687711007,0.315650695966485
"gene-LOC134710092|LOC134710092",68.1207816061578,-0.059440778196346,0.102203929701677,0.349247949020741,0.80898857511247
"gene-LOC134710096|LOC134710096",33.1983114671442,-0.0717497753554653,0.140772665738621,0.130613339336219,0.61938296577829
"gene-LOC134710097|LOC134710097",17.7129710072039,0.0393037374120771,0.114969697216243,0.00393495715188539,0.164703788989884
"gene-LOC134710102|LOC134710102",8.80192611729847,-0.0206425511588645,0.123178175996537,0.304606160085541,0.780963893488742
"gene-LOC134710107|LOC134710107",49.4643331790409,0.0928550000979816,0.140725423454025,0.141411260136262,0.627557821356636
"gene-LOC134710113|LOC134710113",20.925625485211,0.0266167060326014,0.118503721516653,0.509760234537689,0.870603055063341
"gene-LOC134710115|LOC134710115",241.574922284445,-0.0304134313366901,0.115918825740546,0.514447959669478,0.871527350897159
"gene-LOC134710116|LOC134710116",5.63064910625004,0.00781859718173396,0.121781010270293,0.595149900079805,NA
"gene-LOC134710117|LOC134710117",7.71572265918831,0.0208735448985785,0.122407324939946,0.389459077552739,0.82303705168547
"gene-LOC134710119|LOC134710119",14.5821676210011,0.0265919736029019,0.117889089750315,0.521012517471408,0.872288073967598
"gene-LOC134710123|LOC134710123",12.4451518765036,0.0355271285737253,0.120861391721441,0.396377044855477,0.826798590532922
"gene-LOC134710128|LOC134710128",10.4113737289062,-0.0861907741235407,0.156031602094534,0.0703941421037615,0.515329159545523
"gene-LOC134710131|LOC134710131",88.5183330924722,0.0109307014076163,0.109359478062397,0.826476391022731,0.964172729064096
"gene-LOC134710132|LOC134710132",34.8345414070516,0.0444508425705745,0.105868645860364,0.461533507132819,0.848659322959597
"gene-LOC134710137|LOC134710137",7.25684530746963,-0.0137425490411206,0.121883731802986,0.473677761480084,0.854081344947249
"gene-LOC134710144|LOC134710144",9.94875704986668,0.030591260449238,0.121824393006154,0.392908784487609,0.825170088875084
"gene-LOC134710147|LOC134710147",141.181554215332,0.133638438819865,0.11994958508063,0.0797604837943926,0.535908898480258
"gene-LOC134710151|LOC134710151",28.6109103890543,0.0289599895959511,0.118277697683459,0.49404974798415,0.862457269357709
"gene-LOC134710153|LOC134710153",11.0932466548703,0.0101307878608881,0.108985346463315,0.840470675362648,0.965558865799071
"gene-LOC134710155|LOC134710155",24.7499609882509,-0.0139259835996384,0.11399923426996,0.747030109828144,0.947986108770842
"gene-LOC134710158|LOC134710158",10.0421789040525,0.0398196313853964,0.126472487789339,0.240075842814844,0.72032371267643
"gene-LOC134710161|LOC134710161",13.1665416608102,0.065787079387752,0.132751360168246,0.19684247600262,0.676838063720672
"gene-LOC134710169|LOC134710169",125.572561977923,0.118438707022903,0.115694758921201,0.107405304045441,0.591192170056114
"gene-LOC134710170|LOC134710170",44.1274913728304,0.0675945345669346,0.115219070678979,0.284480518407168,0.765531657330681
"gene-LOC134710171|LOC134710171",6.87707079647275,-0.0154594809177825,0.122227995683567,0.414559350225809,0.831856384439449
"gene-LOC134710172|LOC134710172",34.9361100027065,0.0322063134397775,0.124362020097348,0.290578501147895,0.771139824127934
"gene-LOC134710174|LOC134710174",10.9539463775822,-0.0087319861438296,0.117324429995972,0.798553395053184,0.958777657383338
"gene-LOC134710175|LOC134710175",177.548754521214,0.089178503801516,0.0940760752231076,0.179894088829359,0.658249050852827
"gene-LOC134710179|LOC134710179",53.915457772349,-0.00730258636368318,0.107491042736002,0.88647972534847,0.977383609163761
"gene-LOC134710182|LOC134710182",19.5864004934155,0.558840830187918,0.607936287400325,0.00643559176323443,0.186809210711039
"gene-LOC134710190|LOC134710190",18.3905444760259,0.00832568637923411,0.121289556074305,0.653472279622571,0.918176742506482
"gene-LOC134710191|LOC134710191",6.99356335318815,-0.0120483935151923,0.121045679176919,0.586856153492509,0.900771758870919
"gene-LOC134710194|LOC134710194",29.1472686425559,0.137478743768781,0.143746776231876,0.0786652497524644,0.533059744882473
"gene-LOC134710196|LOC134710196",51.3729863252494,-0.0388435447184181,0.100105785177963,0.52612423070764,0.875012181742622
"gene-LOC134710201|LOC134710201",21.3551416972006,0.0316815948213069,0.108321244024962,0.570092517603301,0.892514888984445
"gene-LOC134710202|LOC134710202",10.7329193738637,0.0170305684818501,0.11676266916605,0.659145211613172,0.920550275346482
"gene-LOC134710209|LOC134710209",9.85991409758214,0.0115307454575787,0.11062622852392,0.811904920942298,0.960505277793567
"gene-LOC134710210|LOC134710210",11.6299055843552,-0.0651951387273149,0.138830122522657,0.123036719529005,0.61021324010114
"gene-LOC134710213|LOC134710213",12.9826564489016,-0.0042176068273272,0.109333386326517,0.931039178285138,0.986765437284343
"gene-LOC134710215|LOC134710215",107.808904721137,0.30433711648785,0.123929459044698,0.0014219737665598,0.0851706852038094
"gene-LOC134710218|LOC134710218",12.9989323065791,-0.0173536676977391,0.114854016156733,0.683669660235542,0.92591576456494
"gene-LOC134710219|LOC134710219",16.196168091985,0.00781594042898942,0.120899972314479,0.703876232423758,0.932450901460609
"gene-LOC134710221|LOC134710221",23.0806537647513,0.0657047503280038,0.122135061600395,0.265920840649309,0.746691104322517
"gene-LOC134710225|LOC134710225",82.1369252605612,0.0244504199857394,0.104930124997587,0.666492708202469,0.921742651670224
"gene-LOC134710226|LOC134710226",249.583812202781,0.558055430953144,0.187656952411522,0.00015413789927947,0.0240487234938322
"gene-LOC134710227|LOC134710227",417.102337823958,0.0745001917788511,0.0969476209907595,0.261540968013877,0.742768414659055
"gene-LOC134710228|LOC134710228",32.5073621763309,-0.0482810376945684,0.121914334617774,0.329086001065491,0.796158115186682
"gene-LOC134710237|LOC134710237",18.3062137867386,0.0127877849198233,0.116181796240527,0.740212524798114,0.945457375552541
"gene-LOC134710239|LOC134710239",8.23381426669341,0.000620915310716595,0.119650595821301,0.981408498749168,0.995903556522021
"gene-LOC134710241|LOC134710241",16.5603767002313,0.00113868381666652,0.111084286095021,0.981385930514303,0.995903556522021
"gene-LOC134710247|LOC134710247",9.60812078818196,0.0162367043535214,0.114620495112441,0.706184890905768,0.9330660987991
"gene-LOC134710251|LOC134710251",27.757917101608,0.0989082110101755,0.13573244376248,0.144359436605314,0.631223000301963
"gene-LOC134710252|LOC134710252",53.9599452803919,-0.00864261822713822,0.109764861977525,0.856795837428993,0.972421083092979
"gene-LOC134710253|LOC134710253",14.5803791928125,0.023906337074852,0.118205285865695,0.544030156812985,0.881488932144622
"gene-LOC134710256|LOC134710256",34.2408421475889,0.0306092739253221,0.104151829329692,0.600756598778217,0.904066623728823
"gene-LOC134710258|LOC134710258",6.98975882284438,-0.0666325736057028,0.145737668049894,0.0376984719515922,0.408639827498952
"gene-LOC134710261|LOC134710261",8.02230162473199,-0.0813769287601081,0.150195516282534,0.0891439519171021,0.561333499142672
"gene-LOC134710262|LOC134710262",12.1546298646598,0.0262514321754783,0.111494377691789,0.605035868672495,0.904589020585693
"gene-LOC134710263|LOC134710263",186.409803320825,0.0742282487497462,0.123740171021023,0.233464584096137,0.716057146239723
"gene-LOC134710264|LOC134710264",6.17894284774987,0.0189614021179504,0.122896967324036,0.331025575044925,NA
"gene-LOC134710265|LOC134710265",31.4441243008902,-0.0894464877164877,0.163881602661564,0.0411926560822956,0.422591508767551
"gene-LOC134710266|LOC134710266",15.6922491493709,-0.0120029071256603,0.118950174178763,0.693638116848682,0.929296223627318
"gene-LOC134710268|LOC134710268",9.77692471125774,-0.0200971725745439,0.116502946359446,0.620964119903497,0.90848762383929
"gene-LOC134710269|LOC134710269",20.0827169088886,0.0173959083866626,0.104744873839183,0.754086076602091,0.949383119158366
"gene-LOC134710270|LOC134710270",13.1407488307866,-0.0692833019736726,0.134476517529867,0.181515033328089,0.658744089227767
"gene-LOC134710274|LOC134710274",79.5340364847055,0.0200065326117034,0.0893111969886299,0.744338910171502,0.947677704065547
"gene-LOC134710275|LOC134710275",34.3725047367732,-0.0395138300142719,0.106185252446067,0.502882180939229,0.865335655543869
"gene-LOC134710279|LOC134710279",124.435307580313,0.0311444465567988,0.101127602861285,0.603428458309707,0.904589020585693
"gene-LOC134710280|LOC134710280",6.63630455422312,0.0074511777834453,0.121205867436448,0.687242850174539,NA
"gene-LOC134710282|LOC134710282",9.84988704170177,0.0701877482022243,0.138433151603755,0.149182885415486,0.635874006190423
"gene-LOC134710283|LOC134710283",11.0421847864908,0.00704902951279861,0.120772233336954,0.735234717611571,0.94365053159059
"gene-LOC134710284|LOC134710284",135.806641860408,-0.00889678522804946,0.11840125407072,0.770188651414917,0.953685276062354
"gene-LOC134710290|LOC134710290",6.40224680821892,-0.0170952202466244,0.123244236479626,0.234974977633797,NA
"gene-LOC134710295|LOC134710295",22.7447387022846,-0.0832212833017792,0.148480159096937,0.106891566351184,0.590347301182901
"gene-LOC134710298|LOC134710298",30.8119985235176,-0.042073626672685,0.106599922361741,0.467224159435095,0.849445149819994
"gene-LOC134710299|LOC134710299",17.058116007355,0.0298712140861174,0.116355802379876,0.516568555757463,0.871694888253186
"gene-LOC134710301|LOC134710301",15.431244960433,-0.033747935327288,0.127652443473302,0.091182834934636,0.565056999508797
"gene-LOC134710302|LOC134710302",19.3637504983808,-0.0638784836597451,0.126089815846923,0.248272104715291,0.728288152552403
"gene-LOC134710306|LOC134710306",71.0979082340495,0.0717464926107106,0.134261668454702,0.183863157427317,0.661995762487106
"gene-LOC134710311|LOC134710311",22.5573369465395,0.0275154053033646,0.102124519208475,0.639995986587104,0.914809132082223
"gene-LOC134710314|LOC134710314",296.391021814066,0.0278175452834527,0.0852103909268713,0.652344380214063,0.918046712290982
"gene-LOC134710315|LOC134710315",32.4189003097536,-0.0176528032499923,0.112071854167505,0.709616214825711,0.933953954014707
"gene-LOC134710319|LOC134710319",33.0561706687964,-0.0460365740575985,0.113084802107022,0.416715928339422,0.833078374036936
"gene-LOC134710322|LOC134710322",46.9011740795047,-0.0496701114010231,0.108869403784705,0.410061883481061,0.831856384439449
"gene-LOC134710323|LOC134710323",8.93145663445407,-0.0293881198145732,0.115834499752773,0.527624699929807,0.87559280413096
"gene-LOC134710325|LOC134710325",40.6382971265348,-0.019480523984135,0.0941701841232185,0.748127286805387,0.948283209573096
"gene-LOC134710326|LOC134710326",8.52827920872252,-0.00356278169910357,0.119522189768952,0.88797568066051,0.977383609163761
"gene-LOC134710327|LOC134710327",78.2963913217091,0.54263016486382,0.11657231937605,2.13115628564327e-07,0.000177335882479805
"gene-LOC134710330|LOC134710330",8.11875340912769,0.0128889016527163,0.112400268144002,0.77917401609967,0.955272826382029
"gene-LOC134710333|LOC134710333",29.0448308342208,-0.0182898583321239,0.102702107391213,0.747172762083092,0.947986108770842
"gene-LOC134710334|LOC134710334",27.8983596594016,0.00535546692639783,0.111016653743564,0.910482331996592,0.98251592545162
"gene-LOC134710335|LOC134710335",17.7943961921354,0.0525313323959559,0.117106313670885,0.351414008866553,0.810015957975538
"gene-LOC134710337|LOC134710337",56.6621092810062,0.26080843112619,0.169446017943495,0.0118829939285186,0.245156312756682
"gene-LOC134710338|LOC134710338",186.659895939184,-0.131338061673877,0.132137844403477,0.0872366527726162,0.556013014990743
"gene-LOC134710343|LOC134710343",17.9018935689062,-0.00941550274145241,0.114618600304884,0.817457844151377,0.961779071974486
"gene-LOC134710344|LOC134710344",34.3815631156755,0.0175593901566427,0.114540657364706,0.68767178420365,0.927756078526596
"gene-LOC134710345|LOC134710345",19.874364504255,-0.213664280577953,0.274086724824068,0.0260475272811549,0.340374020463548
"gene-LOC134710349|LOC134710349",10.3132054331147,-0.0239037170391351,0.121718153773809,0.423273904670849,0.835542057474881
"gene-LOC134710350|LOC134710350",17.2189261124791,0.0782432095877605,0.127193522556466,0.20979308191858,0.69336283907107
"gene-LOC134710351|LOC134710351",83.2045809863811,0.0609858165220063,0.0845736316641013,0.335834518118443,0.802058261976077
"gene-LOC134710353|LOC134710353",12.9964042570788,0.0260359555572623,0.117538732659603,0.53408800957223,0.876836729956355
"gene-LOC134710355|LOC134710355",7.65621953099932,-0.0246409275887957,0.123113165113436,0.334031445971456,0.800046820703714
"gene-LOC134710358|LOC134710358",14.3589985654284,0.0397825188726077,0.113801780017258,0.45856612520518,0.84669667447278
"gene-LOC134710373|LOC134710373",70.1626825672379,0.0350636372960906,0.0992935016095778,0.562711615721,0.889818923835977
"gene-LOC134710376|LOC134710376",54.9994343133432,0.00511531313024627,0.112516577529214,0.908278575256642,0.98251592545162
"gene-LOC134710379|LOC134710379",114.513973362339,-0.0618632959912406,0.112456254391645,0.312850787409632,0.78693314819391
"gene-LOC134710392|LOC134710392",15.5590444147217,-0.00068107169404482,0.10335579743675,0.989155802517353,0.997772367968009
"gene-LOC134710394|LOC134710394",34.5845042020612,-0.0327412139395271,0.118060772457633,0.464465125090319,0.848659322959597
"gene-LOC134710398|LOC134710398",17.7810108410792,-0.0651348641409543,0.119916518172181,0.278890919497802,0.760879452138084
"gene-LOC134710402|LOC134710402",15.8420638711977,-0.0320604922970347,0.112152874704964,0.54123791622281,0.879929447098869
"gene-LOC134710421|LOC134710421",26.1471720415787,-0.000818804127964817,0.11692802323667,0.97928323001338,0.995569972169796
"gene-LOC134710423|LOC134710423",17.4498219013597,-0.0268693901977382,0.115441790860536,0.557364618892177,0.88848523433025
"gene-LOC134710425|LOC134710425",10.1620617519347,-0.034819029786438,0.127138113623684,0.152911456946198,0.639042493869484
"gene-LOC134710432|LOC134710432",25.4523053531667,-0.0142136977446793,0.118065544110065,0.675911852399842,0.92387619829345
"gene-LOC134710433|LOC134710433",56.3206383528531,-0.0554577146893503,0.106823971009499,0.375567445001611,0.820038855990219
"gene-LOC134710445|LOC134710445",11.8705783522275,-0.00307812797684114,0.114700484260517,0.937831587701699,0.986908472952548
"gene-LOC134710449|LOC134710449",86.6485356304886,0.113260967641993,0.123577618832284,0.121207064263592,0.608970421657898
"gene-LOC134710462|LOC134710462",10.3763238167828,0.00611583462742792,0.118514826057372,0.84007100255491,0.965558865799071
"gene-LOC134710470|LOC134710470",10.9185005356459,-0.0121442009633725,0.120579344162217,0.619446468648422,0.908128424245264
"gene-LOC134710483|LOC134710483",43.1558946560263,-0.0446088727579431,0.127416329937236,0.232264046369958,0.716057146239723
"gene-LOC134710495|LOC134710495",9.25941021369845,0.00371597486275815,0.117631007042634,0.909553862157184,0.98251592545162
"gene-LOC134710505|LOC134710505",27.856121682625,0.021981259483959,0.101992338498683,0.705520957487435,0.932988057867254
"gene-LOC134710509|LOC134710509",11.8311185101423,0.03163530789904,0.12310113840479,0.34501872744227,0.806695363663803
"gene-LOC134710510|LOC134710510",38.0877762833929,0.391621430046074,0.171086337189472,0.0014317357961961,0.0851706852038094
"gene-LOC134710514|LOC134710514",65.1006030737822,-0.0482700612664066,0.110695705590931,0.412546352248251,0.831856384439449
"gene-LOC134710563|LOC134710563",28.53242802945,-0.0199635719978062,0.123673676849511,0.000164261824200629,0.0246684952640014
"gene-LOC134710564|LOC134710564",20.5534906196311,-0.0205892730904951,0.120451888863559,0.506300859366181,0.868124327289201
"gene-LOC134710604|LOC134710604",97.9528980304995,0.0495141188231257,0.0821360299481647,0.425947736991528,0.835542057474881
"gene-LOC134710611|LOC134710611",9.68776062479415,-0.0491638998961899,0.120456442965762,0.326389096983008,0.795051568786952
"gene-LOC134710625|LOC134710625",330.694625252229,0.00710613272219745,0.120905375637295,0.727310653550925,0.941169644555951
"gene-LOC134710626|LOC134710626",354.155117084332,0.0076887673883204,0.120997582696572,0.702283933742077,0.931935916524941
"gene-LOC134710639|LOC134710639",27.4261495663475,0.360254135316053,0.285471109988292,0.00875054597210109,0.216996154917434
"gene-LOC134710645|LOC134710645",86.0549126249719,-0.041899347509604,0.117106603883029,0.413139185552704,0.831856384439449
"gene-LOC134710653|LOC134710653",10.3516101438626,0.00422072880919154,0.121052942103294,0.815718384479463,0.961129238266228
"gene-LOC134710664|LOC134710664",279.848643283572,-0.297757038500307,0.123008058737897,0.00162055020126416,0.0885861347245788
"gene-LOC134710676|LOC134710676",20.3559313154501,-0.0147969049264261,0.117549516168088,0.679853016351536,0.924535906928755
"gene-LOC134710677|LOC134710677",63.8013900524187,0.0741011577014159,0.109308355669813,0.263218838935872,0.744428204226113
"gene-LOC134710693|LOC134710693",35.9049322105991,0.030624461576934,0.109323254256382,0.574526116620787,0.893020587171537
"gene-LOC134710702|LOC134710702",17.2347527589136,-0.0796294654109109,0.144320991313535,0.123926182278571,0.610633401063977
"gene-LOC134710713|LOC134710713",34.6449900731017,-0.0670512014027099,0.109952973824521,0.302474548288045,0.778697797225564
"gene-LOC134710718|LOC134710718",74.515437939108,-0.313093451353375,0.281987184478399,0.0122567047488801,0.247413643839253
"gene-LOC134710725|LOC134710725",15.3096349304895,0.00720507813284829,0.114999804327806,0.857078574459938,0.97251651829061
"gene-LOC134710726|LOC134710726",53.2694178885652,-0.0475607969999868,0.130297902641142,0.170054371406286,0.650326338157105
"gene-LOC134710733|LOC134710733",31.8272919386121,0.017622702940594,0.119902962803869,0.566530625088354,0.89111319124916
"gene-LOC134710734|LOC134710734",26.2359007610721,0.0439467763097671,0.127706352806527,0.22029263341132,0.707264061779253
"gene-LOC134710739|LOC134710739",24.0699566476294,0.0551748999978171,0.134807044201668,0.121221976116363,0.608970421657898
"gene-LOC134710740|LOC134710740",29.4380034583578,0.0295291048163695,0.122461801509644,0.371513110517757,0.819803285016825
"gene-LOC134710777|LOC134710777",12.739805018425,0.0101624546636416,0.120001490062371,0.696423683387486,0.929563146928802
"gene-LOC134710785|LOC134710785",75.333843896168,-0.00441560654868345,0.121767400664279,0.0817049400039046,0.539169244759437
"gene-LOC134710793|LOC134710793",11.770258283602,0.0207554977694747,0.121336790433643,0.464615198842882,0.848659322959597
"gene-LOC134710805|LOC134710805",8.59424443357355,0.0972389479144492,0.162750266083121,0.0735815262943324,0.523815848745917
"gene-LOC134710833|LOC134710833",83.4281705387204,0.0482830480227357,0.112109414406672,0.407356003891185,0.831024002490081
"gene-LOC134710835|LOC134710835",12.6944793658599,-0.00447010669356747,0.115920317684656,0.903489043793142,0.980985831394684
"gene-LOC134710836|LOC134710836",218.768840723421,-0.0433456130914013,0.0944194234991018,0.490548906875637,0.862209407066644
"gene-LOC134710839|LOC134710839",8.66329292859565,-0.0129772244333378,0.118963726054352,0.674844178889023,0.92387619829345
"gene-LOC134710846|LOC134710846",133.061624742805,0.0814121893127262,0.105236572028682,0.229630618349103,0.714392158339309
"gene-LOC134710854|LOC134710854",81.7551645894445,0.0220492425638892,0.108653560840151,0.677260930761075,0.924367980767212
"gene-LOC134710864|LOC134710864",11.8037244333617,-0.00609497685248134,0.117960029203526,0.846702399334694,0.968198690416884
"gene-LOC134710890|LOC134710890",13.568776933232,-0.04176855187293,0.130403996928663,0.0915227854725826,0.565056999508797
"gene-LOC134710891|LOC134710891",6.53171006704171,-0.00265105080490574,0.12096005069494,0.881738347456956,NA
"gene-LOC134710907|LOC134710907",6.73070658064476,-0.0225603657971563,0.122656656495448,0.365437916885516,0.812684588929183
"gene-LOC134710912|LOC134710912",10.0569042767073,-0.000639348969848357,0.121724148778895,0.949051459277313,0.990589731896691
"gene-LOC134710914|LOC134710914",11.0641702284368,-0.00159344817118266,0.121394883577992,0.911366749150033,0.98251592545162
"gene-LOC134710931|LOC134710931",94.1234476503395,-0.104190822582673,0.0932132814653399,0.125734089767017,0.612473297307214
"gene-LOC134710932|LOC134710932",962.17575126784,-0.050365681462678,0.117695799332484,0.349772044977846,0.80898857511247
"gene-LOC134710933|LOC134710933",11135.5785498913,-0.0147354346920592,0.11161790083968,0.706654788498813,0.933193036689757
"gene-LOC134710934|LOC134710934",31.0298362406589,0.0525375036365467,0.127506761688189,0.250572811811187,0.728910951453647
"gene-LOC134710951|LOC134710951",53.2250054616818,-0.303847027733377,0.258965301619413,0.0125136474918093,0.248580122191406
"gene-LOC134710954|LOC134710954",14.0743762468474,-0.00326404764793353,0.121995336833439,0.723544941380227,0.938629053701448
"gene-LOC134710956|LOC134710956",13.6651516506036,0.0232750527121142,0.123143719733048,0.328479179445979,0.795874387010631
"gene-LOC134710969|LOC134710969",44.2693364809048,-0.056600973983836,0.139277338694407,0.0366348176906772,0.404062076120003
"gene-LOC134710979|LOC134710979",192.690794901609,-0.145441297017359,0.278792144727413,0.00901270703813029,0.218651273411405
"gene-LOC134710984|LOC134710984",71.3711772330498,-0.103213344061609,0.0979967913887766,0.134724669229966,0.623671444980021
"gene-LOC134710996|LOC134710996",19.555397647871,0.00124347550570074,0.108565961472878,0.977180324585704,0.995479908586306
"gene-LOC134710997|LOC134710997",67.7819730298436,0.0344372165001956,0.124837489612657,0.277274190709231,0.759182066115978
"gene-LOC134711018|LOC134711018",65.5530563639978,0.0802016142919938,0.153488001936784,0.0613352819606292,0.490224041198668
"gene-LOC134711024|LOC134711024",38.6486945002585,-0.167834913476864,0.33675211211099,0.0111770211775785,0.240849753542314
"gene-LOC134711029|LOC134711029",497.928457064427,0.264706243859389,0.128634617127157,0.00467380388532123,0.169661798928779
"gene-LOC134711032|LOC134711032",64.6359612292753,-0.00922762457244747,0.0922675497264555,0.878350018640983,0.977383609163761
"gene-LOC134711048|LOC134711048",11.9887218431793,0.00140425977086189,0.120289422696787,0.950566410935489,0.990589731896691
"gene-LOC134711058|LOC134711058",66.3117874853232,0.0789187027159897,0.106123533829366,0.239966053526401,0.72032371267643
"gene-LOC134711062|LOC134711062",12.9810093501406,0.0577012791679232,0.124743588645455,0.275948025761836,0.758097859475565
"gene-LOC134711070|LOC134711070",16.6992496922764,-0.000345073856159149,0.115096850700702,0.991744820374805,0.997848481775248
"gene-LOC134711077|LOC134711077",22.9560755301024,-0.508713411877056,0.243777876310581,0.00169431966995049,0.0911271106407334
"gene-LOC134711089|LOC134711089",11.8929738045742,0.00673495468290141,0.119991935611244,0.784574781014384,0.956271862208695
"gene-LOC134711094|LOC134711094",87.5797738108192,0.0670010634580676,0.124690766633131,0.249935227478543,0.728910951453647
"gene-LOC134711095|LOC134711095",7.60583114592886,0.0202448943971759,0.121055367056837,0.483123819024297,0.857779582900181
"gene-LOC134711100|LOC134711100",44.0892022357135,0.0419000140942908,0.112587942653071,0.451623972254288,0.844734225721323
"gene-LOC134711149|LOC134711149",8.99240926718602,0.0165408209842478,0.112764743257626,0.719935101672143,0.937517043140139
"gene-LOC134711157|LOC134711157",6.45832003572763,-0.0114807924297908,0.121616152220348,0.538479768955397,NA
"gene-LOC134711162|LOC134711162",12.8700469969964,-0.0141239760262162,0.115016389057433,0.731927942898818,0.942119870738606
"gene-LOC134711163|LOC134711163",39.2101328040428,-0.0151805070519518,0.104653373734291,0.782537679142097,0.955775092951347
"gene-LOC134711166|LOC134711166",373.467379757502,0.00549159811821313,0.120728373170022,0.792022386511593,0.956995220143462
"gene-LOC134711167|LOC134711167",382.521873810656,-0.00116123032428801,0.119922540528471,0.0423313259777316,0.428466411445839
"gene-LOC134711171|LOC134711171",84.4034465564335,0.00984941037023975,0.120588461478725,0.0952487870805669,0.572581175177074
"gene-LOC134711172|LOC134711172",505.799080107523,-0.0137959092077523,0.120850920539896,0.55714546139808,0.88848523433025
"gene-LOC134711173|LOC134711173",734.054502739702,-0.0160985396144045,0.122051993221693,0.454124952756435,0.845232489565602
"gene-LOC134711174|LOC134711174",132.121165629444,0.00320514648412563,0.121263901212169,0.848870690516392,0.968198690416884
"gene-LOC134711178|LOC134711178",144.533810456944,0.00760502184825262,0.121324663825162,0.672500109765357,0.92387619829345
"gene-LOC134711179|LOC134711179",22.7716357110013,0.0158571274580745,0.118306453923691,0.645987266062082,0.917652789229363
"gene-LOC134711188|LOC134711188",96.3538520263279,-0.00285320104887555,0.119535292387355,0.907524058940512,0.98251592545162
"gene-LOC134711191|LOC134711191",49.9234205305203,-0.00131415940732399,0.121382237989661,0.924746466477174,0.985177432859168
"gene-LOC134711196|LOC134711196",16.9942807042478,-0.000173852360043745,0.112021582479361,0.991626712696931,0.997848481775248
"gene-LOC134711198|LOC134711198",63.064144956034,-0.204705049473414,0.15143196994682,0.0249288517020272,0.336817197367251
"gene-LOC134711199|LOC134711199",8.8942103275353,-0.00588670750555438,0.120893742218804,0.761591149459049,0.95123850595533
"gene-LOC134711200|LOC134711200",30.1386960837223,-0.025023398598329,0.116649629826302,0.56088527279346,0.889626780838873
"gene-LOC134711204|LOC134711204",60.224002722484,0.0234286951827473,0.108355308216132,0.662030906591842,0.921280410177282
"gene-LOC134711207|LOC134711207",12.9653137438779,-0.0316285578776462,0.126524577857846,0.135868208549181,0.624139845752057
"gene-LOC134711211|LOC134711211",45.7898520226406,0.236796067600275,0.199149375175576,0.0207533313038573,0.311466328927029
"gene-LOC134711213|LOC134711213",310.463690017949,0.0681018956260429,0.113238668225911,0.287424428645629,0.768483236746561
"gene-LOC134711215|LOC134711215",22.4548579110942,0.108726542309788,0.158311542791538,0.0963833664782665,0.575390257936421
"gene-LOC134711229|LOC134711229",24.6097769715995,0.00382839339032895,0.105706301123361,0.943584749999135,0.988997548751079
"gene-LOC134711232|LOC134711232",22.4609666490514,-0.0817706475245059,0.142570158240538,0.137950590397172,0.624204741917601
"gene-LOC134711237|LOC134711237",17.4452603914609,0.0177486362475834,0.115780021669029,0.667616386672912,0.921742651670224
"gene-LOC134711241|LOC134711241",10.8373384581614,-0.00587945522201752,0.111918875647555,0.896271532836406,0.979928513327605
"gene-LOC134711250|LOC134711250",42.5891785875259,0.0102703900313005,0.108849161878745,0.840059657831197,0.965558865799071
"gene-LOC134711252|LOC134711252",36.9789642476425,-0.0397910116485155,0.12267221282732,0.341872320271837,0.80340288344589
"gene-LOC134711254|LOC134711254",206.266404826355,-0.12427163320865,0.111201468114505,0.0914877719472825,0.565056999508797
"gene-LOC134711257|LOC134711257",65.633888234297,0.0646658001697213,0.111902606761774,0.307292078126729,0.782758630303085
"gene-LOC134711259|LOC134711259",16.3167900190536,0.0176075361446428,0.110954411002371,0.720755344791262,0.937715893503337
"gene-LOC134711260|LOC134711260",57.9253795862218,-0.0402469696415847,0.0943343995660772,0.520092516924237,0.87205858002813
"gene-LOC134711262|LOC134711262",1192.49402179707,0.0860818023225079,0.095474116272102,0.177603098887405,0.654884100230319
"gene-LOC134711264|LOC134711264",8.88262828096013,-0.00827106485721058,0.120927547732796,0.684921111721444,0.926184631577378
"gene-LOC134711265|LOC134711265",22.664169834723,-0.00470593595953703,0.121247142611387,0.775936632282898,0.954802623385741
"gene-LOC134711266|LOC134711266",14.8840547697198,0.00133710960761583,0.121218979968115,0.936766058880125,0.986824046819264
"gene-LOC134711271|LOC134711271",14.8189473871614,-0.0168274923750245,0.119546263191773,0.589732521936447,0.902148006853668
"gene-LOC134711273|LOC134711273",32.0660457866269,-0.00701252739271772,0.100415000090651,0.902368900195629,0.980885187660766
"gene-LOC134711274|LOC134711274",24.4249464473848,0.0208869065020377,0.120273200450709,0.514509498629121,0.871527350897159
"gene-LOC134711277|LOC134711277",22.1287205539469,-0.00543076942752698,0.102218135073481,0.922445854252865,0.984779988891035
"gene-LOC134711279|LOC134711279",77.4888822924149,0.0312537106965064,0.0853963921004474,0.614438738521374,0.906968686182044
"gene-LOC134711281|LOC134711281",34.9227202874816,0.00222736860806434,0.101250938847216,0.96979037582085,0.993195931564105
"gene-LOC134711283|LOC134711283",33.1577497347209,0.00702945514898526,0.100807480375564,0.903632318329836,0.980985831394684
"gene-LOC134711292|LOC134711292",267.075214311426,0.00398708384117316,0.092826934778235,0.948410385062206,0.990448749036931
"gene-LOC134711303|LOC134711303",7.78325859802829,-0.0148635365711358,0.121040407114777,0.541305242727265,0.879929447098869
"gene-LOC134711315|LOC134711315",53.1712241485745,0.156557955525745,0.192373223945361,0.0519647967716187,0.467184109270891
"gene-LOC134711316|LOC134711316",22.2913464355271,-0.0193368271121463,0.106815974969454,0.719509552805967,0.937491556551129
"gene-LOC134711317|LOC134711317",98.238992247342,-0.0415509448587625,0.0959037858334761,0.507020644670457,0.86869769113179
"gene-LOC134711319|LOC134711319",13.3295780366685,-0.0326339920405613,0.123832378352866,0.312298133400732,0.78693314819391
"gene-LOC134711323|LOC134711323",10.2860319859678,0.00446728440635285,0.116504140680835,0.901547806038039,0.980885187660766
"gene-LOC134711325|LOC134711325",8.63666226383757,-0.0207849320632023,0.118306278391971,0.575274264726637,0.893267461857306
"gene-LOC134711328|LOC134711328",7.56485343095694,0.0004244620449342,0.121201297086576,0.981251729990227,0.995903556522021
"gene-LOC134711335|LOC134711335",31.6507582003416,-0.0282233661033541,0.108848417452321,0.602478964667993,0.904563946751925
"gene-LOC134711337|LOC134711337",61.2950878919516,0.0402675690204053,0.104414101736254,0.503313764848432,0.865428208651732
"gene-LOC134711338|LOC134711338",12.8901287147626,0.00751593550625627,0.121795101521217,0.601002833964822,0.904066623728823
"gene-LOC134711339|LOC134711339",66.7923643906033,0.0964336913784913,0.108261321799413,0.16735068221155,0.646692084149793
"gene-LOC134711342|LOC134711342",30.2876330124136,-0.184556594165824,0.183892245984605,0.0393422650854287,0.414973530734513
"gene-LOC134711347|LOC134711347",18.6464476983631,0.0454435154936983,0.1184870448041,0.3790127060878,0.82083573709765
"gene-LOC134711348|LOC134711348",8.98174985586571,-0.0313577852597128,0.125243610584812,0.231496268160312,0.714623063583092
"gene-LOC134711352|LOC134711352",18.8163888934638,0.0805697397955642,0.136507645160841,0.169021847370503,0.650165416239872
"gene-LOC134711354|LOC134711354",19.7530060413922,0.0123273599485288,0.111955624703657,0.791620907907707,0.956995220143462
"gene-LOC134711355|LOC134711355",10.5859124064419,0.00546579974068168,0.111829804813316,0.905338174406169,0.981851978642378
"gene-LOC134711357|LOC134711357",38.1219975016958,-0.00579819620131496,0.120164941961543,0.800835587295616,0.958777657383338
"gene-LOC134711358|LOC134711358",25.8560906670963,0.0356947968430432,0.125116271332869,0.270298889755266,0.750006811921893
"gene-LOC134711360|LOC134711360",37.7872600048668,1.72201258709276e-05,0.104435751450821,0.999449815536703,0.999785726932454
"gene-LOC134711361|LOC134711361",33.7503716974514,0.190196072196774,0.232150000344888,0.0341156664496115,0.389413848654734
"gene-LOC134711367|LOC134711367",21.6695504251559,0.0654195621115059,0.119009645986104,0.281153801390087,0.762459166226361
"gene-LOC134711374|LOC134711374",85.2832376454947,-0.0227893542760173,0.106484321802572,0.675796458855267,0.92387619829345
"gene-LOC134711376|LOC134711376",78.578071982145,0.077927585606497,0.135465426179307,0.175216245890322,0.653957193103024
"gene-LOC134711377|LOC134711377",15.8172000410652,-0.0269350918012144,0.125133737421713,0.16903419643184,0.650165416239872
"gene-LOC134711379|LOC134711379",22.4785953931967,-0.0119760044743422,0.120491954412532,0.627144945573388,0.910895822190252
"gene-LOC134711382|LOC134711382",128.22086224092,0.160504605190168,0.178138124232879,0.0529105073279662,0.46836969002188
"gene-LOC134711383|LOC134711383",21.011397089139,-0.0129892660078879,0.103214314872592,0.816137395775467,0.961316916791833
"gene-LOC134711386|LOC134711386",13.2391139183933,-0.000153778214285215,0.107827594861955,0.998997549018061,0.999715838708931
"gene-LOC134711391|LOC134711391",12.4701775943446,0.0246729471564572,0.120018595183008,0.486985750830778,0.859744528046134
"gene-LOC134711392|LOC134711392",154.623453881539,-0.482862651375207,0.344708550242199,0.00506979476891535,0.171025644254086
"gene-LOC134711393|LOC134711393",21.7792938056621,-0.0234750563877492,0.113623564347703,0.618039143832605,0.907747426106231
"gene-LOC134711394|LOC134711394",57.5270073638273,0.154437633672604,0.131052386563227,0.0554360925909339,0.480601743825498
"gene-LOC134711395|LOC134711395",27.5326685112209,-0.00505356699530016,0.111390724739854,0.912014386331962,0.98251592545162
"gene-LOC134711397|LOC134711397",14.5367668134354,0.117625515539639,0.202184961799738,0.0236327430797857,0.328685046512665
"gene-LOC134711398|LOC134711398",8.76612725397365,0.00607987848442136,0.121332451911131,0.719385218691972,0.937491556551129
"gene-LOC134711399|LOC134711399",61.7749719766283,-0.0768272982444369,0.149602342891126,0.0724001544364923,0.522355256815887
"gene-LOC134711402|LOC134711402",7.31169795586082,0.0222455699856737,0.122693539937778,0.36476777713458,0.812684588929183
"gene-LOC134711411|LOC134711411",8.20896398418073,-0.0686111501482795,0.134611573494433,0.180096319148678,0.658249050852827
"gene-LOC134711414|LOC134711414",40.9893645255629,0.0503152145814223,0.102244811487741,0.423414988723692,0.835542057474881
"gene-LOC134711420|LOC134711420",6.6091232186806,-0.00111204818907491,0.121662063702198,0.925690556632498,NA
"gene-LOC134711422|LOC134711422",7.5741274539454,0.0132552380955142,0.120907372075807,0.578994916319455,0.896072107525604
"gene-LOC134711424|LOC134711424",25.448985094351,-0.425200697058606,0.248396955971441,0.00395993707709702,0.164703788989884
"gene-LOC134711427|LOC134711427",47.7706999352492,-0.0252066002665222,0.120918019384435,0.449987564606824,0.843754850110293
"gene-LOC134711428|LOC134711428",66.5905712195747,0.0169856489512601,0.0992561809364406,0.773313082526365,0.95409253295551
"gene-LOC134711429|LOC134711429",9.72025473734011,-0.0160552153976715,0.122227118391577,0.412701718638019,0.831856384439449
"gene-LOC134711439|LOC134711439",12.5080715451929,0.0093121682221542,0.120074196593881,0.713207859477706,0.934586259228345
"gene-LOC134711443|LOC134711443",20.0050650424099,0.0405906438347715,0.113398446660958,0.455314594360326,0.845232489565602
"gene-LOC134711445|LOC134711445",109.541049614121,0.0523462853686672,0.112726673799474,0.378125489136584,0.820038855990219
"gene-LOC134711450|LOC134711450",17.6398541198821,-0.00477988091246171,0.117999202320253,0.877956593166911,0.977383609163761
"gene-LOC134711452|LOC134711452",7.39446204699791,0.0018138258552836,0.119123728011967,0.947856451656692,0.990448749036931
"gene-LOC134711458|LOC134711458",1273.41871446261,0.0282234364151336,0.0716643589335597,0.628589879700791,0.910895822190252
"gene-LOC134711461|LOC134711461",32.3460356191703,-0.613707060773062,0.548199770355093,0.00522290036644295,0.172481569312099
"gene-LOC134711478|LOC134711478",10.5063779589425,0.00413085985542723,0.116087154493649,0.911737553411012,0.98251592545162
"gene-LOC134711481|LOC134711481",7.59907748625468,-0.00480390122887131,0.121785482617196,0.698321638607486,0.930226031933736
"gene-LOC134711482|LOC134711482",5.50764758491215,4.25758310143536e-05,0.121799340263465,0.999728910152406,NA
"gene-LOC134711484|LOC134711484",16.198727701851,0.0675174791341212,0.126833241668957,0.23602799315528,0.717501509453866
"gene-LOC134711488|LOC134711488",10.2733245844616,0.00513784319926731,0.116218119838534,0.887906008748832,0.977383609163761
"gene-LOC134711489|LOC134711489",88.011390446495,0.0123631654609954,0.101014886817187,0.827819230078265,0.96441722845034
"gene-LOC134711491|LOC134711491",63.5251203693823,-0.035035242313549,0.0969494442953295,0.569085728390714,0.891872329910229
"gene-LOC134711492|LOC134711492",6.62395766918142,-0.0183640416637535,0.123237849908899,0.264046426969542,NA
"gene-LOC134711494|LOC134711494",7.08426771194151,0.0276885229242753,0.125135801662164,0.18497523906241,0.66207097044213
"gene-LOC134711495|LOC134711495",60.6921468209736,0.00356473797975282,0.121894114661755,0.38855489994106,0.82303705168547
"gene-LOC134711496|LOC134711496",44.7827235068261,0.00271270899336308,0.121907359269742,0.0932246841403304,0.568997277528064
"gene-LOC134711497|LOC134711497",37.6086570795138,0.00510433776942492,0.122218802088439,0.234351190470498,0.716057146239723
"gene-LOC134711515|LOC134711515",353.860763024438,-0.00541833034628037,0.105223547291707,0.918069647046517,0.984677261486326
"gene-LOC134711517|LOC134711517",152.240187596497,0.232560060415096,0.277408941354235,0.0226804026356214,0.322058625492466
"gene-LOC134711518|LOC134711518",9.99204762904713,-0.0354346564664783,0.119977297167925,0.414103807733237,0.831856384439449
"gene-LOC134711519|LOC134711519",43.9521281633888,-0.0396072393486064,0.122101977193931,0.355136696360994,0.811592466382447
"gene-LOC134711521|LOC134711521",16.6586033071739,0.0686743720702212,0.126779302444709,0.233782599267494,0.716057146239723
"gene-LOC134711524|LOC134711524",1393.72895905774,-0.0787517036717701,0.103876414621556,0.240526993534645,0.720989486819031
"gene-LOC134711529|LOC134711529",10.7324295352453,-0.00401299324438069,0.115508055012889,0.915453426490508,0.98432601737077
"gene-LOC134711532|LOC134711532",18.612279607816,-0.48090580393961,0.215372541875536,0.00131926450898043,0.083024974014743
"gene-LOC134711536|LOC134711536",320.023117592642,0.0259871713796496,0.119503489841562,0.490791060803592,0.862209407066644
"gene-LOC134711540|LOC134711540",18.4108715880041,0.0578331347238161,0.135786589691283,0.124090902917909,0.610633401063977
"gene-LOC134711543|LOC134711543",32.4133516551355,0.0289924390887153,0.106801508674104,0.606028808300649,0.904782101791594
"gene-LOC134711545|LOC134711545",295.984749684791,0.0372315264328142,0.0970182255945557,0.546998146893882,0.88287604337532
"gene-LOC134711555|LOC134711555",7.16577262191041,0.0165342398857252,0.119192356928157,0.610484055684668,0.905829590890778
"gene-LOC134711558|LOC134711558",7.6363028444613,-0.045248968166889,0.131761956650209,0.0904066212769471,0.564164661807992
"gene-LOC134711559|LOC134711559",24.6992919740429,-0.0223026768468504,0.121439509633722,0.444863760905515,0.84127572927363
"gene-LOC134711560|LOC134711560",18.7302891506689,0.133256642184174,0.174134735748795,0.069846764492568,0.515108081148819
"gene-LOC134711561|LOC134711561",94.4176645464271,0.191377763078231,0.210179333212459,0.0349699966718414,0.393520120238919
"gene-LOC134711562|LOC134711562",236.197912409625,0.0354489611480489,0.111149425569024,0.516352552841142,0.871694888253186
"gene-LOC134711566|LOC134711566",147.285212714939,0.140784898672027,0.125959289291344,0.0716744642133693,0.519231261978267
"gene-LOC134711570|LOC134711570",16.4256872588761,0.0129257241704753,0.121062886899163,0.5736660110424,0.892996491374277
"gene-LOC134711571|LOC134711571",14.5643899036376,0.0591807706420237,0.13800426889668,0.0915134306287218,0.565056999508797
"gene-LOC134711573|LOC134711573",11.0089241597749,-0.0127803717197633,0.118817571509856,0.682845326918162,0.925412351301143
"gene-LOC134711576|LOC134711576",9.66227604849681,0.00359463158250204,0.112536637757368,0.936052313315894,0.986824046819264
"gene-LOC134711579|LOC134711579",13.2134116387103,-0.0219521619161524,0.117849777435544,0.571688768416883,0.892514888984445
"gene-LOC134711580|LOC134711580",49.1192282975443,0.716565670781962,0.330877775753069,0.00105697204219199,0.0757277121936401
"gene-LOC134711581|LOC134711581",25.9158901819376,0.0451276012164851,0.120718689740139,0.356974201641808,0.811592466382447
"gene-LOC134711588|LOC134711588",17.7766644064772,0.0618609673332241,0.11374070858149,0.318251940238789,0.7910351080147
"gene-LOC134711590|LOC134711590",11.6213350339258,0.0255668692799208,0.116350931548367,0.558929184597244,0.889197747931761
"gene-LOC134711592|LOC134711592",115.036409372358,0.433111534936777,0.206313744009713,0.00190812542680674,0.0973730922742367
"gene-LOC134711594|LOC134711594",129.835659013487,0.0426267906652209,0.0791047914453827,0.491337113121687,0.86230568116643
"gene-LOC134711595|LOC134711595",10.8337794983349,0.00510118469928012,0.111412603308956,0.913047352950895,0.98315048544202
"gene-LOC134711597|LOC134711597",9.82517513051147,0.0188008737893563,0.123401380306401,0.243575675462525,0.725041105140412
"gene-LOC134711602|LOC134711602",6.76473925144076,0.0108578324810836,0.120801688630414,0.633061763785569,0.912460614354241
"gene-LOC134711605|LOC134711605",35.550787700769,0.00826540570794771,0.0906368839564539,0.892236859037807,0.979078159399384
"gene-LOC134711606|LOC134711606",40.9958360086162,-0.0462381089852268,0.130131092583706,0.163803294387329,0.64598360803934
"gene-LOC134711609|LOC134711609",8.0025909948537,0.00193460274694519,0.115772110206602,0.959796674976147,0.990589731896691
"gene-LOC134711611|LOC134711611",12.3276160666829,-0.0450687451136212,0.133196306841628,0.0313468519585126,0.373912874546895
"gene-LOC134711613|LOC134711613",90.9267102847311,0.0670431477489447,0.11002213817569,0.296877004548922,0.774073727120504
"gene-LOC134711614|LOC134711614",15.7214895180235,-0.0434165571547369,0.120640142757899,0.363337266598775,0.812684588929183
"gene-LOC134711616|LOC134711616",16.3742765924985,-0.10685746806037,0.184883071081194,0.0305320483084774,0.368203719456018
"gene-LOC134711619|LOC134711619",16.5453536513648,0.0743156179952173,0.129934494955591,0.207018467699227,0.689633681814358
"gene-LOC134711620|LOC134711620",84.5978780420263,-0.0505026564595709,0.104220452966519,0.415901306354226,0.832256803460703
"gene-LOC134711622|LOC134711622",23.2602188687739,-0.0610156760777969,0.116372700803966,0.311618212332628,0.786334587117028
"gene-LOC134711623|LOC134711623",505.886306953534,0.0567985842907471,0.0880102027540872,0.375173289569825,0.820038855990219
"gene-LOC134711626|LOC134711626",18.1546588140933,-0.0232429620687633,0.11196765582188,0.637458505080693,0.914188432189325
"gene-LOC134711627|LOC134711627",34.149929185283,0.0245430332376594,0.117141330390515,0.559041980331862,0.889197747931761
"gene-LOC134711629|LOC134711629",15.7054934357917,-0.0331304275700769,0.117358150750675,0.470901911821591,0.85183198493524
"gene-LOC134711632|LOC134711632",8.69517770886457,0.0198263754468625,0.119982631168251,0.535593664019165,0.8775018485757
"gene-LOC134711634|LOC134711634",36.5073065345786,0.169143513753863,0.169135186554773,0.0479934039306527,0.454917411390098
"gene-LOC134711637|LOC134711637",754.390343287772,-0.147619913831578,0.0889181312849364,0.0322218629685894,0.37645792788107
"gene-LOC134711639|LOC134711639",5.80792338411348,0.00177052950535528,0.121268380356272,0.912854802960916,NA
"gene-LOC134711645|LOC134711645",14.8790359602265,0.0549825978574796,0.124712629952905,0.281694588350778,0.762693699262104
"gene-LOC134711646|LOC134711646",50.8847330670349,-0.03888601803234,0.103748849332019,0.517750914237427,0.871913232704342
"gene-LOC134711658|LOC134711658",7.21295096047519,-0.0201177002801823,0.122991615317059,0.322715000065493,0.79414295941802
"gene-LOC134711663|LOC134711663",11.4245299056865,0.0673130943704706,0.143356983339353,0.0760729612775107,0.528066637614046
"gene-LOC134711670|LOC134711670",10.3657189584475,-0.00910997602038962,0.117735722626736,0.783023222751351,0.955881055796438
"gene-LOC134711671|LOC134711671",85.9400827578535,0.0870940016894567,0.147901777728085,0.1170592147815,0.604173990005962
"gene-LOC134711675|LOC134711675",9.11437404646715,-0.000803866926038509,0.114839006415377,0.982893199663835,0.99595232498375
"gene-LOC134711678|LOC134711678",11.6624124339014,0.00800150182202827,0.115384408810667,0.838964452317762,0.965558865799071
"gene-LOC134711681|LOC134711681",78.7800631197682,-0.0500043896398026,0.0990851162655759,0.428998881069019,0.835542057474881
"gene-LOC134711683|LOC134711683",14.7473970962302,0.0456244454591532,0.113324670540824,0.416928527959733,0.833078374036936
"gene-LOC134711686|LOC134711686",14.2411287088119,0.0111798104233192,0.12123978290156,0.589423114241597,0.902148006853668
"gene-LOC134711688|LOC134711688",102.926783200633,0.00764690482104851,0.0793887975336581,0.899861788197944,0.98065001678538
"gene-LOC134711692|LOC134711692",8.90737358629819,0.0518915915420257,0.131040473935981,0.181878094619755,0.659605351383701
"gene-LOC134711694|LOC134711694",34.0996602936372,0.0763552818055033,0.141134867851554,0.140831570707472,0.627557821356636
"gene-LOC134711697|LOC134711697",37.5777658874584,-0.0602568429626363,0.121187481679577,0.290178258169161,0.771139824127934
"gene-LOC134711698|LOC134711698",19.1285212903918,0.0268617781303991,0.115729471785188,0.554296766597837,0.886803778049819
"gene-LOC134711699|LOC134711699",45.5140563549677,0.256954004701507,0.157061865294562,0.0104741037011818,0.233454055411163
"gene-LOC134711700|LOC134711700",117.222558241832,0.0049276534738007,0.0819789005477849,0.936696551328347,0.986824046819264
"gene-LOC134711701|LOC134711701",51.3744658815023,0.118713257079932,0.121047650073235,0.109158496347837,0.591192170056114
"gene-LOC134711702|LOC134711702",22.465163708924,0.17543101913159,0.202360299530787,0.0426235827276813,0.430780041899602
"gene-LOC134711705|LOC134711705",23.2331115789512,-0.00298891847939382,0.0969757927895061,0.95915761020297,0.990589731896691
"gene-LOC134711711|LOC134711711",10.1066656953756,0.0898175682189659,0.154008053742837,0.0929090645727314,0.568072848299734
"gene-LOC134711713|LOC134711713",6.58561573494359,-0.0234927238072769,0.124295820439468,0.196481821937063,NA
"gene-LOC134711719|LOC134711719",70.5902603723813,0.038151302409025,0.0948267775446836,0.539400948161613,0.879123765132169
"gene-LOC134711720|LOC134711720",17.7453680344897,-0.00538478403071614,0.111001923577402,0.907421136168578,0.98251592545162
"gene-LOC134711721|LOC134711721",20.8546447948824,0.0295469910469157,0.109425022735883,0.585205499836715,0.89973393313019
"gene-LOC134711724|LOC134711724",89.826888869611,-0.0432522363194125,0.108967585723769,0.458765806394389,0.84685657483056
"gene-LOC134711726|LOC134711726",16.2410362379606,0.00580907063260187,0.104097360272949,0.916324586422169,0.984555246899008
"gene-LOC134711727|LOC134711727",14.9772300499788,0.0823930517095821,0.138994130912381,0.155748102991744,0.641040525737625
"gene-LOC134711730|LOC134711730",14.8058344531377,0.0401763316849729,0.129281475492213,0.120745490048439,0.608970421657898
"gene-LOC134711731|LOC134711731",52.4846904926309,-0.056906555463271,0.0892519015908067,0.374604200569872,0.820038855990219
"gene-LOC134711739|LOC134711739",11.3765439040913,0.0153619671252365,0.115529926682773,0.708298353910015,0.933801459760888
"gene-LOC134711740|LOC134711740",9.5604799010041,-0.0261939467125089,0.119550492948808,0.487121573072139,0.859781631095274
"gene-LOC134711749|LOC134711749",10.0372444991509,0.0384921023997347,0.118257995927285,0.421112537417905,0.835044956811977
"gene-LOC134711750|LOC134711750",537.531057282604,-0.0963376318901112,0.0866954517598089,0.141505104837692,0.627557821356636
"gene-LOC134711754|LOC134711754",12.8208984826539,-0.0333279832084857,0.125450241020938,0.237478295965167,0.718866191787849
"gene-LOC134711758|LOC134711758",7.81342883551707,0.0159753088731961,0.122363926446544,0.397426208864264,0.826986629114887
"gene-LOC134711759|LOC134711759",211.994836335588,0.147422061039465,0.168342470387305,0.0639418307736824,0.496228363382495
"gene-LOC134711761|LOC134711761",35.9313363882675,0.368564254355805,0.249064515401334,0.00681027797992929,0.191019370006331
"gene-LOC134711763|LOC134711763",8.34527915811754,-0.0200526293347996,0.117661590419595,0.599030105157932,0.903552156601762
"gene-LOC134711764|LOC134711764",9.3139405345793,-0.0308610237005593,0.119942194306075,0.431615382277732,0.8360891578941
"gene-LOC134711766|LOC134711766",12.2350767359141,0.0394829710367178,0.129292264444516,0.106597290731945,0.589806081280793
"gene-LOC134711768|LOC134711768",18.0778947551206,-0.031056349856146,0.125851957815313,0.182072443727314,0.659990576512029
"gene-LOC134711774|LOC134711774",14.1501185918479,-0.100403242815869,0.157978242709828,0.0943790326294573,0.570924535833607
"gene-LOC134711782|LOC134711782",15.9389345455933,-0.426333052596876,0.312205394898551,0.00642740995614577,0.186809210711039
"gene-LOC134711783|LOC134711783",99.9806890849228,0.324444646418,0.214097190915044,0.00794591876557624,0.206621477900696
"gene-LOC134711784|LOC134711784",21.4618843085012,0.415313126796251,0.179981561411338,0.00129488139440383,0.0828834766041906
"gene-LOC134711788|LOC134711788",29.4910789261782,0.0468407876720957,0.107464032621795,0.438747968168369,0.837782644980345
"gene-LOC134711790|LOC134711790",25.0132469453526,0.0349717472759602,0.10876019881736,0.534515542113521,0.876836729956355
"gene-LOC134711793|LOC134711793",13.2208639218904,-0.0344189390106639,0.126832159247785,0.16661718514264,0.646528965928963
"gene-LOC134711794|LOC134711794",22.9559027512787,0.0198844188992704,0.111050387295228,0.689062986277154,0.927938176530763
"gene-LOC134711795|LOC134711795",52.3453991940017,-0.0327480313298695,0.125203425696221,0.246870429669425,0.727878995194617
"gene-LOC134711796|LOC134711796",23.1175337555514,0.00195486887694687,0.117313826652456,0.955192391548931,0.990589731896691
"gene-LOC134711803|LOC134711803",204.332294315889,0.00843057864309598,0.104289779540126,0.879069815377166,0.977383609163761
"gene-LOC134711804|LOC134711804",58.76275566459,-0.218298159731366,0.274570524284096,0.0248846214215952,0.336817197367251
"gene-LOC134711806|LOC134711806",22.8850142749559,-0.0149818222595557,0.106901425829505,0.777476921798347,0.954960361719923
"gene-LOC134711807|LOC134711807",71.7728109929921,0.126532258147685,0.109465105544735,0.0856085900499249,0.551740732258079
"gene-LOC134711818|LOC134711818",11.1372888390706,0.00161383894087119,0.120724422508686,0.935810537903591,0.986824046819264
"gene-LOC134711823|LOC134711823",59.787713091975,0.0557740655846875,0.110223579726657,0.364919355563206,0.812684588929183
"gene-LOC134711825|LOC134711825",14.4079635405162,-0.0589249598268466,0.138085667287375,0.0881951986271034,0.559594425071513
"gene-LOC134711830|LOC134711830",33.6480582739824,0.0267904515158641,0.107841053999554,0.625612551095944,0.910590279867861
"gene-LOC134711833|LOC134711833",49.0500118834848,0.231117824445873,0.172242746509683,0.0192505190740349,0.302308398753364
"gene-LOC134711838|LOC134711838",23.3693684530713,0.0247035934629636,0.121379525136342,0.436792857268469,0.837037284565907
"gene-LOC134711839|LOC134711839",88.9038509001043,-0.0249715467905656,0.11690651411966,0.554253328700479,0.886803778049819
"gene-LOC134711840|LOC134711840",1108.89342730375,0.100600322286174,0.129644155325063,0.153038428668505,0.639042493869484
"gene-LOC134711841|LOC134711841",48.0866822497851,0.0472317559118941,0.103933599641597,0.444186048976958,0.84113947267877
"gene-LOC134711842|LOC134711842",82.9556504816365,-0.00667130648620741,0.0994372699895495,0.905810564887193,0.981851978642378
"gene-LOC134711845|LOC134711845",6.14004407566913,-0.0170270359900562,0.120768210776821,0.531312298851442,NA
"gene-LOC134711856|LOC134711856",9.37088278026908,-0.0216330802919499,0.117753495130435,0.577954053233733,0.895787070928018
"gene-LOC134711858|LOC134711858",32.0454588873556,0.00447105862184335,0.114265954265607,0.914120094954703,0.983375947840117
"gene-LOC134711860|LOC134711860",19.8027320811046,0.02426624584167,0.114600970164514,0.5986243870283,0.903304056912138
"gene-LOC134711861|LOC134711861",26.4070419045528,0.0354658003241355,0.109554166474544,0.525955051655699,0.875012181742622
"gene-LOC134711862|LOC134711862",18.3459258952629,0.0254560917392248,0.12246193053392,0.379383435861284,0.82083573709765
"gene-LOC134711870|LOC134711870",8.37999618688022,-0.0134134802544927,0.119720699944455,0.639040422666403,0.914809132082223
"gene-LOC134711882|LOC134711882",125.680118156295,-0.100467706163642,0.184235494903521,0.0123901496550615,0.248101151782769
"gene-LOC134711883|LOC134711883",12.3852290100308,-0.28211516994001,0.406215298818874,0.0156004636241029,0.277915897069626
"gene-LOC134711888|LOC134711888",22.121690978438,-0.134253094195908,0.171478477381313,0.0718934652221189,0.52020305415309
"gene-LOC134711891|LOC134711891",19.4953742818421,0.000716551692979743,0.118891867317656,0.981168028039669,0.995903556522021
"gene-LOC134711893|LOC134711893",22.5830566200765,0.0498347490046582,0.111055466485334,0.401826641973097,0.827255071865873
"gene-LOC134711898|LOC134711898",22.3798500867258,-0.127448866699186,0.178668605711818,0.0670421900783009,0.503085131759915
"gene-LOC134711899|LOC134711899",6.90020520555674,0.0167821901705173,0.12214221102098,0.42418891644777,0.835542057474881
"gene-LOC134711903|LOC134711903",23.4655198151188,-0.0059335131618302,0.101076834512177,0.925636493492458,0.985177432859168
"gene-LOC134711905|LOC134711905",12.324568380238,0.0255139117678866,0.11449918206841,0.585681899896629,0.899790971920428
"gene-LOC134711908|LOC134711908",26.1826378229698,-0.0317943407463451,0.122531863963624,0.364070618697288,0.812684588929183
"gene-LOC134711910|LOC134711910",16.8306915349279,0.0104727187027885,0.116997705744724,0.771514809609038,0.953685276062354
"gene-LOC134711911|LOC134711911",8.54699688738038,-0.0130115117482616,0.118058206624719,0.69970172501884,0.930905350624639
"gene-LOC134711915|LOC134711915",111.864958186822,-0.0289549347788805,0.0747910942333456,0.625479991224269,0.910590279867861
"gene-LOC134711917|LOC134711917",13.0406123773396,-0.0215441790871706,0.123159614746817,0.313884437196337,0.787233941782775
"gene-LOC134711919|LOC134711919",6.84389443562402,0.0229738663409173,0.124350432853356,0.176473278329199,0.653957193103024
"gene-LOC134711921|LOC134711921",23.264074004028,-0.0312542501229482,0.110996943828397,0.556006002754949,0.888053565479341
"gene-LOC134711922|LOC134711922",17.0707293067158,-0.181103100892572,0.201671812702701,0.0399629709827124,0.41849480434218
"gene-LOC134711923|LOC134711923",16.0936150824443,-0.0005823478707202,0.120061832258031,0.977562204634127,0.995479908586306
"gene-LOC134711926|LOC134711926",40.0399352217702,-0.229575338433055,0.244525038840688,0.023842390222542,0.32941905770263
"gene-LOC134711927|LOC134711927",43.6725870636617,0.00619764456181344,0.111550108654173,0.894240604887078,0.979928513327605
"gene-LOC134711928|LOC134711928",16.3349455932156,-0.0188875857254778,0.120739755352451,0.511108223389901,0.871221819246354
"gene-LOC134711932|LOC134711932",11.6341640587292,-0.0220647501927609,0.116148362659929,0.600568452459061,0.904066623728823
"gene-LOC134711938|LOC134711938",14.4984113087965,0.0649684429612248,0.134159779751851,0.182258641497157,0.660099167969997
"gene-LOC134711948|LOC134711948",8.93084490860655,0.0213014089911206,0.120846223895047,0.48325355924956,0.857806566774106
"gene-LOC134711954|LOC134711954",1219.11782767127,0.282736378433952,0.116086856209228,0.00172534463217206,0.0916390492931673
"gene-LOC134711956|LOC134711956",36.7975616716599,-0.0435577357529163,0.111960383511792,0.441938313459193,0.839448051274535
"gene-LOC134711957|LOC134711957",48.5180146503335,0.0776816901882027,0.108182842107541,0.251334483695744,0.730117900852376
"gene-LOC134711964|LOC134711964",34.0113156753683,0.0209603559007466,0.104051471345192,0.711449650489025,0.934581026576444
"gene-LOC134711966|LOC134711966",98.0603019604928,0.260027939760904,0.186884777729259,0.0141869808558187,0.263568335535582
"gene-LOC134711978|LOC134711978",95.4796640120351,0.115786771388974,0.118292192903106,0.114979926212649,0.600565684702998
"gene-LOC134711984|LOC134711984",62.1442136922355,0.0489375224872533,0.0888064301548241,0.439313548504281,0.838254072769177
"gene-LOC134711985|LOC134711985",15.0655697957013,-0.0186427811973459,0.119752144070618,0.557791855123701,0.888916170798306
"gene-LOC134711986|LOC134711986",20.638326362939,-0.0262865081355136,0.118793937911795,0.503598880968286,0.865471662219933
"gene-LOC134711987|LOC134711987",6.95241267013091,-0.0220117034509051,0.121440171004256,0.446563972627893,0.842185240747996
"gene-LOC134711989|LOC134711989",39.4133789902538,-0.0252691145566951,0.11619518706444,0.562019958419901,0.889818923835977
"gene-LOC134711990|LOC134711990",26.3044272989845,-0.175563970518887,0.282829048211088,0.0254077513965514,0.338519970435751
"gene-LOC134711995|LOC134711995",117.665569474298,-0.0216942248625404,0.101857464205111,0.707564267401492,0.933801459760888
"gene-LOC134711996|LOC134711996",9.35814233952015,-0.0446307643969018,0.131294092036883,0.10084121358457,0.579631212729381
"gene-LOC134711997|LOC134711997",14.4042209259847,0.044002694580006,0.120628826936409,0.362787960691931,0.812684588929183
"gene-LOC134711998|LOC134711998",31.901030547147,-0.250837515040825,0.201820183617788,0.0176838020413863,0.291949171218019
"gene-LOC134711999|LOC134711999",11.1751390148958,0.00769426309499314,0.113981763994698,0.855783998656126,0.972085825008297
"gene-LOC134712000|LOC134712000",11.0517104278436,0.0231870604799957,0.117328879485381,0.569984174818345,0.892514888984445
"gene-LOC134712007|LOC134712007",9.00925726560591,0.0179674949187411,0.123182494500207,0.270065112045308,0.749919865294546
"gene-LOC134712011|LOC134712011",255.597402361449,0.0321579221854341,0.0855659037965598,0.604356957261394,0.904589020585693
"gene-LOC134712013|LOC134712013",57.5310908716046,0.0246270017746143,0.110638999615749,0.633229716123359,0.912460614354241
"gene-LOC134712014|LOC134712014",42.2621804888339,0.110152463617967,0.152011497569854,0.105684005159945,0.586899894819488
"gene-LOC134712015|LOC134712015",8.2427743108582,-0.00052271222912746,0.120717713191354,0.976425441198246,0.995479908586306
"gene-LOC134712016|LOC134712016",25.0195114664698,-0.0400224184138708,0.116767128091451,0.429848719429694,0.835825175179631
"gene-LOC134712017|LOC134712017",20.8245388875252,0.0556374092837555,0.1166014509664,0.338387247941619,0.802086545158541
"gene-LOC134712018|LOC134712018",53.2634482110722,-0.13514194783023,0.229342373451429,0.0227922381507554,0.322058625492466
"gene-LOC134712019|LOC134712019",46.8502239486944,0.141806505901538,0.147824652601422,0.0731757692570969,0.523815848745917
"gene-LOC134712023|LOC134712023",62.3529436951151,0.260186092235032,0.13406474691414,0.00614037650618547,0.183196902316653
"gene-LOC134712026|LOC134712026",47.0038664529759,-0.0605393409498586,0.12104838525124,0.290600717719041,0.771139824127934
"gene-LOC134712030|LOC134712030",8.24307072714942,0.0137445568620285,0.121199765463945,0.548679253570435,0.88287604337532
"gene-LOC134712032|LOC134712032",13.4736456052876,-0.504894125040459,0.400821397102277,0.00576683577723455,0.178885091684814
"gene-LOC134712038|LOC134712038",11.5758251565339,0.0924813127940329,0.153247879096927,0.100487586147499,0.579631212729381
"gene-LOC134712039|LOC134712039",40.6253994584547,0.100549203871792,0.12897703809118,0.149578136267598,0.636471967334115
"gene-LOC134712042|LOC134712042",21.6812312236313,0.00799347494900528,0.111222672556967,0.865282527834674,0.975432977140626
"gene-LOC134712047|LOC134712047",77.0799721305955,-0.0164539143062312,0.101258700570273,0.774646073801583,0.95457752673248
"gene-LOC134712048|LOC134712048",22.2267350881406,0.443429264122129,0.252035401338778,0.003529721814375,0.152798188831528
"gene-LOC134712050|LOC134712050",82.9217466198991,0.261158490637843,0.175633437818715,0.0125108047257913,0.248580122191406
"gene-LOC134712052|LOC134712052",34.3598164208974,0.0162184544575651,0.107142773891187,0.761359826895349,0.95123850595533
"gene-LOC134712054|LOC134712054",25.1299621901498,-0.0146205655739959,0.112551856653773,0.749522063271638,0.948815960168088
"gene-LOC134712055|LOC134712055",8.66955782168366,-0.00241128643073756,0.114739588782538,0.950872397632523,0.990589731896691
"gene-LOC134712056|LOC134712056",1949.08371943661,0.0136572973504262,0.0870046880112725,0.811926732460198,0.960505277793567
"gene-LOC134712057|LOC134712057",15.7615476379786,0.0431660299609366,0.109411002418501,0.459204030045039,0.846913276061203
"gene-LOC134712067|LOC134712067",5.93085910420514,0.00708327349241501,0.121924695051839,0.581510279328104,NA
"gene-LOC134712069|LOC134712069",33.2725382723726,-0.0101964202052162,0.119334950226264,0.718017045149038,0.936854944373887
"gene-LOC134712073|LOC134712073",11.1781759572859,0.030852956363285,0.112506973976594,0.548709067333873,0.88287604337532
"gene-LOC134712075|LOC134712075",8.14964399598909,-0.0173769892525259,0.121755324866034,0.456823833900882,0.845691000713286
"gene-LOC134712076|LOC134712076",34.0980028364259,-0.0165594947070996,0.112516427274177,0.720958124871139,0.937715893503337
"gene-LOC134712078|LOC134712078",14.4327700531466,0.131950462631612,0.178306355337106,0.0672214757145349,0.503421631626152
"gene-LOC134712080|LOC134712080",5.83134715648297,-0.0176079868777269,0.1235050120402,0.181893066070443,NA
"gene-LOC134712086|LOC134712086",9.88148206534164,0.0413964788958175,0.123091438654761,0.332161623207507,0.799600898810999
"gene-LOC134712087|LOC134712087",62.090586581555,0.0148401742935919,0.0971370301347224,0.803733266161572,0.959584432980747
"gene-LOC134712091|LOC134712091",30.5115426014839,0.0061903927702166,0.107643945882765,0.905049823141714,0.981737851319278
"gene-LOC134712096|LOC134712096",14.4595083959559,0.0514424549788577,0.126347879666076,0.264036211445301,0.744490657949496
"gene-LOC134712099|LOC134712099",214.323591021496,-0.0627875089397326,0.106620190348861,0.326017582309531,0.795051568786952
"gene-LOC134712105|LOC134712105",34.1923198907669,-0.0240543618955856,0.108485427746449,0.652520896118885,0.918046712290982
"gene-LOC134712106|LOC134712106",16.7074332222637,0.0357101812029795,0.12359069516648,0.326915750655099,0.795063998766021
"gene-LOC134712107|LOC134712107",49.3169777894446,-0.0985204863313422,0.154680998368736,0.102898147955799,0.58130975707336
"gene-LOC134712108|LOC134712108",12.6119411358902,-0.00350318553731974,0.11801775341736,0.908907579868958,0.98251592545162
"gene-LOC134712109|LOC134712109",12.1801644159037,-0.0180503967583181,0.119084595520656,0.589904558593332,0.902148006853668
"gene-LOC134712110|LOC134712110",15.4099010277539,-0.100131975931275,0.171442592622507,0.0498780838184989,0.4604203108667
"gene-LOC134712111|LOC134712111",16.2490907662723,0.0662370815079617,0.127293244616305,0.234815348597343,0.716598266359211
"gene-LOC134712112|LOC134712112",32.1863907640916,0.126516000767525,0.12327981664707,0.0948800776298892,0.572568010773763
"gene-LOC134712113|LOC134712113",18.8775053543732,0.0517936098608156,0.116567369940424,0.35904967745709,0.811668122295978
"gene-LOC134712114|LOC134712114",35.3870315427396,0.236653934210748,0.172304284709611,0.0176154691994277,0.291949171218019
"gene-LOC134712115|LOC134712115",23.3732135970943,-0.0518146919140918,0.11968848444152,0.33716792062036,0.802058261976077
"gene-LOC134712116|LOC134712116",24.0821860379749,-1.326338339705,0.569355473608232,0.000556801382447247,0.0520217536695682
"gene-LOC134712120|LOC134712120",23.1375660474587,0.0461751238943053,0.114153112681453,0.411413733087568,0.831856384439449
"gene-LOC134712130|LOC134712130",58.5511835123299,0.0273718042129324,0.0906604467535825,0.657859275817,0.920020189840058
"gene-LOC134712133|LOC134712133",7.80382300410059,0.000288232444776406,0.120769671183654,0.989828095920373,0.99777854221127
"gene-LOC134712135|LOC134712135",27.367116639265,0.0478832874344368,0.104644757519222,0.437787444940317,0.837229360357006
"gene-LOC134712139|LOC134712139",5.99571233601968,-0.0114514981279794,0.121046159645312,0.599580818426084,NA
"gene-LOC134712141|LOC134712141",9.64614537446663,0.0729883953631363,0.139027904720713,0.149134318075467,0.635874006190423
"gene-LOC134712143|LOC134712143",18.4085110398495,0.0392922344454235,0.124841674367366,0.290989868554017,0.771139824127934
"gene-LOC134712144|LOC134712144",7.69950672695803,-0.0439121174604685,0.124061715292285,0.309059660744493,0.784656485137359
"gene-LOC134712146|LOC134712146",34.1940973836845,0.0781277892584662,0.137350388063445,0.165425995649016,0.64634592229987
"gene-LOC134712151|LOC134712151",8.07566453816667,0.024536400257359,0.122392505125436,0.385004877569037,0.821366700441867
"gene-LOC134712155|LOC134712155",12.7368131065476,-0.0224266913338785,0.121978441404157,0.414194948426809,0.831856384439449
"gene-LOC134712158|LOC134712158",20.9667857949672,-0.0338600827030468,0.115909756437833,0.485148650411798,0.858540213429343
"gene-LOC134712162|LOC134712162",13.0091068403254,0.0568222535343629,0.123018923462902,0.291907858436192,0.771434693502643
"gene-LOC134712164|LOC134712164",25.0007666909051,-0.00225619801682561,0.115100928307202,0.95244218046797,0.990589731896691
"gene-LOC134712165|LOC134712165",54.4706924711012,0.0635911781016317,0.117903469235577,0.294239734431093,0.772631316913971
"gene-LOC134712173|LOC134712173",22.6601187816287,0.0162675319948667,0.107272480396523,0.759258518308346,0.950201142489307
"gene-LOC134712174|LOC134712174",10.825310561212,-0.0115224596380777,0.121415782435071,0.563286619054749,0.889818923835977
"gene-LOC134712176|LOC134712176",135.169358298476,-0.153563920031859,0.129928100540913,0.0548759314642316,0.477735282580525
"gene-LOC134712178|LOC134712178",6.29997231986786,-0.00755464400736213,0.121616280042429,0.628253377068886,NA
"gene-LOC134712180|LOC134712180",27.9613454824152,-0.0515429819408166,0.127306427646269,0.250093511749689,0.728910951453647
"gene-LOC134712183|LOC134712183",45.5957857320138,0.0113182082384009,0.107194872062474,0.829766848952137,0.964892896096873
"gene-LOC134712185|LOC134712185",5.52141787483223,-0.0234247584678556,0.124568268112587,0.152409303224974,NA
"gene-LOC134712187|LOC134712187",18.5165666260828,-0.127799959722221,0.20946076421502,0.0321116889591687,0.376344974358708
"gene-LOC134712189|LOC134712189",21.007773831577,-0.140980540772581,0.224307355218442,0.0331641275580114,0.384707605731689
"gene-LOC134712192|LOC134712192",9.83046512217902,-0.0267852834104375,0.112575307987394,0.589786063698545,0.902148006853668
"gene-LOC134712194|LOC134712194",206.223068884072,0.0558599029127262,0.105597058576815,0.374342581885417,0.820038855990219
"gene-LOC134712195|LOC134712195",22.0017676936677,-0.0103110319744255,0.109344650390303,0.83548013050965,0.965558865799071
"gene-LOC134712197|LOC134712197",151.223991331668,0.138801286317586,0.113286877222154,0.0670148929317955,0.503085131759915
"gene-LOC134712200|LOC134712200",15.904102420267,0.658738213483585,0.495945834065471,0.00417267035108658,0.164703788989884
"gene-LOC134712204|LOC134712204",10.1910723458728,0.0171255765818672,0.120099475432312,0.566788665802354,0.89111319124916
"gene-LOC134712208|LOC134712208",7.68657319050644,0.00741992670207277,0.12003498998376,0.764154013333389,0.951829925815486
"gene-LOC134712211|LOC134712211",24.189922569152,0.0237347056342806,0.115064386682969,0.599889633691106,0.904066623728823
"gene-LOC134712212|LOC134712212",22.1495850799281,0.0261623062771169,0.102716398874659,0.653463119757514,0.918176742506482
"gene-LOC134712214|LOC134712214",17.6375292337422,0.0205351060131018,0.109887255579715,0.688260816657216,0.927938176530763
"gene-LOC134712215|LOC134712215",17.7255307719775,0.00685424322542416,0.111579077007422,0.882639204468032,0.977383609163761
"gene-LOC134712220|LOC134712220",36.1367238402685,0.109836233242324,0.130388842619797,0.127159793524349,0.61545269639549
"gene-LOC134712221|LOC134712221",57.784044614763,-0.0914679408825999,0.151543586097839,0.1058618197263,0.587088971091715
"gene-LOC134712222|LOC134712222",11.0305127160434,0.0214509145258128,0.121607878174817,0.443212402070178,0.840308273190776
"gene-LOC134712227|LOC134712227",9.41043745490142,0.0488951501928645,0.128737554926499,0.218343860277371,0.706232768519128
"gene-LOC134712228|LOC134712228",6.30200378357448,-0.00546043560130598,0.121916356878842,0.63706324472709,NA
"gene-LOC134712229|LOC134712229",72.4532407756502,0.460132677770327,0.269967138887588,0.00364856141716821,0.156517843119262
"gene-LOC134712232|LOC134712232",58.63506326623,-0.113941697947015,0.170714848184842,0.0738304900594483,0.524149051278969
"gene-LOC134712239|LOC134712239",363.71376459443,0.318359722135354,0.149669426520092,0.0028573711865944,0.132091684051886
"gene-LOC134712243|LOC134712243",139.488123527431,-0.0175421290510722,0.107849606254781,0.737735222951964,0.944434969376115
"gene-LOC134712245|LOC134712245",36.2631927511959,-0.0724829456025064,0.138908141689898,0.149327202467179,0.636127087188115
"gene-LOC134712246|LOC134712246",29.0421863584436,0.0972765618496068,0.143760706258294,0.131209104335046,0.619952670261932
"gene-LOC134712247|LOC134712247",9.29636879521586,-0.134242049071479,0.251860299033611,0.00697200677698615,0.194101705400927
"gene-LOC134712249|LOC134712249",370.703364995256,0.213962885236429,0.13090526005068,0.0156232598032197,0.277915897069626
"gene-LOC134712252|LOC134712252",11.5961411643196,-0.02137649342609,0.120316493167314,0.503991295399924,0.865739222821131
"gene-LOC134712253|LOC134712253",24.6254644909876,-0.0268277275412645,0.125856754335504,0.0737820487899681,0.524149051278969
"gene-LOC134712255|LOC134712255",57.4412197828653,-0.131168406473308,0.140860641598486,0.0879817410325073,0.559333835817018
"gene-LOC134712258|LOC134712258",59.5893253608002,0.0311483514331235,0.0951269283911714,0.614876467295618,0.906968686182044
"gene-LOC134712260|LOC134712260",42.4981890014126,0.0581013091608428,0.122141669871394,0.293798938148037,0.772631316913971
"gene-LOC134712262|LOC134712262",24.4560067092994,0.00389938135598543,0.115188939528354,0.921437157268905,0.984779988891035
"gene-LOC134712263|LOC134712263",838.110521456665,0.0125774117664886,0.113174239710238,0.77893971954752,0.955272826382029
"gene-LOC134712265|LOC134712265",14.1611817185548,0.0431948632658115,0.129643433074459,0.148282002112652,0.634925050784247
"gene-LOC134712268|LOC134712268",1413.69388945812,0.0186700867147643,0.0862493556694878,0.763741114029194,0.951829925815486
"gene-LOC134712269|LOC134712269",20.1391823727686,0.00188470475611911,0.112637738975807,0.966876800812379,0.992550187342434
"gene-LOC134712270|LOC134712270",84.3277671699064,-0.279548580325542,0.348802504746954,0.0158288985264336,0.2792301733889
"gene-LOC134712271|LOC134712271",15.0976526014643,-0.0109400472376175,0.10923943409338,0.826384205497331,0.964172729064096
"gene-LOC134712274|LOC134712274",272.29704603578,0.0899974636827375,0.14735128940399,0.122054293351383,0.608970421657898
"gene-LOC134712277|LOC134712277",60.2361937643677,-0.0140624044044708,0.0956054701531602,0.813487995878491,0.960505277793567
"gene-LOC134712280|LOC134712280",106.2684449633,0.00876756514693421,0.112373730138389,0.847252821066327,0.968198690416884
"gene-LOC134712281|LOC134712281",22.5398586916535,-0.0432406712493546,0.125664096700475,0.273942038042713,0.755079839124725
"gene-LOC134712292|LOC134712292",7.23041933170832,0.0200434000943193,0.123388268593432,0.269456640631635,0.749082575343755
"gene-LOC134712293|LOC134712293",25.7094258178354,-0.0133499046208168,0.103053114532373,0.811428245800014,0.960505277793567
"gene-LOC134712294|LOC134712294",8.22960139424596,0.0306826738588333,0.123980281002244,0.302363662567329,0.778680009961048
"gene-LOC134712296|LOC134712296",9.33091516371719,1.33080335579766,0.732214203015361,0.00161465375435398,0.0885861347245788
"gene-LOC134712299|LOC134712299",27.6937897559843,0.100084821768693,0.132764284201943,0.145400536096598,0.631223000301963
"gene-LOC134712300|LOC134712300",13.248003086676,-0.00210417615260078,0.119191112370145,0.935512124441154,0.986824046819264
"gene-LOC134712301|LOC134712301",37.3460802464531,0.0109897872593372,0.120693874173289,0.639104212303154,0.914809132082223
"gene-LOC134712304|LOC134712304",7.64649220117562,-0.0139773059855967,0.12144681536869,0.519324147258906,0.872022093906266
"gene-LOC134712308|LOC134712308",153.495809793043,0.252360896226696,0.121756448532689,0.00494999779905567,0.170097116309965
"gene-LOC134712311|LOC134712311",19.570164384057,-0.606483026090581,0.549447804213562,0.00538164225415352,0.17423602121867
"gene-LOC134712313|LOC134712313",8.9425524244376,-0.0693770635333444,0.141911973221345,0.109059231460489,0.591192170056114
"gene-LOC134712314|LOC134712314",21.5810824865544,-0.032907874068733,0.124476286992188,0.285650595952558,0.767577076816904
"gene-LOC134712317|LOC134712317",60.4310609766686,-0.00949311565300985,0.110611531606059,0.843737403020651,0.966613035218243
"gene-LOC134712318|LOC134712318",23.774240686818,0.0335297654459991,0.111693809706617,0.529324399948541,0.875659472324857
"gene-LOC134712319|LOC134712319",10.0452220093813,0.00688507041477977,0.120699429231822,0.745301566741307,0.947955746149057
"gene-LOC134712321|LOC134712321",12.0436111457504,0.0268319132991395,0.110976319286453,0.604450545894073,0.904589020585693
"gene-LOC134712325|LOC134712325",24.1537903705792,-0.0115556359498563,0.0975224584181721,0.840786855266478,0.965558865799071
"gene-LOC134712326|LOC134712326",26.5568231212761,0.0944898668155624,0.152132070016898,0.108229889697305,0.591192170056114
"gene-LOC134712328|LOC134712328",39.9727512786039,-0.00830193950328962,0.0921815901881637,0.890597520522939,0.978615263484973
"gene-LOC134712332|LOC134712332",10.092085700002,0.0112808268070875,0.117929527945562,0.737504543752708,0.944434969376115
"gene-LOC134712334|LOC134712334",210.392044657412,-0.0320236591621811,0.0660363318226959,0.565769918711494,0.891072748944348
"gene-LOC134712335|LOC134712335",12.2985947868306,0.0251994939773933,0.117907320005195,0.535380706935648,0.877437475422498
"gene-LOC134712336|LOC134712336",26.7167511959838,-0.0436609201556715,0.0987260304167788,0.483724477367846,0.857948816051691
"gene-LOC134712337|LOC134712337",20.5914660198036,-0.0709137820572456,0.137444145631707,0.159588242809672,0.641786167526883
"gene-LOC134712341|LOC134712341",35.5701933402288,-0.0925026500235205,0.10540428532365,0.181431944592727,0.658744089227767
"gene-LOC134712344|LOC134712344",16.3804540383345,0.090133569174759,0.138756198515546,0.151338792786344,0.638738768482586
"gene-LOC134712346|LOC134712346",44.5339054187592,0.418894354345095,0.363765258574814,0.00776042084479203,0.204791893253776
"gene-LOC134712347|LOC134712347",7.19346112313853,0.0016626569625256,0.119920780415922,0.945426523873448,0.989935575597683
"gene-LOC134712348|LOC134712348",16.0242128278336,0.0206762995296672,0.115779151624774,0.627237736020995,0.910895822190252
"gene-LOC134712350|LOC134712350",17.9997389782639,0.0457570875748715,0.121179921254948,0.348973701492533,0.80898857511247
"gene-LOC134712354|LOC134712354",21.6211735101148,0.0351737282750653,0.111676802949623,0.514775470906215,0.871527350897159
"gene-LOC134712356|LOC134712356",10.2256725637247,-0.00501473377934012,0.117132652179687,0.882232584609075,0.977383609163761
"gene-LOC134712359|LOC134712359",67.5815660056459,0.0157861678832561,0.0973907432685171,0.792190424004939,0.956995220143462
"gene-LOC134712360|LOC134712360",5.87980421510903,0.0110745894088864,0.122222508199589,0.434744676380252,NA
"gene-LOC134712362|LOC134712362",17.6944348868529,0.0512814335924004,0.116355586028053,0.36358307184726,0.812684588929183
"gene-LOC134712364|LOC134712364",32.3926816174679,0.0147821874350549,0.117699604655468,0.679565162887426,0.924535906928755
"gene-LOC134712365|LOC134712365",21.0179102988426,-0.00787535258010619,0.118044111053326,0.804019283128042,0.959584432980747
"gene-LOC134712366|LOC134712366",22.3804112147524,0.15278431629038,0.196631416653619,0.0515102512360069,0.464771411453561
"gene-LOC134712367|LOC134712367",40.1399321537788,0.0894192482306671,0.136465721238704,0.158611506591836,0.641040525737625
"gene-LOC134712368|LOC134712368",427.914244673771,0.776347193612707,0.15030629569268,1.31413073886632e-08,2.41797138639179e-05
"gene-LOC134712370|LOC134712370",25.8221400478708,0.22609985339255,0.188126449158012,0.022777261526996,0.322058625492466
"gene-LOC134712371|LOC134712371",7.48902822630679,0.0808479964706135,0.14818610816089,0.103573768375411,0.581764241668016
"gene-LOC134712375|LOC134712375",46.3502310936945,-0.0703332360614103,0.116160660289858,0.267943738537429,0.747070237493227
"gene-LOC134712379|LOC134712379",40.0634101372607,0.167279456163893,0.303644088280418,0.355622949894451,0.811592466382447
"gene-LOC134712381|LOC134712381",7.38513061846895,-0.00168630064280846,0.120115443624237,0.93913605693778,0.987436577760504
"gene-LOC134712383|LOC134712383",50.1403100714809,0.0229737278092777,0.118327268471054,0.550396061184624,0.884341579534789
"gene-LOC134712384|LOC134712384",17.7971688498869,-0.0163705687596016,0.121251682793152,0.506418046544308,0.868124327289201
"gene-LOC134712385|LOC134712385",45.4947040955015,0.0361868008733871,0.125359719248395,0.263666871458015,0.744490657949496
"gene-LOC134712386|LOC134712386",92.8285879906541,0.053449337369942,0.123600971358882,0.295217560011838,0.773306857967351
"gene-LOC134712387|LOC134712387",36.5212962231584,0.0715679611765091,0.13884574131781,0.0822676234321169,0.539494073452823
"gene-LOC134712390|LOC134712390",63.9512176449999,0.25035327544607,0.185201136100909,0.0160689977094276,0.2792301733889
"gene-LOC134712398|LOC134712398",13.2526803077656,-0.00209192382705357,0.111522640128038,0.962783304559663,0.991785992826316
"gene-LOC134712400|LOC134712400",14.0900957384277,0.00688781310820773,0.116172014198203,0.853634273974075,0.971117587390528
"gene-LOC134712406|LOC134712406",376.86012700225,0.0183258647347143,0.110348911286997,0.715349279015044,0.93567613525086
"gene-LOC134712407|LOC134712407",43.1779291424532,-3.06444321621352e-05,0.116228815203231,0.998862502791013,0.999715838708931
"gene-LOC134712409|LOC134712409",30.9001261550295,-0.005844661189371,0.0945022209565684,0.921889476094483,0.984779988891035
"gene-LOC134712410|LOC134712410",1218.40626767153,-0.0381046967669888,0.0721956525249893,0.510893634297936,0.871213902130229
"gene-LOC134712411|LOC134712411",93.2869143354447,-0.0733719934946024,0.0988403657706535,0.266832055461216,0.746966776282741
"gene-LOC134712412|LOC134712412",12.4575373192589,-0.0245432775196232,0.124094184156575,0.242410073602852,0.724136035585066
"gene-LOC134712415|LOC134712415",13.8775467400342,0.01464261043069,0.117802958398014,0.678185781762346,0.924535906928755
"gene-LOC134712416|LOC134712416",10.6977826266765,-0.00129726690055868,0.117200967097235,0.967898787309627,0.992550187342434
"gene-LOC134712419|LOC134712419",11.9207232104429,0.0422490103271442,0.12021447170163,0.373995259686792,0.820038855990219
"gene-LOC134712426|LOC134712426",11.9126928403089,0.0288027398909707,0.114138711131183,0.554137387292446,0.886803778049819
"gene-LOC134712427|LOC134712427",22.8946628985896,-0.148448403654655,0.197155817384226,0.0524793528238579,0.468094493530415
"gene-LOC134712428|LOC134712428",9.15258424970999,-0.042301048573295,0.127105441751634,0.231494257342675,0.714623063583092
"gene-LOC134712429|LOC134712429",6.62450256456134,-0.0189411433006748,0.121596768253924,0.458297185639169,NA
"gene-LOC134712437|LOC134712437",12.7902299924951,-0.0208337544007342,0.113195048853843,0.655700341093696,0.918972538520344
"gene-LOC134712439|LOC134712439",68.0276172751293,0.109655775284598,0.146366071553278,0.11476338324956,0.600565684702998
"gene-LOC134712440|LOC134712440",190.483890916557,0.10774737017464,0.137193153474538,0.126752340855276,0.61545269639549
"gene-LOC134712443|LOC134712443",40.2245471448963,-0.0659452692845625,0.138490948153572,0.132382331090532,0.620317785725725
"gene-LOC134712444|LOC134712444",37.3674978541577,-0.00336985391911769,0.100518385171029,0.953100445689224,0.990589731896691
"gene-LOC134712445|LOC134712445",30.8685727635525,-0.10019341621493,0.147063160663752,0.120979427354737,0.608970421657898
"gene-LOC134712447|LOC134712447",16.0025483054072,-0.013141161654747,0.12088265851944,0.579646843132735,0.896710433427195
"gene-LOC134712451|LOC134712451",83.9021939090948,0.0736218186550622,0.116705669803061,0.253266300862293,0.731191722111685
"gene-LOC134712452|LOC134712452",34.5429498235191,0.0428336351334865,0.114111512713889,0.433350710980335,0.8360891578941
"gene-LOC134712458|LOC134712458",36.6936578233872,-0.00536906030182022,0.0992338630994554,0.925789093825244,0.985177432859168
"gene-LOC134712463|LOC134712463",8.20548093475094,-0.0537144600399654,0.13654870228867,0.062020080710175,0.492353687530901
"gene-LOC134712467|LOC134712467",35.4791367260924,-0.0100005006888766,0.110401514166249,0.835103892104845,0.965558865799071
"gene-LOC134712470|LOC134712470",90.5962770480163,0.0328283311303175,0.113167682677937,0.524950190659438,0.874411027101541
"gene-LOC134712471|LOC134712471",8.72960938651666,0.0149045344123339,0.116106750874791,0.708221409932049,0.933801459760888
"gene-LOC134712472|LOC134712472",34.9326444478393,0.0263930837324801,0.0940786310718436,0.668075726167175,0.921742651670224
"gene-LOC134712479|LOC134712479",14.3868201555911,-0.0345325290929984,0.122499255241814,0.359531786906475,0.811668122295978
"gene-LOC134712481|LOC134712481",65.4880472808582,-0.142265162655959,0.128530481426688,0.0697849673039386,0.515108081148819
"gene-LOC134712484|LOC134712484",191.945676975488,0.152379940460914,0.137612748758788,0.059781737898168,0.484939465922184
"gene-LOC134712485|LOC134712485",30.7648040123281,-0.239590125872297,0.316343443595383,0.0205715860705823,0.309981102781873
"gene-LOC134712486|LOC134712486",91.0800946016398,0.00254556477937233,0.0779309123479272,0.966813664108918,0.992550187342434
"gene-LOC134712488|LOC134712488",31.0975469993196,0.0174710578716705,0.113042659938162,0.70587124181851,0.932988057867254
"gene-LOC134712490|LOC134712490",39.2246467822584,0.0393960072798995,0.108006855268682,0.497013497621652,0.863604931815246
"gene-LOC134712491|LOC134712491",97.3769051619003,-0.030671326102167,0.0814344701463121,0.616941384000979,0.907715918425016
"gene-LOC134712493|LOC134712493",19.5758268189156,0.121377970881272,0.184594674249077,0.0578055233018748,0.483310521148065
"gene-LOC134712494|LOC134712494",10.2679368588468,0.0206852277241269,0.116684217197671,0.611771158037369,0.905840017185814
"gene-LOC134712495|LOC134712495",13.0761531559202,0.0295147330189953,0.124933400386661,0.23246062794834,0.716057146239723
"gene-LOC134712496|LOC134712496",8.00812454650702,-0.0299420966833617,0.123375974711341,0.331058411295006,0.798608482077279
"gene-LOC134712497|LOC134712497",7.57740823433952,0.00445135398263646,0.118413785107232,0.882985359112992,0.977383609163761
"gene-LOC134712498|LOC134712498",52.3067818453901,-0.112481567436272,0.127592872555746,0.121932748737096,0.608970421657898
"gene-LOC134712501|LOC134712501",14.0359957677537,-0.00785059850314763,0.106034464007506,0.881791442193713,0.977383609163761
"gene-LOC134712504|LOC134712504",308.658409493566,0.0836289498600525,0.139497570790665,0.153173613674048,0.639042493869484
"gene-LOC134712507|LOC134712507",96.1891460454115,-0.0129023465982002,0.0912871384180898,0.832065341428457,0.965381343401655
"gene-LOC134712511|LOC134712511",79.4980256783294,-0.044636480682283,0.103631174345331,0.465936573302167,0.848670267917421
"gene-LOC134712513|LOC134712513",19.4974271069514,0.0640066494935857,0.132087201710031,0.198476598126427,0.678961187756122
"gene-LOC134712519|LOC134712519",32.537734965698,-0.024319886713904,0.109271137366145,0.64371936285483,0.915960601465356
"gene-LOC134712521|LOC134712521",16.2836379874157,0.0122876431583043,0.114818296582955,0.768036564269089,0.953685276062354
"gene-LOC134712522|LOC134712522",19.7895723764638,-0.0469311506880377,0.124808054734675,0.29212707674196,0.771565363090573
"gene-LOC134712523|LOC134712523",6.7373417721289,-0.0191969221441164,0.122014144765398,0.422684880950792,0.835542057474881
"gene-LOC134712524|LOC134712524",175.67130446643,-0.362870393512712,0.425308412853005,0.0104332308474319,0.233237211392291
"gene-LOC134712526|LOC134712526",9.63648803920464,-0.0527030792976136,0.134883233455869,0.0941379960316751,0.569926800550699
"gene-LOC134712527|LOC134712527",11.8744278680147,-0.0614803868065835,0.138930844918741,0.0964233908012029,0.575390257936421
"gene-LOC134712538|LOC134712538",7.56236776718852,-0.0604761135605578,0.140893283361274,0.0508288142493727,0.462875272616026
"gene-LOC134712540|LOC134712540",60.3251542110708,-0.0410253527173919,0.114963808395695,0.438424574259691,0.837592254242557
"gene-LOC134712542|LOC134712542",25.5088098001856,0.0633233808382235,0.127730772471853,0.237843094163999,0.719059992703639
"gene-LOC134712544|LOC134712544",49.5450164503924,-0.111157587767471,0.128249931083088,0.123197019424946,0.610603890452299
"gene-LOC134712545|LOC134712545",176.241156653246,-0.0336231842533674,0.111884374351521,0.525133985962831,0.874522664192938
"gene-LOC134712548|LOC134712548",13.7928665142581,0.00046560456505196,0.109122323054313,0.992978172042088,0.998195510076346
"gene-LOC134712550|LOC134712550",12.3301487879113,-0.0353247548630035,0.12600586827484,0.225529794795929,0.711043763792762
"gene-LOC134712552|LOC134712552",49.1675007867038,0.0107271454388342,0.0943140187543351,0.859561041728033,0.973375096633959
"gene-LOC134712553|LOC134712553",84.4942244574949,-0.0735104163399083,0.147293503686111,0.0741829536409242,0.524180554632953
"gene-LOC134712556|LOC134712556",7.46922145608494,-0.0036253319228151,0.121596630587336,0.788376711640052,0.956384665187901
"gene-LOC134712558|LOC134712558",18.0971510234624,-0.0158750927204482,0.11492725706021,0.706001245017189,0.932988057867254
"gene-LOC134712559|LOC134712559",19.5127054125621,0.0375807617302481,0.113067520689931,0.482505378090922,0.857491918914117
"gene-LOC134712560|LOC134712560",40.953451041775,0.102422270744823,0.13062077957778,0.143243503773101,0.629228425707655
"gene-LOC134712565|LOC134712565",11.9961729810503,-0.00634524530175667,0.118721322710321,0.827912720217283,0.96441722845034
"gene-LOC134712567|LOC134712567",11.8107496408558,0.0451255189751735,0.121931622856114,0.33936989138334,0.80340288344589
"gene-LOC134712568|LOC134712568",9.84223714427861,0.00251509374877431,0.121487206011751,0.862198786979324,0.973956778441233
"gene-LOC134712569|LOC134712569",11.3335864681929,-0.00216793900036833,0.121488244999278,0.87512221242246,0.977383609163761
"gene-LOC134712580|LOC134712580",12.003858380521,-0.0391873841287373,0.112399942883669,0.473581728899525,0.854081344947249
"gene-LOC134712581|LOC134712581",99.5283870762664,0.0169626173677033,0.0890879249357777,0.783300190692616,0.955986156804917
"gene-LOC134712582|LOC134712582",49.4133104841044,-0.0109920474778022,0.104009076779712,0.840293450746584,0.965558865799071
"gene-LOC134712586|LOC134712586",14.8992853524581,-0.00815407375658751,0.118250764675504,0.794109479297111,0.957390487022614
"gene-LOC134712587|LOC134712587",19.5066592390744,-0.0368975071461128,0.112090362522226,0.495536803226355,0.863101001106686
"gene-LOC134712588|LOC134712588",175.250705210875,-0.0368764186911722,0.104398005396934,0.579146818810433,0.89612200951887
"gene-LOC134712590|LOC134712590",6.89834549132306,-0.0166063427123285,0.122839101450421,0.315282498861753,0.7885590901843
"gene-LOC134712592|LOC134712592",22.205752926973,-0.0491877207959277,0.123190201020831,0.311667203770599,0.786334587117028
"gene-LOC134712600|LOC134712600",515.831536583807,-0.12036727789902,0.101981293224605,0.0920372784231409,0.566334196927425
"gene-LOC134712601|LOC134712601",7.72630404215312,0.0312212709550038,0.119299506584194,0.455440802569023,0.845232489565602
"gene-LOC134712604|LOC134712604",30.321792273751,-0.0736341916777696,0.130631711636833,0.202937721070608,0.6839779604257
"gene-LOC134712606|LOC134712606",77.2042138451815,-0.111060277239854,0.163679735361864,0.0851106090357406,0.550597356023876
"gene-LOC134712609|LOC134712609",84.0489228080005,-0.0150921265559145,0.111313807460443,0.751452761269779,0.949330251206035
"gene-LOC134712611|LOC134712611",242.970833073718,0.00214606079747788,0.0908533195953483,0.972601739861451,0.994784816965638
"gene-LOC134712613|LOC134712613",18.0856180398949,0.14878566504806,0.202816228986865,0.0490720209001642,0.458229880949289
"gene-LOC134712615|LOC134712615",10.9304061521086,-0.00135116881744538,0.119043193143539,0.958982011671977,0.990589731896691
"gene-LOC134712616|LOC134712616",90.8054935770405,-0.0109456469856823,0.111646413311751,0.812945737395938,0.960505277793567
"gene-LOC134712617|LOC134712617",437.691124820021,0.0384066171068888,0.121185814505733,0.375067714088901,0.820038855990219
"gene-LOC134712619|LOC134712619",116.292643054874,0.221563759136337,0.140803963536792,0.0158774295619079,0.2792301733889
"gene-LOC134712620|LOC134712620",42.6659089683277,-0.0431012645942823,0.125799222494445,0.270067282240538,0.749919865294546
"gene-LOC134712630|LOC134712630",41.2357222032884,0.0139823360889672,0.0983890035569895,0.813642847987181,0.960505277793567
"gene-LOC134712634|LOC134712634",6.19512841821871,-0.00616910448345797,0.120927028051396,0.749452314950881,NA
"gene-LOC134712637|LOC134712637",22.3648785151718,0.00511932122717625,0.105993943249656,0.931386509618795,0.986765437284343
"gene-LOC134712644|LOC134712644",10.4712096901755,0.0349998394217626,0.119955096576032,0.414650805596537,0.831856384439449
"gene-LOC134712648|LOC134712648",19.6283914918895,-0.0290606002028019,0.120589021865334,0.435300220397543,0.836746239876078
"gene-LOC134712653|LOC134712653",9.06893047174015,0.00721942358569547,0.120857634221769,0.723734053566552,0.938698359397282
"gene-LOC134712655|LOC134712655",28.67396769802,0.018586238628735,0.116384204080502,0.646169535138815,0.917652789229363
"gene-LOC134712656|LOC134712656",33.1155881078636,-0.0562408382496389,0.121170633798058,0.306635381286459,0.782683152847407
"gene-LOC134712659|LOC134712659",35.0470943224271,-0.0171093916183111,0.102218103692517,0.764248767584149,0.951829925815486
"gene-LOC134712665|LOC134712665",13.8878615263341,-0.0684954566066856,0.127713796035223,0.228891322605286,0.713344617141484
"gene-LOC134712668|LOC134712668",20.1210335248168,-0.0282867970844771,0.125233486128169,0.186063979308248,0.663538766430975
"gene-LOC134712669|LOC134712669",29.9060418180082,0.04328968588824,0.103555343134669,0.474428718919346,0.854085739419948
"gene-LOC134712670|LOC134712670",60.2217061889266,0.00517901339405109,0.112025094970507,0.910013422487719,0.98251592545162
"gene-LOC134712673|LOC134712673",11.1403619553492,-0.00198094125902246,0.121603253350202,0.876462158788854,0.977383609163761
"gene-LOC134712674|LOC134712674",14.8603102106377,-0.0369771777888992,0.116691686862078,0.452537584024873,0.844734225721323
"gene-LOC134712676|LOC134712676",20.8270707912954,-0.129276452897416,0.205722697842944,0.0382111927142767,0.409976536156473
"gene-LOC134712678|LOC134712678",55.8706147262513,0.128272891042134,0.136331170722801,0.0926600291487229,0.568072848299734
"gene-LOC134712681|LOC134712681",10.8054761719007,0.0238569143292158,0.11718857601796,0.563672331458901,0.889818923835977
"gene-LOC134712683|LOC134712683",66.6491569121272,-0.0127651397426647,0.107035204035571,0.807989702177217,0.960505277793567
"gene-LOC134712684|LOC134712684",86.5675713868827,-0.340131419055745,0.138644857585496,0.00120211008095285,0.0811045260923952
"gene-LOC134712686|LOC134712686",19.1737059435463,0.00848450228407599,0.118813972569958,0.776438506665665,0.954802623385741
"gene-LOC134712687|LOC134712687",6.57830066497861,-0.0214494058169941,0.123868806364039,0.215543368037954,NA
"gene-LOC134712688|LOC134712688",32.3839023428802,-0.0541152439041042,0.106775891702538,0.384594057669492,0.821366700441867
"gene-LOC134712692|LOC134712692",12.647891711279,-0.0179621432284114,0.11121800258394,0.7122327953617,0.934586259228345
"gene-LOC134712693|LOC134712693",22.5377841331648,-0.0218792822965525,0.124228839980812,0.163792595278576,0.64598360803934
"gene-LOC134712700|LOC134712700",64.7027347899664,-0.00717196349233605,0.0866553223470633,0.905705163246215,0.981851978642378
"gene-LOC134712702|LOC134712702",43.4097836348355,0.070712752907829,0.121557271424141,0.250627012951414,0.728910951453647
"gene-LOC134712707|LOC134712707",9.44729009451312,0.0511590836843882,0.129122154963201,0.219455939944593,0.707264061779253
"gene-LOC134712715|LOC134712715",18.2916954867864,-0.0173109580022892,0.120321742592207,0.548776603273083,0.88287604337532
"gene-LOC134712720|LOC134712720",29.6656998086605,-0.33746198480247,0.30611467499284,0.0109580893696953,0.240308494914274
"gene-LOC134712722|LOC134712722",11.6035646248416,-0.0109755403331987,0.112269030856997,0.809449417918771,0.960505277793567
"gene-LOC134712723|LOC134712723",98.3946173426809,-0.237374332632305,0.301354204687899,0.0210855303538418,0.313800829314075
"gene-LOC134712726|LOC134712726",11.4370804371753,-0.0106198421759455,0.119755928264192,0.693545189383207,0.929296223627318
"gene-LOC134712727|LOC134712727",23.449889072678,-0.00258569964970412,0.120059620662158,0.908090472614194,0.98251592545162
"gene-LOC134712729|LOC134712729",43.1339213875985,-0.0398314007128353,0.105996427150142,0.501052457526464,0.864973633836395
"gene-LOC134712731|LOC134712731",34.254228461337,-0.00160739267074608,0.0990099818340702,0.978035254907531,0.995479908586306
"gene-LOC134712735|LOC134712735",19.6409134410289,-0.0267655596544796,0.116929558477112,0.534810035200741,0.876836729956355
"gene-LOC134712736|LOC134712736",48.2241828770249,0.051142900326751,0.111756709747109,0.390090445630924,0.82303705168547
"gene-LOC134712737|LOC134712737",6.5511734425295,-0.0431600731888362,0.131095816718494,0.0830210301006636,NA
"gene-LOC134712745|LOC134712745",25.5741411231108,-0.056636430172498,0.124573601501386,0.277295084105916,0.759182066115978
"gene-LOC134712748|LOC134712748",14.2833114289276,-0.0245983402365842,0.124838293393829,0.145889413416749,0.631223000301963
"gene-LOC134712761|LOC134712761",13.0706121842174,0.0110178480218149,0.121098873047182,0.606222716373027,0.904782101791594
"gene-LOC134712766|LOC134712766",11.7225270085524,-0.015265893612174,0.122644691176214,0.341511135715802,0.80340288344589
"gene-LOC134712768|LOC134712768",9.8248484982029,-0.0102542959059877,0.118131265031513,0.751611851665688,0.949345259435755
"gene-LOC134712769|LOC134712769",6.94715707019184,-0.0220741368276652,0.123583501621603,0.267480523972638,0.747070237493227
"gene-LOC134712780|LOC134712780",21.4856369070055,-0.0710305422860972,0.147242165581872,0.0571897113369129,0.483310521148065
"gene-LOC134712781|LOC134712781",132.972706165424,0.0975359976623543,0.14124314375084,0.137110763023157,0.624139845752057
"gene-LOC134712784|LOC134712784",69.0057983688521,0.190126370668025,0.131774856398236,0.0267154052863984,0.34495115549972
"gene-LOC134712787|LOC134712787",76.2030573773041,0.04657228337871,0.100855580241132,0.45615765635799,0.845376067425139
"gene-LOC134712788|LOC134712788",21.0459405874596,-0.175723688726551,0.437321695137599,0.00497510907197192,0.170130556347021
"gene-LOC134712794|LOC134712794",13.6968980215524,-0.0098715045660514,0.11770776138815,0.767481909786953,0.953337538960771
"gene-LOC134712798|LOC134712798",17.2036701759399,-0.0196933644793544,0.110276526701563,0.696502176591935,0.929563146928802
"gene-LOC134712800|LOC134712800",18.3419521312356,0.0865478585579926,0.137782405938416,0.158480626077108,0.641040525737625
"gene-LOC134712804|LOC134712804",10.7022503556612,0.00290869150054557,0.117072590787636,0.933561667259574,0.986824046819264
"gene-LOC134712810|LOC134712810",37.0778526928836,0.0435176239691372,0.106872761642366,0.466812843189524,0.849239423090342
"gene-LOC134712812|LOC134712812",13.5560881891934,0.0993067802911407,0.142847569675471,0.132284462319729,0.620317785725725
"gene-LOC134712813|LOC134712813",13.7207059321508,0.0488440011529882,0.121634494075977,0.329517733715373,0.796822185274274
"gene-LOC134712815|LOC134712815",8.69729875032102,0.00221741789386538,0.116711952234694,0.95013330433608,0.990589731896691
"gene-LOC134712818|LOC134712818",24.307293235643,0.0135114274600897,0.109327630185006,0.78903874725364,0.956384665187901
"gene-LOC134712819|LOC134712819",37.1893084013761,-0.0988746875424729,0.150937151036184,0.111954603303311,0.596307637172188
"gene-LOC134712821|LOC134712821",35.0183787477059,0.0673146703430956,0.132974028408233,0.193227662358988,0.670203352062234
"gene-LOC134712824|LOC134712824",25.7628562634269,0.0253290267778385,0.105601882851637,0.653101872464659,0.918176742506482
"gene-LOC134712825|LOC134712825",18.9295475299602,0.0239386944602037,0.109140946372815,0.649923530772352,0.918046712290982
"gene-LOC134712826|LOC134712826",246.025197222566,0.0648850274364439,0.0973335017100174,0.320725865748235,0.792910334915311
"gene-LOC134712827|LOC134712827",64.9567810731797,-0.168316398925998,0.213301862165968,0.0422296066826532,0.428466411445839
"gene-LOC134712829|LOC134712829",21.1410052935098,-0.0518473276504629,0.133131819694232,0.130457625401483,0.61938296577829
"gene-LOC134712830|LOC134712830",55.5129563803989,0.0327544426240601,0.0995866730896787,0.590069477441251,0.902148006853668
"gene-LOC134712831|LOC134712831",20.7510368155144,0.0466554901794614,0.110663471673477,0.426438863375616,0.835542057474881
"gene-LOC134712832|LOC134712832",12.7989335065937,-0.12533730460855,0.173710041752262,0.0723696353552221,0.522355256815887
"gene-LOC134712833|LOC134712833",103.247966680015,0.0921508028301892,0.152973588689907,0.102226488622914,0.580420146548146
"gene-LOC134712835|LOC134712835",8.37835192848167,0.0793878487418358,0.143405888835421,0.130701735355107,0.61938296577829
"gene-LOC134712836|LOC134712836",12.1398743087657,0.0274097623466654,0.11200693312154,0.589706454264219,0.902148006853668
"gene-LOC134712837|LOC134712837",19.9711025775925,-0.00144232627118203,0.117122802925687,0.964460556446889,0.992149053191037
"gene-LOC134712843|LOC134712843",22.2087960513715,-0.00813552472870469,0.109163040250482,0.868952501027376,0.975747205157066
"gene-LOC134712845|LOC134712845",16.2771260142157,-0.0016423379145935,0.120661941022016,0.931202635459186,0.986765437284343
"gene-LOC134712846|LOC134712846",11.1559307008163,-0.0154076137319781,0.117172688428602,0.676769343592142,0.924033840321159
"gene-LOC134712852|LOC134712852",16.1417257166341,0.0131721336247714,0.116340423696771,0.732033052186934,0.942119870738606
"gene-LOC134712860|LOC134712860",170.069920440155,0.201295978431618,0.127488385181819,0.0194227907868233,0.303668643429061
"gene-LOC134712862|LOC134712862",105.80342539967,0.0401806675957285,0.109961559636649,0.480617980423602,0.856172230112359
"gene-LOC134712863|LOC134712863",7.77576682857284,0.0088082063026572,0.118095984109706,0.785317218059744,0.956333327702894
"gene-LOC134712872|LOC134712872",143.148160398149,0.0610319452321708,0.0992032987445756,0.345585475161559,0.807264386614135
"gene-LOC134712874|LOC134712874",15.3180551459294,-0.0132340858737976,0.112697708240494,0.770458909817518,0.953685276062354
"gene-LOC134712883|LOC134712883",24.0129216449215,0.443058645453345,0.282182319469821,0.00479531335160958,0.170097116309965
"gene-LOC134712887|LOC134712887",5.34251699422843,-0.00668607229092516,0.122097809432314,0.531633222392162,NA
"gene-LOC134712891|LOC134712891",17.0659315105059,-0.0345659277486529,0.115130591858842,0.488563005821213,0.860500552821041
"gene-LOC134712892|LOC134712892",8.18084126660268,-0.0584858808695561,0.138730736993795,0.0709317020504951,0.517253366050821
"gene-LOC134712894|LOC134712894",121.643583836319,0.14802828633539,0.102137167961146,0.0451027582061517,0.439810620059727
"gene-LOC134712896|LOC134712896",17.2405064038984,0.0549178360826406,0.115518227993416,0.349996392490907,0.80898857511247
"gene-LOC134712897|LOC134712897",22.2399822974992,-0.0159307824338773,0.0997910926212064,0.784656241590657,0.956271862208695
"gene-LOC134712898|LOC134712898",10.7121903342957,0.0188310403021313,0.122838152145328,0.337611462055945,0.802058261976077
"gene-LOC134712900|LOC134712900",161.390917617415,0.0585802970086566,0.0985966951329187,0.367240985043466,0.813688679582993
"gene-LOC134712902|LOC134712902",12.9235662922331,0.0437475975706349,0.125486558872713,0.277868406009436,0.759238319138791
"gene-LOC134712927|LOC134712927",310.10289873462,-0.0497479580778824,0.107924232615001,0.412126708615703,0.831856384439449
"gene-LOC134712929|LOC134712929",248.852592767336,-0.0779487475569694,0.128241428949289,0.203316861919556,0.6839779604257
"gene-LOC134712944|LOC134712944",49.043912702682,-0.364024145642795,0.223705644350273,0.00566604777482736,0.178608897785745
"gene-LOC134713071|LOC134713071",175.387834309608,0.0629146233771896,0.122066176436886,0.27535248630394,0.757573390863412
"gene-LOC134713087|LOC134713087",10.9314530370924,0.00539822562747138,0.119078578466195,0.848818210523989,0.968198690416884
"gene-LOC134713129|LOC134713129",75.3918841507156,0.0953776206350937,0.108139354966151,0.172651007110204,0.652362962789262
"gene-LOC134713145|LOC134713145",28.2089787388707,0.0129345681034415,0.103339561153747,0.818466984977205,0.962092576666134
"gene-LOC134713197|LOC134713197",46.1766594103527,-0.0535702986036726,0.118960445669569,0.332629240886756,0.79994642567238
"gene-LOC134713256|LOC134713256",34.3809039602475,-0.0673046668389516,0.127308599610227,0.233183523232901,0.716057146239723
"gene-LOC134713272|LOC134713272",85.2951196568162,0.0799765553901128,0.117885346370394,0.226105976866459,0.711473807039039
"gene-LOC134713324|LOC134713324",532.472017570161,-0.0448032434407062,0.0962295838831673,0.477717744871435,0.855278075864733
"gene-LOC134713367|LOC134713367",22.9082697935304,-0.0771258796155872,0.135660305026908,0.174414985428876,0.6534236247508
"gene-LOC134713524|LOC134713524",72.6409713567903,0.117686156470542,0.13162615657552,0.112199251695061,0.596307637172188
"gene-LOC134713545|LOC134713545",8.92470083816408,0.0188849479771994,0.111238399669552,0.700607196372371,0.931282799721812
"gene-LOC134713561|LOC134713561",33.5227553798031,0.0244281824169288,0.105650285117882,0.663839156451999,0.921381956457196
"gene-LOC134713577|LOC134713577",80.8676327284059,-0.376541156224529,0.280039547509292,0.00750333057233611,0.202860803813087
"gene-LOC134713609|LOC134713609",23.5455894809123,0.0449002061656194,0.116691125124421,0.39997983983528,0.827255071865873
"gene-LOC134713661|LOC134713661",29.4225944297798,0.0394484904740595,0.121966058308162,0.360060203245595,0.811707062644871
"gene-LOC134713671|LOC134713671",24.2873167454545,0.0651258595636268,0.130945800348574,0.210724965020586,0.695206723805803
"gene-LOC134713714|LOC134713714",13.0354962436895,-0.0147496745414818,0.118464961964459,0.658197310300002,0.920149273256807
"gene-LOC134713715|LOC134713715",10.1073118729837,-0.00288272164120003,0.117267465982056,0.930321991305756,0.986765437284343
"gene-LOC134713718|LOC134713718",13.3301534887039,0.00731649359723789,0.122002198421357,0.554230558943922,0.886803778049819
"gene-LOC134713745|LOC134713745",777.051123224561,-0.025696783859431,0.0999616136442514,0.664889499666446,0.921517102343534
"gene-LOC134713755|LOC134713755",25.4867935492919,0.0160194816265492,0.114835794111592,0.708362410589078,0.933801459760888
"gene-LOC134713788|LOC134713788",10.5724638128485,0.0276692865622995,0.117639566871687,0.51535241695261,0.87166150681558
"gene-LOC134713809|LOC134713809",24.726389745714,0.0994196861416557,0.162993607972814,0.0769495458998001,0.530151931226866
"gene-LOC134713835|LOC134713835",185.919583422943,0.047409082989552,0.126317289948652,0.265501703235977,0.746411520495304
"gene-LOC134713873|LOC134713873",11.4976736969198,0.0402058811108025,0.119165289884189,0.402318499115763,0.827512340614772
"gene-LOC134713879|LOC134713879",19.1426759718667,0.0212197336102624,0.122133853308111,0.410358368452748,0.831856384439449
"gene-LOC134713884|LOC134713884",11.488875727571,0.0215544551908636,0.121195090457413,0.465177543972253,0.848670267917421
"gene-LOC134713885|LOC134713885",11.8604553506691,-0.0251728268048476,0.123320151653656,0.321322867797994,0.793320106579301
"gene-LOC134713897|LOC134713897",37.0629676165982,-0.0596616501541355,0.133569538429996,0.17186549071426,0.652148082884002
"gene-LOC134713910|LOC134713910",2061.83204016783,-0.0242860973455881,0.112880969676438,0.626301243211919,0.910590279867861
"gene-LOC134713912|LOC134713912",239.869898737076,-0.0417169416376351,0.125361664594077,0.272030551743952,0.75239604530628
"gene-LOC134713915|LOC134713915",37.6451120340103,-0.062826477955827,0.106835416518981,0.327349220713925,0.795063998766021
"gene-LOC134713920|LOC134713920",25.8099668423079,-0.000744308798424143,0.12202711943994,0.918393073944014,0.984677261486326
"gene-LOC134713921|LOC134713921",29.2289910352108,-0.0130800138026976,0.121632370491436,0.508568311235294,0.869757497794273
"gene-LOC134713934|LOC134713934",15.2402641845247,0.00418175896663516,0.11808457506394,0.894545074199405,0.979928513327605
"gene-LOC134713947|LOC134713947",114.581493725234,0.233042991161659,0.106134921297883,0.00451706954585445,0.169661798928779
"gene-LOC134713959|LOC134713959",33.9469084980765,0.00254673004037439,0.122107524589139,0.829480716760317,0.964892896096873
"gene-LOC134713968|LOC134713968",59.8673758415592,-0.004761964937619,0.120289779182411,0.827554372590474,0.96441722845034
"gene-LOC134713969|LOC134713969",34.6248229080815,-0.00514420166256222,0.121098380697293,0.770965547852591,0.953685276062354
"gene-LOC134713976|LOC134713976",8.44179728968415,0.0377874134238588,0.117431018063712,0.437539218204145,0.837229360357006
"gene-LOC134714008|LOC134714008",15.0235397179942,0.041691332491056,0.129221252252668,0.147088489155934,0.632815303076338
"gene-LOC134714020|LOC134714020",28.5935153777374,-0.0572406540374007,0.133827441455522,0.15619429067612,0.641040525737625
"gene-LOC134714026|LOC134714026",21.8719909131567,0.0598101340090573,0.121085965380828,0.295565348180332,0.773406321636096
"gene-LOC134714053|LOC134714053",13.4701786946283,-0.0229229503818522,0.115032723888382,0.608634307251257,0.905455368892464
"gene-LOC134714076|LOC134714076",5.6841457819017,-0.0255989381336162,0.123703852016798,0.293229928318843,NA
"gene-LOC134714108|LOC134714108",14.025765982774,-0.0240982650952294,0.12538921084762,0.039891800752064,0.418416940941467
"gene-LOC134714110|LOC134714110",26.9778434970727,0.405739447940837,0.198718879364709,0.00231390723033045,0.111082379794517
"gene-LOC134714111|LOC134714111",7.33171021202866,-0.00372915492055741,0.119527030188369,0.883165098971361,0.977383609163761
"gene-LOC134714117|LOC134714117",35.8771962477723,-0.0392028123798761,0.125099750629462,0.281506154976084,0.762459166226361
"gene-LOC134714194|LOC134714194",10.9662762177971,-0.00830599383106573,0.118038137761134,0.795276887097852,0.957868879990908
"gene-LOC134714207|LOC134714207",9304.78488109915,0.00490663277773259,0.115890046408393,0.879541641583783,0.977383609163761
"gene-LOC134714213|LOC134714213",25.8892886402547,0.0900417167384128,0.145466024863661,0.129384576607455,0.617390354361159
"gene-LOC134714239|LOC134714239",16.0926392970844,-0.00645345656959045,0.122306539507249,0.2626148186655,0.743843561643696
"gene-LOC134714263|LOC134714263",2034.80510712677,-0.0300985849034989,0.122078985328764,0.385020881143511,0.821366700441867
"gene-LOC134714264|LOC134714264",10.8534791234271,-0.0161568544697343,0.122601870258512,0.355903007917175,0.811592466382447
"gene-LOC134714298|LOC134714298",54.5799502211106,-0.0127340374816381,0.119787090853262,0.646077393304635,0.917652789229363
"gene-LOC134714337|LOC134714337",132.438608752564,0.253666034341541,0.13752777407147,0.0076489740925479,0.204791893253776
"gene-LOC134714372|LOC134714372",47.715020601922,0.635752221597567,0.197796233454728,6.49734953707586e-05,0.0161656681181947
"gene-LOC134714383|LOC134714383",61.4611428148179,0.0251280532039344,0.100997035979439,0.670715778085158,0.922849047889885
"gene-LOC134714392|LOC134714392",50.9886256388386,0.751770713505386,0.277877811102235,0.000274024741959431,0.0336421523366259
"gene-LOC134714403|LOC134714403",56.654189657427,0.00136197406552619,0.120116039625493,0.0163714093666851,0.281851689073804
"gene-LOC134714410|LOC134714410",8.59285509298496,-0.0150691062901408,0.121667244821439,0.485796742640845,0.858860199631088
"gene-LOC134714436|LOC134714436",21.708157402196,0.0323716429982897,0.123566598203561,0.326610650543408,0.795051568786952
"gene-LOC134714443|LOC134714443",8.43229521126137,-0.0382058967302089,0.125445897770155,0.266612450364714,0.746966776282741
"gene-LOC134714444|LOC134714444",91.5542445704225,0.0238374072403345,0.124003116851537,0.24525697215641,0.726183686552899
"gene-LOC134714450|LOC134714450",22.8650984905088,0.0372947326439641,0.114810189817952,0.468997420425327,0.850162332593012
"gene-LOC134714459|LOC134714459",21.0415521913603,-0.0776293648418764,0.138640438033211,0.156776939368985,0.641040525737625
"gene-LOC134714461|LOC134714461",64.0631331699429,-0.0458402423183636,0.114913350670773,0.405485609556528,0.829366707063204
"gene-LOC134714463|LOC134714463",10.098863745794,0.0260592797167541,0.123189822552838,0.334020982962853,0.800046820703714
"gene-LOC134714468|LOC134714468",31.0259955286705,-0.074270069345436,0.141411613570839,0.13291777643138,0.620317785725725
"gene-LOC134714469|LOC134714469",8.74992234863782,0.0215640372797002,0.120885589883285,0.481286042554922,0.856650928585217
"gene-LOC134714479|LOC134714479",9.16202800559685,-0.0247785877176023,0.11479004407824,0.587253257939606,0.900771758870919
"gene-LOC134714488|LOC134714488",34.1345554269686,0.00503103838776907,0.114654386983882,0.90184434093334,0.980885187660766
"gene-LOC134714493|LOC134714493",10.0983732788662,-0.0133422715843581,0.111846880347731,0.772572422361243,0.95409253295551
"gene-LOC134714494|LOC134714494",69.0465966466328,-0.0671572818350174,0.0981395012518589,0.305993209744728,0.781931159943171
"gene-LOC134714495|LOC134714495",13.1558481301111,-0.0757255410162032,0.153156603751225,0.0331918811848377,0.384707605731689
"gene-LOC134714499|LOC134714499",30.5002321053981,0.159100829092761,0.172294528790538,0.0549245664710685,0.477735282580525
"gene-LOC134714500|LOC134714500",6.55073207156844,-0.0041837876936672,0.12088949587458,0.823296200832679,NA
"gene-LOC134714501|LOC134714501",14.827118654952,-0.0141055043925041,0.116785028435063,0.706545130548625,0.933193036689757
"gene-LOC134714502|LOC134714502",38.5424905907125,-0.0488312888397528,0.115352837671905,0.383790974523654,0.821366700441867
"gene-LOC134714506|LOC134714506",145.22822608178,-0.0217470590284592,0.110880379464474,0.664655618342685,0.921517102343534
"gene-LOC134714509|LOC134714509",68.7552288224985,-0.325979309374877,0.254668477298747,0.0101261036395918,0.230469388698903
"gene-LOC134714512|LOC134714512",11.6550065807792,-0.00160472153343896,0.117656356945102,0.958704776033031,0.990589731896691
"gene-LOC134714513|LOC134714513",36.191659016209,0.0491474630775897,0.101949135362649,0.433581628889074,0.836209808984883
"gene-LOC134714514|LOC134714514",9.52082216662382,0.0283631566299689,0.116864634890581,0.523603400951258,0.873333155840528
"gene-LOC134714516|LOC134714516",14.6263458391208,0.0311047403389517,0.125491280055944,0.212246831317719,0.69700843766031
"gene-LOC134714517|LOC134714517",10.7186666659647,0.0251043624045025,0.114303824119342,0.593268116656338,0.902678361599724
"gene-LOC134714518|LOC134714518",13.3867868212657,0.00905970083893076,0.118095362051721,0.815124304541285,0.960728032217451
"gene-LOC134714521|LOC134714521",15.2884224662821,-0.0138401692146505,0.104654380188881,0.800559693167614,0.958777657383338
"gene-LOC134714522|LOC134714522",29.4416346369684,0.00927050798992799,0.114067999679772,0.82616687494947,0.964172729064096
"gene-LOC134714525|LOC134714525",23.8564390171471,0.08552077071757,0.153771144288898,0.0818581160757752,0.539169244759437
"gene-LOC134714527|LOC134714527",38.0669215205953,0.00800005841095709,0.0972660318320486,0.892661993908265,0.979078159399384
"gene-LOC134714533|LOC134714533",18.3092521868818,-0.021544005155717,0.117110727226892,0.59140704007902,0.902148006853668
"gene-LOC134714536|LOC134714536",28.1378824405787,0.0324925923698676,0.122535016223953,0.364774967352016,0.812684588929183
"gene-LOC134714537|LOC134714537",45.3794241429328,-0.0514751471638306,0.121102731385478,0.324106073297755,0.795051568786952
"gene-LOC134714538|LOC134714538",10.9909934051046,-0.022497893297904,0.12178198039079,0.424452861418828,0.835542057474881
"gene-LOC134714540|LOC134714540",48.4710583584556,0.0660493821946802,0.130328546028869,0.215225012572553,0.700182501805322
"gene-LOC134714541|LOC134714541",9.46229660837744,-0.0244699689811959,0.12033071733601,0.476902983392479,0.85513272278048
"gene-LOC134714544|LOC134714544",10.7575735462348,0.0114520090869318,0.111220911512627,0.810116825300825,0.960505277793567
"gene-LOC134714548|LOC134714548",55.1521480481561,0.0275392973745088,0.106957581396618,0.623429090118686,0.909577334092897
"gene-LOC134714551|LOC134714551",10.3776228388569,0.048605344846008,0.134359965369491,0.0504814757048367,0.462170869869832
"gene-LOC134714555|LOC134714555",7.73414640119631,0.0479983337499351,0.131746306673262,0.130907096479646,0.619698638139106
"gene-LOC134714556|LOC134714556",13.3754213888221,-0.00532840883736438,0.113418150565994,0.899765460366776,0.98065001678538
"gene-LOC134714557|LOC134714557",19.9419198860946,0.0104066658591306,0.113604418577332,0.810773560246532,0.960505277793567
"gene-LOC134714558|LOC134714558",18.4469464021271,0.0310622297234472,0.124550512788664,0.273832215704382,0.755055030710647
"gene-LOC134714559|LOC134714559",24.2220811023228,-0.0166731613109703,0.108618855307167,0.747723045315707,0.948137129422508
"gene-LOC134714567|LOC134714567",52.4464225982288,0.103100741343773,0.108341736184339,0.145430596654092,0.631223000301963
"gene-LOC134714572|LOC134714572",10.0175475024945,-0.0207127902961856,0.123613925391927,0.240462637489551,0.720989486819031
"gene-LOC134714573|LOC134714573",12.9513793713523,0.00786146093875695,0.116312861962567,0.832448202318888,0.965381343401655
"gene-LOC134714578|LOC134714578",44.7080545270554,0.0949002795214711,0.126328049031109,0.165921897760852,0.64634592229987
"gene-LOC134714581|LOC134714581",4.67730144410155,0.0078429675422151,0.122288113508926,0.425263386380514,NA
"gene-LOC134714590|LOC134714590",78.04488239915,-0.119138843435933,0.154489386274944,0.0952645405622426,0.572581175177074
"gene-LOC134714594|LOC134714594",39.0754371445367,-0.0433337766777764,0.124271942881099,0.303652761348323,0.779587085957351
"gene-LOC134714595|LOC134714595",104.977981054296,0.0268040373545853,0.124730624799452,0.213323186058063,0.697999552819894
"gene-LOC134714602|LOC134714602",40.3920472622807,-0.00484149256187313,0.0998300750710498,0.932356063210151,0.986824046819264
"gene-LOC134714604|LOC134714604",13.7132586829506,-0.007427278250811,0.12041981184944,0.74133697398017,0.9462881537647
"gene-LOC134714605|LOC134714605",19.0709873122018,0.000797737102814451,0.115081590146737,0.984132151711586,0.99595232498375
"gene-LOC134714615|LOC134714615",196.98510180547,0.0155931158313521,0.0824659775887625,0.79954370810647,0.958777657383338
"gene-LOC134714616|LOC134714616",37.5021997198531,-0.0114192974283252,0.113282555501691,0.793484504498099,0.957390487022614
"gene-LOC134714618|LOC134714618",40.3746678333584,-0.0402836567055753,0.122462802767629,0.344426696327132,0.806318077147199
"gene-LOC134714621|LOC134714621",13.6258468713548,0.0318739833574149,0.120445096392082,0.42461622849107,0.835542057474881
"gene-LOC134714622|LOC134714622",90.2813790399228,0.177810387020134,0.204227148028731,0.0409481831262198,0.422591508767551
"gene-LOC134714625|LOC134714625",23.0738757556512,-0.773579272469543,0.429912901649267,0.00204482884748463,0.100814241074957
"gene-LOC134714627|LOC134714627",10.4584606592938,-0.0235400523055826,0.118700400746783,0.532793376520568,0.876836729956355
"gene-LOC134714631|LOC134714631",112.919144053022,-0.0411757393643953,0.12486870225788,0.286864710609815,0.768483236746561
"gene-LOC134714633|LOC134714633",85.1549991296193,-0.00429380205340424,0.117600891553068,0.892452677570985,0.979078159399384
"gene-LOC134714634|LOC134714634",7.23950193760316,0.00161994178180754,0.119444844746691,0.950956261085927,0.990589731896691
"gene-LOC134714635|LOC134714635",16.9320880738901,-0.0801733579451653,0.13980659768336,0.152800051729526,0.639042493869484
"gene-LOC134714636|LOC134714636",8.41668032708362,0.0051199050243117,0.119905274984832,0.83431248860036,0.965558865799071
"gene-LOC134714641|LOC134714641",6.45161069962011,-0.00118225954983776,0.118303685883868,0.967613422283924,NA
"gene-LOC134714646|LOC134714646",14.5966686529697,0.0551156621643743,0.13993361268053,0.00874977062074053,0.216996154917434
"gene-LOC134714648|LOC134714648",18.3600259138409,0.0972552125639174,0.136985916731051,0.145181426732622,0.631223000301963
"gene-LOC134714650|LOC134714650",22.0483269010804,0.0984621557017553,0.129855544457118,0.154325570602509,0.640559180278199
"gene-LOC134714652|LOC134714652",11.1338530150344,-0.0784108718328858,0.149095256230728,0.0845307546824219,0.549485965573906
"gene-LOC134714656|LOC134714656",54.2944878913118,-0.00415303918536714,0.100115268992837,0.941662893921101,0.988383099169605
"gene-LOC134714660|LOC134714660",35.9011644935832,-0.439005165557301,0.401531625437129,0.00749284065171858,0.202860803813087
"gene-LOC134714662|LOC134714662",28.1940474612303,-0.145619955268242,0.181253695555685,0.0600371286306282,0.485548656927403
"gene-LOC134714663|LOC134714663",64.1033920347701,0.0868227836551958,0.139367066963143,0.152478172268697,0.639042493869484
"gene-LOC134714673|LOC134714673",18.5246151867867,0.0875853984686211,0.13767472998109,0.157825041232341,0.641040525737625
"gene-LOC134714675|LOC134714675",48.7171027687898,-0.0823331365712273,0.120146360409813,0.2118338151171,0.696978741645473
"gene-LOC134714676|LOC134714676",8.5374116059177,-0.0433035414754699,0.121160000518285,0.355579913405855,0.811592466382447
"gene-LOC134714678|LOC134714678",10.5333256792775,-0.0438142319972243,0.125742794971736,0.271537052168604,0.752049180358979
"gene-LOC134714681|LOC134714681",14.3736876530442,0.0236028794075577,0.108928032835891,0.655418391787157,0.918972538520344
"gene-LOC134714682|LOC134714682",30.6895985917602,0.0652858708872852,0.106208072270316,0.314409356274978,0.787911778075685
"gene-LOC134714683|LOC134714683",34.507678539615,0.0351736305357223,0.0976669069535337,0.567539298799665,0.89133209092497
"gene-LOC134714691|LOC134714691",88.0591351081562,-0.111442662637443,0.141885414411505,0.116309654147324,0.602996122136654
"gene-LOC134714693|LOC134714693",478.002101120479,0.159008973220437,0.126872932505384,0.04868037169585,0.45742447130517
"gene-LOC134714698|LOC134714698",70.5951173126837,-0.0652501455728503,0.11377348911797,0.298894440383291,0.776334379755606
"gene-LOC134714699|LOC134714699",19.3522704978173,0.358587692125626,0.217295768861341,0.00567618075484142,0.178608897785745
"gene-LOC134714701|LOC134714701",53.4512717358146,-0.0629067564147652,0.125102088252101,0.25826586463021,0.739072625225694
"gene-LOC134714702|LOC134714702",390.475103666907,0.256292862375369,0.131597526035779,0.0061816766942871,0.183196902316653
"gene-LOC134714705|LOC134714705",62.3957149127503,0.0198555519704799,0.11709862515724,0.619525720319008,0.908128424245264
"gene-LOC134714706|LOC134714706",8.11041486723045,0.021313154015535,0.122111645890048,0.408657258318788,0.831856384439449
"gene-LOC134714708|LOC134714708",44.1965998031169,0.00952861264475132,0.120598323200024,0.679499344194739,0.924535906928755
"gene-LOC134714716|LOC134714716",193.273949167699,0.0239054527426037,0.109230617611829,0.655978000023116,0.918972538520344
"gene-LOC134714726|LOC134714726",44.0937678858776,0.0948016296444584,0.12643236097222,0.166937474517312,0.646528965928963
"gene-LOC134714728|LOC134714728",55.9502819227866,-0.0132072068764872,0.0830485040444539,0.828397470177034,0.964681799744333
"gene-LOC134714735|LOC134714735",7.67543590900225,0.0164198471629219,0.122982501060099,0.283612761122705,0.76469746112829
"gene-LOC134714740|LOC134714740",13.1630846688562,0.00622189239925408,0.119929200228611,0.801939773910059,0.958777657383338
"gene-LOC134714741|LOC134714741",48.0794462521485,0.120590889368796,0.12948254972932,0.105909627446242,0.587088971091715
"gene-LOC134714744|LOC134714744",76.998887159385,-0.0838651161371379,0.0987757080592157,0.214292105860012,0.699064122196187
"gene-LOC134714746|LOC134714746",132.990434089888,-0.0282417091643558,0.0934041703718522,0.646017008323929,0.917652789229363
"gene-LOC134714747|LOC134714747",75.4212988518416,0.285854170407325,0.183973700065937,0.00960645884295837,0.22513264665285
"gene-LOC134714748|LOC134714748",19.2888013917049,-0.0495652987103686,0.120566815925997,0.33784094229222,0.802058261976077
"gene-LOC134714750|LOC134714750",41.7943099379482,-0.603155661256839,0.273171956981522,0.00107887610169014,0.0757277121936401
"gene-LOC134714751|LOC134714751",14.6779955184766,-0.0076332092754388,0.11142650553565,0.866025763061118,0.975434943535074
"gene-LOC134714754|LOC134714754",10.331789966475,0.0156664689923381,0.122986576234853,0.269249780810146,0.74903848755096
"gene-LOC134714759|LOC134714759",20.5714922963736,0.0572918014146772,0.118685852565483,0.318925788159379,0.791556704152286
"gene-LOC134714760|LOC134714760",102.916162868515,0.306951743364567,0.153657638087312,0.00402353872122851,0.164703788989884
"gene-LOC134714762|LOC134714762",17.6297173678657,0.0791120819665153,0.151520330999386,0.069976261818567,0.515108081148819
"gene-LOC134714763|LOC134714763",12.9942662952787,-0.0183055177366364,0.119429348821675,0.573720788824953,0.892996491374277
"gene-LOC134714765|LOC134714765",10.5917244414977,0.0170283518942765,0.120210294097999,0.563917555799367,0.889818923835977
"gene-LOC134714769|LOC134714769",30.8747364499293,-0.131221129866756,0.161132673669714,0.0780518824992098,0.531757412692844
"gene-LOC134714771|LOC134714771",92.6294109237323,-0.0655063657749419,0.115399131589958,0.293834008411762,0.772631316913971
"gene-LOC134714775|LOC134714775",76.358977881996,0.413489606503682,0.146016667163131,0.00032164557284659,0.0382349792864779
"gene-LOC134714778|LOC134714778",20.0184544277827,0.0238254755378405,0.117522740438766,0.558492477659772,0.889197747931761
"gene-LOC134714787|LOC134714787",9.91148366871734,-0.0160709750227642,0.12125866894266,0.510932228355717,0.871213902130229
"gene-LOC134714788|LOC134714788",1041.547856048,0.00834182534761944,0.0633718873006872,0.878308321615293,0.977383609163761
"gene-LOC134714791|LOC134714791",177.302554022477,0.766632946857369,0.188888583622192,2.47227337744923e-06,0.00132248966597981
"gene-LOC134714792|LOC134714792",7.82894954068138,-0.00979385435994165,0.120034868680618,0.70058750101369,0.931282799721812
"gene-LOC134714795|LOC134714795",11.286159649502,0.00617022938813354,0.116859498498724,0.862792159546139,0.973956778441233
"gene-LOC134714797|LOC134714797",1743.44182719891,0.0874275250079919,0.137807102666951,0.162389433274754,0.644051070807598
"gene-LOC134714798|LOC134714798",14.2390661363613,-0.0161073889034866,0.109516229657271,0.749970700337548,0.949011133284577
"gene-LOC134714802|LOC134714802",14.7039469140995,-0.00461866345737131,0.118731101187239,0.87158340900229,0.976875742322778
"gene-LOC134714805|LOC134714805",14.2377973306599,-0.0667303223111265,0.147019137996541,0.0230032285509877,0.323818004921705
"gene-LOC134714808|LOC134714808",31.9411348149169,-0.0198038249108512,0.105615232015642,0.71851003618716,0.936953101341746
"gene-LOC134714811|LOC134714811",11.5628445865481,-0.000149924759581158,0.120422813689808,0.992210560711521,0.997848481775248
"gene-LOC134714815|LOC134714815",9.36862027553112,0.0432425391763568,0.124747141282151,0.294153097312806,0.772631316913971
"gene-LOC134714818|LOC134714818",79.8594410867213,-0.0288829817877739,0.120090990161873,0.452464320986435,0.844734225721323
"gene-LOC134714819|LOC134714819",10.1531290488962,-0.0372071316595959,0.125629429171703,0.256845540549943,0.736415104585958
"gene-LOC134714823|LOC134714823",15.6164719484539,0.0169709893596321,0.106053581742519,0.755140376453091,0.949504076436736
"gene-LOC134714825|LOC134714825",10.1562078004696,0.0107709374099856,0.120211207973287,0.671571874702963,0.923334270176334
"gene-LOC134714827|LOC134714827",99.6446103783729,0.0147523912405748,0.0801669665240399,0.808294153215032,0.960505277793567
"gene-LOC134714828|LOC134714828",133.279741108369,0.0618215811381725,0.126705516646742,0.247481942794884,0.728288152552403
"gene-LOC134714829|LOC134714829",14.8641682782417,0.0204746831774791,0.120260373259334,0.518547774994655,0.872022093906266
"gene-LOC134714834|LOC134714834",118.093515945641,0.0802310680837905,0.0910260888384198,0.230830742331734,0.714623063583092
"gene-LOC134714835|LOC134714835",43.7893196661657,0.0164017967263646,0.0975318910283652,0.780816362675757,0.955272826382029
"gene-LOC134714836|LOC134714836",9.11242595133483,0.0353532419780771,0.126616768902978,0.194813523510504,0.672225346782597
"gene-LOC134714838|LOC134714838",75.800785091991,0.408248998360646,0.175066725434573,0.00124020893405818,0.0814730237470326
"gene-LOC134714839|LOC134714839",17.4049068772653,0.00990075672199011,0.120816705443608,0.654800083142794,0.918972538520344
"gene-LOC134714843|LOC134714843",15.2089385346226,0.0392326839529811,0.110765044584563,0.482732798790482,0.857491918914117
"gene-LOC134714846|LOC134714846",32.7119134127166,0.0047632977810321,0.112454350531344,0.914582909826756,0.983531219369985
"gene-LOC134714847|LOC134714847",11.1479722141109,-0.037853923359221,0.119840780978909,0.402887769729816,0.827512340614772
"gene-LOC134714850|LOC134714850",42.6003637696402,-0.00405146476548433,0.112305991277444,0.926304100119723,0.985382301959745
"gene-LOC134714852|LOC134714852",49.4655016136265,0.288054112189169,0.188684988777275,0.00976686516920314,0.225153261227001
"gene-LOC134714854|LOC134714854",8.34028241923149,-0.00289120747384169,0.121305803292971,0.851978862371338,0.970266073646434
"gene-LOC134714862|LOC134714862",39.1441088542936,0.0182902472581588,0.106144585886624,0.737824767488585,0.944434969376115
"gene-LOC134714863|LOC134714863",17.8222663082947,0.542922682691323,0.360215723373049,0.00418591969960983,0.164703788989884
"gene-LOC134714864|LOC134714864",35.0096016555357,0.357655266637977,0.171588780825041,0.0026284691792488,0.123802551467888
"gene-LOC134714865|LOC134714865",33.0513580451466,0.0107711465240001,0.112445403478702,0.813269384322059,0.960505277793567
"gene-LOC134714866|LOC134714866",63.4174671552076,-0.059578407879025,0.140601465815593,0.0453174309432671,0.441329311227733
"gene-LOC134714868|LOC134714868",47.9788440945013,0.14409552028229,0.246821571114071,0.0224618052971264,0.322058625492466
"gene-LOC134714869|LOC134714869",13.099934269801,0.0473374663946437,0.1251218809332,0.286449351823635,0.768483236746561
"gene-LOC134714870|LOC134714870",12.3845452293353,0.0620477997848064,0.12415104393636,0.265786624435136,0.746615165189322
"gene-LOC134714878|LOC134714878",19.7846987972867,0.0194847927186066,0.11475678512501,0.656999234020216,0.919387834647762
"gene-LOC134714879|LOC134714879",11.1341783064864,-0.0230056432813295,0.123821812790917,0.251591921005628,0.730332828423119
"gene-LOC134714882|LOC134714882",21.6340502675999,-0.0331168085707421,0.113736491870325,0.515092488115502,0.871560696678037
"gene-LOC134714884|LOC134714884",8.79403964295668,-0.023205531149374,0.112640177172632,0.630744160949086,0.912337712919943
"gene-LOC134714885|LOC134714885",56.1885633866652,0.0347362775962202,0.109804717337832,0.530820738547838,0.876596793458922
"gene-LOC134714886|LOC134714886",207.488198524326,-0.0184245768719026,0.107598280385613,0.728425347920146,0.941275691470766
"gene-LOC134714887|LOC134714887",32.0233868704639,-0.0369631274348874,0.102596716914577,0.537564205809091,0.877658237912423
"gene-LOC134714888|LOC134714888",41.8224111221181,-0.111870741729855,0.1738327108495,0.0665785535941498,0.503085131759915
"gene-LOC134714889|LOC134714889",14.7043133947421,0.00434088178740657,0.109617167651673,0.929923733574202,0.986709951932162
"gene-LOC134714896|LOC134714896",68.1058079300979,0.0483633559317951,0.094262085850198,0.445654541187332,0.841633495783625
"gene-LOC134714900|LOC134714900",6.44666039393122,-0.0167286335190584,0.122842633211982,0.315335363715904,NA
"gene-LOC134714905|LOC134714905",18.8058384148225,0.00537794522176113,0.12062308102577,0.79847436095699,0.958777657383338
"gene-LOC134714908|LOC134714908",10.3300458023559,-0.00850545476732949,0.120953299179601,0.675566330042773,0.92387619829345
"gene-LOC134714910|LOC134714910",72.8513185570627,-0.0531054728929093,0.0910382763066281,0.406916268779296,0.830579432239887
"gene-LOC134714913|LOC134714913",17.6879256721419,0.0837202159881227,0.133255298367039,0.175494321894432,0.653957193103024
"gene-LOC134714916|LOC134714916",13.8347698768266,0.00979781629905264,0.108455725496074,0.847431305735947,0.968198690416884
"gene-LOC134714923|LOC134714923",11.6274785255349,-0.00204254643425866,0.120273063927336,0.923775798035594,0.985177432859168
"gene-LOC134714924|LOC134714924",13.0689801057422,-0.033616656465545,0.116334711844168,0.481344852053591,0.856650928585217
"gene-LOC134714925|LOC134714925",25.0819084393324,-0.03368865234434,0.119368190453012,0.435195263015198,0.836746239876078
"gene-LOC134714933|LOC134714933",37.5058344764881,-0.268889932731428,0.274502416355991,0.0170352422449599,0.290608039117323
"gene-LOC134714936|LOC134714936",31.8183038459542,-0.0347218127715887,0.109543457484513,0.531681750975463,0.876836729956355
"gene-LOC134714939|LOC134714939",245.384007367233,0.677555428371629,0.137397985660632,4.67544159865736e-08,5.83573035539083e-05
"gene-LOC134714941|LOC134714941",389.446736977998,0.0845808176135447,0.094306391399596,0.209888310345055,0.69336283907107
"gene-LOC134714942|LOC134714942",16.7433310313103,0.0635334273048031,0.134344491328715,0.173325565736706,0.652606918955351
"gene-LOC134714943|LOC134714943",19.4819025438512,0.0250764610962151,0.10889439871942,0.638061066067936,0.914708905777713
"gene-LOC134714948|LOC134714948",32.9836936127413,0.474117034332594,0.192653595252005,0.000762385416826673,0.062059830289293
"gene-LOC134714949|LOC134714949",45.9278064959131,0.0771627249806654,0.141798757595797,0.136399239781091,0.624139845752057
"gene-LOC134714950|LOC134714950",13.0719256203514,0.0887104860306323,0.14351208110917,0.13537414187144,0.624139845752057
"gene-LOC134714952|LOC134714952",23.6285859600868,0.0832990404016168,0.132351734737056,0.18063137767799,0.658380594100839
"gene-LOC134714956|LOC134714956",26.9354122922901,-0.0311836317263932,0.123886416335717,0.308536228322046,0.783795052206173
"gene-LOC134714958|LOC134714958",12.7980256920598,-0.0203740779738964,0.116824588976104,0.611973144802803,0.905840017185814
"gene-LOC134714961|LOC134714961",5.3601598670475,0.00384835402632509,0.121802673991828,0.747486863979159,NA
"gene-LOC134714963|LOC134714963",11.457205256819,-0.0914832018847043,0.154993654378933,0.0929215167802343,0.568072848299734
"gene-LOC134714965|LOC134714965",17.753272060829,-0.0110600492687772,0.117475580095761,0.749125225588534,0.948815960168088
"gene-LOC134714966|LOC134714966",149.570899012774,-0.0686135790084003,0.108424672053962,0.289104304559215,0.770620674980242
"gene-LOC134714967|LOC134714967",32.1192186479657,-0.0014812456062827,0.100264834444323,0.979051735701726,0.995569972169796
"gene-LOC134714973|LOC134714973",41.2394058101286,-0.00901102683584619,0.101713621378219,0.872778462410647,0.977383609163761
"gene-LOC134714976|LOC134714976",22.7918504257321,-0.041569855241531,0.119672640892142,0.389879109168946,0.82303705168547
"gene-LOC134714977|LOC134714977",14.0451885275425,-0.0254053174053465,0.120776070732858,0.453496604551744,0.844887595033348
"gene-LOC134714978|LOC134714978",12.6070048972571,-0.0176416660007762,0.119265450620401,0.588593065000588,0.901979427826765
"gene-LOC134714979|LOC134714979",44.6779220066243,-0.0037273789370664,0.105277499840273,0.943700959190174,0.988997548751079
"gene-LOC134714980|LOC134714980",140.331840503354,0.0339516064125688,0.10235552979781,0.631094921682605,0.912337712919943
"gene-LOC134714981|LOC134714981",48.7092475816574,-0.0507286502489946,0.105253159473298,0.413399664457292,0.831856384439449
"gene-LOC134714982|LOC134714982",574.394410104714,-0.00771110701003351,0.0779259057559658,0.897101066547478,0.979928513327605
"gene-LOC134714983|LOC134714983",63.7543319529548,0.138591588020564,0.199071079671094,0.0508442579854832,0.462875272616026
"gene-LOC134714984|LOC134714984",7.88424734614871,0.0315599621576852,0.122159270875012,0.385164969825263,0.821366700441867
"gene-LOC134714986|LOC134714986",22.4873632596979,-0.0442304844120394,0.110339433050443,0.444958360749479,0.84127572927363
"gene-LOC134714987|LOC134714987",73.2558412678956,0.0972829954672582,0.118457430298898,0.164409352024841,0.646240674287407
"gene-LOC134714991|LOC134714991",9.63416935808993,0.0110430515354125,0.115785403941201,0.776065102904987,0.954802623385741
"gene-LOC134714992|LOC134714992",24.9945492564949,0.100748762803174,0.138477478084988,0.137626606168741,0.624139845752057
"gene-LOC134714995|LOC134714995",10.6817077004477,0.0237352191808231,0.118767767122675,0.530351891467556,0.876391287555279
"gene-LOC134714996|LOC134714996",19.4632741364714,0.00500825023523079,0.109726409928568,0.918332813496443,0.984677261486326
"gene-LOC134714997|LOC134714997",32.7775961723506,-0.494809480751014,0.191566448140331,0.000532910575305209,0.0518307441358533
"gene-LOC134714998|LOC134714998",71.0025571700046,-0.0204623523651611,0.100058712318143,0.727623602928471,0.941169644555951
"gene-LOC134714999|LOC134714999",12.0185367142553,-0.00903435541066524,0.120198060990409,0.710446270056695,0.933953954014707
"gene-LOC134715001|LOC134715001",17.6044176806106,0.0331767084531521,0.111420297387286,0.534215194287438,0.876836729956355
"gene-LOC134715002|LOC134715002",111.074535787411,-0.0343186593884887,0.107100621475168,0.546992842569344,0.88287604337532
"gene-LOC134715003|LOC134715003",119.050213667744,0.0634941956902429,0.104401495282895,0.327212262815089,0.795063998766021
"gene-LOC134715007|LOC134715007",54.1793548701949,0.0792219205950423,0.0958638860202213,0.234619400646891,0.716292169361828
"gene-LOC134715015|LOC134715015",44.2878600369702,0.00846985694564491,0.0938262790768862,0.888115297150406,0.977383609163761
"gene-LOC134715016|LOC134715016",34.1283154920261,-0.0134218395442155,0.120158074861125,0.617712189051866,0.907747426106231
"gene-LOC134715017|LOC134715017",11.8562110416112,-0.0126367599612144,0.121419809210353,0.542200170123873,0.88081064513182
"gene-LOC134715019|LOC134715019",14.7124478601531,-0.108322006565044,0.179581004445626,0.0472411722584166,0.452415778827727
"gene-LOC134715024|LOC134715024",15.8071432347538,-0.0372925768038318,0.129114325856192,0.0715532214964748,0.519231261978267
"gene-LOC134715025|LOC134715025",340.614574543871,0.0145494973930344,0.0900019848330606,0.815108107103889,0.960728032217451
"gene-LOC134715026|LOC134715026",19.3032543183734,0.0314273565421627,0.124417022566153,0.282759333415167,0.764014430512496
"gene-LOC134715033|LOC134715033",10.6028267045025,-0.0114614557559534,0.119594461638659,0.683258680649529,0.925805004411856
"gene-LOC134715036|LOC134715036",13.3113032398864,-0.0165999205435751,0.120282854567571,0.561933107042409,0.889818923835977
"gene-LOC134715038|LOC134715038",47.0093585737069,0.0486894607669554,0.104805762720761,0.431284820408436,0.8360891578941
"gene-LOC134715039|LOC134715039",22.3134912584902,-0.0150129814770239,0.113954391234038,0.729994554154387,0.941275691470766
"gene-LOC134715042|LOC134715042",14.5782285967105,-0.0204579650544332,0.123012521009173,0.323245279594343,0.794741923467509
"gene-LOC134715049|LOC134715049",8.32832260414825,0.0258762467088392,0.123311321840466,0.32558127142745,0.795051568786952
"gene-LOC134715050|LOC134715050",389.52510779616,-0.0360663315497455,0.104343714541788,0.542955260711007,0.880825086926021
"gene-LOC134715052|LOC134715052",58.2752122756468,0.151228842516958,0.136102763993038,0.0606646010799784,0.488070148774082
"gene-LOC134715053|LOC134715053",54.1242674432404,0.0120033497759098,0.101743432141835,0.8342657895454,0.965558865799071
"gene-LOC134715055|LOC134715055",11.1605139445317,0.0667773279362729,0.133571723897409,0.190024858552403,0.666686889874754
"gene-LOC134715067|LOC134715067",6.7863172680978,0.0147745536731236,0.122238316601433,0.417053585875444,0.833105976159296
"gene-LOC134715068|LOC134715068",17.7928732179961,0.0559191197066156,0.117274743611552,0.333409728454598,0.800033789297176
"gene-LOC134715072|LOC134715072",9.10800558192052,-0.00490293755455722,0.119966632942366,0.836363964224621,0.965558865799071
"gene-LOC134715073|LOC134715073",38.690184379902,0.0252891144424709,0.11962318023355,0.494498494500792,0.862636670234436
"gene-LOC134715079|LOC134715079",30.1932141704584,-0.00393956551807821,0.112360255157139,0.9283608558553,0.985809423772648
"gene-LOC134715081|LOC134715081",17.5386122362269,-0.0143873351434844,0.116664736977971,0.703976151269633,0.932450901460609
"gene-LOC134715084|LOC134715084",34.6219603395254,0.00226996547120825,0.113229427271255,0.959717743907803,0.990589731896691
"gene-LOC134715087|LOC134715087",1581.79177460532,-0.0950630399647236,0.103512776855269,0.169725382394038,0.650165416239872
"gene-LOC134715093|LOC134715093",11.8174867658354,-0.000296111116129992,0.121425788440237,0.979123374431485,0.995569972169796
"gene-LOC134715094|LOC134715094",12.0918657973547,0.177733730211479,0.293794294378817,0.0237153704256155,0.328897053921174
"gene-LOC134715097|LOC134715097",8.50616452163682,0.0258395710526868,0.123061892129479,0.340452201688013,0.80340288344589
"gene-LOC134715099|LOC134715099",15.7154548538086,-0.019104320083052,0.108858445850323,0.712066349243947,0.934586259228345
"gene-LOC134715101|LOC134715101",100.658200277021,-0.0742626829665762,0.116137375061263,0.250768268274107,0.729038649497201
"gene-LOC134715102|LOC134715102",64.42647194421,0.126347225293505,0.117680976292166,0.092107764969636,0.566334196927425
"gene-LOC134715103|LOC134715103",9.89771215795559,0.0298089570390254,0.115987714066653,0.523049215960341,0.873333155840528
"gene-LOC134715106|LOC134715106",2000.95565186382,0.0749327571384619,0.0877877885642813,0.252854453891779,0.730712643811058
"gene-LOC134715107|LOC134715107",13.8719624635416,0.041318910754792,0.117511052213978,0.413969517825771,0.831856384439449
"gene-LOC134715114|LOC134715114",7.49177629470003,-0.0291790262633743,0.124582683700397,0.254902926470534,0.733090636074436
"gene-LOC134715119|LOC134715119",12.5888307081632,-0.0374301699670122,0.118866432481078,0.418579685317836,0.833869845043139
"gene-LOC134715121|LOC134715121",15.0067840200419,0.0307712204620876,0.119265988120623,0.457664225741755,0.846128155492666
"gene-LOC134715122|LOC134715122",9.21944049923716,0.0213768814148699,0.117971381608756,0.577242404560769,0.895395270869015
"gene-LOC134715123|LOC134715123",31.1630422849605,0.00519924455772955,0.106746505807136,0.921057528547547,0.984696621169533
"gene-LOC134715124|LOC134715124",55.726683579649,-0.0488355130396665,0.123103394481752,0.311535629671072,0.786334587117028
"gene-LOC134715125|LOC134715125",6.61252301202383,0.00903222077847711,0.120992223578068,0.662346915136111,NA
"gene-LOC134715130|LOC134715130",126.299164534407,-0.0914749150104505,0.0858612539606332,0.159449257796832,0.641731615768171
"gene-LOC134715132|LOC134715132",12.482954550312,-0.0647050928878474,0.138560434396029,0.124023593170008,0.610633401063977
"gene-LOC134715134|LOC134715134",125.171954920621,-0.239300400830263,0.285023993067018,0.021050679864237,0.313800829314075
"gene-LOC134715135|LOC134715135",26.8885516088839,-0.00752993123827688,0.120237559622969,0.747163608263043,0.947986108770842
"gene-LOC134715137|LOC134715137",55.6460599126404,0.111526483264531,0.155715448299665,0.0993326026796229,0.579342280275393
"gene-LOC134715138|LOC134715138",123.062662026963,0.685879035453785,0.218250855570653,7.77155265473148e-05,0.0180986896524732
"gene-LOC134715140|LOC134715140",31.88106020322,-0.0274430111344759,0.109027424383816,0.609954290874261,0.905829590890778
"gene-LOC134715141|LOC134715141",13.2369494869036,-0.00573877679673708,0.114679183106897,0.885753378095815,0.977383609163761
"gene-LOC134715144|LOC134715144",88.6103191842335,0.0460020959884621,0.0883412947710778,0.466227406606275,0.848706137110937
"gene-LOC134715146|LOC134715146",3328.93993039369,0.0930435971087924,0.0989645108662552,0.177345886042629,0.654602506641404
"gene-LOC134715149|LOC134715149",20.9799292754057,0.0443622743870966,0.1253457352456,0.2832517364671,0.764433535394795
"gene-LOC134715150|LOC134715150",36.9115978743273,0.282042829880623,0.190736603615502,0.0109741628068743,0.240308494914274
"gene-LOC134715154|LOC134715154",55.7896574904285,-0.00464191011725696,0.104264122420097,0.93117201512459,0.986765437284343
"gene-LOC134715161|LOC134715161",10.1445427824759,0.0193468017980244,0.122424384331372,0.388727587080038,0.82303705168547
"gene-LOC134715165|LOC134715165",25.0324371116321,0.0770474918924745,0.138360212873284,0.159936768007245,0.642578570604214
"gene-LOC134715166|LOC134715166",48.4789582621014,0.138166068339084,0.12276287166845,0.0735818230579122,0.523815848745917
"gene-LOC134715173|LOC134715173",66.8231383834843,-0.0155515478446544,0.101222908149209,0.786589062346394,0.956384665187901
"gene-LOC134715175|LOC134715175",73.819768319116,-0.0978394225521179,0.149820011127119,0.114897547276831,0.600565684702998
"gene-LOC134715176|LOC134715176",10.1032968898625,0.0469727216382285,0.120892981554533,0.346779229813351,0.808791545335467
"gene-LOC134715180|LOC134715180",71.339655179013,0.538719008760567,0.135803652210679,4.47542391872925e-06,0.00209477810796021
"gene-LOC134715181|LOC134715181",8.96654446717438,-0.00988086293417582,0.121539664007963,0.581686837511747,0.897457750487573
"gene-LOC134715182|LOC134715182",91.2470094182207,-0.00681566695102886,0.109435157024964,0.889272726989856,0.978177856383876
"gene-LOC134715185|LOC134715185",8.86485777087977,0.0236669758268793,0.11915678908012,0.523410460982341,0.873333155840528
"gene-LOC134715188|LOC134715188",7.90622968431357,-0.0182567374176051,0.118435510216674,0.604749677129928,0.904589020585693
"gene-LOC134715190|LOC134715190",8.59255947629402,0.0428519083434823,0.12996339780612,0.129947629563312,0.618676285950187
"gene-LOC134715192|LOC134715192",14.6418652708069,0.00824034713092717,0.120559365633684,0.714506065832504,0.935469372610828
"gene-LOC134715195|LOC134715195",11.5873917005186,0.0333339681523368,0.122277725169723,0.370323513479792,0.81906461678977
"gene-LOC134715199|LOC134715199",34.3438109018134,-0.0235015144819506,0.0985044700497854,0.693877582244541,0.929296223627318
"gene-LOC134715200|LOC134715200",112.205281670946,-0.186627989142403,0.192623895819864,0.0378153722990859,0.408639827498952
"gene-LOC134715201|LOC134715201",7.2816767107222,0.00924659262092784,0.122073403442934,0.49358694038956,0.862457269357709
"gene-LOC134715202|LOC134715202",10.0694940645866,0.00344659041754208,0.114804447780968,0.932213020276421,0.986824046819264
"gene-LOC134715203|LOC134715203",44.5552437440644,-0.0381512895200519,0.0956558434908835,0.539078178545446,0.878788959322344
"gene-LOC134715206|LOC134715206",18.8557142354854,-0.0577079065020049,0.117095099799912,0.325867333501924,0.795051568786952
"gene-LOC134715208|LOC134715208",10.4919668633539,0.0483050187454645,0.133471539940331,0.0762104896354887,0.528148746200357
"gene-LOC134715209|LOC134715209",8.38381395792035,0.0106966785147717,0.120401671381081,0.662382182502855,0.921381956457196
"gene-LOC134715211|LOC134715211",36.9118599114421,-0.0104648450380923,0.10643699307525,0.843084987772199,0.966613035218243
"gene-LOC134715213|LOC134715213",9.18720283810924,0.000690738054302836,0.121052380176139,0.970248643255832,0.99332345728984
"gene-LOC134715218|LOC134715218",38.2747879126199,0.0419720475525652,0.124554133859126,0.300165952634713,0.777429673074222
"gene-LOC134715219|LOC134715219",20.5107243573193,0.01582660684427,0.109954718261513,0.751946848580698,0.949345259435755
"gene-LOC134715222|LOC134715222",8.89848997616588,-0.0177758801672828,0.114772627273521,0.679538372527925,0.924535906928755
"gene-LOC134715224|LOC134715224",49.0007837033254,0.0454577927960973,0.118275369097039,0.381428510405047,0.820970015863961
"gene-LOC134715226|LOC134715226",14.4175311923228,-0.0437479354011828,0.126553840913141,0.252408687632212,0.730712643811058
"gene-LOC134715236|LOC134715236",8.69348082215823,-0.0542714428845478,0.133992129584576,0.132404685553158,0.620317785725725
"gene-LOC134715242|LOC134715242",304.069560427881,0.108405528448678,0.110860344106418,0.131112344967747,0.61988658551986
"gene-LOC134715246|LOC134715246",38.7677369835936,-4.45270956682208e-05,0.102056238107336,0.997919835419648,0.999521418678313
"gene-LOC134715252|LOC134715252",24.3108403078695,0.0605781018630683,0.135604620021037,0.145909065282326,0.631223000301963
"gene-LOC134715253|LOC134715253",22.467922553083,0.120800477188479,0.136860239935293,0.104596020795512,0.585003435203576
"gene-LOC134715259|LOC134715259",16.254401537937,0.0796898066109397,0.1326260966445,0.186122096991929,0.663538766430975
"gene-LOC134715260|LOC134715260",44.7565491838726,0.031369832391388,0.12014765483923,0.435187541387727,0.836746239876078
"gene-LOC134715261|LOC134715261",23.2997025032519,0.00591650177861182,0.120965069697165,0.759277704690648,0.950201142489307
"gene-LOC134715267|LOC134715267",750.914090935837,0.00443320138364991,0.0795995189451709,0.942390589902057,0.98873117508777
"gene-LOC134715269|LOC134715269",23.8440229069099,-0.108000534034932,0.160300780776097,0.0916192219558596,0.565186452411394
"gene-LOC134715272|LOC134715272",102.269407083259,-0.136534743678019,0.106383196751652,0.0647719194819757,0.498025569815725
"gene-LOC134715274|LOC134715274",8.87640426549228,-0.0193379534230431,0.123359967023345,0.258700698130295,0.739187153108653
"gene-LOC134715278|LOC134715278",55.3530267576819,0.102028046735273,0.148102204017844,0.12144508695052,0.608970421657898
"gene-LOC134715279|LOC134715279",49.7802023328297,-0.0224457543735815,0.100812024101825,0.700051247691638,0.931204936760689
"gene-LOC134715280|LOC134715280",20.9620468460768,-0.0202422687185918,0.113005650189802,0.666005041642668,0.921742651670224
"gene-LOC134715284|LOC134715284",14.8838351899572,0.0306665648406485,0.122606289895196,0.365257951713337,0.812684588929183
"gene-LOC134715285|LOC134715285",19.6934504746982,-0.00382135205842869,0.119724782065082,0.875234719283996,0.977383609163761
"gene-LOC134715286|LOC134715286",23.4690607760029,0.00194672950789529,0.111785941629811,0.966693495648205,0.992550187342434
"gene-LOC134715287|LOC134715287",22.5098814156986,0.0227259161946009,0.101834123607224,0.69690380856882,0.929563146928802
"gene-LOC134715289|LOC134715289",183.268229183084,0.0270563113275428,0.114149134174981,0.573143829873314,0.892996491374277
"gene-LOC134715290|LOC134715290",13.2297857294187,0.0669352983316213,0.134742494472466,0.176776880247666,0.654078454530239
"gene-LOC134715295|LOC134715295",12.120380080931,0.0319907621016201,0.125718678956683,0.20756233393104,0.689633681814358
"gene-LOC134715298|LOC134715298",7.71994632716953,0.0430345278103175,0.125121645795672,0.287926747530863,0.768799212484725
"gene-LOC134715299|LOC134715299",78.9104030274472,0.0452824022700148,0.0958736645683145,0.474344025464442,0.854085739419948
"gene-LOC134715300|LOC134715300",20.3082394008527,0.00287643053004986,0.11976864991169,0.911383297870892,0.98251592545162
"gene-LOC134715301|LOC134715301",85.571761681852,0.00903499774410995,0.11131276958209,0.848496930239035,0.968198690416884
"gene-LOC134715302|LOC134715302",11.4357485944062,-0.00930977764326889,0.119306526381663,0.739882111444253,0.945457375552541
"gene-LOC134715305|LOC134715305",70.1830858918654,0.0149543834141947,0.101467172056065,0.795817720257324,0.95817988858635
"gene-LOC134715327|LOC134715327",13.1745319318386,0.00293188716205713,0.116228473360875,0.936588899099995,0.986824046819264
"gene-LOC134715330|LOC134715330",13.0963583513217,0.0651430045570045,0.133704683757086,0.186672087735887,0.664305038283257
"gene-LOC134715332|LOC134715332",19.8215700437198,0.0843982795664584,0.130275104508573,0.184866799564087,0.66207097044213
"gene-LOC134715335|LOC134715335",14.9939434811243,-0.02781116755616,0.125937621078064,0.0954247132560832,0.57301043493088
"gene-LOC134715339|LOC134715339",86.8150985010855,-0.0441465061862366,0.104756505479924,0.469070738185916,0.850162332593012
"gene-LOC134715340|LOC134715340",43.9790937850338,0.0688098956449804,0.137075311878371,0.158764121883217,0.641040525737625
"gene-LOC134715351|LOC134715351",9.81061817329413,0.0427237542801262,0.121722982172983,0.350901583728865,0.809840919387868
"gene-LOC134715354|LOC134715354",7.71082569347822,-0.00630725756421825,0.120769680823815,0.756112144173702,0.94961625594829
"gene-LOC134715360|LOC134715360",191.968688067061,-0.0252786757945977,0.121129598562295,0.439856220510094,0.838254072769177
"gene-LOC134715361|LOC134715361",87.0281337169111,-0.0129279636318221,0.121465924080703,0.529497877583293,0.875753004686678
"gene-LOC134715362|LOC134715362",101.422114098932,0.000937481448610502,0.121449430476316,0.953838864773698,0.990589731896691
"gene-LOC134715363|LOC134715363",10.5779040741864,0.00118670807117162,0.12178764190254,0.918841419478396,0.984677261486326
"gene-LOC134715365|LOC134715365",64.2981749776646,-0.0513594822468185,0.0923494967239389,0.419822818843678,0.834367709132623
"gene-LOC134715366|LOC134715366",7.41988237310498,0.0124274753729291,0.121163106570095,0.572185863287676,0.892918477314696
"gene-LOC134715372|LOC134715372",34.1882716612838,-0.121810017488166,0.165475200754475,0.0821791766995848,0.539386375375277
"gene-LOC134715374|LOC134715374",15.1407947133219,0.0108848622286942,0.109591938706713,0.826501434122876,0.964172729064096
"gene-LOC134715375|LOC134715375",10.9534014498958,-0.00224844598600769,0.118874340064747,0.934700937150579,0.986824046819264
"gene-LOC134715376|LOC134715376",14.8666090987303,0.00364521131505683,0.107562122008866,0.944136573778932,0.989038858725755
"gene-LOC134715377|LOC134715377",109.959275562584,-0.00229093650854383,0.09104998689571,0.967646735706474,0.992550187342434
"gene-LOC134715378|LOC134715378",36.220578763013,-0.00516803952566019,0.114716195425422,0.896338939454002,0.979928513327605
"gene-LOC134715381|LOC134715381",41.6765588399867,-0.336414374755966,0.259747221625897,0.00945499857266318,0.223119248349279
"gene-LOC134715382|LOC134715382",29.2890165685248,-0.0590059129902376,0.136441011170914,0.120550006133357,0.608970421657898
"gene-LOC134715383|LOC134715383",81.9262418690655,0.0320567267241117,0.090277368695291,0.606292007508045,0.904782101791594
"gene-LOC134715387|LOC134715387",8.37134119082762,0.00845493888861557,0.120323383368823,0.722376229843355,0.9385627316615
"gene-LOC134715389|LOC134715389",34.0165527358886,0.216857775810533,0.25093058322483,0.0266638842335581,0.344880533722135
"gene-LOC134715394|LOC134715394",174.758527952943,0.117691609570655,0.125798048791977,0.110416386992834,0.593221094945367
"gene-LOC134715395|LOC134715395",28.1525783899787,0.0733264120843317,0.126138692257726,0.226443587791583,0.71163912252252
"gene-LOC134715396|LOC134715396",65.8733251362452,0.0616069384323619,0.107035167008951,0.336439107492437,0.802058261976077
"gene-LOC134715402|LOC134715402",7.39693009565768,-0.016209091778895,0.122436646520018,0.383376661500504,0.821366700441867
"gene-LOC134715405|LOC134715405",9.5917996852467,-0.0198105513217399,0.112476284101388,0.675164881950744,0.92387619829345
"gene-LOC134715410|LOC134715410",35.5871676270602,0.368732150757507,0.221463521150604,0.00523541566258323,0.172481569312099
"gene-LOC134715411|LOC134715411",8.51525411476806,-0.0131989807936607,0.119996320019025,0.631168606040623,0.912337712919943
"gene-LOC134715412|LOC134715412",1100.93908153019,0.230521846115706,0.149455697851647,0.015211474428845,0.272529370751032
"gene-LOC134715413|LOC134715413",149.395615930857,0.0388708157264425,0.107951373283128,0.502392334569145,0.865321111680848
"gene-LOC134715415|LOC134715415",11.2359443266044,-0.405357055289425,0.550212234395953,0.00943940007586362,0.223119248349279
"gene-LOC134715416|LOC134715416",143.116202060912,0.301447064571033,0.0982032978870693,0.000251132938415449,0.0324593255806793
"gene-LOC134715423|LOC134715423",14.5577694276346,0.214970554517604,0.311410252450902,0.0235043311955361,0.328077614027192
"gene-LOC134715424|LOC134715424",84.984691674302,-0.0312870372252352,0.122065846684878,0.380153386713401,0.82083573709765
"gene-LOC134715426|LOC134715426",11.1005197225742,0.0485940133676386,0.116977397158644,0.374476799870522,0.820038855990219
"gene-LOC134715433|LOC134715433",61.0393192063691,-0.0380194754843854,0.0957029401506913,0.540537569994863,0.879827398759297
"gene-LOC134715435|LOC134715435",9.15466443194577,-0.00895962777926401,0.116442198195899,0.806714826049421,0.960505277793567
"gene-LOC134715438|LOC134715438",30.0140963064702,-0.00168659435605998,0.0994399442602821,0.976168848144078,0.995479908586306
"gene-LOC134715440|LOC134715440",36.9500229510262,-0.76168346821671,0.252790782757343,0.000111658811279145,0.0211270699094598
"gene-LOC134715441|LOC134715441",83.8643636076563,-0.276362328176646,0.16192561697397,0.00815879279938816,0.211178590630025
"gene-LOC134715442|LOC134715442",17.1426953521047,0.0130805468107608,0.10639274256603,0.807242706411918,0.960505277793567
"gene-LOC134715452|LOC134715452",23.3162250320356,0.0146398769216831,0.100517922890531,0.801304451230422,0.958777657383338
"gene-LOC134715454|LOC134715454",17.009203369077,-0.0931983279756013,0.135697771631762,0.15475192005001,0.640559180278199
"gene-LOC134715455|LOC134715455",132.881931970874,-0.316391430079417,0.687665866815411,0.0112240037369833,0.240849753542314
"gene-LOC134715456|LOC134715456",24.0044582867977,-0.00228148268022243,0.115622939814928,0.950501229236757,0.990589731896691
"gene-LOC134715464|LOC134715464",207.945285152065,-0.00424611122532884,0.105297754109447,0.935555785283218,0.986824046819264
"gene-LOC134715470|LOC134715470",9.63994876875627,-0.00374841376657692,0.111217481767565,0.934905490614035,0.986824046819264
"gene-LOC134715471|LOC134715471",23.109500120399,0.0331358085276537,0.112965367116055,0.522313262451699,0.873125897879637
"gene-LOC134715472|LOC134715472",13.9452561929823,0.0370121485359084,0.120446058099015,0.398233681272718,0.827255071865873
"gene-LOC134715474|LOC134715474",99.3161265555468,0.156258445518482,0.118565695246059,0.0475215850776573,0.454519988054375
"gene-LOC134715475|LOC134715475",29.2377502892985,-0.0396198321668143,0.108568765214582,0.492717436710607,0.862457269357709
"gene-LOC134715476|LOC134715476",32.2505229651386,0.026052414569755,0.106161688082083,0.642756474462573,0.915266026637418
"gene-LOC134715477|LOC134715477",5.73238164246217,0.0144124410753392,0.121912198096934,0.46724533376648,NA
"gene-LOC134715478|LOC134715478",226.403436283632,0.149565039947788,0.150015446888502,0.0644817550025681,0.497638374685341
"gene-LOC134715480|LOC134715480",25.168792083642,-0.1170584239995,0.141496314837341,0.108190897469049,0.591192170056114
"gene-LOC134715481|LOC134715481",10.7872821050868,0.0438670607908265,0.119684951825545,0.375805683510125,0.820038855990219
"gene-LOC134715482|LOC134715482",68.9786477876663,-0.13401154614081,0.150987160160273,0.0814172868092948,0.539169244759437
"gene-LOC134715483|LOC134715483",13.1527482434183,-0.0461028767555091,0.132153864283228,0.0891957356095314,0.561333499142672
"gene-LOC134715491|LOC134715491",38.9242559847965,0.0968219065617715,0.12825047359989,0.158417418663279,0.641040525737625
"gene-LOC134715500|LOC134715500",36.2630068259852,0.0554595557114627,0.115273744057987,0.347202082050032,0.808872351486489
"gene-LOC134715503|LOC134715503",15.0092540547823,0.0116839046174986,0.107166011733039,0.824849067345099,0.964172729064096
"gene-LOC134715507|LOC134715507",31.1525874875767,-0.126366934144151,0.245375660119772,0.00159265999637907,0.0885169247773515
"gene-LOC134715508|LOC134715508",16.5978425907933,-0.0173552846077834,0.120354481061066,0.548672692242566,0.88287604337532
"gene-LOC134715509|LOC134715509",7.75399373998732,0.00548152276937955,0.12120194215684,0.754919284915926,0.94948663337116
"gene-LOC134715511|LOC134715511",205.668072803127,-0.0488635336965332,0.0808779469408991,0.428427081176546,0.835542057474881
"gene-LOC134715512|LOC134715512",323.171586073131,-0.895752520846605,0.24670500133814,1.23149763882242e-05,0.00439175515101957
"gene-LOC134715518|LOC134715518",8.8903585264398,-0.0459898355983328,0.129227282718996,0.189703289375981,0.666686889874754
"gene-LOC134715522|LOC134715522",8.89909955436057,-0.00233510848977343,0.116473030045814,0.94671413188552,0.990448749036931
"gene-LOC134715525|LOC134715525",15.844822138889,-0.0020957626185433,0.117450095975192,0.947635838332429,0.990448749036931
"gene-LOC134715529|LOC134715529",82.1698196320371,7.2903454571275e-05,0.0920337253191615,0.999833431067979,0.999833431067979
"gene-LOC134715536|LOC134715536",17.1058809421628,-0.0187518527270666,0.108449140313463,0.719548867279461,0.937491556551129
"gene-LOC134715544|LOC134715544",788.403194600491,0.0270667319533671,0.094464032398217,0.66037331782752,0.92080829642482
"gene-LOC134715545|LOC134715545",26.6307370902498,0.0497809938334165,0.128631110450047,0.224073609928079,0.70985078881192
"gene-LOC134715548|LOC134715548",17.6665789550607,0.0365745431353901,0.119185860001463,0.42317993206563,0.835542057474881
"gene-LOC134715550|LOC134715550",15.2600190290223,0.01913219847981,0.108877191001819,0.713704468129904,0.934755642151951
"gene-LOC134715555|LOC134715555",99.0198291044433,0.0032399269989181,0.100253632517293,0.970377141612027,0.99332345728984
"gene-LOC134715557|LOC134715557",54.485000608102,-0.04281695042397,0.107306394740675,0.4684767357904,0.849782100562608
"gene-LOC134715563|LOC134715563",212.252496023572,-0.0546032393476543,0.0714386723154963,0.349890447283273,0.80898857511247
"gene-LOC134715564|LOC134715564",25.1690878061097,0.0297326005131831,0.101413877982024,0.618450352472145,0.907747426106231
"gene-LOC134715565|LOC134715565",35.151779345625,0.276072703907522,0.191079170530432,0.0119605112749821,0.245403476543399
"gene-LOC134715575|LOC134715575",32.8847175927618,0.15577348605424,0.213831881141558,0.044189976403602,0.43651193441771
"gene-LOC134715577|LOC134715577",183.648895347721,0.101706536067966,0.118929504639215,0.152472766642702,0.639042493869484
"gene-LOC134715579|LOC134715579",52.667805003051,0.0335965542050089,0.0982263149597649,0.583116438083574,0.897986100224576
"gene-LOC134715580|LOC134715580",16.1883633284208,0.0580588130355761,0.130631317106101,0.207360582355324,0.689633681814358
"gene-LOC134715581|LOC134715581",16.8781687386465,-0.0783093387209191,0.153235915880754,0.0500443494519286,0.4604203108667
"gene-LOC134715591|LOC134715591",90.4576497754794,-0.0535568395635796,0.0941103141457741,0.40365814808204,0.828218046845589
"gene-LOC134715592|LOC134715592",34.7357312121708,-0.100267726275163,0.130184124054486,0.149048147320725,0.635874006190423
"gene-LOC134715595|LOC134715595",40.0411687790794,-0.396110137157711,0.440279165427987,0.00919978675045731,0.220118859342411
"gene-LOC134715596|LOC134715596",86.3380552359838,0.245983661573434,0.171422501847595,0.0151380839664592,0.271868371282525
"gene-LOC134715600|LOC134715600",9.6380267548255,-0.0816121969809137,0.157685699406031,0.0369755622219845,0.406026371672203
"gene-LOC134715606|LOC134715606",41.0708215541272,-0.106041051263537,0.145759061954397,0.118790697193297,0.60666323189779
"gene-LOC134715607|LOC134715607",138.647522383717,-0.0518673276399013,0.0891793369563417,0.414080965571564,0.831856384439449
"gene-LOC134715609|LOC134715609",112.31385550457,0.0394272860467408,0.113670524444875,0.462839299051156,0.848659322959597
"gene-LOC134715610|LOC134715610",41.5621807623681,-0.212432785555152,0.172496184445624,0.0255976201168308,0.338519970435751
"gene-LOC134715613|LOC134715613",43.7306185517987,-0.0580322423294649,0.110795911647667,0.348494825893929,0.80898857511247
"gene-LOC134715615|LOC134715615",37.8699526512655,0.224919082895607,0.230548357452027,0.0250590376216658,0.336924834378195
"gene-LOC134715616|LOC134715616",10.3392196099996,-0.0380711003979242,0.118238501389785,0.42395302090496,0.835542057474881
"gene-LOC134715618|LOC134715618",23.3515852866508,-0.00695869903585922,0.107896027632856,0.891610943927032,0.978928948698071
"gene-LOC134715621|LOC134715621",36.8306436208345,0.1487051675043,0.15511523307089,0.0652508261253328,0.500167284393671
"gene-LOC134715627|LOC134715627",10.9796896885852,0.012880513912005,0.121843851571003,0.489670470314378,0.861760495370219
"gene-LOC134715630|LOC134715630",34.761166412557,-0.0633203545864958,0.138472900830633,0.117601664265779,0.605721364296026
"gene-LOC134715631|LOC134715631",34.4744989732636,0.0263135178778158,0.113763936913245,0.583430383089534,0.897986100224576
"gene-LOC134715632|LOC134715632",27.6806329461658,-0.805604786421828,0.273819894696744,0.000136739348440523,0.0227564662326906
"gene-LOC134715633|LOC134715633",12.0627490121204,0.00405933827536748,0.112322193192248,0.928564036330237,0.985809423772648
"gene-LOC134715639|LOC134715639",43.9034032419069,0.0108053181909036,0.116803873683777,0.768877778949241,0.953685276062354
"gene-LOC134715640|LOC134715640",14.5408130641791,-0.0181045363963166,0.116126652894202,0.652483701185489,0.918046712290982
"gene-LOC134715644|LOC134715644",55.2784177656817,0.0312898445446614,0.119300953981967,0.453066513523945,0.844874282813951
"gene-LOC134715646|LOC134715646",26.8521134463661,-0.0566599465825272,0.11010851306489,0.357590142066213,0.811592466382447
"gene-LOC134715647|LOC134715647",40.1350446936706,-0.0193449856351212,0.122113043231761,0.414643942633863,0.831856384439449
"gene-LOC134715648|LOC134715648",8.45388152196883,0.00801601609952033,0.120946818874455,0.694247204256331,0.929296223627318
"gene-LOC134715663|LOC134715663",6.7976089089283,-0.015654403018751,0.122860531664079,0.298050129681551,0.776111759800117
"gene-LOC134715664|LOC134715664",26.6951675496812,-0.00274602032920463,0.119695569800677,0.909377354815273,0.98251592545162
"gene-LOC134715667|LOC134715667",43.1558867391818,0.175388652856812,0.143750839828849,0.0404242046604837,0.420479008334881
"gene-LOC134715677|LOC134715677",21.8256800437677,-0.00259840753629401,0.113752373719299,0.949383878922348,0.990589731896691
"gene-LOC134715679|LOC134715679",104.97470265784,-0.407600794308221,0.25039957099963,0.00479317355284069,0.170097116309965
"gene-LOC134715685|LOC134715685",629.559857562052,-0.0839502687782134,0.133698837580239,0.132983946549585,0.620317785725725
"gene-LOC134715686|LOC134715686",10.2239612429196,-0.00713081973365111,0.120880563267109,0.721668121129372,0.937968163682379
"gene-LOC134715691|LOC134715691",17.7889150876506,0.0159065551373635,0.112091270945568,0.736070908126462,0.944233475669591
"gene-LOC134715692|LOC134715692",9.7434428326951,0.0360634244696727,0.117503645417824,0.451097492423704,0.844734225721323
"gene-LOC134715693|LOC134715693",18.1878790511889,0.156239758682059,0.215994480264414,0.0434458331890559,0.43455195314578
"gene-LOC134715706|LOC134715706",26.2479457921311,0.0187595181816143,0.113248003823591,0.680830037425253,0.925098303564025
"gene-LOC134715708|LOC134715708",7.77197245813635,-2.28780908544054e-05,0.118303984018611,0.998227066828985,0.999568377406156
"gene-LOC134715709|LOC134715709",66.8386495890762,0.0194612596101224,0.0890442283340294,0.75311195928435,0.949383119158366
"gene-LOC134715710|LOC134715710",19.6547923304937,0.0587158774447289,0.127221377335943,0.248451682384898,0.728288152552403
"gene-LOC134715712|LOC134715712",28.6566183400798,0.0242162825695054,0.103598970989899,0.672772716166619,0.92387619829345
"gene-LOC134715713|LOC134715713",9.69780459652684,-0.0536582647746049,0.134960678376737,0.103405272923461,0.581694047398671
"gene-LOC134715714|LOC134715714",24.9895152700607,-0.0621108957139903,0.135482688552009,0.154424303582666,0.640559180278199
"gene-LOC134715715|LOC134715715",14.2380129464763,-0.0473329873638372,0.120011195690914,0.353435406859447,0.811592466382447
"gene-LOC134715718|LOC134715718",23.4584215091186,-0.33576936307358,0.380844104639408,0.0117437777144998,0.245156312756682
"gene-LOC134715720|LOC134715720",24.3342893594493,-0.074623274122203,0.120750883184415,0.239549420187348,0.72032371267643
"gene-LOC134715721|LOC134715721",21.6155843070378,0.140999174740171,0.172817972050253,0.0668885357908057,0.503085131759915
"gene-LOC134715722|LOC134715722",35.1057024666739,-0.0483264092766292,0.102364373731992,0.437210495211486,0.837229360357006
"gene-LOC134715723|LOC134715723",22.2591994426586,-0.0250988278298886,0.123922349060795,0.267267785768863,0.747070237493227
"gene-LOC134715724|LOC134715724",8.26680628197689,-0.0142949029146867,0.119527835795941,0.630923433823358,0.912337712919943
"gene-LOC134715727|LOC134715727",17.503290252701,-0.0198676337922487,0.120507109777553,0.510797768135969,0.871213902130229
"gene-LOC134715729|LOC134715729",29.2964345533186,-0.0217837417596316,0.100783910073591,0.70912284478795,0.933953954014707
"gene-LOC134715731|LOC134715731",17.0659286491247,0.00913433305877237,0.111418841780522,0.845083497092775,0.967711056533301
"gene-LOC134715732|LOC134715732",58.7650008636646,0.00960471688971611,0.102223872912409,0.865894700630154,0.975434027229125
"gene-LOC134715733|LOC134715733",23.7077479908416,0.0728819234059799,0.126063123232068,0.230711286477138,0.714623063583092
"gene-LOC134715735|LOC134715735",18.9754404753967,-0.0268713360708351,0.119021587128222,0.493356754177057,0.862457269357709
"gene-LOC134715736|LOC134715736",34.5018168663648,0.0549056328896746,0.113520429569933,0.357462600829666,0.811592466382447
"gene-LOC134715737|LOC134715737",5.92373113739983,-0.0178397798927857,0.122194759481971,0.412271253598557,NA
"gene-LOC134715738|LOC134715738",16.3403083056649,-0.83570549793326,0.270953986415723,9.04845888792552e-05,0.0193611167461926
"gene-LOC134715739|LOC134715739",9.02721109953152,-0.00998219170425864,0.120799499354282,0.651505329156611,0.918046712290982
"gene-LOC134715749|LOC134715749",12.681597928533,-0.014243728309029,0.122619659664659,0.338544490923076,0.802086545158541
"gene-LOC134715750|LOC134715750",222.844434135988,0.0397686668785707,0.0947934214870629,0.523561420842577,0.873333155840528
"gene-LOC134715752|LOC134715752",16.7272434298259,1.78269262609199e-05,0.120518104277427,0.998233661987,0.999568377406156
"gene-LOC134715754|LOC134715754",34.9213273891289,0.116568227326941,0.139500861296052,0.109738181776515,0.592095996631355
"gene-LOC134715755|LOC134715755",29.7540881464714,0.0990386724502903,0.175833649311148,0.0314886814956057,0.374021207951703
"gene-LOC134715756|LOC134715756",5.99968117677654,0.00492084142435672,0.121634981903176,0.725841037287984,NA
"gene-LOC134715757|LOC134715757",68.7956546332534,0.0728978638750309,0.0942232816975705,0.267008954481092,0.746966776282741
"gene-LOC134715768|LOC134715768",169.725040178712,-0.0530502113147791,0.125629503381891,0.272064159525892,0.75239604530628
"gene-LOC134715769|LOC134715769",74.2261948247303,0.0579124695320845,0.106571725783467,0.360309343077265,0.81177998504983
"gene-LOC134715770|LOC134715770",118.008817662896,0.107391499645672,0.163039794628612,0.0859394202955441,0.552664415618688
"gene-LOC134715772|LOC134715772",7.60895626692495,0.0151539031058231,0.118974524723806,0.639659528016682,0.914809132082223
"gene-LOC134715773|LOC134715773",17.8779006315472,0.112992817163714,0.187089865778614,0.0411295722727712,0.422591508767551
"gene-LOC134715778|LOC134715778",8.15715841109954,-0.00475433449568972,0.118354673271248,0.874210523205568,0.977383609163761
"gene-LOC134715779|LOC134715779",30.7247171790539,0.00996682963300459,0.10514485728191,0.854963031639413,0.971891035814749
"gene-LOC134715780|LOC134715780",10.2876701429407,0.0198958171788099,0.112786493807052,0.674205177250136,0.92387619829345
"gene-LOC134715781|LOC134715781",42.0961145375739,0.0216682736235566,0.102390293005372,0.710025279700157,0.933953954014707
"gene-LOC134715782|LOC134715782",23.2769727960263,0.019387144360191,0.115763973483182,0.645059787178188,0.917366643786072
"gene-LOC134715788|LOC134715788",37.6475821734882,-0.0087726934675818,0.100660132104929,0.877628413707952,0.977383609163761
"gene-LOC134715796|LOC134715796",8.24403986453424,-0.00664220628160907,0.119013288545166,0.813431758724194,0.960505277793567
"gene-LOC134715803|LOC134715803",10.3121128904044,0.0946923706536693,0.158483880499352,0.0852736176953075,0.55099273231671
"gene-LOC134715806|LOC134715806",17.1351952618903,-0.0620928805574096,0.141239826435314,0.0615944570170201,0.491246952716148
"gene-LOC134715809|LOC134715809",267.801434005442,-0.052227148194051,0.112396918920324,0.378112605206676,0.820038855990219
"gene-LOC134715810|LOC134715810",20.1202644829442,-0.191158667509858,0.228186684540263,0.0341627585213193,0.389413848654734
"gene-LOC134715813|LOC134715813",13.4197726808465,0.00119568241415828,0.119509393292588,0.964233992975913,0.992149053191037
"gene-LOC134715814|LOC134715814",10.9776925115643,-0.0237590460215943,0.119681956707924,0.50220395008006,0.865321111680848
"gene-LOC134715815|LOC134715815",7.95877285361756,0.0259317889679514,0.122047814908418,0.400198788552745,0.827255071865873
"gene-LOC134715823|LOC134715823",31.7927015286374,0.0234492952845615,0.102080689631267,0.687541179080136,0.927747007230835
"gene-LOC134715825|LOC134715825",43.2332566932614,0.0581351219143778,0.13121734793871,0.202172084817461,0.682627025788083
"gene-LOC134715826|LOC134715826",72.2653388990026,0.00513492369221597,0.105705078715053,0.924317876280259,0.985177432859168
"gene-LOC134715827|LOC134715827",36.0774430057864,0.587069479900278,0.228906841948555,0.000488353324932088,0.0487637073388854
"gene-LOC134715828|LOC134715828",18.3693033383591,-0.0445867458231365,0.119892617434056,0.368420156475149,0.815613771316723
"gene-LOC134715835|LOC134715835",11.6547927527223,0.0168326663598017,0.123405749000835,0.184479248267418,0.66207097044213
"gene-LOC134715836|LOC134715836",13.0352277479039,-0.048164411572783,0.119642360078159,0.354294456762542,0.811592466382447
"gene-LOC134715845|LOC134715845",783.862925385956,0.0252546947556761,0.102179804138707,0.650565193518777,0.918046712290982
"gene-LOC134715849|LOC134715849",17.4644557274298,0.0299607238765493,0.111257867386287,0.568051767707902,0.89133209092497
"gene-LOC134715855|LOC134715855",5.60533637387344,-0.00583557989425982,0.121476553321131,0.707689939179002,NA
"gene-LOC134715857|LOC134715857",18.2368162119959,0.0375806766168558,0.117688189948189,0.437694777403025,0.837229360357006
"gene-LOC134715861|LOC134715861",120.14945058636,0.166743557331124,0.105034560133711,0.0288200523713533,0.357375565912088
"gene-LOC134715862|LOC134715862",40.0850961055962,0.00523512432943975,0.106069875555669,0.922218146816692,0.984779988891035
"gene-LOC134715865|LOC134715865",53.1405920870652,0.140697643293618,0.165733131836416,0.0700200329295631,0.515108081148819
"gene-LOC134715868|LOC134715868",83.7493421149388,0.469180925961746,0.154145620314898,0.000147555784325075,0.0240227232350106
"gene-LOC134715870|LOC134715870",28.6768244899304,-0.0623327047551943,0.140343842831779,0.0798815220250407,0.536050822979865
"gene-LOC134715873|LOC134715873",13.4845370514434,-0.0360824680438202,0.12820783856945,0.105718781961742,0.586899894819488
"gene-LOC134715877|LOC134715877",16.3959019554712,0.011159630499875,0.109306700055296,0.823452638458774,0.963869460677987
"gene-LOC134715883|LOC134715883",18.526783148848,-0.0223449367461342,0.122379061012749,0.386937441245621,0.822389405497834
"gene-LOC134715894|LOC134715894",11.4465558160602,-0.131643088470811,0.220285254770514,0.0262438442857528,0.341808956271309
"gene-LOC134715896|LOC134715896",209.942014229273,0.0193844000601485,0.0985061945965809,0.745276067463965,0.947955746149057
"gene-LOC134715897|LOC134715897",23.874780895078,0.148719374738625,0.175060273372274,0.0610463642159974,0.488958525789951
"gene-LOC134715898|LOC134715898",95.3960399392695,0.0519782337095375,0.113308333589636,0.376549045302784,0.820038855990219
"gene-LOC134715901|LOC134715901",16.7335781956,0.00220904592860969,0.121971528601773,0.81594175375991,0.961237658314923
"gene-LOC134715902|LOC134715902",14.7647411961436,0.011444371561734,0.115259114654059,0.776730443557074,0.954960361719923
"gene-LOC134715905|LOC134715905",86.7083162071334,-0.419307998262035,0.266381548550167,0.0049178322535437,0.170097116309965
"gene-LOC134715906|LOC134715906",39.3135803633079,-0.0403029658962344,0.123604702775404,0.320905642072779,0.792910334915311
"gene-LOC134715907|LOC134715907",13.1177585876863,0.0828583500379603,0.139601766304982,0.153142701822221,0.639042493869484
"gene-LOC134715908|LOC134715908",43.4007593961647,0.046055678297295,0.103445919483965,0.455840367553678,0.845232489565602
"gene-LOC134715915|LOC134715915",14.9815497894814,0.00303888741316564,0.118013796442602,0.923722056214117,0.985177432859168
"gene-LOC134715918|LOC134715918",13.5604038455528,0.00655060937930009,0.120091777576078,0.786239057105985,0.956333327702894
"gene-LOC134715923|LOC134715923",40.3322912178044,0.178578357239847,0.232221656251262,0.0362780809695465,0.40185576420177
"gene-LOC134715926|LOC134715926",10.7744560873211,0.0725749160964082,0.13560612141222,0.175096987336851,0.653957193103024
"gene-LOC134715934|LOC134715934",17.1181069987206,-0.023063675502058,0.11464454881009,0.610833314076729,0.905829590890778
"gene-LOC134715935|LOC134715935",7.23895121700388,0.0466205865441451,0.130535653616953,0.15496998689744,0.640844965143528
"gene-LOC134715943|LOC134715943",51.7737615363839,0.0570142359777451,0.113500880661121,0.34489712868945,0.806695363663803
"gene-LOC134715945|LOC134715945",115.736949322617,-0.290879622971658,0.310304573714449,0.0150993184610476,0.271868371282525
"gene-LOC134715947|LOC134715947",6.59760439306597,-0.00403810052446805,0.12117612075133,0.810690074478602,NA
"gene-LOC134715950|LOC134715950",9.82340793499949,0.0236404337424826,0.123657071835002,0.28104480922666,0.762459166226361
"gene-LOC134715951|LOC134715951",75.7950950272946,-0.106051514643689,0.144643410548164,0.120295280672779,0.608970421657898
"gene-LOC134715960|LOC134715960",8.36163294576625,0.00636211387369959,0.11794414092541,0.84296795805131,0.966613035218243
"gene-LOC134715961|LOC134715961",31.3025794820104,-0.191304167578585,0.15139134159327,0.0320352899552397,0.376344974358708
"gene-LOC134715962|LOC134715962",7.24478536913467,-0.0120083164529627,0.121469670612139,0.547621553055099,0.88287604337532
"gene-LOC134715964|LOC134715964",9.61131463308754,-0.0165719090243563,0.121283797144396,0.502875337201155,0.865335655543869
"gene-LOC134715969|LOC134715969",23.6881939827519,0.00912272293693686,0.105609382844875,0.865641020952425,0.975432977140626
"gene-LOC134715970|LOC134715970",17.6293297538702,0.0309029432599222,0.113755568184249,0.536512832702306,0.877546699876996
"gene-LOC134715971|LOC134715971",10.0573646171508,-0.0907090581810698,0.149535630836406,0.11385127281607,0.598338373417229
"gene-LOC134715972|LOC134715972",32.32638677581,0.0545706484260996,0.128976888700279,0.226832203124319,0.711804885792292
"gene-LOC134715976|LOC134715976",9.97854645796221,-0.00326090020152999,0.119922214648091,0.889325052751829,0.978177856383876
"gene-LOC134715979|LOC134715979",22.2326124510796,-0.0770973927788524,0.139530261775321,0.1511846332756,0.638738768482586
"gene-LOC134715986|LOC134715986",8.98257125295488,-0.00174039734431822,0.120273596816506,0.93486036398418,0.986824046819264
"gene-LOC134715988|LOC134715988",7.22459015253868,0.0206206423961392,0.119847956619125,0.533498232193506,0.876836729956355
"gene-LOC134715993|LOC134715993",138.04007557708,0.0322538444680528,0.0923885235218281,0.602945477493373,0.904589020585693
"gene-LOC134715995|LOC134715995",29.5158135322073,-0.00437146983021535,0.0971269511984299,0.940380622682488,0.98759086849939
"gene-LOC134715997|LOC134715997",8.07862692024429,-0.0134557254464377,0.120781136411522,0.581702439793073,0.897457750487573
"gene-LOC134715998|LOC134715998",12.6707801316751,-0.00612183986929394,0.118129932330658,0.843686817314548,0.966613035218243
"gene-LOC134716000|LOC134716000",95.854664503495,0.0166373729207892,0.100374840778662,0.786817144836094,0.956384665187901
"gene-LOC134716002|LOC134716002",13.5637512991389,0.057759925995903,0.133779058978179,0.160611165363404,0.643034890935151
"gene-LOC134716004|LOC134716004",7.50062631196848,-0.0370623894414281,0.12807878226623,0.132228514637635,0.620317785725725
"gene-LOC134716006|LOC134716006",313.24799938207,-0.095956176694102,0.120929637092818,0.165666823465086,0.64634592229987
"gene-LOC134716008|LOC134716008",18.9774329204392,-0.141157266836374,0.189639345877606,0.0571900371133055,0.483310521148065
"gene-LOC134716009|LOC134716009",31.4710752138153,0.0382199842257044,0.108312921723564,0.506530924111425,0.868124327289201
"gene-LOC134716012|LOC134716012",15.6677382674869,0.0138819892889556,0.111690030447618,0.770100591344607,0.953685276062354
"gene-LOC134716013|LOC134716013",89.7914102990186,-0.0242938030352308,0.0898243482209917,0.692845612904958,0.928911561572093
"gene-LOC134716016|LOC134716016",7.40092112997944,-0.00879771616596621,0.120769880437196,0.682287753089349,0.925412351301143
"gene-LOC134716018|LOC134716018",16.6945949193538,0.0269326449586008,0.114375958691135,0.571356320747823,0.892514888984445
"gene-LOC134716020|LOC134716020",108.908805250427,-0.00660618373995115,0.0901966357165803,0.910811785483545,0.98251592545162
"gene-LOC134716022|LOC134716022",17.8747378492239,0.0285752431375859,0.107753044606468,0.604743160776229,0.904589020585693
"gene-LOC134716024|LOC134716024",8.33716755325395,-0.00827649559311701,0.117612641137247,0.802875403820502,0.959274712701299
"gene-LOC134716027|LOC134716027",135.114644129886,0.0336452655893009,0.103347437728366,0.572993440791186,0.892996491374277
"gene-LOC134716028|LOC134716028",36.9182543144149,-0.00496048535219058,0.0995219492751509,0.930940173937494,0.986765437284343
"gene-LOC134716030|LOC134716030",18.9614546125237,-0.0137054297238945,0.105778619702889,0.799458822630431,0.958777657383338
"gene-LOC134716033|LOC134716033",53.3543113232199,0.0137817747696999,0.0882552554252693,0.820810517010082,0.962292847618592
"gene-LOC134716036|LOC134716036",153.960536101174,0.0491553219722997,0.110559448410664,0.409761873393543,0.831856384439449
"gene-LOC134716039|LOC134716039",8.07038136427372,0.00137539530933486,0.121216507455251,0.934507497293958,0.986824046819264
"gene-LOC134716040|LOC134716040",14.2563155941395,-0.0928477872197163,0.164784206470347,0.0506194307138127,0.462303556848467
"gene-LOC134716042|LOC134716042",10.5285944791695,0.0143865644827819,0.120964285112699,0.554890077136715,0.887439211866813
"gene-LOC134716048|LOC134716048",2077.91119245485,0.0727086968193504,0.120919067914377,0.222627796880935,0.707397113111164
"gene-LOC134716050|LOC134716050",150.156785100796,0.198709881217479,0.176685326307757,0.0318660569942525,0.376344974358708
"gene-LOC134716051|LOC134716051",1013.76352405289,0.0682291637607133,0.0706930334431609,0.24313837443036,0.724889088728343
"gene-LOC134716052|LOC134716052",19.0904690114355,-0.0470850500016812,0.121191993762161,0.341398787462832,0.80340288344589
"gene-LOC134716053|LOC134716053",7.89800765884797,0.000704847809294947,0.121389179856749,0.964337766249419,0.992149053191037
"gene-LOC134716055|LOC134716055",14.1669880320355,0.0798690670323233,0.130390326798112,0.194666375501024,0.672225346782597
"gene-LOC134716057|LOC134716057",24.2950193270303,0.036184831174082,0.108729341883359,0.521890523266016,0.87276700589929
"gene-LOC134716058|LOC134716058",47.7421137824815,0.125014440227215,0.112495117264489,0.0897782741655138,0.562635560858187
"gene-LOC134716060|LOC134716060",17.7762108419351,-0.0206919444891634,0.120668565277,0.496196887496044,0.863604931815246
"gene-LOC134716067|LOC134716067",71.9684995882298,-0.0352397135853073,0.0854451115350448,0.569216225235279,0.891872329910229
"gene-LOC134716069|LOC134716069",38.2799078470221,-0.00556361662710999,0.108309623024702,0.91119400142278,0.98251592545162
"gene-LOC134716070|LOC134716070",25.6580646000006,-0.01405673807744,0.0993628917307261,0.809459655206146,0.960505277793567
"gene-LOC134716072|LOC134716072",8.31085945216889,0.0152803291489764,0.122574543573635,0.35783369382499,0.811592466382447
"gene-LOC134716078|LOC134716078",46.5247001864967,-0.0242958779825424,0.106827716254164,0.656031734618988,0.918972538520344
"gene-LOC134716080|LOC134716080",10.7508842244766,0.0247265187281889,0.122229577022034,0.394008213396353,0.826720797872459
"gene-LOC134716082|LOC134716082",9.65863782746898,-0.00931787896635618,0.115542797910993,0.809944138634418,0.960505277793567
"gene-LOC134716083|LOC134716083",9.80817103248027,0.0880877672544582,0.152050649300552,0.0992520179777095,0.579342280275393
"gene-LOC134716085|LOC134716085",24.7753110685819,0.0159771124110861,0.105234348991454,0.771861107013029,0.95371520053136
"gene-LOC134716086|LOC134716086",362.382673694942,0.0958819841764627,0.0860913571832175,0.142226342340833,0.627978786874401
"gene-LOC134716087|LOC134716087",8.84338066835186,0.00467235261375328,0.118791452012117,0.872287568382906,0.977196948335017
"gene-LOC134716089|LOC134716089",80.8132033649212,-0.121038858726465,0.143125081122857,0.100679532464295,0.579631212729381
"gene-LOC134716090|LOC134716090",28.0620129993207,-0.0171641889463318,0.100824189895235,0.766596971914599,0.952870493388952
"gene-LOC134716094|LOC134716094",30.0821933640076,0.297378839604873,0.170014658888653,0.00675002799933673,0.19004120183095
"gene-LOC134716096|LOC134716096",20.8033745437555,-0.0741995657929363,0.133223995175872,0.18982419975866,0.666686889874754
"gene-LOC134716098|LOC134716098",12.1597032171519,-0.0983486178523232,0.177024297350382,0.0250423516706256,0.336924834378195
"gene-LOC134716099|LOC134716099",7.69775897693413,0.00290989890692265,0.119472459811865,0.911442241688169,0.98251592545162
"gene-LOC134716100|LOC134716100",73.8522799120715,0.164899226582972,0.128435357958843,0.0441270667408595,0.43651193441771
"gene-LOC134716101|LOC134716101",64.8768327018728,0.0649565489032988,0.103953977088516,0.318138221301627,0.79101498649664
"gene-LOC134716102|LOC134716102",8.16095056985344,0.0145429781501843,0.121441710295558,0.515501243648845,0.87166150681558
"gene-LOC134716103|LOC134716103",7.50274206227625,0.0193413593377017,0.123274410453901,0.274371481784944,0.755985293262489
"gene-LOC134716106|LOC134716106",55.775314565496,-0.0574229077619601,0.111582458915113,0.348949577529973,0.80898857511247
"gene-LOC134716109|LOC134716109",63.301295573069,0.0197152696651509,0.0997755146234122,0.738737316487675,0.945197443324404
"gene-LOC134716110|LOC134716110",7.51283648000656,-0.0120118051722298,0.122039920931447,0.465476013536155,0.848670267917421
"gene-LOC134716111|LOC134716111",11.730988275495,0.0260505792822551,0.122128259039574,0.396493560426018,0.826798590532922
"gene-LOC134716114|LOC134716114",26.7843935125454,0.0500905921488817,0.11454764359148,0.380550364428233,0.82083573709765
"gene-LOC134716121|LOC134716121",34.2649733608144,-0.0418859379548329,0.121502781564,0.356896564524609,0.811592466382447
"gene-LOC134716122|LOC134716122",21.5171374144588,0.0439540045647699,0.128922281284066,0.183745282890494,0.661889573625256
"gene-LOC134716123|LOC134716123",12.7502466428788,-0.00388380187261831,0.121772511870649,0.745893913872118,0.947986108770842
"gene-LOC134716124|LOC134716124",226.201851892664,-0.0101233890624815,0.100076909858325,0.859966059445205,0.973375096633959
"gene-LOC134716125|LOC134716125",11.122338025872,0.0110777408521923,0.110485392317829,0.819170412502088,0.962092576666134
"gene-LOC134716126|LOC134716126",80.7475302661708,-0.0508731736672426,0.104949059388856,0.412343374102247,0.831856384439449
"gene-LOC134716127|LOC134716127",5.86784373035015,0.0163616615450668,0.122679475899383,0.345234589960698,NA
"gene-LOC134716131|LOC134716131",12.7120027431967,-0.0011744815547706,0.117713455968222,0.969370571031532,0.993195931564105
"gene-LOC134716133|LOC134716133",28.2433517690327,0.0298708029661594,0.107777641808366,0.59008284270029,0.902148006853668
"gene-LOC134716134|LOC134716134",8.85982528939126,0.0147942014629128,0.119449043968811,0.627766512467536,0.910895822190252
"gene-LOC134716135|LOC134716135",10.4640638680816,0.0195723506095381,0.120470952464736,0.520450243095237,0.87205858002813
"gene-LOC134716138|LOC134716138",20.7099565664129,-0.0106048554513588,0.117761131827655,0.749652027816074,0.948815960168088
"gene-LOC134716139|LOC134716139",8.95861884863758,0.0171850836180903,0.11639801354136,0.665824111760927,0.921742651670224
"gene-LOC134716146|LOC134716146",42.9470191048888,0.0380892513959942,0.120599173990975,0.389645892159934,0.82303705168547
"gene-LOC134716148|LOC134716148",46.0674221951994,-0.0861155703583878,0.133402983304823,0.173160719817686,0.652606918955351
"gene-LOC134716149|LOC134716149",7.76082954622667,-0.018510065127272,0.119645197822202,0.563487852681008,0.889818923835977
"gene-LOC134716150|LOC134716150",11.6322862316281,-0.0181418012438938,0.121596081946186,0.463349808092068,0.848659322959597
"gene-LOC134716152|LOC134716152",21.8885665638442,-0.0260615142097511,0.120704809365926,0.45160315426403,0.844734225721323
"gene-LOC134716154|LOC134716154",48.991470197625,-0.268147379563321,0.30676862899178,0.0173888917728227,0.291949171218019
"gene-LOC134716155|LOC134716155",27.616596775183,-0.0343788017808735,0.112537915481949,0.513937198090174,0.871527350897159
"gene-LOC134716159|LOC134716159",14.8594201727914,0.0225536687846213,0.123315515643534,0.306876420136779,0.782758630303085
"gene-LOC134716163|LOC134716163",109.859676972782,-0.0498562671553259,0.104495578440717,0.421257824387188,0.835044956811977
"gene-LOC134716164|LOC134716164",391.350042959669,0.0857983484333694,0.0912766303278389,0.193204721864929,0.670203352062234
"gene-LOC134716165|LOC134716165",20.766447887451,0.0241659983349471,0.113732437502613,0.610819943196403,0.905829590890778
"gene-LOC134716167|LOC134716167",1360.66995351983,-0.0402498795342329,0.0827970798894199,0.573699961068637,0.892996491374277
"gene-LOC134716168|LOC134716168",109.153621770405,-0.0221380850353591,0.0921692162046727,0.713298622467184,0.934586259228345
"gene-LOC134716169|LOC134716169",11.8477961415995,0.00168713485199441,0.119077014126317,0.952175350235759,0.990589731896691
"gene-LOC134716170|LOC134716170",10.7173005580821,-0.0235963598510462,0.123957897546919,0.243870486654131,0.725041105140412
"gene-LOC134716172|LOC134716172",13.4848228928238,0.108125523455462,0.151704329631289,0.108127198511468,0.591192170056114
"gene-LOC134716173|LOC134716173",136.497727121707,-0.047186703476035,0.100191592260856,0.452019023408223,0.844734225721323
"gene-LOC134716178|LOC134716178",37.1722940632354,0.284613955133932,0.211259297197278,0.0121925656374679,0.247413643839253
"gene-LOC134716179|LOC134716179",54.3275416457208,-0.0151311066354194,0.0897809480950071,0.802230109698742,0.958809653931356
"gene-LOC134716181|LOC134716181",14.5271580968733,-0.0428008759012215,0.118239535267465,0.396456790616382,0.826798590532922
"gene-LOC134716182|LOC134716182",35.7027105315964,0.0840227391233801,0.160147798200561,0.0348639436183175,0.393216978550571
"gene-LOC134716184|LOC134716184",9.04137570707651,-0.0609199185036763,0.136971224445477,0.125175538850006,0.612064264000456
"gene-LOC134716186|LOC134716186",618.580489049913,0.18768844203103,0.144160632564673,0.0319209427197081,0.376344974358708
"gene-LOC134716189|LOC134716189",36.1129978044276,-0.397184026190895,0.240549526095135,0.004737834965307,0.170097116309965
"gene-LOC134716191|LOC134716191",8.33284423079732,0.0300015372781073,0.118813135287272,0.473302244813277,0.854081344947249
"gene-LOC134716196|LOC134716196",99.6774960425579,0.0317311920834676,0.111020847894175,0.551556548944169,0.885256535585701
"gene-LOC134716197|LOC134716197",7.9551607311571,-0.117725672144822,0.220752857510508,0.00317814713923248,0.140982924954166
"gene-LOC134716199|LOC134716199",18.1172835669872,0.0152282662915559,0.11641733573791,0.695554165285445,0.929349713438483
"gene-LOC134716201|LOC134716201",8.043556156061,-0.0176452182398789,0.122526912911226,0.371770264348593,0.819803285016825
"gene-LOC134716202|LOC134716202",14.6401426776265,0.00466829700850568,0.117216694382792,0.891130879387505,0.978832378370933
"gene-LOC134716204|LOC134716204",12.1821532786954,-0.0310927589529504,0.113779745285811,0.550205271996867,0.884224738623292
"gene-LOC134716206|LOC134716206",12.0732238300514,-0.0424078997637628,0.125060700540013,0.287047964910454,0.768483236746561
"gene-LOC134716210|LOC134716210",28.1816491931896,-0.148397489128367,0.152277905898732,0.0657189939126288,0.501660423029941
"gene-LOC134716211|LOC134716211",29.2898721634043,0.0171695145263751,0.111403767075308,0.722964853383343,0.938628075831609
"gene-LOC134716214|LOC134716214",12.410777338749,-0.0117972346078246,0.121971602813917,0.479036793136599,0.856016572413102
"gene-LOC134716215|LOC134716215",18.1137926715568,0.0259486139319103,0.108660633900065,0.630845161978142,0.912337712919943
"gene-LOC134716220|LOC134716220",11.6082751424123,-0.0373639236790451,0.11701819366788,0.443949266086626,0.841066545338413
"gene-LOC134716221|LOC134716221",10.3812282362468,-0.00714193109206944,0.122008146710205,0.551406448224124,0.885256535585701
"gene-LOC134716222|LOC134716222",9.59688415317441,-0.00235765290513535,0.121439785472665,0.868879889603963,0.975747205157066
"gene-LOC134716225|LOC134716225",28.525782017058,-0.0227303208592433,0.113109444188514,0.633389924366945,0.912460614354241
"gene-LOC134716226|LOC134716226",28.7768418069945,0.0345371134587573,0.123255593022746,0.33789475451122,0.802058261976077
"gene-LOC134716227|LOC134716227",48.9169886254421,0.00840480434334539,0.106441401299909,0.874597647293291,0.977383609163761
"gene-LOC134716229|LOC134716229",10.2354633310197,0.00763625651100667,0.115949948298853,0.840013494069963,0.965558865799071
"gene-LOC134716232|LOC134716232",835.172613803813,0.0388175143040774,0.110003769398812,0.487998502643286,0.860284095510234
"gene-LOC134716234|LOC134716234",6.53641690386059,0.00715283526586582,0.120768777835309,0.732194175060385,NA
"gene-LOC134716237|LOC134716237",52.8098868527863,-0.0111936528689444,0.122934388356687,0.0849682044955119,0.550455781545751
"gene-LOC134716246|LOC134716246",33.729212601832,-0.0202499840935666,0.1164030855705,0.62098386252281,0.90848762383929
"gene-LOC134716247|LOC134716247",15.7231133247136,0.0214199209358816,0.114012627459604,0.640923814519742,0.914809132082223
"gene-LOC134716254|LOC134716254",13.6819873621028,0.0334451752909557,0.114818843946426,0.501638581297083,0.865114944659746
"gene-LOC134716258|LOC134716258",7.83031560214881,0.0153815587639743,0.118518163504838,0.648645183022226,0.918046712290982
"gene-LOC134716268|LOC134716268",30.4391799928409,-0.492423203019283,0.267380089294628,0.00272716461624778,0.126855501932172
"gene-LOC134716269|LOC134716269",12.909289656913,-0.00572736049809521,0.121305182349166,0.731076120416474,0.942006853704355
"gene-LOC134716271|LOC134716271",10.8844989279858,0.0253361160785814,0.119340393032941,0.497969417000564,0.863604931815246
"gene-LOC134716272|LOC134716272",247.262036926804,0.043890267445018,0.091136303512818,0.486790707862445,0.859744528046134
"gene-LOC134716275|LOC134716275",280.854410784341,-0.0806837764536686,0.0759098764673122,0.184293160501627,0.66207097044213
"gene-LOC134716276|LOC134716276",49.1204150539271,0.105714762006016,0.126879671129238,0.138884385319511,0.625063198111667
"gene-LOC134716278|LOC134716278",13.0439369233989,-0.0431843697921248,0.129613059851499,0.148865375241474,0.635874006190423
"gene-LOC134716279|LOC134716279",10.5313739251788,0.0572531908440511,0.13493716445281,0.137040204446366,0.624139845752057
"gene-LOC134716281|LOC134716281",21.7822484638145,-0.0405227226333608,0.111105681027855,0.471467626360117,0.852443518544403
"gene-LOC134716300|LOC134716300",10.027005252601,0.0321653136509047,0.121527481990717,0.394994987048894,0.826720797872459
"gene-LOC134716302|LOC134716302",34.4881709198456,-0.0136166910572445,0.10477732834621,0.802711208888986,0.959231569071265
"gene-LOC134716306|LOC134716306",7.33058727298184,0.0245833785564625,0.125088596279892,0.108341607902952,0.591192170056114
"gene-LOC134716320|LOC134716320",109.542697977663,-0.152883109391171,0.147276382068658,0.0603237565323422,0.487191634554694
"gene-LOC134716323|LOC134716323",13.7261128189611,-0.0220454406489225,0.123306257241255,0.301069397727999,0.777898121048582
"gene-LOC134716324|LOC134716324",15.702868678369,-0.023753702161213,0.112912995357817,0.622626021746701,0.90936906416486
"gene-LOC134716325|LOC134716325",77.7782813919148,-0.0245960438287824,0.0965803848069532,0.68471483283937,0.926184631577378
"gene-LOC134716326|LOC134716326",11.8107454141513,0.00129609352092581,0.117302250322469,0.969958952068489,0.993195931564105
"gene-LOC134716328|LOC134716328",7.87180093655805,0.0034329942884699,0.12142839154582,0.821077753542903,0.962292847618592
"gene-LOC134716331|LOC134716331",40.4396343767237,0.133333329139313,0.187944029273621,0.059048099263137,0.483310521148065
"gene-LOC134716332|LOC134716332",50.6562251305787,0.187456772990398,0.118171313771453,0.0226215559968491,0.322058625492466
"gene-LOC134716333|LOC134716333",51.7358945728521,-0.0345620217905386,0.102537540129062,0.56333309821319,0.889818923835977
"gene-LOC134716334|LOC134716334",14.7925075072437,0.0109759750813732,0.120497040039506,0.650797399882851,0.918046712290982
"gene-LOC134716335|LOC134716335",40.3492513090686,0.0675971900543108,0.122711384674677,0.258481538286267,0.739124948539845
"gene-LOC134716336|LOC134716336",24.0579629013416,0.171707105650608,0.172009221195649,0.0463299920377809,0.447120245323378
"gene-LOC134716339|LOC134716339",46.0498005172835,-0.00337211278173955,0.0932354176900611,0.955046187538384,0.990589731896691
"gene-LOC134716341|LOC134716341",37.0102985860852,-0.0150052769501339,0.102743061100919,0.790197717281544,0.956642532286047
"gene-LOC134716346|LOC134716346",60.336161648462,0.0391814538908723,0.0987279494895651,0.5273106660528,0.87559280413096
"gene-LOC134716347|LOC134716347",656.020227510054,0.093011000020872,0.0911703199727759,0.166010689419282,0.64634592229987
"gene-LOC134716349|LOC134716349",81.2499946825313,0.142096616549714,0.192983573243301,0.0554466426312232,0.480601743825498
"gene-LOC134716352|LOC134716352",16.8808985339395,0.0496241107427915,0.124731856494236,0.28936242547032,0.770912559355116
"gene-LOC134716353|LOC134716353",16.1680969150762,-0.0462389179004886,0.130346049993498,0.156575265936395,0.641040525737625
"gene-LOC134716361|LOC134716361",13.9057349482537,-0.0130151356454568,0.121968893323476,0.470783296552271,0.85183198493524
"gene-LOC134716364|LOC134716364",7.02904528490191,-0.0160737143618207,0.123101643868781,0.247014638765749,0.728017563839706
"gene-LOC134716366|LOC134716366",10.0661646575503,-0.0047436655120861,0.11921889466435,0.859682132828747,0.973375096633959
"gene-LOC134716368|LOC134716368",20.7392513344631,-0.0125548877458467,0.116765097430343,0.734200985452906,0.943127132085216
"gene-LOC134716370|LOC134716370",28.6763764103396,-0.042410963304055,0.122287433599243,0.34222039489563,0.80361501753422
"gene-LOC134716374|LOC134716374",56.5299711369329,0.00704887622246015,0.110901632270989,0.882475771591716,0.977383609163761
"gene-LOC134716375|LOC134716375",8.75570430591268,-0.0110693301630842,0.120975572690026,0.613089382773202,0.90644068581297
"gene-LOC134716383|LOC134716383",45.2764936909183,0.0390704488713959,0.122624640718045,0.346731892781511,0.808791545335467
"gene-LOC134716385|LOC134716385",36.0010200392639,-0.014520847290292,0.120825746405445,0.559996973489374,0.889353388641539
"gene-LOC134716388|LOC134716388",53.3448272081065,0.00147814656739812,0.108942679738529,0.977149326715365,0.995479908586306
"gene-LOC134716390|LOC134716390",11.2251319777073,0.0736524514511917,0.148541239993732,0.0618828413892809,0.49197515834854
"gene-LOC134716392|LOC134716392",73.8837278926841,0.203195689995771,0.160971271634218,0.0276197426654812,0.349399075712481
"gene-LOC134716393|LOC134716393",46.0163788657114,0.014976416308234,0.112034965763547,0.750816418182119,0.949011133284577
"gene-LOC134716395|LOC134716395",20.640713496004,0.0575552323778678,0.13415790717365,0.153209563244397,0.639042493869484
"gene-LOC134716397|LOC134716397",30.0922773425106,0.0401444703322257,0.116267279545759,0.43496708539211,0.836746239876078
"gene-LOC134716399|LOC134716399",20.7876207398801,0.0684493520964278,0.120897672682896,0.262330507677878,0.743685325145495
"gene-LOC134716406|LOC134716406",16.411505154816,0.0128322906800009,0.120002800268979,0.640429327608067,0.914809132082223
"gene-LOC134716407|LOC134716407",94.7260075350682,-0.0113085616091115,0.119580804772027,0.684642753963699,0.926184631577378
"gene-LOC134716408|LOC134716408",33.2207513102109,-0.0205386661532808,0.115688502437748,0.627932040573848,0.910895822190252
"gene-LOC134716409|LOC134716409",7.09421867514935,0.00506696078108294,0.121034228405632,0.783891316720728,0.956271862208695
"gene-LOC134716410|LOC134716410",11.1488106397932,0.0641926062250115,0.125505992195228,0.253002788810532,0.730712643811058
"gene-LOC134716413|LOC134716413",6.22263713917058,-0.00534797396426285,0.121779398038292,0.676350368617349,NA
"gene-LOC134716418|LOC134716418",35.642055429802,-0.110089349313695,0.130945364226069,0.126300303989504,0.613798167798438
"gene-LOC134716429|LOC134716429",17.6780197876273,-0.0285282160550609,0.120856449639322,0.432179763694115,0.8360891578941
"gene-LOC134716452|LOC134716452",8.47107505657833,0.0154843402161937,0.121360285988579,0.511499402155356,0.87138740280743
"gene-LOC134716486|LOC134716486",12.9272176786542,-0.0706295307216548,0.1327030208544,0.195484661610042,0.673715890841051
"gene-LOC134716528|LOC134716528",10.3049230183137,0.0187361763647056,0.114917127760583,0.665917105987417,0.921742651670224
"gene-LOC134716562|LOC134716562",15.2094017631171,0.00116935111942062,0.120581834743445,0.957458759547538,0.990589731896691
"gene-LOC134716567|LOC134716567",15.9349650298755,-0.00466301235031159,0.108491837498829,0.925210464019911,0.985177432859168
"gene-LOC134716595|LOC134716595",1001.82656557438,-0.102829900139141,0.104356896084675,0.144754846301637,0.631223000301963
"gene-LOC134716651|LOC134716651",28.0642265128415,0.0256180732195268,0.113743098889643,0.593231309208812,0.902678361599724
"gene-LOC134716658|LOC134716658",25.4083084765103,-0.0271654176101438,0.123036782377221,0.343498535185834,0.805404048217505
"gene-LOC134716667|LOC134716667",55.6108677540778,-0.0885757201862711,0.130444346251683,0.174734921119522,0.653957193103024
"gene-LOC134716707|LOC134716707",11.0329692002776,-0.00301796332251288,0.115126842659631,0.937015061681371,0.986824046819264
"gene-LOC134716725|LOC134716725",10.331633513755,-0.030248890264082,0.122358049513978,0.373953111202803,0.820038855990219
"gene-LOC134716741|LOC134716741",67.6738027008126,0.0207171978372576,0.111112085099034,0.679415584606128,0.924535906928755
"gene-LOC134716743|LOC134716743",19.5096887945573,0.0908855024843975,0.161968390187047,0.0571595036239946,0.483310521148065
"gene-LOC134716750|LOC134716750",14.1582652595892,-0.0310808980030174,0.125332012884351,0.221325842683096,0.707264061779253
"gene-LOC134716777|LOC134716777",14.0811203914331,0.0574433904373678,0.121551539977851,0.30196448996726,0.778180009218671
"gene-LOC134716778|LOC134716778",8.01353521888288,-0.00086898694085393,0.117393386013309,0.977950826884888,0.995479908586306
"gene-LOC134716784|LOC134716784",10.7783441944575,0.0123548201189026,0.120414671512595,0.62728790824157,0.910895822190252
"gene-LOC134716798|LOC134716798",29.6108164966733,0.0356922028801501,0.110602035992433,0.516526200998754,0.871694888253186
"gene-LOC134716823|LOC134716823",20.3002242170682,-0.000997673326587807,0.109471286920352,0.98331625255527,0.99595232498375
"gene-LOC134716834|LOC134716834",11.5052138748545,-0.00400570747077645,0.121356259039983,0.791626993621768,0.956995220143462
"gene-LOC134716853|LOC134716853",10.0384480746569,-0.018872366718607,0.123209208592229,0.277888615047579,0.759238319138791
"gene-LOC134716854|LOC134716854",148.856470644048,0.0845504053674506,0.133174407015917,0.17628987715322,0.653957193103024
"gene-LOC134716885|LOC134716885",48.9324747213967,-0.00393822311797558,0.112462235406599,0.927371166041583,0.985809423772648
"gene-LOC134716897|LOC134716897",240.611564313005,-0.711140128276556,0.358170157164457,0.00149449831874932,0.086761999295455
"gene-LOC134716902|LOC134716902",39.5164073396089,0.0662552462895995,0.108932123192096,0.305559897942533,0.781931159943171
"gene-LOC134716916|LOC134716916",62.4263999345347,0.0799438234768338,0.11118295424234,0.232828028910667,0.716057146239723
"gene-LOC134716918|LOC134716918",12.2150453503096,-0.0234616605433314,0.110163742376787,0.648290819101034,0.918046712290982
"gene-LOC134716959|LOC134716959",5.37910320120337,-0.034320642067653,0.12872629153482,0.025620791970681,NA
"gene-LOC134717044|LOC134717044",49.3315924802824,-0.0361702613875786,0.125607708699448,0.250459827508333,0.728910951453647
"gene-LOC134717060|LOC134717060",36.5147313402862,-0.0949933032374525,0.162894517005489,0.067126293892297,0.503212026986399
"gene-LOC134717170|LOC134717170",231.014452357508,0.294355314106917,0.0862698293112582,8.21679060200411e-05,0.0180986896524732
"gene-LOC134717207|LOC134717207",10.7997989555557,-0.00207636208389377,0.11998701743374,0.927152917043109,0.98572518394887
"gene-LOC134717301|LOC134717301",19.825959338463,-0.0317723412057805,0.116813964691882,0.490745974249864,0.862209407066644
"gene-LOC134717350|LOC134717350",219.301469658638,0.749258371062784,0.653412450040738,0.00446575060598083,0.169661798928779
"gene-LOC134717428|LOC134717428",134.083752276047,0.378798981173996,0.394426966980254,0.0096606181909093,0.22513264665285
"gene-LOC134717458|LOC134717458",15.1710089352162,0.0397116918674118,0.122280635726912,0.351772501612512,0.810342745178746
"gene-LOC134717477|LOC134717477",57.7624535742335,-0.121480614506623,0.136383909373351,0.102926523952367,0.58130975707336
"gene-LOC134717516|LOC134717516",14.8449362086007,-0.0245252167479298,0.123520252045113,0.299474895019793,0.776850533011164
"gene-LOC134717555|LOC134717555",669.995316898816,-0.00552525404660574,0.121593542138388,0.697718970523998,0.929886991245818
"gene-LOC134717588|LOC134717588",69.60813908662,-0.0258778271290667,0.105589341305753,0.645298088043711,0.917531304605915
"gene-LOC134717614|LOC134717614",9.07402389335319,0.0303498205856919,0.125407112376438,0.20604790296179,0.688757595246135
"gene-LOC134717636|LOC134717636",1551.86676739244,0.00819503495322585,0.121532058689263,0.631078955735503,0.912337712919943
"gene-LOC134717686|LOC134717686",610.783661909046,-0.000392037851742469,0.120793506153128,0.976782925607631,0.995479908586306
"gene-LOC134717762|LOC134717762",18.0049384910385,-0.0229848476914801,0.118559156546337,0.543191334101317,0.880825086926021
"gene-LOC134717773|LOC134717773",193.25495729018,-0.0216559399261972,0.0846449627070442,0.723430421647429,0.938629053701448
"gene-LOC134717816|LOC134717816",45.4768671398988,0.000108255014550127,0.122072114878774,0.729225986381418,0.941275691470766
"gene-LOC134717828|LOC134717828",15026.3554470703,-0.0247700700826247,0.114848444074878,0.524717559008806,0.874411027101541
"gene-LOC134717829|LOC134717829",4185.19669312021,-0.0225203188616329,0.115526340404789,0.60036773118708,0.904066623728823
"gene-LOC134717830|LOC134717830",4425.09235884875,-0.0298044212089112,0.116247935653569,0.460762728304127,0.848451456176446
"gene-LOC134717831|LOC134717831",4911.42341727648,-0.0225261179266963,0.114875366871627,0.569254872075163,0.891872329910229
"gene-LOC134717884|LOC134717884",18.6304750661353,0.0707327175901643,0.146585377659581,0.0626108006703032,0.492533914096535
"gene-LOC134717897|LOC134717897",12.7987318614479,0.369747303695495,0.335157567162623,0.00975738112037811,0.225153261227001
"gene-LOC134717898|LOC134717898",129.524682866732,0.087429125430434,0.1421581822695,0.143382419956206,0.629420247978913
"gene-LOC134717931|LOC134717931",15.4937711385091,0.0958747246946309,0.164445790742693,0.0635654843521388,0.494982945347626
"gene-LOC134717980|LOC134717980",39.3190407650394,-0.00189085193979725,0.122117002123517,0.776353135033209,0.954802623385741
"gene-LOC134718010|LOC134718010",32.4155655128012,0.0659626678831632,0.114010196346719,0.29549958705596,0.773406321636096
"gene-LOC134718014|LOC134718014",78.4651731731938,0.0426605543744268,0.118131872832042,0.399757787757434,0.827255071865873
"gene-LOC134718015|LOC134718015",48.6427702913667,0.0263065987713095,0.116275980652885,0.553205314869349,0.886572780452933
"gene-LOC134718034|LOC134718034",9.59177740899208,0.0189944293460268,0.113400793942306,0.676558008985643,0.923913736195018
"gene-LOC134718037|LOC134718037",48.9663534607621,0.0419037942342362,0.0946801740720998,0.504880056591093,0.866616260327916
"gene-LOC134718149|LOC134718149",18.5983096952662,-0.0316096111241049,0.108228172241129,0.569943660024233,0.892514888984445
"gene-LOC134718200|LOC134718200",2198.0902373691,-0.111811027617771,0.16026661953957,0.0911267848430393,0.565056999508797
"gene-LOC134718202|LOC134718202",10.5656138233271,0.00407216188910879,0.121346349988276,0.799489333763957,0.958777657383338
"gene-LOC134718208|LOC134718208",10.8678941466764,0.0100796277159969,0.112972885528343,0.820538780727396,0.962292847618592
"gene-LOC134718223|LOC134718223",280.353870088505,0.0316822595731636,0.12507840401354,0.248018195112633,0.728288152552403
"gene-LOC134718224|LOC134718224",1747.36970683467,-0.0481820892822676,0.127695691303037,0.234093420033085,0.716057146239723
"gene-LOC134718225|LOC134718225",18.3080832338331,0.0973678947795608,0.13553737900199,0.146994181842466,0.632815303076338
"gene-LOC134718261|LOC134718261",57.1430431049547,0.102566199397445,0.135979607464372,0.135132685163747,0.623887715587454
"gene-LOC134718276|LOC134718276",22.5630920992881,-0.034681322714605,0.102559766551709,0.559730742629848,0.889228581152934
"gene-LOC134718286|LOC134718286",26.8757479266732,-0.144766364963774,0.239872204514177,0.0258852658587358,0.340096063186092
"gene-LOC134718400|LOC134718400",23.9548022403034,-0.0203722002211405,0.117642380096873,0.59533595129642,0.903181749062791
"gene-LOC134718427|LOC134718427",16.3068661584176,0.0806520591650352,0.136160858698545,0.170503088609123,0.651478382955982
"gene-LOC134718428|LOC134718428",87.3481655771816,0.0514877312947541,0.0964881998438002,0.420300953538989,0.834467769820896
"gene-LOC134718429|LOC134718429",9.87764543260441,0.00367363696884085,0.120302286184742,0.8695242192607,0.975747205157066
"gene-LOC134718433|LOC134718433",21.7635100267309,0.0358049816020551,0.123866328286152,0.317256618039892,0.790116175262902
"gene-LOC134718434|LOC134718434",39.6240555077615,0.122510452709157,0.175925713342489,0.0699604949118786,0.515108081148819
"gene-LOC134718435|LOC134718435",43.5351208530329,-0.0389118450909066,0.126601799868305,0.227884702759686,0.712510178268121
"gene-LOC134718440|LOC134718440",224.918305833039,-0.0411182790422515,0.104413999818357,0.497191358552878,0.863604931815246
"gene-LOC134718451|LOC134718451",9.35738631077175,0.0153074623261064,0.121544284606497,0.497695842035576,0.863604931815246
"gene-LOC134718452|LOC134718452",14.5836959014997,-0.0184006856963446,0.106571513629008,0.73261038728523,0.942319056800237
"gene-LOC134718457|LOC134718457",22.4170192175903,-0.0330598982488071,0.105771671483346,0.565943793975638,0.89111319124916
"gene-LOC134718460|LOC134718460",20.2860722158941,0.026670008818134,0.11028061549072,0.610040819881325,0.905829590890778
"gene-LOC134718464|LOC134718464",22.9475323643399,0.035324495119971,0.117671402366798,0.452662882710451,0.844734225721323
"gene-LOC134718465|LOC134718465",56.9864534068415,0.0442013091473342,0.100340537845113,0.477699563677827,0.855278075864733
"gene-LOC134718466|LOC134718466",32.7828233666811,-0.0150647366737567,0.101421813061244,0.792280233642989,0.956995220143462
"gene-LOC134718469|LOC134718469",19.8239267331389,-0.0257469465282575,0.121218866115028,0.434498442024021,0.836746085890305
"gene-LOC134718470|LOC134718470",8.39230229203233,0.0226603953454805,0.122238716815265,0.399181594907165,0.827255071865873
"gene-LOC134718471|LOC134718471",34.5965934009806,-0.0220039577387996,0.11940325015421,0.529997390456963,0.876192153892318
"gene-LOC134718473|LOC134718473",16.9740495120307,-0.0146274873834205,0.119393426496435,0.629680205476387,0.911770119646687
"gene-LOC134718478|LOC134718478",7.13032818884682,0.0206793282902407,0.123183895279088,0.306019531661408,0.781931159943171
"gene-LOC134718484|LOC134718484",68.1535320863902,0.0785725624076623,0.112448309043666,0.238359717642747,0.719788679607472
"gene-LOC134718485|LOC134718485",15.0821307579834,-0.00101342020589954,0.115119813200414,0.978039515224586,0.995479908586306
"gene-LOC134718486|LOC134718486",20.4855047315533,0.000782385966724509,0.12088099657448,0.968874402325117,0.993195931564105
"gene-LOC134718490|LOC134718490",202.458295991845,0.08776240818366,0.145713176481233,0.128662807827267,0.617390354361159
"gene-LOC134718500|LOC134718500",66.6259846761162,0.149807705044274,0.118526378115294,0.0548436370980048,0.477735282580525
"gene-LOC134718501|LOC134718501",37.3192967420356,0.0671248698324408,0.148633962221084,0.969584998812412,0.993195931564105
"gene-LOC134718515|LOC134718515",35.5634352920906,-0.0279707998900732,0.110980403233734,0.591552319215837,0.902148006853668
"gene-LOC134718516|LOC134718516",15.3855101988818,0.0601247370179916,0.135395276971399,0.145217578850824,0.631223000301963
"gene-LOC134718517|LOC134718517",98.8455401913933,0.0226016380548095,0.105167724085351,0.687330018373385,0.927629213840022
"gene-LOC134718519|LOC134718519",42.4010283598907,0.0670025354788593,0.124709712192471,0.250085992511052,0.728910951453647
"gene-LOC134718520|LOC134718520",26.4512369016857,-0.362077861425808,0.35313058791042,0.0101863222939427,0.230469388698903
"gene-LOC134718530|LOC134718530",32.2438117847081,-0.091455004613518,0.129577219987454,0.16922367616542,0.650165416239872
"gene-LOC134718538|LOC134718538",29.1634555909969,0.0157369203853743,0.121956108011432,0.451995988556163,0.844734225721323
"gene-LOC134718548|LOC134718548",80.1493241946092,0.0242235576396323,0.113577647941284,0.611516465757312,0.905840017185814
"gene-LOC134718551|LOC134718551",16.1674786953298,0.0158143390995677,0.109759328469945,0.752856302387652,0.949383119158366
"gene-LOC134718553|LOC134718553",44.9153533331139,0.130284998675441,0.13953201651993,0.0889077795005179,0.560463266565133
"gene-LOC134718562|LOC134718562",9.83600102435978,0.0224205424847115,0.121556029586113,0.440721828146403,0.839065031737309
"gene-LOC134718570|LOC134718570",10.2322055635042,0.0133075266276231,0.122093208137286,0.448683713983731,0.843025033578531
"gene-LOC134718571|LOC134718571",7.82659652552848,-0.0063814482722397,0.121111812052424,0.726782055178134,0.94085925863942
"gene-LOC134718580|LOC134718580",20.9883552746221,-0.10137634728974,0.179542992397777,0.0277993166903601,0.349897617973289
"gene-LOC134718591|LOC134718591",7.19388214649928,-0.00981881666969432,0.121796747392446,0.540158665082999,0.879827398759297
"gene-LOC134718601|LOC134718601",6.90111917564271,-0.000828197281584955,0.121165357329566,0.957725007175439,0.990589731896691
"gene-LOC134718603|LOC134718603",8.60028719782027,-0.0469623772345295,0.132209602354805,0.0998670574759112,0.579631212729381
"gene-LOC134718610|LOC134718610",28.1950627241009,-0.0266115995658659,0.123762754668987,0.294340652577855,0.772631316913971
"gene-LOC134718611|LOC134718611",24.4877790213762,0.0165354982002684,0.118250130520343,0.637575935548784,0.914188432189325
"gene-LOC134718615|LOC134718615",12.7126191738738,-0.0160082047222684,0.118877755316293,0.625462039080776,0.910590279867861
"gene-LOC134718618|LOC134718618",11.2533723614232,-0.00298445156394466,0.121599892004452,0.821048836211509,0.962292847618592
"gene-LOC134718619|LOC134718619",40.534195966227,-0.0630037855082059,0.119693953597962,0.287068912964564,0.768483236746561
"gene-LOC134718621|LOC134718621",19.5356115975854,0.0629058257269819,0.130141508793015,0.218422915437735,0.706232768519128
"gene-LOC134718623|LOC134718623",134.491363971064,0.0662019757011451,0.101083630721638,0.311482830684858,0.786334587117028
"gene-LOC134718624|LOC134718624",110.838014746691,0.117414174584515,0.13418313827471,0.111023829703203,0.596026853510602
"gene-LOC134718625|LOC134718625",11.9407725267463,-0.0659235283418763,0.142334460337443,0.07997668625645,0.536208955572564
"gene-LOC134718629|LOC134718629",28.7585614286953,-0.0334233118575178,0.123345453413983,0.333226184480771,0.800033789297176
"gene-LOC134718642|LOC134718642",8.53009139420886,0.0146712367071917,0.120217440757244,0.596905373069206,0.903304056912138
"gene-LOC134718643|LOC134718643",28.7615895462825,0.0130534795664693,0.117775213541619,0.707852893336098,0.933801459760888
"gene-LOC134718644|LOC134718644",8.39896500145365,0.0380176581780526,0.127649402060061,0.172322450428388,0.652148082884002
"gene-LOC134718651|LOC134718651",61.8732196628361,0.0410882127169034,0.0973951541493827,0.511169538492252,0.871221819246354
"gene-LOC134718654|LOC134718654",16.0680815593466,0.030460822699198,0.120152709462353,0.441007811189543,0.839216230841274
"gene-LOC134718655|LOC134718655",7.39535186566598,-0.00289640759025411,0.117613030101481,0.927794781716153,0.985809423772648
"gene-LOC134718657|LOC134718657",12.5507691947503,0.0231166652099537,0.115915686104084,0.594637669410431,0.903181749062791
"gene-LOC134718665|LOC134718665",15.1823505796125,0.0115854846804541,0.121074469437974,0.596938772908374,0.903304056912138
"gene-LOC134718667|LOC134718667",8.44288627612406,0.0118994964767588,0.121812807933278,0.50754907570605,0.869006636479791
"gene-LOC134718671|LOC134718671",7.81559054355284,-0.00939592920076916,0.120465636692363,0.687057196827375,0.92742814474409
"gene-LOC134718672|LOC134718672",17.7801308222063,0.0950698295352707,0.155596566682731,0.094723754546127,0.572085643383827
"gene-LOC134718676|LOC134718676",9.24762936792311,-0.0135455081452218,0.122762945402029,0.287918410124277,0.768799212484725
"gene-LOC134718684|LOC134718684",22.2043033271215,-0.0397051317142766,0.109531139932577,0.486707408466318,0.859744528046134
"gene-LOC134718690|LOC134718690",1047.28918336654,0.0334839199794678,0.104787230705698,0.533549520780053,0.876836729956355
"gene-LOC134718691|LOC134718691",58.8768686800287,-0.0193296174960113,0.0975025630707884,0.745743917891807,0.947986108770842
"gene-LOC134718692|LOC134718692",42.9023620228783,-0.180036927358921,0.280699856418005,0.0266438969935378,0.344880533722135
"gene-LOC134718696|LOC134718696",16.0525800122113,0.0198370205646077,0.123931025486856,0.158633517931979,0.641040525737625
"gene-LOC134718698|LOC134718698",7.92431803697959,0.0100017863745622,0.122047340518378,0.488203014314486,0.860284095510234
"gene-LOC134718703|LOC134718703",27.3011445575422,-0.000675316977750167,0.107545093322707,0.988611550387003,0.997772367968009
"gene-LOC134718710|LOC134718710",83.5838574411245,0.0142047704862879,0.109090568461221,0.780238002898266,0.955272826382029
"gene-LOC134718713|LOC134718713",15.2119123624159,-0.0756461191236277,0.150267828655826,0.0593131017530028,0.484401111263073
"gene-LOC134718714|LOC134718714",212.001880435674,0.128910431783925,0.179537703600359,0.0667151387304247,0.503085131759915
"gene-LOC134718720|LOC134718720",37.9997399581245,-0.167207122799749,0.21558812357208,0.0417525190167874,0.427164774476395
"gene-LOC134718725|LOC134718725",75.2336805480337,-0.00147228089768854,0.12207642196973,0.700896354563687,0.931474890282663
"gene-LOC134718730|LOC134718730",10.3341156684426,-0.0101022347661358,0.113686889801039,0.812867758080389,0.960505277793567
"gene-LOC134718731|LOC134718731",96.4652145877566,-0.00202633437206242,0.122159752230337,0.49801505757054,0.863604931815246
"gene-LOC134718739|LOC134718739",20272.3086166942,-0.0253898836018616,0.114686498426428,0.580978049050092,0.89723009651291
"gene-LOC134718743|LOC134718743",20.6492826162153,0.108071429967264,0.145419460270188,0.116555753376905,0.603238449923734
"gene-LOC134718752|LOC134718752",1314.49155772172,0.0852769082996684,0.139089185640292,0.150179854998879,0.637583295967464
"gene-LOC134718759|LOC134718759",11.7039777551781,0.0514768380515433,0.133298611688735,0.122035765029468,0.608970421657898
"gene-LOC134718761|LOC134718761",35.4774537904067,-0.0415819501921315,0.120105908954375,0.379665132466823,0.82083573709765
"gene-LOC134718767|LOC134718767",15.953622756288,0.00771297863327234,0.112927119708581,0.862000360536804,0.973956778441233
"gene-LOC134718768|LOC134718768",9.01481685949204,-0.000431067217000671,0.113187197017257,0.991186534600586,0.997848481775248
"gene-LOC134718769|LOC134718769",13.9834301125727,0.000312925446421974,0.115510516788442,0.993516482583206,0.998303914741706
"gene-LOC134718771|LOC134718771",45.7662334564939,0.0343878126288331,0.111368233936324,0.522758600372154,0.873333155840528
"gene-LOC134718775|LOC134718775",11.301217566143,-0.00487098712100993,0.117680311502298,0.879555993315883,0.977383609163761
"gene-LOC134718780|LOC134718780",6.27812557766962,-0.00666299731302583,0.122020768074016,0.560385839766059,NA
"gene-LOC134718782|LOC134718782",8.86839834367632,-0.00143363396999844,0.121865793527543,0.885379933792489,0.977383609163761
"gene-LOC134718793|LOC134718793",14.4587312090643,-0.0270721903763483,0.124863215000892,0.200537657044874,0.680353613556914
"gene-LOC134718796|LOC134718796",9.61793108880736,-0.0397574182833982,0.126633558865915,0.233001128123402,0.716057146239723
"gene-LOC134718802|LOC134718802",14.5007449886563,0.0680524286100281,0.135616381445392,0.169310406739287,0.650165416239872
"gene-LOC134718807|LOC134718807",23.7831251576894,0.0147070415142257,0.110793591212864,0.7626731328919,0.951829925815486
"gene-LOC134718809|LOC134718809",32.1088638929841,0.0129345092088896,0.120810804959227,0.592196501761601,0.902148006853668
"gene-LOC134718815|LOC134718815",48.825919466129,-0.00792047900406049,0.099975754742099,0.890260063741022,0.97844989981751
"gene-LOC134718817|LOC134718817",9.15616584289998,-0.0357624827122902,0.12022889234898,0.40650883868716,0.830389067361385
"gene-LOC134718819|LOC134718819",13.0571364335402,-0.12090624284604,0.218193197209768,0.0101568924398612,0.230469388698903
"gene-LOC134718820|LOC134718820",16.799021008721,0.0191604446793296,0.122716297056159,0.355419217181955,0.811592466382447
"gene-LOC134718822|LOC134718822",87.4694120687116,-0.136090666078983,0.130101694218632,0.0789639825517669,0.533059744882473
"gene-LOC134718823|LOC134718823",38.3322373249385,0.00397088679457684,0.11666648054365,0.912064456367962,0.98251592545162
"gene-LOC134718833|LOC134718833",35.1608529683558,0.532068377580538,0.2560362947565,0.00159564492521598,0.0885169247773515
"gene-LOC134718844|LOC134718844",59.0183560623796,-0.128354118764229,0.18142891509295,0.0638548840738312,0.496067662685603
"gene-LOC134718845|LOC134718845",24.7611281487822,-0.0391566164892236,0.129621688188633,0.00459957800259275,0.169661798928779
"gene-LOC134718846|LOC134718846",11.3485844921216,-0.0206998978107106,0.123935385212139,0.183740591134209,0.661889573625256
"gene-LOC134718847|LOC134718847",16.7960699444882,-0.0190479116882657,0.12289361332722,0.765816768322686,0.95230788031469
"gene-LOC134718850|LOC134718850",55.748397434753,-0.0253513217770591,0.0964050415185589,0.675587142694367,0.92387619829345
"gene-LOC134718856|LOC134718856",22.8251929799132,-0.0158665690471098,0.10572812455592,0.770399231263897,0.953685276062354
"gene-LOC134718859|LOC134718859",202.324399001883,-0.0554604887651631,0.12932231442809,0.222637868287223,0.707397113111164
"gene-LOC134718860|LOC134718860",77.8170702273211,0.0497403314263531,0.099762154268449,0.429206876099061,0.835542057474881
"gene-LOC134718865|LOC134718865",73.9732863323759,0.00584764167242014,0.120241260884542,0.802075313594153,0.958777657383338
"gene-LOC134718867|LOC134718867",124.725660165321,0.183325658951394,0.113729050392597,0.0227404895382663,0.322058625492466
"gene-LOC134718874|LOC134718874",11.1501945851959,-0.114968921008521,0.179346991525766,0.0585491043307862,0.483310521148065
"gene-LOC134718876|LOC134718876",40.6192442162258,0.0979009502297756,0.121277276962559,0.163457451066703,0.645299341612303
"gene-LOC134718879|LOC134718879",10.1280456616111,0.0643998422063478,0.130712957886656,0.211721161713412,0.696978741645473
"gene-LOC134718880|LOC134718880",33.5975817668452,0.045195613444769,0.123670934550733,0.314941786077341,0.7885590901843
"gene-LOC134718887|LOC134718887",9.95454175330362,-0.0489311449580961,0.1311988843026,0.155863144741856,0.641040525737625
"gene-LOC134718888|LOC134718888",55.3041246713799,0.000828146541804368,0.0981836281051908,0.989510815931209,0.997772367968009
"gene-LOC134718919|LOC134718919",14.5936334494361,0.0277774364060891,0.119934222113585,0.466094380016604,0.848670267917421
"gene-LOC134718932|LOC134718932",101.078435090062,0.0155496971431143,0.103720274547885,0.785821460656024,0.956333327702894
"gene-LOC134718937|LOC134718937",55.9702023386243,0.0216108107584795,0.0918205025473029,0.72334134094055,0.938629053701448
"gene-LOC134718942|LOC134718942",7.24802805011689,-0.00698586510635772,0.12172970235004,0.62511263338814,0.910590279867861
"gene-LOC134718943|LOC134718943",36.6681362575112,0.0873101659841352,0.12419486388225,0.201706316721245,0.681976797257518
"gene-LOC134718944|LOC134718944",18.4616130271357,0.0161018187148045,0.107380746631379,0.761255887657337,0.95123850595533
"gene-LOC134718948|LOC134718948",11.2257258811086,-0.0521161687739826,0.126905884230769,0.255756808972797,0.734418229446807
"gene-LOC134718953|LOC134718953",9.5822976151674,0.000133363341835844,0.118790040110687,0.997651892494941,0.999391269083475
"gene-LOC134718954|LOC134718954",49.9390780729953,0.0505191124941576,0.111991027356184,0.392524471713431,0.824808015898396
"gene-LOC134718956|LOC134718956",84.5209404657567,-0.146407638458148,0.202232186532274,0.0482794992869391,0.454917411390098
"gene-LOC134718957|LOC134718957",23.3883570898012,0.105012307822653,0.141919640955897,0.126988120892328,0.61545269639549
"gene-LOC134718961|LOC134718961",29.3122316532748,0.10572505815727,0.193375948290835,0.00114991682209895,0.0790134496900688
"gene-LOC134718977|LOC134718977",15.9158418846821,0.0738886917542111,0.1328814943452,0.19256679356739,0.669824764062324
"gene-LOC134718979|LOC134718979",35.4768388780535,0.047241278635184,0.0967734777661072,0.452860139787699,0.844734225721323
"gene-LOC134718984|LOC134718984",8.60748921445894,-0.0187648082098439,0.11610737708347,0.647073703252029,0.918046712290982
"gene-LOC134718988|LOC134718988",29.4466168884582,0.148361719357698,0.214884883283265,0.0428450047784567,0.432054709065273
"gene-LOC134719007|LOC134719007",35.8768630013773,-0.0811540950467678,0.127333122065677,0.200814336868065,0.680805146584401
"gene-LOC134719009|LOC134719009",8.81948907191602,0.0215572682806327,0.123846919778832,0.221690337670328,0.707322381267482
"gene-LOC134719019|LOC134719019",14.6643414040476,-0.0827925062619247,0.133394568496022,0.17581434703503,0.653957193103024
"gene-LOC134719022|LOC134719022",25.4119219602,-0.343555958177477,0.248065127926027,0.00844954861552998,0.215085065825199
"gene-LOC134719023|LOC134719023",14.394960505076,-0.0154369759130513,0.109607682450492,0.758627530311972,0.950201142489307
"gene-LOC134719024|LOC134719024",79.3715159146507,0.290516546062962,0.124281825108613,0.00211240612815224,0.103397447671452
"gene-LOC134719034|LOC134719034",16.2170800715636,-0.0274012194982967,0.111438766498225,0.593450112354964,0.902678361599724
"gene-LOC134719036|LOC134719036",15.2128535944079,0.0252604283183246,0.124308634805323,0.231829083852791,0.715178592714176
"gene-LOC134719044|LOC134719044",16.3079475282581,-0.0349321307159601,0.119742586910976,0.420409520033949,0.834467769820896
"gene-LOC134719056|LOC134719056",76.7790984810389,-0.129221684304031,0.132934505278485,0.090047287277668,0.563849610721117
"gene-LOC134719058|LOC134719058",51.896851793112,0.0415156079441631,0.114507568634594,0.439890669070821,0.838254072769177
"gene-LOC134719059|LOC134719059",10.4021156507215,0.0248699551798684,0.124228866110507,0.230799267959361,0.714623063583092
"gene-LOC134719063|LOC134719063",31.7235641228424,0.0535528995348614,0.117894809481917,0.341484467424147,0.80340288344589
"gene-LOC134719064|LOC134719064",40.9260186496565,-0.0510393389348267,0.116910137773797,0.359772238915087,0.811668122295978
"gene-LOC134719069|LOC134719069",18.0035323832915,0.0116386486474692,0.104925783801058,0.832172836877764,0.965381343401655
"gene-LOC134719074|LOC134719074",20.3863341313809,0.0127721490074641,0.122274262592442,0.417700697392662,0.833797715244198
"gene-LOC134719082|LOC134719082",13.4643557940007,0.00866655169839159,0.108589217869206,0.864579537417317,0.975125927066007
"gene-LOC134719085|LOC134719085",253.005856431121,0.0445583214612325,0.0645122393922705,0.417790315808074,0.833797715244198
"gene-LOC134719091|LOC134719091",179.537213015419,-0.0111162126748432,0.121645854489132,0.538874827852231,0.878788959322344
"gene-LOC134719099|LOC134719099",17.7896863044108,0.0276284983851818,0.118809076104178,0.493239346499372,0.862457269357709
"gene-LOC134719101|LOC134719101",30.7329690236315,0.0169410126874336,0.119681971206388,0.585843340777675,0.899790971920428
"gene-LOC134719102|LOC134719102",27.5332018289095,-0.0204169166293111,0.104074919041915,0.715766921089205,0.93567613525086
"gene-LOC134719107|LOC134719107",29.1976654628228,0.0194035854508478,0.110117267550536,0.702427542983325,0.931935916524941
"gene-LOC134719108|LOC134719108",181.682009050301,0.00786775322184887,0.0976978535857573,0.898144768304088,0.98065001678538
"gene-LOC134719110|LOC134719110",30.8811975388366,0.00125389608065419,0.12164079871212,0.924015691375584,0.985177432859168
"gene-LOC134719111|LOC134719111",291.374830111906,-0.542490452419855,0.452111478962209,0.0053976174285928,0.17423602121867
"gene-LOC134719113|LOC134719113",22.6996636663026,-0.0198960878634473,0.114397828458561,0.653456885270988,0.918176742506482
"gene-LOC134719117|LOC134719117",95.0571247523206,-0.150320211377468,0.172257967256282,0.0606849479839198,0.488070148774082
"gene-LOC134719123|LOC134719123",7.99456731147236,-0.0234827961839623,0.120991265771045,0.458430281309332,0.84665459352049
"gene-LOC134719133|LOC134719133",16.6631502526392,-0.00468225765077638,0.120076499098112,0.839325611674909,0.965558865799071
"gene-LOC134719135|LOC134719135",21.3624437245076,0.346926314782468,0.214285569057594,0.00624439527589163,0.183389318514323
"gene-LOC134719136|LOC134719136",43.2049388149387,0.0532685138465488,0.113097550281217,0.370598169907795,0.819392419698342
"gene-LOC134719143|LOC134719143",18.7512204777565,-0.0652185264704314,0.132953978374703,0.190648971477964,0.666838093415225
"gene-LOC134719147|LOC134719147",10.8287562693846,0.034988047739045,0.114369102141386,0.493867330521906,0.862457269357709
"gene-LOC134719192|LOC134719192",8.00121359378156,0.00108858991433398,0.121770721119382,0.926780434655414,0.985609013793581
"gene-LOC134719196|LOC134719196",81.7460093714137,0.0418214182323574,0.113880524144819,0.447480777011781,0.842641070918087
"gene-LOC134719197|LOC134719197",8.59099756254583,0.0186975078193344,0.123552499599921,0.208029955000035,0.690268645545089
"gene-LOC134719201|LOC134719201",42.1747455760701,0.121316580276185,0.142112184041322,0.1018980664836,0.579631212729381
"gene-LOC134719205|LOC134719205",60.0697205339374,-0.199077750015242,0.139872897761481,0.0245869230442494,0.335474615862661
"gene-LOC134719217|LOC134719217",9.09490086804423,0.0611989066240093,0.136860456837278,0.129313372173485,0.617390354361159
"gene-LOC134719232|LOC134719232",70.6602165186233,0.0571151920304656,0.10866462423731,0.359233994802691,0.811668122295978
"gene-LOC134719243|LOC134719243",74.5372169220397,0.0680061053069907,0.0885968315246912,0.291927616689343,0.771434693502643
"gene-LOC134719254|LOC134719254",512.483582806025,0.218820523300926,0.0954449650332174,0.00405627906975221,0.164703788989884
"gene-LOC134719261|LOC134719261",45.182698198712,0.0181529948931337,0.123686385482285,0.156669927843886,0.641040525737625
"gene-LOC134719289|LOC134719289",17.509615772011,0.0497153817394766,0.117178716237712,0.36534747328526,0.812684588929183
"gene-LOC134719300|LOC134719300",19.7961149980251,0.0170579886005898,0.122551562617954,0.370848937966984,0.819392419698342
"gene-LOC134719347|LOC134719347",10.8443923885046,0.0110445244455454,0.118756604735523,0.720973175963709,0.937715893503337
"gene-LOC134719370|LOC134719370",137.704098843569,0.0417373229146512,0.123656348599305,0.319368040426671,0.79170713497363
"gene-LOC134719371|LOC134719371",30.8480041508172,0.0177953813442055,0.106040092188111,0.744576794060846,0.947677704065547
"gene-LOC134719408|LOC134719408",10.7353849304293,0.0144923927737421,0.121971084555937,0.457415301184525,0.846031906784615
"gene-LOC134719430|LOC134719430",54.2146122003732,-0.00155041202137633,0.120164394568979,0.94013984455227,0.98747647908162
"gene-LOC134719432|LOC134719432",15.7427890403083,-0.0558946324414337,0.139012038937729,0.0332361891986117,0.384707605731689
"gene-LOC134719439|LOC134719439",147.698027620137,0.031336966134095,0.108871353894329,0.571203899883244,0.892514888984445
"gene-LOC134719452|LOC134719452",4.81002485977163,-0.000294244156837774,0.121940860404893,0.400119096894517,NA
"gene-LOC134719453|LOC134719453",2346.55578824129,-0.0674989206611249,0.127301746585084,0.24606632020715,0.726652473198479
"gene-LOC134719493|LOC134719493",505.43395021005,-0.00421769600356707,0.11813266682942,0.914184131309811,0.983375947840117
"gene-LOC134719498|LOC134719498",96.3506232640304,0.106534608134083,0.12731976714359,0.136460035152842,0.624139845752057
"gene-LOC134719585|LOC134719585",64.5051588856026,-0.0121150037440716,0.122745270004723,0.257159084746794,0.737031911851796
"gene-LOC134719593|LOC134719593",18.619857998527,0.1370260660804,0.177483164775407,0.0661154810429365,0.501660423029941
"gene-LOC134719597|LOC134719597",679.671528539073,-0.0713677789873348,0.129105037254221,0.215083948005147,0.700182501805322
"gene-LOC134719604|LOC134719604",11.1303474477549,-0.0369150844310896,0.127698186327654,0.152546790984937,0.639042493869484
"gene-LOC134719614|LOC134719614",175.37344434867,0.00389697191676745,0.0972907964897792,0.948359495081368,0.990448749036931
"gene-LOC134719631|LOC134719631",214.544799686766,-0.0996721682865331,0.165277954258719,0.0687949967828757,0.511624360384266
"gene-LOC134719644|LOC134719644",94.5377351446799,-0.0472776253527444,0.109013338630864,0.429132346204596,0.835542057474881
"gene-LOC134719661|LOC134719661",7.69792874898161,-0.00196644697984479,0.121791969533958,0.851848022165356,0.970266073646434
"gene-LOC134719672|LOC134719672",104.909087556541,-0.0110417823005441,0.121783142752301,0.519634553063385,0.87205858002813
"gene-LOC134719690|LOC134719690",24.0690859571786,0.0114664114667001,0.122233805999335,0.431843302075658,0.8360891578941
"gene-LOC134719750|LOC134719750",9.32773558777746,-0.0411783077027568,0.121649295496942,0.357284418432504,0.811592466382447
"gene-LOC134719757|LOC134719757",112.966884220735,-0.00148976028088894,0.122080041584042,0.658901800713031,0.920550275346482
"gene-LOC134719772|LOC134719772",26.3846992482965,0.0176794021119995,0.104747225902634,0.735494861001275,0.943817857100506
"gene-LOC134719782|LOC134719782",772.958157970943,0.00638862940569884,0.121305234817989,0.716613938913965,0.936110550937848
"gene-LOC134719783|LOC134719783",241.288005691147,0.00960236890320381,0.121209794246617,0.630839181059845,0.912337712919943
"gene-LOC134719817|LOC134719817",15.5681934197143,-0.263217813618172,0.359248188264454,0.0174213005736536,0.291949171218019
"gene-LOC134719827|LOC134719827",19.5231456703908,-0.0790437637185699,0.122764385090593,0.218499308940956,0.706232768519128
"gene-LOC134719838|LOC134719838",50.7041163397066,0.0436316851599104,0.115095973541507,0.418843085557361,0.833869845043139
"gene-LOC134719860|LOC134719860",14.3593834664769,0.0103391377902717,0.117512009343922,0.763259071249438,0.951829925815486
"gene-LOC134719876|LOC134719876",24.9375793956499,-0.0222341061197267,0.107880715808,0.677840793036179,0.924535906928755
"gene-LOC134719944|LOC134719944",13.9804326951368,0.0169296870097312,0.12055927265669,0.546239212306116,0.882746885155238
"gene-LOC134719970|LOC134719970",23.1516461554661,0.0534245532415342,0.130679287963685,0.196463927082081,0.676157329925417
"gene-LOC134720002|LOC134720002",55.5986287689602,-0.000828795934700074,0.121332097895512,0.951772460635293,0.990589731896691
"gene-LOC134720077|LOC134720077",102.412275442408,0.0325276616234865,0.104005381206474,0.580550307259056,0.897148477078865
"gene-LOC134720163|LOC134720163",144.795068732374,0.0125948947311881,0.118366850368513,0.704606951319694,0.932461823366883
"gene-LOC134720164|LOC134720164",15.5110374363221,0.0306408341375453,0.126074490027405,0.454712870698792,0.845232489565602
"gene-LOC134720180|LOC134720180",21.8146205264667,0.0303848992530992,0.122273748845085,0.376136022842296,0.820038855990219
"gene-LOC134720222|LOC134720222",65.7337623504697,-0.101154414302841,0.113416310481882,0.153138068593173,0.639042493869484
"gene-LOC134720355|LOC134720355",21.8078811597435,0.0973414577984688,0.173356634918253,0.0337124058098372,0.387750310526713
"gene-LOC134720381|LOC134720381",43.2902960687648,0.421177265322652,0.144758186333497,0.000255721753139281,0.0324593255806793
"gene-LOC134720423|LOC134720423",29.2076430341391,0.131336812423954,0.197427706261848,0.0499250422814817,0.4604203108667
"gene-LOC134720439|LOC134720439",41.371737061447,-0.00735865534636807,0.098040120892429,0.900474506505778,0.98065001678538
"gene-LOC134720487|LOC134720487",10.2955601243936,-0.13905230320405,0.198866518627313,0.0517660481599469,0.465956652247407
"gene-LOC134720503|LOC134720503",34.594743232238,0.0231816693751106,0.104367021303937,0.683834970464506,0.92591576456494
"gene-LOC134720549|LOC134720549",6.99287452726016,0.0071233348484717,0.120754619423415,0.73413563802078,0.943127132085216
"gene-LOC134720550|LOC134720550",88.7943531894491,0.0346794778907411,0.118183886126204,0.449939014696719,0.843754850110293
"gene-LOC134720551|LOC134720551",10.7405217942186,-0.00027002257873064,0.121040441162487,0.985718313451397,0.996361782890743
"gene-LOC134720552|LOC134720552",18.0219282515636,-0.675416906128509,0.335733221764385,0.00154037177588965,0.0880617652951347
"gene-LOC134720560|LOC134720560",66.6621624459235,0.0778091359044353,0.135367397913878,0.176478500101644,0.653957193103024
"gene-LOC134720561|LOC134720561",15.4069483368103,-0.0909476869034766,0.143687842629537,0.134910901437793,0.623671444980021
"gene-LOC134720563|LOC134720563",15.7277574690249,0.0357282467663247,0.126298438465129,0.215368523288989,0.700345145858114
"gene-LOC134720566|LOC134720566",21.1621593277215,0.0146161011175781,0.110903494030774,0.763805131509457,0.951829925815486
"gene-LOC134720567|LOC134720567",9.51677850569324,0.168675060721437,0.287811159477248,0.0227017747391419,0.322058625492466
"gene-LOC134720572|LOC134720572",29.6050780409362,-0.0226090827126113,0.115386225011774,0.606813125555689,0.905025861593536
"gene-LOC134720574|LOC134720574",9.09185529873968,-0.0444445285012667,0.132587654811333,0.0435508994712152,0.434870248186574
"gene-LOC134720576|LOC134720576",15.8105890351119,0.0110200269130457,0.104641764096625,0.841042881838986,0.965558865799071
"gene-LOC134720579|LOC134720579",12.4370336234065,-0.00857668209622768,0.113422288457999,0.841684680164763,0.965886694721715
"gene-LOC134720581|LOC134720581",7.25238503005928,0.0064147744202453,0.120951046568289,0.742788391269302,0.947237400558229
"gene-LOC134720582|LOC134720582",45.6549554540364,-0.323560141700614,0.223443728000917,0.00870259278284244,0.216996154917434
"gene-LOC134720583|LOC134720583",16.0287565474289,0.0322733297172085,0.111464062409542,0.542706151674703,0.880825086926021
"gene-LOC134720586|LOC134720586",15.1999571067389,-0.00823380169445471,0.108387462029094,0.86976212210227,0.975827495494217
"gene-LOC134720591|LOC134720591",6.53557199958378,0.000289753021661934,0.121342087919998,0.986928016803863,NA
"gene-LOC134720593|LOC134720593",10.655995505299,-0.0497656416574163,0.123012130870015,0.310427957007564,0.785968067624988
"gene-LOC134720594|LOC134720594",9.04373964503246,0.00147766992602676,0.120720378383757,0.941192120018459,0.988027444185343
"gene-LOC134720598|LOC134720598",50.7037123087338,-0.0110793851513818,0.105804197770918,0.836244191805506,0.965558865799071
"gene-LOC134720601|LOC134720601",8.15566491296612,0.00912765592631278,0.121424238579615,0.615712395662212,0.906976815718786
"gene-LOC134720603|LOC134720603",68.92494382255,-0.0532466100824169,0.122651361397366,0.303308630945864,0.779137008824238
"gene-LOC134720605|LOC134720605",11.2751852228723,-0.0734946837926118,0.135957555005278,0.172162564870671,0.652148082884002
"gene-LOC134720606|LOC134720606",35.2636409190073,0.276255634561283,0.22686291612106,0.0144802777926086,0.266444226999622
"gene-LOC134720607|LOC134720607",11.6498580627643,0.0185867060456197,0.121909993629894,0.438186135642961,0.837564055597279
"gene-LOC134720609|LOC134720609",34.7011406008103,0.00559640424207627,0.116746732176184,0.875472520004647,0.977383609163761
"gene-LOC134720610|LOC134720610",51.8205465219108,-0.0550475699007275,0.103895515497787,0.384282603376747,0.821366700441867
"gene-LOC134720611|LOC134720611",15.9643924133906,-0.0585725091700545,0.139033149778856,0.065235647509894,0.500167284393671
"gene-LOC134720613|LOC134720613",97.2860501132148,0.0553939305271575,0.112718681721135,0.35950362510189,0.811668122295978
"gene-LOC134720616|LOC134720616",147.292351439461,-0.180038565024676,0.140296614982744,0.0356956208072063,0.397849663423626
"gene-LOC134720617|LOC134720617",84.3929267006555,0.0649629363349459,0.109948785388679,0.311614967889873,0.786334587117028
"gene-LOC134720620|LOC134720620",10.509500108699,-0.00468311179215931,0.121935655065373,0.664906585179965,0.921517102343534
"gene-LOC134720622|LOC134720622",8.92757188567101,0.00390304618921492,0.116047058281145,0.916872979554711,0.984580118136683
"gene-LOC134720623|LOC134720623",9.53720224604567,0.057762799689206,0.13458614420899,0.145313247848003,0.631223000301963
"gene-LOC134720628|LOC134720628",17.7321098832501,0.0259301156749562,0.119499379802064,0.483830856940768,0.857948816051691
"gene-LOC134720632|LOC134720632",12.539737950366,-0.0154141315616498,0.122114819660434,0.432969791928194,0.8360891578941
"gene-LOC134720636|LOC134720636",12.270341377158,0.00521364823938983,0.106140715068932,0.922215565698914,0.984779988891035
"gene-LOC134720645|LOC134720645",8.49578804513865,0.00868766380395968,0.121512522211589,0.6151896058203,0.906976815718786
"gene-LOC134720651|LOC134720651",1186.12206371731,-0.0166269368776859,0.0963576762976072,0.780615515309627,0.955272826382029
"gene-LOC134720653|LOC134720653",9.19359107149634,0.018874894594695,0.12149562370806,0.468506172383064,0.849782100562608
"gene-LOC134720654|LOC134720654",7.52229128507884,0.00690127276755532,0.11780080423728,0.833833906441851,0.965558865799071
"gene-LOC134720658|LOC134720658",57.4261422091881,-0.539775407586906,0.213247665938388,0.000552553022986142,0.0520217536695682
"gene-LOC134720663|LOC134720663",48.9693332932838,0.668816691003333,0.27671756053888,0.000627025868347514,0.0565758641934281
"gene-LOC134720669|LOC134720669",22.5954779419723,-0.0438028858892566,0.127451891061035,0.228052965580533,0.712510178268121
"gene-LOC134720671|LOC134720671",54.9064407185381,0.0288827072010067,0.101995588050501,0.62543668559993,0.910590279867861
"gene-LOC134720673|LOC134720673",223.0244265694,-0.418245534300227,0.374088728798588,0.0077050912403998,0.204791893253776
"gene-LOC134720677|LOC134720677",15.2477855216995,0.0177436204864115,0.116416741924992,0.659258661311264,0.920550275346482
"gene-LOC134720678|LOC134720678",149.834240519236,0.00472333653153771,0.100662223679076,0.935296153800343,0.986824046819264
"gene-LOC134720679|LOC134720679",12.162849056302,0.00243407877510135,0.119040108811971,0.930770386973623,0.986765437284343
"gene-LOC134720681|LOC134720681",101.760116974764,0.0623505903788635,0.108410290983601,0.32405722424902,0.795051568786952
"gene-LOC134720688|LOC134720688",9.50780169407505,0.0301717614060186,0.114372863353987,0.537216571300607,0.877546699876996
"gene-LOC134720690|LOC134720690",12.366290152205,-0.0808222186757499,0.139659660533632,0.153945926658771,0.640559180278199
"gene-LOC134720692|LOC134720692",19.794086015147,-0.247790643352113,0.236039857821008,0.020085198298254,0.30886663255775
"gene-LOC134720694|LOC134720694",22.6437952548817,-0.0136591392264452,0.117997176693639,0.68890787947102,0.927938176530763
"gene-LOC134720695|LOC134720695",23.4664083831789,0.00213659345959222,0.0978442018491939,0.972932113628838,0.994986835855027
"gene-LOC134720696|LOC134720696",27.2905383570375,0.0450494193779027,0.12568654838143,0.277476279873821,0.759232685412877
"gene-LOC134720697|LOC134720697",51.9968626400934,0.0475811329379524,0.113977343135698,0.402974492392791,0.827512340614772
"gene-LOC134720698|LOC134720698",28.954835817198,0.00960149531615144,0.100962089913116,0.867667591407983,0.975747205157066
"gene-LOC134720706|LOC134720706",27.150751789528,0.218388662332017,0.195534244556316,0.0259792153529278,0.340374020463548
"gene-LOC134720708|LOC134720708",12.4245866194032,-0.0662358049398559,0.144957213786624,0.0447974966140359,0.438652587517252
"gene-LOC134720709|LOC134720709",8.22818618244292,-0.00946571178489024,0.121932664045859,0.520786370697948,0.872215039749686
"gene-LOC134720710|LOC134720710",8.45510243752498,0.011881623272325,0.122424192023135,0.378101071650641,0.820038855990219
"gene-LOC134720716|LOC134720716",41.2553326477133,0.085280099070188,0.129451717402084,0.186362138182134,0.663654804016169
"gene-LOC134720724|LOC134720724",8.67516491140581,-0.000372461666425266,0.120546202036958,0.983740237023882,0.99595232498375
"gene-LOC134720728|LOC134720728",19.1765565112129,0.0258412675083727,0.111254456200744,0.612909564227688,0.90644068581297
"gene-LOC134720730|LOC134720730",8.1031122788503,0.0178572100763009,0.121449826784216,0.479408972195641,0.856095103249028
"gene-LOC134720731|LOC134720731",22.8805523046326,0.00787877486507749,0.111726274883635,0.865329224199819,0.975432977140626
"gene-LOC134720736|LOC134720736",12.0760673873726,0.0486992528191911,0.118613565752863,0.360540114444433,0.811811460335046
"gene-LOC134720738|LOC134720738",78.8588121458158,-0.0132096772644116,0.106196187346789,0.801440653640222,0.958777657383338
"gene-LOC134720741|LOC134720741",43.6926468918526,0.0818995227025127,0.143704177518626,0.131798441861285,0.620317785725725
"gene-LOC134720742|LOC134720742",9.15263972228491,-0.0357034465933583,0.120625264019287,0.401139848645013,0.827255071865873
"gene-LOC134720743|LOC134720743",52.3079768271883,0.157516863657875,0.157116716400105,0.0573779741803118,0.483310521148065
"gene-LOC134720744|LOC134720744",53.0208871058551,0.110226377992845,0.106071498658952,0.122995669121675,0.61021324010114
"gene-LOC134720746|LOC134720746",142.498264404908,0.0119226101545896,0.104746167556952,0.828746409189543,0.964892896096873
"gene-LOC134720751|LOC134720751",6.96797135905572,-0.0183600805368683,0.121032205404419,0.500278147355889,0.864973633836395
"gene-LOC134720754|LOC134720754",14.6375178427572,0.0114114040903936,0.116897727054343,0.754245743046474,0.949383119158366
"gene-LOC134720755|LOC134720755",24.9553738780837,0.0450922806374151,0.116745769967783,0.398353126284687,0.827255071865873
"gene-LOC134720756|LOC134720756",30.0144970744377,-0.0594749287069688,0.131184193812691,0.203605873159536,0.684382578138134
"gene-LOC134720762|LOC134720762",579.799365615971,0.102172016644522,0.101463137238438,0.142722026294219,0.627993686790484
"gene-LOC134720764|LOC134720764",14.8538308418421,0.0392601954928194,0.118627088107,0.414005903198073,0.831856384439449
"gene-LOC134720765|LOC134720765",120.029120581021,-0.0178785658184628,0.0835240360861812,0.76995846002615,0.953685276062354
"gene-LOC134720769|LOC134720769",162.359400183709,0.219856237431554,0.179284246755683,0.0237769691714243,0.329141815387794
"gene-LOC134720772|LOC134720772",876.187993154732,-0.0169187536459778,0.0893583386686356,0.782015618381751,0.955385801967526
"gene-LOC134720778|LOC134720778",22.1536912510342,-0.0347571632887176,0.117577257554568,0.455785700785015,0.845232489565602
"gene-LOC134720782|LOC134720782",12.7002028247754,-0.154907420635157,0.268862503334011,0.0202629796575895,0.309062025775332
"gene-LOC134720787|LOC134720787",9.59515518054589,-0.00273230337909894,0.115912066409096,0.939668104340599,0.987436577760504
"gene-LOC134720788|LOC134720788",26.5268871910474,0.0757258574893668,0.11888864424909,0.239853028571907,0.72032371267643
"gene-LOC134720789|LOC134720789",245.44618675101,0.053581154568741,0.102261696472949,0.395532196391644,0.826720797872459
"gene-LOC134720790|LOC134720790",18.4596247726618,0.0138653458095985,0.121013610422536,0.56200234602587,0.889818923835977
"gene-LOC134720791|LOC134720791",5.60492107666816,-0.00601869835006859,0.121936317837529,0.609529758433083,NA
"gene-LOC134720796|LOC134720796",25.5187418178072,0.338621783607231,0.370805929705188,0.0116792078708628,0.245156312756682
"gene-LOC134720797|LOC134720797",32.1026141583953,0.0196131956796769,0.0979900075012058,0.743210833690364,0.947438835812484
"gene-LOC134720799|LOC134720799",22.2590379051522,-0.178754040842861,0.301997841675578,0.0224026003938634,0.32202125594941
"gene-LOC134720801|LOC134720801",125.473103881366,0.642542118950469,0.116503718963899,2.04168011017459e-09,5.09671411503249e-06
"gene-LOC134720802|LOC134720802",124.101805194994,-0.044467403162903,0.117669938524046,0.391471091991358,0.823981733536616
"gene-LOC134720803|LOC134720803",7.41920899394885,0.00720545909103499,0.119484843088556,0.788216895822474,0.956384665187901
"gene-LOC134720804|LOC134720804",22.2634546666535,0.0322539227204416,0.117595642515114,0.478363953832885,0.856016572413102
"gene-LOC134720810|LOC134720810",11.845064005077,0.00874936241438767,0.115878865061288,0.819109296747091,0.962092576666134
"gene-LOC134720812|LOC134720812",22.4202011401621,0.0138476153857636,0.101944433756671,0.808540125109805,0.960505277793567
"gene-LOC134720814|LOC134720814",15.5565296236195,-0.00725041858497636,0.108423337026893,0.881821853595002,0.977383609163761
"gene-LOC134720815|LOC134720815",11.2595413008742,0.0542588581353584,0.125215315727098,0.276503684135366,0.758511388457787
"gene-LOC134720816|LOC134720816",15.2595773272555,0.0083134342357286,0.119473670743556,0.761284146373084,0.95123850595533
"gene-LOC134720817|LOC134720817",25.7087593284041,0.0595770013641432,0.119693334208006,0.302914636509582,0.778994676261427
"gene-LOC134720818|LOC134720818",72.180477026337,0.0711537134062085,0.100836564262895,0.283255850009421,0.764433535394795
"gene-LOC134720832|LOC134720832",19.7740046575384,-0.0217990302502097,0.116066641971792,0.609188076145171,0.905739428678019
"gene-LOC134720833|LOC134720833",10.4180742417534,-0.00917198712418196,0.111081608727947,0.845479698488468,0.967720840895634
"gene-LOC134720835|LOC134720835",12.8582143603822,-0.112893660250169,0.188431433761212,0.0380436549237331,0.409351913396317
"gene-LOC134720839|LOC134720839",26.7150997127473,0.0179527901622176,0.103116015199581,0.752677391345945,0.949383119158366
"gene-LOC134720840|LOC134720840",17.4057224611358,0.0278195526260938,0.11422068395039,0.563892149535536,0.889818923835977
"gene-LOC134720841|LOC134720841",14.8052226626773,-0.00981140442244361,0.11238921920022,0.827788632912297,0.96441722845034
"gene-LOC134720845|LOC134720845",26.3614695380605,0.555818306896482,0.185672195415152,0.000153834105201522,0.0240487234938322
"gene-LOC134720850|LOC134720850",9.31536381014349,-0.0111102896008434,0.11364582393365,0.797318674218316,0.958753942071446
"gene-LOC134720853|LOC134720853",12.67770904195,-0.0465335058847083,0.127543331071155,0.236565269471834,0.7177995286057
"gene-LOC134720855|LOC134720855",11.2432346395236,0.0654083857133401,0.133263633407524,0.18914992325686,0.666686889874754
"gene-LOC134720856|LOC134720856",13.4215823992557,0.00514859581489554,0.114419892105998,0.899396419889586,0.98065001678538
"gene-LOC134720868|LOC134720868",9.17747439377689,-0.00614764761452467,0.121208118883851,0.725452862588864,0.939950949468512
"gene-LOC134720885|LOC134720885",10.0036348247578,0.0144509391959477,0.112617451617865,0.753425155316909,0.949383119158366
"gene-LOC134720886|LOC134720886",8.68704341049582,0.103410230877085,0.167035052540067,0.0716548587663272,0.519231261978267
"gene-LOC134720892|LOC134720892",25.4572920257504,0.013416620411958,0.106864164840795,0.801156598057683,0.958777657383338
"gene-LOC134720895|LOC134720895",17.2963347021109,0.0313657977700316,0.117208030713364,0.490757065261787,0.862209407066644
"gene-LOC134720907|LOC134720907",13.9995450612219,0.0199295395209338,0.120160925561593,0.528377875362296,0.87559280413096
"gene-LOC134720917|LOC134720917",13.453902410872,0.00698296292524577,0.116327169392051,0.849536783892496,0.968810868672286
"gene-LOC134720919|LOC134720919",16.1760317570809,0.00153335380315009,0.121957627048406,0.873247745704799,0.977383609163761
"gene-LOC134720928|LOC134720928",8.80566075416302,0.00798145103257375,0.121802257186478,0.586403836175371,0.900467157908008
"gene-LOC134720930|LOC134720930",65.0075662244817,-0.0231739029989747,0.106895483647495,0.66930166145135,0.922711307465918
"gene-LOC134720931|LOC134720931",30.5540494307613,0.0195905176416835,0.115284345424517,0.649317597294546,0.918046712290982
"gene-LOC134720932|LOC134720932",22.4583951025989,0.0141881379962452,0.123126456476497,0.172976757965818,0.652381874279138
"gene-LOC134720933|LOC134720933",14.2841016391977,-0.0232152970612135,0.113765902283091,0.620339541486783,0.908483483457236
"gene-LOC134720934|LOC134720934",73.0450032668498,0.186165285340626,0.11439723297378,0.0213246587907833,0.314990867227172
"gene-LOC134720935|LOC134720935",59.789738403343,0.0715747675165112,0.110270029237976,0.273359491969809,0.75430701376636
"gene-LOC134720937|LOC134720937",26.3903779310089,-0.0406030628679558,0.121899440336904,0.35467087307317,0.811592466382447
"gene-LOC134720941|LOC134720941",20.8508198287715,0.240018345268883,0.292373961960147,0.0212977033432906,0.314990867227172
"gene-LOC134720943|LOC134720943",31.3966439868242,-0.00787411441490647,0.110471107985086,0.868569437330391,0.975747205157066
"gene-LOC134720946|LOC134720946",14.9234070477269,-0.00499248433950583,0.120673754499438,0.804415952764472,0.959584432980747
"gene-LOC134720947|LOC134720947",13.4960281557211,0.00290482748598467,0.118793372019632,0.920170130688758,0.984677261486326
"gene-LOC134720952|LOC134720952",38.4390701787455,-0.0974797894805767,0.173282755728222,0.0354729998671945,0.397690562882364
"gene-LOC134720955|LOC134720955",12.7932701593918,-0.00361738633451057,0.121343272364299,0.814618763985776,0.960728032217451
"gene-LOC134720964|LOC134720964",52.395477769642,0.0303736895054023,0.0974162375661735,0.619484185133632,0.908128424245264
"gene-LOC134720965|LOC134720965",7.61629588438395,0.0641618853102564,0.13580142924422,0.160221027333699,0.643030693302288
"gene-LOC134720967|LOC134720967",32.2448515522777,0.077919971854369,0.114087025055866,0.23899085775792,0.72032371267643
"gene-LOC134720972|LOC134720972",12.2146368259408,-0.0100722047945414,0.11591096149769,0.79156470456,0.956995220143462
"gene-LOC134720973|LOC134720973",76.1938788265818,-0.0431616676839781,0.109073424046212,0.460273648440483,0.848216731927982
"gene-LOC134720974|LOC134720974",13.1121214040694,0.0500846153556452,0.132180378153832,0.139675750321934,0.627117322638466
"gene-LOC134720975|LOC134720975",22.3353631729783,0.0333256483010672,0.112085503618243,0.528175258227771,0.87559280413096
"gene-LOC134720980|LOC134720980",6.32969304227701,0.0149580581462175,0.122411942638306,0.388456996469551,NA
"gene-LOC134720981|LOC134720981",155.776125298306,0.233010323743653,0.137073053397949,0.0118154147954754,0.245156312756682
"gene-LOC134720983|LOC134720983",9.13691440698251,0.0254994470405695,0.121990979490189,0.403991980787127,0.828569242480243
"gene-LOC134720984|LOC134720984",11.116390986619,-0.0253260870985011,0.1205195359209,0.464191193773885,0.848659322959597
"gene-LOC134720992|LOC134720992",17.3005328346138,0.0339324644703,0.110450407289347,0.534301893646616,0.876836729956355
"gene-LOC134720998|LOC134720998",94.0742801670393,-0.0578851214400269,0.104753760133799,0.364143930261235,0.812684588929183
"gene-LOC134720999|LOC134720999",7.39983355325919,0.0043097374147569,0.120643330533979,0.834506404424197,0.965558865799071
"gene-LOC134721000|LOC134721000",21.2182393201748,-0.103090700454191,0.148302383470981,0.116981432369413,0.604173990005962
"gene-LOC134721001|LOC134721001",192.772702074295,0.12597127141634,0.0819373147741395,0.0526900219807229,0.468094493530415
"gene-LOC134721003|LOC134721003",9.81281573807608,0.000969023760163001,0.115759588746399,0.980321777599378,0.995903460384722
"gene-LOC134721005|LOC134721005",80.2113120513504,0.00513842707061284,0.117093282327284,0.882357733846439,0.977383609163761
"gene-LOC134721009|LOC134721009",7.97121374428331,-0.0258970117156897,0.120389007688969,0.463752640008521,0.848659322959597
"gene-LOC134721016|LOC134721016",319.487252456396,-0.532604403051616,0.175627933360624,0.000132750639873773,0.0226626963782925
"gene-LOC134721017|LOC134721017",347.919752298035,0.0416321798983918,0.115215739818182,0.434065078489197,0.836462644390794
"gene-LOC134721018|LOC134721018",29.4105162024461,-0.00808160833488091,0.118539902250947,0.789164529531105,0.956384665187901
"gene-LOC134721020|LOC134721020",11.419354172943,-0.178715402481949,0.3247851077036,0.0183699101305596,0.297775447982167
"gene-LOC134721026|LOC134721026",11.5142471003921,0.020802202268001,0.116387302200403,0.615971891809893,0.907030839541914
"gene-LOC134721027|LOC134721027",3991.88122652957,-0.0025050040183536,0.0797829387692148,0.991561735596528,0.997848481775248
"gene-LOC134721028|LOC134721028",54.8537083717372,0.163532786222507,0.177700353361329,0.0510604234683577,0.463434722771289
"gene-LOC134721031|LOC134721031",20.355615744512,-0.0494994574880022,0.125548832944045,0.276366136478654,0.758411871047504
"gene-LOC134721033|LOC134721033",10.9618301995103,-0.112529724216293,0.178553209430519,0.0586658927795375,0.483310521148065
"gene-LOC134721034|LOC134721034",66.1247028700735,-0.013365513492888,0.105457543791062,0.804328484408853,0.959584432980747
"gene-LOC134721035|LOC134721035",14.7563833012972,-0.0107482420786583,0.113202460431909,0.806344031519911,0.960505277793567
"gene-LOC134721036|LOC134721036",16.0225758352583,-0.0104792907365242,0.120660571951058,0.647716263004188,0.918046712290982
"gene-LOC134721039|LOC134721039",23.5005910712134,0.0503128394487447,0.111093613100001,0.397425676008696,0.826986629114887
"gene-LOC134721040|LOC134721040",22.1746048569066,-0.0247346063161157,0.114010874755514,0.598529065364212,0.903304056912138
"gene-LOC134721041|LOC134721041",31.322997466952,0.00677048112750749,0.119109556152778,0.811370060326513,0.960505277793567
"gene-LOC134721045|LOC134721045",8.66236701579687,0.0125562579799691,0.121121200488932,0.574757541750141,0.893020587171537
"gene-LOC134721046|LOC134721046",19.2043057532975,0.0180528423632883,0.113655949739446,0.689293640811942,0.927938176530763
"gene-LOC134721048|LOC134721048",50.0716396964549,-0.0300335110530741,0.108644959763556,0.583396718961094,0.897986100224576
"gene-LOC134721049|LOC134721049",9.66439748407472,0.0152981636476007,0.119218334341653,0.628405099601005,0.910895822190252
"gene-LOC134721050|LOC134721050",10.9032280718011,0.0248558366781972,0.112882204224244,0.610942083534426,0.905829590890778
"gene-LOC134721051|LOC134721051",345.523164345372,-0.00742568215159736,0.0825497360971205,0.90219639686129,0.980885187660766
"gene-LOC134721056|LOC134721056",40.3982019181893,0.0842996828194465,0.137513453161596,0.161515894732459,0.643034890935151
"gene-LOC134721064|LOC134721064",13.1235663906578,-0.00653273079227035,0.111328941722632,0.887547762251037,0.977383609163761
"gene-LOC134721068|LOC134721068",14.2282885341796,0.0321556910387579,0.112900273837829,0.532668470028728,0.876836729956355
"gene-LOC134721069|LOC134721069",27.0891762870923,0.0443260483770961,0.11536985876627,0.412542641414554,0.831856384439449
"gene-LOC134721072|LOC134721072",12.6586096976452,-0.0252912393373933,0.121042885755204,0.445577244520668,0.841633495783625
"gene-LOC134721074|LOC134721074",82.5213213724261,0.188671419173543,0.18781061117416,0.0371675686446987,0.406347330773939
"gene-LOC134721075|LOC134721075",83.7939228359864,0.0516465585159558,0.103572572905024,0.41070207741527,0.831856384439449
"gene-LOC134721079|LOC134721079",16.1687673001097,0.00635743571804918,0.114333818352679,0.878200822383246,0.977383609163761
"gene-LOC134721080|LOC134721080",31.302464157266,0.00146273605088682,0.0996526580889782,0.98047752883116,0.995903460384722
"gene-LOC134721084|LOC134721084",35.2446751091083,-0.0193232045385499,0.104498495009836,0.728723457535069,0.941275691470766
"gene-LOC134721090|LOC134721090",14.6426374783143,-0.0488528896526172,0.116857325326942,0.371971099277229,0.819803285016825
"gene-LOC134721091|LOC134721091",30.8483494213709,0.206751982060175,0.228058284617482,0.030003070012388,0.366073481039034
"gene-LOC134721094|LOC134721094",42.3276942993868,-0.107061294954531,0.115634111589544,0.136772979936684,0.624139845752057
"gene-LOC134721097|LOC134721097",51.5819929433263,-0.0287410741182169,0.0974152865428874,0.63574147891618,0.912781429371793
"gene-LOC134721098|LOC134721098",184.808572625958,-0.080109037763779,0.109380860648518,0.232835834425147,0.716057146239723
"gene-LOC134721100|LOC134721100",103.958917388812,-0.342310750142774,0.243383042223299,0.00817756593439807,0.211178590630025
"gene-LOC134721102|LOC134721102",965.156579624699,-0.116448588937394,0.126697031209598,0.112091513471909,0.596307637172188
"gene-LOC134721103|LOC134721103",12.4885336538342,-0.122586285962307,0.184248950740617,0.0588674134833813,0.483310521148065
"gene-LOC134721105|LOC134721105",11.8538363897801,0.0170495705680043,0.118394966550319,0.625595402024704,0.910590279867861
"gene-LOC134721106|LOC134721106",65.4103300714137,-0.12342902440291,0.16551222889367,0.0809283611679893,0.539169244759437
"gene-LOC134721109|LOC134721109",9.60362895737986,0.0278013811026789,0.119166708136169,0.481995493400238,0.856995311033804
"gene-LOC134721112|LOC134721112",14.3531271531016,-0.0359327389994655,0.115315350813346,0.473853529454127,0.854081344947249
"gene-LOC134721113|LOC134721113",25.3045202536781,-0.030748528460015,0.117558512174422,0.488734435682603,0.86053390505113
"gene-LOC134721116|LOC134721116",37.7137329233582,0.0217969201648068,0.0970707694650828,0.718059471318749,0.936854944373887
"gene-LOC134721118|LOC134721118",12.3518842132439,0.0075281821140194,0.11535702646458,0.848175835983618,0.968198690416884
"gene-LOC134721122|LOC134721122",9.45107621338705,0.0403713100482503,0.120758487153709,0.378209935717748,0.820038855990219
"gene-LOC134721125|LOC134721125",65.3883893386501,0.0794711212648154,0.131186589006786,0.191307799235931,0.666994463909631
"gene-LOC134721128|LOC134721128",173.838725164002,0.0106464183597192,0.108568790023964,0.835090755026115,0.965558865799071
"gene-LOC134721130|LOC134721130",53.9481136792822,-0.0633581577210847,0.100873524322862,0.330194904390971,0.797429744915828
"gene-LOC134721132|LOC134721132",17.2349418723791,0.0178259528490714,0.122798988327628,0.33741931324732,0.802058261976077
"gene-LOC134721134|LOC134721134",9.23439505319934,0.0145995573650023,0.118576131634834,0.660425103035263,0.92080829642482
"gene-LOC134721139|LOC134721139",11.8493233455282,0.0094151831892556,0.119100839411487,0.747455858543265,0.947986108770842
"gene-LOC134721140|LOC134721140",108.537497508585,-0.0905107561699713,0.140401421019885,0.145728984505354,0.631223000301963
"gene-LOC134721141|LOC134721141",7.61886340601734,-0.0671928745945741,0.14310311797834,0.0797888131667095,0.535908898480258
"gene-LOC134721142|LOC134721142",33.6009675474012,0.00900796944069596,0.106488980969029,0.86568072277279,0.975432977140626
"gene-LOC134721143|LOC134721143",17.063121319784,0.0346286526605564,0.113625342854426,0.503378992774328,0.865428208651732
"gene-LOC134721153|LOC134721153",11.7769289765892,-0.036603193662136,0.123502527271787,0.327719715793601,0.795145177291112
"gene-LOC134721154|LOC134721154",29.5432936294431,0.383983562203741,0.1780358217025,0.0020367275719001,0.100814241074957
"gene-LOC134721207|LOC134721207",88.0566574695787,1.20190345707938,0.266420290936625,2.89801027260713e-07,0.000217031989315548
"gene-LOC134721209|LOC134721209",6.12188126466678,0.0109051894370489,0.121241943998976,0.595267030012051,NA
"gene-LOC134721216|LOC134721216",40.3501853989456,-0.0296454281894914,0.121057425115268,0.418994822659545,0.833869845043139
"gene-LOC134721219|LOC134721219",11.5683800100124,-0.0262897580011142,0.124469794472633,0.228761781133337,0.713237709786661
"gene-LOC134721224|LOC134721224",22.2692393954197,0.176204301892561,0.175639299550463,0.0440233215582678,0.43651193441771
"gene-LOC134721225|LOC134721225",9.64482535780642,0.00501626830821681,0.119622311605652,0.845699075369433,0.967824018252091
"gene-LOC134721226|LOC134721226",56.6857015563682,-0.0359057352517919,0.102587069123151,0.548154738796148,0.88287604337532
"gene-LOC134721228|LOC134721228",9.31001395778994,-0.0069392374283479,0.117334044869847,0.8366168328604,0.965558865799071
"gene-LOC134721229|LOC134721229",153.989071053879,-0.264893410526112,0.303889711120867,0.0176393324760567,0.291949171218019
"gene-LOC134721231|LOC134721231",14.9982487030985,0.00467643391054302,0.113238316638819,0.914249560912602,0.983375947840117
"gene-LOC134721233|LOC134721233",11.2957292156997,-0.0171735569081933,0.115503203578148,0.678876502199106,0.924535906928755
"gene-LOC134721236|LOC134721236",105.617464984914,-0.021126665624359,0.111577792829668,0.666493435907724,0.921742651670224
"gene-LOC134721237|LOC134721237",9.42247052115784,0.00852925025091873,0.118947497081822,0.771439764888555,0.953685276062354
"gene-LOC134721244|LOC134721244",26.2508639303613,0.0135903910798577,0.111635371286679,0.774058104309421,0.95457752673248
"gene-LOC134721246|LOC134721246",9.39419739421328,-0.0489681505199178,0.126037356587513,0.26957399473226,0.749105620241149
"gene-LOC134721249|LOC134721249",25.5730132004986,0.0264155471491915,0.114204003682316,0.579991360612431,0.896872867979867
"gene-LOC134721250|LOC134721250",29.287500971528,0.0875332656835226,0.126716446532431,0.18504874538703,0.66207097044213
"gene-LOC134721251|LOC134721251",36.5620566180524,-0.0092822413686019,0.107936929035155,0.855778355432635,0.972085825008297
"gene-LOC134721261|LOC134721261",71.5219690595053,0.0130122676691328,0.0961168845292129,0.824366050230389,0.964172729064096
"gene-LOC134721267|LOC134721267",214.176090806164,0.243848642812022,0.19086382056828,0.0181356264793968,0.295899143146411
"gene-LOC134721268|LOC134721268",46.9990920705655,0.0374874114915198,0.105408993853668,0.526245809396284,0.875012181742622
"gene-LOC134721269|LOC134721269",33.3604629489903,-0.00999855115125517,0.119269041279337,0.724960171036623,0.939644106558125
"gene-LOC134721270|LOC134721270",251.43285602773,0.0948940973741223,0.130635364613159,0.158028363026381,0.641040525737625
"gene-LOC134721271|LOC134721271",72.2878615044592,0.0305357978699987,0.0963809205123852,0.614682994945189,0.906968686182044
"gene-LOC134721272|LOC134721272",12.9270915406933,0.0171916033310423,0.122212135824084,0.414510877197863,0.831856384439449
"gene-LOC134721274|LOC134721274",39.6981810045108,0.0155555707643965,0.092703421523141,0.798886990542005,0.958777657383338
"gene-LOC134721276|LOC134721276",10.4662500076905,0.052344686302159,0.133513736878205,0.125650569819751,0.612473297307214
"gene-LOC134721279|LOC134721279",33.1414272609104,0.00730303655406076,0.0985947812828567,0.901277639410482,0.980885187660766
"gene-LOC134721280|LOC134721280",58.5640318539373,-0.00145647224597247,0.107445076663042,0.97585939886047,0.995479908586306
"gene-LOC134721281|LOC134721281",6.42641248227322,0.0141686795882579,0.122063191214329,0.447767522709451,NA
"gene-LOC134721285|LOC134721285",9.66858051253885,0.928074455073997,0.626697667344953,0.00303298003278846,0.137660530094259
"gene-LOC134721290|LOC134721290",8.05546549271015,0.0383351260336065,0.126652043725939,0.221057634027805,0.707264061779253
"gene-LOC134721292|LOC134721292",15.8998815267511,0.0263748714360537,0.120271985100981,0.465841976983475,0.848670267917421
"gene-LOC134721293|LOC134721293",5.14759570868445,0.000449664500407324,0.121416859077946,0.978618416316636,NA
"gene-LOC134721294|LOC134721294",68.7044374629279,-0.190114723451406,0.171462583709368,0.0354139784130489,0.397624114445762
"gene-LOC134721302|LOC134721302",33.1210643013014,-0.0635081298978724,0.12889759292149,0.227929306287202,0.712510178268121
"gene-LOC134721304|LOC134721304",38.0051630462415,0.039116346037146,0.104787001522747,0.512267005538428,0.871527350897159
"gene-LOC134721305|LOC134721305",21.1583861626743,0.017918389754253,0.121631191289878,0.466048932107984,0.848670267917421
"gene-LOC134721306|LOC134721306",25.9038889120035,0.0150177326139229,0.106216349613744,0.780752147998276,0.955272826382029
"gene-LOC134721307|LOC134721307",77.2652901087685,-0.00900552706990702,0.102963082323084,0.871285053661394,0.97680445611829
"gene-LOC134721309|LOC134721309",8.83221152622723,0.00947330500096323,0.112732632901256,0.832282671965257,0.965381343401655
"gene-LOC134721310|LOC134721310",7.86256730395003,0.00490521265847532,0.116184091923432,0.894545690092198,0.979928513327605
"gene-LOC134721312|LOC134721312",11.7350388790247,0.0175089738927989,0.108467074648486,0.736837470606621,0.944434969376115
"gene-LOC134721313|LOC134721313",7.09975715505,0.00841467933092609,0.118917050317422,0.774475034259136,0.95457752673248
"gene-LOC134721315|LOC134721315",229.898224729541,0.0422984620790436,0.124400197981964,0.304039899978876,0.780046183947174
"gene-LOC134721316|LOC134721316",9.13793076234522,-0.0161806772262071,0.121725769840858,0.470687631919822,0.85183198493524
"gene-LOC134721319|LOC134721319",140.907879531503,0.0335750087443041,0.092681608129133,0.591397526027145,0.902148006853668
"gene-LOC134721323|LOC134721323",8.59284912800994,2.84564477845106e-05,0.118551579327706,0.999518725803616,0.999785726932454
"gene-LOC134721324|LOC134721324",9.4761428945266,-0.00617841423767466,0.119027207788606,0.825210972606023,0.964172729064096
"gene-LOC134721327|LOC134721327",55.0696313621182,0.0408319023500556,0.105372283786683,0.49553724240196,0.863101001106686
"gene-LOC134721328|LOC134721328",97.5204298071141,0.0732910569915228,0.133498134426868,0.1878138429919,0.665344309444814
"gene-LOC134721329|LOC134721329",91.7729897851909,-0.00526976997254453,0.092496871833551,0.92986759493518,0.986709951932162
"gene-LOC134721332|LOC134721332",16.1360135346052,0.0147150183217896,0.11622166938615,0.708711250492306,0.933953954014707
"gene-LOC134721336|LOC134721336",27.2420577488337,-0.0280033006773318,0.102208577374442,0.632834917186052,0.912460614354241
"gene-LOC134721337|LOC134721337",30.1517998351981,0.0696356148355462,0.124404023976281,0.243741097306099,0.725041105140412
"gene-LOC134721338|LOC134721338",1286.39756706143,-0.0597363112752328,0.124672682010361,0.275841873639819,0.758084327225176
"gene-LOC134721339|LOC134721339",102.91993646635,0.115201005478632,0.104647347163116,0.107518755997123,0.591192170056114
"gene-LOC134721340|LOC134721340",22.0836366298088,-0.0712470538405766,0.115164512827535,0.265181613138632,0.746180118292241
"gene-LOC134721342|LOC134721342",48.2167208297321,0.0878517898191049,0.100376854455233,0.197530111061151,0.678015855422546
"gene-LOC134721343|LOC134721343",16.6266061690953,0.025962557901386,0.112957976366355,0.597543473945252,0.903304056912138
"gene-LOC134721346|LOC134721346",14.61951770914,0.0198487007240812,0.122688151103267,0.361319008894417,0.812588005288374
"gene-LOC134721348|LOC134721348",41.7725496782702,0.0394440976485304,0.0956244511576534,0.529243214588293,0.875659472324857
"gene-LOC134721349|LOC134721349",40.4220396479149,0.0318198059786829,0.103660054187978,0.588177469149833,0.901619364132022
"gene-LOC134721353|LOC134721353",55.1568599296964,0.0149852895540712,0.109820265944509,0.765250901004727,0.952159157857752
"gene-LOC134721354|LOC134721354",571.60754869847,-0.0325065175886406,0.0789274575322673,0.591881649933864,0.902148006853668
"gene-LOC134721355|LOC134721355",29.9895428228068,-0.0904084121947158,0.137379742913886,0.154712940142602,0.640559180278199
"gene-LOC134721356|LOC134721356",13.2439768402659,-0.0233308799055271,0.115259126587144,0.600644581775425,0.904066623728823
"gene-LOC134721357|LOC134721357",14.4912825366933,-0.0659250493123064,0.129538656018924,0.219909712706557,0.707264061779253
"gene-LOC134721358|LOC134721358",30.9354839558553,-0.041237205876276,0.116974166801247,0.418827047667981,0.833869845043139
"gene-LOC134721361|LOC134721361",14.313616519371,0.00187981023569038,0.116104670743718,0.961191599284061,0.99096568624634
"gene-LOC134721362|LOC134721362",34.2161129784612,0.084630078555402,0.144122803285295,0.132801911373443,0.620317785725725
"gene-LOC134721365|LOC134721365",18.1163714255124,-0.0294172689748086,0.112892780323761,0.559236399086473,0.889197747931761
"gene-LOC134721367|LOC134721367",11.4060486174638,-0.0269151571399685,0.118973348240919,0.495138446083096,0.863101001106686
"gene-LOC134721368|LOC134721368",119.082365741615,-0.0329886825557298,0.113794051782359,0.516282161589743,0.871694888253186
"gene-LOC134721371|LOC134721371",10.8814260448924,0.0615556333920859,0.1292658919592,0.226383156137683,0.71163912252252
"gene-LOC134721376|LOC134721376",8.5682189542557,0.00988363431822658,0.119516258893812,0.723022312814535,0.938628075831609
"gene-LOC134721377|LOC134721377",80.3165635793878,0.843087724945546,0.272143570662948,8.18888390250105e-05,0.0180986896524732
"gene-LOC134721379|LOC134721379",50.8675000338021,-0.0368544361972862,0.102468764919707,0.54085416802197,0.879929447098869
"gene-LOC134721382|LOC134721382",8.02756670341966,-0.00794730177252882,0.118340599489892,0.796744090554482,0.958626227484349
"gene-LOC134721385|LOC134721385",45.0523474180959,-0.0602897073833137,0.109639335787763,0.336502102013478,0.802058261976077
"gene-LOC134721386|LOC134721386",31.1888451373352,0.00253213596038045,0.116706757728305,0.943967745889051,0.989038858725755
"gene-LOC134721387|LOC134721387",244.720710048246,-0.02248888017517,0.0906363918181558,0.715906563624974,0.93567613525086
"gene-LOC134721393|LOC134721393",15.923807920935,-0.0186792000496464,0.105981029577903,0.731985567015911,0.942119870738606
"gene-LOC134721394|LOC134721394",71.491613425608,0.0200420292267982,0.0812168539560008,0.742547671108466,0.947237400558229
"gene-LOC134721395|LOC134721395",45.2779046240876,0.0387346756251931,0.102698023593834,0.52300066183776,0.873333155840528
"gene-LOC134721396|LOC134721396",455.983617970273,0.0449950418484551,0.0922499969093907,0.476045703356184,0.854941552142557
"gene-LOC134721397|LOC134721397",8.56772665584698,0.034669491983236,0.127655731821028,0.114250113974905,0.599592924707823
"gene-LOC134721398|LOC134721398",59.7832345589129,0.0922841819182401,0.144816927753982,0.131629331173703,0.620317785725725
"gene-LOC134721399|LOC134721399",8.07856443408576,-0.0100417320477628,0.11906704048894,0.731919829017263,0.942119870738606
"gene-LOC134721402|LOC134721402",7.3480292521946,0.00462274873801419,0.121290163130543,0.780902689692987,0.955272826382029
"gene-LOC134721405|LOC134721405",112.60523283539,0.055362872879629,0.132629500474006,0.171944105457937,0.652148082884002
"gene-LOC134721406|LOC134721406",64.498795969498,-0.068216591100768,0.125869287487188,0.234536552912579,0.716292169361828
"gene-LOC134721419|LOC134721419",114.103293463811,0.207174601868901,0.157300190254513,0.0251906856594886,0.337483085695725
"gene-LOC134721420|LOC134721420",42.9374543612432,0.0201781578222889,0.107087676361914,0.709509771967257,0.933953954014707
"gene-LOC134721422|LOC134721422",22.1026699606471,0.0793062610002945,0.14582814236994,0.113678168904083,0.597960779861322
"gene-LOC134721423|LOC134721423",6.63026252043136,-0.0205941116644856,0.123894545273818,0.189657013530589,NA
"gene-LOC134721426|LOC134721426",10.7766017335736,-0.0268716012074603,0.115317050631183,0.558667608040851,0.889197747931761
"gene-LOC134721431|LOC134721431",11.830564942028,-0.0544494057034979,0.129916511511138,0.212856884172363,0.697812992168934
"gene-LOC134721434|LOC134721434",16.2311706573362,0.00743964922890544,0.122436246274297,0.669767989370362,0.922711307465918
"gene-LOC134721436|LOC134721436",37.051319021704,-0.0235608515212195,0.113175718783267,0.620849257003561,0.90848762383929
"gene-LOC134721439|LOC134721439",27.6115816372859,-0.0740492632681165,0.143686626954296,0.112604514240597,0.596389821179512
"gene-LOC134721440|LOC134721440",28.1751765985791,0.029090691863892,0.106032792802,0.608804479585064,0.905528648979651
"gene-LOC134721442|LOC134721442",9.96516049763026,-0.0130770354622385,0.12204451330269,0.454844563344966,0.845232489565602
"gene-LOC134721450|LOC134721450",8.82474032216399,-0.00424020363505145,0.121025493798627,0.812487335291719,0.960505277793567
"gene-LOC134721459|LOC134721459",11.8995811328703,0.00720405291330161,0.121210602588824,0.69483405726502,0.929296223627318
"gene-LOC134721461|LOC134721461",12.1616560758156,0.021499121671194,0.115761357853158,0.616112415642905,0.907030839541914
"gene-LOC134721463|LOC134721463",14.9205108969149,0.00695961065033251,0.121042747101777,0.71822226257404,0.936894312545461
"gene-LOC134721465|LOC134721465",60.0258035984243,-0.0986674855047456,0.153029327828431,0.10677277490504,0.590126428977005
"gene-LOC134721476|LOC134721476",22.9956700315439,-0.0156080198149708,0.111523259306987,0.742758502709091,0.947237400558229
"gene-LOC134721477|LOC134721477",14.2493618110092,0.0311131321960281,0.124447565609802,0.280249465537598,0.762459166226361
"gene-LOC134721478|LOC134721478",14.3004243469146,-0.0238529126885993,0.110517903745149,0.640417760263711,0.914809132082223
"gene-LOC134721480|LOC134721480",19.9127330050047,-0.121694064261386,0.176134150286908,0.0678153560099057,0.506350150706065
"gene-LOC134721489|LOC134721489",57.072421530191,-0.00218380745869153,0.109965102309532,0.962620930018018,0.991755144435952
"gene-LOC134721496|LOC134721496",15.5807458222065,0.035438478250325,0.120481745753613,0.404857451104377,0.828879214975303
"gene-LOC134721501|LOC134721501",45.594333581581,0.826581994963998,0.232171214179614,1.69725834008777e-05,0.00560376198892636
"gene-LOC134721502|LOC134721502",12.0353531045436,0.0565894933568785,0.127529303747521,0.24676939803255,0.727867673046778
"gene-LOC134721503|LOC134721503",76.5409138245822,-0.0357069454114074,0.11958299182579,0.42002052738426,0.834367709132623
"gene-LOC134721504|LOC134721504",12.0145276950087,-0.00952234584130177,0.108024079462226,0.851490964869521,0.970266073646434
"gene-LOC134721510|LOC134721510",39.1856158619565,-0.018482204473979,0.123986141380072,0.0826507963294077,0.541059277719348
"gene-LOC134721512|LOC134721512",10.4768854472308,0.00990383792355265,0.118585690633654,0.750242538299496,0.949011133284577
"gene-LOC134721513|LOC134721513",31.0348123612941,0.0669815803990145,0.119990983261265,0.271688055291522,0.752189222210059
"gene-LOC134721515|LOC134721515",6.73885473503525,-0.00430876906165905,0.121319579097443,0.786946080118429,0.956384665187901
"gene-LOC134721516|LOC134721516",14.5191329931011,0.0324998501012679,0.124690623260788,0.274966367006053,0.756974403734827
"gene-LOC134721531|LOC134721531",10.5450589471971,0.0246694730424761,0.120264367503342,0.478512768420177,0.856016572413102
"gene-LOC134721549|LOC134721549",1333.62025989951,0.00200100458630255,0.0799617548578478,0.931812245044317,0.986824046819264
"gene-LOC134721550|LOC134721550",76.1023344030568,0.539502981415639,0.21390944167959,0.000562660174554016,0.0520217536695682
"gene-LOC134721552|LOC134721552",15.6620492823699,0.0259305184012863,0.114845739324212,0.576932705646112,0.895285750638983
"gene-LOC134721557|LOC134721557",48.5577770108168,-0.00511650268798548,0.122316991483916,0.938963957525541,0.987436577760504
"gene-LOC134721566|LOC134721566",13.8124909575444,0.0241422755006771,0.112096618731999,0.626202989674328,0.910590279867861
"gene-LOC134721568|LOC134721568",11.3708656997065,0.0156386476341637,0.112457914614106,0.737604654314893,0.944434969376115
"gene-LOC134721573|LOC134721573",21.6394929799931,0.0395820573909362,0.127055582120452,0.215636010265639,0.700910625381671
"gene-LOC134721575|LOC134721575",10.2825956811626,0.0360355292244068,0.121213076094789,0.387606285058589,0.82303705168547
"gene-LOC134721584|LOC134721584",8.88991323328813,-0.00305003494741375,0.12101190467791,0.861816617104986,0.973956778441233
"gene-LOC134721589|LOC134721589",10.6755046016448,0.00249084743444514,0.122072081480714,0.513177027000109,0.871527350897159
"gene-LOC134721590|LOC134721590",33.5940043158601,0.0170810738249853,0.114459234115787,0.695217579474355,0.929296223627318
"gene-LOC134721593|LOC134721593",71.5458783333031,0.07390292345066,0.124607479903261,0.230126600005331,0.714623063583092
"gene-LOC134721599|LOC134721599",11.371792177351,0.0102083458158487,0.122177909124384,0.45331780007038,0.844887595033348
"gene-LOC134721603|LOC134721603",6.28606486741056,-0.00239625231542684,0.121192444937807,0.882210412372834,NA
"gene-LOC134721605|LOC134721605",19.0330576528051,0.0118095404146106,0.121184305464924,0.583546061922034,0.897986100224576
"gene-LOC134721608|LOC134721608",69.1094079649909,-0.499800383803744,0.381384561220038,0.00538014077129626,0.17423602121867
"gene-LOC134721612|LOC134721612",14.7803325559501,-0.0199535449304038,0.120667271526352,0.502837952336258,0.865335655543869
"gene-LOC134721623|LOC134721623",59.6002329161279,0.146579443477428,0.222310163239087,0.0373007389032285,0.407208795402738
"gene-LOC134721624|LOC134721624",7.83335581998241,0.0130197656863236,0.122407198669447,0.386170670617681,0.821366700441867
"gene-LOC134721626|LOC134721626",18.7279274798269,-0.0105759231878919,0.115520764713602,0.786682868904743,0.956384665187901
"gene-LOC134721627|LOC134721627",15.6287222571113,0.0070838734245477,0.111122364418373,0.880799144988404,0.977383609163761
"gene-LOC134721629|LOC134721629",29.0582856592947,-0.0186237315183189,0.102497145045901,0.74283953177707,0.947237400558229
"gene-LOC134721633|LOC134721633",12.3383944024238,-0.0376852742873201,0.125839051847897,0.250597609488894,0.728910951453647
"gene-LOC134721635|LOC134721635",119.223054534418,0.0426538565273234,0.075796072019431,0.477508779490198,0.855278075864733
"gene-LOC134721636|LOC134721636",40.0950054196036,-0.0321364659526171,0.0939517008308325,0.60304849665615,0.904589020585693
"gene-LOC134721639|LOC134721639",8.23857726419755,-0.0146732679610111,0.118069514919622,0.670726047224548,0.922849047889885
"gene-LOC134721643|LOC134721643",26.7657904854175,0.0503373280332493,0.124459635346106,0.293015541153979,0.772631316913971
"gene-LOC134721644|LOC134721644",10.4266159078514,0.147535682144337,0.227132469617996,0.0358059384627486,0.397849663423626
"gene-LOC134721646|LOC134721646",16.5092636499118,0.00451474353436365,0.120093508361319,0.848315074294653,0.968198690416884
"gene-LOC134721650|LOC134721650",40.953397016447,-0.113009340998944,0.216256770060931,0.000803424960584856,0.0646402230635492
"gene-LOC134721654|LOC134721654",17.3746046518711,0.0449075935582136,0.1267950341578,0.251603511461029,0.730332828423119
"gene-LOC134721661|LOC134721661",18.8500246576879,0.0250699885597012,0.118762533008758,0.519032038860067,0.872022093906266
"gene-LOC134721665|LOC134721665",9.04289651354031,0.0371931616247522,0.120548956961027,0.394559409165751,0.826720797872459
"gene-LOC134721666|LOC134721666",10.653544865712,-0.0259103435663827,0.124750990194935,0.190193758865855,0.666719091309183
"gene-LOC134721669|LOC134721669",28.9978700524147,0.0816693743514324,0.133938432541242,0.177960613470067,0.654933807858672
"gene-LOC134721670|LOC134721670",16.0225010734735,0.0817857961979511,0.144050493651398,0.131428037183268,0.620317785725725
"gene-LOC134721673|LOC134721673",9.83496414508037,0.00384633125212103,0.121795866623601,0.750750499750391,0.949011133284577
"gene-LOC134721675|LOC134721675",269.711069391499,0.0490651672212306,0.0974833594385187,0.436003308936285,0.837018012862708
"gene-LOC134721676|LOC134721676",13.5157071068934,0.0902933239569779,0.144281203388366,0.132813184493414,0.620317785725725
"gene-LOC134721682|LOC134721682",46.1262641225503,0.0828532040279163,0.149109284115356,0.10234314594379,0.580642287858369
"gene-LOC134721689|LOC134721689",25.2716692342727,-0.0585474875407407,0.139620926348522,0.0530007326188521,0.46836969002188
"gene-LOC134721694|LOC134721694",106.441111762537,0.570902834844603,0.198652021681507,0.0002059684210718,0.0284100335618411
"gene-LOC134721705|LOC134721705",54.5960061807252,-0.00781949486466117,0.107341129976643,0.878817529260688,0.977383609163761
"gene-LOC134721707|LOC134721707",917.859101462442,-0.00783943032560655,0.0838700033643185,0.896786891006395,0.979928513327605
"gene-LOC134721710|LOC134721710",1003.41231279231,0.00374276142107191,0.0753508812258841,0.946887884697196,0.990448749036931
"gene-LOC134721711|LOC134721711",18.6100961383717,-0.170052106836628,0.213904537912495,0.0419844458650504,0.427203145493699
"gene-LOC134721713|LOC134721713",57.3158672028248,0.0636079076359221,0.12556082414431,0.255403524766044,0.733966614341099
"gene-LOC134721714|LOC134721714",70.3366036748379,-0.139656670153602,0.174774504278271,0.0662969761345486,0.502528395011776
"gene-LOC134721718|LOC134721718",39.482966563482,0.0291788769120076,0.0962257688815107,0.63332927944533,0.912460614354241
"gene-LOC134721724|LOC134721724",8.15073358328541,-0.00383916219029255,0.120680098410696,0.846131850449925,0.968023438438663
"gene-LOC134721727|LOC134721727",10.5960335086408,-0.00967457933219783,0.120802994508449,0.657673330904822,0.919931934095296
"gene-LOC134721729|LOC134721729",36.5864978741452,0.0338012009192023,0.103139636255497,0.570252159659822,0.892514888984445
"gene-LOC134721732|LOC134721732",37.3303749398389,-0.0339517638438638,0.108639894685902,0.543469492178979,0.88096169414034
"gene-LOC134721739|LOC134721739",83.0660883807891,0.027504523163286,0.0895468506629728,0.656224614932646,0.918972538520344
"gene-LOC134721746|LOC134721746",50.6225983503763,0.0619018364033129,0.102335767410986,0.319034770081511,0.791556704152286
"gene-LOC134721747|LOC134721747",43.9178378658491,0.0117924303849268,0.102990058758061,0.834305939317861,0.965558865799071
"gene-LOC134721751|LOC134721751",50.0265560513518,0.0572355015878947,0.115921767121993,0.333654706853347,0.800046820703714
"gene-LOC134721755|LOC134721755",124.128567944485,0.019676111262681,0.124034970410198,0.129285268825261,0.617390354361159
"gene-LOC134721757|LOC134721757",7.22912649432079,-3.3757503667435e-06,0.121784577404462,0.900904275001124,0.98065001678538
"gene-LOC134721762|LOC134721762",13.7421648007211,0.0485034939874714,0.124289639891648,0.29575644819924,0.773508870735426
"gene-LOC134721763|LOC134721763",10.9812609856337,0.0240798007049392,0.123179174945506,0.329136803928157,0.796158115186682
"gene-LOC134721764|LOC134721764",5.73252783644727,0.00672204797841721,0.121616731057037,0.65825478016081,NA
"gene-LOC134721766|LOC134721766",9.49025882603541,-0.0364747364853564,0.128367558652791,0.101956495470511,0.579631212729381
"gene-LOC134721767|LOC134721767",21.7417881401328,-0.0419968855835184,0.119787177851713,0.381389073061073,0.820970015863961
"gene-LOC134721768|LOC134721768",8.48175746382828,-0.00102459527574806,0.119273592041413,0.967623642260824,0.992550187342434
"gene-LOC134721769|LOC134721769",17.9087116477933,-0.00396803535848098,0.110481981993706,0.932473007879022,0.986824046819264
"gene-LOC134721772|LOC134721772",8.91699739232708,0.0115273322927603,0.116507539783409,0.758351980816951,0.950201142489307
"gene-LOC134721773|LOC134721773",13.9987442705981,0.0324445867987625,0.110038664380798,0.551977196822769,0.885741852797454
"gene-LOC134721775|LOC134721775",66.8726697897183,0.044552853267417,0.110415077120463,0.443061992157601,0.840308273190776
"gene-LOC134721776|LOC134721776",35.5946086838921,0.0431079933527371,0.10428025388225,0.478952432330641,0.856016572413102
"gene-LOC134721778|LOC134721778",10.2653986444893,-0.00715493342274979,0.110472383825211,0.880690772401413,0.977383609163761
"gene-LOC134721779|LOC134721779",12.5312534418456,-0.0583800417350627,0.126529894447682,0.256172358887709,0.73532954990803
"gene-LOC134721782|LOC134721782",30.8200219220163,0.0173562439946027,0.101701644516397,0.763743822118585,0.951829925815486
"gene-LOC134721786|LOC134721786",37.069720110307,0.508032532277583,0.194177870506397,0.000466339999021234,0.0471948682793246
"gene-LOC134721793|LOC134721793",37.2109719823047,0.357562891431922,0.220840292511413,0.00589545841564475,0.1806132038386
"gene-LOC134721795|LOC134721795",6.61632966846656,-0.00230625670106231,0.120521891723938,0.909211004820366,NA
"gene-LOC134721797|LOC134721797",4.44257708483067,-0.00717041468811376,0.122204317389794,0.473783986434354,NA
"gene-LOC134721798|LOC134721798",11.7938013069589,0.00394684979822389,0.117792825738185,0.904091560971173,0.981124721071311
"gene-LOC134721799|LOC134721799",257.579152724316,0.0979619948614502,0.146058202976155,0.1246706463115,0.610633401063977
"gene-LOC134721804|LOC134721804",8.37787743862061,0.0183301781144213,0.12099674291989,0.505201439667794,0.866969198366661
"gene-LOC134721813|LOC134721813",18.9798010945932,-0.00176977423166541,0.119416654939202,0.943360879965689,0.988997548751079
"gene-LOC134721818|LOC134721818",51.9301680054394,-0.349989631030663,0.313386212391856,0.0101203241928423,0.230469388698903
"gene-LOC134721824|LOC134721824",34.5014833078539,0.0687174788403337,0.125195242848744,0.241443897953671,0.722465094842905
"gene-LOC134721825|LOC134721825",85.4225072283915,-0.00394781730932923,0.102645346965829,0.942685575030635,0.988902125144197
"gene-LOC134721830|LOC134721830",203.626514202103,-0.457097494547552,0.170289105729465,0.000433384769822613,0.0450780352944659
"gene-LOC134721834|LOC134721834",25.0323995942072,0.092172099863989,0.147767661646588,0.121423046543574,0.608970421657898
"gene-LOC134721835|LOC134721835",47.2566676835727,0.0195931138201905,0.119164863092014,0.567878699146112,0.89133209092497
"gene-LOC134721837|LOC134721837",18.8305377934397,-0.0410235912096716,0.120468899960366,0.377733208194548,0.820038855990219
"gene-LOC134721839|LOC134721839",41.6950041887243,0.112899908661775,0.181161860620311,0.0532915506244039,0.468978169948485
"gene-LOC134721840|LOC134721840",15.6396876805161,-0.0223955001029489,0.121600342958656,0.436054673639878,0.837018012862708
"gene-LOC134721841|LOC134721841",123.975288180762,-0.042708934259518,0.128192962514265,0.198622493816151,0.678961187756122
"gene-LOC134721842|LOC134721842",49.4835297931371,0.00386409953754337,0.108758506877724,0.939289569043841,0.987436577760504
"gene-LOC134721844|LOC134721844",35.296177195259,-0.0627867885998246,0.13900707421835,0.105391371177521,0.586676933077063
"gene-LOC134721845|LOC134721845",11.4857129075055,-0.0297020810470556,0.124146296810597,0.28790540151375,0.768799212484725
"gene-LOC134721847|LOC134721847",18.8554677614582,0.00288254494550801,0.116822366007567,0.935223173397954,0.986824046819264
"gene-LOC134721848|LOC134721848",12.4125720283629,-0.0309357842936786,0.125597290840645,0.199874456532309,0.680353613556914
"gene-LOC134721850|LOC134721850",81.6797609804195,0.854380980996811,0.286307002465271,0.97546909827783,0.995479908586306
"gene-LOC134721851|LOC134721851",68.2653465235483,-0.120510826684436,0.115844502390344,0.102762647188987,0.581260925074265
"gene-LOC134721852|LOC134721852",16.9109771246775,0.00520788114314831,0.121157627053279,0.769608281557941,0.953685276062354
"gene-LOC134721858|LOC134721858",11.1701291936265,0.010175052054924,0.121277493386647,0.607964019324109,0.905455368892464
"gene-LOC134721870|LOC134721870",11.8500921566379,0.0188343141611627,0.119126678268222,0.577225312764988,0.895395270869015
"gene-LOC134721871|LOC134721871",14.8514178336721,-0.0261368310984873,0.123605263247598,0.303077548098882,0.778994676261427
"gene-LOC134721872|LOC134721872",7.98483568626018,0.00631918563637828,0.118861067791114,0.827375723770189,0.96441722845034
"gene-LOC134721873|LOC134721873",7.74231390583481,-0.00258379906127278,0.120895569264599,0.88690992246698,0.977383609163761
"gene-LOC134721874|LOC134721874",56.5953808163954,-0.0251103908580104,0.102271289597156,0.665803851811192,0.921742651670224
"gene-LOC134721881|LOC134721881",10.5471183965853,0.0144108823794419,0.121285110231686,0.531836383493999,0.876836729956355
"gene-LOC134721882|LOC134721882",22.1403977325925,0.487942137834875,0.33728699668593,0.00475679053966784,0.170097116309965
"gene-LOC134721891|LOC134721891",16.859655125105,0.00268442440808862,0.107615744451911,0.959496951941825,0.990589731896691
"gene-LOC134721894|LOC134721894",11.8930913174667,0.00737559251644752,0.120148660740191,0.75988985000993,0.950528659883809
"gene-LOC134721897|LOC134721897",6.78699538405291,0.00689465799674313,0.120578104549629,0.751859560536537,0.949345259435755
"gene-LOC134721898|LOC134721898",14.0516787904696,0.000812402064055185,0.115740627019511,0.983833430494253,0.99595232498375
"gene-LOC134721900|LOC134721900",18.0851529510763,0.082390997284419,0.14125926835838,0.146966065323967,0.632815303076338
"gene-LOC134721901|LOC134721901",35.4548016092982,0.0546416206826446,0.133610352937706,0.144871343405448,0.631223000301963
"gene-LOC134721903|LOC134721903",34.495169990513,0.0806654123192025,0.132201800063519,0.186117653071714,0.663538766430975
"gene-LOC134721906|LOC134721906",24.1372153919416,0.058375818601537,0.128456822898692,0.235302021621685,0.716934810635982
"gene-LOC134721907|LOC134721907",26.2534355329525,0.0652732729548058,0.136527361544503,0.152223451870825,0.639042493869484
"gene-LOC134721910|LOC134721910",17.7594196578079,0.120244499921443,0.14996917734013,0.098160270573726,0.578548838521946
"gene-LOC134721914|LOC134721914",13.7654315937346,0.014013094979753,0.115250501582861,0.733521992801119,0.942740038456767
"gene-LOC134721921|LOC134721921",19.3840502289594,-0.0459050888938346,0.122315383227358,0.32745261708977,0.795063998766021
"gene-LOC134721922|LOC134721922",11.2139341071647,0.134835887033996,0.189459939827125,0.058367318260354,0.483310521148065
"gene-LOC134721925|LOC134721925",8.84759699991558,-0.005891060784082,0.118264094535942,0.847007015154443,0.968198690416884
"gene-LOC134721929|LOC134721929",221.000175504179,0.0281932039374864,0.0976626422186315,0.642724967448831,0.915266026637418
"gene-LOC134721930|LOC134721930",7.67142290635502,-0.0410648394312501,0.125911560253131,0.26254129653174,0.743843561643696
"gene-LOC134721931|LOC134721931",24.8256403884537,-0.0365118507851921,0.119733667315145,0.410761568453319,0.831856384439449
"gene-LOC134721932|LOC134721932",39.6860243853438,0.00695727510031091,0.0935259022429843,0.90798536480378,0.98251592545162
"gene-LOC134721933|LOC134721933",9.24065466602656,0.0161191086970586,0.119776649034091,0.594769880975597,0.903181749062791
"gene-LOC134721936|LOC134721936",10.3075420033265,0.0166429071655228,0.121302651292609,0.503180311014586,0.865428208651732
"gene-LOC134721937|LOC134721937",10.3103101902672,0.0227401943931885,0.113653762889741,0.628111487448958,0.910895822190252
"gene-LOC134721938|LOC134721938",11.990129712813,0.00982462830001237,0.119324676746852,0.73089711277644,0.941952930232792
"gene-LOC134721944|LOC134721944",164.564324874725,-0.0917737425513516,0.159959439025856,0.0703041818531065,0.515329159545523
"gene-LOC134721948|LOC134721948",18.4173236489406,-0.00038615427795269,0.111594774430808,0.992241084186085,0.997848481775248
"gene-LOC134721955|LOC134721955",11.9930645480332,-0.126473846055095,0.213663670376963,0.0255312819799168,0.338519970435751
"gene-LOC134721957|LOC134721957",8.80769798912421,-0.00611642958304791,0.121197621038126,0.728898135434443,0.941275691470766
"gene-LOC134721963|LOC134721963",137.869820741823,-0.428208746230741,0.187929657292567,0.00131217796405978,0.083024974014743
"gene-LOC134721964|LOC134721964",221.021983918666,-0.198762784699885,0.162985413559762,0.0299345769255502,0.366073481039034
"gene-LOC134721966|LOC134721966",12.9616510468789,0.0446385828973148,0.114856892690728,0.415642510599334,0.832256803460703
"gene-LOC134721967|LOC134721967",11.2888939395376,0.00222200974940582,0.120604326347733,0.913997968775036,0.983375947840117
"gene-LOC134721969|LOC134721969",12.4467494068014,0.00403223056461622,0.121710066469668,0.756447732204257,0.94961625594829
"gene-LOC134721970|LOC134721970",169.101829869494,0.0445342002694157,0.0858052320563448,0.476998515208907,0.85513272278048
"gene-LOC134721971|LOC134721971",158.455236163745,0.0947560161063017,0.106903158790917,0.166704321033823,0.646528965928963
"gene-LOC134721972|LOC134721972",12.1766334128471,0.00146272114526946,0.119312336210002,0.95709807766069,0.990589731896691
"gene-LOC134721973|LOC134721973",161.358901521422,-0.352632950652815,0.215859655932516,0.00580439007603283,0.178885091684814
"gene-LOC134721977|LOC134721977",77.7198349566296,0.00821838889614947,0.104613509379753,0.881287486344998,0.977383609163761
"gene-LOC134721979|LOC134721979",8.88157619337878,-0.0344118076600282,0.124885010640685,0.27573718885974,0.7580748191522
"gene-LOC134721980|LOC134721980",32.2737585433703,0.126578115501628,0.179255708880543,0.0709019872032003,0.517253366050821
"gene-LOC134721982|LOC134721982",8.65695324768582,-0.0023956399734974,0.120872590035611,0.895599239878039,0.979928513327605
"gene-LOC134721983|LOC134721983",123.5773437526,0.153468553891918,0.143541748070419,0.0594504032624283,0.484465799817547
"gene-LOC134721988|LOC134721988",7.66309273040892,-0.00114792426031959,0.120491405381046,0.953951518527103,0.990589731896691
"gene-LOC134721994|LOC134721994",20.2892212274418,0.053615697708864,0.128759390764262,0.230299934042114,0.714623063583092
"gene-LOC134721998|LOC134721998",6.57459118329396,0.00934466439589582,0.120921570942376,0.660562452789324,NA
"gene-LOC134721999|LOC134721999",165.523284453347,0.0273591409173241,0.119370742496734,0.483624398962785,0.857948816051691
"gene-LOC134722001|LOC134722001",90.9516955948157,0.262634419334942,0.143202281054467,0.00735471926273577,0.200860545175906
"gene-LOC134722014|LOC134722014",9.72929581316473,0.0250298448951299,0.124545082927793,0.199528377331965,0.680353613556914
"gene-LOC134722016|LOC134722016",11.3250678939268,0.183806686928238,0.284593355262632,0.0262978607293401,0.341917845489632
"gene-LOC134722020|LOC134722020",124.992223338262,0.0421412957660231,0.079124332027518,0.491911739973588,0.862457269357709
"gene-LOC134722021|LOC134722021",114.287890420201,0.121484302114817,0.142159449877066,0.101338214322786,0.579631212729381
"gene-LOC134722024|LOC134722024",10.8118073751982,0.0220459657528327,0.120720290208015,0.483721897410446,0.857948816051691
"gene-LOC134722027|LOC134722027",6.64887548931484,0.00811025152478692,0.12090923274557,0.694339479854287,NA
"gene-LOC134722031|LOC134722031",6.33966870093611,0.00296105360280225,0.121534508888586,0.834400561043651,NA
"gene-LOC134722034|LOC134722034",14.1495039697613,0.0317080715032481,0.125383244532445,0.227869336910002,0.712510178268121
"gene-LOC134722040|LOC134722040",656.753280111795,0.0403612680385235,0.119395699607531,0.398106159687884,0.827255071865873
"gene-LOC134722042|LOC134722042",83.5901710895163,0.135465218202411,0.114174176283436,0.0729136837836017,0.523815848745917
"gene-LOC134722043|LOC134722043",83.1503670384661,0.060443614939747,0.0967682885070383,0.351414320665312,0.810015957975538
"gene-LOC134722044|LOC134722044",14.0531178216327,-0.00884131814888657,0.109337880528749,0.859260719742698,0.973375096633959
"gene-LOC134722045|LOC134722045",143.674725100324,-0.414100870711802,0.265263480933828,0.00504541232941119,0.171025644254086
"gene-LOC134722051|LOC134722051",141.729673750442,-0.0332450508837743,0.123673501854939,0.320286765599622,0.792601902870633
"gene-LOC134722053|LOC134722053",21.7906701056392,0.0110759514482622,0.109192047165722,0.825719421967883,0.964172729064096
"gene-LOC134722062|LOC134722062",162.979388592345,-0.113983702164185,0.142759842580318,0.115077013960315,0.600565684702998
"gene-LOC134722064|LOC134722064",54.6874592171146,0.0592610876287936,0.122025320953625,0.288800003044079,0.770238824711953
"gene-LOC134722066|LOC134722066",162.222402319066,0.0422394330748665,0.0907193276269387,0.546771305200054,0.88287604337532
"gene-LOC134722072|LOC134722072",17.710711485173,-0.00501178451921724,0.104755040726803,0.925527017101711,0.985177432859168
"gene-LOC134722073|LOC134722073",6.76849408627862,0.0150704295568617,0.122213535212763,0.420852226771083,0.835044956811977
"gene-LOC134722074|LOC134722074",184.905324430462,0.0592415003668119,0.0898844213881191,0.356011738708884,0.811592466382447
"gene-LOC134722075|LOC134722075",118.5255081664,-0.0283083682169601,0.0951741949942227,0.643973877598688,0.915996271478932
"gene-LOC134722076|LOC134722076",5.18350212201669,-0.00852085372173835,0.122049677116544,0.50877253973666,NA
"gene-LOC134722081|LOC134722081",23.1545263207473,0.0742626374600604,0.155751385579539,0.00592247127901717,0.1806132038386
"gene-LOC134722083|LOC134722083",15.0717389793275,0.0064405620828422,0.113640699043373,0.880441967194438,0.977383609163761
"gene-LOC134722085|LOC134722085",977.51805231799,-0.0360631250392008,0.0828958336195193,0.544967052732594,0.881862199203629
"gene-LOC134722086|LOC134722086",24.5090728952547,0.0259497008539819,0.101207498057601,0.655512630642327,0.918972538520344
"gene-LOC134722087|LOC134722087",8.59032354636994,-0.00151324455746186,0.110965027040822,0.973513463348803,0.995173672811792
"gene-LOC134722089|LOC134722089",19.6123761227723,-0.109823701964818,0.178573052234817,0.0528072964601315,0.468094493530415
"gene-LOC134722090|LOC134722090",185.454492206896,0.180352247101084,0.082934482799423,0.00772070133600298,0.204791893253776
"gene-LOC134722091|LOC134722091",42.8615968418846,-0.123990468367323,0.194007214412625,0.046664952135215,0.449773264531049
"gene-LOC134722097|LOC134722097",17.5818961041761,-0.177715607208183,0.282699895130123,0.0258017365499659,0.339594384925649
"gene-LOC134722098|LOC134722098",19.3961998508796,0.0346461723497972,0.109060583121626,0.534310578508176,0.876836729956355
"gene-LOC134722102|LOC134722102",31.6640944057476,-0.0606314002918956,0.110193743593585,0.328767368434205,0.795874387010631
"gene-LOC134722103|LOC134722103",26.099291946882,-0.0329204308276241,0.126515206248639,0.1632397815518,0.64477991774337
"gene-LOC134722107|LOC134722107",22.9138568773976,-0.0314418142251981,0.126635686159462,0.122266116041216,0.609337163204763
"gene-LOC134722108|LOC134722108",16.553082535251,0.000632709681900494,0.119859659989182,0.980876869675869,0.995903556522021
"gene-LOC134722115|LOC134722115",167.525328179598,0.110498284632574,0.126033614110803,0.12747508560875,0.615513163200471
"gene-LOC134722116|LOC134722116",61.8994493826371,-0.445860653888775,0.3576893755613,0.00652473945348188,0.187217524011976
"gene-LOC134722119|LOC134722119",7.20077795045751,-0.010994873987152,0.121319259862398,0.582168439802559,0.897457750487573
"gene-LOC134722121|LOC134722121",14.4936460939523,-0.10120400170785,0.157478490525689,0.0954889868865988,0.57301043493088
"gene-LOC134722122|LOC134722122",14.5331785758532,0.0445341650666993,0.113146477748272,0.427714076258446,0.835542057474881
"gene-LOC134722124|LOC134722124",493.755386118569,0.969083536509659,0.238441974245304,2.20958631402675e-06,0.00127289168505741
"gene-LOC134722125|LOC134722125",9.53645052133892,-0.0296370064232938,0.120219727725167,0.443858818596518,0.841066545338413
"gene-LOC134722127|LOC134722127",483.091613759113,0.226964551762094,0.164317947887293,0.0190998034730372,0.302308398753364
"gene-LOC134722128|LOC134722128",9.23382284521335,-0.0401317112651559,0.120635933359533,0.378190541336988,0.820038855990219
"gene-LOC134722134|LOC134722134",82.2249968150714,0.141071312488665,0.123905975185773,0.0681715722815136,0.508502893243283
"gene-LOC134722135|LOC134722135",144.292580863716,0.161134931999597,0.139258738641451,0.0511145788501916,0.463434722771289
"gene-LOC134722137|LOC134722137",8.18517786677107,0.0337366748341866,0.12788130962447,0.0734634219479209,0.523815848745917
"gene-LOC134722139|LOC134722139",11.8443854612367,0.0272936100342497,0.114308921083558,0.567508578801491,0.89133209092497
"gene-LOC134722141|LOC134722141",11.9407393202121,-0.0414584737298171,0.119018198811495,0.394476865279603,0.826720797872459
"gene-LOC134722143|LOC134722143",26.8343718746712,0.0194343044041665,0.108267724783745,0.713325551842598,0.934586259228345
"gene-LOC134722144|LOC134722144",20.5408921741512,-0.00710333251196049,0.116497786047156,0.841141145743509,0.965558865799071
"gene-LOC134722146|LOC134722146",138.555621581767,-0.440799608812839,0.297524849272078,0.00513620415871723,0.171718897074256
"gene-LOC134722153|LOC134722153",8.70343898848303,-0.00531632376521486,0.121312286716134,0.745751809088319,0.947986108770842
"gene-LOC134722154|LOC134722154",37.3142305004963,0.0237597259669563,0.11774204977403,0.55493094260546,0.887439211866813
"gene-LOC134722157|LOC134722157",58.2526700193649,-0.00544974364393555,0.102243185432906,0.921901119736415,0.984779988891035
"gene-LOC134722163|LOC134722163",245.525161523095,-0.00125124824029561,0.0896197220520777,0.982769971853238,0.99595232498375
"gene-LOC134722166|LOC134722166",40.1031420217159,-0.0415981675320705,0.112060128827965,0.457804276505151,0.846128155492666
"gene-LOC134722170|LOC134722170",8.71492710862375,-0.0166076150595969,0.11885492690922,0.616589774906668,0.907519325047764
"gene-LOC134722174|LOC134722174",10.0711070477309,0.0211137383587816,0.121059844718402,0.476011410566694,0.854941552142557
"gene-LOC134722177|LOC134722177",45.9588172677919,0.0446613445738634,0.103191413876907,0.468520535882362,0.849782100562608
"gene-LOC134722180|LOC134722180",5.56918967975487,0.0027291764639676,0.121620939960723,0.837940111972273,NA
"gene-LOC134722181|LOC134722181",7.34123763221752,0.000685042083748496,0.120527625635511,0.97501577031255,0.995479908586306
"gene-LOC134722183|LOC134722183",25.5195576547926,0.0145380776779241,0.111914665953354,0.758706504363817,0.950201142489307
"gene-LOC134722185|LOC134722185",26.6029187236894,-0.00198377308365088,0.108938363267084,0.967157061807983,0.992550187342434
"gene-LOC134722189|LOC134722189",32.751260379825,0.0158586886258116,0.122209327440178,0.419524137216219,0.834367709132623
"gene-LOC134722190|LOC134722190",11.3270873971377,0.989127666436829,0.448735542204346,0.000848828762609148,0.0662174854497907
"gene-LOC134722192|LOC134722192",9.98381149664296,0.00972538418530113,0.121685704146615,0.564995616808294,0.890415019839502
"gene-LOC134722198|LOC134722198",29.1808283766258,-0.0565903194811187,0.112770170412279,0.35020147072012,0.809174947086495
"gene-LOC134722200|LOC134722200",17.8321856379118,-0.0156190053085532,0.111741508270963,0.741137406566481,0.946194687653661
"gene-LOC134722203|LOC134722203",21.8033502571174,-0.118118983196444,0.170586814625356,0.0758515638628451,0.52792970424614
"gene-LOC134722207|LOC134722207",11.9088520066864,0.00318542686812357,0.12080560016401,0.870107096665168,0.976068311402853
"gene-LOC134722211|LOC134722211",62.8906679063662,0.0870162209194885,0.142816928580088,0.140368343137392,0.627557821356636
"gene-LOC134722218|LOC134722218",8.93937055880644,-0.043590438990958,0.123606219847252,0.315710574946127,0.788885934007167
"gene-LOC134722219|LOC134722219",27.2081858017872,-0.0278337606868297,0.103240478228579,0.631434991141321,0.912460614354241
"gene-LOC134722221|LOC134722221",17.917633424293,-0.00520255502432866,0.117677988442711,0.870840667504367,0.976716984560026
"gene-LOC134722222|LOC134722222",29.4922975532091,0.0360067408989954,0.120759721598176,0.397625941475575,0.827172409919606
"gene-LOC134722223|LOC134722223",13.9484376574878,0.0061348560490324,0.120040412861392,0.800121349651467,0.958777657383338
"gene-LOC134722235|LOC134722235",17.6126289625791,0.00740774091598816,0.121541728352253,0.648934925615742,0.918046712290982
"gene-LOC134722244|LOC134722244",6.05848551788711,-0.0404122051031807,0.130350382256664,0.0673091405436921,NA
"gene-LOC134722250|LOC134722250",18.8767108245193,0.0998363401818203,0.156891587599176,0.0962308428266943,0.575390257936421
"gene-LOC134722257|LOC134722257",14.2367316922715,-0.0179109473737277,0.121480446896242,0.475458204525979,0.854941552142557
"gene-LOC134722260|LOC134722260",127.197990416709,0.0391190665543946,0.124780122871995,0.293191094579948,0.772631316913971
"gene-LOC134722266|LOC134722266",46.2578469699724,-0.0762817683911236,0.113788126931429,0.246693169977783,0.727867673046778
"gene-LOC134722268|LOC134722268",7.45707849231246,0.00520476344719247,0.121318293282496,0.754273169037251,0.949383119158366
"gene-LOC134722275|LOC134722275",26.3072329347923,-0.0218063331467878,0.106171415142621,0.691158620557601,0.928612649687096
"gene-LOC134722283|LOC134722283",10.8752793442916,-0.0491792997203563,0.130243094415523,0.183191905529296,0.660978275330311
"gene-LOC134722313|LOC134722313",41.4130694669036,0.13746111812875,0.131762805979633,0.0777478981448049,0.531600042793975
"gene-LOC134722342|LOC134722342",11.0762368378715,-0.0325133948382268,0.124669524423262,0.273691040110029,0.75494371984678
"gene-LOC134722368|LOC134722368",208.881980645593,0.0240333603468375,0.11059792541987,0.640394720753153,0.914809132082223
"gene-LOC134722399|LOC134722399",17.1400764015415,-0.0523197762925676,0.126238805974855,0.265614461492854,0.746411520495304
"gene-LOC134722400|LOC134722400",120.798102389263,0.023865991151689,0.106353396167656,0.666939985084843,0.921742651670224
"gene-LOC134722425|LOC134722425",9.21319534142347,-0.0487779250781751,0.13267288279166,0.109474180073073,0.591523906614174
"gene-LOC134722436|LOC134722436",9.92287344517886,-0.0282301642797852,0.121923474779432,0.394611471127937,0.826720797872459
"gene-LOC134722439|LOC134722439",245.087791658558,-0.106381808311601,0.182520515993282,0.03476727188053,0.392718098210089
"gene-LOC134722444|LOC134722444",50.8992175212467,0.117449297292648,0.158976359074483,0.0914194919294485,0.565056999508797
"gene-LOC134722464|LOC134722464",16.352188894594,-0.0184909375383121,0.116647439756294,0.641214768442118,0.914809132082223
"gene-LOC134722465|LOC134722465",16.5106800064882,-0.306430797223544,0.251857955983633,0.0122376795359472,0.247413643839253
"gene-LOC134722477|LOC134722477",9.4852492879666,-0.0130938853441644,0.121799539741045,0.490876160469048,0.862209407066644
"gene-LOC134722486|LOC134722486",18.7938117879177,0.0406186510838918,0.116295615271336,0.429728918480269,0.835825175179631
"gene-LOC134722501|LOC134722501",101.311337898181,-0.0620549416886056,0.135618584674075,0.151973482983243,0.638860524496776
"gene-LOC134722512|LOC134722512",10.3319728956507,0.0141105564556792,0.122043373209191,0.450765855147584,0.844734225721323
"gene-LOC134722540|LOC134722540",9.40091975347941,-0.0331367674532409,0.125017664700313,0.260978980016602,0.742016545688812
"gene-LOC134722627|LOC134722627",36.9240562959835,-0.0550709664973655,0.134806243339916,0.120863282603663,0.608970421657898
"gene-LOC134722667|LOC134722667",17.4722106392649,0.0723340771446149,0.128140303296229,0.218867490631259,0.706315617259027
"gene-LOC134722680|LOC134722680",39.0449983314303,0.00698051763150273,0.122123736454335,0.520836648118654,0.872215039749686
"gene-LOC134722705|LOC134722705",40.8223614852522,0.0441065717273502,0.120613019101257,0.363296477566445,0.812684588929183
"gene-LOC134722735|LOC134722735",91.0963531287791,-0.0915706417840976,0.1349720762622,0.158009771135519,0.641040525737625
"gene-LOC134722762|LOC134722762",12.5950379266402,0.00690388750966152,0.120951733902674,0.727269603293594,0.941169644555951
"gene-LOC134722801|LOC134722801",34.6199934219174,0.0216643735330076,0.112825311748111,0.651636425704284,0.918046712290982
"gene-LOC134722829|LOC134722829",15.6303971342771,-0.00560714545898519,0.122303630591732,0.960014443272457,0.990589731896691
"gene-LOC134722872|LOC134722872",58.7413322108073,-0.285995417398824,0.32586227668309,0.0158693338543799,0.2792301733889
"gene-LOC134722873|LOC134722873",9.14021447494705,0.00206596610379178,0.121713515827854,0.868144987274837,0.975747205157066
"gene-LOC134722878|LOC134722878",248.445055711925,-1.44332966279459,0.553940223406551,0.000273411225235803,0.0336421523366259
"gene-LOC134722881|LOC134722881",11.985863020398,0.0516831006508357,0.128664971673244,0.225592129891154,0.711043763792762
"gene-LOC134722913|LOC134722913",7.42360410375992,-0.0388251618551697,0.128406818351959,0.143254702340974,0.629228425707655
"gene-LOC134722914|LOC134722914",11.6492555911615,0.0243550922584114,0.118228614678434,0.538586044884276,0.87875182791685
"gene-LOC134722916|LOC134722916",87.1748282879498,-0.0889127917823785,0.154172501146887,0.0895132780924126,0.562448223807657
"gene-LOC134722918|LOC134722918",6.58409594570586,-0.0189782930730047,0.122008577967214,0.426457837473046,NA
"gene-LOC134722926|LOC134722926",33.8037564616099,-0.00874351519349904,0.121332669264081,0.633614032266411,0.912460614354241
"gene-LOC134722928|LOC134722928",33.2271535693809,-0.206806804301742,0.331899404323128,0.0213923853460374,0.315269652281026
"gene-LOC134722939|LOC134722939",48.5373818208409,-0.00787609030675714,0.117134130056678,0.818532338694704,0.962092576666134
"gene-LOC134722950|LOC134722950",66.7434908422134,-0.0350483393511513,0.116953956669473,0.463725863722211,0.848659322959597
"gene-LOC134722962|LOC134722962",17.6987247080865,0.130216838160635,0.166210044255735,0.0774259488202046,0.530991694793509
"gene-LOC134722985|LOC134722985",68.0686063143794,0.0232869262935515,0.103591827877695,0.684950746044278,0.926184631577378
"gene-LOC134723026|LOC134723026",10.9140280697687,0.0124692707997151,0.118203234473589,0.708148273374741,0.933801459760888
"gene-LOC134723033|LOC134723033",12.7823916298469,0.270421498915607,0.387837465524437,0.0161210609363339,0.2792301733889
"gene-LOC134723042|LOC134723042",7.04109492603623,-0.0164303465368295,0.121047060423147,0.521113211768065,0.872288073967598
"gene-LOC134723059|LOC134723059",12.9020527570558,-0.00814034837553562,0.121702552669523,0.596092244060169,0.903304056912138
"gene-LOC134723090|LOC134723090",19.1634567700531,-0.025879570785427,0.125184877922611,0.134364853486497,0.623284596840799
"gene-LOC134723091|LOC134723091",44.1521545427426,0.0052208071145174,0.119164294041839,0.851165549429741,0.970225083665043
"gene-LOC134723092|LOC134723092",29.598155801456,0.0241365000262866,0.123156828046742,0.330782549066926,0.798591395861446
"gene-LOC134723093|LOC134723093",54.8539412392152,-0.0150125448273472,0.116380567292278,0.697355437652806,0.929868123792546
"gene-LOC134723094|LOC134723094",36.0260726182359,-0.021799341940971,0.108346038616686,0.681638723518011,0.925098303564025
"gene-LOC134723111|LOC134723111",15.9005304331041,0.00981897456701669,0.117810118636485,0.769115640578223,0.953685276062354
"gene-LOC134723123|LOC134723123",12.6101027509815,0.00348286027359597,0.109907055280302,0.943167297666545,0.988997548751079
"gene-LOC134723153|LOC134723153",75.288647306717,0.0436783185400963,0.109805384376534,0.452523859011463,0.844734225721323
"gene-LOC134723190|LOC134723190",88.5318529421386,-0.0996678977865174,0.117470791025569,0.157155879374285,0.641040525737625
"gene-LOC134723224|LOC134723224",16.9532848196012,-0.0278174093328638,0.111094711387929,0.591612289924051,0.902148006853668
"gene-LOC134723234|LOC134723234",579.049784402447,-0.0496493276883606,0.082719532560157,0.42451230486384,0.835542057474881
"gene-LOC134723260|LOC134723260",12.2818376295073,-0.0189165564348095,0.112606573160811,0.687044236877756,0.92742814474409
"gene-LOC134723272|LOC134723272",15.3830540959759,0.00288745250911008,0.113737742556104,0.946112177395321,0.990307377812506
"gene-LOC134723289|LOC134723289",14.4850495987488,-0.0234615310614743,0.115043760600921,0.601820531486301,0.904482030965464
"gene-LOC134723299|LOC134723299",8.53672218917257,-0.00531898976848011,0.115055490594612,0.891367695196695,0.978873454002509
"gene-LOC134723307|LOC134723307",430.881912535271,-0.0234801097356666,0.0981162347957042,0.693857061866433,0.929296223627318
"gene-LOC134723308|LOC134723308",33.5120197676119,0.0750451002647805,0.124115692646148,0.228237991830072,0.712510178268121
"gene-LOC134723310|LOC134723310",50.4736792145867,0.298754991155443,0.347548587266253,0.0144434447732197,0.266444226999622
"gene-LOC134723320|LOC134723320",10.1675124043791,-0.0494308537518797,0.12465268146202,0.290675041466844,0.771139824127934
"gene-LOC134723321|LOC134723321",19.461269250603,0.0125498995196336,0.11884699003288,0.68909715753559,0.927938176530763
"gene-LOC134723395|LOC134723395",52.0811149780833,0.027459455397464,0.124342364116862,0.25661047287161,0.736304916220492
"gene-LOC134723402|LOC134723402",105.716346536613,0.0579687229115472,0.109932565118439,0.351743953319436,0.810342745178746
"gene-LOC134723425|LOC134723425",13.7748367754661,-0.00661685452760675,0.121452279777605,0.67640715652864,0.92387619829345
"gene-LOC134723428|LOC134723428",654.686591659174,-0.117399628532178,0.199478235686189,0.0292880405037305,0.36075351205993
"gene-LOC134723439|LOC134723439",1730.93766060129,-0.0388931909542746,0.123472261791658,0.29666521863795,0.773850861156254
"gene-LOC134723467|LOC134723467",245.279054898272,-0.00147009419711285,0.121993363040095,0.858290595506819,0.972964528354477
"gene-LOC134723511|LOC134723511",19.6972183819184,-0.0691535566973072,0.142560529670393,0.100485404963959,0.579631212729381
"gene-LOC134723516|LOC134723516",654.485656310288,-0.252098852626124,0.248454369788912,0.0197587615007129,0.30564320674699
"gene-LOC134723523|LOC134723523",7289.43994309414,-0.0806550711277042,0.127811561046162,0.224406848859367,0.71000544617989
"gene-LOC134723539|LOC134723539",167.624409657426,0.0365404624689243,0.115314608248775,0.471964033848715,0.852929210784997
"gene-LOC134723546|LOC134723546",133.511716483464,-0.0628935384579821,0.14750610476132,0.000111879840941257,0.0211270699094598
"gene-LOC134723608|LOC134723608",60.0802549628443,-0.0433046356196128,0.12405121381337,0.308080747388372,0.783435218061637
"gene-LOC134723620|LOC134723620",298.194197400326,-1.05748144219989,0.589671356647074,0.00170353792091103,0.0911271106407334
"gene-LOC134723621|LOC134723621",6866.84005464669,-0.117481485316503,0.172275972205794,0.0772102838658761,0.530971364436681
"gene-LOC134723624|LOC134723624",4449.7124399434,-0.123960732120467,0.174544008080827,0.0738385964880908,0.524149051278969
"gene-LOC134723625|LOC134723625",2040.29266583489,-0.177956962454131,0.259863319199442,0.0300578674074816,0.366073481039034
"gene-LOC134723629|LOC134723629",8.38053358936216,-0.00159695979593482,0.121878163455974,0.078472233185849,0.532929442927726
"gene-LOC134723642|LOC134723642",1025.41378249827,-0.136171753917875,0.22971542152769,0.023656194427871,0.328685046512665
"gene-LOC134723643|LOC134723643",1250.20853742278,-0.000460364877398335,0.113790911262217,0.989010868792193,0.997772367968009
"gene-LOC134723655|LOC134723655",15.6677116151116,0.0419924284391183,0.115671797407495,0.425622854551723,0.835542057474881
"gene-LOC134723671|LOC134723671",450.0430909591,-0.130586658948413,0.186006925630085,0.0587494004218464,0.483310521148065
"gene-LOC134723672|LOC134723672",509.013329039241,-0.167824347219565,0.232174484560158,0.0386714416264896,0.413108834890942
"gene-LOC134723674|LOC134723674",626.633270001036,-0.320411268660504,0.551519213091004,0.0118569036687473,0.245156312756682
"gene-LOC134723675|LOC134723675",506.765940974502,-0.322257437470671,0.37752415545135,0.0126746808366155,0.249754422970209
"gene-LOC134723713|LOC134723713",8.4723817017618,-0.00637980213997383,0.119868146726737,0.795431508167106,0.957868879990908
"gene-LOC134723765|LOC134723765",21223.8584526561,-0.0337909582296935,0.106883820619947,0.553126941918588,0.886572780452933
"gene-LOC134723778|LOC134723778",16.4732072982769,0.00413027184412962,0.119403992537482,0.876872045390552,0.977383609163761
"gene-LOC134723785|LOC134723785",43.918170112148,0.12535488619507,0.122512945409031,0.095956212775009,0.574892861977634
"gene-LOC134723789|LOC134723789",227.200777592402,-0.0183384075088034,0.121686391690112,0.455104372481599,0.845232489565602
"gene-LOC134723814|LOC134723814",264.620697935781,-0.0131706678961857,0.119558053699262,0.649114118035542,0.918046712290982
"gene-LOC134723816|LOC134723816",258.303174500345,-0.00468092240911454,0.115681541416966,0.898315095989071,0.98065001678538
"gene-LOC134723827|LOC134723827",53.4008489012422,-0.0917036897816652,0.135863419689715,0.156381333399028,0.641040525737625
"gene-LOC134723841|LOC134723841",401.749295021058,4.6636646886944e-06,0.121947103322287,0.988893942695956,0.997772367968009
"gene-LOC134723868|LOC134723868",241.824494451443,0.131139186768839,0.122636618190491,0.0846717591497246,0.549485965573906
"gene-LOC134723874|LOC134723874",7.16036927188147,-0.018859492750199,0.122770141943409,0.343692985426561,0.805607752068705
"gene-LOC134723985|LOC134723985",7.62667624413758,-0.00407008236911043,0.119041693962658,0.881387930798618,0.977383609163761
"gene-LOC134724113|LOC134724113",22.5069550763399,0.234282635513144,0.187927099314565,0.0204384888233855,0.309892426727092
"gene-LOC134724149|LOC134724149",714.939346347504,-0.0527769017005204,0.0955298664238186,0.408068685617812,0.83157243723634
"gene-LOC134724181|LOC134724181",20.8199408502634,0.0774013776651109,0.132938844477295,0.188555340845634,0.666036638057843
"gene-LOC134724197|LOC134724197",240.542669740295,0.169082907458687,0.131062292195651,0.0410239497446246,0.422591508767551
"gene-LOC134724233|LOC134724233",10.3450587616635,-0.0140806023435473,0.118704850390295,0.663245825252154,0.921381956457196
"gene-LOC134724260|LOC134724260",18.1082341911339,-0.00050922740302924,0.111062249231334,0.990364220860132,0.997848481775248
"gene-LOC134724276|LOC134724276",100.22370193286,-0.0281654696167077,0.0970058124369494,0.643053300254764,0.915382278199567
"gene-LOC134724334|LOC134724334",88.0921759160244,0.0876020605934009,0.126513652836238,0.184290186850151,0.66207097044213
"gene-LOC134724400|LOC134724400",51.654997446744,0.0318795544539798,0.099397109035265,0.600432722156536,0.904066623728823
"gene-LOC134724417|LOC134724417",18.9069387530633,-0.163320512537601,0.189264089543889,0.0498473999534054,0.4604203108667
"gene-LOC134724433|LOC134724433",77.1668552067242,0.495086078057878,0.150682781489077,6.32333836433576e-05,0.0161656681181947
"gene-LOC134724450|LOC134724450",45.8543294851203,-0.0847056497459448,0.149869793743753,0.102723001063942,0.581260925074265
"gene-LOC134724451|LOC134724451",68.6695495037659,-0.177798098141598,0.189138680161573,0.0421263540606481,0.428065489226857
"gene-LOC134724452|LOC134724452",18.1046658873127,0.0231350742079973,0.111728198014152,0.641799570080684,0.914809132082223
"gene-LOC134724453|LOC134724453",150.977527661289,0.0693428305683215,0.119420508126145,0.263879179355221,0.744490657949496
"gene-LOC134724455|LOC134724455",44.0120428727198,-0.0547905973216193,0.117876867978764,0.334851095632492,0.801358807101137
"gene-LOC134724464|LOC134724464",75.0413036362196,0.947664762887448,0.624025583922686,0.225000088292768,0.7106814260753
"gene-LOC134724468|LOC134724468",33.3373828606786,-0.0239118283305467,0.106910517739097,0.662541899738349,0.921381956457196
"gene-LOC134724472|LOC134724472",34.2738291647517,2.10200653410469,0.476659698186428,0.0402715100088811,0.420046432390683
"gene-LOC134724473|LOC134724473",11.3322380741786,-0.00710508882934872,0.119833292265411,0.777112062183865,0.954960361719923
"gene-LOC134724477|LOC134724477",19.8741202137073,0.0595453627813343,0.130121514781034,0.216242815671607,0.702273394000288
"gene-LOC134724478|LOC134724478",25.6683238439322,0.0470924767675836,0.107736750752766,0.435871022008038,0.837018012862708
"gene-LOC134724480|LOC134724480",34.1119017306708,0.0542500577510668,0.106133815983366,0.385522325816196,0.821366700441867
"gene-LOC134724482|LOC134724482",10.9296113817185,0.0148411927624601,0.115448933962635,0.715482937699289,0.93567613525086
"gene-LOC134724490|LOC134724490",88.6595698631213,0.0209638392279922,0.111967905528543,0.667812204532977,0.921742651670224
"gene-LOC134724491|LOC134724491",20.4076611543211,0.00968554432808123,0.116874986785948,0.788879471106078,0.956384665187901
"gene-LOC134724498|LOC134724498",19.7737447564833,-0.113758560347773,0.179393628386587,0.0578221857251611,0.483310521148065
"gene-LOC134724501|LOC134724501",32.5118343953627,0.0127785634911508,0.103920805528909,0.818748302981476,0.962092576666134
"gene-LOC134724502|LOC134724502",74.1935986078301,-0.0296334360797754,0.0927481180983073,0.631614432888462,0.912460614354241
"gene-LOC134724504|LOC134724504",9.92887008299718,-0.931008082830494,0.468487831576841,0.00137390709437032,0.0849535195136326
"gene-LOC134724510|LOC134724510",162.21731946662,-0.024404255557719,0.0879534701803947,0.695379911745623,0.929296223627318
"gene-LOC134724514|LOC134724514",27.3992749020383,-0.00694181248898486,0.0991459238640385,0.904561509032084,0.981350302932243
"gene-LOC134724516|LOC134724516",259.784658486064,0.000800581452855046,0.112968649111534,0.987163213857142,0.997111959484142
"gene-LOC134724518|LOC134724518",5.17691054082019,-0.000399286366470704,0.12157094913082,0.973594206193084,NA
"gene-LOC134724522|LOC134724522",31.996242638348,-0.0778323896537351,0.128827772161942,0.200590302942137,0.680353613556914
"gene-LOC134724523|LOC134724523",9.16394246198951,0.126672723790656,0.222447505962987,0.0164097082429448,0.281863084934436
"gene-LOC134724525|LOC134724525",108.160433236409,0.0101252696804898,0.102789476376772,0.862146254062259,0.973956778441233
"gene-LOC134724527|LOC134724527",21.4425796826657,-0.0240145091517317,0.116447135023795,0.574601458277427,0.893020587171537
"gene-LOC134724529|LOC134724529",27.2641853791227,0.153313638426648,0.140894956418354,0.0591257076625803,0.483397843542646
"gene-LOC134724530|LOC134724530",1601.88605046947,-0.00680068968611306,0.0783834875608293,0.90893389423477,0.98251592545162
"gene-LOC134724541|LOC134724541",6.92018144751111,-0.022144583212535,0.123196179961767,0.314508663492022,0.787911778075685
"gene-LOC134724544|LOC134724544",12.9269627203819,-0.00424577617140144,0.120074480984149,0.853435636649774,0.971039119244935
"gene-LOC134724545|LOC134724545",190.712383131143,0.0623398065158226,0.111908181290604,0.320469830670621,0.792601902870633
"gene-LOC134724553|LOC134724553",9.94893203367566,-0.0044723906723421,0.121555148709737,0.757075460740176,0.949640378777516
"gene-LOC134724560|LOC134724560",31.0627719397832,-0.0446822307642171,0.113078144227815,0.424791116717573,0.835542057474881
"gene-LOC134724561|LOC134724561",18.8450967431373,0.0377641725160732,0.106706101649798,0.51654014547913,0.871694888253186
"gene-LOC134724563|LOC134724563",38.6487767786962,0.0341394489077901,0.123500227165131,0.331850968171149,0.799366967074216
"gene-LOC134724564|LOC134724564",312.983903240781,0.0562691661198586,0.0931080904633182,0.381345490594686,0.820970015863961
"gene-LOC134724569|LOC134724569",57.8751292285489,-0.0580516550672469,0.107292347368583,0.356896167211514,0.811592466382447
"gene-LOC134724580|LOC134724580",18.2740768513715,0.118698810310154,0.194459598415993,0.0389259344206769,0.413108834890942
"gene-LOC134724592|LOC134724592",10.849997040809,-0.00743938566981026,0.114843470334586,0.848862303342132,0.968198690416884
"gene-LOC134724593|LOC134724593",123.870558940262,0.0280709142965099,0.080712131282755,0.6463002461718,0.917652789229363
"gene-LOC134724595|LOC134724595",25.4281654236969,0.0162003502416754,0.105388415435523,0.768850359003385,0.953685276062354
"gene-LOC134724596|LOC134724596",1693.40930043257,-0.0186867943787952,0.0799822091097462,0.757278099350169,0.949640938719594
"gene-LOC134724598|LOC134724598",23.3916588920991,-0.039784851139237,0.106335647952047,0.501722610867598,0.865114944659746
"gene-LOC134724599|LOC134724599",27.6181634471199,-0.0119136080102825,0.103400755571423,0.829716695138873,0.964892896096873
"gene-LOC134724605|LOC134724605",11.8973447657997,-0.00703770936378995,0.120688769998385,0.737665859997084,0.944434969376115
"gene-LOC134724614|LOC134724614",6.23619440010614,0.00178009098914307,0.121744050969811,0.881906925032862,NA
"gene-LOC134724618|LOC134724618",7.13251731338964,-0.0102069707795284,0.121974494386759,0.499949255908606,0.864774376106547
"gene-LOC134724622|LOC134724622",202.815878487072,-0.0197644587193503,0.110392472881916,0.692819683986579,0.928911561572093
"gene-LOC134724623|LOC134724623",31.2090994176914,-0.0586456689563436,0.112022692656894,0.341932427455101,0.80340288344589
"gene-LOC134724624|LOC134724624",99.3732703247701,-0.0081155154170662,0.105117437474299,0.880976915155649,0.977383609163761
"gene-LOC134724625|LOC134724625",10.9598180511946,-0.0730225060078364,0.146526594686005,0.0788808219964687,0.533059744882473
"gene-LOC134724628|LOC134724628",7.25608884842676,-0.0115272797025054,0.122178888077318,0.440002237956421,0.838254072769177
"gene-LOC134724630|LOC134724630",8.17270009630576,0.0497152132793857,0.133469666320383,0.0986759149010458,0.579342280275393
"gene-LOC134724634|LOC134724634",49.7927648815946,0.607673901323319,0.284579307670158,0.00127066255549216,0.0820344127420759
"gene-LOC134724638|LOC134724638",128.396537440183,-0.0333369148044292,0.0926417286492637,0.582286982189761,0.897457750487573
"gene-LOC134724639|LOC134724639",21.7648575454519,-0.00784072196982278,0.100920420987753,0.886899400409079,0.977383609163761
"gene-LOC134724643|LOC134724643",7.82885237057616,-0.00994982047284532,0.120179191468145,0.689220403897159,0.927938176530763
"gene-LOC134724651|LOC134724651",19.6483626280125,-0.114173752898877,0.203356430442146,0.0141197004762557,0.263568335535582
"gene-LOC134724653|LOC134724653",47.7579516079866,-0.0478975130625483,0.116637594152011,0.381040543298399,0.820970015863961
"gene-LOC134724656|LOC134724656",11.3410106281631,-0.0206517088733201,0.123445035828852,0.26691473587695,0.746966776282741
"gene-LOC134724657|LOC134724657",360.430801977636,-0.00450602923391159,0.122109937567526,0.59501172404936,0.903181749062791
"gene-LOC134724659|LOC134724659",6.06093750107958,-0.00185488051138676,0.121117937612993,0.910660642136913,NA
"gene-LOC134724664|LOC134724664",17.5406183743081,-0.0684613362623085,0.138075716851207,0.146782783370235,0.632815303076338
"gene-LOC134724665|LOC134724665",28.3880582917236,0.0690517581828529,0.144597874838278,0.0746608526221649,0.525009507312106
"gene-LOC134724667|LOC134724667",46.256506449947,-0.0199712310234973,0.0965113634499121,0.739181684559897,0.945457375552541
"gene-LOC134724671|LOC134724671",13.5992172090876,0.0142959218273196,0.110165193410169,0.772424642226178,0.95409253295551
"gene-LOC134724673|LOC134724673",16.1815635452233,0.105918071307878,0.156274104504603,0.101973400324814,0.579631212729381
"gene-LOC134724675|LOC134724675",15.9832252228087,0.00143641555211592,0.120518787315881,0.946602781371433,0.990448749036931
"gene-LOC134724683|LOC134724683",15.161127675805,-0.00825365542636472,0.118963072662167,0.774739697493012,0.95457752673248
"gene-LOC134724688|LOC134724688",15.68791387822,0.484591371582469,0.429617619026402,0.0066208089236044,0.188529422163017
"gene-LOC134724692|LOC134724692",8.73364935959759,-0.00078999250888679,0.122015930971331,0.918478914093258,0.984677261486326
"gene-LOC134724701|LOC134724701",13.835330327649,-0.0384705906227139,0.12087771425109,0.381114618955552,0.820970015863961
"gene-LOC134724705|LOC134724705",22.1758147882343,-0.0137724888074391,0.119730228808935,0.633905040172066,0.912460614354241
"gene-LOC134724710|LOC134724710",13.4924416199906,0.0355250406649619,0.125588618291194,0.248452763039169,0.728288152552403
"gene-LOC134724720|LOC134724720",15.169689051904,0.00255890162628554,0.119321817390506,0.92420742321685,0.985177432859168
"gene-LOC134724721|LOC134724721",21.0028019342687,0.00366997924620807,0.121595349974506,0.792625264809838,0.956995220143462
"gene-LOC134724723|LOC134724723",8.1109159186133,-0.00953518961810324,0.120028488232608,0.706636651639752,0.933193036689757
"gene-LOC134724725|LOC134724725",50.3363125834032,-0.474876847200781,0.361821555016492,0.00565045621470068,0.178608897785745
"gene-LOC134724727|LOC134724727",7.57041832858363,-0.0120956499995682,0.121334887036505,0.560871443884374,0.889626780838873
"gene-LOC134724734|LOC134724734",497.81931728246,-0.088639268646528,0.119607186239108,0.190831635709048,0.666838093415225
"gene-LOC134724736|LOC134724736",40.9376572792542,-0.141714522626646,0.196352433743197,0.0530973249871246,0.46836969002188
"gene-LOC134724739|LOC134724739",33.8906886537413,-0.139847791569719,0.196371400385032,0.0524577295036644,0.468094493530415
"gene-LOC134724749|LOC134724749",9.54295910974481,0.00308805970027751,0.121410999039263,0.839506311992617,0.965558865799071
"gene-LOC134724751|LOC134724751",21.2029337209068,0.0121541256745598,0.112264900752245,0.791686519839075,0.956995220143462
"gene-LOC134724756|LOC134724756",9.2247789649607,0.0558858382871626,0.138965726927042,0.0338561004170137,0.388282291000024
"gene-LOC134724759|LOC134724759",77.9184700411701,-0.388663600061967,0.230768877369662,0.00463647419644142,0.169661798928779
"gene-LOC134724761|LOC134724761",29.7427435401478,-0.00151261092755193,0.115480325418082,0.966328151255897,0.992550187342434
"gene-LOC134724765|LOC134724765",42.6048885571805,-0.0755453363896663,0.147791609514743,0.0816498547675264,0.539169244759437
"gene-LOC134724767|LOC134724767",76.178865057194,-0.00168968314199845,0.114778220536547,0.963752599009134,0.992149053191037
"gene-LOC134724768|LOC134724768",9.75544748302155,0.147024938356731,0.220508638742664,0.0393057234826343,0.414973530734513
"gene-LOC134724773|LOC134724773",13.7759459832458,-0.00838560470661612,0.118610059209501,0.78058046883263,0.955272826382029
"gene-LOC134724782|LOC134724782",46.7379069971549,-0.0405803379092991,0.0974221157843518,0.514007389693531,0.871527350897159
"gene-LOC134724786|LOC134724786",830.846791462941,0.237328684323363,0.14722714672749,0.0129147433998129,0.251216917717399
"gene-LOC134724787|LOC134724787",88.9576496800098,0.0175005141480315,0.108995608076294,0.734912233435063,0.94365053159059
"gene-LOC134724794|LOC134724794",12.902414983719,0.030298244293414,0.121002700697078,0.419372712850374,0.834367709132623
"gene-LOC134724795|LOC134724795",107.139777742863,0.119456977900035,0.123873930926388,0.107749164320002,0.591192170056114
"gene-LOC134724801|LOC134724801",11.1369188982628,-0.0093619921939938,0.120029440420867,0.710169337063911,0.933953954014707
"gene-LOC134724804|LOC134724804",9.13407618526737,-0.0105037492932694,0.121715508642435,0.540815352970198,0.879929447098869
"gene-LOC134724809|LOC134724809",38.81923225541,0.0745198358624233,0.15092333187212,0.045431370873342,0.441864333078517
"gene-LOC134724810|LOC134724810",36.925076239746,-0.0152382802030432,0.105467993629007,0.777241405801387,0.954960361719923
"gene-LOC134724811|LOC134724811",9.88397942504505,-0.132157787726228,0.188359312245578,0.0578073363804785,0.483310521148065
"gene-LOC134724817|LOC134724817",12.687570883792,0.072972127669676,0.128358141189502,0.216551404572982,0.702361831462566
"gene-LOC134724825|LOC134724825",18.7602268198241,0.687763095253647,0.311426575477975,0.00101859341311987,0.07478672618485
"gene-LOC134724828|LOC134724828",35.2800526158853,-0.021294802339011,0.113903774569256,0.641968578635058,0.914809132082223
"gene-LOC134724836|LOC134724836",11.4600741194319,-0.010844216967799,0.114469338262865,0.794096028428476,0.957390487022614
"gene-LOC134724838|LOC134724838",30.8150075210075,0.300431598739951,0.23521081238545,0.011879531130416,0.245156312756682
"gene-LOC134724840|LOC134724840",9.81350202880613,0.0624085641995882,0.128850682161141,0.23109839008407,0.714623063583092
"gene-LOC134724841|LOC134724841",45.9956511435639,0.0346752373397422,0.110902209762161,0.523265106843275,0.873333155840528
"gene-LOC134724842|LOC134724842",384.902933492014,0.0246302435770635,0.100989907302889,0.676119042805314,0.92387619829345
"gene-LOC134724852|LOC134724852",34.0848300990813,0.0109202317336603,0.0965218142958506,0.855332864797771,0.97201636183164
"gene-LOC134724854|LOC134724854",176.341478951657,0.046299067514169,0.0720424762064433,0.430021952192164,0.835825175179631
"gene-LOC134724856|LOC134724856",120.787621491812,0.113691852818932,0.160435150484526,0.0912297433156346,0.565056999508797
"gene-LOC134724857|LOC134724857",13.1922564811457,-0.0104207644110347,0.11396574186127,0.805484892458713,0.960394927165737
"gene-LOC134724860|LOC134724860",76.3867681934363,0.00941164212859905,0.0855167414960525,0.878357904421706,0.977383609163761
"gene-LOC134724861|LOC134724861",26.5891565315084,-0.135576170654415,0.179404757234118,0.0642546887114219,0.49711091297504
"gene-LOC134724863|LOC134724863",8.39461846113,-0.0415370871729119,0.130610831035634,0.0758397079612271,0.52792970424614
"gene-LOC134724864|LOC134724864",38.4526302468869,-0.0418587727791579,0.12827564440811,0.187125520645319,0.664792705935859
"gene-LOC134724865|LOC134724865",11.0025657624806,0.0024794711419494,0.11999864453761,0.917005388176885,0.984581125742895
"gene-LOC134724866|LOC134724866",12.3639907022685,-0.00503738771451788,0.10834409750657,0.919556259242669,0.984677261486326
"gene-LOC134724869|LOC134724869",6.70493770379736,0.000478170862380982,0.121741374172636,0.969937331541077,NA
"gene-LOC134724873|LOC134724873",46.9287334066716,-0.0553851843702973,0.106402993975378,0.371193138161584,0.819535793541304
"gene-LOC134724874|LOC134724874",70.5153068116319,0.0430312831906171,0.123059761068008,0.328554626452323,0.795874387010631
"gene-LOC134724881|LOC134724881",72.0010596800273,0.0519743366192351,0.108190955460088,0.396453482440007,0.826798590532922
"gene-LOC134724883|LOC134724883",916.530266652566,0.0326800188910594,0.0935678492095822,0.59840942979167,0.903304056912138
"gene-LOC134724884|LOC134724884",810.360049027798,0.48321188266823,0.209206455781447,0.00106374392976296,0.0757277121936401
"gene-LOC134724888|LOC134724888",1630.44135512671,-0.0508628377626321,0.11495922193959,0.378191132558435,0.820038855990219
"gene-LOC134724892|LOC134724892",51.9995571673279,0.0951284022854393,0.124061969204452,0.167533208773479,0.647063538166366
"gene-LOC134724893|LOC134724893",131.306609464828,0.0243166699073268,0.11548354328156,0.587323874825304,0.900771758870919
"gene-LOC134724894|LOC134724894",46.3102655377152,0.0754729741865967,0.120167015339601,0.237192907243985,0.718677596999426
"gene-LOC134724895|LOC134724895",24.7327541882188,0.0632048115230684,0.141644496511517,0.0670131296633995,0.503085131759915
"gene-LOC134724899|LOC134724899",120.467128247403,-0.0500557105906977,0.0802107844408452,0.416216013656697,0.832320888190922
"gene-LOC134724901|LOC134724901",4.91742700215616,0.0011573601662002,0.12179565467463,0.919092600119056,NA
"gene-LOC134724904|LOC134724904",20.8878540392992,-0.0361608012330883,0.121949725157569,0.367034372137909,0.813688679582993
"gene-LOC134724908|LOC134724908",20.0708068755562,-0.00654907253139281,0.119020471459195,0.814949614318763,0.960728032217451
"gene-LOC134724909|LOC134724909",41.340349982882,0.0213392638775123,0.0969367648359629,0.722576379288155,0.938628075831609
"gene-LOC134724910|LOC134724910",10.7978806538123,-0.0335574554767105,0.121041084125288,0.400345943483559,0.827255071865873
"gene-LOC134724914|LOC134724914",36.8661841636551,0.064626084160484,0.120333126747221,0.278875195013783,0.760879452138084
"gene-LOC134724916|LOC134724916",67.3004912901329,-0.140016652398468,0.179447218683317,0.0635227706940156,0.494982945347626
"gene-LOC134724917|LOC134724917",10.0355248472933,-0.00468297707971686,0.121243449241268,0.778427930915037,0.955210023696987
"gene-LOC134724918|LOC134724918",117.370876483857,0.11371446495757,0.0958895826365726,0.101552981377833,0.579631212729381
"gene-LOC134724922|LOC134724922",52.8323304235787,0.0540387746397558,0.108213870140597,0.382601362863507,0.821366700441867
"gene-LOC134724923|LOC134724923",25.9776068318829,-3.75925286786228e-05,0.12117876359748,0.994320933717458,0.998538618272986
"gene-LOC134724924|LOC134724924",11.1380629427041,0.0165275449340294,0.122014235298119,0.440271743012799,0.838554192121784
"gene-LOC134724925|LOC134724925",11.1603791814516,-0.0292597490116571,0.115271524089598,0.534619484855592,0.876836729956355
"gene-LOC134724927|LOC134724927",17.3432952692715,0.052562982950653,0.117901404063046,0.347577075815058,0.808872351486489
"gene-LOC134724931|LOC134724931",14.0081416580603,0.0227479828280953,0.115737489818529,0.60127527502835,0.904066623728823
"gene-LOC134724932|LOC134724932",1851.38878790279,0.0124144186868846,0.0614751384198481,0.779895389280064,0.955272826382029
"gene-LOC134724935|LOC134724935",43.9698358960057,-0.110664019973551,0.146869836761791,0.112482652195706,0.596307637172188
"gene-LOC134724938|LOC134724938",16.1351939900655,-0.0271392194952021,0.122915024448774,0.352730887632677,0.811302708071597
"gene-LOC134724942|LOC134724942",19.8892599400265,-0.0286345233621184,0.11206628615642,0.573437452600684,0.892996491374277
"gene-LOC134724944|LOC134724944",73.2700043642781,-0.0164324254667964,0.117234000952922,0.660670394049981,0.92080829642482
"gene-LOC134724945|LOC134724945",29.1237563335034,0.00735431862324021,0.116723745918716,0.83823759390093,0.965558865799071
"gene-LOC134724946|LOC134724946",33.9655370410491,0.0590842309245676,0.106480754193356,0.351338696042021,0.810015957975538
"gene-LOC134724950|LOC134724950",11.6718725296648,-0.0353941499547716,0.121258464677247,0.38775964073808,0.82303705168547
"gene-LOC134724952|LOC134724952",43.019758105848,0.014090700822606,0.108343243630817,0.78555438489834,0.956333327702894
"gene-LOC134724954|LOC134724954",63.5931509202882,0.241418682080529,0.209873172274911,0.0201534629628599,0.308878018571405
"gene-LOC134724956|LOC134724956",10.0038625201588,0.0259252803343199,0.115250061563646,0.571287812540175,0.892514888984445
"gene-LOC134724958|LOC134724958",14.1843201180477,-0.0478418810677432,0.111241321745364,0.41419112378244,0.831856384439449
"gene-LOC134724959|LOC134724959",14.733954928106,0.0204518287379811,0.118717278337497,0.570701160171191,0.892514888984445
"gene-LOC134724960|LOC134724960",12.3267389076599,-0.00857619353640666,0.108682551680253,0.863783554886702,0.974374912267888
"gene-LOC134724966|LOC134724966",17.8399232177439,-0.0432971155831643,0.12504400069403,0.288446557704974,0.769841864095706
"gene-LOC134724967|LOC134724967",9.26546031682371,-0.0191996968862884,0.120845449597323,0.502978516301571,0.865335655543869
"gene-LOC134724971|LOC134724971",14.1863385898955,-0.0223451990092794,0.120709421541067,0.479638474781818,0.856095103249028
"gene-LOC134724973|LOC134724973",45.2573912835642,-0.0182536847442326,0.103340354878694,0.74620047528248,0.947986108770842
"gene-LOC134724984|LOC134724984",8.87355246314001,0.0611744906877976,0.137638048000093,0.115035282863683,0.600565684702998
"gene-LOC134724985|LOC134724985",11.4294802170878,-0.0179462463282471,0.112603565940549,0.701000464899598,0.931474890282663
"gene-LOC134724986|LOC134724986",15.3952787508467,0.00688669178551264,0.117772341216525,0.833855743891294,0.965558865799071
"gene-LOC134724987|LOC134724987",11.9474966697632,0.00295951513938658,0.112096281550224,0.948374965345527,0.990448749036931
"gene-LOC134724988|LOC134724988",17.6172498912275,-0.106617839904394,0.183381444893762,0.0337579386384587,0.387750310526713
"gene-LOC134724993|LOC134724993",10.7342712068249,-0.0662643545525322,0.144265113930674,0.0546684364462733,0.477170070566598
"gene-LOC134724994|LOC134724994",22.8295647548269,0.0410737611089573,0.123575849601643,0.322095040287149,0.793972877752719
"gene-LOC134724997|LOC134724997",8.2450137327697,-0.016466071474382,0.122149331909932,0.421141890608487,0.835044956811977
"gene-LOC134725003|LOC134725003",8.55743375208418,0.0203683041916765,0.123819655966851,0.198621135828437,0.678961187756122
"gene-LOC134725004|LOC134725004",79.4409387958521,0.0736050242074401,0.096871088221428,0.26656414662805,0.746966776282741
"gene-LOC134725006|LOC134725006",15.3777038718577,0.00925812239999667,0.11577665472826,0.811915721918636,0.960505277793567
"gene-LOC134725007|LOC134725007",52.7850692221867,-0.194775079177494,0.306616951393301,0.0239729451793207,0.32941905770263
"gene-LOC134725011|LOC134725011",13.6934967504086,-0.0166338761843788,0.109819566318226,0.73957669706312,0.945457375552541
"gene-LOC134725012|LOC134725012",28.2825539636097,0.0439309724939335,0.129364350948294,0.0378198192215308,0.408639827498952
"gene-LOC134725013|LOC134725013",19.569720469507,0.00306091761331157,0.120581463798587,0.883495111976958,0.977383609163761
"gene-LOC134725016|LOC134725016",26.9174625796513,-0.0555963686923449,0.137241042078252,0.0696611930028105,0.515108081148819
"gene-LOC134725018|LOC134725018",23.1889257680908,0.0325216450715325,0.123871945890193,0.313097620786,0.78693314819391
"gene-LOC134725021|LOC134725021",73.7594915932082,-0.0437694808060508,0.114677718194329,0.421659431154556,0.835495933712598
"gene-LOC134725022|LOC134725022",11.0874339772662,-0.0124644206234442,0.115886565844135,0.750819997958488,0.949011133284577
"gene-LOC134725029|LOC134725029",28.7328351645458,0.151570227557837,0.164307470702626,0.0611915962145631,0.489598145353486
"gene-LOC134725030|LOC134725030",9.16345301233018,0.0127584661339773,0.111201881691248,0.788696848157957,0.956384665187901
"gene-LOC134725031|LOC134725031",17.8964047993373,0.0264576455085728,0.105044828699469,0.642005133769894,0.914809132082223
"gene-LOC134725041|LOC134725041",53.905846170485,-0.0332930696508976,0.117776772582598,0.465220806264603,0.848670267917421
"gene-LOC134725042|LOC134725042",58.8255106519517,-0.301869819256823,0.278736833527641,0.0132077930837967,0.254285907755632
"gene-LOC134725045|LOC134725045",76.665919298658,-0.0200819988023336,0.111865039741902,0.678249527771884,0.924535906928755
"gene-LOC134725054|LOC134725054",26.2901297224678,-0.0420789598365986,0.130391531242258,0.0976057076457646,0.57769829291262
"gene-LOC134725055|LOC134725055",21.8638831778791,0.0173586814741627,0.115270702527101,0.681184591900062,0.925098303564025
"gene-LOC134725056|LOC134725056",13.1396634491291,-0.0230236209660684,0.121154312503298,0.455502727179492,0.845232489565602
"gene-LOC134725059|LOC134725059",9.41686391545776,0.0686487885206793,0.13891112211731,0.13830995160478,0.624208975833054
"gene-LOC134725067|LOC134725067",10.2228737022187,0.00248048357411785,0.118509355748498,0.933655024180047,0.986824046819264
"gene-LOC134725068|LOC134725068",39.3188215058353,0.166986035746907,0.14256489167833,0.0467809338583202,0.450311585687609
"gene-LOC134725070|LOC134725070",24.5167395907829,-0.05554587847908,0.129598884019517,0.21873401247293,0.706315617259027
"gene-LOC134725071|LOC134725071",31.2477147964636,-0.0858005295451333,0.148296790012739,0.112461381590347,0.596307637172188
"gene-LOC134725072|LOC134725072",17.5156352772492,0.0588734944952395,0.13138293430393,0.201888370907868,0.682284300419234
"gene-LOC134725077|LOC134725077",10.693039662548,0.017617822916753,0.119787764522999,0.573788104752707,0.892996491374277
"gene-LOC134725080|LOC134725080",28.2072482633355,0.0925792380204306,0.123279759344235,0.175890982715746,0.653957193103024
"gene-LOC134725087|LOC134725087",11.9289797837259,0.023496361953152,0.120593444934751,0.477506283439308,0.855278075864733
"gene-LOC134725089|LOC134725089",673.680479632794,0.780468527700626,0.39690050781419,0.00149441701301201,0.086761999295455
"gene-LOC134725095|LOC134725095",557.74394437361,-0.0522058116281831,0.119084800219069,0.339654579324434,0.80340288344589
"gene-LOC134725097|LOC134725097",7.62252235627618,0.00304425454622051,0.120550872597418,0.884204709352306,0.977383609163761
"gene-LOC134725100|LOC134725100",76.4782198751481,0.0655562860417992,0.116827991726589,0.286626760723897,0.768483236746561
"gene-LOC134725101|LOC134725101",97.7835375830791,0.0524301534691491,0.1130818497588,0.375269547187532,0.820038855990219
"gene-LOC134725107|LOC134725107",8.0876114322418,-0.00457016738861777,0.119206232538327,0.864904734724036,0.975345815140537
"gene-LOC134725111|LOC134725111",37.9048627579819,-0.00631021289839774,0.101059288364848,0.923185881013789,0.985003428253635
"gene-LOC134725113|LOC134725113",164.527477464287,0.112591805752709,0.109886238337383,0.118666979221373,0.60666323189779
"gene-LOC134725114|LOC134725114",39.7515445960928,0.112085962349243,0.128414123253332,0.123559709382998,0.610633401063977
"gene-LOC134725116|LOC134725116",36.191275828723,0.0210812010699736,0.106719353827309,0.699270746023309,0.930662629637207
"gene-LOC134725125|LOC134725125",789.014486099017,-0.0581997944270672,0.0945824289775906,0.368129905642115,0.815416995963857
"gene-LOC134725126|LOC134725126",142.41342132459,0.0334315034858422,0.100513248511607,0.572827471947273,0.892996491374277
"gene-LOC134725128|LOC134725128",9.73151011971605,0.0469378195603949,0.125667029202125,0.278045736106374,0.759238319138791
"gene-LOC134725130|LOC134725130",7.9005659443573,-0.0222977373812159,0.120742460482595,0.479888802702553,0.856095103249028
"gene-LOC134725131|LOC134725131",42.2416370382425,0.00460203976673876,0.0999546817287708,0.937828720015084,0.986908472952548
"gene-LOC134725132|LOC134725132",16.7867109526077,0.0758508952566901,0.132283528666894,0.191603351659706,0.667403488641647
"gene-LOC134725134|LOC134725134",39.1095819713745,-0.0993756813921401,0.130005150339592,0.15077562560064,0.638692141680009
"gene-LOC134725135|LOC134725135",39.5296631131649,0.602495925991037,0.21367505723989,0.000226109907482638,0.0302381624488835
"gene-LOC134725138|LOC134725138",8.82826321048851,0.0295663364459438,0.125274290313268,0.204721158055353,0.686590574418514
"gene-LOC134725139|LOC134725139",20.5526214131424,0.0504964643833808,0.113958183821655,0.381489605448869,0.820970015863961
"gene-LOC134725140|LOC134725140",64.2198485713338,0.303806602605399,0.233803318111261,0.0113260291980052,0.242344664753889
"gene-LOC134725142|LOC134725142",12.5947167024545,-0.065259508947072,0.141454676234914,0.0871710474237226,0.556013014990743
"gene-LOC134725149|LOC134725149",57.9664723976984,0.0402620611589736,0.115623183551365,0.43968077236272,0.838254072769177
"gene-LOC134725150|LOC134725150",32.9316400812582,-0.300354186701603,0.244453030728376,0.0123147655585255,0.247917417386553
"gene-LOC134725151|LOC134725151",16.7286003099361,0.0151089714956327,0.108035280807565,0.772189561549522,0.953963646724575
"gene-LOC134725152|LOC134725152",132.316407370031,0.062681358240395,0.116952320311896,0.301811040827456,0.778059512825067
"gene-LOC134725159|LOC134725159",20.6416342893493,0.00311757546756496,0.117784644519213,0.923511813251978,0.985177432859168
"gene-LOC134725160|LOC134725160",12.7363744631324,-0.097708912434104,0.168393420276739,0.054050453282832,0.473949477439012
"gene-LOC134725162|LOC134725162",14.4800916652699,-0.0106147291644231,0.112617992649612,0.812868923024223,0.960505277793567
"gene-LOC134725164|LOC134725164",10.4284524948423,-0.00514134762344718,0.119446741224299,0.843115204647366,0.966613035218243
"gene-LOC134725165|LOC134725165",9.63470089839056,-0.0144072416005723,0.12021528084625,0.598178225224913,0.903304056912138
"gene-LOC134725166|LOC134725166",38.3717141469251,0.145371573747122,0.175456215487122,0.0627975569199397,0.493484683917554
"gene-LOC134725167|LOC134725167",9.07897163405856,-0.022460225572429,0.117090190924757,0.581156677342693,0.89723009651291
"gene-LOC134725168|LOC134725168",27.0453382787895,0.13911269059354,0.217129056853557,0.0367366534708672,0.404589408593124
"gene-LOC134725169|LOC134725169",19.3112851306709,-0.027869220524567,0.120907685446838,0.431794131452819,0.8360891578941
"gene-LOC134725171|LOC134725171",57.5245219369936,-0.0376418971375374,0.103510928271703,0.527334577382497,0.87559280413096
"gene-LOC134725176|LOC134725176",11.5627523960205,0.0253508400709763,0.123443375038815,0.313306707185753,0.78693314819391
"gene-LOC134725177|LOC134725177",178.915332235992,0.0480552455856897,0.0752002011168998,0.422945598289613,0.835542057474881
"gene-LOC134725179|LOC134725179",23.6196744964836,0.0813643474313062,0.13337690429147,0.181170629770963,0.658744089227767
"gene-LOC134725182|LOC134725182",54.590657757733,0.0509540758296892,0.104817708850873,0.413782770360899,0.831856384439449
"gene-LOC134725187|LOC134725187",31.9910899654578,-0.031913135474259,0.10873932857465,0.563823079535535,0.889818923835977
"gene-LOC134725188|LOC134725188",28.6736596425039,-0.0235300205551606,0.111746561345342,0.635370168791,0.912781429371793
"gene-LOC134725190|LOC134725190",31.2644101313641,0.0982048352991119,0.138238711455409,0.141320242845582,0.627557821356636
"gene-LOC134725192|LOC134725192",15.1971892546253,-0.0214874712045979,0.1190326987487,0.548031746582391,0.88287604337532
"gene-LOC134725196|LOC134725196",35.2281839363841,0.0262258224779848,0.0931813073014312,0.670312703183424,0.922711307465918
"gene-LOC134725203|LOC134725203",18.6681682767764,0.0159306929899464,0.107909683720532,0.761721915026006,0.95123850595533
"gene-LOC134725204|LOC134725204",18.8354788410244,0.0727134262929157,0.133717755762864,0.188589060303698,0.666036638057843
"gene-LOC134725207|LOC134725207",24.1403284785093,-0.0162239250866049,0.115371718310945,0.694483620116391,0.929296223627318
"gene-LOC134725208|LOC134725208",7.61664116352351,-0.00459812544878341,0.120244669526746,0.836639025411777,0.965558865799071
"gene-LOC134725209|LOC134725209",7.34429829786142,-0.0134437783991282,0.120559040213456,0.595783904826574,0.903304056912138
"gene-LOC134725212|LOC134725212",6.86493332240609,-0.0324750316170297,0.127232157700042,0.0936408558168665,0.569217832153014
"gene-LOC134725221|LOC134725221",150.07153478127,0.00720756139306153,0.101042333440602,0.900700325551562,0.98065001678538
"gene-LOC134725225|LOC134725225",24.4161646935359,-0.00617446035264292,0.115844627691998,0.868652507554715,0.975747205157066
"gene-LOC134725236|LOC134725236",30.310540800513,0.269113058637985,0.212145340330604,0.015096169893625,0.271868371282525
"gene-LOC134725243|LOC134725243",15.3419707566976,-0.00282390722711692,0.11622643360195,0.936182061339694,0.986824046819264
"gene-LOC134725244|LOC134725244",14.319491369474,-0.0261567011403755,0.118905287897633,0.502313821066252,0.865321111680848
"gene-LOC134725246|LOC134725246",10.9515438460682,-0.0135791608909415,0.117443894159521,0.703456207902726,0.932421865660799
"gene-LOC134725247|LOC134725247",8.11966580954964,-0.00831216556896976,0.120992442316814,0.677946926554485,0.924535906928755
"gene-LOC134725248|LOC134725248",13.843365721529,-0.0159438864467102,0.109024285010255,0.754537097774148,0.949383119158366
"gene-LOC134725249|LOC134725249",17.6564610237904,-0.0273419800799887,0.122148986381668,0.388694276647079,0.82303705168547
"gene-LOC134725251|LOC134725251",7.35084826066106,0.0707132359033989,0.148698233164523,0.0374274163531218,0.407996973898878
"gene-LOC134725254|LOC134725254",18.3728519765571,0.0564454999021039,0.115804518609237,0.338750268953566,0.80230890708199
"gene-LOC134725258|LOC134725258",44.1971870994877,0.0494097172059871,0.120169216603282,0.343325415534669,0.805250246457606
"gene-LOC134725261|LOC134725261",27.6075854121628,-0.0266781468415155,0.124087924482661,0.26806361318619,0.747126311556151
"gene-LOC134725264|LOC134725264",8.41558476331246,0.0220961676557974,0.122318631012466,0.394849582017144,0.826720797872459
"gene-LOC134725265|LOC134725265",9.863379304943,-0.0174828237370688,0.118648793628542,0.610304263904231,0.905829590890778
"gene-LOC134725266|LOC134725266",48.1061922319927,0.187080213995839,0.183684460139079,0.0376359278568312,0.408639827498952
"gene-LOC134725267|LOC134725267",23.899695596367,-0.0548017587061724,0.121131708199384,0.312448999804732,0.78693314819391
"gene-LOC134725269|LOC134725269",285.937509888676,0.0218371649466433,0.103797466734309,0.703825260059886,0.932450901460609
"gene-LOC134725270|LOC134725270",222.985789916186,0.00738681658290515,0.0927778338200201,0.903770640056598,0.980985831394684
"gene-LOC134725271|LOC134725271",21.6159536591175,0.00835379649325689,0.115246067516529,0.833640312447073,0.965558865799071
"gene-LOC134725274|LOC134725274",87.0327125780811,0.0169378477928188,0.10402345827788,0.753412583037468,0.949383119158366
"gene-LOC134725275|LOC134725275",17.7140861216149,0.0148166848367927,0.123381452560914,0.142401532369861,0.627978786874401
"gene-LOC134725276|LOC134725276",23.6134182071379,0.571443343886132,0.706271614859555,0.00649906764337586,0.187198144543238
"gene-LOC134725277|LOC134725277",16.3528743125869,-0.0360307580686093,0.114006122730602,0.487626111447781,0.860266654565944
"gene-LOC134725278|LOC134725278",34.0017653018998,0.0255156337917403,0.0911824505851074,0.679832449126867,0.924535906928755
"gene-LOC134725281|LOC134725281",9.03309111891758,-0.0593906960011186,0.138481644382115,0.0851370995160433,0.550597356023876
"gene-LOC134725283|LOC134725283",7.95920914937149,0.0111111020325708,0.12153451217629,0.558529847836287,0.889197747931761
"gene-LOC134725284|LOC134725284",10.1088216727404,0.0423368381838426,0.130341105447083,0.104252779029912,0.584393010595071
"gene-LOC134725285|LOC134725285",26.8324984456053,0.246238417564402,0.215583144273081,0.0195180112350948,0.303928334602117
"gene-LOC134725286|LOC134725286",29.1573589131027,0.0690852358228698,0.117816253369919,0.269465677390316,0.749082575343755
"gene-LOC134725287|LOC134725287",135.594863318835,-0.32984776152154,0.261487027068892,0.0100365994640099,0.229859612801132
"gene-LOC134725289|LOC134725289",19.8760199779354,0.086620109877755,0.148101559703691,0.115447239472141,0.601659273769564
"gene-LOC134725293|LOC134725293",26.0542421128057,-0.128181071115999,0.172190962446859,0.0739382465726998,0.524180554632953
"gene-LOC134725294|LOC134725294",11.1634356581991,0.0344470687334536,0.125647606648042,0.239097549961757,0.72032371267643
"gene-LOC134725295|LOC134725295",75.3440217778151,0.0457524842500876,0.101027015919203,0.462864152858747,0.848659322959597
"gene-LOC134725300|LOC134725300",9.18365215775111,0.0531348490810559,0.13540755588667,0.0865973122235439,0.554416636138105
"gene-LOC134725306|LOC134725306",20.2412159921934,0.034257948342302,0.121467837524759,0.389195719882304,0.82303705168547
"gene-LOC134725307|LOC134725307",16.9976732628604,0.0150428255622436,0.116812955163983,0.692869539717147,0.928911561572093
"gene-LOC134725308|LOC134725308",100.553741567382,0.0285831123866463,0.0791862184280843,0.635362023197599,0.912781429371793
"gene-LOC134725309|LOC134725309",20.3252350017461,-0.110079014584731,0.176419036038771,0.0581532105017747,0.483310521148065
"gene-LOC134725311|LOC134725311",9.12560117853235,-0.0234891523849658,0.114955785070456,0.603473837768687,0.904589020585693
"gene-LOC134725313|LOC134725313",18.5873060366415,-0.000395892968169757,0.120501648706035,0.98208287381706,0.99595232498375
"gene-LOC134725314|LOC134725314",10.3009088687315,0.0145595217720661,0.119388038432986,0.634845238346852,0.912781429371793
"gene-LOC134725315|LOC134725315",52.6536106914254,0.0313694416576416,0.0956930499687498,0.608457135340697,0.905455368892464
"gene-LOC134725316|LOC134725316",7.45533492738704,0.00119814403644445,0.121129443440421,0.945051616392827,0.989720536311828
"gene-LOC134725317|LOC134725317",787.842542447758,0.0853050933278146,0.0696028280456337,0.141323745259772,0.627557821356636
"gene-LOC134725318|LOC134725318",11.9255589242362,-0.0167980674978509,0.122742734657924,0.335881684689942,0.802058261976077
"gene-LOC134725322|LOC134725322",11.3160254170883,0.000335519963455319,0.11102594170391,0.994554881579223,0.998538618272986
"gene-LOC134725324|LOC134725324",7.17068817084973,-0.0145272516632054,0.119233280739502,0.639698875809735,0.914809132082223
"gene-LOC134725330|LOC134725330",20.6967663887472,0.0996197669261689,0.140797717006573,0.135568071853468,0.624139845752057
"gene-LOC134725332|LOC134725332",76.984675447135,-0.0522024048233228,0.0979311166669992,0.412322821792048,0.831856384439449
"gene-LOC134725337|LOC134725337",9.10017195169713,0.0529287432019533,0.125032194708782,0.280813575220751,0.762459166226361
"gene-LOC134725345|LOC134725345",16.5936360269564,-0.00378484253340486,0.105076924899276,0.943224044800288,0.988997548751079
"gene-LOC134725347|LOC134725347",124.337755833528,-0.304069932269639,0.330791845403124,0.0138661850366105,0.261571435111275
"gene-LOC134725348|LOC134725348",13.0003186108835,-0.00753872869023271,0.117302551223201,0.825158140204418,0.964172729064096
"gene-LOC134725350|LOC134725350",57.8383233568671,0.0593104076374871,0.134912228020716,0.150294473592858,0.637708392485502
"gene-LOC134725352|LOC134725352",20.7918909597654,0.0175094760196701,0.118127390500268,0.625673385588299,0.910590279867861
"gene-LOC134725353|LOC134725353",71.8113484081629,-0.130932697956348,0.109843062082472,0.0773047987263936,0.530991694793509
"gene-LOC134725354|LOC134725354",105.708986749598,-0.0754956021803241,0.124788805627685,0.222899103904554,0.707626701628319
"gene-LOC134725355|LOC134725355",73.7627282452316,-0.218633541301005,0.144984631589596,0.0178848002467473,0.293726467210286
"gene-LOC134725359|LOC134725359",15.9909245087476,0.0596573541946263,0.123610388471962,0.279061708712818,0.761065713838444
"gene-LOC134725362|LOC134725362",43.10570991264,-0.485032217373892,0.238145895216264,0.00192431802064188,0.0973730922742367
"gene-LOC134725363|LOC134725363",35.731820105671,-0.0547119339036071,0.122846706580246,0.297884062435689,0.775949128202045
"gene-LOC134725364|LOC134725364",11.5777651805329,0.0558449146796725,0.133276655346832,0.15925116673147,0.641731615768171
"gene-LOC134725365|LOC134725365",54.556500751905,0.376472205714413,0.14963730266216,0.00087228530151452,0.0673458208561056
"gene-LOC134725366|LOC134725366",31.4889984221465,0.0236504072794818,0.102277917791438,0.685022923528788,0.926184631577378
"gene-LOC134725367|LOC134725367",27.6354058296917,0.0370109530329183,0.111267701040382,0.499260609670987,0.864500047589831
"gene-LOC134725368|LOC134725368",48.2548262211983,0.00374170298456151,0.105209912495865,0.947402360185724,0.990448749036931
"gene-LOC134725369|LOC134725369",64.9164447572342,0.0431167391382712,0.0919016489332112,0.494826009996688,0.863006983899673
"gene-LOC134725370|LOC134725370",10.3879651094601,0.048883494665325,0.125058241003862,0.28723893281512,0.768483236746561
"gene-LOC134725371|LOC134725371",14.1513936015154,0.00496917635298283,0.109827436499239,0.919343716617421,0.984677261486326
"gene-LOC134725372|LOC134725372",18.2688756601008,-0.0236923941110025,0.118539005616824,0.536835701167749,0.877546699876996
"gene-LOC134725373|LOC134725373",84.0977147383506,0.0391940842846546,0.102950844538061,0.517862205777662,0.871913232704342
"gene-LOC134725376|LOC134725376",13.6831542059591,0.328202325850237,0.323532801844267,0.0121862291548038,0.247413643839253
"gene-LOC134725378|LOC134725378",18.7800493128499,-0.0300790983948542,0.117613904329979,0.493948107080698,0.862457269357709
"gene-LOC134725384|LOC134725384",6.84449940216412,0.0245772491090903,0.124817411467066,0.150035781024731,0.637332934823714
"gene-LOC134725387|LOC134725387",25.5434640909952,0.0382371430870295,0.11199232278441,0.485602327876374,0.858719205068751
"gene-LOC134725389|LOC134725389",73.7845157076399,0.040515862478325,0.0905303207684154,0.518139558907009,0.872022093906266
"gene-LOC134725391|LOC134725391",12.1729002209626,-0.0154537244754361,0.113664810036486,0.727650185869804,0.941169644555951
"gene-LOC134725392|LOC134725392",12.8138042961091,0.0236439658926637,0.123415006807668,0.305796521794187,0.781931159943171
"gene-LOC134725393|LOC134725393",25.7668090758396,-0.0554764517032365,0.106681948172072,0.374008823874286,0.820038855990219
"gene-LOC134725395|LOC134725395",73.2399489370037,0.0694374444570435,0.128519917232757,0.222519375479786,0.707397113111164
"gene-LOC134725396|LOC134725396",29.340749609271,0.0381578366563321,0.112609055433471,0.480504198869529,0.856172230112359
"gene-LOC134725409|LOC134725409",83.6749563064319,0.223814108057333,0.157258297971256,0.0188787798179471,0.300815280971502
"gene-LOC134725410|LOC134725410",24.4084332494673,-0.0629274357973913,0.131375532925959,0.20636038097865,0.688757595246135
"gene-LOC134725412|LOC134725412",18.3601615113462,-0.0157690606647009,0.115504765912474,0.700243949309717,0.931217546469466
"gene-LOC134725423|LOC134725423",7.68571698855941,-0.00483158016750449,0.11842274214654,0.870946190798752,0.976716984560026
"gene-LOC134725429|LOC134725429",9.0328412968421,-0.0341791582277254,0.126690297121609,0.172262632006722,0.652148082884002
"gene-LOC134725433|LOC134725433",54.5725914215456,0.0112453247976671,0.0920565851368671,0.852744989206915,0.970695732508069
"gene-LOC134725434|LOC134725434",6.86301065809458,0.00270450712549995,0.1199532306121,0.910307181946134,0.98251592545162
"gene-LOC134725435|LOC134725435",14.6033248219009,-0.0106131477100247,0.116426499553499,0.775048897282182,0.95457752673248
"gene-LOC134725439|LOC134725439",6.30992193194547,-0.0039646393502936,0.121818378380743,0.732627359537061,NA
"gene-LOC134725441|LOC134725441",9.36097029684084,-0.00384569535005096,0.119520001806618,0.879700052515607,0.977383609163761
"gene-LOC134725445|LOC134725445",114.129783506717,0.150253388650934,0.120609010073871,0.0555940848694718,0.481322660794768
"gene-LOC134725446|LOC134725446",11.375472437163,0.0113815769184375,0.121862119324155,0.507483590607194,0.869006636479791
"gene-LOC134725447|LOC134725447",7.89182783157548,-0.0465274230587673,0.12388216128848,0.306813937084777,0.782758630303085
"gene-LOC134725448|LOC134725448",13.4374549090428,0.0113699590667997,0.112893894378507,0.800729377520328,0.958777657383338
"gene-LOC134725451|LOC134725451",18.0107407235953,0.169247556632689,0.238589032655742,0.0358045144416965,0.397849663423626
"gene-LOC134725453|LOC134725453",17.8977659852367,0.0441987444796986,0.109464406009451,0.44887501340545,0.843025033578531
"gene-LOC134725457|LOC134725457",7.80714328471385,0.012569470472231,0.121035770500789,0.581979776756541,0.897457750487573
"gene-LOC134725459|LOC134725459",546.441742712704,0.00367581615879032,0.0825448890559975,0.920482346106006,0.984677261486326
"gene-LOC134725460|LOC134725460",11.456724242424,0.0617415027376206,0.133901309129364,0.176103904036535,0.653957193103024
"gene-LOC134725461|LOC134725461",9.26875113454374,-0.0214463349421754,0.117202202319087,0.591356447016031,0.902148006853668
"gene-LOC134725463|LOC134725463",30.1325269001267,0.520701448246041,0.192894911437971,0.000381408796544062,0.0407286757291919
"gene-LOC134725467|LOC134725467",10.6742470042747,0.0081842472493408,0.119129278157095,0.775235748108819,0.95457752673248
"gene-LOC134725473|LOC134725473",6.5891345512398,-0.00546013157281468,0.120543885400631,0.795629784382069,NA
"gene-LOC134725474|LOC134725474",19.8290268908135,-0.000342234857418772,0.108836050669256,0.993638320267683,0.998303914741706
"gene-LOC134725475|LOC134725475",21.4710140552552,0.0734931229114319,0.129322878024505,0.213005808532272,0.697812992168934
"gene-LOC134725476|LOC134725476",8.29808996719067,-0.014308404370157,0.121777110475422,0.481458640461367,0.856650928585217
"gene-LOC134725477|LOC134725477",34.0322915590536,0.0772480979644647,0.132270496562859,0.191208716533105,0.666959514725861
"gene-LOC134725479|LOC134725479",15.5782865545291,-0.0932322579359293,0.154143009511619,0.0981674325350418,0.578548838521946
"gene-LOC134725480|LOC134725480",66.7899206032977,0.0190874677329334,0.0910110066242637,0.756702461297072,0.94961625594829
"gene-LOC134725486|LOC134725486",93.7500674795594,0.118877928945022,0.160587963890681,0.0880849960083997,0.559515296952422
"gene-LOC134725487|LOC134725487",85.0567843008801,0.0324655780719641,0.0989569592740682,0.593970089664358,0.903181749062791
"gene-LOC134725490|LOC134725490",28.3940370675228,-0.746341230563155,0.318890450625277,0.000708514717893468,0.0608448206271158
"gene-LOC134725495|LOC134725495",150.086828925256,-0.130904910679495,0.111729072228155,0.0778881625580672,0.531687360457538
"gene-LOC134725496|LOC134725496",57.5877419753556,0.0150806719455487,0.0915830118241757,0.803909503486006,0.959584432980747
"gene-LOC134725499|LOC134725499",9.53249543777571,0.00475124843315838,0.119956448864707,0.844602912531306,0.967308642291933
"gene-LOC134725503|LOC134725503",31.6714071785504,0.02870689975169,0.123245251425127,0.040066868034897,0.41849480434218
"gene-LOC134725505|LOC134725505",15.257650163138,0.0477814244901944,0.132348382010864,0.732866769273614,0.94238311042069
"gene-LOC134725512|LOC134725512",89.7646536485005,-0.0206385550518508,0.103268288171276,0.716877593245782,0.936213247941403
"gene-LOC134725518|LOC134725518",19.0172829500786,-0.0117414968220459,0.112725527530411,0.792933430789816,0.957155133221299
"gene-LOC134725521|LOC134725521",55.4694604783795,0.0836966266158133,0.113498885740964,0.215933772691147,0.701573979906291
"gene-LOC134725523|LOC134725523",8.89882718434865,0.0180673374005673,0.111362508808025,0.709956958919314,0.933953954014707
"gene-LOC134725525|LOC134725525",29.6760378242221,0.0447798146392872,0.121437849780397,0.348333154183117,0.80898857511247
"gene-LOC134725527|LOC134725527",36.5454070898242,0.215781455152064,0.25269874193086,0.0268528793179891,0.345817521938226
"gene-LOC134725528|LOC134725528",40.5743021768062,0.035588351427464,0.108948585540539,0.528178373911036,0.87559280413096
"gene-LOC134725529|LOC134725529",370.856045153054,-0.0130125664213261,0.104024208972848,0.813341926190207,0.960505277793567
"gene-LOC134725530|LOC134725530",219.610417113426,0.0105341972523682,0.0800194092062326,0.862717246923179,0.973956778441233
"gene-LOC134725532|LOC134725532",1093.68678717989,-0.0957847899664387,0.110076299390934,0.16247218142471,0.644051070807598
"gene-LOC134725534|LOC134725534",25.6975303174651,-0.0399097401169062,0.119874023900433,0.391263578168054,0.823776479308562
"gene-LOC134725535|LOC134725535",8.46067957537645,-0.0159974035610081,0.12315341783298,0.229248422665021,0.713863383508666
"gene-LOC134725537|LOC134725537",1755.81706647284,0.0672048243063625,0.0771153391767214,0.267354127344869,0.747070237493227
"gene-LOC134725539|LOC134725539",10.0671686500314,0.00216178944817904,0.120764977636424,0.912451225589004,0.982791202133762
"gene-LOC134725540|LOC134725540",22.3960254771196,0.0289334825281683,0.109151805384264,0.594842443986719,0.903181749062791
"gene-LOC134725541|LOC134725541",9.53664881884429,0.0179422095402631,0.122988628220208,0.306402384843512,0.782621916812095
"gene-LOC134725543|LOC134725543",97.640195746746,0.115619031331751,0.123871855956914,0.116300201641763,0.602996122136654
"gene-LOC134725544|LOC134725544",37.0598619730413,-0.265688306675007,0.250264153641824,0.0171663289132502,0.290856645319753
"gene-LOC134725546|LOC134725546",57.8668286689455,0.0327650477596844,0.110107030655925,0.548254669603584,0.88287604337532
"gene-LOC134725551|LOC134725551",225.903629030039,0.208439827627922,0.130472096379017,0.0174792923494322,0.291949171218019
"gene-LOC134725552|LOC134725552",350.767306839089,-0.0836845052730368,0.121971290524613,0.199684881681828,0.680353613556914
"gene-LOC134725553|LOC134725553",40.2475650013663,-0.0532048776789561,0.116194621334599,0.354041050708798,0.811592466382447
"gene-LOC134725558|LOC134725558",26.6921429578862,-0.0123441877284566,0.119205451215377,0.678484513496533,0.924535906928755
"gene-LOC134725559|LOC134725559",48.623285289392,0.0227949909430406,0.101092428058217,0.704324084280808,0.932461823366883
"gene-LOC134725564|LOC134725564",10.4702843269651,-0.0773740476404466,0.148813061657933,0.0818580896790019,0.539169244759437
"gene-LOC134725565|LOC134725565",40.1464063107255,0.0187167131040344,0.10112957914968,0.747941385910521,0.948253434752648
"gene-LOC134725566|LOC134725566",18.4493114198432,0.0270572481214847,0.114656530103203,0.566250273810193,0.89111319124916
"gene-LOC134725567|LOC134725567",58.4841076459439,0.000428723889237766,0.0932931452277695,0.99225232257715,0.997848481775248
"gene-LOC134725568|LOC134725568",11.9024311294725,-0.0256904767222475,0.113772932007718,0.591039714970799,0.902148006853668
"gene-LOC134725572|LOC134725572",56.2281670090882,-0.0503663413895905,0.121735566012099,0.322665762426668,0.79414295941802
"gene-LOC134725573|LOC134725573",9.16616391489165,0.0235808844029501,0.122881236356203,0.350293120370465,0.809174947086495
"gene-LOC134725581|LOC134725581",10.5513945886426,0.0401973946379624,0.128531145487633,0.158168753886646,0.641040525737625
"gene-LOC134725584|LOC134725584",15.759757011051,-0.0189136422682018,0.115744619196472,0.64984436131179,0.918046712290982
"gene-LOC134725585|LOC134725585",9.27595906929379,-0.0358297084856764,0.122553153065453,0.353792398037612,0.811592466382447
"gene-LOC134725587|LOC134725587",76.3095865985086,-0.0154139461980802,0.0975957387137962,0.793759544382041,0.957390487022614
"gene-LOC134725588|LOC134725588",76.5059177108378,-0.0253395947396987,0.0895155338212023,0.681442716396367,0.925098303564025
"gene-LOC134725589|LOC134725589",12.2589056633907,0.0439527936085716,0.117231590828402,0.400332656398643,0.827255071865873
"gene-LOC134725590|LOC134725590",14.1042756152681,0.040261651069189,0.123056816448528,0.333292461124067,0.800033789297176
"gene-LOC134725593|LOC134725593",1785.59421801247,-0.0347368203321976,0.0669983974222713,0.531091360470359,0.876646065365334
"gene-LOC134725606|LOC134725606",25.9173649827458,0.0075761545761995,0.118667690936023,0.798783899090588,0.958777657383338
"gene-LOC134725607|LOC134725607",10.1002815820603,0.0810483661198432,0.148633302739126,0.0990572184501643,0.579342280275393
"gene-LOC134725611|LOC134725611",24.7634645548189,-0.104920835317767,0.169995395922053,0.0656802089344792,0.501660423029941
"gene-LOC134725612|LOC134725612",7.98481001932005,-0.0252661581240566,0.122985102501978,0.345198680995808,0.806864207858178
"gene-LOC134725614|LOC134725614",8.11484767402483,-0.0315148272664996,0.124408577577381,0.281341728411562,0.762459166226361
"gene-LOC134725617|LOC134725617",195.353874383157,-0.0346955642938728,0.107439760724933,0.536902229351296,0.877546699876996
"gene-LOC134725623|LOC134725623",95.7937963566079,0.0944972897357236,0.120152196998501,0.172917894923268,0.652381874279138
"gene-LOC134725624|LOC134725624",133.033345754392,0.0436898737505131,0.0947200766284045,0.488033947536192,0.860284095510234
"gene-LOC134725626|LOC134725626",32.7116142549653,0.00297444892013435,0.0995224323246046,0.959143224907548,0.990589731896691
"gene-LOC134725629|LOC134725629",18.972633588484,-0.00097718772126825,0.10356667218871,0.985152156257838,0.996058390470494
"gene-LOC134725630|LOC134725630",65.5332553344059,0.0736533098174342,0.0897635150988129,0.258450970445165,0.739124948539845
"gene-LOC134725632|LOC134725632",674.998087436652,-0.011946746706077,0.102349389647849,0.83055348487458,0.965008508387982
"gene-LOC134725633|LOC134725633",40.9339603539021,0.20239825229758,0.173103091490918,0.0300262810824576,0.366073481039034
"gene-LOC134725634|LOC134725634",9.29533238528486,-0.082933691601437,0.156431074984361,0.0526701943450684,0.468094493530415
"gene-LOC134725635|LOC134725635",12.4874814331177,-0.0240827536388235,0.124565171431204,0.172067257340457,0.652148082884002
"gene-LOC134725636|LOC134725636",15.6221885979647,0.0258985210305174,0.118054083817572,0.526914196775776,0.87559280413096
"gene-LOC134725639|LOC134725639",10.2091429125673,-0.020014763153,0.119304352632875,0.556617163089197,0.888239065496483
"gene-LOC134725643|LOC134725643",50.9952810701473,0.27633614459997,0.373042792559488,0.0159064277205574,0.2792301733889
"gene-LOC134725644|LOC134725644",57.82572497423,0.147452910108628,0.129097499266247,0.0624625914598344,0.492353687530901
"gene-LOC134725651|LOC134725651",511.853498663903,0.0581975859988353,0.0946408987058423,0.366591749477957,0.813453514619383
"gene-LOC134725654|LOC134725654",84.7437400632695,-0.2544420034865,0.247312601736304,0.0191022341410337,0.302308398753364
"gene-LOC134725656|LOC134725656",20.8188455165072,0.06487712385917,0.142702056372223,0.0660897912578327,0.501660423029941
"gene-LOC134725659|LOC134725659",100.854186730746,0.158765984051295,0.196154556468544,0.0501607736578609,0.46092519499843
"gene-LOC134725661|LOC134725661",123.599299760943,0.121955653847461,0.141471906144596,0.101575352542859,0.579631212729381
"gene-LOC134725662|LOC134725662",10.5239987922277,0.0951498851597997,0.160631620363923,0.0775201543706523,0.531151359635696
"gene-LOC134725663|LOC134725663",62.8947273126508,-0.0535630712735131,0.128587713948236,0.23142741975859,0.714623063583092
"gene-LOC134725665|LOC134725665",25.861057992692,0.0208310361973122,0.104066798541291,0.712985915502868,0.934586259228345
"gene-LOC134725666|LOC134725666",12.275420485257,-0.00513511614163611,0.120162291752781,0.822153614817659,0.963101583195596
"gene-LOC134725667|LOC134725667",14.9081896032107,-0.0184527096590621,0.121349654691993,0.479699215168713,0.856095103249028
"gene-LOC134725669|LOC134725669",14.4729373819998,-0.0845304935527409,0.158261832577989,0.0493513423041809,0.459639766491225
"gene-LOC134725671|LOC134725671",171.347788340123,-0.0276010412046949,0.0883252280339628,0.655039083360748,0.918972538520344
"gene-LOC134725672|LOC134725672",12.2276585009358,-0.172189440717628,0.329647858183088,0.0150730093981643,0.271868371282525
"gene-LOC134725673|LOC134725673",25.0043806603112,0.11269076252985,0.144876762860039,0.112509372589705,0.596307637172188
"gene-LOC134725679|LOC134725679",39.6294587095043,0.0751328038009591,0.13401546018288,0.612084759882941,0.905840017185814
"gene-LOC134725682|LOC134725682",63.454218895458,-0.00381368905791665,0.0953651464462072,0.948260976002944,0.990448749036931
"gene-LOC134725683|LOC134725683",74.716155893293,0.123369901442497,0.194176395428889,0.0461255954688814,0.446297912747355
"gene-LOC134725684|LOC134725684",18.4569225926003,0.0209155156000543,0.111323033370758,0.6740776580362,0.92387619829345
"gene-LOC134725685|LOC134725685",12.9330784630971,0.00663683042267833,0.121150751925157,0.720648933124951,0.937715893503337
"gene-LOC134725686|LOC134725686",17.2281409332233,0.0541908102873281,0.131495400569229,0.18402272421253,0.66207097044213
"gene-LOC134725687|LOC134725687",76.4604113561125,0.126629383944052,0.166800703161018,0.0788654473180776,0.533059744882473
"gene-LOC134725701|LOC134725701",43.663880859616,0.00129188870134614,0.121896187548191,0.903428749187615,0.980985831394684
"gene-LOC134725702|LOC134725702",33.0868074355499,0.331584614137629,0.274629013666244,0.0105325961470716,0.234061164823203
"gene-LOC134725704|LOC134725704",5.27774459949681,-0.00456272003401211,0.121622850210533,0.739024976873663,NA
"gene-LOC134725705|LOC134725705",21.7483844915047,0.0486906096022529,0.124095920412183,0.301252010023981,0.777898121048582
"gene-LOC134725706|LOC134725706",20.0374090540402,-0.0548908281076056,0.120112693170406,0.321395807632741,0.793320106579301
"gene-LOC134725707|LOC134725707",12.3840457144902,0.0244832107925025,0.114966661982016,0.591853938975978,0.902148006853668
"gene-LOC134725708|LOC134725708",152.731181948799,0.0577968992152265,0.111424877628779,0.349267506537531,0.80898857511247
"gene-LOC134725709|LOC134725709",9.79516035063944,0.0257187338837909,0.123719311584975,0.293980206663045,0.772631316913971
"gene-LOC134725716|LOC134725716",8.02858590811501,0.0410053321461085,0.125903107239174,0.264858017431266,0.745864743818156
"gene-LOC134725718|LOC134725718",7.53243107016217,0.0093423872159487,0.121488979442888,0.602405521103794,0.904563946751925
"gene-LOC134725727|LOC134725727",13.0952199416608,0.0278911995656228,0.112430174706386,0.581180824967837,0.89723009651291
"gene-LOC134725729|LOC134725729",6.80596550714609,-0.000508643112693444,0.12161258160379,0.96559465887684,0.992387833853173
"gene-LOC134725734|LOC134725734",9.77532040380843,0.0224640122793886,0.122429495232972,0.385486642724778,0.821366700441867
"gene-LOC134725735|LOC134725735",90.7397626583162,0.0010862482856854,0.103071035645988,0.984755369644942,0.99595232498375
"gene-LOC134725739|LOC134725739",43.2588439044563,0.0193369107636179,0.0989744803638159,0.747051675385825,0.947986108770842
"gene-LOC134725740|LOC134725740",10.0162532554812,-0.0144731740252383,0.122215743948301,0.419622202911325,0.834367709132623
"gene-LOC134725742|LOC134725742",14.6720225062181,-0.000433486372252149,0.11940985643717,0.984781274736903,0.99595232498375
"gene-LOC134725745|LOC134725745",176.272859502728,0.073539519305665,0.130243754913051,0.207208954920986,0.689633681814358
"gene-LOC134725746|LOC134725746",24.619944826977,-0.0716983846836813,0.140740864517508,0.193211138823521,0.670203352062234
"gene-LOC134725747|LOC134725747",27.8700269729674,-0.0908602186264676,0.147025837902697,0.123996373920849,0.610633401063977
"gene-LOC134725749|LOC134725749",383.848620708213,-0.107380549458013,0.0976486174652798,0.121148335408808,0.608970421657898
"gene-LOC134725750|LOC134725750",33.4466978644512,-0.0216718546263748,0.105618637814739,0.695034641455623,0.929296223627318
"gene-LOC134725752|LOC134725752",25.1531180832307,-0.0358591723280853,0.109605966589849,0.5202853137799,0.87205858002813
"gene-LOC134725753|LOC134725753",72.7907897105357,-0.0560110626820935,0.120066668415653,0.315360458686337,0.7885590901843
"gene-LOC134725755|LOC134725755",80.3264253304306,-0.00879738996608425,0.0852704342401537,0.884965870837692,0.977383609163761
"gene-LOC134725756|LOC134725756",55.4770531623063,0.0248141676561034,0.0989104204519506,0.679470782587427,0.924535906928755
"gene-LOC134725758|LOC134725758",74.5632039545909,0.00916362979128187,0.109504476951775,0.854388108965054,0.971567724640836
"gene-LOC134725759|LOC134725759",8.12952891777954,-0.00652540597009409,0.121650267877064,0.655536310554414,0.918972538520344
"gene-LOC134725761|LOC134725761",10.0380043168762,-0.0212282850656861,0.11618184761696,0.613356004254885,0.90644068581297
"gene-LOC134725762|LOC134725762",42.5746225003022,0.0389137426208139,0.115337486507127,0.452792210942068,0.844734225721323
"gene-LOC134725763|LOC134725763",9.89198689266513,0.0214622582693606,0.115959602644115,0.614220444778087,0.906968686182044
"gene-LOC134725764|LOC134725764",8.44573614471538,0.0149449843547447,0.120695112881496,0.56676954008219,0.89111319124916
"gene-LOC134725766|LOC134725766",676.737749352081,0.061933906790759,0.11414067192925,0.317005099664713,0.790116175262902
"gene-LOC134725769|LOC134725769",15.8719394678883,0.017779866987304,0.120507127088495,0.537997343310817,0.877982589682874
"gene-LOC134725770|LOC134725770",12.0110859566609,0.104802509467077,0.154623398703016,0.1033758117125,0.581694047398671
"gene-LOC134725779|LOC134725779",18.0127502716729,-0.0238235626773484,0.120870313442449,0.461764772695834,0.848659322959597
"gene-LOC134725780|LOC134725780",27.1138419000326,-0.0183685112480512,0.122788873793204,0.338366765753921,0.802086545158541
"gene-LOC134725783|LOC134725783",350.886523690828,-1.14018967526839,0.560503785997359,0.00108196891503799,0.0757277121936401
"gene-LOC134725785|LOC134725785",72.9217765221519,-0.432956158823743,0.283901920171001,0.00505149877046068,0.171025644254086
"gene-LOC134725788|LOC134725788",32.4114749233677,0.0763921049037816,0.145106300965041,0.109276726027507,0.591192170056114
"gene-LOC134725789|LOC134725789",12.7914208551486,-0.0232888736861588,0.120998075157749,0.460634868416027,0.848424626061886
"gene-LOC134725790|LOC134725790",107.361907037649,-0.319775387212903,0.221362505028367,0.00884751911441465,0.217957469236353
"gene-LOC134725791|LOC134725791",33.902680111128,-0.13548623726502,0.16689950520942,0.0733296988588627,0.523815848745917
"gene-LOC134725792|LOC134725792",10.3917172463259,-0.0829838251176911,0.141262171090437,0.146346095464532,0.632056464206389
"gene-LOC134725793|LOC134725793",221.675821844684,0.0554481678765518,0.100872596336411,0.385153244510391,0.821366700441867
"gene-LOC134725794|LOC134725794",31.5721433062325,-0.0539071977053989,0.126994613496242,0.254299935103635,0.732763452863072
"gene-LOC134725797|LOC134725797",15.1719289831587,-0.0312993939180047,0.112961976644273,0.538982329042876,0.878788959322344
"gene-LOC134725798|LOC134725798",22.3479858928163,-0.00985898151506939,0.106440614435036,0.851701283649383,0.970266073646434
"gene-LOC134725801|LOC134725801",53.5549709778731,0.0139378537450122,0.0842724932845836,0.820317578002975,0.962292847618592
"gene-LOC134725802|LOC134725802",23.4796375556383,0.0911342717458279,0.152760082742889,0.10201013998896,0.579631212729381
"gene-LOC134725805|LOC134725805",9.0804860668198,-0.0420352332522697,0.12930079598108,0.146096872222878,0.631344187003537
"gene-LOC134725806|LOC134725806",10.1654686824775,0.0106201372811581,0.121028908367941,0.621359398218251,0.908859479151656
"gene-LOC134725811|LOC134725811",8.99024287169582,-0.0307709467807753,0.12196113120683,0.381014941582584,0.820970015863961
"gene-LOC134725814|LOC134725814",15.6116618578464,0.0432493414867634,0.116879244474132,0.40612555894351,0.830041696029849
"gene-LOC134725815|LOC134725815",24.6146643825662,0.00300118102022786,0.103790024994981,0.956882682675841,0.990589731896691
"gene-LOC134725816|LOC134725816",21.8241635529551,-0.0643220124157967,0.126389058953241,0.244962094879879,0.726061631575678
"gene-LOC134725817|LOC134725817",15.6779607526107,-0.369078850759032,0.333454350328184,0.00980103660835923,0.225153261227001
"gene-LOC134725822|LOC134725822",7.8543576767689,0.0194159273441331,0.121495758094614,0.464349320368394,0.848659322959597
"gene-LOC134725823|LOC134725823",51.8229655589393,0.109432240111838,0.125398451422956,0.130630525489748,0.61938296577829
"gene-LOC134725824|LOC134725824",80.4742526942577,0.034487966398258,0.100042744909415,0.585529500715719,0.899790971920428
"gene-LOC134725827|LOC134725827",28.3326671387627,0.524140355609318,0.211176782332832,0.000652729373626716,0.0570386093765688
"gene-LOC134725828|LOC134725828",38.6605488524837,-0.0389917161847467,0.107851318435555,0.500866989268766,0.864973633836395
"gene-LOC134725829|LOC134725829",47.3045117676824,-0.104255885911733,0.137376751582167,0.133489914019162,0.621419232761849
"gene-LOC134725830|LOC134725830",2590.69936136248,-0.0482456113317106,0.105835177564151,0.432423585218265,0.8360891578941
"gene-LOC134725831|LOC134725831",7.51561810879975,0.0329591124968961,0.123688418686461,0.322190355920752,0.793972877752719
"gene-LOC134725833|LOC134725833",107.326190975721,0.0362809577313049,0.09614977535692,0.557157789203621,0.88848523433025
"gene-LOC134725835|LOC134725835",161.264243014721,-0.176308675211148,0.152586236111494,0.0411779649058415,0.422591508767551
"gene-LOC134725836|LOC134725836",14.6190244273617,-0.00463989669270176,0.110198399095542,0.920036258200201,0.984677261486326
"gene-LOC134725837|LOC134725837",15.2665628936502,-0.0554869305527094,0.126470781740547,0.259256074179514,0.739647990036005
"gene-LOC134725840|LOC134725840",41.1246449813715,0.110210692333378,0.127597616770232,0.128226888484842,0.616361468461475
"gene-LOC134725841|LOC134725841",14.9932969689492,0.764731895121726,0.464382002498338,0.125180941849431,0.612064264000456
"gene-LOC134725842|LOC134725842",129.169548215667,-0.0182831614823164,0.119852833678346,0.557991042719033,0.888916170798306
"gene-LOC134725843|LOC134725843",925.598883654537,0.139315703458593,0.137926177458335,0.075818911049508,0.52792970424614
"gene-LOC134725846|LOC134725846",45.5804200131279,0.0947978431261727,0.156406932130426,0.886423182285925,0.977383609163761
"gene-LOC134725847|LOC134725847",1156.57695615148,-0.0101595871698232,0.0807092472488643,0.866338815917022,0.975494120042486
"gene-LOC134725848|LOC134725848",11.7654904236807,-0.0398143009069288,0.122289770294222,0.349295068276055,0.80898857511247
"gene-LOC134725853|LOC134725853",8.27105626592562,-0.000978894602056099,0.116309468503739,0.977268717600766,0.995479908586306
"gene-LOC134725854|LOC134725854",30.3737855063324,-0.0103756071745162,0.112983846649313,0.813810606345873,0.960540209759534
"gene-LOC134725858|LOC134725858",21.304822440772,0.0325723215416339,0.110679001469154,0.544863918865267,0.881862199203629
"gene-LOC134725859|LOC134725859",6.95527397855387,0.0132815973373361,0.122412673867441,0.385487214813259,0.821366700441867
"gene-LOC134725867|LOC134725867",76.5564921936599,0.0602151702636605,0.114442004392957,0.324226370671564,0.795051568786952
"gene-LOC134725869|LOC134725869",27.2164937440786,0.00838880275184974,0.11710892192373,0.811705024432274,0.960505277793567
"gene-LOC134725870|LOC134725870",85.5112908708655,0.00875857285728403,0.0881199865267135,0.886596026902908,0.977383609163761
"gene-LOC134725872|LOC134725872",13.6015254445315,-0.0419494488920313,0.126128551290381,0.259689614388214,0.740423634536249
"gene-LOC134725873|LOC134725873",39.6260431774448,-0.269391771165567,0.173457570639699,0.0108384017756261,0.239160242072174
"gene-LOC134725874|LOC134725874",13.5743665080326,0.0601377767982066,0.140397694014912,0.0569754854005537,0.483310521148065
"gene-LOC134725875|LOC134725875",19.9692565980902,-0.00475227544138724,0.121296248531452,0.767455104078153,0.953337538960771
"gene-LOC134725876|LOC134725876",26.047454715878,-0.451923207595214,0.299698307325924,0.00492274914763771,0.170097116309965
"gene-LOC134725878|LOC134725878",76.6444723168827,-0.104159821658688,0.167895036732567,0.0699872744021476,0.515108081148819
"gene-LOC134725881|LOC134725881",16.1622208325166,0.00534787283838816,0.114174537646933,0.898163779143502,0.98065001678538
"gene-LOC134725888|LOC134725888",110.033371731971,-0.203585932348714,0.114016544349753,0.0135394782483707,0.258438170690878
"gene-LOC134725891|LOC134725891",79.1638136450517,0.0239377996267443,0.0974852021027205,0.694076517933926,0.929296223627318
"gene-LOC134725894|LOC134725894",27.0965077730536,0.0294281128230967,0.124753552691946,0.246490014223461,0.727616758580803
"gene-LOC134725897|LOC134725897",8.22615660557865,0.0100164844664977,0.121230311010364,0.616085132175126,0.907030839541914
"gene-LOC134725898|LOC134725898",103.382385208181,0.146877280457193,0.105256293438335,0.0492794942999289,0.459594187810919
"gene-LOC134725899|LOC134725899",29.0156685252933,0.0555641112285339,0.114739773658931,0.347565921528774,0.808872351486489
"gene-LOC134725900|LOC134725900",24.6015679960309,0.0695499984627366,0.132106802088216,0.200291916046522,0.680353613556914
"gene-LOC134725902|LOC134725902",4.87168440710909,-0.00937457617543127,0.122232469010621,0.43917137592587,NA
"gene-LOC134725903|LOC134725903",39.8396331206461,0.0914472290075272,0.137433233638405,0.154525769133159,0.640559180278199
"gene-LOC134725904|LOC134725904",2707.00843862284,0.0246801556081798,0.114054983578785,0.586618104916484,0.900611518597693
"gene-LOC134725905|LOC134725905",238.165346835756,0.0559453661200466,0.118639918534053,0.325455712669564,0.795051568786952
"gene-LOC134725906|LOC134725906",1024.03371695739,0.0868366096769853,0.140667495605459,0.131926349809324,0.620317785725725
"gene-LOC134725909|LOC134725909",135.960129287353,0.0492110081586177,0.0891259021107932,0.437498079390157,0.837229360357006
"gene-LOC134725910|LOC134725910",38.4627590588096,-0.0383093137536552,0.109923713722879,0.496873697676513,0.863604931815246
"gene-LOC134725911|LOC134725911",63.3855850413423,0.0315082484323892,0.0939134644955302,0.611854223908091,0.905840017185814
"gene-LOC134725913|LOC134725913",8.46871367783047,0.0103224893110617,0.119308202545981,0.72073751753652,0.937715893503337
"gene-LOC134725915|LOC134725915",20.3181802538539,-0.0652291339377951,0.138798381514703,0.124453762808618,0.610633401063977
"gene-LOC134725924|LOC134725924",120.507375956321,0.132612938451705,0.161087305058112,0.0786350074835569,0.533059744882473
"gene-LOC134725927|LOC134725927",18.9270751607124,0.238086788673576,0.443762454829476,0.0162007431991017,0.279556142437955
"gene-LOC134725928|LOC134725928",33.922785779673,-0.0878556551069172,0.15635384813488,0.075070348646193,0.525634447395876
"gene-LOC134725931|LOC134725931",50.4983652455136,0.0635636554945493,0.116453048820222,0.300595714076211,0.777603213373659
"gene-LOC134725932|LOC134725932",106.967565175068,0.15331941329173,0.11765733387125,0.0505999068621002,0.462303556848467
"gene-LOC134725934|LOC134725934",27.1993293894376,-0.0605195622356477,0.130983409548152,0.207540971633978,0.689633681814358
"gene-LOC134725935|LOC134725935",484.492057281519,0.000732636645472008,0.0948959735619685,0.996750934827928,0.999314428524776
"gene-LOC134725937|LOC134725937",105.587489313883,-0.0126031277649049,0.103868997148319,0.829272771505524,0.964892896096873
"gene-LOC134725938|LOC134725938",17.8715055493063,-0.019362517896312,0.122426768843762,0.384875828916448,0.821366700441867
"gene-LOC134725942|LOC134725942",16.1824480807722,-0.0185145842243159,0.10992623907016,0.712674950500804,0.934586259228345
"gene-LOC134725949|LOC134725949",887.355739843266,-0.0191376883912551,0.0936052311888929,0.749280549571865,0.948815960168088
"gene-LOC134725951|LOC134725951",17.4547364671969,-0.0120671854480545,0.118144172739148,0.714624152851722,0.935469372610828
"gene-LOC134725955|LOC134725955",21.511409568197,-0.0562624422141795,0.121777549690335,0.301644564497941,0.777898121048582
"gene-LOC134725956|LOC134725956",221.759480115216,0.133813261709606,0.0850916871490547,0.0448571671528014,0.438652587517252
"gene-LOC134725959|LOC134725959",172.454101914572,-0.0215821989773219,0.0945024520450104,0.717636234282521,0.936629096992296
"gene-LOC134725961|LOC134725961",18.5459359215918,0.0465109616529688,0.118281776856138,0.374445058381593,0.820038855990219
"gene-LOC134725962|LOC134725962",24.3044857253438,0.0185095725703917,0.109974856995118,0.712518356842157,0.934586259228345
"gene-LOC134725964|LOC134725964",13.6069401585898,-0.0673714319776739,0.144051823079263,0.0676506003950807,0.505734306103476
"gene-LOC134725965|LOC134725965",13.5452472963731,-0.0253633676226801,0.118533472377485,0.518764826377343,0.872022093906266
"gene-LOC134725966|LOC134725966",466.744150646587,-0.00118856943052233,0.094118762646193,0.978598355856908,0.995479908586306
"gene-LOC134725967|LOC134725967",8.18543398966449,0.0145146525594172,0.11735807880391,0.69901674105276,0.930489934899417
"gene-LOC134725968|LOC134725968",13.9517233500449,0.0704048033119526,0.148745166167791,0.035610387350038,0.397849663423626
"gene-LOC134725975|LOC134725975",20.0350319392683,0.365108251528436,0.233903153126006,0.0061740971970498,0.183196902316653
"gene-LOC134725978|LOC134725978",10.5085090044572,0.0310651249054379,0.124183540273214,0.293855290973131,0.772631316913971
"gene-LOC134725980|LOC134725980",11.970163819621,-0.028009888674541,0.114216298902257,0.560751641238274,0.889626780838873
"gene-LOC134725981|LOC134725981",52.619314987535,0.00177116372123863,0.104196762246751,0.97507845442136,0.995479908586306
"gene-LOC134725982|LOC134725982",47.5944303084532,0.111925601649357,0.136264928425385,0.119974662526104,0.608970421657898
"gene-LOC134725983|LOC134725983",11.602676251559,-0.00423762731617663,0.120929058664377,0.818162863777083,0.962092576666134
"gene-LOC134725988|LOC134725988",30.0215956864682,0.123331437277881,0.154151800307363,0.0912632264618639,0.565056999508797
"gene-LOC134725998|LOC134725998",12.0043871744435,0.00354590033522476,0.119616282136992,0.889704389305339,0.978177856383876
"gene-LOC134726002|LOC134726002",18.488752412081,0.0533488142605033,0.122237325551068,0.307904965377597,0.783258175058011
"gene-LOC134726005|LOC134726005",160.964145970157,-0.144542050556972,0.140274867325909,0.0692277195964715,0.514331738152753
"gene-LOC134726008|LOC134726008",10.4969985842557,-0.00331669748906448,0.120508671813897,0.871773428716653,0.976875742322778
"gene-LOC134726022|LOC134726022",7.21694184296759,-0.0117600990009891,0.121964010824409,0.481291830517506,0.856650928585217
"gene-LOC134726025|LOC134726025",429.576449521129,-0.0637973478879904,0.130892732564856,0.211913552507243,0.696978741645473
"gene-LOC134726026|LOC134726026",46.4540659327104,-0.125758263242564,0.151402239329759,0.09055502558786,0.564164661807992
"gene-LOC134726027|LOC134726027",13.1555505022568,-0.0308062944271097,0.12154893438121,0.401799782365446,0.827255071865873
"gene-LOC134726028|LOC134726028",33.8297617523465,-0.0147398864365656,0.099061067493305,0.801385136257027,0.958777657383338
"gene-LOC134726033|LOC134726033",10.0096055365561,-0.0678148701837859,0.146305408251152,0.0410517053198241,0.422591508767551
"gene-LOC134726038|LOC134726038",24.4864093042994,0.0153740925330179,0.120949888369801,0.544005803781981,0.881488932144622
"gene-LOC134726039|LOC134726039",8.73250148641371,0.0360904934747917,0.11721758033347,0.452216578945944,0.844734225721323
"gene-LOC134726040|LOC134726040",59.6072596760818,-0.0143053593256966,0.0955293223459171,0.810954133054897,0.960505277793567
"gene-LOC134726041|LOC134726041",19.2157632747206,0.00895135483439125,0.116878921597224,0.803647793436714,0.959584432980747
"gene-LOC134726042|LOC134726042",61.6430528807936,0.0328094322514945,0.0839083486284471,0.595407703982241,0.903181749062791
"gene-LOC134726043|LOC134726043",64.6210863563429,0.00285390203952023,0.0849938154564351,0.963314653679833,0.992149053191037
"gene-LOC134726044|LOC134726044",26.0195593141904,-0.490579677674898,0.295949598395219,0.00365744726210054,0.156517843119262
"gene-LOC134726048|LOC134726048",57.670823802617,-0.0402129571133686,0.0940188833835459,0.517582715307901,0.871913232704342
"gene-LOC134726049|LOC134726049",15.7458574965181,0.0552158410597309,0.131136881014352,0.19483605017659,0.672225346782597
"gene-LOC134726051|LOC134726051",12.7790938504201,0.026071464272638,0.117077110113809,0.542966676229295,0.880825086926021
"gene-LOC134726052|LOC134726052",49.0535906196495,-0.0733900054234448,0.125576501600829,0.227407440323557,0.712277005680937
"gene-LOC134726074|LOC134726074",12.0991734809191,0.022569169899447,0.125063519384942,0.290376878034227,0.771139824127934
"gene-LOC134726092|LOC134726092",15.6090510809826,0.0101353009377161,0.116918468532458,0.779345114036146,0.955272826382029
"gene-LOC134726098|LOC134726098",400.877954924614,-0.00888236039525257,0.121140699943038,0.646186212624468,0.917652789229363
"gene-LOC134726108|LOC134726108",28.2426083295746,0.00205946512663207,0.118065225020077,0.948656546513808,0.990448749036931
"gene-LOC134726119|LOC134726119",30.6839550106215,-0.0568445700401412,0.113097448980595,0.347479122391966,0.808872351486489
"gene-LOC134726133|LOC134726133",221.703237176482,-0.15098949362127,0.143959443749296,0.0620766225442816,0.492353687530901
"gene-LOC134726198|LOC134726198",7.16446373022654,0.00306492526773247,0.115785364543351,0.935569468462396,0.986824046819264
"gene-LOC134726209|LOC134726209",49.5116061617655,0.125975589246781,0.182605354896605,0.0625221467274519,0.492353687530901
"gene-LOC134726230|LOC134726230",112.705487145677,-0.0304370439067472,0.124769084760494,0.2538502457333,0.731768238621088
"gene-LOC134726292|LOC134726292",10.8093340610819,-0.00460919851753787,0.120886392411701,0.806780467265988,0.960505277793567
"gene-LOC134726293|LOC134726293",18.0249862385754,-0.0507028372663752,0.128847313325973,0.221858762664884,0.707322381267482
"gene-LOC134726295|LOC134726295",13.9635677209097,0.0183706419557476,0.117294528412865,0.632086819400027,0.912460614354241
"gene-LOC134726315|LOC134726315",39.7359430262669,-0.0435254104833853,0.110148681638962,0.449035499925859,0.843025033578531
"gene-LOC134726332|LOC134726332",40.9843439140324,-0.587290285809322,0.286322404259564,0.0015404047608042,0.0880617652951347
"gene-LOC134726342",20.35551880186,-0.0358991883856954,0.125644131824449,0.248624469816846,0.728288152552403
"gene-LOC134726344|LOC134726344",8.00537138133985,-0.00971105257857847,0.121377083551678,0.605614093967561,0.904736475109328
"gene-LOC134726369|LOC134726369",186.822003319633,-0.0298375197851724,0.124093807110445,0.290484062084189,0.771139824127934
"gene-LOC134726382|LOC134726382",33.6730731180807,0.00777054568647192,0.115764548718638,0.83959280325047,0.965558865799071
"gene-LOC134726423|LOC134726423",18.2668636758087,0.0116076875297592,0.120547329860348,0.63480425837836,0.912781429371793
"gene-LOC134726436|LOC134726436",34.7354123805889,0.0135121950184611,0.116892290418672,0.717324439774146,0.936385345907021
"gene-LOC134726487|LOC134726487",20.5088712183563,-0.00854209886353316,0.114169677442211,0.836610486058038,0.965558865799071
"gene-LOC134726508|LOC134726508",30.3014386493745,-0.0359868033230656,0.116451209384796,0.461576301615646,0.848659322959597
"gene-LOC134726510|LOC134726510",92.4878442442979,0.0552690784839693,0.103772587223163,0.383631217123785,0.821366700441867
"gene-LOC134726515|LOC134726515",7.2880626404197,-0.00540502596525756,0.12138438156554,0.735030629058562,0.94365053159059
"gene-LOC134726516|LOC134726516",64.5814812558307,0.155179292543018,0.213105389569296,0.0443564670973263,0.43651193441771
"gene-LOC134726530|LOC134726530",33.643873531052,-0.0224356084776621,0.117695053618502,0.569124004843866,0.891872329910229
"gene-LOC134726546|LOC134726546",51.907639011373,-0.156085415599301,0.159018702682398,0.0579716256559456,0.483310521148065
"gene-LOC134726554|LOC134726554",17.1559434551484,0.00541717380832562,0.112741023770386,0.902803332939174,0.980985831394684
"gene-LOC134726589|LOC134726589",9.06388175857868,-0.0119723735770125,0.120660253639113,0.617837340520125,0.907747426106231
"gene-LOC134726590|LOC134726590",49.3795451137149,0.0746605265754292,0.138677261128694,0.154759187847115,0.640559180278199
"gene-LOC134726597|LOC134726597",12.5765783623905,0.0047565267485443,0.116499088925691,0.895229509286979,0.979928513327605
"gene-LOC134726621|LOC134726621",42.0925205457146,-0.0521901810239276,0.125065549258326,0.280879296119264,0.762459166226361
"gene-LOC134726622|LOC134726622",566.296399987905,0.120589602432816,0.0843879160148215,0.0670167065277113,0.503085131759915
"gene-LOC134726625|LOC134726625",12.2571744090119,-0.00230930246658435,0.120828929289036,0.900003669369172,0.98065001678538
"gene-LOC134726646|LOC134726646",30.5083711341212,0.0179290199541399,0.11725527673474,0.638861205408131,0.914809132082223
"gene-LOC134726680|LOC134726680",14.0972218477211,0.0192458871409742,0.122572580862831,0.372428074838204,0.820038855990219
"gene-LOC134726688|LOC134726688",43.8700076779911,0.0228369538814944,0.11117240415207,0.648426868333972,0.918046712290982
"gene-LOC134726692|LOC134726692",106.728874022207,0.274890155618937,0.133712454341965,0.00434047112434903,0.168306955134461
"gene-LOC134726697|LOC134726697",33.1814732127851,0.644600283339566,0.268565753947969,0.000655003392493647,0.0570386093765688
"gene-LOC134726737|LOC134726737",7.78997373470708,0.000921486615897983,0.117167434923697,0.979178706291588,0.995569972169796
"gene-LOC134726750|LOC134726750",12.0254827777646,-0.0143677657557157,0.122686862399446,0.322475853921211,0.79414295941802
"gene-LOC134726754|LOC134726754",17.7551132159786,-0.0141668232565398,0.122226724156484,0.418158507978196,0.833797715244198
"gene-LOC134726756|LOC134726756",10.3187650960692,-0.0424843075627172,0.127446532705182,0.221232348262521,0.707264061779253
"gene-LOC134726773|LOC134726773",1209.38103917954,-0.0375082403484826,0.12135530548933,0.375577183749336,0.820038855990219
"gene-LOC134726811|LOC134726811",17.1613005903727,0.0839470143798965,0.158022115152881,0.0479670994432768,0.454917411390098
"gene-LOC134726816|LOC134726816",4.88178124861672,0.00836124528693405,0.122253685370286,0.439985158169144,NA
"gene-LOC134726839|LOC134726839",23.1391510428091,0.00312201593707269,0.115771913958062,0.934917040263077,0.986824046819264
"gene-LOC134726844|LOC134726844",26.2174681078833,-0.00736560369845309,0.120997669327843,0.307814900605184,0.783258175058011
"gene-LOC134726863|LOC134726863",10.9130221186058,-0.0108602873120347,0.121160149183026,0.60090031383821,0.904066623728823
"gene-LOC134726866|LOC134726866",19.7444215724656,0.0457909795712382,0.127610637853562,0.234090678675984,0.716057146239723
"gene-LOC134726902|LOC134726902",12.2537763872344,-0.0705701587847533,0.140443477501777,0.129430211823611,0.617390354361159
"gene-LOC134726918|LOC134726918",11.9797125135111,-0.0545130300632041,0.123382750067311,0.293680761589185,0.772631316913971
"gene-LOC134726966|LOC134726966",226.718362509665,-0.047420325474503,0.133166847897109,0.072967139127213,0.523815848745917
"gene-LOC134726996|LOC134726996",7.0553810098358,-0.0171154416166078,0.122062326685787,0.427323414937167,0.835542057474881
"gene-LOC134727008|LOC134727008",11.8737380053909,-0.0195476776907723,0.122435410992663,0.383656147637567,0.821366700441867
"gene-LOC134727011|LOC134727011",31.6351497220914,-0.0565036116854424,0.140458712333572,0.0141914456853985,0.263568335535582
"gene-LOC134727016|LOC134727016",137.695715268743,0.0126718500053537,0.122184081465242,0.438588152165631,0.837691066454582
"gene-LOC134727048|LOC134727048",48.7792717073719,0.0391015609048613,0.126723967281942,0.225684474100066,0.711043763792762
"gene-LOC134727052|LOC134727052",29.1203284597257,-0.0748119300393697,0.121603993086822,0.236646686624045,0.7177995286057
"gene-LOC134727056|LOC134727056",49.6792090605225,-0.00685098235611722,0.121604945568197,0.650105438848665,0.918046712290982
"gene-LOC134727118|LOC134727118",57.3509665409033,-0.0196640925097788,0.123995596332018,0.13484312092978,0.623671444980021
"gene-LOC134727134|LOC134727134",32.7356074581089,-0.0230005826124168,0.113440138947709,0.625850399745358,0.910590279867861
"gene-LOC134727140|LOC134727140",6.09449523741852,-0.00132573146813192,0.120764623031309,0.942974401621869,NA
"gene-LOC134727141|LOC134727141",9.29803299650205,-0.012750894624393,0.119104179103161,0.675457214652946,0.92387619829345
"gene-LOC134727182|LOC134727182",12.0297103906251,0.0151703650841789,0.122449012632014,0.383206891588685,0.821366700441867
"gene-LOC134727189|LOC134727189",43.530952672458,0.0277500477645761,0.111915918390772,0.587155332947491,0.900771758870919
"gene-LOC134727205|LOC134727205",23.1406250102535,0.078456900717103,0.147286675005168,0.100115923242772,0.579631212729381
"gene-LOC134727219|LOC134727219",15.6915923413763,0.0606275700581548,0.120967838258251,0.290894896364977,0.771139824127934
"gene-LOC134727231|LOC134727231",13.2685217195157,0.174191849802688,0.299850079381886,0.0216069177065691,0.315650695966485
"gene-LOC134727246|LOC134727246",225.392790978796,0.0400692987798821,0.114795314465221,0.439555534246875,0.838254072769177
"gene-LOC134727248|LOC134727248",14.0877591205204,0.0198373591037042,0.120130341759559,0.530655587829654,0.876596793458922
"gene-LOC134727280|LOC134727280",173.66766740312,0.0767198723537632,0.134989006941638,0.178225999146546,0.655260611093991
"gene-LOC134727295|LOC134727295",3685.54191731867,-0.0628443878504148,0.137135022580716,0.13075770715656,0.61938296577829
"gene-LOC134727306|LOC134727306",332.611253061584,-0.103942774431808,0.122535487893797,0.143755107477406,0.629948507839845
"gene-LOC134727307|LOC134727307",301.862408075915,-0.0983551337802491,0.117172878804804,0.157321731596036,0.641040525737625
"gene-LOC134727308|LOC134727308",222.645720383151,-0.0821832585692925,0.134012240459107,0.174240372431564,0.653423209384069
"gene-LOC134727324|LOC134727324",29.1305535578005,-0.0116973693553386,0.111670745690736,0.800749014851841,0.958777657383338
"gene-LOC134727360|LOC134727360",11.9539458904844,0.0112231350720815,0.11165069933846,0.811409257797312,0.960505277793567
"gene-LOC134727401|LOC134727401",9.12004370993028,0.0341391308060132,0.116844333448978,0.472996686218307,0.854081344947249
"gene-LOC134727408|LOC134727408",165.004317214082,0.00383641897474906,0.121429787653612,0.8055605087528,0.960394927165737
"gene-LOC134727424|LOC134727424",10.8172686794123,0.0118402219362572,0.119179248884204,0.692181359057654,0.928659710889146
"gene-LOC134727425|LOC134727425",9.57509656734735,0.0599542544736983,0.131203559647951,0.203115626992179,0.6839779604257
"gene-LOC134727448|LOC134727448",290.23523185461,-0.000891358143280911,0.120715316091077,0.957933152466906,0.990589731896691
"gene-LOC134727456|LOC134727456",6.73963484531324,-0.00166062748772448,0.121833970927721,0.873421085312676,0.977383609163761
"gene-LOC134727461|LOC134727461",22.2616124738249,-0.012359502916826,0.118571315230036,0.698226527082117,0.930226031933736
"gene-LOC134727479|LOC134727479",24.2102216310578,0.0301959999274141,0.112583205785154,0.556226887925684,0.888184043427601
"gene-LOC134727484|LOC134727484",11.6793253698559,-0.0121519321911804,0.111909436555645,0.792661416817986,0.956995220143462
"gene-LOC134727494|LOC134727494",64.845938954741,-0.0328481054557288,0.101369078162117,0.57830933530334,0.895787070928018
"gene-LOC134727534|LOC134727534",290.709992532825,-0.0335650435135906,0.12823454079332,0.0407849934544307,0.422460326390362
"gene-LOC134727594|LOC134727594",31.1005128754878,0.0137099819890262,0.0998555970560774,0.814526077434689,0.960728032217451
"gene-LOC134727603|LOC134727603",13.8728494067335,0.0208863509722963,0.113848540170185,0.648934451052368,0.918046712290982
"gene-LOC134727611|LOC134727611",17.457799336369,0.269262565774467,0.306339439620886,0.0176986144656137,0.291949171218019
"gene-LOC134727618|LOC134727618",74.6468631442394,-0.06735539194981,0.129634577913687,0.217929526013812,0.705304330301399
"gene-LOC134727640|LOC134727640",32.1887724995095,0.0621420167984263,0.119325634443264,0.294950864068775,0.773306857967351
"gene-LOC134727662|LOC134727662",75.2983719350469,-0.0360327167218971,0.0921535610209123,0.56332999088325,0.889818923835977
"gene-LOC134727680|LOC134727680",11.3225142036512,-0.0107159277630621,0.112564996669197,0.811089512061747,0.960505277793567
"gene-LOC134727718|LOC134727718",34.6022840778474,0.0149154201897554,0.105275438199715,0.786226772241666,0.956333327702894
"gene-LOC134727813|LOC134727813",17.669065192595,-0.0080821288245262,0.121981694644603,0.535437209598186,0.877437475422498
"gene-LOC134727817|LOC134727817",7.5106124455421,-0.00878891034983108,0.12035698219183,0.709189500805931,0.933953954014707
"gene-LOC134727819|LOC134727819",77.9927087400406,-0.0199258295755301,0.123528218295847,0.239820196258598,0.72032371267643
"gene-LOC134727826|LOC134727826",61.343523754295,0.111936233702669,0.178211653520943,0.0575799089645866,0.483310521148065
"gene-LOC134727885|LOC134727885",3997.89897606892,0.0381040373917022,0.114645701756058,0.396672721559353,0.826798590532922
"gene-LOC134727893|LOC134727893",15.3314696869331,0.0364723789975684,0.121233555618144,0.385252834657471,0.821366700441867
"gene-LOC134727934|LOC134727934",30.8630594157015,-0.213027354358929,0.252244917420965,0.0270643414180259,0.347063104245884
"gene-LOC134727976|LOC134727976",14.1723635258298,0.0079512250303867,0.119601206126727,0.765261846861505,0.952159157857752
"gene-LOC134727986|LOC134727986",114.525654152146,0.119296584657828,0.0872327683796727,0.0751006621329399,0.525634447395876
"gene-LOC134728051|LOC134728051",13.6444427354151,-0.00570097846439203,0.117830408483479,0.857832020186414,0.972789824224114
"gene-LOC134728058|LOC134728058",11.8194851766534,0.0422294031249087,0.128608606308654,0.179850090801669,0.658249050852827
"gene-LOC134728080|LOC134728080",9.73748558841734,0.0256478268895001,0.124615296489556,0.203739803856384,0.684525523140627
"gene-LOC134728086|LOC134728086",80.9125648377318,0.182436058667101,0.106035295542287,0.0192399034886864,0.302308398753364
"gene-LOC134728087|LOC134728087",21.4161778028273,0.0046592369836593,0.102897668269883,0.936757163023636,0.986824046819264
"gene-LOC134728091|LOC134728091",9.16924128338325,0.00909946151167428,0.118709307709898,0.765412108735161,0.952187920650768
"gene-LOC134728103|LOC134728103",8.47701592681438,-0.041382370813012,0.130246521256073,0.091938459191054,0.566334196927425
"gene-LOC134728104|LOC134728104",8.33960109762756,0.0484569650161872,0.130203212403164,0.179043643992541,0.656639495524065
"gene-LOC134728106|LOC134728106",11.0047131392569,0.0768642260824296,0.15151365500076,0.0561028936726781,0.483310521148065
"gene-LOC134728128|LOC134728128",32.1805087841941,-0.0255297326003711,0.113058481977842,0.600447788813501,0.904066623728823
"gene-LOC134728129|LOC134728129",68.5454722101766,0.0289625570498741,0.117133304934868,0.512715237018247,0.871527350897159
"gene-LOC134728130|LOC134728130",193.570526233729,-0.125479340586775,0.182311106289697,0.061468881890725,0.490768077270405
"gene-LOC134728134|LOC134728134",139.88119038823,0.108420899149294,0.136976207991639,0.12551663549236,0.612373995571523
"gene-LOC134728137|LOC134728137",119.976789471296,-0.0225984807655262,0.104781095915944,0.643641985119306,0.915960601465356
"gene-LOC134728138|LOC134728138",82.4635323171898,0.13094226005425,0.127474790469684,0.0871499569054904,0.556013014990743
"gene-LOC134728139|LOC134728139",11.4792017810533,0.0844384426531762,0.149814418846325,0.101701917066048,0.579631212729381
"gene-LOC134728140|LOC134728140",11.2101250720171,0.00143518946710494,0.119729727473998,0.954881923722311,0.990589731896691
"gene-LOC134728141|LOC134728141",8.10226000385922,0.0014500936228364,0.116929699931241,0.967451441067642,0.992550187342434
"gene-LOC134728143|LOC134728143",6.10301617913484,0.011120874273801,0.12123302498743,0.591134960448804,NA
"gene-LOC134728147|LOC134728147",29.0666338753497,0.00944508049223238,0.113361425557199,0.835808700696777,0.965558865799071
"gene-LOC134728151|LOC134728151",18.3606056901337,-0.0348569904560473,0.111234416640455,0.519317948237718,0.872022093906266
"gene-LOC134728153|LOC134728153",28.722663159656,-0.00394755395814562,0.101666832752528,0.944105565435978,0.989038858725755
"gene-LOC134728156|LOC134728156",36.5581432512068,0.182285749629291,0.148858279214835,0.0365888031311459,0.404062076120003
"gene-LOC134728161|LOC134728161",11.7012357181584,-0.016846150130091,0.122935600286936,0.299068592014278,0.776334379755606
"gene-LOC134728164|LOC134728164",28.4001376295283,-0.00570065944597543,0.119277399678689,0.83116266891363,0.965200376414044
"gene-LOC134728169|LOC134728169",34.7192987799269,0.0271943220044406,0.120165029884573,0.462652106846691,0.848659322959597
"gene-LOC134728170|LOC134728170",30.3488462205449,0.0408474228283116,0.127428730136236,0.212481007234409,0.69700843766031
"gene-LOC134728171|LOC134728171",54.8198636114869,-0.100444295792041,0.155496669026353,0.100800727797058,0.579631212729381
"gene-LOC134728177|LOC134728177",8.35858743445537,-0.00735658095039859,0.118764720275079,0.801984509347116,0.958777657383338
"gene-LOC134728179|LOC134728179",54.8383256212112,0.0296372149660851,0.104247675399291,0.61049358626135,0.905829590890778
"gene-LOC134728187|LOC134728187",9.67932017401223,-0.0214596703191674,0.119894262847711,0.519563507780427,0.87205858002813
"gene-LOC134728189|LOC134728189",19.2982613966731,0.0194611546080257,0.107263250234083,0.717120491034648,0.936282314741715
"gene-LOC134728195|LOC134728195",7.21172999733493,-0.00360830028935337,0.119575365283152,0.885689320448286,0.977383609163761
"gene-LOC134728198|LOC134728198",242.287269636818,0.0266676390191988,0.120146824229972,0.468086949333152,0.849782100562608
"gene-LOC134728203|LOC134728203",92.6857588228274,0.922914865736519,0.194841152550584,1.08301702053441e-07,0.000115867349525459
"gene-LOC134728209|LOC134728209",36.6105283604599,0.0323200233775832,0.114201028531388,0.517227831119336,0.871913232704342
"gene-LOC134728211|LOC134728211",23.5412656921926,0.121423840293132,0.157754413674485,0.090424554584233,0.564164661807992
"gene-LOC134728213|LOC134728213",22.1339955599974,0.0399985343772269,0.12403840647691,0.313546331168884,0.78693314819391
"gene-LOC134728214|LOC134728214",229.647154457754,0.0553018235689405,0.0890078603731566,0.398179723539327,0.827255071865873
"gene-LOC134728216|LOC134728216",22.9201298928179,-0.0375077701593533,0.125202556592836,0.272629959336542,0.753371167693787
"gene-LOC134728218|LOC134728218",13.0813705279401,-0.0757210896164812,0.133246505272042,0.188631821247254,0.666036638057843
"gene-LOC134728220|LOC134728220",14.7119315533767,0.0501633170123598,0.119765241754619,0.34436186846879,0.806318077147199
"gene-LOC134728229|LOC134728229",16.7596688441718,0.00334590792767658,0.12021341290003,0.883193184790286,0.977383609163761
"gene-LOC134728235|LOC134728235",11.2850662121192,-0.041730705749648,0.129421089039866,0.13764374408427,0.624139845752057
"gene-LOC134728237|LOC134728237",9.57929603459612,-0.013578221457926,0.121513299188372,0.518790137942051,0.872022093906266
"gene-LOC134728247|LOC134728247",48.9598633358937,0.132569870145577,0.157761770111289,0.0829817796808631,0.54227796512215
"gene-LOC134728254|LOC134728254",31.7620741690393,0.159071204275895,0.183751432536355,0.0532682328855249,0.468978169948485
"gene-LOC134728256|LOC134728256",579.810182201892,-0.111940884734135,0.152248660183148,0.108869405538598,0.591192170056114
"gene-LOC134728257|LOC134728257",55.5131750205314,0.142419442911804,0.186331371170313,0.0584095450678456,0.483310521148065
"gene-LOC134728262|LOC134728262",11.8867763145024,-0.00633731779320415,0.117890207212571,0.842382056205822,0.966538872211644
"gene-LOC134728265|LOC134728265",49.7228251940097,-0.0116383064496988,0.108714599313673,0.814412037175654,0.960728032217451
"gene-LOC134728267|LOC134728267",12.3011799035255,-0.0965874422249015,0.179994068523252,0.00967989213809823,0.22513264665285
"gene-LOC134728268|LOC134728268",7.38268019271688,-0.0253938880379554,0.121229405962736,0.436585601755368,0.837018012862708
"gene-LOC134728274|LOC134728274",13.7208806509781,0.0167231317727716,0.117564803820408,0.650740703513292,0.918046712290982
"gene-LOC134728276|LOC134728276",30.0660154413202,-0.0816170141053977,0.155443779564822,0.0528161098989452,0.468094493530415
"gene-LOC134728279|LOC134728279",48.2013335723642,-0.0044844549000358,0.121921833481539,0.676345851879738,0.92387619829345
"gene-LOC134728281|LOC134728281",242.797117077923,0.0902199275549416,0.103121128804723,0.190054325452271,0.666686889874754
"gene-LOC134728292|LOC134728292",130.160754891515,0.120912102115033,0.164418951292627,0.0835590483782254,0.544624641692367
"gene-LOC134728293|LOC134728293",10.3275025401459,-0.0520828787577115,0.126614034014518,0.257853325915584,0.738456427450021
"gene-LOC134728296|LOC134728296",7.67217019854766,0.00441605191609047,0.119104767635474,0.87338280588604,0.977383609163761
"gene-LOC134728298|LOC134728298",78.9958929425127,-0.0739676156658211,0.107185847781115,0.264625170551851,0.74558988046005
"gene-LOC134728316|LOC134728316",32.69786212616,0.126173647651855,0.18299265009828,0.062398586961449,0.492353687530901
"gene-LOC134728322|LOC134728322",11.0442622762419,0.0420741566506335,0.118557927683762,0.396334491343965,0.826798590532922
"gene-LOC134728327|LOC134728327",11.6160077782689,0.0358466697606138,0.125635597739737,0.250372884819334,0.728910951453647
"gene-LOC134728338|LOC134728338",13.535453401803,0.025230616782222,0.124644176372078,0.19091134858233,0.666838093415225
"gene-LOC134728339|LOC134728339",29.2552920372043,0.179225085557074,0.254857917987453,0.0315484857328683,0.374021207951703
"gene-LOC134728340|LOC134728340",12.9011455585762,0.0328649828440642,0.122193425999357,0.373560306519894,0.820038855990219
"gene-LOC134728344|LOC134728344",56.8973875587479,0.00502175055953359,0.105743847187972,0.925948498260508,0.985177432859168
"gene-LOC134728347|LOC134728347",39.0969920269043,-0.0866685112776935,0.146531277762775,0.123749944533189,0.610633401063977
"gene-LOC134728352|LOC134728352",103.575545129426,0.0746113644506132,0.0817440006446285,0.238860707152259,0.72032371267643
"gene-LOC134728357|LOC134728357",11.0618933965799,0.011604178075122,0.121540174214476,0.55001408429349,0.884107206970154
