"gene","baseMean","log2FoldChange","lfcSE","pvalue","padj"
"STRG.10192|LOC134694016",14.0414497689405,-0.0422648165630823,0.1484338562754,0.496525450944002,0.806167645986122
"STRG.10953|LOC134697817",30.8798664277211,-0.75957402049979,0.200471318295143,9.2370780233455e-06,0.00196133956695703
"STRG.11120|LOC134697233",45.698207820796,-0.0812537402460043,0.17038985273438,0.221230178983961,0.574651686032046
"STRG.11668|LOC134701764",114.769983596898,0.148822092208032,0.115054454351385,0.0857273296499306,0.354829817979245
"STRG.11669|LOC134701762",72.1983114016496,-0.0115174531901982,0.133158139071873,0.872213316682603,0.966991510133865
"STRG.11671|LOC134701767",117.541577114628,0.207216964773282,0.120876432508175,0.0252901471754791,0.17781675015316
"STRG.11672|LOC134701768",55.2772107857535,0.0750304182972618,0.12606044450446,0.365964734707226,0.714433147436418
"STRG.11721|LOC134702039",303.059648888647,-0.0753435111641516,0.144076036782657,0.340191834138788,0.696618305370093
"STRG.11747|LOC134702182",15.0801323026376,0.0310650818399381,0.126060226713741,0.688285850113936,0.906613082139324
"STRG.11749|LOC134702185",126.775913692832,0.184087626256085,0.117132242694057,0.0392989082662224,0.230722622724273
"STRG.11797|LOC134702606",30.8439503240651,0.132831203067965,0.138008344189467,0.143658144733221,0.467843753553484
"STRG.11802|LOC134702608",113.717004739716,0.164389134929058,0.11271189424975,0.0582518637317011,0.286757629034727
"STRG.11813|LOC134702623",157.617085915638,-0.348901732050186,0.188893699793692,0.00651428200694821,0.0799537117230445
"STRG.11836|LOC134702632",33.2316890146879,0.0324523982680838,0.112234917960119,0.680400883074875,0.904644881065947
"STRG.11837|LOC134702631",67.0983192292355,0.123504807324334,0.128587487568218,0.162692362960819,0.49752777343275
"STRG.11844|LOC134702689",126.914295826117,0.173304214849865,0.119199477130937,0.0531688348969269,0.273553171482605
"STRG.11849|LOC134702697",68.915654037691,-0.0164258698469035,0.131687739085879,0.820846687576251,0.947588510304588
"STRG.11850|LOC134702698",138.523172569085,0.161549020838878,0.114818833639329,0.0638289737780975,0.300370213791624
"STRG.11853|LOC134702702",32.0288633734775,0.111167640849715,0.125270283686241,0.200430121665601,0.546315735990534
"STRG.11868|LOC134702742",242.404693653254,-0.131808444456066,0.152535100201996,0.148308911851457,0.474132029877784
"STRG.11876|LOC134702750",33.0768189327212,0.0195308947546267,0.115320632896616,0.805524211525018,0.943352929488835
"STRG.11890|LOC134702765",33.8949118146672,0.0199517108358376,0.118031574305856,0.790332427286525,0.939106225839337
"STRG.11891|LOC134702768",95.4992295386881,0.0293674043726646,0.103236203351799,0.708398263392226,0.915336139668679
"STRG.11892|LOC134702769",32.5876205343847,0.0168841324969417,0.115231915799909,0.830760000771466,0.95105951595356
"STRG.11893|LOC134702772",47.4471337806794,0.16311432987428,0.151200758606481,0.0919516845634812,0.369919240167074
"STRG.11894|LOC134702770",25.1733804387086,-0.0134124289200711,0.125477418239484,0.860451698888375,0.961781291431668
"STRG.11910|LOC134702860",24.4200069153676,0.0102056101149476,0.126556553688429,0.891797894157572,0.975070935959626
"STRG.11911|LOC134702857",62.9347789421037,0.07055811445513,0.103768444576975,0.375715643651083,0.723272484151527
"STRG.11913|LOC134702859",23.9693311822637,-0.00566297190817351,0.12404574341269,0.94443498367204,0.991765718099389
"STRG.11914|LOC134702869",33.4280307444899,0.0961077551391812,0.133359273446773,0.261356055541522,0.619589904651841
"STRG.11916|LOC134702862",77.1193647847517,0.0507117291983386,0.103017508087608,0.520392105112371,0.819707643314986
"STRG.11920|LOC134702868",126.091566231624,0.223638013039389,0.123394515768715,0.0177541537645291,0.145364986478213
"STRG.11938|LOC134702892",23.4132150437941,0.0381129079176539,0.122808135858004,0.629865546322973,0.879160106331082
"STRG.11939|LOC134702889",24.7612542077947,0.0253690395706107,0.113462666429833,0.757195072522405,0.927940003302421
"STRG.11940|LOC134702893",82.4125259939373,0.0051873653121164,0.103059058115999,0.94666359071847,0.992150296257638
"STRG.11942|LOC134702895",127.210013256865,0.168994793920137,0.11720239969102,0.0561548263934428,0.281331123729213
"STRG.11944|LOC134702897",163.893283595729,-0.102802717727896,0.14246296448635,0.23210322874371,0.585589754069761
"STRG.11950|LOC134702907",27.4724068500796,0.0347554051855496,0.109358306012834,0.652825333134223,0.891233898856622
"STRG.11951|LOC134702906",62.7876906350334,0.0557509686337438,0.101082798796691,0.476564819762092,0.796791709893797
"STRG.11954|LOC134702909",67.4597697614841,0.148035129882843,0.17003410822059,0.116164577955187,0.421874778548768
"STRG.11956|LOC134702912",107.882192251239,0.158708496503443,0.112236822961673,0.0646911675801586,0.301248064495196
"STRG.11960|LOC134702914",34.729873590075,0.0367098688467682,0.112904933549879,0.645970170068717,0.888348441998646
"STRG.11961|LOC134702917",64.7249769410558,0.0326660838319978,0.099757844432517,0.673370184090521,0.902706478486045
"STRG.11962|LOC134702915",28.6368370399396,0.082185064851942,0.12030927052211,0.325288442585709,0.682352408417249
"STRG.11977|LOC134703000",33.4535748433383,0.0386765525708758,0.119727848936701,0.627142836175753,0.878733733018258
"STRG.11979|LOC134703001",20.5357883182865,0.0392291973980075,0.125559176033539,0.616526180533305,0.872145629579647
"STRG.11980|LOC134702998",70.874755634867,-0.038090992980091,0.130959221310576,0.616101887914205,0.872145629579647
"STRG.11991|LOC134703074",31.0317208261433,0.025834341199816,0.11820493233649,0.742738385535153,0.922809345788751
"STRG.11992|LOC134703075",63.3953838335376,0.0300558377497386,0.103568255346175,0.703269126575379,0.91221852127004
"STRG.11993|LOC134703073",65.7047704769528,-0.0436675322673625,0.134666500128613,0.561310211206605,0.844085468693596
"STRG.12001|LOC134703089",132.929411076707,-0.448111549186266,0.217379355516172,0.00258426829045969,0.0581688657605238
"STRG.12006|LOC134703104",30.2638864334371,0.0311442059888755,0.119012778876559,0.689341025106878,0.906741776483088
"STRG.12007|LOC134703106",63.2505529477629,0.0338511350149272,0.10065906221255,0.662791075633616,0.896386231801727
"STRG.12017|LOC134703111",107.701811412704,0.177485216655573,0.120122865052287,0.0493458448269706,0.261073946468275
"STRG.12018|LOC134703110",64.940644414327,-0.0217073252624239,0.132341565993861,0.764679272524598,0.930647108517709
"STRG.12021|LOC134703117",22.3240758612846,-0.000457865374131216,0.129598564414007,0.988035546629293,0.99704656962612
"STRG.12022|LOC134703145",23.6258428411091,0.0315704593724907,0.142214894446186,0.634547131562657,0.882161769544768
"STRG.12026|LOC134703149",127.1816219186,0.194269138466396,0.116747945913067,0.0304154657374042,0.197700527293127
"STRG.12032|LOC134703120",177.672866619474,-0.263653429838941,0.183192139529899,0.0221085301740127,0.164207953117121
"STRG.12034|LOC134703147",58.8018609397538,0.0280532591992652,0.112723047642066,0.722795675602114,0.918664055811524
"STRG.12058|LOC134703247",187.660113488802,-0.205956455450358,0.181143948013516,0.0517855326168816,0.269065124608104
"STRG.12063|LOC134703254",178.757720547372,-0.162653091658326,0.157723604209015,0.0917207276567242,0.369785465299578
"STRG.12068|LOC134703266",180.951428226977,-0.166586144963143,0.157455041343434,0.0863745561479374,0.356530361309765
"STRG.12073|LOC134703269",229.400028745849,-0.263285573405156,0.17639662910692,0.02047294180206,0.157814130296442
"STRG.12112|LOC134703352",19.2284977175842,0.0829890095876314,0.130818504603065,0.326770724303335,0.682916592314866
"STRG.12116|LOC134703357",68.4669631147133,0.0837469851664936,0.115888184372871,0.312953591176249,0.672575700334922
"STRG.12117|LOC134703359",76.8006484850218,0.0428990335725288,0.104595196538093,0.586939722682635,0.857721044617661
"STRG.12118|LOC134703362",33.5683075978973,0.0275549537633849,0.118651871196453,0.72739494443729,0.919346388108242
"STRG.12145|LOC134703410",77.4192697924822,0.0599481301018488,0.107916405798864,0.463149007736409,0.788644909070043
"STRG.12146|LOC134703417",33.8575285595464,0.040606951166671,0.120413024673315,0.614288656393874,0.871209577925122
"STRG.12150|LOC134703414",125.895689424896,0.169020202562929,0.117618813557697,0.0568655889578634,0.282785690473341
"STRG.12151|LOC134703424",65.8698488077771,-0.0236507246965592,0.102703763185046,0.762978042407045,0.929642335526564
"STRG.12158|LOC134703427",77.1312135317276,0.0545478290903879,0.102999017539678,0.487512515582381,0.800041141587878
"STRG.12159|LOC134703426",34.0864109535071,0.0126840757225075,0.115102602345185,0.869372341557959,0.96594443932372
"STRG.12163|LOC134703432",126.106364991289,0.181978449785206,0.117318568917394,0.0415151437387105,0.236539772464746
"STRG.12165|LOC134703435",13.8741482863575,-0.0910815670210912,0.148835358134063,0.267115108022511,0.623878337868274
"STRG.12166|LOC134703440",18.4816256747841,0.0368543249102428,0.124477832620989,0.639471821320855,0.884229780451533
"STRG.12167|LOC134703438",81.3446386780173,0.0232029150610063,0.104390044346779,0.767014023010383,0.931502256871707
"STRG.12168|LOC134703436",23.1084842407394,0.0679399329688986,0.123975552925838,0.410058317178074,0.749549529041683
"STRG.12173|LOC134703445",54.6072241893321,0.0460875279759751,0.103369575492118,0.558174018602485,0.843351161882786
"STRG.12174|LOC134703452",85.1439120277869,0.0522755257219283,0.108486950852454,0.514061371000518,0.813987689184446
"STRG.12177|LOC134703449",136.375030452413,0.205084568959284,0.125150964378496,0.0284740646390649,0.189529562958039
"STRG.12179|LOC134703450",81.8118438840106,0.0547055795222536,0.106345622786124,0.493668426059308,0.805016683723875
"STRG.12180|LOC134703451",77.9064569651263,-0.0250677278917674,0.128388000968651,0.73816938645854,0.922644850023034
"STRG.12181|LOC134703453",64.7793394395921,0.0628632369484193,0.0997982129241441,0.421325140580793,0.760294942067889
"STRG.12183|LOC134703456",24.8786147331511,0.0701208219900531,0.125769930455795,0.394171906064878,0.737791604641805
"STRG.12190|LOC134703465",199.032590463248,-0.210315491380718,0.177370265296277,0.045894476994485,0.249869930303307
"STRG.12198|LOC134703472",21.4379888505982,0.0418836192043915,0.123822020055537,0.592149100595538,0.859810752403368
"STRG.12209|LOC134703485",108.07725468448,0.18744929513975,0.118284127372728,0.0372267326732498,0.222452426949908
"STRG.12213|LOC134703486",31.0444130644681,0.0262488170046873,0.116608000645564,0.739788762094306,0.922809345788751
"STRG.12236|LOC134703517",36.089977763458,0.128414852921,0.129437256677508,0.149772488579951,0.477248103228442
"STRG.12248|LOC134703532",125.904671321677,0.203596990692621,0.118389223575566,0.0252060901966787,0.17781675015316
"STRG.12250|LOC134703531",36.4061292755666,0.0464765753296885,0.119774965050634,0.5610269039138,0.844057954164125
"STRG.12251|LOC134703579",65.0452922802837,0.018429151536392,0.0983390510327456,0.810430737643483,0.944730052361585
"STRG.12297|LOC134703632",53.0248947823372,0.0585966354315438,0.122139929701223,0.469281259094373,0.793344379095317
"STRG.12298|LOC134703633",71.1305360569264,-0.0329426815398289,0.130419208980524,0.661848436264316,0.895681865095324
"STRG.12299|LOC134703629",134.906047738875,0.162527774226964,0.114181183275538,0.0616534288328833,0.295120916369641
"STRG.12300|LOC134703636",23.7203614725455,-0.010450833378938,0.11177051631732,0.893823633733035,0.975254009504506
"STRG.12301|LOC134703631",34.3777489111283,0.0223421085435754,0.118369837011404,0.77602671691509,0.933576994664613
"STRG.12303|LOC134703634",118.376615344301,0.0216412075294109,0.114619565049475,0.784941220793597,0.937103808252
"STRG.12304|LOC134703635",128.604259454753,0.208801749709408,0.117668828102823,0.0217704934934131,0.16334280748297
"STRG.12305|LOC134703640",230.524361207419,-0.222057288175465,0.18317791434004,0.0416091316335424,0.236645329313061
"STRG.12314|LOC134703646",36.5230886813276,0.0668746162633727,0.126281574400728,0.414254028250639,0.753879497855656
"STRG.12315|LOC134703650",18.6890666529923,0.0613317452870485,0.129572013906312,0.439923191828887,0.777124440363286
"STRG.12327|LOC134703740",190.013660507345,-0.199630066853313,0.179114385635785,0.0560002715850907,0.281156723568709
"STRG.12329|LOC134703805",67.6622822247783,-0.00246706532106878,0.133599049866531,0.967264344654332,0.995070070324304
"STRG.12331|LOC134703806",32.9783458989991,0.0495557553820691,0.114636987559985,0.533002178962006,0.827169848041837
"STRG.12332|LOC134703809",47.9302101414503,0.0375670573776176,0.126312624831681,0.631350136686453,0.880357569048152
"STRG.12339|LOC134703812",93.9687414118344,-0.392264005221258,0.237948120862794,0.00709285139092026,0.0831793779186171
"STRG.12341|LOC134703821",82.5584682710914,0.0205694850560497,0.10370123932958,0.79353559581041,0.93946448995995
"STRG.12342|LOC134703822",25.0912277424099,0.0271491610399443,0.136232501048234,0.701203661213678,0.912179026142844
"STRG.12345|LOC134703820",27.7554746011981,0.0642102230904123,0.124119937934839,0.432035910627638,0.769247412144407
"STRG.12347|LOC134703827",25.401306243241,0.0664343955714259,0.127641051485324,0.41529957512159,0.755047875485525
"STRG.12352|LOC134703834",160.000261404861,-0.153808230715196,0.163789660338492,0.106535257740907,0.40525985889468
"STRG.12406|LOC134703938",68.0592708058342,0.0712914512414367,0.11537381232277,0.385284920105712,0.732179278363182
"STRG.12409|LOC134703937",99.5432050675493,0.0628452785367656,0.0995139536687536,0.42535357547387,0.763691740054621
"STRG.12410|LOC134703946",221.91397210075,-0.149696606388391,0.157943967681272,0.112608746170935,0.414778889781067
"STRG.12415|LOC134703948",161.778070175408,-0.366186033149864,0.190357847331982,0.00506774089984002,0.0733670671181384
"STRG.12425|LOC134703958",83.0409241612282,0.101035255133592,0.11858835497617,0.233033520343346,0.586496848908381
"STRG.12433|LOC134703969",168.512256834959,-0.0989589258671367,0.137903100185467,0.249092603527357,0.605899944939077
"STRG.12440|LOC134704075",34.0505303930847,0.0369183103310272,0.118607825651106,0.64006020685432,0.884229780451533
"STRG.12441|LOC134704067",32.1223389836294,0.0862602538601745,0.134776802890849,0.303700353961867,0.663660807800033
"STRG.12443|LOC134704068",84.3975160628785,0.0364691113854558,0.106181418333607,0.646310073710868,0.88862403832036
"STRG.12444|LOC134704065",37.1086791586874,0.0788663941418921,0.135117537047356,0.339260486351893,0.695554972018525
"STRG.12446|LOC134704073",25.3953967054914,0.0289231598859943,0.11178100048945,0.715916969141201,0.917921047062424
"STRG.12447|LOC134704071",460.748641566751,0.110698125026725,0.0928503907253762,0.145767234674112,0.470598265338576
"STRG.12448|LOC134704072",39.98194134017,0.0534711967502917,0.124320908727393,0.506068236990047,0.80924648465467
"STRG.12449|LOC134704079",20.6182696041763,0.0774152739131092,0.133167702880854,0.350228974889993,0.703768327139662
"STRG.12451|LOC134704076",127.301912365041,0.212576452297226,0.123569932022018,0.0238495584073859,0.171478065820831
"STRG.12458|LOC134704091",24.6442105368261,0.0772777341939658,0.12814031304636,0.335720526118547,0.690965993982276
"STRG.12459|LOC134704086",256.771881485033,-0.232520880300966,0.189298691224177,0.0357548247565332,0.217635423200355
"STRG.12465|LOC134704094",32.6297170428938,0.0212984435631842,0.113405703691199,0.787952303848805,0.938434867631775
"STRG.12466|LOC134704093",62.7964323041358,0.0556484510414531,0.103660292853273,0.481764210055219,0.797844258383848
"STRG.12479|LOC134704121",14.6850922749924,0.02131786131254,0.121923008903384,0.784426213468717,0.937103808252
"STRG.12480|LOC134704113",32.2076339461967,0.0713387739841215,0.12918489650596,0.385180238802581,0.732179278363182
"STRG.12482|LOC134704118",77.6003332024216,0.0647055197380346,0.10715924182609,0.420395933955585,0.759694212566547
"STRG.12483|LOC134704114",33.4801272044977,0.0144861626282157,0.119318018481278,0.853340524404642,0.958509341886823
"STRG.12493|LOC134704120",127.031589494492,0.183739612110034,0.118355835453821,0.0407164475714649,0.235142395686278
"STRG.12511|LOC134704170",119.733850658712,-0.0678942791959925,0.129085484486069,0.398336654497452,0.740848026028837
"STRG.12528|LOC134704204",73.5131816639518,-0.0153240762333528,0.128396932542698,0.835588109994146,0.952230857839897
"STRG.12529|LOC134704207",136.281164686111,0.176901804293785,0.120756617964419,0.0507465620093214,0.266177979803904
"STRG.12532|LOC134704210",62.6286032436686,0.0257095515131702,0.120309323251148,0.74380560385514,0.923056904566704
"STRG.12539|LOC134704238",18.7847164158801,0.0887669957494661,0.143806638027079,0.287093273006175,0.646441904930836
"STRG.12547|LOC134704242",29.9674122876057,0.0475578376093695,0.122565391507756,0.552633583696726,0.839560202277164
"STRG.12553|LOC134704248",61.2033193659183,0.0484375571072377,0.105618398278722,0.541361128106957,0.833071974727872
"STRG.12555|LOC134704251",66.8757256599687,0.0105614525613489,0.128857093328506,0.888125276300741,0.974745501370844
"STRG.12556|LOC134704258",33.8635329867729,0.0202494527222094,0.117456977841907,0.797315195716409,0.940819292107845
"STRG.12558|LOC134704252",20.9733883565661,0.0548328689654387,0.127743323722485,0.483651152391044,0.797844258383848
"STRG.12560|LOC134704256",125.931510328661,0.160513101292762,0.117312617592301,0.0675798621257655,0.310062534689014
"STRG.12566|LOC134704266",30.8118168737557,0.105961279789679,0.142020018527603,0.222533392721304,0.575494359838129
"STRG.12568|LOC134704270",76.336438347862,0.0453703095339577,0.103566736496342,0.566352676919104,0.846361619922557
"STRG.12569|LOC134704277",33.750766810349,0.056423724220173,0.122494149874997,0.485831679188548,0.799263377177442
"STRG.12576|LOC134704273",128.12807503028,0.180266243731287,0.122284790743149,0.0477380450294882,0.255412432482241
"STRG.12578|LOC134704278",42.2890275905767,0.075724724212574,0.104493475399409,0.343657980110496,0.698723694000593
"STRG.12592|LOC134704293",141.833564907846,-0.415748045369432,0.217704665940859,0.00392364177442707,0.0692343437759014
"STRG.12593|LOC134704319",96.8810897841323,-0.368170606641465,0.235626322957474,0.00916261911767455,0.0950615584732939
"STRG.12599|LOC134704322",203.963874860832,-0.27655727515243,0.197683762520997,0.0204505429241843,0.157814130296442
"STRG.12605|LOC134704384",109.202172930473,0.169470541365156,0.11598809620116,0.0542140315335945,0.276053861605913
"STRG.12606|LOC134704385",10.3387624741525,0.0823390250284107,0.150430139795031,0.293065300778021,NA
"STRG.12607|LOC134704388",63.7127309554248,0.0614056844591816,0.104383328175339,0.440270503988701,0.777306848782713
"STRG.12613|LOC134704395",29.8972934035046,0.036609927957582,0.120900480167263,0.645847712081856,0.888348441998646
"STRG.12614|LOC134704393",62.9863159655424,0.0429450017113109,0.100993785021844,0.581874540711559,0.854654113796037
"STRG.12624|LOC134704428",30.1396292265929,0.159368562440442,0.172664428213794,0.098488147006713,0.385362098545923
"STRG.12639|LOC134704439",61.8425452443963,0.152718522502423,0.147478983180261,0.106383448317931,0.40525985889468
"STRG.12640|LOC134704443",77.0288230474446,0.0610621630763877,0.104405841710627,0.44230642857432,0.778527756291357
"STRG.12641|LOC134704447",33.7139489378645,0.0504311852951448,0.120479092351225,0.530487149796688,0.826270826092971
"STRG.12645|LOC134704446",126.789379869655,0.189030092140989,0.116520778732471,0.0344342823709795,0.211316357132119
"STRG.12646|LOC134704452",184.025809277827,-0.0764739878338074,0.13721756140946,0.348089734967601,0.701909342115739
"STRG.12650|LOC134704455",218.246154746891,-0.176921943431865,0.178184162623705,0.0763233671490929,0.333914731277281
"STRG.12653",784.036855043572,-0.00512448949404664,0.08083524834586,0.953865250783638,0.993195169444879
"STRG.12679",1613.82776571919,-0.0179917474628253,0.154292975922465,0.605654969052805,0.865997779642735
"STRG.1759|LOC134706618",23.6733172543254,0.00911131894010808,0.155161590119825,0.736366514098764,0.921921372263905
"STRG.202|LOC134713724",28.1298830319146,-0.0330058379043121,0.121576384301032,0.676287758843942,0.902757154397979
"STRG.3072|LOC134711248",14.5434532380771,0.0557570725433878,0.165833642848701,0.17678026595378,0.518457778142532
"STRG.3157|LOC134710736",21.1935139884823,-0.0397110320131856,0.152465004637763,0.466108139509443,0.791174649702255
"STRG.3163|LOC134710737",27.1772050888257,-0.122960740640391,0.210817263725544,0.0630043905180684,0.297218853421544
"STRG.337|LOC134684371",21.3882298431968,0.0254610958218854,0.155264812815995,0.5032712996638,0.807450717812619
"STRG.3399|LOC134710889",71.5781166700474,0.16184918839173,0.217419610815126,0.0773038572736481,0.336586172818276
"STRG.345|LOC134717334",10.0794426112326,0.0715492514783354,0.170037083548305,0.176805173174651,NA
"STRG.3769|LOC134712563",31.9948164344831,-0.0684582771421737,0.121929285803215,0.403919065638233,0.745354706870088
"STRG.5026|LOC134716292",22.7745673159613,-0.0338254283931409,0.13349317227105,0.648361030255614,0.889087813609181
"STRG.5094|LOC134717375",217.910976506677,-0.0969029758942697,0.136445432925248,0.256177516962093,0.612451398412618
"STRG.5238|LOC134718653",265.054079489318,-0.199693963807724,0.171689173737593,0.0550584247424955,0.278130186843534
"STRG.5661|LOC134720800",46.0622587157306,0.294685007368881,0.165531671052272,0.0102688229715923,0.10141457725433
"STRG.6066|LOC134721468",28.1857197369194,1.22155912144494,0.391207789505521,7.52985914784031e-05,0.00749456293308481
"STRG.6124|LOC134721622",46.4227991565719,1.25039378010133,0.269850562794328,1.73411688875023e-07,0.000219747030132824
"STRG.6456|LOC134722182",33.2090162541253,-0.874974344203189,0.193001182432881,3.33726659550413e-07,0.000303691260190876
"STRG.6599|LOC134724706",287.358644954854,0.294516995766883,0.133931431187862,0.00462028383140141,0.0716087786034719
"STRG.7429|LOC134681659",10.4749458867555,0.00674935465332517,0.153574653602285,0.843188173567163,NA
"STRG.8134|LOC134685403",12.9912281186752,0.00528577247883705,0.149240583116378,0.911890979659551,0.98134698001751
"STRG.854|LOC134681509",12.5450613326758,0.0287317715633271,0.155670988586937,0.463648329110177,0.788757119478879
"STRG.8727|LOC134686868",35.5707201749757,-0.0216658722078642,0.120379010662927,0.780709654049573,0.935148645411015
"STRG.8786|LOC134687731",24.1030449460394,0.0701785138413871,0.149826904440457,0.34418621919618,0.698842664313587
"STRG.9442|LOC134690890",23.5695133015819,0.000125604399598283,0.155354851917342,0.997742466054558,0.999553409337915
"gene-LOC134680597|LOC134680597",14.1565249870283,-0.0157204673770987,0.137759051738529,0.814912096636789,0.946574899510975
"gene-LOC134680600|LOC134680600",16.026690858179,0.0421014662650057,0.147889004964054,0.506943540645284,0.809710241803865
"gene-LOC134680606|LOC134680606",9.9627946280194,0.011205160844037,0.155811400231504,0.651571868310559,NA
"gene-LOC134680608|LOC134680608",91.9505061278443,-0.00795122275390365,0.145456025728422,0.878952284003253,0.971192723174453
"gene-LOC134680615|LOC134680615",93.136895373025,-0.00884309580680917,0.104985413632247,0.914140388371372,0.98134698001751
"gene-LOC134680616|LOC134680616",40.6219878678613,0.109931157343235,0.145417510745237,0.210913543639465,0.561437222308146
"gene-LOC134680617|LOC134680617",17.2083101606946,0.0492459331750908,0.142265223631965,0.487993755522328,0.800450380271762
"gene-LOC134680618|LOC134680618",31.6867495429526,0.0967489116110596,0.161681840208861,0.222666933803968,0.575494359838129
"gene-LOC134680619|LOC134680619",10.7927934538553,-0.060147863849594,0.145389375128465,0.412338791513466,NA
"gene-LOC134680621|LOC134680621",12.8198698752266,0.0782872185915399,0.17584465394496,0.131376140792979,0.445852965823803
"gene-LOC134680628|LOC134680628",118.655096215251,0.648956099009623,0.323986391109244,0.00190455632932215,0.0487229872200084
"gene-LOC134680629|LOC134680629",25.5303518552084,0.0338197337580311,0.141483142069463,0.620533067390909,0.874899433218258
"gene-LOC134680631|LOC134680631",31.1873082751675,-0.0756256202513143,0.126840753345865,0.363661745172183,0.712857211332275
"gene-LOC134680632|LOC134680632",27.8757902532115,0.191738387265601,0.187185791556494,0.0647714051238642,0.301383382497454
"gene-LOC134680633|LOC134680633",10.1398039005359,-0.0340885066074085,0.156296699715731,0.420106259376506,NA
"gene-LOC134680634|LOC134680634",147.469440233435,0.0185421276489982,0.103607663909053,0.826594169713363,0.949444755548414
"gene-LOC134680638|LOC134680638",41.9057814436764,0.399918564406372,0.238082542610766,0.00686572396226813,0.081525680445346
"gene-LOC134680643|LOC134680643",22.0008074081933,0.0259520029780127,0.153565317381419,0.557445265558044,0.842636708690674
"gene-LOC134680644|LOC134680644",66.2265621620991,0.114452426001305,0.205812903457546,0.0602314242847558,0.291819741468814
"gene-LOC134680648|LOC134680648",9.7769392455102,0.00931556232096693,0.155781813824878,0.697216345536783,NA
"gene-LOC134680651|LOC134680651",54.2283353903633,0.0481445396635022,0.0984004737638515,0.536208599578653,0.829040965853403
"gene-LOC134680654|LOC134680654",256.127377756118,0.164420122776147,0.208859032467956,0.0828073150246478,0.348153610081909
"gene-LOC134680656|LOC134680656",12.2503417037334,0.000710599893470857,0.148268387489561,0.990316113975583,0.99704656962612
"gene-LOC134680661|LOC134680661",12.5127978593829,0.0313151663979335,0.147360322451805,0.597955275509221,0.862149186281969
"gene-LOC134680663|LOC134680663",7.64610898438312,0.0106423603114818,0.155469167159472,0.684055956215916,NA
"gene-LOC134680666|LOC134680666",20.889231418402,0.192164950424121,0.193225216914946,0.0646585378941867,0.301248064495196
"gene-LOC134680667|LOC134680667",1553.96902459472,0.358176110680141,0.121778710463845,0.000428349487522086,0.0229292960967705
"gene-LOC134680673|LOC134680673",74.5809519221879,0.00835190734689496,0.149648632284476,0.859128158150865,0.961293934203585
"gene-LOC134680676|LOC134680676",23.8058780491814,0.996673612256032,0.314937372277087,6.78456805933318e-05,0.0072029497563254
"gene-LOC134680677|LOC134680677",216.653314316826,-0.0392436008162075,0.082000755739959,0.573796325204501,0.849108712395076
"gene-LOC134680679|LOC134680679",748.157404444031,0.063877325238316,0.0917772179724593,0.396244323843651,0.738681985040695
"gene-LOC134680681|LOC134680681",13.3498843959554,-0.0288414277735729,0.153178717010697,0.533729145344574,0.827169848041837
"gene-LOC134680685|LOC134680685",10.2675348810559,0.0139902417103912,0.147583328290566,0.793256553954543,NA
"gene-LOC134680687|LOC134680687",36.8273042491663,0.150738391670128,0.178528673307173,0.110677478734588,0.413529013531349
"gene-LOC134680689|LOC134680689",38.9626221094481,0.0206061308950224,0.132762387252214,0.774477663465839,0.932853633900032
"gene-LOC134680690|LOC134680690",41.7573291557388,0.00903140407169997,0.156826024943601,0.594375630717579,0.86088512225352
"gene-LOC134680707|LOC134680707",136.41049675115,-0.0657162365723749,0.0951232772723091,0.389053338562646,0.734955446810218
"gene-LOC134680721|LOC134680721",15.3935897698227,-0.146984701201464,0.188856720410689,0.107848948164761,0.408816005983941
"gene-LOC134680725|LOC134680725",17.6455697342623,-0.0390155733610008,0.133086188571016,0.603034811279072,0.864969995011864
"gene-LOC134680726|LOC134680726",11.0149048463694,0.0267241510657268,0.149160107752306,0.620990513836017,NA
"gene-LOC134680746|LOC134680746",23.1346102304409,0.0338816460534806,0.159330986558899,0.284067230888906,0.643932436486161
"gene-LOC134680747|LOC134680747",14.6934691806524,0.00377570831062727,0.153192942131217,0.916569582220427,0.98134698001751
"gene-LOC134680748|LOC134680748",21.892123965371,0.057278217245513,0.169392966417948,0.083430616293307,0.349640148544978
"gene-LOC134680749|LOC134680749",8.22655680650312,0.024926198237735,0.156636666664851,0.440470793221152,NA
"gene-LOC134680750|LOC134680750",8.90687816144936,-0.00739949582789513,0.155475069668818,0.757851901719911,NA
"gene-LOC134680751|LOC134680751",24.5120398150036,-0.0717146338578824,0.139093269292587,0.368614743195356,0.717270203331637
"gene-LOC134680752|LOC134680752",97.4017168863519,0.0944995318392186,0.186460670494657,0.098218068209554,0.38525190547713
"gene-LOC134680753|LOC134680753",10.3861128601656,-0.0525175923731214,0.159898369508398,0.302259486469907,NA
"gene-LOC134680783|LOC134680783",57.846673375521,0.0767654749353496,0.14743388770237,0.326119766397891,0.682916592314866
"gene-LOC134680785|LOC134680785",16.8679229842062,-0.0460741989053047,0.125482243765316,0.560421750567653,0.843752874016389
"gene-LOC134680786|LOC134680786",32.204760462929,-0.0195437679119176,0.13794500963763,0.772934271700089,0.932853633900032
"gene-LOC134680789|LOC134680789",55.0003634381529,0.0425863735654769,0.124633650288921,0.591107677700398,0.859636210905492
"gene-LOC134680791|LOC134680791",56.3198591354807,-0.0144650286804484,0.112332059444807,0.854771043080766,0.959452254524137
"gene-LOC134680796|LOC134680796",28.5115516178169,0.0043388455824133,0.110728201297547,0.953844268399293,0.993195169444879
"gene-LOC134680798|LOC134680798",66.0138894207353,0.0820174170099469,0.103525661030187,0.305769293431737,0.66555505898304
"gene-LOC134680805|LOC134680805",14.0704048780805,0.102880840595872,0.151566909940689,0.226226409291648,0.578325019101651
"gene-LOC134680808|LOC134680808",8.28859547777824,0.0118869690443489,0.135975800661289,0.863387862078785,NA
"gene-LOC134680813|LOC134680813",57.9712879427298,0.0372052139964094,0.126898984500967,0.633270848754657,0.880964251270401
"gene-LOC134680819|LOC134680819",6.93894696828205,-0.0469275816064653,0.16460790299227,0.127945526287674,NA
"gene-LOC134680824|LOC134680824",26.9378984169236,-0.135122010647564,0.13671776546174,0.137176095177956,0.455347434228024
"gene-LOC134680826|LOC134680826",92.4507288469497,-0.158163354192579,0.122176939565458,0.0782489607766042,0.338388241783414
"gene-LOC134680830|LOC134680830",18.8503436243073,0.272871831418681,0.184141122760905,0.0199509240311285,0.156508582727968
"gene-LOC134680833|LOC134680833",21.4101908565092,0.0673225162727552,0.160815620190698,0.282111576963795,0.642033135140899
"gene-LOC134680834|LOC134680834",114.658316120135,0.0901946902778754,0.122260504934332,0.285245941180113,0.644789441205578
"gene-LOC134680835|LOC134680835",13.7661662525847,0.0117070438423891,0.148289413724857,0.817367356953147,0.946574899510975
"gene-LOC134680843|LOC134680843",11.6478715113254,-0.0302883313925133,0.138958830690831,0.659290007939338,0.894421762750398
"gene-LOC134680849|LOC134680849",79.4579428738802,0.855480770399592,0.238821777031443,1.79771923190593e-05,0.00309499229925426
"gene-LOC134680850|LOC134680850",38.7173936758411,0.847445566933788,0.390263245051082,0.00110160775306596,0.0354610633057566
"gene-LOC134680861|LOC134680861",90.7970451567087,0.127729804502557,0.173271132185503,0.144451712954341,0.46923424149864
"gene-LOC134680862|LOC134680862",16.2269176498867,0.0132564584649547,0.154574993948838,0.67643012526555,0.902757154397979
"gene-LOC134680865|LOC134680865",19.8573578182155,0.105482219358547,0.152307692302336,0.217167949577036,0.569752816641564
"gene-LOC134680870|LOC134680870",10.8455593042851,0.00286010567838986,0.14679933868394,0.959007900510131,NA
"gene-LOC134680872|LOC134680872",64.3792861220673,-0.0150821853909182,0.134105343965768,0.830954585084066,0.95105951595356
"gene-LOC134680874|LOC134680874",143.332506893684,0.104252498214434,0.0999467241510004,0.188414920429454,0.53318660290343
"gene-LOC134680880|LOC134680880",22.5727619215144,-0.0500114337411516,0.145686340132462,0.468134958544891,0.792037101176881
"gene-LOC134680881|LOC134680881",15.3832154619574,-0.0255705916355152,0.154409176982655,0.527949822891375,0.825439566564622
"gene-LOC134680882|LOC134680882",10.6638768054962,-0.0193411623286346,0.155346093338631,0.552834125980854,NA
"gene-LOC134680887|LOC134680887",35.3682115300229,0.0738546610387062,0.152022997179564,0.321262261417196,0.678978302995203
"gene-LOC134680889|LOC134680889",9.01468242952405,0.000563532271492445,0.153216458516369,0.984736406846309,NA
"gene-LOC134680890|LOC134680890",8.47062664592463,0.00609773105052971,0.154881787755068,0.826140357060676,NA
"gene-LOC134680897|LOC134680897",152.916963354103,-0.0418032011447255,0.0962364130477128,0.584221357895863,0.855908475114225
"gene-LOC134680904|LOC134680904",649.966550740301,0.172996926077466,0.100802326274512,0.0348268783915664,0.213109716958961
"gene-LOC134680905|LOC134680905",95.7002573817069,0.167172890724307,0.135199327431157,0.0750912784939673,0.330111417533866
"gene-LOC134680910|LOC134680910",27.6238118321354,0.122711478609365,0.143583073682641,0.170380013238901,0.508796613162854
"gene-LOC134680917|LOC134680917",43.7721729563648,0.0323302599553195,0.127124525183931,0.676065435880173,0.902757154397979
"gene-LOC134680920|LOC134680920",52.5548820837531,0.0868356900177855,0.133416580522373,0.302322549697985,0.662012595935429
"gene-LOC134680925|LOC134680925",7.82328974591762,0.0266761859752775,0.156701688930167,0.431132439990175,NA
"gene-LOC134680931|LOC134680931",19.364672382199,0.0204380925919018,0.145769517696792,0.722633994490192,0.918664055811524
"gene-LOC134680943|LOC134680943",18.3519923020176,0.116530703801598,0.19799560757257,0.0953055760029488,0.377880143009188
"gene-LOC134680950|LOC134680950",60.8339965273333,0.0865656352387975,0.122012788994565,0.304190982783545,0.664277189006232
"gene-LOC134680951|LOC134680951",9.23936373629067,-0.0171061645077763,0.145286037851196,0.766358611058826,NA
"gene-LOC134680959|LOC134680959",100.991020201121,-0.0389732967039277,0.103552633994043,0.619318483836441,0.874047803487009
"gene-LOC134680960|LOC134680960",8.23463309029532,-0.0862022354061231,0.160289758149728,0.250742832351596,NA
"gene-LOC134680963|LOC134680963",138.190811194957,-0.0274813171937539,0.13746996229825,0.694771620659566,0.908701326010378
"gene-LOC134680970|LOC134680970",17.2574502952739,-0.0149748528880725,0.15754163605519,0.331096724689328,0.686328062567856
"gene-LOC134680973|LOC134680973",93.8877342963017,-0.0514820333243171,0.158142243569793,0.335528744402092,0.690903694851549
"gene-LOC134680977|LOC134680977",9.78083840385484,0.0240963620038704,0.157613522518941,0.373252549151487,NA
"gene-LOC134680982|LOC134680982",132.308207931809,0.00394410279927433,0.156805176263791,0.759501097623014,0.928686892939909
"gene-LOC134680986|LOC134680986",7.97793920494639,0.00262671509212823,0.140892314056354,0.96165876646309,NA
"gene-LOC134680988|LOC134680988",17.2236473921201,0.168520281738053,0.210485485181261,0.0794963600091183,0.341116932147405
"gene-LOC134680989|LOC134680989",29.2989432206952,-0.3124763825931,0.343662557058564,0.0213129116547066,0.160929809013812
"gene-LOC134680992|LOC134680992",61.4952110550234,-0.108566714412288,0.132279023997003,0.214773853605008,0.566934526696147
"gene-LOC134680997|LOC134680997",25.8222095046654,-0.145978362064857,0.170551992417342,0.118359349749956,0.425959919721591
"gene-LOC134680999|LOC134680999",53.5206741272703,-0.00264461099716937,0.0998685724559883,0.972200285950654,0.995073589829788
"gene-LOC134681000|LOC134681000",19.6889859292141,0.102630232446482,0.184436864003942,0.132258824302564,0.447089816453161
"gene-LOC134681001|LOC134681001",19.6112096820042,0.194313362723281,0.280263778615906,0.0414836977406074,0.236539772464746
"gene-LOC134681009|LOC134681009",8.51107106856083,0.0328764659133841,0.160011193472125,0.222673762528743,NA
"gene-LOC134681010|LOC134681010",306.080384856756,0.128453384061848,0.169396275614519,0.147719284188738,0.473158275555276
"gene-LOC134681011|LOC134681011",9.24328994977024,-0.0511659673935242,0.142381466053895,0.47913534832707,NA
"gene-LOC134681012|LOC134681012",100.381505965301,0.0268354330483665,0.113560643158322,0.735770622314661,0.921921372263905
"gene-LOC134681014|LOC134681014",16.2337519509731,-0.101780150989833,0.146748087019624,0.234426426786073,0.588703647047044
"gene-LOC134681016|LOC134681016",21.7094499508588,0.00289558980687533,0.153745523562972,0.926189878326865,0.983386136041095
"gene-LOC134681017|LOC134681017",15.7387781185857,0.265502144441486,0.223289189083589,0.0282275000679305,0.188875184278065
"gene-LOC134681022|LOC134681022",37.1878953930463,-0.154568894741751,0.219663619623861,0.0756734069546038,0.331983197176878
"gene-LOC134681023|LOC134681023",339.995360724155,-0.199726829757646,0.115462884096861,0.026064557140766,0.180468727159434
"gene-LOC134681025|LOC134681025",25.9811465073416,-0.181497168003116,0.195240856577127,0.0744304173546904,0.328794562100817
"gene-LOC134681026|LOC134681026",37.3037933875962,0.545760803674329,0.257164235579314,0.0018853691760716,0.0486090314650166
"gene-LOC134681027|LOC134681027",176.365492564956,0.0719699746368981,0.0983181625098803,0.356370360412772,0.708293040820393
"gene-LOC134681028|LOC134681028",9.52862370540734,0.0857881217800899,0.171190231528877,0.193024686451929,NA
"gene-LOC134681029|LOC134681029",1068.09115094119,0.0431990683704742,0.0803874226700703,0.533829708838303,0.827169848041837
"gene-LOC134681037|LOC134681037",50.7990324852603,-0.0188462723239883,0.141395060984302,0.769286766364814,0.931502256871707
"gene-LOC134681039|LOC134681039",17.6095076800018,0.0894140626070046,0.14005342988276,0.286855995511756,0.646136029494302
"gene-LOC134681040|LOC134681040",52.7106960297553,0.0624909518075401,0.101250179087398,0.424003366537647,0.762105373827543
"gene-LOC134681045|LOC134681045",60.1947872521231,0.0483186664148679,0.15168502418061,0.431229581306243,0.768587698075201
"gene-LOC134681046|LOC134681046",9.86497297097394,-0.00239090881438948,0.132159246020342,0.973561685835455,NA
"gene-LOC134681048|LOC134681048",46.2294724645023,-0.0778581280007398,0.115404620133324,0.346503610386122,0.700929818405715
"gene-LOC134681049|LOC134681049",61.7944245827565,-0.00168608247784605,0.145053401642556,0.974171460308568,0.995073589829788
"gene-LOC134681050|LOC134681050",17.7106573585382,0.0155736781836404,0.136172771105018,0.823028414994521,0.948153298297698
"gene-LOC134681051|LOC134681051",28.0501769704665,0.0878970338801626,0.16179490210576,0.240362342365656,0.595453808472327
"gene-LOC134681054|LOC134681054",34.1447435282902,0.0650825684388532,0.12397236303046,0.427710928129336,0.764793619971791
"gene-LOC134681055|LOC134681055",38.917182758799,0.0556152081389466,0.1193250398135,0.492379647239851,0.80401393307302
"gene-LOC134681056|LOC134681056",11.9656521609074,0.0326012807589723,0.150462642575904,0.547656231604656,0.836442377350525
"gene-LOC134681057|LOC134681057",45.841470799513,0.103288998416367,0.101274904739169,0.197368661359812,0.541589392744771
"gene-LOC134681058|LOC134681058",102.567694738229,0.0121301210227647,0.152934398505923,0.761782293011552,0.929269574810241
"gene-LOC134681060|LOC134681060",13.123686050646,-0.0408067286938735,0.148428768233759,0.510259157163473,0.811331686633469
"gene-LOC134681061|LOC134681061",109.611925759887,-0.109324208127264,0.16022616639611,0.195813936493625,0.539663531464313
"gene-LOC134681063|LOC134681063",13.1916285531588,-0.0290602759201393,0.150199389816579,0.583167729369694,0.855348477109129
"gene-LOC134681066|LOC134681066",28.7780394116884,0.110020683546857,0.171975471123815,0.170988606670659,0.509208707102431
"gene-LOC134681071|LOC134681071",74.6329634508843,0.358855849638153,0.175943835914752,0.00435713233228842,0.0704988071886869
"gene-LOC134681073|LOC134681073",55.6838487425828,0.334662120146364,0.21118762699601,0.0112975422244226,0.107284665954804
"gene-LOC134681074|LOC134681074",68.3742829224972,-0.0600545307770075,0.148782445332876,0.393613084008647,0.737556162394337
"gene-LOC134681076|LOC134681076",17.688182614581,0.0327045689311321,0.155627107514634,0.447186211748356,0.780694401674889
"gene-LOC134681077|LOC134681077",22.4698022985181,-0.00997862289720672,0.146507041403584,0.856143984521875,0.960147391092314
"gene-LOC134681078|LOC134681078",59.5054478436551,0.047653764033631,0.102796538802312,0.543413069096843,0.833706332298924
"gene-LOC134681090|LOC134681090",16.2726634206232,-0.0866251930935571,0.17354276348629,0.175161988836748,0.515843117718057
"gene-LOC134681092|LOC134681092",8.17576252567526,-0.0420771726793959,0.161281210431715,0.235814873311186,NA
"gene-LOC134681093|LOC134681093",90.9581338235568,0.0600479879667395,0.157443245536947,0.329019530133853,0.684493458839446
"gene-LOC134681096|LOC134681096",27.35258158617,-0.0752502649232365,0.119945603283835,0.363306536252423,0.712857211332275
"gene-LOC134681104|LOC134681104",10.5405301520563,-0.0114089926629219,0.152939342523964,0.759632233074053,NA
"gene-LOC134681106|LOC134681106",17.1150830917422,0.042261921412336,0.144678953041414,0.528808076728313,0.826019482285276
"gene-LOC134681107|LOC134681107",8.21244542839785,0.0282208081958928,0.156694586235999,0.422556716321991,NA
"gene-LOC134681111|LOC134681111",22.9011183625676,0.000151822606723319,0.132150665535521,0.999373237321157,0.999844121522816
"gene-LOC134681115|LOC134681115",103.671960004322,-0.113013281066012,0.127776805598005,0.194969997347704,0.539457893908179
"gene-LOC134681117|LOC134681117",12.3960469778573,0.102864272368406,0.187685228556104,0.111916734075606,0.414309251935563
"gene-LOC134681121|LOC134681121",76.9089425244623,0.446639251161071,0.182465679507833,0.00117515251699063,0.0366947133981877
"gene-LOC134681123|LOC134681123",8.84775127206208,0.0287177570352871,0.155498950585593,0.471240720587674,NA
"gene-LOC134681126|LOC134681126",34.4570482969606,0.0772711398816553,0.145494369492894,0.325878925673285,0.682844985703562
"gene-LOC134681128|LOC134681128",62.3113506385151,-0.198728233970879,0.221685427016353,0.0570972854617975,0.283483794537529
"gene-LOC134681129|LOC134681129",38.0256484958373,0.123449723779941,0.161043094289273,0.163244860500043,0.498475537264039
"gene-LOC134681142|LOC134681142",17.4636881185733,-0.0273072999509334,0.154072223772654,0.523395492428982,0.822404856135327
"gene-LOC134681144|LOC134681144",87.2866451306797,0.155878362431717,0.130531904510508,0.0906493545097976,0.367325946709549
"gene-LOC134681151|LOC134681151",202.504470229578,0.214137700298395,0.114243314832191,0.0174283988678037,0.1434352723358
"gene-LOC134681152|LOC134681152",243.49341088312,0.198704721646966,0.110626623169388,0.0232670151590165,0.16809217035039
"gene-LOC134681153|LOC134681153",127.83821424006,-0.0534006754728453,0.137906898487493,0.478450443064353,0.796862739129877
"gene-LOC134681164|LOC134681164",108.464591055162,-0.00814283728093772,0.0855205294027751,0.910875909708473,0.980949200438228
"gene-LOC134681170|LOC134681170",24.0203453018008,0.0731739775385393,0.131748951634937,0.375112653666128,0.722408606877637
"gene-LOC134681172|LOC134681172",34.207527587562,0.258169694518177,0.223929950235634,0.0310439462080137,0.199949380530887
"gene-LOC134681175|LOC134681175",14.3172038415217,0.0491999080743726,0.157131806507028,0.355284489478403,0.708123341044252
"gene-LOC134681176|LOC134681176",28.2036047683306,0.0536100901735271,0.130382697712082,0.49522746733566,0.805469040419039
"gene-LOC134681181|LOC134681181",9.70187043720966,-0.110056842359368,0.19290137979702,0.10276665782463,NA
"gene-LOC134681182|LOC134681182",85.988643172615,-0.0231267753220267,0.137891121383239,0.722474411135393,0.918664055811524
"gene-LOC134681183|LOC134681183",18.3875979474307,0.00708735295183357,0.135915862488619,0.919071219805952,0.982131130710269
"gene-LOC134681189|LOC134681189",12.9495603054149,-0.0492279784353005,0.131170771649664,0.528204256033536,0.825439566564622
"gene-LOC134681190|LOC134681190",12.1521590274528,0.000505267282362684,0.147259687184591,0.993700349747905,0.998315823215436
"gene-LOC134681202|LOC134681202",10.644313008563,0.0214622923690545,0.141373719987571,0.738047127145163,NA
"gene-LOC134681206|LOC134681206",20.1835824134542,-0.0249227461824151,0.124471545084546,0.752548478737542,0.925609926541445
"gene-LOC134681210|LOC134681210",57.4964377679332,0.217947939861847,0.143851635817459,0.0310772525224462,0.199961715725235
"gene-LOC134681211|LOC134681211",68.722615051571,0.128898610846607,0.106848086491341,0.12028892065831,0.43023044615016
"gene-LOC134681212|LOC134681212",23.9407363960278,0.0717175865526363,0.169582454172478,0.433183132343146,0.770775573470906
"gene-LOC134681213|LOC134681213",22.3096795078418,0.0314468401916315,0.159767747904548,0.225680928321851,0.57799225418885
"gene-LOC134681219|LOC134681219",16.4010161251312,-0.0409171968085311,0.149256118411284,0.49990274334624,0.80632202571024
"gene-LOC134681225|LOC134681225",100.465440278157,0.227279545657025,0.18359881778002,0.038641126487333,0.228399727727999
"gene-LOC134681231|LOC134681231",48.644151202993,0.00392152240019976,0.148903933230029,0.936936786281481,0.988127041161098
"gene-LOC134681232|LOC134681232",45.6139036632989,-0.0239325465942141,0.153359663029694,0.573460682541862,0.849094874217977
"gene-LOC134681233|LOC134681233",11.0001451188904,0.0495019076255484,0.142207330957497,0.491743019263687,NA
"gene-LOC134681236|LOC134681236",17.8820611331511,0.157168488301177,0.159414420756305,0.10184565572404,0.394381049825007
"gene-LOC134681239|LOC134681239",94.1969583864845,0.259151674830872,0.171762940697598,0.0212371898239344,0.160873972730988
"gene-LOC134681240|LOC134681240",58.2674465520835,-0.422168728517247,0.16295999642916,0.000863383648922965,0.0314325642784809
"gene-LOC134681253|LOC134681253",140.275447093037,0.0878556852657462,0.115918367353202,0.292398215941575,0.653306431268971
"gene-LOC134681258|LOC134681258",31.2646856160066,0.112023586941647,0.204126086295566,0.059825133564761,0.290683524643423
"gene-LOC134681260|LOC134681260",22.4901820845083,0.0457757782315674,0.147299866191095,0.486453510753475,0.799542012163529
"gene-LOC134681274|LOC134681274",11.9232274488821,0.0757143053665719,0.158481401370524,0.280878899723667,0.640830440988452
"gene-LOC134681276|LOC134681276",72.4613887130569,-0.319819150752883,0.199477416809757,0.0118863353445737,0.110373113913898
"gene-LOC134681287|LOC134681287",28.5457968858233,-0.0426457897094058,0.13230600575623,0.575827871022631,0.850063392448242
"gene-LOC134681290|LOC134681290",20.5780456618941,-0.141747379095905,0.172994909623938,0.124855282189192,0.436753513204369
"gene-LOC134681291|LOC134681291",145.880895807085,0.227509611854072,0.103823787752326,0.00748476493573008,0.0862169125508149
"gene-LOC134681293|LOC134681293",17.0461752086443,0.254912762885177,0.29645042599474,0.0321150173365655,0.203603925307352
"gene-LOC134681301|LOC134681301",8.37651212314604,-0.0749733587680951,0.164883811540385,0.23802842000528,NA
"gene-LOC134681314|LOC134681314",35.7652930614561,-0.0243958950438987,0.144666763748437,0.687863640579456,0.906613082139324
"gene-LOC134681316|LOC134681316",8.74989219218053,0.0598995176499491,0.16819678517572,0.146394110345162,NA
"gene-LOC134681328|LOC134681328",35.7553667841237,-0.816744757450148,0.380743509719941,0.00118325994891469,0.0367676384126174
"gene-LOC134681330|LOC134681330",17.7515242469177,0.0196459150233934,0.150171047231237,0.687689181005603,0.906613082139324
"gene-LOC134681335|LOC134681335",139.164068594832,-0.0260551869876787,0.105017380459556,0.739129775458013,0.922644850023034
"gene-LOC134681337|LOC134681337",58.5406629242465,0.0963412382099254,0.124954952304368,0.260408828110567,0.618109215245852
"gene-LOC134681342|LOC134681342",56.5262161214165,0.0652501582035852,0.137147523277246,0.40985806439606,0.749549529041683
"gene-LOC134681343|LOC134681343",51.2109450121541,-0.0554935187655567,0.143938874110968,0.443427591703697,0.779245620816482
"gene-LOC134681344|LOC134681344",13.5597559724905,0.0210031142162871,0.154579629238386,0.570500800912056,0.848701780072962
"gene-LOC134681346|LOC134681346",23.0403495765485,-0.0352757559155392,0.158117425427722,0.346988487740987,0.701242597369952
"gene-LOC134681352|LOC134681352",22.254851063467,0.0129104150593354,0.140707787456298,0.839934296186414,0.953552212922377
"gene-LOC134681355|LOC134681355",9.8823491029561,-0.036613186415286,0.15270091831602,0.484807098253492,NA
"gene-LOC134681356|LOC134681356",24.1572986030454,0.0976026281839799,0.130583753702326,0.25603385219164,0.612442973511359
"gene-LOC134681360|LOC134681360",30.9712659591455,0.00949068984655087,0.138572530301673,0.888233782628065,0.974745501370844
"gene-LOC134681367|LOC134681367",68.8120480115842,0.0133688278682262,0.108181994952853,0.867887091432675,0.965192433028853
"gene-LOC134681368|LOC134681368",69.7261840670028,0.186382688844027,0.143371573440039,0.0570150135213242,0.283296128027172
"gene-LOC134681371|LOC134681371",63.820398818235,0.0770769164011104,0.142688698149927,0.33884692100876,0.694930742699872
"gene-LOC134681379|LOC134681379",31.8160186685958,-0.0550694389580793,0.118321527329089,0.496297750768006,0.806167645986122
"gene-LOC134681391|LOC134681391",33.0735111743248,0.0496286309650365,0.120594856295145,0.540043305961142,0.832033699639942
"gene-LOC134681395|LOC134681395",163.399324649196,-0.0411589430711323,0.140039350655624,0.557087360507119,0.842308684175254
"gene-LOC134681401|LOC134681401",28.0279068357899,0.141383909019659,0.192716506320949,0.108012343652895,0.408829596451485
"gene-LOC134681402|LOC134681402",23.5909745778928,0.00857611920745302,0.12473976752419,0.910786746199438,0.980949200438228
"gene-LOC134681403|LOC134681403",15.4401016444306,-0.0536389710060827,0.158799379198638,0.322082382939738,0.67977286879096
"gene-LOC134681405|LOC134681405",12.4229673380817,0.0937023220627371,0.153445608615355,0.251216271278306,0.607304390918123
"gene-LOC134681407|LOC134681407",10.0175786103966,-0.128052571329598,0.188376906811413,0.122310911994967,NA
"gene-LOC134681409|LOC134681409",34.6218187826398,0.162987795327431,0.179036414521958,0.0940368064852176,0.374618172176883
"gene-LOC134681413|LOC134681413",9.28736021945764,0.0189723072687038,0.144241336115278,0.751941287723746,NA
"gene-LOC134681421|LOC134681421",39.1532918285994,-0.295499764747647,0.142433151462214,0.00593819087037559,0.0763089312365356
"gene-LOC134681427|LOC134681427",10.0674876375077,0.0243363811150265,0.155675445806142,0.493738243337211,NA
"gene-LOC134681429|LOC134681429",43.5613848957679,0.216830614413106,0.135114410382077,0.0275312552577923,0.186766875390987
"gene-LOC134681430|LOC134681430",29.9483924990981,0.0411295197847135,0.136579644009897,0.574488641211478,0.84966163095359
"gene-LOC134681432|LOC134681432",35.2127224568572,-0.0696190512056864,0.131520708216664,0.39337020697712,0.737556162394337
"gene-LOC134681433|LOC134681433",44.2329226054384,0.0265449988807995,0.148625951494661,0.631760886880686,0.880594496592991
"gene-LOC134681436|LOC134681436",21.586913198439,-0.0809050699120934,0.174038670551394,0.159510824627532,0.492766223509884
"gene-LOC134681443|LOC134681443",7.23005114751487,0.0889554125970815,0.193348990892924,0.0104454909768048,NA
"gene-LOC134681450|LOC134681450",49.0351473122043,-0.271643229740843,0.148698531653629,0.0113601216529764,0.107364947966557
"gene-LOC134681478|LOC134681478",47.9291560695892,-0.0362997917044269,0.113398670320338,0.64672655689924,0.888724022796429
"gene-LOC134681496|LOC134681496",15.4687367455582,-0.166243179329915,0.197474547850693,0.0843106795935124,0.351478422127404
"gene-LOC134681505|LOC134681505",23.1636498972574,0.0331883845020587,0.151516754395108,0.531471792378055,0.826824084646767
"gene-LOC134681561|LOC134681561",117.997788344747,0.015973107611223,0.157912361746014,0.238023168031976,0.592963465140278
"gene-LOC134681627|LOC134681627",18.69380357814,0.0167946680566536,0.140576743303388,0.797576571677377,0.940819292107845
"gene-LOC134681663|LOC134681663",49.8382061932374,0.136376232569221,0.20239385674777,0.0984481480297187,0.385362098545923
"gene-LOC134681698|LOC134681698",52.1897430612519,0.217342083675823,0.232840380774178,0.0477378314735783,0.255412432482241
"gene-LOC134681724|LOC134681724",95.4658193252857,0.133000313492499,0.0910872014923193,0.0793870780317501,0.340995068821475
"gene-LOC134681726|LOC134681726",1032.26321553441,-0.000765366003660308,0.154831555299072,0.969221029935318,0.995073589829788
"gene-LOC134681727|LOC134681727",1001.08058529563,8.15383925942147e-05,0.154833110099545,0.984324209346765,0.996209916355083
"gene-LOC134681729|LOC134681729",1486.457070803,0.038653217677157,0.146648587548632,0.588502179166667,0.858428871374324
"gene-LOC134681730|LOC134681730",811.175441349294,-0.0315120015052161,0.14624960127115,0.592060357274379,0.859810752403368
"gene-LOC134681731|LOC134681731",129.025458928942,0.0222316769064602,0.156652521625914,0.466950933681809,0.791854205969224
"gene-LOC134681737|LOC134681737",65.4342213474027,0.00770209003153714,0.143123049385705,0.904056441063083,0.978481247369403
"gene-LOC134681795|LOC134681795",12.4305092017753,0.00694806107629849,0.154547902918845,0.817160004805949,0.946574899510975
"gene-LOC134681796|LOC134681796",31.8482641308561,-0.0118238765261605,0.156510947617859,0.558826212376621,0.843645989811546
"gene-LOC134681840|LOC134681840",10.8871782660349,0.0892709336870507,0.173157746497956,0.181946901730649,NA
"gene-LOC134681874|LOC134681874",109.814651618447,-0.0127639721371669,0.156314108676936,0.567205339897214,0.84663160786424
"gene-LOC134681880|LOC134681880",19.3931537724392,-0.0548412599084765,0.153307086566116,0.383906195330073,0.731523321643005
"gene-LOC134681930|LOC134681930",10.575519941648,0.0362628537531506,0.157514189825108,0.372475388789933,NA
"gene-LOC134681971|LOC134681971",75.845312326438,0.082081478149973,0.173971166313046,0.164708593645169,0.500209153002026
"gene-LOC134681976|LOC134681976",19.8213284630102,0.018158938437669,0.128602580768637,0.809007402094015,0.944676393794501
"gene-LOC134682011|LOC134682011",399.285728619982,-0.0270729051657849,0.155210234057524,0.487022499304986,0.799735673648505
"gene-LOC134682024|LOC134682024",85.3405039943865,0.022372951757894,0.154055125238497,0.573151800496483,0.849064411433162
"gene-LOC134682025|LOC134682025",41.9978833396376,-0.0346991012453846,0.153718753223211,0.477358111973364,0.796791709893797
"gene-LOC134682031|LOC134682031",11.539515169881,0.10954903256301,0.169344210102909,0.179101369068209,0.519998049664762
"gene-LOC134682079|LOC134682079",51.4766080374405,-0.0447500956360526,0.138544697930326,0.540104783449638,0.832033699639942
"gene-LOC134682110|LOC134682110",233.168639060207,0.00334634121987353,0.148836125527836,0.958598430198439,0.993195169444879
"gene-LOC134682112|LOC134682112",180.406104301904,0.0501148565651395,0.160097902784294,0.301478291019027,0.661330506194431
"gene-LOC134682149|LOC134682149",10.6727731060403,0.0119400972529967,0.156307706019999,0.589383452201183,NA
"gene-LOC134682152|LOC134682152",1465.32756828611,0.0541062641261985,0.155597529350971,0.366417760923296,0.714879368171943
"gene-LOC134682178|LOC134682178",29.9224569222328,0.0127787733723524,0.120981255550435,0.865724419639562,0.964151816146661
"gene-LOC134682204|LOC134682204",22.0870266303837,-0.00348579292858438,0.138627771852854,0.956638767800672,0.993195169444879
"gene-LOC134682220|LOC134682220",12.3253651299254,-0.0129868376004366,0.135600367359558,0.846943582333882,0.956699253750037
"gene-LOC134682252|LOC134682252",51.5011873453447,0.135421090491458,0.156659289142071,0.142074005962721,0.465521783067376
"gene-LOC134682314|LOC134682314",16.5949637255079,0.0159473535032446,0.124889655184318,0.836846256497737,0.952422843289367
"gene-LOC134682382|LOC134682382",28.5828766639836,0.0266069821121798,0.140687105184695,0.690963041115531,0.907620752446718
"gene-LOC134682520|LOC134682520",50.3322229164053,-0.696271631024302,0.149145850342608,2.06983073908469e-07,0.000219747030132824
"gene-LOC134682546|LOC134682546",12.3872401430046,-0.0484764337606879,0.145262767169073,0.474504312561915,0.795503607539599
"gene-LOC134682572|LOC134682572",10.7724269720554,0.0297648110281614,0.142411862168448,0.648099530159091,NA
"gene-LOC134682599|LOC134682599",42.4746842011574,0.226086207627474,0.18864986852069,0.0402540660452266,0.233349151543136
"gene-LOC134682645|LOC134682645",10.5641210893474,-0.0203324411480792,0.154352180377006,0.58523652724831,NA
"gene-LOC134682677|LOC134682677",30.0357528611828,-0.00660726063654523,0.108447710403354,0.934608678684168,0.98747010834602
"gene-LOC134682853|LOC134682853",109.961238715619,-0.0709093654292341,0.136496164889381,0.380813810256988,0.727863864246607
"gene-LOC134682895|LOC134682895",17.9989824510535,0.0211203270072652,0.141452674911399,0.743028054349739,0.922989217279219
"gene-LOC134682898|LOC134682898",44.311234417853,-0.0694247171673241,0.158594670204885,0.295048831665645,0.656694988717735
"gene-LOC134682899|LOC134682899",84.2451407756025,0.0894130432560531,0.124588620261831,0.291657918412873,0.652338813304072
"gene-LOC134682900|LOC134682900",6.35497445793148,-0.00289357007621319,0.15433371131009,0.918880052395931,NA
"gene-LOC134682905|LOC134682905",331.55128742974,0.0413014360627195,0.11633667489961,0.597054835609176,0.861916670851489
"gene-LOC134682908|LOC134682908",19.2255310969912,-0.0821572987529917,0.170014607652743,0.199821558651394,0.545824754978293
"gene-LOC134682910|LOC134682910",10.3791477303675,0.0925920938495912,0.176931276288889,0.159066281840194,NA
"gene-LOC134682914|LOC134682914",15.0261938026313,-0.0249996004217192,0.146905361374221,0.658112374544002,0.893944973118365
"gene-LOC134682920|LOC134682920",56.3828600812024,0.118124356081502,0.171929426315896,0.160793811461944,0.495049095704487
"gene-LOC134682926|LOC134682926",8.33465895683949,-0.00373818545831808,0.136948427064444,0.954591721732352,NA
"gene-LOC134682928|LOC134682928",29.1054453849246,0.165743744847641,0.270532685490393,0.0333604001433686,0.207380077333061
"gene-LOC134682931|LOC134682931",53.2442111422616,0.455468278518549,0.217222329940211,0.00253248669520625,0.0577549095880685
"gene-LOC134682932|LOC134682932",12.6405267453119,0.0523395940415091,0.146520806062539,0.450202185613608,0.781497079559077
"gene-LOC134682935|LOC134682935",21.0977984558073,-0.00976394105253629,0.146943650236295,0.852188594295311,0.958029242838746
"gene-LOC134682936|LOC134682936",15.2944899468037,-0.0121103852945288,0.139069628775185,0.8534795898245,0.958509341886823
"gene-LOC134682937|LOC134682937",24.526415812813,0.123589447480344,0.16861387642178,0.15719047622974,0.489409362205113
"gene-LOC134682938|LOC134682938",33.9287778490718,-0.0128240725043736,0.151633256629246,0.759097500135671,0.928644339516847
"gene-LOC134682951|LOC134682951",48.5744211115151,0.0870766270105391,0.151344557338313,0.276750161018602,0.635507759801188
"gene-LOC134682955|LOC134682955",407.054682871405,-0.0760440012980209,0.132298512216119,0.355912418067985,0.708266823834134
"gene-LOC134682960|LOC134682960",24.9091151047883,0.0070441457942595,0.147024285568929,0.891644458299745,0.975070935959626
"gene-LOC134682961|LOC134682961",40.6875748736404,0.0973916793456566,0.16860885769343,0.1988756405344,0.544408177999194
"gene-LOC134682970|LOC134682970",127.516720912707,0.00208687408591948,0.101035799335616,0.979105322254695,0.995964714564617
"gene-LOC134682971|LOC134682971",192.200033498785,0.145407564354384,0.0906550452903967,0.0550038088944613,0.27807481163311
"gene-LOC134682976|LOC134682976",36.1146662550184,0.0414036237137249,0.14090464418316,0.550824248831194,0.837535654226439
"gene-LOC134682985|LOC134682985",42.7695372472336,-0.0364593523953976,0.112092476740018,0.646721830620036,0.888724022796429
"gene-LOC134682986|LOC134682986",60.2514585682715,-0.0545100241812025,0.127866763897198,0.493723218008318,0.805016683723875
"gene-LOC134682990|LOC134682990",14.7523912087633,0.0834014541807748,0.184815223451015,0.050798144112244,0.266177979803904
"gene-LOC134682991|LOC134682991",31.8722012654033,0.09961048671652,0.203011769164268,0.0115772032297286,0.108931734968052
"gene-LOC134682992|LOC134682992",30.0924831871925,0.100829167449486,0.169344357167591,0.193414792669233,0.537310174139996
"gene-LOC134682997|LOC134682997",22.8653914211351,0.000185279554617875,0.147804180615467,0.996697049331889,0.999206831011038
"gene-LOC134683005|LOC134683005",37.4248017340011,0.0288612586984547,0.118407972247723,0.71403119218142,0.917196752207228
"gene-LOC134683007|LOC134683007",12.9487352120234,0.0929572561120011,0.171835164903713,0.189527153651874,0.53440519088157
"gene-LOC134683008|LOC134683008",8.39836755962542,0.0661203456337432,0.170738751408934,0.134009906277243,NA
"gene-LOC134683012|LOC134683012",17.2725127858746,0.0500451045567718,0.133066557026208,0.518140194191905,0.817170843526227
"gene-LOC134683013|LOC134683013",116.607139683925,0.0226199794475022,0.147166465902525,0.689668988325027,0.906934652277131
"gene-LOC134683016|LOC134683016",1309.78729121571,0.12486368069561,0.0822787711740095,0.0778497948885029,0.337669944678899
"gene-LOC134683025|LOC134683025",12.3630380511352,-0.33118638929565,0.301425744577964,0.0184972226828323,0.149337526602842
"gene-LOC134683027|LOC134683027",50.2917164644741,-0.0201440016004488,0.110602053140782,0.797612976241372,0.940819292107845
"gene-LOC134683028|LOC134683028",11.2352912400389,0.0769901296148598,0.160440561799811,0.26950364843113,NA
"gene-LOC134683029|LOC134683029",9.63560027215555,0.138886268276258,0.232421246824506,0.0448863820157191,NA
"gene-LOC134683030|LOC134683030",123.503164686594,0.134186768504713,0.156404133988023,0.144289873080066,0.46923424149864
"gene-LOC134683033|LOC134683033",14.3419487167004,-0.0677131694943434,0.165902347849878,0.224235699264787,0.576448669818971
"gene-LOC134683034|LOC134683034",14.909935770021,-0.0372773813602295,0.150863290849159,0.510341955426787,0.811331686633469
"gene-LOC134683039|LOC134683039",22.6735417591456,-0.0268273292035356,0.154554623374083,0.514404019483497,0.813987689184446
"gene-LOC134683040|LOC134683040",48.6022127348389,0.326366908542853,0.157715149606098,0.00494118978065392,0.0728858444548063
"gene-LOC134683041|LOC134683041",35.1276565949291,1.90681876926261,0.670653586090458,0.000143471556302669,0.011011009802988
"gene-LOC134683044|LOC134683044",34.0282010310989,-0.0189170482423234,0.124712889397919,0.804482529751883,0.943228489187407
"gene-LOC134683046|LOC134683046",78.5953941055664,0.0473573187265772,0.106067330094613,0.549933338229833,0.837308768277688
"gene-LOC134683047|LOC134683047",36.285613808282,-0.0371080527561425,0.131893904856415,0.622210106470663,0.875906823915608
"gene-LOC134683053|LOC134683053",43.9987726992158,-0.0351271261125887,0.146258141864262,0.570508794705247,0.848701780072962
"gene-LOC134683062|LOC134683062",9.70204221322902,-0.200043642640598,0.212083506079027,0.058321987388856,NA
"gene-LOC134683064|LOC134683064",100.292827708005,0.179336959544747,0.112907423974345,0.0409930717408203,0.235460655535641
"gene-LOC134683065|LOC134683065",50.3200522817158,-0.000834166193099471,0.139272056952448,0.989187667924662,0.99704656962612
"gene-LOC134683070|LOC134683070",42.7879467391042,-0.0443626552918168,0.14458369287731,0.511276820864742,0.8120595589801
"gene-LOC134683073|LOC134683073",34.659496955449,0.11849567463813,0.176018154596813,0.154648023914748,0.485246214591124
"gene-LOC134683075|LOC134683075",12.4735654265181,0.974960093632839,0.290277372210053,3.69650378767014e-05,0.00547598351801367
"gene-LOC134683076|LOC134683076",13.2124123630938,-0.159180766874354,0.216645503316182,0.0788439715955502,0.339348715583551
"gene-LOC134683077|LOC134683077",44.0955056338455,0.0161929189806883,0.15463772681109,0.623439284232174,0.876475003433888
"gene-LOC134683080|LOC134683080",18.557256979856,0.0273486516767788,0.153838756983135,0.53015892668913,0.826270826092971
"gene-LOC134683087|LOC134683087",18.7483761495457,0.669108559445663,0.390542572724413,0.00314115098870372,0.0643380443666968
"gene-LOC134683090|LOC134683090",10.4717625551949,-0.000608052201780974,0.152249169914862,0.984926966656025,NA
"gene-LOC134683093|LOC134683093",18.6887682282853,0.0765027107245075,0.1585318930177,0.281659305869247,0.64123294438424
"gene-LOC134683096|LOC134683096",90.8923794335498,0.0624614549932311,0.140675880192855,0.416838821680083,0.756485268974965
"gene-LOC134683097|LOC134683097",9.3704698514512,-0.0111558161070162,0.15591213853189,0.638566015910463,NA
"gene-LOC134683115|LOC134683115",40.5125659547692,0.00227173669849427,0.104980450094095,0.973861291139773,0.995073589829788
"gene-LOC134683119|LOC134683119",14.4932918079671,0.117309149363566,0.200834038447289,0.0869238126599498,0.356906916073139
"gene-LOC134683121|LOC134683121",22.2911660659593,0.615304451982818,0.190807541266985,8.50163603770897e-05,0.00785660514595445
"gene-LOC134683122|LOC134683122",18.1652274007359,0.234707596240393,0.405498192689755,0.0214233239130016,0.161308006295296
"gene-LOC134683137|LOC134683137",66.7996293950418,0.139395389912022,0.142080955028702,0.13053077629364,0.444642270048388
"gene-LOC134683138|LOC134683138",8.17111240778258,0.00354038534251407,0.15023654601796,0.936779013232813,NA
"gene-LOC134683141|LOC134683141",111.073563078784,0.0961573834375587,0.0858257920031709,0.183840726684985,0.525295157570623
"gene-LOC134683142|LOC134683142",29.796373137498,0.0462024161469938,0.142588075190529,0.510616755371048,0.811331686633469
"gene-LOC134683156|LOC134683156",61.1088990954471,0.639461324323928,0.381546917250026,0.0034441829596103,0.0662470330772713
"gene-LOC134683157|LOC134683157",72.6365774447836,-0.342759027943272,0.16035520470964,0.00383221287184187,0.0685339022460912
"gene-LOC134683162|LOC134683162",77.5675067368317,-0.0499703120943277,0.150311739323122,0.434722109047472,0.772866266992018
"gene-LOC134683163|LOC134683163",26.5114916899697,0.0711100556963052,0.122725858052743,0.387775426000062,0.733405974480915
"gene-LOC134683164|LOC134683164",14.6582571977416,0.168906670649427,0.182510416336274,0.0873812901485005,0.357954223952378
"gene-LOC134683165|LOC134683165",160.876748610095,-0.0993362530280206,0.173802382687475,0.176496755843578,0.518151214957729
"gene-LOC134683168|LOC134683168",9.40002894677858,-0.157311295399277,0.222796044563983,0.0734962946447957,NA
"gene-LOC134683169|LOC134683169",117.39847924439,0.00479783238166678,0.0873386128274291,0.946033517496412,0.992150296257638
"gene-LOC134683170|LOC134683170",8.84735033772654,0.0668717932938996,0.154181448563589,0.33553281548918,NA
"gene-LOC134683178|LOC134683178",11.1501916971199,0.0149596830162402,0.144737612652613,0.799505758131724,NA
"gene-LOC134683182|LOC134683182",47.479897870889,-0.0470129643343296,0.139927650892589,0.515497266145383,0.814762597813949
"gene-LOC134683186|LOC134683186",352.072218777862,-0.0252828035153858,0.110395553325987,0.748717033075849,0.923580623736145
"gene-LOC134683187|LOC134683187",21.2721967442628,0.042319502473815,0.142092195054272,0.543357302387608,0.833706332298924
"gene-LOC134683189|LOC134683189",8.28950600035624,0.0526423480734774,0.162453150600536,0.249933916353861,NA
"gene-LOC134683196|LOC134683196",9.97964327551241,0.0100572377467155,0.14866819320127,0.840094821838635,NA
"gene-LOC134683207|LOC134683207",17.0978153306091,-0.0313518286327756,0.131519383986163,0.676136567213354,0.902757154397979
"gene-LOC134683210|LOC134683210",23.8625847414676,0.0463639982365667,0.153717596095399,0.416680537996759,0.756413515827687
"gene-LOC134683219|LOC134683219",15.3112479245751,0.0899328494724196,0.166962440495173,0.214847715454395,0.566934526696147
"gene-LOC134683222|LOC134683222",24.4060819833612,0.623129370588731,0.318274270118272,0.00231617365659349,0.0552769048968115
"gene-LOC134683225|LOC134683225",375.323063925123,0.0260745265358874,0.0944721981190051,0.732780191644845,0.921763392728607
"gene-LOC134683226|LOC134683226",234.418587814415,0.0111537374269596,0.154815843820259,0.714354495565986,0.917427043700671
"gene-LOC134683232|LOC134683232",18.7708747030285,0.498922755557167,0.596359188238336,0.00969500692485323,0.0981476127059365
"gene-LOC134683237|LOC134683237",9.83784487443575,0.0030103455757302,0.155681560730092,0.894182853036914,NA
"gene-LOC134683238|LOC134683238",16.4466203451424,-0.00569260218674876,0.156159208938808,0.759046116320664,0.928644339516847
"gene-LOC134683239|LOC134683239",75.7154370112223,0.0105525941242431,0.151635349319659,0.808223573026188,0.944489987490306
"gene-LOC134683240|LOC134683240",81.8522036604072,0.0117970503904673,0.151720386024187,0.788314753013756,0.938434867631775
"gene-LOC134683241|LOC134683241",10.0701829818966,-0.0109128904341376,0.156956855314575,0.493199584412124,NA
"gene-LOC134683242|LOC134683242",144.530049020836,-0.05150825813954,0.163201936470572,0.221710075005478,0.57480389816235
"gene-LOC134683247|LOC134683247",690.25092753694,0.127452591214086,0.136638025931761,0.159896703445098,0.493240678423861
"gene-LOC134683250|LOC134683250",22.7437737795731,-0.00883545073756899,0.152131779005848,0.821068610611507,0.94767295698411
"gene-LOC134683257|LOC134683257",19.4613191167906,-0.0139426861890285,0.147487359990177,0.791636405741266,0.93946448995995
"gene-LOC134683258|LOC134683258",596.500832674571,-0.11145046591777,0.131771045182778,0.195404130307002,0.539663531464313
"gene-LOC134683261|LOC134683261",42.0968818087842,0.310720430096253,0.320130564928337,0.0213824944479337,0.161191111992115
"gene-LOC134683262|LOC134683262",6.338998051773,0.0200947705103184,0.155068273860129,0.562559088113608,NA
"gene-LOC134683263|LOC134683263",7.39727079137995,-0.00576403319887272,0.15243902597891,0.876150458751953,NA
"gene-LOC134683264|LOC134683264",110.842038834643,-0.0145120562453188,0.137319659555976,0.827395463288495,0.949617226989022
"gene-LOC134683266|LOC134683266",28.4139852957427,0.220931881925962,0.150381786148605,0.0324144483739072,0.203603925307352
"gene-LOC134683269|LOC134683269",25.2791386861744,-0.072249445528256,0.16180370986599,0.264764273719064,0.620966286598542
"gene-LOC134683279|LOC134683279",16.4704167503987,0.0144620943035725,0.123358809133207,0.851216723342994,0.957755997415904
"gene-LOC134683281|LOC134683281",12.6674369098791,-0.00837866958235126,0.153908135359333,0.791105416990222,0.93946448995995
"gene-LOC134683286|LOC134683286",9.15929816872756,0.00392906025923889,0.146208352248561,0.942074110838485,NA
"gene-LOC134683293|LOC134683293",31.1922204313078,0.0594703356978376,0.164273764739579,0.232630502202456,0.585945551217732
"gene-LOC134683295|LOC134683295",23.8624669768388,0.13242362417186,0.146023022409292,0.147519876863213,0.473158275555276
"gene-LOC134683298|LOC134683298",22.2865202928279,-0.116966889179627,0.153132060463235,0.183760500521024,0.525295157570623
"gene-LOC134683300|LOC134683300",63.086290513114,-0.105841860269669,0.125746078754276,0.219937382099442,0.573006594672165
"gene-LOC134683308|LOC134683308",57.9164554891665,0.14382817066939,0.240442064444617,0.0386834206882785,0.228399727727999
"gene-LOC134683316|LOC134683316",148.656424750716,-0.0451090473388848,0.139812737778742,0.530655251106177,0.826270826092971
"gene-LOC134683320|LOC134683320",44.2772983888942,0.0248261657404526,0.0980371669085362,0.747206380382892,0.923580623736145
"gene-LOC134683322|LOC134683322",19.2038082866011,0.381291937750508,0.246528880823033,0.009162919450958,0.0950615584732939
"gene-LOC134683324|LOC134683324",47.1212234740933,-0.0211143501426619,0.133366516496805,0.767631751660473,0.931502256871707
"gene-LOC134683326|LOC134683326",16.4146843101078,-0.0900897858916608,0.138582940512448,0.283728220401307,0.643932436486161
"gene-LOC134683330|LOC134683330",9.05534015432134,-0.443599339741055,0.376516314940769,0.0103875225423425,NA
"gene-LOC134683332|LOC134683332",10.8254655550439,0.0232060503789678,0.158492808862736,0.254570973181963,NA
"gene-LOC134683334|LOC134683334",14.7589686044064,0.169745325040208,0.228731694016459,0.0676419517030326,0.310062534689014
"gene-LOC134683337|LOC134683337",13.4764115567142,0.356793524676749,0.260648378218676,0.0129956487952333,0.116924128284797
"gene-LOC134683339|LOC134683339",20.5342916241271,0.0870995083125595,0.135191459574111,0.300221949410111,0.661248784615699
"gene-LOC134683344|LOC134683344",141.74520113188,-0.043772983056176,0.140448260891974,0.541431393308225,0.833071974727872
"gene-LOC134683351|LOC134683351",137.755131707782,0.301929888410916,0.119231995643418,0.00192266661121174,0.0489895452536752
"gene-LOC134683353|LOC134683353",13.1684662409615,-0.0481717804742288,0.140245228334944,0.5061318609776,0.80924648465467
"gene-LOC134683354|LOC134683354",7.46400164362994,0.00784886959099062,0.146916666855896,0.887170249480881,NA
"gene-LOC134683355|LOC134683355",21.0666062437965,0.04485374173933,0.138789748007739,0.531567820107401,0.826824084646767
"gene-LOC134683358|LOC134683358",8.27881106556458,0.0573166657823045,0.160463771416287,0.294349643082777,NA
"gene-LOC134683360|LOC134683360",45.4206667648504,0.0194254019813038,0.120926113309225,0.803406826108769,0.943007459427466
"gene-LOC134683362|LOC134683362",10.0386480146718,0.066238985024535,0.158406561932137,0.305201424425228,NA
"gene-LOC134683370|LOC134683370",9.67703729416557,0.0753180511284157,0.168890491088534,0.19795277108255,NA
"gene-LOC134683373|LOC134683373",20.0408215058225,-0.0214751904116991,0.152827113161834,0.613940155374826,0.871209577925122
"gene-LOC134683378|LOC134683378",10.0777099743705,0.0321082311805008,0.146227881970212,0.602331443021931,NA
"gene-LOC134683379|LOC134683379",32.9277106634448,-0.00473713034470949,0.12832777078105,0.948771917983205,0.992882720149995
"gene-LOC134683381|LOC134683381",173.839817340795,0.062844981667545,0.135103300970379,0.429830234452063,0.766951986963486
"gene-LOC134683382|LOC134683382",13.8462559972648,0.0400320520648045,0.149432697443027,0.507917262077052,0.809857365041912
"gene-LOC134683383|LOC134683383",11.8515379895184,0.0678076066470728,0.154262852292397,0.330961794716688,0.686328062567856
"gene-LOC134683384|LOC134683384",7.64840738894907,-0.0298593106553148,0.1574915606426,0.382219479669327,NA
"gene-LOC134683385|LOC134683385",29.9722445721684,-0.020081334177161,0.147151187232677,0.71307618952928,0.91657059440193
"gene-LOC134683387|LOC134683387",11.375740825311,0.0386325680154418,0.156273922372492,0.40317915196002,0.744852435610593
"gene-LOC134683388|LOC134683388",6.67352380242412,0.00217102017260692,0.1544209522216,0.941423850600744,NA
"gene-LOC134683389|LOC134683389",37.1744280869983,0.149021363667796,0.175432085451112,0.113406719590874,0.416849857930679
"gene-LOC134683390|LOC134683390",209.751937531091,-0.0630900988504403,0.169125144604713,0.143462538342885,0.467773179010326
"gene-LOC134683391|LOC134683391",159.47642367312,-0.0888093482344216,0.189130361161394,0.0434568916021786,0.24155357723026
"gene-LOC134683394|LOC134683394",477.54152437289,-0.0273437714613127,0.155316870356747,0.482369485055324,0.797844258383848
"gene-LOC134683395|LOC134683395",71.2165705600249,-0.0109168715349753,0.154994099131435,0.696390754756982,0.909385638445399
"gene-LOC134683396|LOC134683396",20.1061788859343,-0.0254706373526479,0.159124239971583,0.19087739071838,0.535162402674331
"gene-LOC134683398|LOC134683398",11.0301230883895,0.0435451496600849,0.135107406539026,0.566772472546992,NA
"gene-LOC134683400|LOC134683400",19.2367871109945,0.386224150631663,0.301032643619475,0.011835686608398,0.110224157449554
"gene-LOC134683404|LOC134683404",52.3485038085994,-0.277673024539312,0.194832193130916,0.0203860773607322,0.15778774336314
"gene-LOC134683410|LOC134683410",677.55898440832,0.21182484835553,0.150331948055771,0.0381334211662045,0.226541634330703
"gene-LOC134683411|LOC134683411",22.7932714201329,-0.000932931664635207,0.137687927311433,0.987566045669704,0.99704656962612
"gene-LOC134683435|LOC134683435",22.0244931668377,-0.0218107596734517,0.128970760623518,0.76933019990613,0.931502256871707
"gene-LOC134683452|LOC134683452",36.2507305049216,-0.0813054089629224,0.154011154054363,0.284435716076855,0.643932436486161
"gene-LOC134683457|LOC134683457",14.2000384858867,0.00930673109743174,0.135639303197936,0.893676229585904,0.975254009504506
"gene-LOC134683459|LOC134683459",335.725209864886,-0.0280463552445179,0.118199763572154,0.720855948704894,0.918664055811524
"gene-LOC134683463|LOC134683463",15.0988236619962,0.167599145457133,0.218255759273909,0.0750817258472565,0.330111417533866
"gene-LOC134683471|LOC134683471",72.9675788451599,-0.242878255270922,0.35037104570416,0.0282769061786426,0.189007232274872
"gene-LOC134683475|LOC134683475",14.3009781474201,-0.0621165967173913,0.141714091228501,0.412878601751284,0.752298825273363
"gene-LOC134683486|LOC134683486",9.75377355920015,-0.00339079020940649,0.155197515508342,0.8867853941252,NA
"gene-LOC134683513|LOC134683513",105.374082012791,0.0529271277682103,0.154517456349815,0.381714738778379,0.728522714898856
"gene-LOC134683530|LOC134683530",40.1826934522954,-0.111020416692649,0.180389838457045,0.147741257469301,0.473158275555276
"gene-LOC134683534|LOC134683534",1097.66703954988,-0.0542958434521239,0.151650269201435,0.401229354050965,0.743137032679469
"gene-LOC134683549|LOC134683549",34.5588902733458,0.068232098693481,0.176084875785147,0.0456747644608961,0.249312981676014
"gene-LOC134683560|LOC134683560",2789.16835712759,-0.022303677595625,0.157386224957061,0.385037032993213,0.732179278363182
"gene-LOC134683568|LOC134683568",114.587645705416,0.370170725017397,0.171411214031738,0.00321714240837869,0.0644506893595178
"gene-LOC134683599|LOC134683599",134.537594390014,0.0329559226893166,0.116836934447755,0.686593916220849,0.906535024679564
"gene-LOC134683600|LOC134683600",15.7725097227467,-0.00126287621456294,0.151068794346626,0.973743849380338,0.995073589829788
"gene-LOC134683610|LOC134683610",16.3053733770601,0.0401086499822185,0.149041986466427,0.509351617397007,0.810558763224386
"gene-LOC134683634|LOC134683634",60.820864183303,0.526738110148807,0.186897310752412,0.000344008560705524,0.0195654868901267
"gene-LOC134683639|LOC134683639",20.3906774775279,0.016632648996763,0.153645133482012,0.656570276720402,0.893568524559309
"gene-LOC134683663|LOC134683663",21.8838073367096,0.00655247432927268,0.131910800330686,0.924215580916593,0.983116205832622
"gene-LOC134683666|LOC134683666",676.102780144265,-0.00298238596032447,0.156489015826178,0.834811332744471,0.951902489882482
"gene-LOC134683694|LOC134683694",12.2671663046847,0.0856253742343053,0.143549227487212,0.297478637866765,0.659109190682189
"gene-LOC134683698|LOC134683698",13.1322417814047,-0.00874115376389468,0.156514211637222,0.628764795397846,0.878733733018258
"gene-LOC134683743|LOC134683743",8.34551186626144,-0.00722019450212795,0.156074792326884,0.722088848672194,NA
"gene-LOC134683744|LOC134683744",33.335907579239,0.0552935763710236,0.137968092394947,0.469586555296594,0.793649869259565
"gene-LOC134683754|LOC134683754",10.1554659617208,-0.0148849354177513,0.151796659072436,0.72600415223499,NA
"gene-LOC134683810|LOC134683810",7.47269653682866,-0.0043330970488707,0.148890759127522,0.927167491534465,NA
"gene-LOC134683821|LOC134683821",861.572735948259,0.0789744545474513,0.0658059236720933,0.190471363403423,0.534746976403188
"gene-LOC134683827|LOC134683827",403.194426315027,0.0590940569640244,0.163659451147087,0.244648393983236,0.60109403389715
"gene-LOC134683828|LOC134683828",1925.82932986527,-0.0172662909597714,0.142899219799174,0.777613064948748,0.934005335233767
"gene-LOC134683830|LOC134683830",9036.21554940409,0.00399221792137637,0.145468922851566,0.953577883574101,0.993195169444879
"gene-LOC134683831|LOC134683831",4724.20352653022,-0.00580095944766798,0.144458278652351,0.915656870026421,0.98134698001751
"gene-LOC134683890|LOC134683890",2310.06438658822,0.0182288965809097,0.148390171694816,0.734409097292866,0.921921372263905
"gene-LOC134683914|LOC134683914",7.02254441687399,-0.0225950496204765,0.157442833098059,0.377788286697932,NA
"gene-LOC134683918|LOC134683918",9.37419531995702,-0.00117544388361141,0.154643100119952,0.964081326664167,NA
"gene-LOC134683926|LOC134683926",72.8738332964373,0.0254686563129681,0.128738510751332,0.736578704778047,0.921921372263905
"gene-LOC134683945|LOC134683945",11.2468345325496,0.429510240630343,0.299550740588199,0.00866598638965243,NA
"gene-LOC134683957|LOC134683957",11.9787100053184,-0.0787548992433017,0.144357854017998,0.326149072605195,0.682916592314866
"gene-LOC134683965|LOC134683965",5925.69298086631,-0.0191167236159551,0.154780593302149,0.576839532727016,0.851162340391729
"gene-LOC134683969|LOC134683969",15.9822880946663,-0.02759129975292,0.152313703473724,0.562665451815974,0.844329547247998
"gene-LOC134683980|LOC134683980",11.2534679905689,-0.00694703726485132,0.141248332475164,0.910225824461968,NA
"gene-LOC134683983|LOC134683983",9.72407769556602,1.98814349523909,2.3023953678942,0.928810818905629,NA
"gene-LOC134684002|LOC134684002",41.0001740307081,0.0451098275676585,0.0989424778338766,0.565904216138923,0.846361619922557
"gene-LOC134684011|LOC134684011",13.241522922926,0.0628536800095562,0.167843299996269,0.17438703990856,0.514042315695293
"gene-LOC134684020|LOC134684020",51.3089015569716,0.158811976700307,0.122871819875537,0.0777578060417879,0.33763955316032
"gene-LOC134684025|LOC134684025",833.302382899785,0.102948801968092,0.150157068269678,0.223321562131482,0.57613816735644
"gene-LOC134684050|LOC134684050",61.3668686149879,0.00605067109907656,0.157016841089945,0.584817509615754,0.856191113824948
"gene-LOC134684063|LOC134684063",108.975854572883,-0.0273986264157158,0.159830923834596,0.126389919216129,0.437794336817152
"gene-LOC134684088|LOC134684088",102.31399452646,0.0138292636078455,0.156125640941835,0.575367591089677,0.849997724348366
"gene-LOC134684149|LOC134684149",101.307959735044,0.0171047879757733,0.157762012699555,0.308207959281406,0.667081733268034
"gene-LOC134684152|LOC134684152",456.825477745401,-0.0189372025606813,0.154715741400172,0.567445371661304,0.84663160786424
"gene-LOC134684174|LOC134684174",13.0968938859328,-0.0147214948202714,0.154453943691054,0.655391049714142,0.892823136586631
"gene-LOC134684188|LOC134684188",8.67352166265094,-0.958576252200592,0.406391890090141,0.000689138414802907,NA
"gene-LOC134684197|LOC134684197",30.2515421120214,0.00526125828425416,0.135663337415476,0.940094574380577,0.98965500558656
"gene-LOC134684199|LOC134684199",82.0319798249099,-0.0488463277514236,0.163927006357911,0.178807091897695,0.51999412978096
"gene-LOC134684206|LOC134684206",308.070386496869,0.0585222203785861,0.14896059125829,0.402035612098304,0.743582248387135
"gene-LOC134684209|LOC134684209",79.8730641896609,0.464532027149256,0.150667107022414,0.000180059657588659,0.01314621906832
"gene-LOC134684254|LOC134684254",8.57810550121771,0.0223020057338386,0.149870248743664,0.663606137655368,NA
"gene-LOC134684255|LOC134684255",1191.36618520422,0.191763881156946,0.0954970227766261,0.0165962790500194,0.138543018677862
"gene-LOC134684256|LOC134684256",7.78261487392196,-0.0158428180726775,0.152062733100722,0.706292681767777,NA
"gene-LOC134684257|LOC134684257",51.5629423011195,0.273848884640498,0.319754483035694,0.0274406606355281,0.186369447305304
"gene-LOC134684259|LOC134684259",68.1027209258385,0.0959322068456936,0.0966200297107306,0.215989703796102,0.568533664357399
"gene-LOC134684267|LOC134684267",37.2531668665382,0.183287877883182,0.226704011946453,0.0639963820500447,0.300500593788775
"gene-LOC134684268|LOC134684268",45.9759858494011,0.0920484009590474,0.171530300022172,0.18723530776747,0.530791682456067
"gene-LOC134684270|LOC134684270",6.50810660866138,-0.0113721628482756,0.15603373479277,0.621921580425356,NA
"gene-LOC134684271|LOC134684271",37.2266119274949,-0.583629458047408,0.183776244651917,9.96772357716805e-05,0.00858032421440007
"gene-LOC134684272|LOC134684272",33.7753862133095,0.576685512819349,0.198658769792765,0.000238472424941572,0.0154088921886702
"gene-LOC134684276|LOC134684276",30.9774308248163,0.0980326407199427,0.155336615200147,0.233712152108115,0.587740390417959
"gene-LOC134684277|LOC134684277",9.64008190258627,0.00392205814694936,0.149108954971898,0.935153764131987,NA
"gene-LOC134684281|LOC134684281",10.4208567071884,-0.00545383049189857,0.155017797792198,0.795721988902189,NA
"gene-LOC134684285|LOC134684285",30.6963879037699,2.18693119199779,0.731100127481581,8.96712231525258e-05,0.00804515058424773
"gene-LOC134684299|LOC134684299",11.6422097027983,0.0945732259123583,0.16188837947698,0.226746619939841,0.578676269638136
"gene-LOC134684313|LOC134684313",11.2842552078613,0.117731759168192,0.198226801403351,0.0964445965349349,NA
"gene-LOC134684315|LOC134684315",23.147093655711,-0.118192122736144,0.159975199232578,0.175739257442232,0.516832442247008
"gene-LOC134684350|LOC134684350",11.2516300429047,-0.0224015950774699,0.149489820779611,0.662517448929136,NA
"gene-LOC134684392|LOC134684392",6.10603188809249,-0.0129800680146917,0.156601941434433,0.531602193194414,NA
"gene-LOC134684409|LOC134684409",13.7766256553725,0.0378455687655515,0.158363576028222,0.3417251885832,0.696873143289187
"gene-LOC134684419|LOC134684419",11.115583139433,-0.00543498393643461,0.15471620505591,0.846330904294949,NA
"gene-LOC134684448|LOC134684448",22.0117990606357,-0.0395991086196685,0.156204372209897,0.405099117536473,0.746538331585684
"gene-LOC134684518|LOC134684518",29.4099771323636,0.0743714522667585,0.146363920455052,0.341872617390692,0.696873143289187
"gene-LOC134684548|LOC134684548",11.7428912494019,-0.0454297546883164,0.136045079225041,0.542129594236137,0.83319560871633
"gene-LOC134684560|LOC134684560",270.260243722819,0.0294330182306427,0.159880300180224,0.181172032417201,0.522201740496639
"gene-LOC134684561|LOC134684561",26.4015476448983,-0.0147657158959259,0.156685369570224,0.496609394481875,0.806167645986122
"gene-LOC134684562|LOC134684562",594.728969218328,-0.000480342346271173,0.156816795238818,0.94984418388388,0.993195169444879
"gene-LOC134684563|LOC134684563",13635.1509033266,0.183214279719365,0.206314218305183,0.0702518153973597,0.316186760389478
"gene-LOC134684565|LOC134684565",7905.2176229313,0.136892221837032,0.182647407713304,0.123862573142296,0.435527391033062
"gene-LOC134684566|LOC134684566",1031.88750188141,0.00766381618101887,0.154887112535858,0.805023025653459,0.943228489187407
"gene-LOC134684573|LOC134684573",55.5148076445649,-0.0303948593467648,0.0935343922116985,0.685853000355248,0.906163867140951
"gene-LOC134684620|LOC134684620",4817.7113015215,0.0436628701173599,0.149927837602971,0.478618028243471,0.796862739129877
"gene-LOC134684641|LOC134684641",24.6757610851406,0.0210016744728423,0.151213034299072,0.656639601799392,0.893568524559309
"gene-LOC134684642|LOC134684642",97.1735857522374,-0.0570727952943285,0.110190086693125,0.478363051094546,0.796862739129877
"gene-LOC134684652|LOC134684652",26.0638158629121,0.0302768338564306,0.13304115483714,0.682216403981016,0.905358019449806
"gene-LOC134684656|LOC134684656",14.2031712460371,0.0592661866270757,0.148025595292674,0.403700950398427,0.745354706870088
"gene-LOC134684657|LOC134684657",16.2537369614616,-0.0404500815986075,0.142664636041901,0.550906497834973,0.837535654226439
"gene-LOC134684671|LOC134684671",45.6357035696105,-0.121717183202536,0.147421247616803,0.177221647453234,0.519024981831824
"gene-LOC134684677|LOC134684677",13.3257753066956,0.0569256976879199,0.16600628514706,0.179949871851451,0.521456743857906
"gene-LOC134684682|LOC134684682",47.10443980271,0.000910703682568695,0.156194871625851,0.963157012223723,0.994069245097814
"gene-LOC134684687|LOC134684687",16.7705690767154,0.0439402599686647,0.161200950769742,0.251459430097786,0.607304390918123
"gene-LOC134684698|LOC134684698",31.9810143028779,0.104057645107535,0.202829701343084,0.0328961201922526,0.205238281708765
"gene-LOC134684705|LOC134684705",75.5319826188873,0.0269930304952206,0.109375463554228,0.733832441934691,0.921921372263905
"gene-LOC134684714|LOC134684714",14.2115466307927,-0.048103386536675,0.153015168407581,0.417458914578541,0.756748231606518
"gene-LOC134684728|LOC134684728",21.5873677837743,0.00478670502751426,0.119802837565082,0.952547865084385,0.993195169444879
"gene-LOC134684739|LOC134684739",23.2460542385235,-0.139374445505437,0.199690309541926,0.101162823253284,0.392931209831355
"gene-LOC134684749|LOC134684749",9.62656577526002,-0.10312342870094,0.156332200670349,0.216881706135919,NA
"gene-LOC134684752|LOC134684752",17.6562405544628,0.0151374167668893,0.150017864410357,0.748989317464272,0.923580623736145
"gene-LOC134684759|LOC134684759",55.3162922401782,-0.0312950518661448,0.117994120002702,0.692155090966054,0.908085233046964
"gene-LOC134684767|LOC134684767",12.1602245969082,0.306215499586151,0.473661569577472,0.0188206081411328,0.150991528789693
"gene-LOC134684786|LOC134684786",360.854963547221,-0.0913990960562173,0.167022708782644,0.212059494566792,0.56260682232006
"gene-LOC134684792|LOC134684792",35.4179843608431,-0.0493373934763672,0.128472955273475,0.531070216442041,0.826642245127073
"gene-LOC134684844|LOC134684844",22.5481710789598,0.0724472993071436,0.166054615670495,0.228154381800375,0.580408710889932
"gene-LOC134684854|LOC134684854",21.61604815443,0.0350241652445668,0.132992956434006,0.638494126407935,0.884175562004032
"gene-LOC134684872|LOC134684872",10.3811785783791,-0.0299536356346025,0.151981625243177,0.547770699813159,NA
"gene-LOC134684887|LOC134684887",7.71578439586166,-0.0130028115163002,0.156951134839834,0.473399469823652,NA
"gene-LOC134684888|LOC134684888",20.313065149766,0.0445133489743169,0.130034137407575,0.563281331012019,0.844656798151262
"gene-LOC134684900|LOC134684900",6.27148037983122,0.00655944349328233,0.154387210701767,0.833278921382526,NA
"gene-LOC134684908|LOC134684908",10.89178320603,-0.0321730247376518,0.152000924259461,0.528906041179714,NA
"gene-LOC134684924|LOC134684924",17.1563823665874,0.0115400859639329,0.155519693511538,0.667100014572067,0.899648590171596
"gene-LOC134684971|LOC134684971",92.3146709615157,0.133357391462042,0.227601224822134,0.0436818044158614,0.241862866432241
"gene-LOC134684975|LOC134684975",6.4718077696319,-0.0230591745811583,0.157503527906451,0.374218541460836,NA
"gene-LOC134684979|LOC134684979",12.6653767709808,0.0253681229127896,0.144768219876645,0.676416248942143,0.902757154397979
"gene-LOC134684981|LOC134684981",16.2296038817843,0.109922818434014,0.167884012076717,0.180712768189052,0.521456743857906
"gene-LOC134684992|LOC134684992",26.6062745203264,-0.0231817865940374,0.149121492968596,0.659362231743994,0.894421762750398
"gene-LOC134684993|LOC134684993",561.604698388635,0.0222499396461071,0.128213297723236,0.768670646632833,0.931502256871707
"gene-LOC134684994|LOC134684994",17.1912734300369,0.0166154604530726,0.148972602313929,0.744091221926577,0.923073929318765
"gene-LOC134684996|LOC134684996",13.1286530959891,0.0443792318147317,0.149708999737086,0.476548095455435,0.796791709893797
"gene-LOC134684998|LOC134684998",92.3783272588388,-0.0283483638098734,0.109691589197832,0.721814428441171,0.918664055811524
"gene-LOC134685003|LOC134685003",28.8097727251277,-0.0391455174721102,0.132491967218529,0.603751213523531,0.865448786314694
"gene-LOC134685007|LOC134685007",10.8727823589363,0.148337210894143,0.190823474100544,0.105735939463241,NA
"gene-LOC134685011|LOC134685011",9.84343858427325,0.0172522905565019,0.151952747913945,0.690349237585473,NA
"gene-LOC134685012|LOC134685012",25.2523606579572,0.0202164861557052,0.152842769333306,0.633646507327087,0.88129437809466
"gene-LOC134685014|LOC134685014",89.5150483607788,1.0064711122674,0.405639495378394,0.519997210846878,0.819288210015981
"gene-LOC134685015|LOC134685015",18.916134562595,0.0463814635216071,0.162632962881498,0.211942882684719,0.562531734459025
"gene-LOC134685016|LOC134685016",16.0517043476961,0.0130631149634943,0.14878611952443,0.794873891085037,0.940131876210256
"gene-LOC134685018|LOC134685018",9.69186447843315,-0.0684926477733619,0.15032575549764,0.351499454763725,NA
"gene-LOC134685023|LOC134685023",52.0055806407253,0.0834761631539413,0.165261198500891,0.2300293263771,0.583004633792467
"gene-LOC134685033|LOC134685033",148.465711445124,-0.0197332917219694,0.141032479675452,0.753497783215472,0.925883657230432
"gene-LOC134685034|LOC134685034",19.6404707311044,0.0685075213303269,0.147143858383079,0.362914873407319,0.712857211332275
"gene-LOC134685037|LOC134685037",24.2829532634973,-0.158373331399573,0.236311146726376,0.0593991792428125,0.289275819401159
"gene-LOC134685042|LOC134685042",28.3507023059237,0.0375071633652401,0.132029503257382,0.621198235668667,0.875394076406515
"gene-LOC134685047|LOC134685047",74.7993680068072,-0.0697939174558798,0.10395355326318,0.38084305487189,0.727863864246607
"gene-LOC134685054|LOC134685054",10.6804986418199,-0.00654899119243641,0.155221350005257,0.794608943941721,NA
"gene-LOC134685059|LOC134685059",42.4562716741635,0.409645857317866,0.239050040010481,0.00615517994306273,0.0779492966944525
"gene-LOC134685060|LOC134685060",10.0559157252092,0.0720569687294125,0.162038343118356,0.264348409243763,NA
"gene-LOC134685061|LOC134685061",9.47031781253465,-0.00141514219614624,0.147762539167741,0.97621681756168,NA
"gene-LOC134685063|LOC134685063",26.8571027960053,-0.0580406617084882,0.142068963973498,0.436238063837503,0.774509421235614
"gene-LOC134685069|LOC134685069",933.647094168736,0.11951904163491,0.0991000556150805,0.134363681093611,0.450471920298054
"gene-LOC134685070|LOC134685070",17.5081672499762,-0.116402135776962,0.174978204163874,0.156894818732771,0.489409362205113
"gene-LOC134685071|LOC134685071",9.45991006226831,0.0217782878907966,0.156038761006824,0.49392898888215,NA
"gene-LOC134685072|LOC134685072",22.7201537167849,0.0449787903065927,0.134085693580657,0.553525329412903,0.840113497345769
"gene-LOC134685075|LOC134685075",15.8656021949876,-0.00351023004179587,0.152783182939496,0.927644912701695,0.984561375999598
"gene-LOC134685076|LOC134685076",18.8246647243531,-0.150195730540247,0.214169947385895,0.081018300168915,0.343822653621105
"gene-LOC134685077|LOC134685077",15.6440567342881,0.102718470135234,0.166691755891803,0.196533473639035,0.540551911520144
"gene-LOC134685078|LOC134685078",16.7970901168202,0.0513464463901852,0.141899374725581,0.480414039594241,0.797844258383848
"gene-LOC134685081|LOC134685081",6.12380576259999,0.000219631802020803,0.155502491709313,0.994829173501879,NA
"gene-LOC134685084|LOC134685084",29.6878965470282,-0.00173616936248124,0.112311531509548,0.982302920958453,0.995964714564617
"gene-LOC134685085|LOC134685085",78.1264202428006,0.0470509857633163,0.138312675665649,0.527105805321027,0.824978864839052
"gene-LOC134685086|LOC134685086",8.00244672843745,0.08800238680363,0.177306897211351,0.148866269488072,NA
"gene-LOC134685087|LOC134685087",29.0366546805518,-0.118755237916422,0.173083075047479,0.157356325434541,0.489409362205113
"gene-LOC134685089|LOC134685089",42.7940074457483,-0.036321041976707,0.127151278501019,0.636136517105297,0.883600003044209
"gene-LOC134685090|LOC134685090",117.598964529001,-0.0372439099813202,0.0953715266098248,0.624505913556712,0.876730116023762
"gene-LOC134685091|LOC134685091",10.3401548808104,0.0376863693208933,0.138054147977892,0.600030585626765,NA
"gene-LOC134685092|LOC134685092",39.3540166337931,-0.104089484473046,0.148016667527378,0.22603924184639,0.578261032354017
"gene-LOC134685094|LOC134685094",61.8425515113477,0.0658674318280718,0.112540352772389,0.41870260431064,0.757924293679675
"gene-LOC134685105|LOC134685105",16.2629111619223,0.0481764100299869,0.157305677331301,0.354464080151085,0.707595170969105
"gene-LOC134685106|LOC134685106",26.9844171921026,0.19280021120034,0.152674432648427,0.0548155328931959,0.277492441319647
"gene-LOC134685107|LOC134685107",40.1529525286653,0.0280105996395713,0.12862690091861,0.712634909812914,0.916378992026017
"gene-LOC134685109|LOC134685109",21.5661221107673,0.247780834185565,0.178244069488339,0.0275959814203043,0.186808078264972
"gene-LOC134685111|LOC134685111",93.6310621870095,-0.0133245699747415,0.153935764055767,0.699490966288957,0.911197843611587
"gene-LOC134685112|LOC134685112",106.88441578735,-0.0751355265000623,0.144382713023693,0.339698060985436,0.696004068342627
"gene-LOC134685115|LOC134685115",14.0925742500047,0.0224731104534613,0.143288422401151,0.717751288287994,0.918614962935921
"gene-LOC134685123|LOC134685123",101.955285923043,0.2771278227694,0.267134741010966,0.0269219241874827,0.184599200295226
"gene-LOC134685124|LOC134685124",232.888393785296,0.302512232378234,0.0880638228460267,0.00010978237228097,0.00896556040294592
"gene-LOC134685125|LOC134685125",74.2749926406805,-0.0467615916387421,0.131635609394656,0.544543985395635,0.834033466451117
"gene-LOC134685128|LOC134685128",72.6968616741397,0.174075941996101,0.106510146457258,0.0397968150477797,0.232148087778715
"gene-LOC134685130|LOC134685130",165.45729384153,0.199908985523136,0.166991292363794,0.0540458504933515,0.275638164645836
"gene-LOC134685136|LOC134685136",8.26689306844315,0.0055633385824436,0.15506887647784,0.839446970359575,NA
"gene-LOC134685137|LOC134685137",22.9133737403768,0.0485621362016931,0.156911466073887,0.363092177516375,0.712857211332275
"gene-LOC134685139|LOC134685139",8.44410264403167,0.00114983785493514,0.139844235085073,0.978411762106644,NA
"gene-LOC134685143|LOC134685143",27.0889546040368,0.189024550469012,0.198815626672266,0.0669675892493113,0.309064939258156
"gene-LOC134685144|LOC134685144",36.793539604248,0.117881616366984,0.154709220801174,0.179068233490574,0.519998049664762
"gene-LOC134685145|LOC134685145",23.3688928509538,-0.0516392194662383,0.136579947870869,0.496427120589526,0.806167645986122
"gene-LOC134685150|LOC134685150",12.9824766248487,0.0230257776629289,0.158758981061381,0.200802293749839,0.546862168100246
"gene-LOC134685155|LOC134685155",14.3874916800556,0.135047625395389,0.208892613556342,0.0868083455883428,0.356906916073139
"gene-LOC134685156|LOC134685156",20.3813247616616,0.156028099942699,0.220676113156681,0.0742508758559261,0.328229062596981
"gene-LOC134685157|LOC134685157",10.3566566150449,0.0232323797040253,0.14684894908784,0.682739221438869,NA
"gene-LOC134685158|LOC134685158",20.4026254138016,0.295799282065682,0.213752680659152,0.0187528536268845,0.150637676674973
"gene-LOC134685160|LOC134685160",9.6917265765875,-0.0674134869619881,0.153350636813685,0.337021370182238,NA
"gene-LOC134685161|LOC134685161",10.9904809475395,-0.0403763646381561,0.151884142976297,0.469695293449694,NA
"gene-LOC134685170|LOC134685170",16.5926091942967,0.00610193279588063,0.15190689280786,0.881143637196964,0.972386147839837
"gene-LOC134685177|LOC134685177",8.92062922248554,0.0141789817958527,0.156120141633657,0.572668318631684,NA
"gene-LOC134685179|LOC134685179",166.005237225271,-0.113957952989787,0.117768803028962,0.182653084860277,0.524772881210054
"gene-LOC134685180|LOC134685180",10.3454404617291,0.318917733898785,0.329772806971224,0.0207863664785632,NA
"gene-LOC134685181|LOC134685181",9.18610122484384,0.00398274589360693,0.136630726188919,0.954313224612605,NA
"gene-LOC134685184|LOC134685184",18.8377720630532,-0.0266608418465636,0.118855479606586,0.734116672837859,0.921921372263905
"gene-LOC134685188|LOC134685188",22.4220137302165,0.573944903109266,0.184884904315865,0.000129916683818464,0.0100923082429709
"gene-LOC134685190|LOC134685190",17.8978352589174,0.011902230271369,0.143683195006455,0.83805503971693,0.95311740814084
"gene-LOC134685191|LOC134685191",12.9137108124641,-0.00760566588578593,0.150522342971078,0.862177041243301,0.962769562454688
"gene-LOC134685202|LOC134685202",64.2106978969246,0.229428759035328,0.138268379428975,0.0221345678312008,0.164207953117121
"gene-LOC134685204|LOC134685204",50.5781336945426,0.157178052481266,0.143814903038693,0.0972099482385271,0.38271160091435
"gene-LOC134685205|LOC134685205",77.3228292970682,0.165095640840686,0.101581492069626,0.0440537438588659,0.24317361211523
"gene-LOC134685206|LOC134685206",13.9101231346207,0.409252598994259,0.213362575027207,0.0044807996871328,0.0710017263856615
"gene-LOC134685208|LOC134685208",17.5025426250255,-0.0212876020181512,0.13367087027859,0.766894356558043,0.931502256871707
"gene-LOC134685209|LOC134685209",691.229035852344,0.0205943431674157,0.0935383696174463,0.767330929172499,0.931502256871707
"gene-LOC134685211|LOC134685211",75.8721773227608,0.054136439306462,0.168205414671106,0.0806445620448079,0.343615960017007
"gene-LOC134685220|LOC134685220",10.8536113558544,0.0395752886464806,0.139813837198166,0.571763784551867,NA
"gene-LOC134685231|LOC134685231",11.2451475118524,0.0262193723175834,0.151595647771551,0.591089865582584,NA
"gene-LOC134685234|LOC134685234",28.2441529715104,-0.104135979785387,0.177014824219948,0.161697235645089,0.496391031835766
"gene-LOC134685236|LOC134685236",23.0879720122208,0.359616139220788,0.284567696255616,0.0137349949496881,0.121685560263579
"gene-LOC134685237|LOC134685237",39.8970475416445,0.866804303692164,0.382805057841949,0.000875286968209855,0.0314773488266591
"gene-LOC134685239|LOC134685239",19.472254572423,-0.024136274507395,0.124793548101291,0.753004158292008,0.925804928389954
"gene-LOC134685240|LOC134685240",175.920423540275,-0.0575314734359967,0.0939796013705749,0.448104637199958,0.781041759539082
"gene-LOC134685241|LOC134685241",11.4387885855778,-0.0139299146560241,0.14316433528344,0.814995419029632,0.946574899510975
"gene-LOC134685243|LOC134685243",24.5847369420437,2.70665238751492,0.587197539344486,1.67516175540057e-07,0.000219747030132824
"gene-LOC134685244|LOC134685244",33.0795340599924,0.656809978887157,0.194214061824947,4.60039021201381e-05,0.00614321040106972
"gene-LOC134685246|LOC134685246",147.584001456541,0.0712402393025916,0.102896517445279,0.368387764119181,0.717270203331637
"gene-LOC134685249|LOC134685249",12.7103002066454,-0.0437047864392292,0.143297536258605,0.52639283282469,0.824371401873195
"gene-LOC134685251|LOC134685251",97.779321746932,-0.280125321598079,0.174270079275522,0.0155443938841754,0.132408632122413
"gene-LOC134685253|LOC134685253",8.49579706897113,-0.025644167007885,0.153032423566279,0.566448650438397,NA
"gene-LOC134685254|LOC134685254",13.7012988784532,-0.0186228081912009,0.147802477185012,0.724347664206028,0.919175680236973
"gene-LOC134685267|LOC134685267",10.1551603099135,-0.140332276341851,0.209867596041027,0.084505771601786,NA
"gene-LOC134685268|LOC134685268",9.30723074471054,-0.0210687186250077,0.151918226430063,0.638722454236464,NA
"gene-LOC134685272|LOC134685272",29.8837324320278,-0.0228023778760181,0.149249798869503,0.659615395142404,0.894421762750398
"gene-LOC134685273|LOC134685273",25.0268347674148,-0.064464799948621,0.161866491455298,0.274345652111392,0.632494319199987
"gene-LOC134685279|LOC134685279",8.71965393865167,-0.0250254653532569,0.154984115218523,0.512596160785125,NA
"gene-LOC134685282|LOC134685282",49.4482021209762,-0.224953910233655,0.138208547780359,0.0242752625178789,0.173355854527902
"gene-LOC134685285|LOC134685285",391.640200386666,-0.00720494291026121,0.132150034077659,0.919751935283892,0.982242039915728
"gene-LOC134685286|LOC134685286",84.8641014501294,-0.00675556871756356,0.136123116605718,0.919059766681065,0.982131130710269
"gene-LOC134685291|LOC134685291",15.2782304591041,-0.0698628219785271,0.15431462553648,0.322570302146956,0.67977286879096
"gene-LOC134685292|LOC134685292",2110.19898202705,0.372492332287484,0.102635667074233,3.89201757890627e-05,0.00563457999491658
"gene-LOC134685295|LOC134685295",39.6978827888535,-0.792513621661086,0.368950573885256,0.00121823010331357,0.0373082969139782
"gene-LOC134685296|LOC134685296",14.2740759122777,0.101873680739417,0.187874730225164,0.111670211838621,0.414309251935563
"gene-LOC134685299|LOC134685299",21.8493793095287,0.257041801283252,0.38536628747595,0.0250788910384231,0.17781675015316
"gene-LOC134685302|LOC134685302",23.7621434158503,0.0220754493268222,0.139406804193931,0.741620877158346,0.922809345788751
"gene-LOC134685304|LOC134685304",92.1426409078563,-0.107266570279546,0.103067782566536,0.18331815961137,0.525295157570623
"gene-LOC134685312|LOC134685312",8.83366529272663,-0.0232476875131327,0.138711156644846,0.731075290922734,NA
"gene-LOC134685318|LOC134685318",22.1986524720768,0.0892165764870289,0.140122046482233,0.284397298349346,0.643932436486161
"gene-LOC134685319|LOC134685319",8.85701209344101,0.078816805263481,0.165487405143001,0.231091035194095,NA
"gene-LOC134685321|LOC134685321",15.0652215671734,-0.00124523564120394,0.15109448813308,0.974196021271611,0.995073589829788
"gene-LOC134685322|LOC134685322",14.7810397950127,-0.027324907732508,0.149559032349833,0.608690579285103,0.867140836352241
"gene-LOC134685325|LOC134685325",20.0369219345205,-0.0165355460398159,0.148061984646344,0.75121600900491,0.925077550145291
"gene-LOC134685327|LOC134685327",39.4562767689703,0.0309850198267912,0.122186761527294,0.691953875115731,0.908085233046964
"gene-LOC134685332|LOC134685332",45.4064409868109,0.241548496215298,0.17518184016207,0.0295615295733421,0.194130869466175
"gene-LOC134685337|LOC134685337",26.124096801643,0.0496215309895441,0.15542490437643,0.383590505964162,0.731140491619304
"gene-LOC134685341|LOC134685341",32.3409908318523,0.0325646024835449,0.116530772103791,0.682381716608014,0.905388780419298
"gene-LOC134685346|LOC134685346",9.43857493711613,-0.0371745207636028,0.158396808773647,0.335241960205092,NA
"gene-LOC134685349|LOC134685349",22.2774888316635,0.130670805069883,0.159550935231726,0.150876589068064,0.478627426475881
"gene-LOC134685354|LOC134685354",77.7168768052385,0.0415895134241125,0.105474232642511,0.601844804388987,0.864369573830698
"gene-LOC134685357|LOC134685357",77.1640163185308,0.154673815881682,0.119060316861756,0.0802829063757602,0.342533230819553
"gene-LOC134685359|LOC134685359",11.4360043343658,0.026583862754909,0.154689038632031,0.514144285810137,0.813987689184446
"gene-LOC134685363|LOC134685363",51.3816179345544,0.019951296893085,0.146341096671777,0.72247668420368,0.918664055811524
"gene-LOC134685371|LOC134685371",18.7137035905266,0.0386736175164143,0.157077495129709,0.383520403151014,0.731140491619304
"gene-LOC134685372|LOC134685372",19.0667858885437,-0.00179244430732786,0.148303121233984,0.96906389389263,0.995073589829788
"gene-LOC134685375|LOC134685375",15.9680416136,-0.0666379658869936,0.13412340510914,0.407126123090451,0.747097962708065
"gene-LOC134685376|LOC134685376",7.81143544685025,0.0611024512122399,0.165724739888769,0.208382335134321,NA
"gene-LOC134685377|LOC134685377",16.2158259185558,0.00931858007065489,0.148556258185828,0.852300112899086,0.958029242838746
"gene-LOC134685378|LOC134685378",22.938893681482,-0.0197872654092329,0.137518160583012,0.774546761333951,0.932853633900032
"gene-LOC134685383|LOC134685383",9.9999200697615,0.00940169733377449,0.155559781376411,0.711950106843792,NA
"gene-LOC134685386|LOC134685386",84.4724463766588,-0.035110324601821,0.120810219278046,0.655847642761235,0.893254112548443
"gene-LOC134685387|LOC134685387",18.0966519607097,0.204485176130023,0.242942414820618,0.052435521555273,0.270895597978174
"gene-LOC134685388|LOC134685388",12.0638071258513,0.0418108689376656,0.160429815810952,0.270972418125491,0.628813953901412
"gene-LOC134685395|LOC134685395",89.3382999472027,0.418640944684047,0.160109355695162,0.000857200097724155,0.0314325642784809
"gene-LOC134685396|LOC134685396",53.1107556660602,0.0366920949269637,0.10307345285292,0.639996236800035,0.884229780451533
"gene-LOC134685397|LOC134685397",95.8102949646302,-0.260865461522196,0.102507114187388,0.00253422426506922,0.0577549095880685
"gene-LOC134685400|LOC134685400",252.687433318814,0.107328127430748,0.117347114307027,0.203829946460567,0.550634757826045
"gene-LOC134685401|LOC134685401",68.6235507274587,0.0567986319073427,0.123367951782159,0.486591601703339,0.799542012163529
"gene-LOC134685402|LOC134685402",136.33281201383,0.0343316396180501,0.0915042013546774,0.643164743940573,0.886979739965675
"gene-LOC134685405|LOC134685405",9.90416118551653,-0.0517573602376265,0.145898008970183,0.454317822422671,NA
"gene-LOC134685431|LOC134685431",32.193644410819,0.0574889593902431,0.151938882124315,0.386388685248495,0.732717940443776
"gene-LOC134685466|LOC134685466",20.7774893007502,-0.0194304762581979,0.144517656710939,0.741738205534191,0.922809345788751
"gene-LOC134685488|LOC134685488",15.9986536548826,-0.00239369829297759,0.142213890354838,0.963326444268259,0.994069245097814
"gene-LOC134685499|LOC134685499",19.1022408189231,0.0469818420516062,0.159293832426439,0.316225206164978,0.674042870948409
"gene-LOC134685515|LOC134685515",29.3337762514856,0.117498701650745,0.184314751608517,0.137316747478745,0.455576917416461
"gene-LOC134685519|LOC134685519",167.81223156013,-0.198870163183355,0.187787433644573,0.0583069637265591,0.286807226979291
"gene-LOC134685520|LOC134685520",19.011824147209,0.191375679545155,0.277214872003547,0.0427946908532332,0.239524389560431
"gene-LOC134685522|LOC134685522",11.8682213341841,-0.0625251788130705,0.160641017554655,0.286261417226378,0.645891301986579
"gene-LOC134685530|LOC134685530",17.592380646685,0.0566236738292496,0.154677118365559,0.367000476779558,0.715577911565898
"gene-LOC134685537|LOC134685537",10.9893560753599,-0.0961741358849283,0.158014410531318,0.233137540875051,NA
"gene-LOC134685543|LOC134685543",14.2012509056051,0.0162086687479128,0.1340378047487,0.816227417001781,0.946574899510975
"gene-LOC134685544|LOC134685544",26.4464093329905,0.0528684634435934,0.152959606832194,0.397223747074326,0.73986809845561
"gene-LOC134685545|LOC134685545",73.4177705755715,0.0061766748896129,0.110938068286482,0.938300532264933,0.988596772254934
"gene-LOC134685550|LOC134685550",12.4160358038936,0.0747390883287982,0.156177389837065,0.297431513281203,0.659109190682189
"gene-LOC134685551|LOC134685551",9.62300816502088,0.0221560926818241,0.149467964690767,0.666093799171261,NA
"gene-LOC134685569|LOC134685569",356.25831498265,-0.0478091970349354,0.144767089599841,0.48250076125446,0.797844258383848
"gene-LOC134685570|LOC134685570",24.8968461432293,0.0238711027995492,0.136977848347812,0.731751987803889,0.921440086115897
"gene-LOC134685572|LOC134685572",17.3773442932579,0.0458853038404596,0.143540476067876,0.511894403663988,0.812146289250212
"gene-LOC134685587|LOC134685587",10.7504249071217,0.0195306192435518,0.146903315090868,0.726835830228648,NA
"gene-LOC134685590|LOC134685590",18.6626253207731,0.0210159510416624,0.131209087807289,0.773493280684357,0.932853633900032
"gene-LOC134685591|LOC134685591",1576.45669557166,0.261968404755228,0.10824094785339,0.00342057335739608,0.0660274311715546
"gene-LOC134685593|LOC134685593",40.7501791885763,0.0215523939685026,0.113090498612546,0.785693630092339,0.937433958086153
"gene-LOC134685594|LOC134685594",30.4438412427499,-0.0139988397069839,0.151691047562711,0.738959804133779,0.922644850023034
"gene-LOC134685596|LOC134685596",63.0450509974369,-0.0461481031370703,0.1086296788486,0.563228558494407,0.844656798151262
"gene-LOC134685601|LOC134685601",20.3342907415127,-0.0176402211427272,0.143801474574961,0.765507390306457,0.930943504439124
"gene-LOC134685602|LOC134685602",12.5441168891741,-0.0404418552022619,0.158249207789832,0.342660336243234,0.697585919421349
"gene-LOC134685607|LOC134685607",25.3612343268989,0.1375557976629,0.152073167333007,0.134930064559068,0.451093934386418
"gene-LOC134685608|LOC134685608",33.785486679637,0.0596615453594363,0.112326727590082,0.463238202409241,0.788644909070043
"gene-LOC134685609|LOC134685609",171.18168622007,0.13433676033385,0.156665286476091,0.14203541733328,0.465521783067376
"gene-LOC134685613|LOC134685613",51.0731201408147,0.189004555441036,0.187879452889736,0.0668939161093312,0.309064939258156
"gene-LOC134685614|LOC134685614",49.2625648928993,-0.167412289517007,0.240029898472706,0.0590388801633507,0.288724516350049
"gene-LOC134685617|LOC134685617",23.2428111013082,0.221536123929349,0.189180778128926,0.0435154205845974,0.241668028878714
"gene-LOC134685619|LOC134685619",19.4608923136487,-0.120543624287422,0.163301447342318,0.168786831689723,0.505963349582839
"gene-LOC134685621|LOC134685621",111.011864594787,0.0158580151622732,0.0885561784333648,0.828086800660114,0.949679557938911
"gene-LOC134685623|LOC134685623",10.0186738291712,-0.0104640840959125,0.152287458968572,0.791132974441174,NA
"gene-LOC134685627|LOC134685627",41.2951215747856,0.0310151439704257,0.117640426797413,0.695802910377723,0.909243887238666
"gene-LOC134685634|LOC134685634",29.0356389647125,0.190750071716925,0.24931774642484,0.0545769182818157,0.277236817747341
"gene-LOC134685636|LOC134685636",30.7573686781163,0.00333329789544536,0.133609008674939,0.964145851746072,0.994323938310271
"gene-LOC134685642|LOC134685642",11.4410944481812,0.0361866083741289,0.157508100135432,0.373251717230588,0.721144506751243
"gene-LOC134685645|LOC134685645",36.9102654433983,0.210413353400021,0.139621000488176,0.0333696356776119,0.207380077333061
"gene-LOC134685646|LOC134685646",25.5151508245606,0.351540055157876,0.203532636569162,0.00832995416278178,0.0903949029249062
"gene-LOC134685647|LOC134685647",6.00367072713887,-0.0106168737941681,0.154690022986432,0.722538544171336,NA
"gene-LOC134685657|LOC134685657",17.9013089491435,-0.148639784119908,0.234996755947345,0.0536317633673421,0.274184857664502
"gene-LOC134685658|LOC134685658",643.663093591026,0.173262469294623,0.111693892854649,0.0458075554973722,0.249610032949753
"gene-LOC134685659|LOC134685659",37.0185377999338,0.415713326888234,0.259894392865864,0.0071043420491221,0.0831793779186171
"gene-LOC134685661|LOC134685661",87.4403651199716,-0.208203301250817,0.146810231993042,0.038688117145763,0.228399727727999
"gene-LOC134685663|LOC134685663",57.3426125983787,0.379775215649704,0.120717141117784,0.000204786918452244,0.0137975054783436
"gene-LOC134685664|LOC134685664",26.63001123844,0.244959503351837,0.186834152436203,0.0308649535281848,0.19919934546559
"gene-LOC134685667|LOC134685667",7.65076321951546,-0.0325293341155702,0.154170517482975,0.482466276113024,NA
"gene-LOC134685668|LOC134685668",8.59459066447585,-0.0270045050821707,0.148820490490738,0.622329994357419,NA
"gene-LOC134685670|LOC134685670",48.1836100730199,0.0024149217238528,0.121307176951547,0.974479827325478,0.995073589829788
"gene-LOC134685671|LOC134685671",18.007608829984,-0.0344878400427212,0.142916085191751,0.601664959561981,0.864367567074835
"gene-LOC134685676|LOC134685676",19.0912482521554,0.0874706731276509,0.151493802619115,0.274783286370752,0.63304503948705
"gene-LOC134685678|LOC134685678",8.25084438146624,-0.200645825530567,0.226099855610138,0.0567476694486988,NA
"gene-LOC134685680|LOC134685680",18.9715812065092,0.112332641233508,0.16443215003715,0.183462423573293,0.525295157570623
"gene-LOC134685682|LOC134685682",37.8479753993616,0.126224983081345,0.168058299495408,0.153803882702313,0.484056686172792
"gene-LOC134685686|LOC134685686",8.9662510318278,0.0196139187592136,0.15290089283424,0.638884800779471,NA
"gene-LOC134685716|LOC134685716",19.4136672995975,-0.0125444938275813,0.151212009041777,0.771485348858237,0.932853633900032
"gene-LOC134685794|LOC134685794",8.15087305517672,0.0138097090779328,0.149633473406527,0.775091293069696,NA
"gene-LOC134685810|LOC134685810",12.6081866863048,0.005264144281481,0.141041490744916,0.935668243474859,0.987871402907623
"gene-LOC134685857|LOC134685857",21.2667791445559,-0.0529860687244523,0.158995761530585,0.315556846730022,0.673954755701071
"gene-LOC134685961|LOC134685961",11.4257614254803,-0.0878173224533367,0.179211033237748,0.133268751382828,0.448690246463327
"gene-LOC134685991|LOC134685991",8.92894517669889,0.0133752634974667,0.156256149254781,0.570379667615028,NA
"gene-LOC134685994|LOC134685994",20.0905221872932,-0.0519409257380417,0.155440031126271,0.372248093509377,0.720172447476432
"gene-LOC134686033|LOC134686033",11.3557494308165,-0.0751585819417539,0.151183040429043,0.313994743418638,0.673240722288025
"gene-LOC134686096|LOC134686096",35.2727552571572,0.168316225604364,0.156302279136583,0.0849917791844908,0.352931964410174
"gene-LOC134686125|LOC134686125",41.2455916544274,0.0588957360231116,0.126413612967248,0.466039415854599,0.791174649702255
"gene-LOC134686153|LOC134686153",78.4091073237518,0.088533526851016,0.156497504213364,0.25733652571493,0.614175222481868
"gene-LOC134686179|LOC134686179",997.231620906526,-0.0890573301056591,0.137343610838323,0.291453612739323,0.652260158178227
"gene-LOC134686198|LOC134686198",18.8283605662152,-0.0719868060581964,0.173745599431442,0.121551099239635,0.43255893975222
"gene-LOC134686201|LOC134686201",53.0138970800038,0.0489293399723372,0.154792494406036,0.393744043863335,0.737556162394337
"gene-LOC134686220|LOC134686220",12.988431405202,0.106112683245312,0.210844463547345,0.00767269502505704,0.0871590847137992
"gene-LOC134686228|LOC134686228",54.1552208791453,0.183745810720923,0.178806744370919,0.0724355156405211,0.322441813158714
"gene-LOC134686237|LOC134686237",15.2329160727284,0.554228953990985,0.227772655077035,0.000914154256185523,0.0317374071079292
"gene-LOC134686279|LOC134686279",325.942975738284,-0.0104901405007948,0.137621801073709,0.870229176109829,0.96641559480816
"gene-LOC134686289|LOC134686289",26.5020184713206,0.00542929895161348,0.139014536565044,0.946189169185244,0.992150296257638
"gene-LOC134686307|LOC134686307",11.4112226055857,0.0442981662600668,0.150747663350511,0.466134766143259,0.791174649702255
"gene-LOC134686344|LOC134686344",32.9169597789841,0.16942967548127,0.203451012125949,0.082502148878185,0.34757849758865
"gene-LOC134686367|LOC134686367",142.430242951032,-0.0148059102160801,0.15657771400335,0.518290660404216,0.817205818508627
"gene-LOC134686370|LOC134686370",2720.39476406884,-0.141503011583783,0.204178641998704,0.100860309460439,0.392474142494195
"gene-LOC134686371|LOC134686371",11881.3828364261,-0.0934934370289143,0.16316733871013,0.221636126295127,0.57480389816235
"gene-LOC134686373|LOC134686373",7671.88471773084,-0.0446423040016935,0.147532531671099,0.430155309553664,0.767317088170496
"gene-LOC134686386|LOC134686386",19.1227062363771,0.0404978854728798,0.152994969697773,0.460274902606239,0.787523805963401
"gene-LOC134686417|LOC134686417",8.85987533220211,-0.0160058748880738,0.151799511158727,0.710127319350807,NA
"gene-LOC134686433|LOC134686433",272.083169554989,-0.00732211734372631,0.15589392139525,0.731044672121863,0.921084652951224
"gene-LOC134686461|LOC134686461",65.24504175582,0.0728780134293176,0.154628414807387,0.31318954981173,0.672855795042402
"gene-LOC134686495|LOC134686495",14.4412381616606,0.0225422968132842,0.142623766956918,0.7216903394707,0.918664055811524
"gene-LOC134686501|LOC134686501",55.1614311256072,0.499086161844096,0.153582587963551,9.58492819959332e-05,0.00836383460704239
"gene-LOC134686515|LOC134686515",1387.97000361632,0.0464871056569625,0.162883677195071,0.202323811346562,0.54899197059775
"gene-LOC134686521|LOC134686521",56.1071399537018,-0.00674729474795419,0.0858483860686024,0.924507452943351,0.983116205832622
"gene-LOC134686525|LOC134686525",8.99058047187465,0.0278963973207738,0.143267506616928,0.661053085689909,NA
"gene-LOC134686531|LOC134686531",12.3204750947623,-0.00238559618709409,0.154926887437295,0.924779679592011,0.983116205832622
"gene-LOC134686582|LOC134686582",15.2233267889746,0.0203983872476994,0.143850128215509,0.735159547711903,0.921921372263905
"gene-LOC134686583|LOC134686583",26.2582176430168,-0.0761930440603551,0.167731292488431,0.214080951209674,0.565848821247146
"gene-LOC134686650",6.15967895798545,-0.017269763123016,0.155539474430998,0.567173329263796,NA
"gene-LOC134686666|LOC134686666",65.7616039240527,1.11509791457999,0.355788950929658,7.1342755790451e-05,0.00732989281266408
"gene-LOC134686685|LOC134686685",11.3466430461344,-0.0180404537500426,0.126585746379927,0.811115860112193,0.945263086153434
"gene-LOC134686690|LOC134686690",9.81620606299876,-0.0102239844954791,0.148511296842589,0.830393742962519,NA
"gene-LOC134686694|LOC134686694",13.9766771014311,0.0187595026945157,0.129484093061404,0.802835320363662,0.9426840535883
"gene-LOC134686697|LOC134686697",9.09905389983551,0.0428513396452412,0.165054515024529,0.973369961328096,NA
"gene-LOC134686698|LOC134686698",74.4361906723203,-0.013114261349018,0.143183556298811,0.82052192499936,0.947588510304588
"gene-LOC134686701|LOC134686701",16.980375198146,0.0583937380798101,0.172650172548109,0.00824646675987161,0.0901937446253368
"gene-LOC134686702|LOC134686702",29.7258415471357,0.0902973488630917,0.155718127990492,0.25652452503824,0.612696372138578
"gene-LOC134686703|LOC134686703",9.30870407900029,0.0287279338626497,0.139814311988992,0.674268523340047,NA
"gene-LOC134686708|LOC134686708",12.7169320183529,-0.0752425171572309,0.174236474344742,0.134546810840182,0.450848598133592
"gene-LOC134686710|LOC134686710",12.371542736798,0.0557587666122492,0.15683991352592,0.344329067387896,0.698842664313587
"gene-LOC134686718|LOC134686718",149.804247680767,0.0154635661067923,0.118666683272249,0.84314741808009,0.95511677644643
"gene-LOC134686725|LOC134686725",29.964454945813,-0.0810113877998361,0.166158038865863,0.225843441236428,0.57799225418885
"gene-LOC134686726|LOC134686726",109.001552787564,-0.0103219947523844,0.0979603145474737,0.894113750173223,0.975254009504506
"gene-LOC134686733|LOC134686733",29.6229686165008,-0.00241417042137197,0.146088252956072,0.963124419335136,0.994069245097814
"gene-LOC134686735|LOC134686735",28.7366635592223,0.0398721797121451,0.154214656972892,0.437962157635301,0.776186378091306
"gene-LOC134686737|LOC134686737",14.6568132683987,0.0368164316787244,0.150997907257043,0.511329810214942,0.8120595589801
"gene-LOC134686744|LOC134686744",584.026425722448,-0.0303104030639802,0.085602101410409,0.684055131007153,0.905487482548216
"gene-LOC134686747|LOC134686747",55.3979054845122,0.128059081353073,0.186184207656757,0.127430293185093,0.44004559757567
"gene-LOC134686749|LOC134686749",120.453108574316,0.172531099917934,0.142399094592554,0.0725271899252838,0.322624441217918
"gene-LOC134686753|LOC134686753",42.0164043622862,-0.000250851837546731,0.132607840380534,0.993927621794709,0.998315823215436
"gene-LOC134686760|LOC134686760",13.2601951810625,0.0264486101891244,0.154347275638048,0.52645884816643,0.824371401873195
"gene-LOC134686761|LOC134686761",15.4592159461144,-0.043910308664874,0.149008644102341,0.482788611110586,0.797844258383848
"gene-LOC134686763|LOC134686763",103.310422136534,0.122689397975376,0.153201979508643,0.170876176581717,0.50912313176923
"gene-LOC134686767|LOC134686767",11.2912024076353,-0.00920309344477562,0.150657962342973,0.833655953369225,NA
"gene-LOC134686768|LOC134686768",14.1008163453904,-0.00442721224237805,0.130118540054901,0.955592392953114,0.993195169444879
"gene-LOC134686770|LOC134686770",13.5125396868606,-0.0541965199252752,0.136671017775614,0.481487555574065,0.797844258383848
"gene-LOC134686775|LOC134686775",9.35614833445739,-0.0668866029199102,0.152402107021232,0.345113578217513,NA
"gene-LOC134686777|LOC134686777",14.22022041745,-0.039552232567806,0.157325037603048,0.370523342449574,0.718925888334994
"gene-LOC134686781|LOC134686781",25.5170024672146,0.00164860720336693,0.117314882635588,0.980557811206523,0.995964714564617
"gene-LOC134686782|LOC134686782",15.5562859921474,-0.0469887531475581,0.155240644401059,0.398926164560815,0.741295119093462
"gene-LOC134686783|LOC134686783",83.2970440663185,-0.063573472026681,0.133032821539333,0.426374892229264,0.764312570885835
"gene-LOC134686785|LOC134686785",34.585795874836,0.551304913376314,0.204638894944465,0.000469940282202288,0.0242332553047288
"gene-LOC134686786|LOC134686786",12.738011818635,-0.0615020716100612,0.141584193954415,0.418691071420803,0.757924293679675
"gene-LOC134686787|LOC134686787",30.1193735967314,-0.0492375858753741,0.126332859733138,0.535192461689763,0.827847717948573
"gene-LOC134686788|LOC134686788",21.397002406219,0.10115414190435,0.153360370084212,0.223296782736393,0.57613816735644
"gene-LOC134686793|LOC134686793",17.6076657210557,0.0789106178903999,0.152256179990466,0.301398345127442,0.661330506194431
"gene-LOC134686794|LOC134686794",22.6288394597437,0.185585070204928,0.189648360985341,0.0705811790292142,0.316844334331286
"gene-LOC134686797|LOC134686797",19.6414243641135,0.0821277757350243,0.148791491695744,0.299908829368917,0.661248784615699
"gene-LOC134686799|LOC134686799",15.1039769814857,-0.022038440238969,0.128896358341944,0.769194643552567,0.931502256871707
"gene-LOC134686804|LOC134686804",205.078321462532,-0.0302341593952184,0.121434583614149,0.700106662297932,0.911440719157537
"gene-LOC134686806|LOC134686806",94.9037698633955,-0.0565446258177998,0.103714931699449,0.471943497595831,0.795312190392975
"gene-LOC134686808|LOC134686808",8.80269558939993,0.0188769095620193,0.14802172809868,0.724150046401151,NA
"gene-LOC134686811|LOC134686811",13.347171184174,0.687528732371615,0.262944546693778,0.000483299982459697,0.0242332553047288
"gene-LOC134686812|LOC134686812",23.1178526721745,0.0846543031634446,0.156297031453565,0.269038327639274,0.626237633327588
"gene-LOC134686816|LOC134686816",18.0349888452575,0.0246628584374188,0.1292112353093,0.730194810711263,0.920773194193084
"gene-LOC134686818|LOC134686818",38.5527871702591,-0.4275584652341,0.251727719280302,0.00583795810102746,0.0758934553133569
"gene-LOC134686823|LOC134686823",108.720422099146,0.155764111465686,0.218757664619131,0.0787562588946154,0.339348715583551
"gene-LOC134686829|LOC134686829",113.644609755435,-0.0161830138955612,0.0917956668820067,0.827075188153556,0.949444755548414
"gene-LOC134686831|LOC134686831",8.94463493019087,0.0246568982837638,0.156412647081418,0.451019726012732,NA
"gene-LOC134686834|LOC134686834",2731.42977627223,-0.301185202133508,0.177036097186867,0.0117044613487044,0.109643262928305
"gene-LOC134686835|LOC134686835",16.8271203544428,0.105541013058717,0.158057154163743,0.20822170266487,0.557767975599337
"gene-LOC134686843|LOC134686843",87.2710529277702,0.0185116146176165,0.10440873415286,0.813576083932215,0.946574899510975
"gene-LOC134686844|LOC134686844",19.3610660528609,0.351533240417364,0.562843288049005,0.0152116444241807,0.130414771173662
"gene-LOC134686847|LOC134686847",113.456688471721,-0.543110075057663,0.147054272696614,1.71584869598961e-05,0.00303609894262606
"gene-LOC134686863|LOC134686863",67.9920538699419,-0.122210956426743,0.158416573243032,0.167990615445292,0.504992479825894
"gene-LOC134686865|LOC134686865",53.4687170070348,-0.00793610698975949,0.0970777526613338,0.916225467044304,0.98134698001751
"gene-LOC134686866|LOC134686866",82.7449702166383,0.00138158363292645,0.133989398292997,0.986738949066484,0.99704656962612
"gene-LOC134686870|LOC134686870",548.452387019666,0.232548890224744,0.157233414007829,0.0283606177302524,0.189236415099733
"gene-LOC134686872|LOC134686872",39.9275049427061,-0.139800685909232,0.150301044575398,0.132255812594221,0.447089816453161
"gene-LOC134686873|LOC134686873",14.3247889214053,0.0482284539331776,0.157251347646594,0.358815585870526,0.71006863212438
"gene-LOC134686875|LOC134686875",15.2580844877105,-0.103840328794355,0.15752245862373,0.21165849790926,0.562420405323202
"gene-LOC134686876|LOC134686876",13.4054236417472,-0.0125690763996455,0.143610264606609,0.832513007999537,0.95105951595356
"gene-LOC134686877|LOC134686877",398.109758362244,0.0211429939965626,0.0947082432337706,0.819040055768667,0.94756359521366
"gene-LOC134686881|LOC134686881",47.3157777221999,0.0719172461405959,0.147608599722053,0.346796249418744,0.701076518183878
"gene-LOC134686883|LOC134686883",16.9496879062957,0.00689526068519329,0.155751513697752,0.750935587453512,0.925077550145291
"gene-LOC134686890|LOC134686890",27.0070048209314,0.0856398910217138,0.147867095467028,0.290774489489335,0.651735924717475
"gene-LOC134686891|LOC134686891",18.1337448951651,0.08226109532734,0.12646019572285,0.327774796987819,0.683445321378858
"gene-LOC134686893|LOC134686893",48.7932530933416,0.0819234551318389,0.114175952399212,0.322558305025697,0.67977286879096
"gene-LOC134686896|LOC134686896",35.1318669234647,0.141321884629863,0.127088419206868,0.116076996789151,0.421797187419789
"gene-LOC134686904|LOC134686904",34.5014671376493,-0.00574551608353982,0.132253879153402,0.93170043637111,0.98652456444215
"gene-LOC134686909|LOC134686909",25.9883373685477,0.168020691496529,0.157027938529746,0.0859250925570688,0.355186787533114
"gene-LOC134686910|LOC134686910",90.8868271336043,0.0274584795858027,0.137247209291668,0.69500672846508,0.908701326010378
"gene-LOC134686911|LOC134686911",176.700497495714,0.225427946524064,0.192198732979529,0.0415079138104289,0.236539772464746
"gene-LOC134686912|LOC134686912",65.1320195001515,-0.183006379783507,0.159265452044504,0.067077284497995,0.309064939258156
"gene-LOC134686913|LOC134686913",7.6758308438773,0.0162155445049957,0.151033003753968,0.720757186807513,NA
"gene-LOC134686914|LOC134686914",40.2457114307954,0.06544134655941,0.126534257030037,0.4220273829509,0.760484987099641
"gene-LOC134686915|LOC134686915",13.7449338837507,0.0409647727304076,0.150806085518754,0.486628631264992,0.799542012163529
"gene-LOC134686917|LOC134686917",88.3378284299921,0.067245833915042,0.0975810098115101,0.388066006939324,0.733525360297773
"gene-LOC134686929|LOC134686929",26.1282410197892,-0.0415096249028294,0.114944927301015,0.603769617803129,0.865448786314694
"gene-LOC134686930|LOC134686930",22.3471234847886,0.102029526979261,0.160673349711112,0.216553159293942,0.569158887998924
"gene-LOC134686931|LOC134686931",8.97556464825146,0.036339102293855,0.153920164592171,0.467775739805315,NA
"gene-LOC134686939|LOC134686939",12.6823656787662,0.0025679055188633,0.152559631287054,0.946605227818569,0.992150296257638
"gene-LOC134686941|LOC134686941",58.988924049671,0.0759167996079035,0.0951213573940965,0.327135142919289,0.682916592314866
"gene-LOC134686942|LOC134686942",9.58091713503171,0.0432464244326221,0.140981542846026,0.542592640124873,NA
"gene-LOC134686945|LOC134686945",34.5546145541177,-0.113800002447122,0.145662865350492,0.195868471770776,0.539663531464313
"gene-LOC134686949|LOC134686949",63.7220108355309,0.00984525598695211,0.119177269735404,0.900166290371487,0.976953709579421
"gene-LOC134686953|LOC134686953",25.5804779011539,0.00149936444781765,0.109255054183312,0.980328703781514,0.995964714564617
"gene-LOC134686954|LOC134686954",76.1089011413462,-0.0575713514465376,0.111521771678205,0.474021620875072,0.795503607539599
"gene-LOC134686955|LOC134686955",44.0929989430376,-0.0198600058116557,0.0934713221950419,0.780920966007781,0.935225898377433
"gene-LOC134686956|LOC134686956",17.314231622981,0.0320925777847047,0.129048170039665,0.669657845543751,0.901462484385818
"gene-LOC134686957|LOC134686957",9.37486958907803,0.0906579943988384,0.154587054193455,0.25596100743247,NA
"gene-LOC134686958|LOC134686958",35.516886192961,-0.0747027010833481,0.121433168961012,0.368272468293761,0.717270203331637
"gene-LOC134686959|LOC134686959",21.6242894854383,0.0404544035027037,0.124083254302903,0.609189598236491,0.86735309360001
"gene-LOC134686961|LOC134686961",23.2980867294435,0.230395801361461,0.25324933718417,0.0403813083194387,0.233632092638351
"gene-LOC134686962|LOC134686962",65.9191126570081,0.0441206180512934,0.0895065477443493,0.552037888138435,0.839055439618667
"gene-LOC134686963|LOC134686963",31.2566346706355,-0.0792701731334058,0.142469564189812,0.326699470025809,0.682916592314866
"gene-LOC134686964|LOC134686964",31.5081286210726,0.019088146190411,0.112542451041478,0.810510162661862,0.944730052361585
"gene-LOC134686969|LOC134686969",8.49479146777583,0.0685933194419799,0.158126063463688,0.300505873017542,NA
"gene-LOC134686970|LOC134686970",14.1927334349655,0.145229767327152,0.225916953199747,0.0641048718336276,0.300500593788775
"gene-LOC134686975|LOC134686975",13.1118492353214,0.0140930665153328,0.127850622159685,0.855575025549037,0.959678273066977
"gene-LOC134686980|LOC134686980",50.0263136048956,0.218103506574461,0.12220016522813,0.0195983663487657,0.154506922823809
"gene-LOC134686981|LOC134686981",28.6940549732827,0.262622661321765,0.174512408191364,0.0212646601317884,0.160873972730988
"gene-LOC134686982|LOC134686982",13.7542416760001,0.0197001379243246,0.123240403904824,0.799443848334212,0.941503486006864
"gene-LOC134686983|LOC134686983",23.2915144649687,0.033212637621697,0.110071730726379,0.676392390030625,0.902757154397979
"gene-LOC134686986|LOC134686986",634.594188904135,-0.175636928892822,0.102409934859902,0.0324423837028198,0.203603925307352
"gene-LOC134686987|LOC134686987",14.8320561224093,0.0042148773112193,0.132716684689535,0.953808648909762,0.993195169444879
"gene-LOC134686989|LOC134686989",13.4500516773496,0.065696527605911,0.143500975327751,0.390189959789506,0.735856102066047
"gene-LOC134686995|LOC134686995",14.1615429695418,0.0503751010450832,0.134726930544569,0.510396330516577,0.811331686633469
"gene-LOC134686997|LOC134686997",10.8321237704536,0.122622724099004,0.217962243338614,0.0410676810915603,NA
"gene-LOC134686998|LOC134686998",24.1790341012909,0.215599496850658,0.185590474369515,0.047020945629001,0.253154488242102
"gene-LOC134687000|LOC134687000",53.5474428194082,0.021570958500074,0.110722934976488,0.785069000343545,0.937103808252
"gene-LOC134687001|LOC134687001",22.6507048144089,0.00677907841900224,0.115974328316154,0.936087475145301,0.987871402907623
"gene-LOC134687002|LOC134687002",7.76326657982889,-0.0474085081365254,0.153636947933785,0.414312871704497,NA
"gene-LOC134687005|LOC134687005",8.39066435241553,0.019087773183941,0.146336357902814,0.737855074409227,NA
"gene-LOC134687006|LOC134687006",12.9627389296608,0.0749319054589328,0.160076512989034,0.274159215518286,0.632494319199987
"gene-LOC134687007|LOC134687007",31.9519208438484,0.385458623011383,0.327051408894067,0.0128135538578105,0.11603193618497
"gene-LOC134687008|LOC134687008",54.6875427076986,0.16991763638808,0.176640463911815,0.08644863903866,0.356530361309765
"gene-LOC134687010|LOC134687010",16.0598595666472,-0.234874923238564,0.241853940784016,0.0406199969606161,0.234799800942944
"gene-LOC134687016|LOC134687016",54.8634982753668,0.32469424144776,0.202336129033423,0.0115762780098567,0.108931734968052
"gene-LOC134687017|LOC134687017",12.0761788452322,0.14945429683758,0.256149068983249,0.0259746618597534,0.180060875593759
"gene-LOC134687019|LOC134687019",20.1977801937299,0.341479198835293,0.178350240740004,0.00623653635911247,0.0785113371690641
"gene-LOC134687026|LOC134687026",8.95659881483252,-0.0216640312677344,0.135807226395073,0.758002656674264,NA
"gene-LOC134687030|LOC134687030",21.7616976758326,0.0266695603587145,0.147835773780879,0.637973942035068,0.884175562004032
"gene-LOC134687034|LOC134687034",53.0989006108328,0.107651951426172,0.207551824683047,0.0264407356865348,0.182084847710577
"gene-LOC134687039|LOC134687039",26.5496731155765,0.170814589733912,0.14983240019579,0.0800667504842119,0.342069215683722
"gene-LOC134687040|LOC134687040",19.7669062559256,-0.18105601137774,0.214194887394561,0.0688984332327585,0.313481764039442
"gene-LOC134687043|LOC134687043",29.8523665958374,-0.00845773867054796,0.112516704099724,0.913478574842744,0.98134698001751
"gene-LOC134687044|LOC134687044",14.6038676265048,-0.03067855283962,0.152539052749418,0.529415518045008,0.826070259422782
"gene-LOC134687045|LOC134687045",9.57252601151169,-0.0103477923451356,0.154979393511467,0.714116002186034,NA
"gene-LOC134687050|LOC134687050",80.9292319048767,0.0505193968637712,0.129007378600661,0.52179759005499,0.821109349963016
"gene-LOC134687051|LOC134687051",6.84791543263105,-0.000439421092516328,0.153216597961724,0.987291200354766,NA
"gene-LOC134687055|LOC134687055",13.3027779203127,0.037629888957903,0.146442708927575,0.55971411505629,0.843752874016389
"gene-LOC134687056|LOC134687056",1614.45819643212,0.222250038562719,0.109561852790473,0.0118587477532685,0.110277698085139
"gene-LOC134687062|LOC134687062",27.2079920601955,0.0379215265730017,0.160296196161623,0.254647411029571,0.610272388359054
"gene-LOC134687063|LOC134687063",16.91332613632,-0.0820248097546052,0.161194747240433,0.250095335566674,0.606092166679834
"gene-LOC134687068|LOC134687068",8.32859197634271,-0.00582160451341225,0.139929744706589,0.926265180158919,NA
"gene-LOC134687071|LOC134687071",18.1040248321541,-0.0297642330537051,0.148140934900452,0.599365082971738,0.863790854871034
"gene-LOC134687073|LOC134687073",46.7413765896792,-0.0559725748548559,0.112656152450603,0.486945381582875,0.799735673648505
"gene-LOC134687086|LOC134687086",39.5139887831349,0.428765529622611,0.281453718645213,0.00767601986254967,0.0871590847137992
"gene-LOC134687093|LOC134687093",48.9984601465714,-0.00315212951691795,0.10083523523334,0.96545490474861,0.994654333373548
"gene-LOC134687095|LOC134687095",12.2594003827752,0.0202690949739626,0.154266802848578,0.591146227378327,0.859636210905492
"gene-LOC134687096|LOC134687096",32.3416910053996,-0.027399261122435,0.139911185659447,0.683734976399643,0.905487482548216
"gene-LOC134687098|LOC134687098",46.2992043391935,-0.0585263021417925,0.139291737751186,0.443676487899348,0.779245620816482
"gene-LOC134687102|LOC134687102",15.8465256452424,-0.0594620548239063,0.165148078005901,0.212969679058351,0.564313224159669
"gene-LOC134687111|LOC134687111",56.2656669182283,-0.392891425882094,0.160559051613061,0.00147219750403263,0.0420533547116047
"gene-LOC134687112|LOC134687112",44.456507725801,0.180623546104896,0.14128793642701,0.0614434346383641,0.294994227079793
"gene-LOC134687113|LOC134687113",11.7881859161789,-0.0653107086873217,0.156287478316368,0.322444249015126,0.67977286879096
"gene-LOC134687115|LOC134687115",48.8308301576689,0.00925537291836781,0.131328463488217,0.900621178852465,0.977155336914768
"gene-LOC134687116|LOC134687116",25.8796328838504,0.229449001667709,0.249275174295536,0.0428979934738026,0.239701945989581
"gene-LOC134687118|LOC134687118",113.136349113874,0.0256002799837137,0.121153340727707,0.741783159301616,0.922809345788751
"gene-LOC134687120|LOC134687120",14.652292332829,0.161005984388799,0.208013935629211,0.0840212805917802,0.350865617371933
"gene-LOC134687121|LOC134687121",171.756614666764,0.196415657401759,0.1119727076328,0.0255968486303761,0.178443397619928
"gene-LOC134687122|LOC134687122",28.2869477446708,0.0826209128472637,0.161750791735128,0.24876871753069,0.605688800553262
"gene-LOC134687124|LOC134687124",20.0595028913925,0.0118522512702437,0.132633686081981,0.865790413829078,0.964151816146661
"gene-LOC134687125|LOC134687125",15.9524523052808,0.0426859980612072,0.145095251244111,0.52381214025777,0.822768233087002
"gene-LOC134687128|LOC134687128",46.7481030009699,0.0878418992785212,0.153508811849755,0.264476910949579,0.620778359380389
"gene-LOC134687129|LOC134687129",13.2540341941612,-0.623377580618648,0.250614182174958,0.000699353907204639,0.0282212988511937
"gene-LOC134687135|LOC134687135",9.35299156238483,-0.0193092566590799,0.149490640204411,0.694704915748853,NA
"gene-LOC134687136|LOC134687136",67.8378471460822,-0.105583152886586,0.137796160103343,0.223884771196627,0.576220603039401
"gene-LOC134687137|LOC134687137",17.4487026952387,-0.179018928984758,0.173128749550222,0.07555218641086,0.331679825938786
"gene-LOC134687138|LOC134687138",10.5958462585895,-0.103479760569492,0.18280419821748,0.137712501743574,NA
"gene-LOC134687141|LOC134687141",17.6652966771611,0.0877845861520615,0.153661680950473,0.266649858858814,0.62311794609389
"gene-LOC134687143|LOC134687143",2814.01885747732,0.156445926766218,0.101589603798678,0.0547770212633936,0.277492441319647
"gene-LOC134687144|LOC134687144",17.4911360417872,-0.0164168914317282,0.142272730179069,0.789893786715446,0.939106225839337
"gene-LOC134687147|LOC134687147",43.1695584756662,0.0364517408387661,0.155032081397672,0.443645782759553,0.779245620816482
"gene-LOC134687150|LOC134687150",57.6294139670521,0.0064044232409631,0.12405539458713,0.935266575051816,0.987837519993379
"gene-LOC134687152|LOC134687152",19.2554332316471,0.047038767294496,0.15116631617282,0.445705880753354,0.780078735931532
"gene-LOC134687153|LOC134687153",230.335009358306,0.066892510630095,0.114374179729968,0.420642767552495,0.759924682163752
"gene-LOC134687154|LOC134687154",146.340683359705,-0.0474351349872509,0.0849949271020284,0.508277979400343,0.809857365041912
"gene-LOC134687157|LOC134687157",18.5523455415922,-0.0975067160086218,0.145392998117338,0.24946009751263,0.606049130875459
"gene-LOC134687160|LOC134687160",11.7330835787131,-0.0446136277093861,0.1518211413781,0.448597795915744,0.781041759539082
"gene-LOC134687168|LOC134687168",8.0661102071495,-0.00640271628693701,0.15548923702203,0.786607151994556,NA
"gene-LOC134687169|LOC134687169",8.11719127643152,0.0370960049937385,0.16095758381914,0.202736706590364,NA
"gene-LOC134687172|LOC134687172",10.1315861110556,0.00508008280756507,0.152848264727666,0.892593486777108,NA
"gene-LOC134687173|LOC134687173",541.331530072481,-0.209711212989666,0.144114943469165,0.0362230228461256,0.218984791100482
"gene-LOC134687174|LOC134687174",249.623121240349,0.0755438988559267,0.109594059651696,0.350421209317855,0.703768327139662
"gene-LOC134687179|LOC134687179",79.5839516410848,0.141612267649264,0.122426469688229,0.110083231502818,0.412963018273026
"gene-LOC134687180|LOC134687180",19.1945034867773,0.0147847241276193,0.14217005482942,0.804780895568761,0.943228489187407
"gene-LOC134687181|LOC134687181",124.082023532266,0.15806708252496,0.121054423399183,0.0772903813732084,0.336586172818276
"gene-LOC134687183|LOC134687183",10.4847071204047,-0.030572450704432,0.138829092705199,0.658522370009634,NA
"gene-LOC134687190|LOC134687190",110.155450542494,0.0482024854412387,0.165333986813449,0.113055576205908,0.415799088009025
"gene-LOC134687194|LOC134687194",22.8167578374885,-0.074688906352058,0.14030130033163,0.353036308977346,0.706144472613303
"gene-LOC134687196|LOC134687196",15.5203624260026,-0.0304934584968001,0.15411012486217,0.499876776120663,0.80632202571024
"gene-LOC134687198|LOC134687198",7.20766635921112,-0.0036805300815897,0.154442583578559,0.896405479094033,NA
"gene-LOC134687200|LOC134687200",89.3424392180056,0.37067688065453,0.104163191329902,4.91842590980464e-05,0.00614321040106972
"gene-LOC134687204|LOC134687204",13.604677607608,0.066781449070028,0.157984493907347,0.307014704806923,0.666370265190779
"gene-LOC134687205|LOC134687205",23.779081110386,0.0803552625283816,0.14970638032454,0.304485258576876,0.664687741078941
"gene-LOC134687206|LOC134687206",263.909025424179,0.217267123412485,0.0998716674155494,0.0087357051691809,0.0930542507151879
"gene-LOC134687209|LOC134687209",25.7850785059109,-0.0719454247011987,0.141619736684502,0.363704590336466,0.712857211332275
"gene-LOC134687211|LOC134687211",22.5431471386503,0.050903807818578,0.152437567018865,0.411135958498039,0.75062655650115
"gene-LOC134687212|LOC134687212",30.03388553441,0.0591715380844179,0.144156211608188,0.423907094775088,0.762105373827543
"gene-LOC134687214|LOC134687214",69.3625536538376,-0.221850363012084,0.108925271916308,0.0118187208265544,0.110224157449554
"gene-LOC134687215|LOC134687215",6.79332562996367,0.0203785267169219,0.155676857721058,0.522653707545303,NA
"gene-LOC134687216|LOC134687216",10.8749144128993,0.0130870029268693,0.153001886620782,0.733951418811917,NA
"gene-LOC134687224|LOC134687224",8.06750979814279,0.040798574473894,0.146290112109474,0.529806043141955,NA
"gene-LOC134687225|LOC134687225",418.269705662262,0.00347550500278776,0.137570074209278,0.961516857846672,0.993973123090441
"gene-LOC134687227|LOC134687227",47.139869620169,0.235540529669343,0.141618737538422,0.0208530227142459,0.159655955155945
"gene-LOC134687228|LOC134687228",7.40547918791384,-0.0170469562639459,0.153943623790854,0.639086989149717,NA
"gene-LOC134687230|LOC134687230",16.8557921322159,0.0104044578070321,0.134039093827943,0.880861838274745,0.972386147839837
"gene-LOC134687235|LOC134687235",30.4376250416655,1.07836667710853,0.644564395596644,0.00231694405140481,0.0552769048968115
"gene-LOC134687236|LOC134687236",10.0021224372214,0.0712157131188116,0.179034951281411,0.0241941032321433,NA
"gene-LOC134687239|LOC134687239",11.874973482412,0.00425954808003413,0.155373029041237,0.862959404331588,0.962874655034545
"gene-LOC134687242|LOC134687242",8.25532342806565,0.0553966052306677,0.158964003940192,0.319407921392744,NA
"gene-LOC134687243|LOC134687243",610.824447007133,0.273219764357388,0.156872709500566,0.0134482863466278,0.119979809563052
"gene-LOC134687244|LOC134687244",45.7095574817027,0.119553454069117,0.154821282694927,0.177299585630463,0.519024981831824
"gene-LOC134687246|LOC134687246",47.5609911831904,0.174449034618829,0.177208178773038,0.0815002240767954,0.344954436790157
"gene-LOC134687248|LOC134687248",1811.52560042618,0.00745342209870213,0.0862209308665909,0.9311558435959,0.986439834309975
"gene-LOC134687253|LOC134687253",15.5576318123236,-0.0018623247792721,0.154897182525429,0.947699810476656,0.992249801567439
"gene-LOC134687254|LOC134687254",9.26967203690383,0.00817518718535955,0.1340676027032,0.908204015646757,NA
"gene-LOC134687256|LOC134687256",41.8406581948982,-0.0486324860785336,0.138298169220311,0.512085373018237,0.812246968656915
"gene-LOC134687257|LOC134687257",14.370955652143,-0.0170952877329874,0.147933330892833,0.743516691602167,0.923056904566704
"gene-LOC134687258|LOC134687258",274.82234597485,0.769395273952615,0.232764141734195,4.91682421806348e-05,0.00614321040106972
"gene-LOC134687264|LOC134687264",26.9588538603623,0.465409033401846,0.295618909941686,0.00633201903696257,0.0790597709353471
"gene-LOC134687280|LOC134687280",7.78798869984405,0.0463145625089729,0.158811816974934,0.326411346093416,NA
"gene-LOC134687282|LOC134687282",6.74701185874237,0.000791616623673345,0.155451969652804,0.975092465834042,NA
"gene-LOC134687283|LOC134687283",18.3294528394534,0.50508527579574,0.269050191963794,0.00348280002631251,0.0662498820247812
"gene-LOC134687284|LOC134687284",23.1937687954272,0.109587336415805,0.181753239594517,0.146642345417329,0.471773606216356
"gene-LOC134687289|LOC134687289",47.5750077484493,0.0387310933916817,0.133098190420287,0.607685528736411,0.867140836352241
"gene-LOC134687290|LOC134687290",22.5460105280331,-0.0870237982826213,0.164044170709222,0.228536380399057,0.580463195471536
"gene-LOC134687291|LOC134687291",13.7856077277642,0.0351165166404441,0.159815434799991,0.261526595680882,0.619589905759705
"gene-LOC134687297|LOC134687297",122.441151288823,0.0334583009425727,0.0945273227543035,0.657602057720097,0.893761414134044
"gene-LOC134687298|LOC134687298",20.3436256734848,-0.0329995413115202,0.121379643630374,0.674498761164791,0.902757154397979
"gene-LOC134687299|LOC134687299",1279.07307163025,0.0505694147481944,0.107495217966752,0.507598034817567,0.809857365041912
"gene-LOC134687300|LOC134687300",43.1796142884288,0.0113839241911323,0.133620242410918,0.874628864410644,0.968263098070178
"gene-LOC134687302|LOC134687302",80.5477689036308,0.0311556420861954,0.106771186622046,0.693800669148705,0.908204508399908
"gene-LOC134687308|LOC134687308",20.6625908029407,-0.000647193873436769,0.147759867529143,0.987607814009054,0.99704656962612
"gene-LOC134687312|LOC134687312",18.3145931908976,0.148967947933372,0.168222959349168,0.115817381885308,0.421410743231641
"gene-LOC134687313|LOC134687313",12.2926731620252,-0.0123380459265072,0.138530460930105,0.851229307290408,0.957755997415904
"gene-LOC134687315|LOC134687315",67.1506658412654,-0.0468654503171323,0.108012469208409,0.557062699695671,0.842308684175254
"gene-LOC134687316|LOC134687316",11.0560897963038,-0.0141316352674926,0.155466857178303,0.615564205680428,NA
"gene-LOC134687317|LOC134687317",227.96717716334,-0.0402541885571839,0.0800284049220497,0.559565288388157,0.843752874016389
"gene-LOC134687319|LOC134687319",10.2668866627658,-0.14427240707899,0.187305565560019,0.111017192399734,NA
"gene-LOC134687322|LOC134687322",15.7560418579327,-0.109940381563208,0.193033404981215,0.102546064820539,0.396576614713208
"gene-LOC134687323|LOC134687323",104.590483356725,0.0179161811849706,0.135485507421677,0.799172887449929,0.941503486006864
"gene-LOC134687325|LOC134687325",73.2991496162087,0.31862740738429,0.283742584664918,0.0193892114320759,0.15404144578058
"gene-LOC134687328|LOC134687328",25.7508315551509,-0.00295130330240288,0.113783685902172,0.96877849752412,0.995073589829788
"gene-LOC134687329|LOC134687329",6.16503505872847,-0.00752449959009557,0.154616713621793,0.801915686455714,NA
"gene-LOC134687336|LOC134687336",37.2708212093473,2.33347777987728,0.839280137604311,0.441251307847456,0.777529967078367
"gene-LOC134687348|LOC134687348",9.17617222592971,-0.903044482999135,0.347602745134258,0.000386325872600698,NA
"gene-LOC134687350|LOC134687350",113.375593403232,0.0185938542638975,0.139387069992636,0.787693257242314,0.938434867631775
"gene-LOC134687351|LOC134687351",11.6321225625595,-0.0253868009373375,0.153750009429675,0.548954938780802,0.836442377350525
"gene-LOC134687352|LOC134687352",9.46869217714828,0.178172261738784,0.276913451679107,0.0381580553628806,NA
"gene-LOC134687354|LOC134687354",779.295620679882,0.191806467733685,0.113877412713182,0.0313579130534275,0.200955639990275
"gene-LOC134687355|LOC134687355",29.2887382175869,0.00824963832591561,0.142599056945754,0.89286755115669,0.975254009504506
"gene-LOC134687359|LOC134687359",77.6565921099424,0.0214821641132747,0.158588901354802,0.198028261387871,0.542554849479886
"gene-LOC134687360|LOC134687360",9.83013284296408,0.00719644026308061,0.143610822765017,0.901157209842133,NA
"gene-LOC134687366|LOC134687366",80.0734207806561,-0.0718546713197079,0.131807957837137,0.376594053237252,0.723869679879692
"gene-LOC134687367|LOC134687367",17.3549267668389,-0.119126751453696,0.163443585307531,0.171437291050816,0.509591947733876
"gene-LOC134687369|LOC134687369",38.0489643654656,0.0572330590405141,0.129638119766274,0.473439654771022,0.795503607539599
"gene-LOC134687371|LOC134687371",30.1612353647778,-0.300980534155195,0.208242714565441,0.01670106305124,0.138543018677862
"gene-LOC134687372|LOC134687372",37.8675471649222,0.361013205514558,0.232266254417668,0.00985281434571839,0.099150408444695
"gene-LOC134687373|LOC134687373",18.9738148767368,0.0697131354885347,0.144007907861901,0.365721563501033,0.714177302115751
"gene-LOC134687374|LOC134687374",90.6471506903329,0.0146032081035423,0.127947177827204,0.842711244003514,0.955002779630383
"gene-LOC134687387|LOC134687387",14.3993572963284,0.314358857855026,0.237898541542929,0.017499002740564,0.143645164249218
"gene-LOC134687389|LOC134687389",7.81654094757158,0.0124023650782104,0.147450229765066,0.815387563049714,NA
"gene-LOC134687394|LOC134687394",23.5214005642227,0.0453017110994072,0.149265697649878,0.478830631564992,0.79700839379906
"gene-LOC134687409|LOC134687409",25.4162015378835,-0.0296036010708682,0.153046606101516,0.529604851913348,0.826070259422782
"gene-LOC134687410|LOC134687410",7.99208026586927,-0.0236206835121278,0.156128404059929,0.473397015192411,NA
"gene-LOC134687412|LOC134687412",9.68125087443167,0.00122797387035864,0.134964104528656,0.987309953535952,NA
"gene-LOC134687417|LOC134687417",80.491332243647,-0.0516065901985227,0.101150813331355,0.509366833467381,0.810558763224386
"gene-LOC134687421|LOC134687421",22.9262086358771,0.060311525106226,0.153047749754679,0.365113612492666,0.713427518889044
"gene-LOC134687424|LOC134687424",46.277858128425,0.374485703466578,0.261444193051599,0.0108832672240339,0.104956902897909
"gene-LOC134687425|LOC134687425",25.529674934904,0.0945261212470156,0.17946447148386,0.146491657782673,0.471717777726648
"gene-LOC134687426|LOC134687426",21.2524791334162,0.0558173833579158,0.133607087493231,0.476679179154291,0.796791709893797
"gene-LOC134687427|LOC134687427",11.3935331458898,-0.0471186421936007,0.157991868521617,0.344246238630803,0.698842664313587
"gene-LOC134687429|LOC134687429",22.623202304496,0.0365420991575324,0.157706268668577,0.363907506109965,0.712857211332275
"gene-LOC134687432|LOC134687432",26.8585582638918,0.153018274849006,0.195404999313837,0.0965069638395434,0.380593969305842
"gene-LOC134687433|LOC134687433",33.1813662190905,-0.0176860006784969,0.146723674479285,0.753496265061622,0.925883657230432
"gene-LOC134687434|LOC134687434",33.2924774762255,-0.0410997673830936,0.145305800581445,0.530513493845292,0.826270826092971
"gene-LOC134687435|LOC134687435",115.861548456616,-0.0772867991272791,0.0948162559475055,0.311722515296095,0.671288851398284
"gene-LOC134687436|LOC134687436",6385.31994930065,0.408704762114061,0.159997335259077,0.0010337567915328,0.0341193303733883
"gene-LOC134687438|LOC134687438",26.2438325255921,-0.0731916448435984,0.130618693783798,0.371320212139899,0.719883740034722
"gene-LOC134687439|LOC134687439",7.95871035500437,-0.0480586030467435,0.159733238058817,0.306571798919163,NA
"gene-LOC134687442|LOC134687442",35.075769964619,0.0238571986885121,0.14079652267757,0.715329726520057,0.917921047062424
"gene-LOC134687443|LOC134687443",13.1741775433682,0.0413378122830381,0.14784698249474,0.51146956727252,0.812079048735282
"gene-LOC134687444|LOC134687444",24.4113590007337,0.111349022888946,0.148807540442846,0.202991714191937,0.550006979128008
"gene-LOC134687445|LOC134687445",10.4110679233186,-0.0144854439107857,0.133545537492291,0.838638860469027,NA
"gene-LOC134687446|LOC134687446",17.6320285351638,-0.0163293530118324,0.154657683045078,0.62780832040294,0.878733733018258
"gene-LOC134687447|LOC134687447",12.7898485009138,-0.00474121012891571,0.152202746364585,0.911803319606545,0.98134698001751
"gene-LOC134687451|LOC134687451",20.2043951154408,-0.0956813177272556,0.173895582797841,0.176513051249336,0.518151214957729
"gene-LOC134687452|LOC134687452",27.6167020498487,-0.0732144972191668,0.137303260287383,0.365325891026734,0.713623405654799
"gene-LOC134687455|LOC134687455",258.092409881607,0.0727901472515744,0.101455414199093,0.350516127701061,0.703768327139662
"gene-LOC134687457|LOC134687457",9.81109823573402,0.0236098567481429,0.149564385982049,0.651724938841837,NA
"gene-LOC134687460|LOC134687460",22.3148712919032,0.00471448768582933,0.14651232129599,0.929819779437326,0.985776220865099
"gene-LOC134687462|LOC134687462",664.45250769322,-0.0547260793187075,0.110653865476257,0.494679511512594,0.805221989650214
"gene-LOC134687471|LOC134687471",6.96934258945781,0.0212086198969484,0.157248112652516,0.404380456554035,NA
"gene-LOC134687472|LOC134687472",92.2470605520436,0.139845200150552,0.168786582281013,0.129695566239377,0.443242755954268
"gene-LOC134687482|LOC134687482",26.2384332017564,0.104896133229641,0.155485680025493,0.215126251608747,0.567199595508161
"gene-LOC134687498|LOC134687498",6.38828184957321,-0.0137683347479892,0.156893625268205,0.477790540589815,NA
"gene-LOC134687507|LOC134687507",30.8082321108646,0.0110896058490018,0.154086299271276,0.735004795056683,0.921921372263905
"gene-LOC134687508|LOC134687508",48.1727979258555,-0.0187546896344871,0.119326774129082,0.836593777829914,0.9523420190728
"gene-LOC134687509|LOC134687509",72.794420531247,-0.0193745150360333,0.122100572886777,0.797136003888622,0.940819292107845
"gene-LOC134687511|LOC134687511",26.3423410021946,0.0959012440597062,0.144408962963686,0.255912921425245,0.612442973511359
"gene-LOC134687515|LOC134687515",7.31595606078084,-0.0302366675667034,0.153459196827682,0.516949664620767,NA
"gene-LOC134687528|LOC134687528",15.3590634690728,0.0453838985471155,0.160587713908812,0.279493451461674,0.638813521998874
"gene-LOC134687534|LOC134687534",19.9094293737053,-0.00252047129701599,0.136638715786796,0.969873404155027,0.995073589829788
"gene-LOC134687536|LOC134687536",38.7410200210891,0.153558780010723,0.213985534844439,0.0829493988317354,0.348153610081909
"gene-LOC134687539|LOC134687539",19.8020253026517,0.00678599838848698,0.125329856159025,0.933952964800672,0.987133535099325
"gene-LOC134687542|LOC134687542",26.4611150177486,-0.0318103021209716,0.139226531051852,0.661285348045418,0.895680983850587
"gene-LOC134687548|LOC134687548",406.994717828628,0.00939552957856065,0.109022495591399,0.933777152429788,0.987133535099325
"gene-LOC134687549|LOC134687549",49.1176941320961,0.0281332815441611,0.118606085540054,0.722135895440543,0.918664055811524
"gene-LOC134687550|LOC134687550",26.8193365628351,0.0254468284430812,0.142852651270755,0.688727972910202,0.906633020755938
"gene-LOC134687551|LOC134687551",7.5582800464144,0.0111309687397317,0.152429271021484,0.778539976908525,NA
"gene-LOC134687556|LOC134687556",10.3418689206702,0.0272911359645346,0.153398955570977,0.542135905803368,NA
"gene-LOC134687557|LOC134687557",21.0238302990274,-0.00658370814727686,0.15651663807647,0.689379972293186,0.906741776483088
"gene-LOC134687559|LOC134687559",59.7575107408712,0.0355369792916264,0.100810152417671,0.644169114626427,0.887596205963733
"gene-LOC134687560|LOC134687560",105.027581011874,-0.0261114432444521,0.115586548940751,0.740443231777252,0.922809345788751
"gene-LOC134687561|LOC134687561",69.4985396854841,0.103776049572869,0.160897954079965,0.208676504612342,0.558281954800763
"gene-LOC134687563|LOC134687563",27.5727074468407,0.023046289660748,0.143813392981877,0.709964590444483,0.915565463591943
"gene-LOC134687564|LOC134687564",7.85524983812343,0.0468830378004939,0.163699344032696,0.169628849566734,NA
"gene-LOC134687566|LOC134687566",64.2272734913988,0.0539016361108657,0.119849495823586,0.505242084631013,0.80864122590441
"gene-LOC134687568|LOC134687568",31.8757111826936,-0.0967514025418903,0.134791340326331,0.258524464581101,0.616087107886874
"gene-LOC134687569|LOC134687569",13.0690966914597,-0.00919435762911807,0.153460213223968,0.797595470984539,0.940819292107845
"gene-LOC134687571|LOC134687571",8.47121692272253,0.077384123994272,0.177697390642164,0.0992429180144381,NA
"gene-LOC134687574|LOC134687574",19.4161951522138,0.184092658471583,0.189289828432347,0.0717024751966729,0.320073417661392
"gene-LOC134687577|LOC134687577",11.7877395541563,0.0014807947859615,0.153584495167747,0.968931210532984,0.995073589829788
"gene-LOC134687578|LOC134687578",25.9948925421699,-0.243410607122904,0.209751280886976,0.0344309863917026,0.211316357132119
"gene-LOC134687581|LOC134687581",49.3848282477465,0.109715958495872,0.153727563322261,0.201749725057743,0.548184850147694
"gene-LOC134687585|LOC134687585",17.9623619900026,-0.0396527114738964,0.15020957646214,0.497275019455879,0.80632202571024
"gene-LOC134687586|LOC134687586",161.729335178966,0.0494958030048546,0.138089889433187,0.507673133011455,0.809857365041912
"gene-LOC134687591|LOC134687591",30.0500318847299,0.0128573317541431,0.122852980451011,0.867315724791817,0.965030771515087
"gene-LOC134687594|LOC134687594",7.64984369912356,0.154542800108109,0.24474203274267,0.0482703523424184,NA
"gene-LOC134687596|LOC134687596",35.379433845368,-0.0387077231626886,0.131918868776062,0.606694114635934,0.866511549379125
"gene-LOC134687598|LOC134687598",28.6683422432538,0.0545574349424054,0.158300857932387,0.332179528641774,0.687007661509124
"gene-LOC134687603|LOC134687603",20.3934644583846,0.0424261920767384,0.156057350523984,0.39784345967884,0.740579438385216
"gene-LOC134687604|LOC134687604",10.4637379941599,-0.00739335814150291,0.143285281838477,0.899764845456424,NA
"gene-LOC134687610|LOC134687610",13.0099896650744,0.0540299403814644,0.136268687457141,0.482903521619834,0.797844258383848
"gene-LOC134687613|LOC134687613",12.1653612817154,-0.0175952384867266,0.139602156777602,0.792147913310114,0.93946448995995
"gene-LOC134687618|LOC134687618",25.7880910760509,0.0604456634245764,0.163507931281073,0.249303304488599,0.605899944939077
"gene-LOC134687619|LOC134687619",18.056397155068,0.0287166620629365,0.146255794693255,0.630189892036314,0.879160106331082
"gene-LOC134687627|LOC134687627",14.3200720705045,-0.0688561842248771,0.16872036806009,0.185463829171602,0.527177417145516
"gene-LOC134687630|LOC134687630",23.5922546343651,-0.0582305613524903,0.152611253103729,0.37795814769831,0.72517873519224
"gene-LOC134687631|LOC134687631",120.505653612658,-0.12133365701395,0.164302211937352,0.164825590604592,0.500209153002026
"gene-LOC134687632|LOC134687632",23.0070292752315,0.102751367853363,0.189579409517698,0.105421915157408,0.403083793248914
"gene-LOC134687638|LOC134687638",24.9026488203659,-0.0207270743295046,0.148772252300365,0.693871333560189,0.908204508399908
"gene-LOC134687640|LOC134687640",26.2525627658432,0.366627621387592,0.507589767964116,0.015091819944052,0.129912017626502
"gene-LOC134687645|LOC134687645",9.44353402757626,-0.0118111743670102,0.150937433561488,0.788389877558166,NA
"gene-LOC134687647|LOC134687647",66.7286977918258,-0.0315521489864888,0.128266255597239,0.677362706548589,0.90290504592405
"gene-LOC134687650|LOC134687650",11.4050805355997,0.0303238166863109,0.154312622703964,0.49642625955795,0.806167645986122
"gene-LOC134687670|LOC134687670",19.1888908031286,-0.0521235669076438,0.137025350187567,0.492008845840576,0.80401393307302
"gene-LOC134687679|LOC134687679",128.322811631779,0.0855992951763881,0.142714168606062,0.29996974586719,0.661248784615699
"gene-LOC134687704|LOC134687704",9.5820064748824,-0.00670362895202876,0.154627605694384,0.813080203038631,NA
"gene-LOC134687712|LOC134687712",18.8643661052524,-0.00288735404625855,0.156600479263659,0.826928140518155,0.949444755548414
"gene-LOC134687714|LOC134687714",67.0534548015149,-0.200244619887608,0.227433377975903,0.0554660852619535,0.279082909256432
"gene-LOC134687730|LOC134687730",27.6290739007496,0.00045584363193935,0.104234801840933,0.989423776762423,0.99704656962612
"gene-LOC134687744|LOC134687744",18.1399953406942,0.0562293061632649,0.131471600443039,0.478148762387891,0.796862739129877
"gene-LOC134687754|LOC134687754",30.4001022524646,0.0425407204022692,0.133297135628803,0.573423584729651,0.849094874217977
"gene-LOC134687770|LOC134687770",17.0421178274539,0.00846252597711282,0.147381488531985,0.867045118369786,0.964898218730877
"gene-LOC134687823|LOC134687823",11.4838758219193,0.0310876702747929,0.150369243189756,0.566143410723707,0.846361619922557
"gene-LOC134687833|LOC134687833",46.9173212814491,-0.12582355742819,0.170870957129725,0.14995446530791,0.477248103228442
"gene-LOC134687836|LOC134687836",19.2593772523234,0.00486257051698493,0.151884755994285,0.901264541082835,0.977155336914768
"gene-LOC134687860|LOC134687860",41.5116945451891,0.137915089456598,0.127421646378844,0.126171433093278,0.437707546695243
"gene-LOC134687868|LOC134687868",906.042753927283,0.0138151951748707,0.156253581285924,0.573080921383967,0.849064411433162
"gene-LOC134687879|LOC134687879",93.1236167710717,-0.0385118168646127,0.147803421603508,0.525819766723953,0.823978330635076
"gene-LOC134687903|LOC134687903",59.7045069239854,0.0738726104467334,0.158233940454731,0.286561156550529,0.645891301986579
"gene-LOC134687904|LOC134687904",40.7722412891564,0.356150184154101,0.200830184545871,0.0072707144703141,0.0846699290235847
"gene-LOC134687913|LOC134687913",14.1544915952487,0.0580666998041832,0.153829288473719,0.368646251148378,0.717270203331637
"gene-LOC134687941|LOC134687941",32.6227173142734,0.0102012961934558,0.135371143887128,0.885842129492692,0.973839603163262
"gene-LOC134687951|LOC134687951",17.6148146042824,0.0175611140403893,0.140733176952898,0.787428910223811,0.938434867631775
"gene-LOC134687952|LOC134687952",15.1772262583043,0.00146687746699024,0.153019548554117,0.967143529574651,0.995070070324304
"gene-LOC134687958|LOC134687958",6.80260229054625,-0.0205314578869899,0.157284110980075,0.395666727541765,NA
"gene-LOC134687982|LOC134687982",192.95576881666,-0.080696307762901,0.0970274531450153,0.296967334421148,0.658893040843857
"gene-LOC134687984|LOC134687984",6.92901087706692,-0.00209467271861233,0.154551907289757,0.944530010530756,NA
"gene-LOC134687988|LOC134687988",15.4252148592597,-0.113380957428228,0.197366103789192,0.091285931880334,0.368966615531553
"gene-LOC134688002|LOC134688002",7.29828207159976,-0.00296822572235193,0.154892026482384,0.908657119970943,NA
"gene-LOC134688009|LOC134688009",6.94137748628813,-0.00510155505633855,0.155311517931994,0.834092217734717,NA
"gene-LOC134688016|LOC134688016",65.9951379852102,-0.100490598573159,0.108775915979847,0.223323376822193,0.57613816735644
"gene-LOC134688021|LOC134688021",125.190998752023,0.0988479415034036,0.146558543718525,0.256399592823524,0.612627684278262
"gene-LOC134688026|LOC134688026",22.8360152022241,0.13834422681448,0.208578285018309,0.0885793623683793,0.360774001462005
"gene-LOC134688053|LOC134688053",10.8044261581679,0.160552766120267,0.202085966745417,0.0880104066262595,NA
"gene-LOC134688066|LOC134688066",48.5756589902246,-0.114808294308577,0.13510545487668,0.191906241264839,0.535924049476995
"gene-LOC134688075|LOC134688075",22.4139108645019,-0.023275754392055,0.134944103644627,0.741584920938674,0.922809345788751
"gene-LOC134688085|LOC134688085",9.06010093003807,0.098075724868837,0.188230595376418,0.0984568428847207,NA
"gene-LOC134688122|LOC134688122",27.3665572334278,-0.0714540740389222,0.137469718580711,0.37407579959744,0.722071603695068
"gene-LOC134688123|LOC134688123",88.7266711287883,-0.0724039301300045,0.168775662259656,0.193861900582708,0.537614413022136
"gene-LOC134688126|LOC134688126",144.075749661654,0.223179197583914,0.11887992994096,0.0158722282214503,0.134092962560529
"gene-LOC134688133|LOC134688133",7.06216319003017,0.0199751593614976,0.155224396222541,0.555475450301353,NA
"gene-LOC134688158|LOC134688158",31.8544547651205,0.0278460527170094,0.141106646625196,0.676264839038264,0.902757154397979
"gene-LOC134688159|LOC134688159",12.236942387221,-0.0153277537215106,0.154032394253056,0.666265103291824,0.89898511077503
"gene-LOC134688160|LOC134688160",26.7368284219233,0.0860670781375837,0.154531478222715,0.270734449187695,0.628719810909813
"gene-LOC134688181|LOC134688181",22.2717927304465,0.147911997142417,0.162610966996826,0.119176820385721,0.427693715975797
"gene-LOC134688182|LOC134688182",21.086309592965,0.00925418915806032,0.133683524022863,0.896271194674402,0.975254009504506
"gene-LOC134688189|LOC134688189",16.6375218761956,0.0444537803974766,0.127535224056955,0.571508541305926,0.848751066729252
"gene-LOC134688209|LOC134688209",8.11253783125266,-0.0249745239789843,0.156466105395954,0.44669382722797,NA
"gene-LOC134688210|LOC134688210",40.0945452732241,-0.0228045193889017,0.146028870276675,0.696990348797686,0.909800926606815
"gene-LOC134688211|LOC134688211",24.7424562347437,-0.0420869766656947,0.129847076868641,0.586549605489574,0.857544408301259
"gene-LOC134688216|LOC134688216",37.6762551077801,0.0242809119223191,0.126113180828945,0.751189573933009,0.925077550145291
"gene-LOC134688226|LOC134688226",9.59498585660886,0.146382660088587,0.222808511466443,0.0699416807455511,NA
"gene-LOC134688227|LOC134688227",12.3060089713555,0.073348458887258,0.155251163132845,0.305243423246467,0.665542630936927
"gene-LOC134688228|LOC134688228",32.6261059824776,0.0212887013496201,0.132275465125022,0.771605642573091,0.932853633900032
"gene-LOC134688238|LOC134688238",95.7575225153038,-0.0575714475641939,0.127556602357317,0.472713602757765,0.795503607539599
"gene-LOC134688240|LOC134688240",35.305229994068,0.158358370641679,0.142858897818401,0.0937485011213315,0.373937352625474
"gene-LOC134688241|LOC134688241",311.451527926755,-0.100661950917406,0.127803279408206,0.242011779152651,0.597062367622924
"gene-LOC134688243|LOC134688243",9.49038983219625,0.0284902376896282,0.156995873880967,0.406713974666351,NA
"gene-LOC134688248|LOC134688248",25.3890717737035,-0.0172609613783243,0.136557512051822,0.801606106729608,0.941868846384554
"gene-LOC134688249|LOC134688249",6.04116861326492,0.00523189312454663,0.154835245102554,0.850483128160122,NA
"gene-LOC134688250|LOC134688250",13.0118129744481,-0.0914022663473868,0.176265462334398,0.161474839441363,0.496391031835766
"gene-LOC134688255|LOC134688255",88.4802276369001,0.257797643101026,0.254532313874118,0.0323185397718743,0.203603925307352
"gene-LOC134688256|LOC134688256",18.5992525535484,0.0263273945372842,0.153172501173843,0.560212622890757,0.843752874016389
"gene-LOC134688258|LOC134688258",11.4885318665721,0.0800434145498012,0.164970626351707,0.234405237700001,0.588703647047044
"gene-LOC134688259|LOC134688259",57.0510115359738,0.0340494348785899,0.12919623994087,0.656817055662121,0.893619103923048
"gene-LOC134688266|LOC134688266",41.6997117641671,0.0565317586916989,0.122960614791354,0.483981210213143,0.797844258383848
"gene-LOC134688271|LOC134688271",8.93057004803149,0.0890802352009369,0.172121786173463,0.189180860121709,NA
"gene-LOC134688272|LOC134688272",15.0726352611221,0.0525800053970546,0.143685402252766,0.46804118647159,0.792037101176881
"gene-LOC134688273|LOC134688273",132.67646936145,-0.0176007858267733,0.0687075735782335,0.777854914176794,0.934005335233767
"gene-LOC134688274|LOC134688274",13.375019488207,0.0334489787039941,0.149550411963233,0.555717174994193,0.84222969086445
"gene-LOC134688277|LOC134688277",35.9878162842251,-0.110655917475522,0.163193349653089,0.188170404339936,0.532968197263402
"gene-LOC134688278|LOC134688278",8.98539267784828,-0.0274464953342936,0.139559770192211,0.684525381613443,NA
"gene-LOC134688286|LOC134688286",22.4796550400442,0.0101608107362283,0.142297423926654,0.868574474000891,0.965641716233876
"gene-LOC134688288|LOC134688288",15.7740480968106,1.36011593408906,0.665809645467177,0.00110911025211659,0.0355026749044357
"gene-LOC134688290|LOC134688290",15.6268907418662,0.0123001067018519,0.151457157090946,0.776551164474732,0.934005335233767
"gene-LOC134688291|LOC134688291",60.0793705662902,-0.0334891699354317,0.121382596534003,0.667363913268116,0.899705423813312
"gene-LOC134688292|LOC134688292",95.1155884384353,0.21978744274573,0.314137327808942,0.0340983109584134,0.209680482847941
"gene-LOC134688301|LOC134688301",57.9861655269086,0.0144088349422116,0.130104695616425,0.846426532830755,0.956320860966993
"gene-LOC134688302|LOC134688302",69.8018337885265,-0.00231408244581759,0.154850180421148,0.924414462508716,0.983116205832622
"gene-LOC134688305|LOC134688305",19.0497415139487,-0.0398479545595796,0.141250450271409,0.565876957550491,0.846361619922557
"gene-LOC134688307|LOC134688307",165.577454622361,0.0612154989735898,0.149613510248788,0.379415273590013,0.726661242564156
"gene-LOC134688313|LOC134688313",41.2668446872928,-0.141442444800019,0.172889615259561,0.124536186373975,0.436092077702237
"gene-LOC134688314|LOC134688314",52.8648145427899,-0.056637569293342,0.120808105343627,0.484309731365044,0.797844258383848
"gene-LOC134688320|LOC134688320",11.9749425700051,-0.0010591295537957,0.151013911164889,0.979132921299033,0.995964714564617
"gene-LOC134688321|LOC134688321",54.6555293329654,0.103017703674083,0.151731564099609,0.223988311839352,0.576254259457461
"gene-LOC134688322|LOC134688322",17.2520853765513,-0.0228202254173589,0.148475772971543,0.670246584165619,0.901873836319179
"gene-LOC134688323|LOC134688323",54.5987168169828,0.0648713089886773,0.126902667308666,0.426431220867858,0.764312570885835
"gene-LOC134688324|LOC134688324",9.59679695355316,-0.00321141228421298,0.152748381123241,0.922929027813031,NA
"gene-LOC134688325|LOC134688325",14.9842576312502,0.369129714698459,0.281734002047226,0.0128515725710503,0.116119882663248
"gene-LOC134688331|LOC134688331",30.2409917357344,0.0250357203479463,0.124519347165782,0.744525863515899,0.923229462837508
"gene-LOC134688333|LOC134688333",8.2387927310563,0.0643522994607409,0.168147072159758,0.178763306286194,NA
"gene-LOC134688334|LOC134688334",81.4611159255999,-0.159839261145958,0.255493414294047,0.0411209388816392,0.235524869280562
"gene-LOC134688343|LOC134688343",26.1746531441309,0.010211698859767,0.150082485270918,0.825979136495405,0.949444755548414
"gene-LOC134688348|LOC134688348",79.1139894282223,-0.0942305275475035,0.138951339793028,0.263428841094423,0.620118890529
"gene-LOC134688349|LOC134688349",16.3968637102245,-0.0544203773559485,0.145601979961821,0.444796349329636,0.780078735931532
"gene-LOC134688350|LOC134688350",781.043272061212,0.703650140580894,0.10369931457109,8.15459760722963e-13,5.19447867580527e-09
"gene-LOC134688351|LOC134688351",12.6832597467511,-0.0226703010760669,0.145465880182314,0.699820035321144,0.911440119606561
"gene-LOC134688352|LOC134688352",20.997019502218,-0.0975385845222712,0.172429832705216,0.18272311625179,0.524772881210054
"gene-LOC134688360|LOC134688360",7.06419511477781,0.0213288584693407,0.154184119477809,0.581428121260571,NA
"gene-LOC134688364|LOC134688364",43.7307834779887,-0.0576010627926164,0.139654525262094,0.44601280678279,0.780253261890714
"gene-LOC134688365|LOC134688365",47.253129195595,-0.232620015585315,0.166650313204744,0.0309647628748668,0.199641234324799
"gene-LOC134688368|LOC134688368",884.839632849575,0.0394709493388962,0.1164629362926,0.623585149061098,0.876486628314032
"gene-LOC134688372|LOC134688372",11.9583024685466,-0.0978273330994036,0.151410752164975,0.240158017709032,0.595255475800208
"gene-LOC134688373|LOC134688373",19.9757041916252,-0.0146112102745127,0.153598248944206,0.690902062341984,0.907620752446718
"gene-LOC134688377|LOC134688377",32.9520752660528,0.106741003379003,0.143263468993292,0.21977349072977,0.572963289898518
"gene-LOC134688382|LOC134688382",285.113421542222,-0.192619035394326,0.131420167758009,0.0424820907852786,0.238844588086694
"gene-LOC134688383|LOC134688383",11.7385288821857,0.0568370347807695,0.168364728950637,0.110886661672636,0.413529013531349
"gene-LOC134688385|LOC134688385",34.1536737954741,0.114741324896842,0.144224927563305,0.195170602376653,0.539599278272257
"gene-LOC134688388|LOC134688388",24.2291841286365,0.128937917901684,0.197187898751521,0.110100389817476,0.412963018273026
"gene-LOC134688391|LOC134688391",11.0799620222577,0.0169811707483342,0.157246665727879,0.408033603738978,NA
"gene-LOC134688398|LOC134688398",15.8637819037878,-0.0260509418508983,0.140571956014793,0.692220584598578,0.908085233046964
"gene-LOC134688400|LOC134688400",45.3558562917286,0.00140744566720321,0.137941463485864,0.985301841837114,0.996640964445824
"gene-LOC134688403|LOC134688403",36.630756614853,0.0993393386769904,0.149848710955716,0.239164093705562,0.5937160081467
"gene-LOC134688405|LOC134688405",9.55334290972951,0.00596684752370991,0.146440712276141,0.911731021313817,NA
"gene-LOC134688406|LOC134688406",28.4454609032065,0.152191263040164,0.147183248716434,0.109519428523942,0.411586288907087
"gene-LOC134688422|LOC134688422",13.1184054002653,-0.0206932567240016,0.156229050534694,0.500896266130483,0.80632202571024
"gene-LOC134688429|LOC134688429",50.9052868820046,-0.00466915284042614,0.109096015397541,0.952456992189098,0.993195169444879
"gene-LOC134688430|LOC134688430",10.9962607542455,-0.00835917493091712,0.15522013858485,0.755495961525358,NA
"gene-LOC134688440|LOC134688440",13.6878708761922,0.0277261132820051,0.158739782746173,0.278511696751086,0.637425926719599
"gene-LOC134688442|LOC134688442",24.3186727691455,-0.0212108999384925,0.137196436398597,0.756517156277051,0.927804059585062
"gene-LOC134688449|LOC134688449",9.1648246591658,0.0827868761249762,0.185691876298187,0.845162024307885,NA
"gene-LOC134688450|LOC134688450",14.670394571609,0.0280935355735804,0.158057333914334,0.343870549161721,0.698842664313587
"gene-LOC134688451|LOC134688451",56.0954307714661,0.146391856266243,0.147308760838495,0.117819155079708,0.425699386192705
"gene-LOC134688470|LOC134688470",102.373931501937,0.0949622102817546,0.129292788331795,0.263579841886918,0.620147772111222
"gene-LOC134688472|LOC134688472",29.3835968445207,-0.0211907882592085,0.132637248187367,0.769110449364683,0.931502256871707
"gene-LOC134688473|LOC134688473",132.503903832594,-0.0157307715886742,0.127203517581166,0.831732571260348,0.95105951595356
"gene-LOC134688478|LOC134688478",12.6618543264942,-0.0934717494823981,0.190072727138556,0.0637774693687447,0.300370213791624
"gene-LOC134688484|LOC134688484",15.1329433940658,-0.0196961103718901,0.146158327821751,0.726709201207468,0.919270819558614
"gene-LOC134688486|LOC134688486",22.1666728886379,0.00106619913824716,0.142853169833481,0.989770741296651,0.99704656962612
"gene-LOC134688493|LOC134688493",28.0163235776878,0.0369830041198098,0.135333625196502,0.613889245031851,0.871209577925122
"gene-LOC134688497|LOC134688497",10.7561248835143,-0.0181232304910258,0.154317115586833,0.611442577018734,NA
"gene-LOC134688500|LOC134688500",24.6867230131134,-0.0211488192916437,0.135360115996555,0.766288795792476,0.931106564576986
"gene-LOC134688502|LOC134688502",14.9700080445518,-0.0114500823405493,0.148214455437197,0.819812255342027,0.947588510304588
"gene-LOC134688506|LOC134688506",13.8453675049531,0.0329362687766739,0.158923304972233,0.302988390382639,0.662559576634881
"gene-LOC134688512|LOC134688512",10.6544506081579,-0.0229610996544183,0.151123109319294,0.632787099948442,NA
"gene-LOC134688513|LOC134688513",8.76824242774628,0.0256658526737233,0.15279960855824,0.572947910442417,NA
"gene-LOC134688520|LOC134688520",102.362409696397,0.231880062785805,0.160800325329097,0.0299948811505734,0.19622775989803
"gene-LOC134688525|LOC134688525",20.0561703869818,0.0343986751855537,0.128471464202641,0.655149132543916,0.892684486482299
"gene-LOC134688529|LOC134688529",72.2427843582341,0.0483699912411488,0.123964637831624,0.546408730298745,0.835762754314401
"gene-LOC134688541|LOC134688541",15.6402393935548,0.0206304133047231,0.147111269938157,0.712621073015441,0.916378992026017
"gene-LOC134688542|LOC134688542",16.7108162777402,-0.0352104402285552,0.132286931382001,0.638460692519302,0.884175562004032
"gene-LOC134688546|LOC134688546",9.12381392712826,-0.0475119799934493,0.161814663483576,0.246790929847151,NA
"gene-LOC134688549|LOC134688549",15.5619156432018,0.0244866531393577,0.153656103540807,0.565283695386111,0.846264897675565
"gene-LOC134688551|LOC134688551",14.1819473916962,0.0314817002585391,0.155660132712722,0.452070421868928,0.782143172231234
"gene-LOC134688564|LOC134688564",15.2208110524832,-0.153300272467934,0.196075489009858,0.0964818714357227,0.380593969305842
"gene-LOC134688571|LOC134688571",26.141774001853,0.0105120480339922,0.150795874716894,0.812556883319372,0.946249971982523
"gene-LOC134688574|LOC134688574",11.2019546613243,0.0255356099934355,0.155864678961112,0.475930507520965,NA
"gene-LOC134688576|LOC134688576",88.9426347812286,0.0645493325989021,0.129184055690744,0.424319334855235,0.762458156002213
"gene-LOC134688588|LOC134688588",10.0935629095826,0.0285194500444298,0.14571804308609,0.638820580809283,NA
"gene-LOC134688592|LOC134688592",160.234048068684,0.0586114633709385,0.0835402637965668,0.406136266057842,0.747065554371484
"gene-LOC134688593|LOC134688593",26.8336625978241,0.0829993844480861,0.130760250174443,0.322810895553291,0.679995173503461
"gene-LOC134688594|LOC134688594",21.5320068025967,-0.00431272020719031,0.146650721045336,0.933091930722935,0.987013550100481
"gene-LOC134688595|LOC134688595",10.0557378426501,-0.113849633157768,0.172523271669212,0.165213633386026,NA
"gene-LOC134688597|LOC134688597",22.7966966684208,-0.0430123693803555,0.155618330022296,0.400803201305519,0.742832817083549
"gene-LOC134688598|LOC134688598",37.1787426455275,-0.0461552917143581,0.141373410351021,0.516802976872683,0.815869879226515
"gene-LOC134688602|LOC134688602",147.525737910547,0.0112868560760576,0.123236369512349,0.883934001118082,0.973377065580696
"gene-LOC134688604|LOC134688604",24.1909512756566,0.0346584530961495,0.149989092432243,0.542000838946359,0.83319560871633
"gene-LOC134688605|LOC134688605",14.758315641515,-0.0143289477298488,0.144453993245883,0.805626363645096,0.943352929488835
"gene-LOC134688606|LOC134688606",8.36043853129365,-0.0240130021961488,0.155105247144944,0.517680662182227,NA
"gene-LOC134688692|LOC134688692",87.6901504475421,-0.00893432019557369,0.132939719713427,0.897821554374336,0.976095620887348
"gene-LOC134688709|LOC134688709",40.0633338360179,-0.0449792411862529,0.116028312046467,0.574827846087868,0.849776174706209
"gene-LOC134688725|LOC134688725",7.93930830609095,0.0227739008617266,0.157999087545883,0.320995571241105,NA
"gene-LOC134688781|LOC134688781",446.7934723243,0.0272768915875921,0.123456396179628,0.759252544696603,0.928655666228372
"gene-LOC134688978|LOC134688978",185.0932906479,0.0247245163986133,0.0937895753397903,0.743537268550299,0.923056904566704
"gene-LOC134689168|LOC134689168",18.2188395705607,0.193165661943524,0.167469198576033,0.0602422229248807,0.291819741468814
"gene-LOC134689184|LOC134689184",28.9943956825028,-0.00958123423983885,0.14692578258874,0.860423023168765,0.961781291431668
"gene-LOC134689200|LOC134689200",31.9671367703972,0.030354351529819,0.138404948963213,0.664110860322036,0.897409032721971
"gene-LOC134689353|LOC134689353",34.9524555875854,-0.0147912405318836,0.141399226387408,0.812209953989123,0.946018907827887
"gene-LOC134689399|LOC134689399",39.7835055106351,0.00301500900754173,0.13199107589531,0.966181995066523,0.994785200451026
"gene-LOC134689431|LOC134689431",32.3413838002355,-0.00348221915384901,0.143354642753538,0.952477177574787,0.993195169444879
"gene-LOC134689568|LOC134689568",364.172430849562,0.0331808906791484,0.154837359840023,0.478013069506755,0.796862739129877
"gene-LOC134689594|LOC134689594",11.690550949713,0.0239597796227208,0.139296860095173,0.722314127917275,0.918664055811524
"gene-LOC134689642|LOC134689642",89.6578402581085,-0.0321270428071334,0.158091340253039,0.350428894563048,0.703768327139662
"gene-LOC134689651|LOC134689651",257.974670207283,0.0212615233395859,0.156197913160609,0.499110401359212,0.80632202571024
"gene-LOC134689660|LOC134689660",192.455449851035,0.0817579162937506,0.147347715991855,0.308201490029781,0.667081733268034
"gene-LOC134689709|LOC134689709",94.5584955935882,0.0648830491335539,0.127207012807127,0.427012361209088,0.764793619971791
"gene-LOC134689739|LOC134689739",130.466556038134,-0.0325169797545709,0.109583781508189,0.68094395820186,0.904989153712882
"gene-LOC134689748|LOC134689748",212.33909951547,0.00403222745116547,0.156446869890299,0.791973344972962,0.93946448995995
"gene-LOC134689749|LOC134689749",69.9697735002307,0.00287245409501235,0.156568336653187,0.84796200246785,0.957206797044161
"gene-LOC134689775|LOC134689775",16.0786127202662,0.127905484181471,0.153162023368705,0.158364502424967,0.49065266558708
"gene-LOC134689795|LOC134689795",388.131444851623,-0.0150929081263104,0.148061025774052,0.761027563759235,0.928686892939909
"gene-LOC134689803|LOC134689803",233.66428472309,0.000278209579858896,0.154070607825177,0.999944971219475,0.999944971219475
"gene-LOC134689851|LOC134689851",5.67448193128226,-0.0276490448688755,0.158741530662021,0.281100865159,NA
"gene-LOC134689886|LOC134689886",7.83157702553377,0.0406064748575948,0.160370162470953,0.268048749784363,NA
"gene-LOC134689920|LOC134689920",28.7902969122338,0.298579615377454,0.245154836844494,0.0214830566865312,0.161566789956557
"gene-LOC134689929|LOC134689929",13.502266674875,0.272198494014102,0.243326544960744,0.0281380532896406,0.188684347380683
"gene-LOC134689938|LOC134689938",13.9901389341647,0.424081330950495,0.243885535432906,0.00572425040889843,0.0751824228962536
"gene-LOC134689949|LOC134689949",9.21240170612458,0.015167015211999,0.155169015557418,0.616289375176358,NA
"gene-LOC134689986|LOC134689986",13.271154607726,-0.0146377003091611,0.157474809545935,0.348707327317322,0.702489914550391
"gene-LOC134690003|LOC134690003",155.743621273945,0.0963377434120348,0.125560583885837,0.260261951192704,0.618109215245852
"gene-LOC134690044|LOC134690044",44.1367700056376,0.0216820784635959,0.0939921403190979,0.76568576580074,0.930982692909088
"gene-LOC134690050|LOC134690050",107.861270319606,-0.0352469742155854,0.157691854423938,0.351602812298648,0.704311293818361
"gene-LOC134690055|LOC134690055",8.55436940179928,0.0928292469640785,0.184511362714364,0.106317238826253,NA
"gene-LOC134690060|LOC134690060",999.28376266257,-0.0347640660600052,0.158657526850408,0.308620254129658,0.667088910351518
"gene-LOC134690073|LOC134690073",13.5111925921943,-0.00224844443120497,0.142824945529101,0.969689446575872,0.995073589829788
"gene-LOC134690078|LOC134690078",8.35512540335063,0.00763920662582085,0.14474991261485,0.89425801137039,NA
"gene-LOC134690094|LOC134690094",9.04441216168505,0.0434937564813641,0.158049367331391,0.348764294837559,NA
"gene-LOC134690106|LOC134690106",21.1835955886089,-0.0126933534716401,0.153951644880557,0.708253951580256,0.915336139668679
"gene-LOC134690112|LOC134690112",45.132234946825,-0.0304977627115925,0.147139022306036,0.605863264530935,0.865997779642735
"gene-LOC134690114|LOC134690114",26.8658954178363,0.0644658822290547,0.140918478656547,0.402219020341949,0.743582248387135
"gene-LOC134690130|LOC134690130",29.1592591727709,-0.0214016122519455,0.137823598887838,0.753907568420893,0.926029928816253
"gene-LOC134690133|LOC134690133",36.635774175152,-0.0833095598115302,0.128069751952006,0.320540448512334,0.678480571037232
"gene-LOC134690148|LOC134690148",33.3016361713983,0.0471286206726113,0.159495831300394,0.313610105044277,0.673078291486539
"gene-LOC134690185|LOC134690185",18.1766586646417,-0.00151988831900395,0.149744349647901,0.973452420110138,0.995073589829788
"gene-LOC134690232|LOC134690232",10.592367073049,0.000648946048452138,0.134944158549109,0.992811838543795,NA
"gene-LOC134690247|LOC134690247",9.34274486852772,0.0251010572519687,0.148675995185518,0.645415188411739,NA
"gene-LOC134690263|LOC134690263",26.2227515934968,-0.111436794472144,0.176707542438373,0.156923179116375,0.489409362205113
"gene-LOC134690274|LOC134690274",15.9247403006299,0.0205288296499571,0.152521466571361,0.642833840660563,0.8869074214875
"gene-LOC134690276|LOC134690276",321.996121709291,0.153806025898443,0.0985338257293103,0.0548450523738518,0.277492441319647
"gene-LOC134690341|LOC134690341",1647.1091051718,0.0114299171595692,0.151103244410556,0.80107029180238,0.941653028009072
"gene-LOC134690359|LOC134690359",13.6383993469001,-0.0562617015824594,0.141422048670135,0.449374889907494,0.781041759539082
"gene-LOC134690368|LOC134690368",2332.10071392798,-0.0568572013905572,0.167232432184922,0.143643108518035,0.467843753553484
"gene-LOC134690375|LOC134690375",10.0238771435814,-0.0571792633318724,0.146115434774927,0.420812866954626,NA
"gene-LOC134690381|LOC134690381",85.3639518142657,-0.0245370958025818,0.158124015472409,0.313550088522762,0.673078291486539
"gene-LOC134690383|LOC134690383",11.3069907601291,-0.00741086463107369,0.132196097726094,0.9197327367615,0.982242039915728
"gene-LOC134690429|LOC134690429",39.637079750917,-0.106437068688834,0.180116354455668,0.149390786934282,0.476524443050264
"gene-LOC134690469|LOC134690469",1960.75001600322,-0.0340223524575239,0.136571999187265,0.636922364710649,0.883966576406557
"gene-LOC134690485|LOC134690485",155.142803931295,0.0116707985948924,0.11704359983769,0.881646768424402,0.972386147839837
"gene-LOC134690496|LOC134690496",21.0225883914151,0.17998849366942,0.264207619766337,0.0488234317532214,0.25917105022335
"gene-LOC134690518|LOC134690518",16.0403731305772,0.100533554680092,0.135881613957401,0.245094669116424,0.601407181152397
"gene-LOC134690531|LOC134690531",112.735194117306,1.00803181057869,0.324069020864075,8.02510473565074e-05,0.00785660514595445
"gene-LOC134690571|LOC134690571",315.566852879654,-0.0145469197491899,0.156333438754218,0.585594666825398,0.856738178152914
"gene-LOC134690574|LOC134690574",320.930676115845,-0.0140751875467451,0.156282230678128,0.580098133901814,0.853400718927149
"gene-LOC134690612|LOC134690612",75.8177170042757,-0.00505678144718364,0.155798192817837,0.822794816931888,0.948153298297698
"gene-LOC134690618|LOC134690618",8.14513496685558,0.00495490768833525,0.148513446319211,0.920615704480684,NA
"gene-LOC134690622|LOC134690622",15.6448898989063,0.0638833369268566,0.169830173537429,0.139949911342583,0.461029736347062
"gene-LOC134690625|LOC134690625",19.5452976556356,-0.227636721785932,0.23316745382911,0.042740282605521,0.239524389560431
"gene-LOC134690632|LOC134690632",13.0883811619989,0.00327755808870961,0.141588813299111,0.957450627516548,0.993195169444879
"gene-LOC134690639|LOC134690639",1022.79744448861,0.215301220049754,0.102393956117389,0.0108911323101283,0.104956902897909
"gene-LOC134690645|LOC134690645",8.91333111155142,0.0812429566308838,0.180912163880961,0.0818221244912039,NA
"gene-LOC134690651|LOC134690651",8.66578245078122,-0.0691011548089642,0.154762226155325,0.324654757175734,NA
"gene-LOC134690657|LOC134690657",31.490314063211,-0.11753482347377,0.207857559398816,0.0610726818269492,0.293741579547666
"gene-LOC134690659|LOC134690659",71.9014800121032,0.172216552036497,0.124797872733311,0.0593356039515467,0.289187296994149
"gene-LOC134690669|LOC134690669",14.898017410023,0.0542305393609465,0.150621762034339,0.41207285980909,0.751475555964472
"gene-LOC134690670|LOC134690670",15.4884089171491,0.0845218254418273,0.170045101321635,0.197134642077699,0.541589392744771
"gene-LOC134690676|LOC134690676",17.0315634222541,-0.139687518785146,0.235683301005814,0.0397736930961035,0.232148087778715
"gene-LOC134690680|LOC134690680",9.09317307776323,0.0333618037540822,0.151045664839427,0.535027713737025,NA
"gene-LOC134690682|LOC134690682",475.992721262564,0.0350331560867105,0.123466851027109,0.654704073108517,0.892459864263054
"gene-LOC134690685|LOC134690685",45.5161531435508,-0.00892040435269889,0.112837550742785,0.909280644914906,0.980385529469863
"gene-LOC134690687|LOC134690687",790.5592284655,0.145823939675588,0.157357071454862,0.121753802803056,0.432745277440794
"gene-LOC134690695|LOC134690695",68.0173776473977,0.0103408584026263,0.114331450776126,0.894952466951084,0.975254009504506
"gene-LOC134690700|LOC134690700",13.502455877177,0.0892953188327434,0.143802481112614,0.284029493931848,0.643932436486161
"gene-LOC134690701|LOC134690701",8.5481809682639,0.0333718168440679,0.147710997151698,0.576897187039863,NA
"gene-LOC134690707|LOC134690707",1181.59890224871,0.129261434897671,0.123112871674222,0.142082839849514,0.465521783067376
"gene-LOC134690708|LOC134690708",82.9615687061688,-0.0474282385202361,0.146535163499519,0.472752303867823,0.795503607539599
"gene-LOC134690709|LOC134690709",3180.07205373153,0.176239887320875,0.0833766871453389,0.0145482625272988,0.126948537395744
"gene-LOC134690711|LOC134690711",29.4287883169556,0.0102633680230479,0.129760010302299,0.88979733069821,0.974889748288201
"gene-LOC134690716|LOC134690716",13.6858094629668,-0.00223810665364082,0.149418079270124,0.959862133749902,0.993195169444879
"gene-LOC134690718|LOC134690718",32.0228462524437,0.0179743857105192,0.126132315250478,0.813604106998238,0.946574899510975
"gene-LOC134690719|LOC134690719",12.4017364201313,0.0224512436955843,0.135508336618965,0.7490951389138,0.923580623736145
"gene-LOC134690720|LOC134690720",56.7462985346072,0.0168082129986607,0.113462244226667,0.829417971945653,0.95076344813637
"gene-LOC134690723|LOC134690723",12.059720768315,0.0599617602222849,0.161557043045948,0.275762083795388,0.633924386061575
"gene-LOC134690726|LOC134690726",9.26536181258442,-0.0389105979307594,0.158265933394776,0.342985244025326,NA
"gene-LOC134690733|LOC134690733",364.793053832554,0.175957268082018,0.12909631546957,0.058530964920779,0.287465109132893
"gene-LOC134690734|LOC134690734",28.2378362030595,0.0709349339301362,0.154571206823051,0.319075753544175,0.676602047295738
"gene-LOC134690736|LOC134690736",19.2767813354056,0.0155955429029947,0.146959920898533,0.772830124976832,0.932853633900032
"gene-LOC134690738|LOC134690738",36.1621966746589,-0.123260706374134,0.155136306093689,0.16796210266643,0.504992479825894
"gene-LOC134690739|LOC134690739",13.6878279870348,0.0195760304909983,0.157899169906864,0.308450232614517,0.667081733268034
"gene-LOC134690740|LOC134690740",137.825290095463,0.0151329222444816,0.121015201564768,0.846345985453254,0.956320860966993
"gene-LOC134690743|LOC134690743",130.351291527249,0.0632194359508551,0.142265997719641,0.406990997255486,0.747097962708065
"gene-LOC134690745|LOC134690745",41.1670773856716,-0.0276547858143719,0.105091923454332,0.728307451448179,0.91976971961239
"gene-LOC134690748|LOC134690748",27.6155320179745,0.419321007288241,0.281592580949133,0.00816477016497052,0.0898692377821561
"gene-LOC134690763|LOC134690763",46.2438885588947,0.0474779498441849,0.143018713697173,0.50148671743569,0.806492016083935
"gene-LOC134690771|LOC134690771",8.18105031009095,-0.0261982949977234,0.151041118277184,0.600232636019898,NA
"gene-LOC134690772|LOC134690772",73.6020406752635,-0.0108674177889437,0.107781406639841,0.890177491271802,0.974970876788408
"gene-LOC134690773|LOC134690773",10.2149280754923,-0.0136787848185562,0.154702129480131,0.663770297663793,NA
"gene-LOC134690779|LOC134690779",46.7087714004305,0.0337544726289118,0.132911980222784,0.651333763582569,0.890489463801211
"gene-LOC134690781|LOC134690781",9.01863018695109,-0.00232171222808973,0.142870785515991,0.968411478651451,NA
"gene-LOC134690783|LOC134690783",74.5363497717706,0.291597590174701,0.119376701597099,0.00255913283018697,0.0578073621570603
"gene-LOC134690789|LOC134690789",181.014055588107,0.140207389455116,0.212620580065725,0.0807433857505372,0.343807063657033
"gene-LOC134690790|LOC134690790",58.7328299819341,0.0258705998264468,0.125100604052986,0.736771524675489,0.921921372263905
"gene-LOC134690793|LOC134690793",18.2001282080799,0.0962634158233217,0.162641879832435,0.219241162036649,0.572363197612071
"gene-LOC134690794|LOC134690794",255.74993507848,0.0887707619074984,0.0809971927464849,0.20316584331055,0.550006979128008
"gene-LOC134690798|LOC134690798",8.02997100734076,0.103449033102579,0.175075748815114,0.169959121446156,NA
"gene-LOC134690800|LOC134690800",64.776237259207,0.0692569191922892,0.158413644871258,0.298299915100612,0.660010579781486
"gene-LOC134690801|LOC134690801",1131.10637058445,0.132141765785388,0.107123625145882,0.110145081325882,0.412963018273026
"gene-LOC134690802|LOC134690802",34.5247238539284,0.156290521196765,0.159164305253812,0.103673683360642,0.398793093603437
"gene-LOC134690810|LOC134690810",7.6558100037163,6.08769822145278e-06,0.154854443573307,0.995846493522849,NA
"gene-LOC134690812|LOC134690812",260.711333173998,-0.143245948127368,0.154902418218267,0.125300752314069,0.437481895555585
"gene-LOC134690816|LOC134690816",91.1987715699013,0.0692585619656739,0.1042893239335,0.389297547672908,0.734980847266279
"gene-LOC134690819|LOC134690819",160.040093424408,-0.11875360339971,0.19202187328019,0.110908788626071,0.413529013531349
"gene-LOC134690830|LOC134690830",50.8463261198859,-0.0453542284810322,0.136990651973923,0.541127918688846,0.833007453370698
"gene-LOC134690831|LOC134690831",1607.21766692297,0.180588854676795,0.0807148919802037,0.0104734085318176,0.102859220009834
"gene-LOC134690833|LOC134690833",97.1589136987597,0.0691732930093037,0.142688222275156,0.380122728350507,0.727578659733392
"gene-LOC134690834|LOC134690834",8.32885762825748,0.028115962192921,0.156700768167645,0.424461556463434,NA
"gene-LOC134690845|LOC134690845",13.5873049218424,0.0367026768654315,0.137727329176809,0.608904389482507,0.867140836352241
"gene-LOC134690852|LOC134690852",43.4905234622954,-0.0212730745129301,0.116602278605886,0.787588004985398,0.938434867631775
"gene-LOC134690853|LOC134690853",28.3981260365837,-0.0453205350532244,0.145128756645024,0.504083024094083,0.807597802685943
"gene-LOC134690854|LOC134690854",9.6789151748078,0.0691694752117019,0.163108093458069,0.256512734947866,NA
"gene-LOC134690856|LOC134690856",29.6163539509557,0.0413630731115576,0.153551964193522,0.445148468595237,0.780078735931532
"gene-LOC134690862|LOC134690862",45.8951645686117,0.0991499368829304,0.128470380088633,0.24923794078857,0.605899944939077
"gene-LOC134690870|LOC134690870",15.8980836210235,-0.0502963920385321,0.140401626079826,0.494707099854096,0.805221989650214
"gene-LOC134690872|LOC134690872",848.733948844375,0.233750634007408,0.189732810858369,0.0355539510719171,0.216725998400107
"gene-LOC134690874|LOC134690874",88.3132759136217,0.00386338960942642,0.123745396606469,0.959678252705531,0.993195169444879
"gene-LOC134690878|LOC134690878",18.4660954282511,-0.0027365472060295,0.150601609004527,0.950612707353014,0.993195169444879
"gene-LOC134690879|LOC134690879",151.636764109942,-0.0326060828808934,0.0713059017666786,0.607723713651946,0.867140836352241
"gene-LOC134690880|LOC134690880",19.854056770621,0.0228842138589319,0.14684122789058,0.684580196400333,0.905487482548216
"gene-LOC134690884|LOC134690884",16.6776339587031,0.610630605341443,0.249584162991429,0.000780970251453871,0.029968557239525
"gene-LOC134690891|LOC134690891",23.4673866196953,0.382094148969141,0.199988411735921,0.00503111476839346,0.0733169146754874
"gene-LOC134690892|LOC134690892",50.6752501183191,0.162319119073395,0.169190080593681,0.0956062455322864,0.378268188845133
"gene-LOC134690893|LOC134690893",197.911616840181,0.299656371491701,0.231672187627054,0.019681343070365,0.154969289688782
"gene-LOC134690895|LOC134690895",192.885426051237,0.0333808675096656,0.133600489146457,0.654134282363425,0.892064949401631
"gene-LOC134690903|LOC134690903",8.43515487456973,-0.0445222961546072,0.154951762981529,0.408415993867454,NA
"gene-LOC134690912|LOC134690912",8.09362157493859,0.0573027445232004,0.152713319165672,0.380714080314245,NA
"gene-LOC134690914|LOC134690914",19.2039253898208,-0.293450758840423,0.472813435070463,0.0190592394534011,0.152243431963453
"gene-LOC134690915|LOC134690915",11.6841965001985,0.0218921119926911,0.158065200177991,0.308498380393243,0.667081733268034
"gene-LOC134690923|LOC134690923",99.2641802288471,0.151548459890922,0.124835022234873,0.0925199030163941,0.37133258234876
"gene-LOC134690941|LOC134690941",18.4825862251619,-0.100830508112653,0.151538277170893,0.230181578334075,0.583004633792467
"gene-LOC134690942|LOC134690942",10.6660322396999,0.0567915707106209,0.152626576738776,0.381763931287841,NA
"gene-LOC134690943|LOC134690943",27.8875283957717,0.00481490502599789,0.132709161612531,0.947555413724003,0.992249801567439
"gene-LOC134690957|LOC134690957",848.288443287593,0.109439017817794,0.108119857227284,0.190313648458346,0.534746976403188
"gene-LOC134690969|LOC134690969",212.960068317858,-0.049312691291496,0.117239907069317,0.535306868168002,0.827847717948573
"gene-LOC134690972|LOC134690972",5.33093758761018,-0.00409741327920083,0.155634894863824,0.853656614697367,NA
"gene-LOC134690981|LOC134690981",7.37075689493249,-0.0202504779070007,0.155900786907225,0.511629674247358,NA
"gene-LOC134691003|LOC134691003",30.6625789380842,-0.0390458621206955,0.131495619570633,0.606198445749914,0.865997779642735
"gene-LOC134691004|LOC134691004",36.3043860234414,0.0593025056071637,0.165590920940318,0.202245252257642,0.54899197059775
"gene-LOC134691008|LOC134691008",107.608444929027,0.101165837418081,0.102821020194295,0.208491287790655,0.558020799674987
"gene-LOC134691011|LOC134691011",33.8642102434064,-0.0913860072939112,0.151162677168315,0.258121709291695,0.615818459995542
"gene-LOC134691012|LOC134691012",23.1605770712328,0.0464390209238601,0.123350454090473,0.561250624208751,0.844085468693596
"gene-LOC134691016|LOC134691016",54.0006257988418,-0.105011415696494,0.11915911949883,0.216673517016859,0.569158887998924
"gene-LOC134691023|LOC134691023",22.0820894616848,0.0033961944072402,0.142953023671936,0.955794191966281,0.993195169444879
"gene-LOC134691037|LOC134691037",128.987917687779,0.0949655114434568,0.185458988434805,0.106483719787812,0.40525985889468
"gene-LOC134691040|LOC134691040",63.2614572916884,0.0296184690141759,0.15628983321216,0.442586955085841,0.778806327043317
"gene-LOC134691042|LOC134691042",20.2790709815185,0.825873802052503,0.563831098701615,0.00368809611370714,0.0674786575791365
"gene-LOC134691043|LOC134691043",21.1477071031346,-0.0817096321741586,0.143878299046523,0.312076336101179,0.671823677243835
"gene-LOC134691045|LOC134691045",16.2234362613068,0.00337728730399331,0.129002928431916,0.964353734832159,0.994323938310271
"gene-LOC134691060|LOC134691060",132.264288502351,-0.316539550892693,0.139069407116431,0.00329219607553421,0.0652248647548925
"gene-LOC134691061|LOC134691061",14.1114929026593,-0.0171882964594523,0.14430659400991,0.770751943951021,0.93269184706839
"gene-LOC134691062|LOC134691062",11.0612132426884,0.0195503647201156,0.15475166164548,0.577626070773508,NA
"gene-LOC134691063|LOC134691063",189.278399573317,0.0302018112123598,0.154009822422571,0.507017137781952,0.809710241803865
"gene-LOC134691064|LOC134691064",57.3087750540681,0.0547416870133897,0.151370466196331,0.401989097009651,0.743582248387135
"gene-LOC134691069|LOC134691069",13.1279423227873,0.0266805765692492,0.151043705178297,0.59684944956055,0.861916670851489
"gene-LOC134691070|LOC134691070",9.88763243364525,-0.0283735127645498,0.134910635142578,0.692679397489419,NA
"gene-LOC134691072|LOC134691072",19.3929048975036,0.0299307739697397,0.126623516895673,0.69341144800025,0.908204508399908
"gene-LOC134691074|LOC134691074",43.1081243928607,-0.0106526874843543,0.114446463195695,0.891467653865154,0.975070935959626
"gene-LOC134691076|LOC134691076",16.9680854988637,-0.025586683906518,0.151505755069421,0.595127573206368,0.861548167818472
"gene-LOC134691084|LOC134691084",37.3934644920753,-0.0164774333296612,0.157470569236818,0.369347023703011,0.717298945423225
"gene-LOC134691094|LOC134691094",12.3910548957571,0.0063335968176295,0.148473140674513,0.900014785119575,0.976953709579421
"gene-LOC134691096|LOC134691096",39.8528454722282,0.108906029849963,0.109803400781858,0.189737422200539,0.53440519088157
"gene-LOC134691099|LOC134691099",32.2137915450253,0.220872565320418,0.224864706054744,0.0468850908866522,0.252686670097416
"gene-LOC134691100|LOC134691100",12.9077488644853,-0.0368345040561003,0.147587616711894,0.547308591791585,0.836442377350525
"gene-LOC134691103|LOC134691103",8.34396704088029,0.0330069073381645,0.160061307928757,0.219127249033046,NA
"gene-LOC134691114|LOC134691114",10.1337390622834,-0.0574040272131637,0.163361095626214,0.243134808142809,NA
"gene-LOC134691116|LOC134691116",26.0697695688846,0.0124779302385167,0.129266307969467,0.867492734036386,0.965059154001358
"gene-LOC134691121|LOC134691121",27.8248993116222,0.665695207996001,0.526997397595578,0.00543763880595075,0.0743549033936444
"gene-LOC134691122|LOC134691122",31.8443192907214,-0.000194695595861334,0.155814491530938,0.975006426578178,0.995073589829788
"gene-LOC134691126|LOC134691126",9.12350849719501,0.0212706111320094,0.157594251117381,0.364469725170358,NA
"gene-LOC134691127|LOC134691127",22.9072008811985,0.0419931155293628,0.152397959223886,0.458961003201322,0.787178672695859
"gene-LOC134691133|LOC134691133",58.0335639544072,0.603027975852405,0.273053142954801,0.00137730108665621,0.039879126918182
"gene-LOC134691134|LOC134691134",19.0383429980939,-0.0410008420223032,0.137373688564949,0.573572251767654,0.849094874217977
"gene-LOC134691136|LOC134691136",6.4278992471724,-0.004385294836446,0.154694740857285,0.88160319163566,NA
"gene-LOC134691143|LOC134691143",24.952509589837,0.0517975635747069,0.127401518764795,0.515669909067834,0.814762597813949
"gene-LOC134691145|LOC134691145",6.69507031653342,-0.00741376669004214,0.153913645616837,0.814929158134409,NA
"gene-LOC134691150|LOC134691150",21.2708321620885,0.0186397652486375,0.145494181554956,0.74899481333715,0.923580623736145
"gene-LOC134691153|LOC134691153",32.9680531232346,0.0889992360815536,0.175552066253949,0.164415390187948,0.499916962051184
"gene-LOC134691157|LOC134691157",8.61453607226372,-0.080026723715967,0.16003985659124,0.264120483238276,NA
"gene-LOC134691158|LOC134691158",19.937305078505,-0.0751427359532991,0.138699859899375,0.354171056572105,0.707453631346601
"gene-LOC134691161|LOC134691161",132.110957971934,-0.0909923193301673,0.09883830219016,0.246023206415775,0.602525115289692
"gene-LOC134691165|LOC134691165",10.3060654992103,0.0280080226900184,0.130149720858227,0.708589935387908,NA
"gene-LOC134691167|LOC134691167",7.09279984254082,-0.00251939843240662,0.15382499510689,0.945473061049192,NA
"gene-LOC134691171|LOC134691171",8.56812859825638,0.124055953603086,0.226614041222581,0.0211591363460716,NA
"gene-LOC134691177|LOC134691177",14.1879370058229,-0.028077950971839,0.153143749181885,0.538872627584068,0.831486001629709
"gene-LOC134691180|LOC134691180",216.114503078722,0.0334028347379254,0.10258675992542,0.668880648486312,0.901174632525634
"gene-LOC134691181|LOC134691181",15.391426193335,0.142710993656027,0.224340982780223,0.0646950317471629,0.301248064495196
"gene-LOC134691183|LOC134691183",27.5437828034118,0.0343581192335558,0.158262356259658,0.341107254395029,0.696873143289187
"gene-LOC134691184|LOC134691184",19.6194893948606,0.129395013645856,0.186698812997601,0.122274542042132,0.433016211074858
"gene-LOC134691186|LOC134691186",19.9827761336923,-0.0969368620404664,0.159061671360432,0.225615180327031,0.57799225418885
"gene-LOC134691192|LOC134691192",10.5013346137598,0.122043618161891,0.171686007813201,0.160033729220587,NA
"gene-LOC134691194|LOC134691194",13.9410494127047,0.00297665038051372,0.148138607156504,0.954212455358383,0.993195169444879
"gene-LOC134691195|LOC134691195",10.3418307401902,-0.0413065616700207,0.146383990154216,0.522101716346766,NA
"gene-LOC134691196|LOC134691196",16.5086715880081,-0.00586602810348422,0.140287621823845,0.925340455733034,0.983116205832622
"gene-LOC134691198|LOC134691198",24.8287002108752,0.0761754375581409,0.142894648944358,0.34115424337808,0.696873143289187
"gene-LOC134691199|LOC134691199",10.224842238455,0.0704207946001314,0.170277073295073,0.17056039159597,NA
"gene-LOC134691203|LOC134691203",131.076456262913,0.0592022728855484,0.103744742214046,0.454611733567423,0.784152922508661
"gene-LOC134691206|LOC134691206",11.3128724744004,0.148358338430999,0.212198912719673,0.0837556199268142,0.350540932282396
"gene-LOC134691212|LOC134691212",53.0505501907126,-0.129924084479101,0.173856687465634,0.140743059672174,0.46264685279224
"gene-LOC134691214|LOC134691214",6.67662756802067,0.00403150386731427,0.154557407161535,0.889975648953925,NA
"gene-LOC134691216|LOC134691216",16.2194551204185,-0.0532404101069576,0.157334087661315,0.343329023771703,0.69827773991882
"gene-LOC134691217|LOC134691217",10.9599746018851,-0.0934616520809211,0.180323743316355,0.138540854471548,NA
"gene-LOC134691218|LOC134691218",6.66282763160742,0.00174037147902775,0.155020828720123,0.950115349435191,NA
"gene-LOC134691220|LOC134691220",30.044181628876,0.186687825464583,0.226086973895922,0.0638463531356136,0.300370213791624
"gene-LOC134691221|LOC134691221",26.5196748663922,-0.0863391377341425,0.139615232222861,0.300312831066439,0.661248784615699
"gene-LOC134691223|LOC134691223",28.7731589828211,0.0929599325108278,0.127228762906527,0.274890359334081,0.633062758119341
"gene-LOC134691224|LOC134691224",154.477197756206,1.1114765229082,0.257781345131609,7.62600692134329e-07,0.000460045831407457
"gene-LOC134691226|LOC134691226",15.9250523002535,0.444934060045106,0.361042719744228,0.00967225322566912,0.0981086831966756
"gene-LOC134691227|LOC134691227",188.737793131709,1.34318243142474,0.30313353909049,4.19053144070396e-07,0.000328548391408134
"gene-LOC134691228|LOC134691228",130.834212305251,-0.103496883957455,0.127971372076043,0.224244867160347,0.576448669818971
"gene-LOC134691229|LOC134691229",7.43822226365169,0.0536763705451465,0.164957763057031,0.187652466530497,NA
"gene-LOC134691230|LOC134691230",13.2199725836574,0.0036774036834412,0.15102860469798,0.932179372564512,0.986867642219701
"gene-LOC134691233|LOC134691233",14.5382611105245,-0.0623368489760195,0.140552301158848,0.417922946948478,0.757373875408764
"gene-LOC134691234|LOC134691234",58.8747218288004,-0.193989338664999,0.179273839880265,0.0617256229718331,0.295120916369641
"gene-LOC134691235|LOC134691235",18.2278981422811,0.0413614965531068,0.143655146169552,0.543847677701408,0.833706332298924
"gene-LOC134691244|LOC134691244",105.438902544812,0.0658573650242797,0.176330763825972,0.016479119867968,0.137939544755527
"gene-LOC134691246|LOC134691246",204.727854944425,0.134717526593294,0.100128070746068,0.0928517008750677,0.371523451365692
"gene-LOC134691255|LOC134691255",33.5409979303394,0.12729111813281,0.160867249915769,0.157257082733999,0.489409362205113
"gene-LOC134691256|LOC134691256",92.5971170695428,-0.0674397602868597,0.108983618476356,0.400327358346035,0.742599089302342
"gene-LOC134691262|LOC134691262",100.473748986418,-0.0311023730249185,0.132375403934027,0.673920127953929,0.902757154397979
"gene-LOC134691269|LOC134691269",8.01216704699823,0.0617081271333193,0.172422391671173,0.0509802710294031,NA
"gene-LOC134691273|LOC134691273",92.2504352708136,0.470374778588353,0.237486902737725,0.00306172132953344,0.0637358329056471
"gene-LOC134691274|LOC134691274",12.2868224342122,0.119211401377517,0.202804889235598,0.0840535215242653,0.350865617371933
"gene-LOC134691276|LOC134691276",17.1049802456676,0.486820926140114,0.218455750106191,0.00175979053887287,0.0471002761874799
"gene-LOC134691277|LOC134691277",17.5370920691568,0.0139797598938569,0.147384561604608,0.794076715652521,0.939674657014037
"gene-LOC134691278|LOC134691278",2191.51862747831,-0.0428471669667112,0.133512861936053,0.53784801395113,0.830769119512294
"gene-LOC134691282|LOC134691282",55.96967769332,0.141579483854373,0.124139499123537,0.112413411903592,0.414613235991094
"gene-LOC134691283|LOC134691283",56.2875818870626,0.144086878924437,0.142543303185619,0.121661417866586,0.432709788838722
"gene-LOC134691284|LOC134691284",13.0944109802191,0.00193430220862883,0.155583126751307,0.934086542680707,0.987133535099325
"gene-LOC134691286|LOC134691286",10.1519029495893,-0.00166483690451381,0.153421796257211,0.958347507257262,NA
"gene-LOC134691287|LOC134691287",13.2412853060065,0.479387279031779,0.476428420588435,0.00981782724462209,0.0990011608369628
"gene-LOC134691291|LOC134691291",64.8155836787801,0.0501831708909348,0.114434044124808,0.534287281579152,0.827275154025085
"gene-LOC134691292|LOC134691292",1098.4615076454,0.197920342582897,0.108465928055672,0.0220568468960018,0.164207953117121
"gene-LOC134691295|LOC134691295",9.22480176416496,-0.019652482564858,0.148026547904332,0.710849463345649,NA
"gene-LOC134691310|LOC134691310",49.903574038451,-0.0495555587822319,0.120206733121733,0.541829904641616,0.83319560871633
"gene-LOC134691316|LOC134691316",13.221145168254,0.0114918067452631,0.153649590772829,0.74502177331903,0.923385357857939
"gene-LOC134691323|LOC134691323",10.1918131377472,-0.0197549287793837,0.157154143600604,0.411522037379496,NA
"gene-LOC134691327|LOC134691327",12.4467888783222,-0.0472502801425018,0.151381109114214,0.440771409756739,0.777479499333713
"gene-LOC134691330|LOC134691330",10.1386764793149,-0.0239852950177011,0.152124342035455,0.600314486470788,NA
"gene-LOC134691331|LOC134691331",1726.36854243782,-0.0422838035282926,0.12185479430658,0.593232338125065,0.860497723519775
"gene-LOC134691332|LOC134691332",31.4530953447169,0.0402569533483641,0.119817138189501,0.6140382555587,0.871209577925122
"gene-LOC134691333|LOC134691333",36.1066742430694,0.0183440296669952,0.143834039227407,0.759787571221658,0.928686892939909
"gene-LOC134691334|LOC134691334",9.15950267776872,0.0227129022283143,0.154099014402893,0.559934062261206,NA
"gene-LOC134691335|LOC134691335",72.4626662369231,-0.156257687870097,0.138239176940736,0.0948765288034832,0.377020267297684
"gene-LOC134691336|LOC134691336",25.7746271732911,-0.169601009907286,0.281487323511655,0.028719003938362,0.190761267035835
"gene-LOC134691337|LOC134691337",19.395762268984,0.0708809184528082,0.156788146239274,0.302563555197142,0.662085141396699
"gene-LOC134691338|LOC134691338",136.434025435737,0.0936738223590056,0.100125993542147,0.235099570809685,0.589136217961327
"gene-LOC134691339|LOC134691339",51.3605838981278,0.0753051557511836,0.127063746191898,0.363591613356522,0.712857211332275
"gene-LOC134691340|LOC134691340",29.430710694198,-0.0279859821856452,0.142310142770781,0.669387665486976,0.901289247337146
"gene-LOC134691351|LOC134691351",10.9415423650717,0.0210969913163058,0.156676188741021,0.460997720500492,NA
"gene-LOC134691352|LOC134691352",10.8000362122628,-0.00371416967609046,0.151933952538489,0.920557077625206,NA
"gene-LOC134691353|LOC134691353",11.7325823781541,-0.0216379110475091,0.139381952281911,0.741916599048889,0.922809345788751
"gene-LOC134691358|LOC134691358",7.24016024678925,-0.00509343781142594,0.155144610751288,0.838433729065483,NA
"gene-LOC134691361|LOC134691361",11.4724148347675,1.10405159294345,0.345049093150741,6.68667552779719e-05,0.0072029497563254
"gene-LOC134691366|LOC134691366",10.4527343201639,-0.012659997098049,0.146076146676225,0.818107855297887,NA
"gene-LOC134691367|LOC134691367",11.4156959703554,-0.022551872232969,0.137447658594269,0.741238044183819,0.922809345788751
"gene-LOC134691374|LOC134691374",21.0839133354961,0.0604682570683704,0.132276118474757,0.449196622073727,0.781041759539082
"gene-LOC134691376|LOC134691376",48.2164795985821,0.0690392277568872,0.150054871681014,0.349322801409223,0.703504977861761
"gene-LOC134691382|LOC134691382",12.1116492245128,0.0898078003514999,0.161340374000429,0.237542913169522,0.59223027666922
"gene-LOC134691386|LOC134691386",52.1601868817116,0.606273100178058,0.268467956180474,0.00124314285413415,0.0376019603420288
"gene-LOC134691387|LOC134691387",112.312864340793,0.0676265870442495,0.133419190891994,0.403784976245368,0.745354706870088
"gene-LOC134691388|LOC134691388",12.9220665917821,0.0387079957314199,0.138317859266024,0.58749400633388,0.857940582381205
"gene-LOC134691390|LOC134691390",31.4865773211246,-0.200220721954277,0.207804567047421,0.0588833246226468,0.288306516407579
"gene-LOC134691391|LOC134691391",11.4731446203165,0.0964395645160273,0.18083828040058,0.138868964929111,0.458814993048983
"gene-LOC134691396|LOC134691396",23.3450933179227,0.171979595794436,0.19643882974649,0.0817353390894547,0.345719860557654
"gene-LOC134691421|LOC134691421",9.4051554159257,-0.0462229128802875,0.149402523919854,0.464998702756735,NA
"gene-LOC134691427|LOC134691427",31.8677685365399,0.104231789615896,0.179873678376979,0.151863668981231,0.480562131848206
"gene-LOC134691435|LOC134691435",143.602405507798,0.159908565251004,0.14777201901992,0.0940355846791837,0.374618172176883
"gene-LOC134691436|LOC134691436",2098.23668940485,0.180712942846047,0.105919951257239,0.0320580839816513,0.203603925307352
"gene-LOC134691437|LOC134691437",7.95006230125126,0.0279946698337266,0.154473686734141,0.5081267632857,NA
"gene-LOC134691438|LOC134691438",11.316750402972,-0.126243086773677,0.202854811119696,0.0920442693351353,0.369919240167074
"gene-LOC134691443|LOC134691443",18.5060424160181,-0.0528688463443487,0.155349459420135,0.36890913115483,0.717280093756408
"gene-LOC134691447|LOC134691447",51.2409862652117,0.0605245176295866,0.125924423953433,0.45489932442643,0.78423951225737
"gene-LOC134691449|LOC134691449",8.93358784647081,0.0343299181483051,0.148676268901576,0.55869874282113,NA
"gene-LOC134691457|LOC134691457",14.4453379619029,-0.0191081344698251,0.153137371550555,0.634273923996861,0.881974436991925
"gene-LOC134691465|LOC134691465",31.5868890167297,0.108056319956005,0.1424103243944,0.216008921613888,0.568533664357399
"gene-LOC134691466|LOC134691466",227.801704210532,0.111537060811216,0.0785694119912413,0.102599413037263,0.396576614713208
"gene-LOC134691489|LOC134691489",10.6328048096828,0.0315265704772239,0.149738133084671,0.570275300311574,NA
"gene-LOC134691508|LOC134691508",14.5454869397802,-0.0606921477588946,0.159234658327019,0.307170896289402,0.666370265190779
"gene-LOC134691514|LOC134691514",8.3759832527571,0.0357913508572953,0.148537577549077,0.546416147084236,NA
"gene-LOC134691515|LOC134691515",17.2243689994042,0.047953660671126,0.142451803081271,0.50099474813377,0.80632202571024
"gene-LOC134691516|LOC134691516",12.4513889040398,0.0287977907971729,0.149638074214768,0.59523916586642,0.861548167818472
"gene-LOC134691519|LOC134691519",40.2383038477119,0.578204591263037,0.328757303970506,0.00345456206452173,0.0662470330772713
"gene-LOC134691520|LOC134691520",33.7180066108539,0.0661007587273619,0.156495089585441,0.320920244981975,0.678480571037232
"gene-LOC134691523|LOC134691523",19.2813613139072,0.0245017120226944,0.152737306572436,0.588228529088174,0.858227885254066
"gene-LOC134691524|LOC134691524",41.2850180589358,-0.0491543731526037,0.0986331821602894,0.525007086999607,0.823680707292071
"gene-LOC134691555|LOC134691555",30.2658729981292,0.0610690640352194,0.124749834825851,0.452444199813478,0.782320725518962
"gene-LOC134691568|LOC134691568",52.2295286116016,0.0374373928455881,0.141175184893902,0.587331229264263,0.85789954836353
"gene-LOC134691571|LOC134691571",131.597475865673,0.53102265015804,0.114047347591111,0.317718412262743,0.675297392763989
"gene-LOC134691643|LOC134691643",53.7728647150226,0.0148261534827865,0.118370742391401,0.850633581430755,0.95767690238846
"gene-LOC134691651|LOC134691651",1239.18138553641,0.0100679545152325,0.15360870340917,0.81525585905848,0.946574899510975
"gene-LOC134691722|LOC134691722",55.9464420666116,0.181130254829627,0.138881134708981,0.0599393046736928,0.291016288697731
"gene-LOC134691772|LOC134691772",593.920279668476,-0.208155106215284,0.125208210111763,0.0267762740194167,0.183798346447936
"gene-LOC134691798|LOC134691798",20.231640473094,0.0746229613368025,0.140839516683776,0.351580820332023,0.704311293818361
"gene-LOC134691824|LOC134691824",101.207100411163,0.438652723917317,0.179740574241021,0.00121197693885656,0.0372961019348612
"gene-LOC134691870|LOC134691870",12.8436053828349,0.013145138135869,0.152858205605794,0.736958183291649,0.921921372263905
"gene-LOC134691907|LOC134691907",8.95990688207787,0.0354645967132189,0.158186424982347,0.348580316865662,NA
"gene-LOC134691990|LOC134691990",6.61531757075803,0.0310259668865193,0.156944643661347,0.406373359391418,NA
"gene-LOC134691995|LOC134691995",32.7468079222563,0.133898681222634,0.143985356830976,0.144821745492359,0.46923424149864
"gene-LOC134691997|LOC134691997",41.5171478753177,-0.0994844255739571,0.122387683580187,0.244422936993305,0.600916290485276
"gene-LOC134692000|LOC134692000",10.6349519650343,0.0966987324163883,0.189438948169226,0.0856940537807531,NA
"gene-LOC134692001|LOC134692001",11.2480522896536,-0.0554543017858345,0.164525220084543,0.205048433801791,NA
"gene-LOC134692004|LOC134692004",41.1463128646892,0.0899993838738378,0.120204979731166,0.286514551911554,0.645891301986579
"gene-LOC134692007|LOC134692007",471.77128578142,0.0194235748795905,0.0710717824574332,0.7602767285972,0.928686892939909
"gene-LOC134692009|LOC134692009",20.0736010586181,0.0219689009137222,0.148605251909483,0.680219565868664,0.904592616823254
"gene-LOC134692010|LOC134692010",451.413991739365,-0.0723787498344544,0.167354623311774,0.209453800316568,0.559421680510079
"gene-LOC134692011|LOC134692011",38.901791528372,-0.0232456894780361,0.155120900484842,0.511853339597137,0.812146289250212
"gene-LOC134692018|LOC134692018",9.12263368617531,-0.0125303460459117,0.139172587194144,0.847284216174873,NA
"gene-LOC134692028|LOC134692028",18.288967912683,-0.09234042851153,0.140290495958633,0.273783003215132,0.63212283160593
"gene-LOC134692032|LOC134692032",9.82692618093534,-0.0614328663698634,0.165592456379021,0.211021340016326,NA
"gene-LOC134692039|LOC134692039",8.18111324622451,0.0284904306150215,0.158197026391998,0.328687199617984,NA
"gene-LOC134692043|LOC134692043",7.37281273044646,0.010144972265417,0.154340481615994,0.748650001572664,NA
"gene-LOC134692044|LOC134692044",17.088206747163,0.0434422086866093,0.156364933231854,0.387887712405997,0.733405974480915
"gene-LOC134692049|LOC134692049",8.03063904562763,-0.0331825969283407,0.154145427342435,0.479790722391315,NA
"gene-LOC134692058|LOC134692058",31.5476347450389,0.0956176109354983,0.163974781189235,0.220029070502138,0.573011111651113
"gene-LOC134692059|LOC134692059",53.0301490790437,0.0417193931519045,0.127745986321377,0.592991865042753,0.86044605474313
"gene-LOC134692060|LOC134692060",31.0182630310494,0.0240848472281346,0.119647437964211,0.759573420186715,0.928686892939909
"gene-LOC134692061|LOC134692061",10.8508903456679,0.0124318196812163,0.144755025393224,0.830903767102848,NA
"gene-LOC134692063|LOC134692063",10.7406608684626,0.0788210773985455,0.176659900083435,0.123611947443324,NA
"gene-LOC134692068|LOC134692068",19.3517993642229,0.038666097987413,0.151086505307798,0.493871391915276,0.805016683723875
"gene-LOC134692069|LOC134692069",8.13758777449583,-0.0211801105226966,0.157073981578035,0.418594467839174,NA
"gene-LOC134692076|LOC134692076",8.04395092072223,-0.00427627749779013,0.154612679323958,0.876904873286451,NA
"gene-LOC134692092|LOC134692092",195.478688913409,0.014007016553152,0.0812563596027895,0.836160570505554,0.952338333041937
"gene-LOC134692094|LOC134692094",16.5674839873149,-0.00632086983687151,0.154781885718807,0.819390184404144,0.947588510304588
"gene-LOC134692096|LOC134692096",8.71686129618347,0.41388780844346,0.60752411761892,0.0125918502987082,NA
"gene-LOC134692098|LOC134692098",11.4783210086122,0.0627518295708279,0.164140040249144,0.241883936725102,0.597062367622924
"gene-LOC134692101|LOC134692101",487.062600672462,0.113003482833731,0.113099376590997,0.188508615106586,0.533214865998646
"gene-LOC134692103|LOC134692103",271.086847917511,-0.087812926842134,0.101921766777748,0.269075730363832,0.626237633327588
"gene-LOC134692104|LOC134692104",8.76962261098787,0.0429127541283166,0.144282291841489,0.527192079975329,NA
"gene-LOC134692106|LOC134692106",24.9744549427323,0.0245909546254864,0.155341662785661,0.507365957786049,0.809857365041912
"gene-LOC134692117|LOC134692117",89.5437779727223,0.126743834454329,0.166755898260067,0.154715080350796,0.485246214591124
"gene-LOC134692118|LOC134692118",41.1455911876278,-0.108995537181667,0.122247575706543,0.205561871273231,0.55396980687436
"gene-LOC134692121|LOC134692121",11.7384865579136,0.0349923517400507,0.153223905091915,0.489352134503042,0.801482586236353
"gene-LOC134692127|LOC134692127",151.713920806513,-0.0576047151640274,0.11124346508613,0.474759475998115,0.795637427547485
"gene-LOC134692129|LOC134692129",17.8041751899731,0.302931542471465,0.272188700498704,0.0220920222524495,0.164207953117121
"gene-LOC134692132|LOC134692132",7.29047615682574,-0.00858100987840431,0.156419801035584,0.644520278225579,NA
"gene-LOC134692133|LOC134692133",48.5533184420761,0.0511896808267189,0.16574145070774,0.136605616352067,0.454400927500088
"gene-LOC134692134|LOC134692134",17.2320472041192,-0.00354308261584348,0.15095149583206,0.93145350252618,0.98652456444215
"gene-LOC134692138|LOC134692138",34.6284334967884,0.0849117021610847,0.177611986380557,0.138161844667125,0.457184128009174
"gene-LOC134692139|LOC134692139",15.167120970786,0.287670702428144,0.310515475357873,0.0256039663146961,0.178443397619928
"gene-LOC134692142|LOC134692142",33.7563101237997,-0.00262783806079075,0.11541346644784,0.973272088745684,0.995073589829788
"gene-LOC134692154|LOC134692154",252.434540375884,0.014829519791524,0.100029470173362,0.839534963918174,0.953438709245635
"gene-LOC134692155|LOC134692155",37.1219358245971,-0.0563229084152125,0.137199890357701,0.462650771945429,0.788644909070043
"gene-LOC134692157|LOC134692157",18.4554112728974,-0.0558389263510967,0.126607373087369,0.484468067728214,0.797844258383848
"gene-LOC134692162|LOC134692162",17.7684439638683,0.102043971496986,0.158239019378576,0.217049905496505,0.569677749490209
"gene-LOC134692168|LOC134692168",1174.15678108611,0.106715218295058,0.092305805845777,0.157513612522974,0.489444737449437
"gene-LOC134692172|LOC134692172",10.3681646633923,-7.68120203597686e-05,0.141425149436078,0.997860543477367,NA
"gene-LOC134692176|LOC134692176",12.2179332134541,0.0224604277645274,0.155043651541075,0.548768520704836,0.836442377350525
"gene-LOC134692194|LOC134692194",19.5193337170957,-0.0587563704608033,0.148201763598683,0.405263665717943,0.746538331585684
"gene-LOC134692215|LOC134692215",27.6800003869954,0.238274176375362,0.204927361309805,0.0363515202821698,0.219487378386182
"gene-LOC134692221|LOC134692221",37.7942666250389,-0.0222650234820378,0.157460204087999,0.363801453377066,0.712857211332275
"gene-LOC134692246|LOC134692246",10.5144501916057,0.00621596852996056,0.15575630174515,0.785663908619048,NA
"gene-LOC134692256|LOC134692256",26.6187691108418,0.109254740370267,0.160462582537491,0.194536906015094,0.538548496877943
"gene-LOC134692333|LOC134692333",8.68759390508578,-0.0197724840693272,0.142498564987676,0.751890626163794,NA
"gene-LOC134692341|LOC134692341",73.0911358000985,0.339825860338482,0.312944459647157,0.0173183528590107,0.142898844186397
"gene-LOC134692352|LOC134692352",13.1199329652191,0.0535043771137688,0.147006261267656,0.439550141057777,0.776703997507386
"gene-LOC134692397|LOC134692397",14.8382634907883,0.0952664518429637,0.165556930078076,0.213451072398252,0.564887133849964
"gene-LOC134692413|LOC134692413",33.1408343647069,-0.409264330272478,0.230465069645736,0.00547526893449575,0.074450333271415
"gene-LOC134692437|LOC134692437",7.62248600364929,0.0163942712462817,0.156066770108426,0.546951470915721,NA
"gene-LOC134692445|LOC134692445",23.3009962020948,0.128313087645148,0.172246558129818,0.146380090481314,0.471696280599591
"gene-LOC134692455|LOC134692455",185.229242451615,0.166270160365271,0.149342614531608,0.0848804717888103,0.35269967729597
"gene-LOC134692465|LOC134692465",11.9246674645853,-0.0141957352281622,0.131966372619378,0.84116378440347,0.954267730480874
"gene-LOC134692487|LOC134692487",25.1550161306707,-0.0187901161397466,0.157029032066979,0.428232294181229,0.764793619971791
"gene-LOC134692488|LOC134692488",49.9732105311619,-0.0124852685161464,0.153765209831625,0.718163660191662,0.918614962935921
"gene-LOC134692496|LOC134692496",7.4703804247904,0.00076536460102107,0.154069666071682,0.981258572145353,NA
"gene-LOC134692517|LOC134692517",195.160891439606,-0.0036804510963,0.0712181853042491,0.953531195355403,0.993195169444879
"gene-LOC134692521|LOC134692521",17.154895366873,0.0988731012265615,0.141136879950761,0.249303572321087,0.605899944939077
"gene-LOC134692532|LOC134692532",24.5502545876422,0.0158804905592628,0.124577177363667,0.835044130841964,0.951902489882482
"gene-LOC134692543|LOC134692543",21.6230198690995,0.111017955377506,0.148864022351928,0.203359388245239,0.550297070145358
"gene-LOC134692592|LOC134692592",11.2898529648209,0.0240809693455716,0.151872792799376,0.607387598645602,NA
"gene-LOC134692595|LOC134692595",112.453760120931,0.412720822011441,0.129933207868651,0.00015601662278484,0.0118312605611837
"gene-LOC134692648|LOC134692648",76.8808222700773,-0.188770259394096,0.194675708022885,0.0665617207564199,0.30813819855988
"gene-LOC134692649|LOC134692649",81.7502515564001,-0.0806669112504333,0.149738919392509,0.301605511934256,0.661330506194431
"gene-LOC134692655|LOC134692655",56.5126066888374,-0.0544262511234724,0.129064626264545,0.491127524026172,0.80309550515798
"gene-LOC134692657|LOC134692657",98.0082949958743,-0.0344608532910261,0.129091456485203,0.651217590620192,0.890489463801211
"gene-LOC134692659|LOC134692659",7.87271318841201,0.0623147951080875,0.167056564135037,0.187136928890266,NA
"gene-LOC134692667|LOC134692667",21.0077974602,0.0696104043747718,0.160654632466852,0.281388368434415,0.64123294438424
"gene-LOC134692668|LOC134692668",13.0906248380134,0.224501709415825,0.25309475886096,0.0437023797901899,0.241862866432241
"gene-LOC134692679|LOC134692679",12.1233015148273,0.043494092691047,0.129186163217023,0.576405613472625,0.850719128318031
"gene-LOC134692682|LOC134692682",60.22110474364,-0.0311281528357907,0.10285409419351,0.689324756538407,0.906741776483088
"gene-LOC134692684|LOC134692684",77.938764303664,0.0388354537245441,0.120613849533177,0.626308026803704,0.878375634244737
"gene-LOC134692688|LOC134692688",18.7402151707855,0.125211775805491,0.185852735389387,0.131784480832509,0.446541897558955
"gene-LOC134692689|LOC134692689",46.5593390264361,0.0507465185424487,0.158377343962627,0.336392967809293,0.691456342350821
"gene-LOC134692691|LOC134692691",24.1815357612216,0.0391047581313324,0.133548129830316,0.602152830391368,0.864369573830698
"gene-LOC134692692|LOC134692692",80.1295555016713,0.0498524039745446,0.158884737466296,0.332064153208634,0.68699209351705
"gene-LOC134692696|LOC134692696",20.3216711781363,-0.0417558664295853,0.137150481347568,0.567956513152422,0.847050894967803
"gene-LOC134692698|LOC134692698",10.1619233009521,0.0279911827359964,0.152027204568322,0.564879860363195,NA
"gene-LOC134692700|LOC134692700",20.0706099378402,-0.000562633295631139,0.151980364336535,0.985031381493346,0.996640964445824
"gene-LOC134692703|LOC134692703",29.3769929715294,-0.124915151407385,0.132437757930857,0.162204667828313,0.497216991203999
"gene-LOC134692706|LOC134692706",37.0497176534496,0.00975006655174925,0.141169673518498,0.875433532025208,0.968817164524075
"gene-LOC134692707|LOC134692707",8.97272508841286,-0.0158822685799933,0.152427088212268,0.696395156156641,NA
"gene-LOC134692708|LOC134692708",9.6515118929456,-0.0130659927194456,0.139452019168942,0.840065914389456,NA
"gene-LOC134692710|LOC134692710",16.8517690799346,-0.0546415219868542,0.140742113138963,0.460722815887011,0.78761820093632
"gene-LOC134692717|LOC134692717",38.6690024599555,0.234925229964413,0.139025518910423,0.0202796768173712,0.157155159764787
"gene-LOC134692718|LOC134692718",12.3421212382839,-0.19952546797428,0.194778940167757,0.0581623559292543,0.286757629034727
"gene-LOC134692720|LOC134692720",174.076515174188,-0.0578375019516619,0.138625134178342,0.448946720230246,0.781041759539082
"gene-LOC134692722|LOC134692722",9.47816457715509,0.0449442345795084,0.14510950593824,0.506676354866022,NA
"gene-LOC134692724|LOC134692724",6.75464414598766,0.00415474530501918,0.15519555636634,0.870677907425535,NA
"gene-LOC134692726|LOC134692726",47.4898100933363,0.126569208724764,0.181338030618795,0.136172818097184,0.453909393657281
"gene-LOC134692734|LOC134692734",22.1666277981786,-0.00347399844172726,0.135177807602744,0.958527288513496,0.993195169444879
"gene-LOC134692735|LOC134692735",23.5059458381858,-0.0366468791453579,0.15493975009937,0.438267351676659,0.776186378091306
"gene-LOC134692743|LOC134692743",33.8987232399859,0.0411900202847734,0.102783965102501,0.599630339822832,0.863909187532614
"gene-LOC134692755|LOC134692755",26.2385791711494,0.0176932328963451,0.143077834118546,0.773986971783119,0.932853633900032
"gene-LOC134692757|LOC134692757",73.9230852348526,0.190994880758571,0.165682858565992,0.0619842701960522,0.295120916369641
"gene-LOC134692759|LOC134692759",20.9840912678448,-0.230016106665559,0.223945547334048,0.0421259161604898,0.238314463536696
"gene-LOC134692763|LOC134692763",9.30076068402018,0.337441174812845,0.464085835075495,0.0176225987283478,NA
"gene-LOC134692780|LOC134692780",10.5755026346671,-0.140003042708692,0.190562447262564,0.114894305496521,NA
"gene-LOC134692781|LOC134692781",16.6794957383358,-0.0371403463004849,0.146870369327716,0.549005585510603,0.836442377350525
"gene-LOC134692782|LOC134692782",11.7296882323455,-0.109742819376407,0.199827595424801,0.0714995645389863,0.319840046427909
"gene-LOC134692786|LOC134692786",123.750347508903,0.00138408969917529,0.137514056079076,0.986808557276137,0.99704656962612
"gene-LOC134692790|LOC134692790",13.4436894453692,0.0576070134224256,0.147803561382026,0.410758957878079,0.750368385914358
"gene-LOC134692796|LOC134692796",33.6495927675382,-0.107703173710274,0.184556984132105,0.134761466587835,0.451093295935109
"gene-LOC134692798|LOC134692798",14.5745868482395,-0.0586773210682941,0.138650092757656,0.443407028078526,0.779245620816482
"gene-LOC134692801|LOC134692801",24.5839230633133,-0.0221847725169777,0.15128600125493,0.641215151811331,0.885249353497654
"gene-LOC134692802|LOC134692802",92.4667125303659,0.106522387055786,0.127073974921708,0.219830813267186,0.572963289898518
"gene-LOC134692804|LOC134692804",10.4020844246411,0.0888183651701667,0.183528068390265,0.0970031778668392,NA
"gene-LOC134692807|LOC134692807",63.6496611140625,-0.189133018505286,0.119041270426129,0.0366499558520445,0.220245489412758
"gene-LOC134692819|LOC134692819",27.999455958235,-0.0492321930987811,0.164980396231571,0.139701486110609,0.460848506744992
"gene-LOC134692823|LOC134692823",264.057119693512,-0.179615470654824,0.11414146015895,0.0408641375427627,0.235142395686278
"gene-LOC134692825|LOC134692825",50.367679277341,0.063258080894841,0.135625699060303,0.424992965584258,0.76345324048836
"gene-LOC134692826|LOC134692826",11.3738863943662,-0.0231924957068037,0.140664434304937,0.722867733894896,0.918664055811524
"gene-LOC134692827|LOC134692827",43.9569991503726,-0.0569226888678946,0.123295968341288,0.481217622489015,0.797844258383848
"gene-LOC134692828|LOC134692828",43.941216344193,-0.00197978556077243,0.156647813351669,0.871108341441352,0.966717793550769
"gene-LOC134692829|LOC134692829",8.8086429509208,0.000740741113136835,0.149295918104786,0.988791613938392,NA
"gene-LOC134692832|LOC134692832",20.1787867622011,-0.0124805737571006,0.124610802213908,0.869501635020756,0.96594443932372
"gene-LOC134692840|LOC134692840",18.3909645214442,0.0758782536369421,0.146022297748965,0.333524425192393,0.688225004365256
"gene-LOC134692847|LOC134692847",10.4687379086376,0.0416605014633602,0.159683109461026,0.29769018718756,NA
"gene-LOC134692851|LOC134692851",255.169678214572,-0.00135389243687852,0.133988801374215,0.983215774077433,0.995964714564617
"gene-LOC134692857|LOC134692857",28.0629767942428,0.117065110819935,0.155388854277121,0.182369930248682,0.524231252565028
"gene-LOC134692859|LOC134692859",32.5929477505333,0.544573848278253,0.396575577461617,0.00634215744865971,0.0790597709353471
"gene-LOC134692860|LOC134692860",403.525465291388,0.00421345370672177,0.0896783087971884,0.969218504044476,0.995073589829788
"gene-LOC134692861|LOC134692861",41.8544371363543,0.0266164905347898,0.133052088924292,0.716952856185545,0.918367151875289
"gene-LOC134692862|LOC134692862",427.427434200945,-0.0282655495736815,0.115424439423728,0.720046665975074,0.918664055811524
"gene-LOC134692866|LOC134692866",8.10208846756207,0.0514663541891978,0.147467032613112,0.45070499573571,NA
"gene-LOC134692870|LOC134692870",42.3663067922454,0.0178395044277614,0.12587476371408,0.813835649891404,0.946574899510975
"gene-LOC134692872|LOC134692872",12.56562445726,-0.011630264121626,0.154972115292869,0.688278214608482,0.906613082139324
"gene-LOC134692876|LOC134692876",50.1973731175254,0.364591023410174,0.201764172128659,0.00656538559667713,0.0802806431972255
"gene-LOC134692877|LOC134692877",14.8183721445662,-0.0111402947200713,0.156448571523737,0.582291813795102,0.854654113796037
"gene-LOC134692880|LOC134692880",46.4951133482391,0.054156522630302,0.134643184922332,0.486487704944233,0.799542012163529
"gene-LOC134692887|LOC134692887",19.0057954154866,-0.188311779708744,0.278490961256489,0.0408967181981376,0.235142395686278
"gene-LOC134692888|LOC134692888",8.45774764388021,-0.00142568462205606,0.148957106260491,0.975192632234684,NA
"gene-LOC134692889|LOC134692889",11.4580191608247,-0.061105097477013,0.164013508683691,0.239117770304679,0.5937160081467
"gene-LOC134692891|LOC134692891",25.1173768175464,0.049177784021465,0.150744752163817,0.43921522897634,0.776703997507386
"gene-LOC134692893|LOC134692893",10.2834753177224,0.0200527521613067,0.155919211725102,0.516031005766614,NA
"gene-LOC134692894|LOC134692894",19.776003671214,0.001124166260431,0.14442928398406,0.986251645675378,0.99704656962612
"gene-LOC134692900|LOC134692900",47.8762201746077,-0.065148528386699,0.13027119082874,0.421703108144883,0.760484987099641
"gene-LOC134692901|LOC134692901",10.8425290294232,0.0285639035329564,0.153043317319382,0.539448428959172,NA
"gene-LOC134692905|LOC134692905",65.568172917851,0.12496439587306,0.194803580567516,0.110594405830949,0.413529013531349
"gene-LOC134692906|LOC134692906",22.8265425685311,0.1821860137938,0.26518613314131,0.046887856209599,0.252686670097416
"gene-LOC134692907|LOC134692907",9.95234270183544,0.0175164967591626,0.155815210329799,0.548759656577568,NA
"gene-LOC134692914|LOC134692914",16.3028354221051,0.0434318574082326,0.145736798757443,0.517059073490745,0.816071927189308
"gene-LOC134692917|LOC134692917",19885.9270780272,-0.0708007488651773,0.147145148087314,0.349885099304424,0.703768327139662
"gene-LOC134692933|LOC134692933",172.748500836827,0.0561145485210845,0.112502900562677,0.484378303257952,0.797844258383848
"gene-LOC134692946|LOC134692946",7.94412739753428,-0.0820889911305616,0.174141674807519,0.16107099248214,NA
"gene-LOC134692954|LOC134692954",13.3688247458296,0.0226329962143141,0.153527303044888,0.582276236614468,0.854654113796037
"gene-LOC134692957|LOC134692957",42.0946685827487,0.231108267284079,0.253138612146186,0.0411521474896806,0.235524869280562
"gene-LOC134692960|LOC134692960",8.8540574786548,-0.0407982757724273,0.16170665764309,0.197274562160369,NA
"gene-LOC134692964|LOC134692964",50.3631647325062,-0.104976916841844,0.129451193146507,0.225274817279576,0.577590818673919
"gene-LOC134692974|LOC134692974",7.13229646965406,-0.0365136925052578,0.154620075579967,0.451271093789442,NA
"gene-LOC134692975|LOC134692975",9.67911249066464,-0.0540076740964655,0.159959356836915,0.300864841636814,NA
"gene-LOC134692986|LOC134692986",15.976341804277,0.0342120965536951,0.160615004715895,0.189919228963129,0.53440519088157
"gene-LOC134692998|LOC134692998",10.7766241585251,-0.0230730139951452,0.136574637867521,0.743524834789291,NA
"gene-LOC134693000|LOC134693000",22.7671547442052,-0.091813980046356,0.17133837964954,0.191252716339002,0.535248137838717
"gene-LOC134693005|LOC134693005",9.0831149462049,-0.00314703630223313,0.153841878321349,0.91749339609726,NA
"gene-LOC134693008|LOC134693008",17.9441080988986,0.00993871371712122,0.152323469126761,0.805202556408241,0.943228489187407
"gene-LOC134693010|LOC134693010",10.6825613214384,-0.00332557344084987,0.149953850145987,0.940647605485824,NA
"gene-LOC134693011|LOC134693011",25.8851692369475,0.0197457781436225,0.123862688615421,0.797702511251879,0.940819292107845
"gene-LOC134693012|LOC134693012",9.76701240657848,0.0217416107459572,0.148216094140205,0.688422411777102,NA
"gene-LOC134693014|LOC134693014",416.379056230607,0.132729747966492,0.120951240337241,0.128421599099513,0.440994925209649
"gene-LOC134693024|LOC134693024",12.5659521836757,-0.0015228816447349,0.147300266260932,0.973495637423633,0.995073589829788
"gene-LOC134693031|LOC134693031",70.7619880084307,0.141837162681064,0.252101168832504,0.0170723081407091,0.141234549164048
"gene-LOC134693036|LOC134693036",26.5192141458327,0.09351489446112,0.129686217697205,0.273221420286276,0.631502339340922
"gene-LOC134693038|LOC134693038",16.3372107239374,-0.113387192359158,0.162103254069746,0.183641282448457,0.525295157570623
"gene-LOC134693062|LOC134693062",21.1796731014697,0.104637309069938,0.143941895211931,0.227856512194468,0.579882534030667
"gene-LOC134693064|LOC134693064",73.6635055349194,-0.149053461455157,0.175763619516596,0.112248168427501,0.414309251935563
"gene-LOC134693067|LOC134693067",39.9145481763951,0.0368040123987687,0.107115489929101,0.644893047842898,0.887853510977293
"gene-LOC134693083|LOC134693083",15.3650505001485,0.0863865690451225,0.149330344177976,0.284443896604361,0.643932436486161
"gene-LOC134693098|LOC134693098",73.0255185229421,0.1932716453915,0.179313099894379,0.062128280824441,0.295120916369641
"gene-LOC134693103|LOC134693103",25.4705838887466,-0.00482401382749,0.118351859093377,0.949064337053568,0.993025595767285
"gene-LOC134693114|LOC134693114",11.453978715722,-0.0425938369464208,0.151886048332265,0.461643297558811,0.788382789664779
"gene-LOC134693121|LOC134693121",144.98313880392,1.05328696323271,0.37251193766559,0.000187979395540802,0.0131702951938914
"gene-LOC134693128|LOC134693128",9.9557300744803,-0.096762908383863,0.185982760526362,0.11067799330898,NA
"gene-LOC134693134|LOC134693134",60.9384719549513,0.0119686865141638,0.146481778306423,0.827014066329921,0.949444755548414
"gene-LOC134693144|LOC134693144",35.087987260391,-0.00517255172845491,0.138916434062673,0.936513075835451,0.987871402907623
"gene-LOC134693149|LOC134693149",62.94107371549,0.219501079278316,0.143600968969556,0.0300258612277431,0.19622775989803
"gene-LOC134693182|LOC134693182",10.9985999624036,0.100683556064678,0.156645322859344,0.220625401457771,NA
"gene-LOC134693190|LOC134693190",37.1271352930624,-0.00293766062157102,0.119256748518883,0.968868027387441,0.995073589829788
"gene-LOC134693193|LOC134693193",8.46791327922115,0.0239366574404871,0.155177421182869,0.518251189421147,NA
"gene-LOC134693194|LOC134693194",12.7680820093476,0.0525269412580061,0.156613198530848,0.357167209226765,0.708958613480239
"gene-LOC134693196|LOC134693196",78.678667168489,0.295840804476109,0.129447152890871,0.00361015137897547,0.0670456684666874
"gene-LOC134693203|LOC134693203",16.3980126196874,-0.00747363960878264,0.155308429345218,0.764246435290033,0.930298068564401
"gene-LOC134693204|LOC134693204",17.3332470049614,-0.282611910697866,0.432251485980286,0.0211771703649646,0.160873972730988
"gene-LOC134693212|LOC134693212",34.4829717260631,0.171887846027069,0.17163365644761,0.0836201335568384,0.350203978144024
"gene-LOC134693213|LOC134693213",12.958192618155,-0.100538588590372,0.167613899006639,0.195638797677474,0.539663531464313
"gene-LOC134693217|LOC134693217",20.2967267805415,-0.0155569435918035,0.157591855176354,0.32924048706485,0.684708423964445
"gene-LOC134693219|LOC134693219",31.180085680619,0.344900328208728,0.232251353136439,0.0118038828049909,0.110224157449554
"gene-LOC134693234|LOC134693234",93.9454659141052,0.0113880283602235,0.108789019787957,0.893936465780866,0.975254009504506
"gene-LOC134693245|LOC134693245",42.4388260072296,0.223169179458634,0.164360866622384,0.0358862454532262,0.217917429491946
"gene-LOC134693253|LOC134693253",12.2733300113136,0.006674806673489,0.153404006716074,0.833971807159326,0.951902489882482
"gene-LOC134693259|LOC134693259",22.4759763605055,-0.0381409694524103,0.15969814236374,0.283728702954284,0.643932436486161
"gene-LOC134693263|LOC134693263",91.3497095258777,0.0289850767327777,0.144767788850361,0.636541371561395,0.883966576406557
"gene-LOC134693268|LOC134693268",51.312869970619,-0.0086656960549518,0.128833850481588,0.906803449832354,0.979801992959191
"gene-LOC134693271|LOC134693271",42.6693953535698,-0.138152556770697,0.142041776815048,0.132446531565773,0.447089816453161
"gene-LOC134693288|LOC134693288",11.5193596853196,0.0312060435018265,0.144554910538743,0.622655909407759,0.875959858649807
"gene-LOC134693296|LOC134693296",568.46648823665,0.264100750409979,0.151016242454122,0.0141835390825754,0.12479163529835
"gene-LOC134693304|LOC134693304",49.3178630087493,0.28375968735052,0.122930772828804,0.00384091100500072,0.0685339022460912
"gene-LOC134693315|LOC134693315",16.4039656975717,0.0389651719772501,0.15867319261342,0.336616574564267,0.691692767733672
"gene-LOC134693325|LOC134693325",131.545706113601,0.142855428954279,0.148572492024538,0.125797313065272,0.43763862196316
"gene-LOC134693340|LOC134693340",39.4161750487447,0.00898946315401656,0.120996573076782,0.907272395567042,0.979801992959191
"gene-LOC134693341|LOC134693341",46.616000107359,-0.117444436161255,0.132147944863356,0.18443974545117,0.525909211514751
"gene-LOC134693343|LOC134693343",44.9991388542287,0.0480254888311351,0.149499285225301,0.456006956344415,0.784737034279983
"gene-LOC134693348|LOC134693348",10.9306321751692,-0.0648181212648536,0.152960441717721,0.347716973172897,NA
"gene-LOC134693356|LOC134693356",14.174398757485,-0.0174325799583197,0.148946684890837,0.730733606826123,0.921077418498545
"gene-LOC134693357|LOC134693357",316.391868523583,0.0164584186004319,0.145864464322587,0.755553149860032,0.927401045783465
"gene-LOC134693358|LOC134693358",25.7628916328525,0.427860232601061,0.363588939828433,0.01086783497172,0.104956902897909
"gene-LOC134693379|LOC134693379",12.9298253917766,0.0132243288482151,0.154862996394372,0.670741123240575,0.901967691585911
"gene-LOC134693380|LOC134693380",8.45262808320801,0.0231870173416868,0.148077468831899,0.671473687469178,NA
"gene-LOC134693389|LOC134693389",12.8047491625753,0.31653640551724,0.355208042194289,0.0201580883559355,0.156976800522383
"gene-LOC134693391|LOC134693391",26.9180362522181,0.00227327782142342,0.13414467888592,0.975516972746679,0.995073589829788
"gene-LOC134693393|LOC134693393",10.9671138187847,0.0218964587402644,0.145853979593881,0.707098597242754,NA
"gene-LOC134693398|LOC134693398",23.9469933116357,0.0487216551315184,0.131358337347588,0.532312751903052,0.827169848041837
"gene-LOC134693399|LOC134693399",9.85789507294149,-0.0178526455117909,0.14904862234096,0.724409293099628,NA
"gene-LOC134693407|LOC134693407",19.4665194282251,-0.0516672675663718,0.135287928901908,0.502791389547712,0.807178690388325
"gene-LOC134693408|LOC134693408",39.7919166482234,-0.0697889466810888,0.14029181913753,0.376492119508538,0.723869679879692
"gene-LOC134693411|LOC134693411",25.4792328911915,-0.147603590269057,0.188468513713811,0.107232709460443,0.406832852449685
"gene-LOC134693415|LOC134693415",9.87033862397119,-0.0181939065385821,0.152451894706053,0.663069845940177,NA
"gene-LOC134693417|LOC134693417",9.13817205166331,-0.0866700327954546,0.177685893452085,0.141598222994974,NA
"gene-LOC134693426|LOC134693426",11.0911846214571,0.00678037824384637,0.155474183140295,0.786146884226929,NA
"gene-LOC134693428|LOC134693428",10.5903653715447,0.0429730633725761,0.160065498788312,0.285814941282996,NA
"gene-LOC134693429|LOC134693429",2533.66422039388,-0.0610207530971832,0.125465693964309,0.446506746411218,0.780690115638208
"gene-LOC134693434|LOC134693434",48.1270155102286,0.0307190070598335,0.153649464981351,0.511700265103375,0.812146289250212
"gene-LOC134693435|LOC134693435",18.9778072714525,-0.091430497003428,0.176132313342729,0.162326613534044,0.497216991203999
"gene-LOC134693440|LOC134693440",34.9157536801087,0.0537879270875803,0.139875102899911,0.473040606527723,0.795503607539599
"gene-LOC134693447|LOC134693447",113.285770160844,-0.0256885831563539,0.100910982881514,0.73990450673488,0.922809345788751
"gene-LOC134693449|LOC134693449",105.921861201771,-0.158950218406018,0.144977251890159,0.0935458402756436,0.373362783556297
"gene-LOC134693457|LOC134693457",16.9342218911658,0.0675687226799316,0.161472973196184,0.275150591738551,0.633204215814511
"gene-LOC134693461|LOC134693461",18.7381633205886,0.0482109316280143,0.144503896886099,0.488882826569798,0.801385384778592
"gene-LOC134693471|LOC134693471",11.3842024290797,0.00899421957336659,0.152626356713444,0.815559281276092,0.946574899510975
"gene-LOC134693478|LOC134693478",7.94127777857189,-0.0017320246752632,0.153218773294139,0.957056433632652,NA
"gene-LOC134693479|LOC134693479",9.64017141413423,0.0907357653348711,0.176796277805611,0.157967002735798,NA
"gene-LOC134693487|LOC134693487",7.32605066805441,-0.00189858438642181,0.150712024637335,0.963883413387469,NA
"gene-LOC134693495|LOC134693495",30.5630554043278,0.445011465638436,0.228906261823521,0.00366987189864523,0.0673691181393952
"gene-LOC134693505|LOC134693505",59.2842571310129,-0.0113720238851753,0.141913901319203,0.85513646403161,0.959524269135346
"gene-LOC134693509|LOC134693509",36.2369390140688,-0.0113603415436705,0.116590817285902,0.878214445568198,0.971051209559004
"gene-LOC134693519|LOC134693519",43.9109815210446,-0.00374359367470839,0.153303998517891,0.910171973643012,0.980949200438228
"gene-LOC134693520|LOC134693520",16.5219019568371,0.03056868967247,0.156259400301729,0.430577029931667,0.767639429237256
"gene-LOC134693521|LOC134693521",51.0494064119723,-0.0292047050574338,0.161206543232456,0.000997674730407199,0.0336253335063167
"gene-LOC134693574|LOC134693574",117.174603127288,0.0545718168490543,0.106346050784837,0.49446420274341,0.805221989650214
"gene-LOC134693601|LOC134693601",50.9464423188628,-0.0395145246874576,0.147007423588966,0.531153329561242,0.826642245127073
"gene-LOC134693628|LOC134693628",13.0582791689959,0.0275634712288706,0.155408514593013,0.484141767282333,0.797844258383848
"gene-LOC134693635|LOC134693635",16.5173023655154,0.0468095880135597,0.160263448388538,0.292746580011439,0.653476856237743
"gene-LOC134693637|LOC134693637",9.43156409429079,-0.0202713237953386,0.153105221451423,0.621232871051095,NA
"gene-LOC134693643|LOC134693643",70.4968223901663,-0.0973629207348897,0.0970121060299294,0.21178579121407,0.562420405323202
"gene-LOC134693644|LOC134693644",58.9226250019383,0.010501655220964,0.116498733060874,0.894927096768838,0.975254009504506
"gene-LOC134693647|LOC134693647",13.020255889415,0.0528246820769761,0.144144623545717,0.462208989831068,0.788644909070043
"gene-LOC134693651|LOC134693651",55.8100802547909,0.00854005256270216,0.118003911150471,0.90920963103763,0.980385529469863
"gene-LOC134693656|LOC134693656",346.207282581744,-0.04060561542561,0.0927756427361623,0.593567817448335,0.860497723519775
"gene-LOC134693659|LOC134693659",11.8341512393332,0.0383083046970008,0.152282347595222,0.483705848792952,0.797844258383848
"gene-LOC134693666|LOC134693666",20.1525800960801,0.071928014494961,0.148796886179143,0.344506998707992,0.69888840183755
"gene-LOC134693677|LOC134693677",38.5834808467909,0.00458306446949963,0.12078262096536,0.955907300706865,0.993195169444879
"gene-LOC134693678|LOC134693678",8.25312612522786,-0.530788146975391,0.385816590415839,0.00651211054598949,NA
"gene-LOC134693679|LOC134693679",1688.80272967916,0.214260460612441,0.0876975628789922,0.00474803481838602,0.0719724690065384
"gene-LOC134693682|LOC134693682",50.3778395366458,-0.039474934975356,0.101753485514497,0.615821806500285,0.872145629579647
"gene-LOC134693684|LOC134693684",10.5662058441017,-0.0561781544497985,0.140142362501229,0.455148227880066,NA
"gene-LOC134693699|LOC134693699",16.7424200183391,-0.00941349149408388,0.155760312174083,0.687001215280142,0.906613082139324
"gene-LOC134693703|LOC134693703",7.94424654978209,-0.0339047845431803,0.155503401571646,0.443552430122957,NA
"gene-LOC134693705|LOC134693705",44.7186925808488,0.063186853265729,0.145698303284548,0.394899453483785,0.738010564562593
"gene-LOC134693708|LOC134693708",22.604487268311,0.128322399942971,0.160865248307641,0.15496088973063,0.485777986015802
"gene-LOC134693709|LOC134693709",10.2171918990502,0.382548316136678,0.461827388381717,0.0151169240445781,NA
"gene-LOC134693720|LOC134693720",14.7556787056838,0.0513699387183766,0.150601568779213,0.425365509217236,0.763691740054621
"gene-LOC134693724|LOC134693724",23.5690725476953,0.108691940869199,0.150360059889058,0.210356470455794,0.560891886481124
"gene-LOC134693734|LOC134693734",20.6973086618556,-0.0413683720172261,0.135264030075714,0.578411813581257,0.852297768335094
"gene-LOC134693741|LOC134693741",98.5854551132887,-0.0621523965741389,0.150381427591374,0.375871894993163,0.723354674050287
"gene-LOC134693751|LOC134693751",9.84318162071164,-0.0403073554915409,0.151796583486218,0.468591695022952,NA
"gene-LOC134693780|LOC134693780",75.9429760352645,-0.00655230363176399,0.142556114301274,0.920633099564236,0.982757908932201
"gene-LOC134693794|LOC134693794",98.7783280543537,-0.0936170602004543,0.113226254745771,0.259848842234038,0.618109215245852
"gene-LOC134693815|LOC134693815",13.54086866058,0.0159307588537717,0.153259036322051,0.679982636286759,0.904508036633192
"gene-LOC134693823|LOC134693823",20.8494308279591,-0.0729611419307912,0.133117911389497,0.374815335469203,0.722408606877637
"gene-LOC134693827|LOC134693827",67.3681468969451,0.330825533871882,0.148694579979125,0.00341389459969632,0.0660274311715546
"gene-LOC134693829|LOC134693829",50.2453366131015,0.0215832439778974,0.141385464816849,0.740281477414107,0.922809345788751
"gene-LOC134693837|LOC134693837",35.7950231393205,0.0108121554479462,0.134143149606961,0.879243488814313,0.971345997874987
"gene-LOC134693841|LOC134693841",324.324407682524,0.00492318593056869,0.0897791658921784,0.956959855553463,0.993195169444879
"gene-LOC134693842|LOC134693842",103.914964146476,-0.0743607210522728,0.141525907863946,0.350853614350772,0.704005901479244
"gene-LOC134693852|LOC134693852",16.33691544556,0.0731270248686264,0.143924837939257,0.35249485945514,0.705432690772618
"gene-LOC134693853|LOC134693853",35.9815432608939,-0.0383712053768521,0.152261380311416,0.480225952136835,0.797844258383848
"gene-LOC134693854|LOC134693854",20.6149078252456,0.00742575467178253,0.138986512875787,0.904135105497065,0.978481247369403
"gene-LOC134693856|LOC134693856",8.65353388901553,-0.0382232387472813,0.158415146227078,0.338061381452517,NA
"gene-LOC134693865|LOC134693865",15.3496524618333,-0.00312595649854617,0.148388357962131,0.946773259990863,0.992150296257638
"gene-LOC134693867|LOC134693867",34.4290339675729,0.0456616849966904,0.137095904103588,0.539908015960253,0.832033699639942
"gene-LOC134693869|LOC134693869",14.0290969371521,0.0429974286967806,0.15637978337051,0.38837625259775,0.733894016329774
"gene-LOC134693874|LOC134693874",287.890807102859,-0.0818628865606816,0.127240683572067,0.330849692471109,0.686328062567856
"gene-LOC134693876|LOC134693876",12.5916409214855,0.0110520427236911,0.152456510323841,0.780032841219993,0.93497584270787
"gene-LOC134693881|LOC134693881",41.2382232063994,-0.0712725999332402,0.166201217214176,0.225238242699854,0.577590818673919
"gene-LOC134693884|LOC134693884",7.82093289763339,0.0450331125346445,0.157132479817315,0.367312813456098,NA
"gene-LOC134693886|LOC134693886",9.22696544915287,-0.0158657090632951,0.155358178985783,0.593956493356969,NA
"gene-LOC134693887|LOC134693887",58.6773076850203,0.0248983485176313,0.132867254990165,0.735625969171333,0.921921372263905
"gene-LOC134693889|LOC134693889",26.0256899485052,-0.0322775441444317,0.123152042602245,0.679205164939751,0.904081656290227
"gene-LOC134693895|LOC134693895",13.9864194783211,0.01247777392627,0.154144048575668,0.708645391675721,0.915344958579171
"gene-LOC134693911|LOC134693911",28.3815681146407,0.0654489979118786,0.147173298258558,0.378763182584843,0.726285813686167
"gene-LOC134693917|LOC134693917",23.0842931383992,0.0309220441764252,0.145853427837691,0.615697889467424,0.872145629579647
"gene-LOC134693920|LOC134693920",16.2800956887622,-0.0595782134530712,0.156121331977557,0.341118575944178,0.696873143289187
"gene-LOC134693921|LOC134693921",47.509914137046,0.0109356974362017,0.119202014502156,0.889025034157401,0.974745501370844
"gene-LOC134693922|LOC134693922",57.0434132448029,0.0699844080270398,0.153599269814436,0.327199598076134,0.682916592314866
"gene-LOC134693926|LOC134693926",130.959082080345,0.016995649510206,0.100805910783431,0.826739359557651,0.949444755548414
"gene-LOC134693929|LOC134693929",58.8037110865414,-0.174014943930457,0.209186905235455,0.0748095195755633,0.329972510551001
"gene-LOC134693930|LOC134693930",15.9744044131134,0.00117143718754969,0.140386331754461,0.985697327123389,0.996807743098268
"gene-LOC134693932|LOC134693932",57.6416800304225,0.0714891877598028,0.129640805114386,0.385084113120899,0.732179278363182
"gene-LOC134693934|LOC134693934",2223.81990019709,-0.155486827613293,0.109761018451468,0.0742025249126983,0.328229062596981
"gene-LOC134693935|LOC134693935",11.7441279517663,0.0354051556879976,0.156990322800845,0.393410639278982,0.737556162394337
"gene-LOC134693938|LOC134693938",12.4729954206433,-0.0443932870616248,0.159001167335426,0.317197010898499,0.674846429670296
"gene-LOC134693939|LOC134693939",25.8501583736887,-0.159946994209907,0.191770964438284,0.0932993387217042,0.372612406054706
"gene-LOC134693946|LOC134693946",41.4572158828149,0.0286453401325076,0.11319374247674,0.717306777821211,0.918443950515781
"gene-LOC134693947|LOC134693947",21.1563387521164,-0.075291164948011,0.15562361195625,0.297784668833067,0.659328585494139
"gene-LOC134693949|LOC134693949",62.8152571969597,0.0328082745568647,0.118834642614502,0.679250027433315,0.904081656290227
"gene-LOC134693950|LOC134693950",25.1530256936186,0.0599334114155907,0.126897859179174,0.457957800594933,0.786304902908281
"gene-LOC134693952|LOC134693952",28.9394695352879,0.142552851717287,0.169560657183941,0.125341962342963,0.437481895555585
"gene-LOC134693953|LOC134693953",39.3314805294253,0.0621008189071978,0.116797733215686,0.450054195164205,0.781497079559077
"gene-LOC134693954|LOC134693954",20.3597721882736,0.0136352071747042,0.146562399894711,0.809129419865431,0.944676393794501
"gene-LOC134693958|LOC134693958",13.1476388564815,0.000489158658748529,0.151637058202617,0.991808869589959,0.997554712787997
"gene-LOC134693961|LOC134693961",17.2083847165895,0.236476429303732,0.211261357163163,0.0388653742500957,0.229233735160287
"gene-LOC134693962|LOC134693962",23.6705260902365,0.00636243837518282,0.142137452247327,0.913515100363392,0.98134698001751
"gene-LOC134693969|LOC134693969",14.1738912558819,0.471581090317758,0.303328255677359,0.00640880579336192,0.0795791284672816
"gene-LOC134693972|LOC134693972",29.3803395457563,-0.0347051097557443,0.15660264556522,0.405204622714854,0.746538331585684
"gene-LOC134693974|LOC134693974",9.07645864491369,-0.0172162672709723,0.156139315408382,0.528032863999968,NA
"gene-LOC134693976|LOC134693976",37.5113420743239,0.0271513837096047,0.149809456736031,0.610086701395084,0.868069246116001
"gene-LOC134693980|LOC134693980",63.3071493152845,0.072826576011035,0.166571701064361,0.224418629008461,0.576578038865095
"gene-LOC134693992|LOC134693992",232.301808360354,-0.188031758715512,0.12680681214481,0.0436273361526235,0.241862866432241
"gene-LOC134693993|LOC134693993",45.4030915787166,-0.0894130114540631,0.11912966046993,0.288318403604523,0.648329141682595
"gene-LOC134693999|LOC134693999",177.5919179135,-0.0150234811753512,0.142954980513299,0.810080586587059,0.944730052361585
"gene-LOC134694000|LOC134694000",6.34628648820902,-0.0145783748789549,0.155866713061342,0.583646345876197,NA
"gene-LOC134694007|LOC134694007",19.6352651934613,-0.126395518238458,0.180312588803522,0.13592975949379,0.453399613146241
"gene-LOC134694009|LOC134694009",50.490841679689,-0.0818041557590596,0.125334999506027,0.328109207898306,0.683918735049807
"gene-LOC134694012|LOC134694012",1485.95464027102,0.00758896777334504,0.0782284565921321,0.911533910118126,0.981320095902055
"gene-LOC134694013|LOC134694013",25.1351019759407,0.234638405498833,0.256974956055382,0.0393827532988691,0.230789455854458
"gene-LOC134694015|LOC134694015",147.591886193025,0.0695900119654685,0.149231039354983,0.350897760941381,0.704005901479244
"gene-LOC134694018|LOC134694018",10.1613255717827,-0.0630034489250339,0.160318935977647,0.289897065312703,NA
"gene-LOC134694019|LOC134694019",12.0477600978035,0.00913194366035969,0.137037425408919,0.895310077891817,0.975254009504506
"gene-LOC134694020|LOC134694020",8.28461831143784,0.0191206160095726,0.156609409889745,0.475208120612618,NA
"gene-LOC134694021|LOC134694021",24.2957916660234,-0.0325967696797496,0.113984617469913,0.681566224904191,0.905106397054843
"gene-LOC134694022|LOC134694022",20.5044294822431,-0.00497622601307177,0.143528092724072,0.928641417035011,0.984922715037133
"gene-LOC134694027|LOC134694027",155.185026745985,0.0161848403698218,0.145961634491684,0.781141125201024,0.935313715701226
"gene-LOC134694031|LOC134694031",17.8391229289259,0.0463077563830143,0.164299851477635,0.134870333646644,0.451093934386418
"gene-LOC134694033|LOC134694033",9.224940906136,-0.00133199944914521,0.152312168385473,0.953303036484362,NA
"gene-LOC134694035|LOC134694035",29.1271795336681,-0.043204954523126,0.144298878894737,0.522849408510161,0.822155204198896
"gene-LOC134694036|LOC134694036",9.80267284397467,0.00771402183209662,0.142572928342929,0.900194117218211,NA
"gene-LOC134694042|LOC134694042",41.8104923876465,0.135458740156007,0.129435510013459,0.130825793916032,0.44517110429761
"gene-LOC134694043|LOC134694043",6.71617825397554,0.0276122802049606,0.159223277398872,0.227211622481141,NA
"gene-LOC134694047|LOC134694047",47.2336412896147,0.0749923918945724,0.158592078394295,0.283013767626613,0.643396752241801
"gene-LOC134694048|LOC134694048",13.8354586015628,0.0573456109057414,0.16352818621097,0.240611947096981,0.595453808472327
"gene-LOC134694050|LOC134694050",254.855647709581,-0.0617310531331664,0.104813713215722,0.437857475216966,0.776186378091306
"gene-LOC134694060|LOC134694060",19.1427735248172,-0.0424963733713096,0.152116827654779,0.459536337682027,0.787317501623052
"gene-LOC134694061|LOC134694061",8.75975004666733,-0.0445543309889808,0.158160518544959,0.345131464887364,NA
"gene-LOC134694063|LOC134694063",113.435991334383,0.0951360207557479,0.124848818697848,0.264255226357239,0.620778359380389
"gene-LOC134694072|LOC134694072",14.9631088712373,-0.0650688851449616,0.129338549723804,0.422004944966661,0.760484987099641
"gene-LOC134694101|LOC134694101",7.83847401634891,0.0334534214436737,0.157837062288724,0.361029753057745,NA
"gene-LOC134694149|LOC134694149",3114.09462645238,-0.135695289758612,0.176058451779237,0.129899164674699,0.443439270620489
"gene-LOC134694150|LOC134694150",321.262015598058,-0.0718862689662657,0.143677455586235,0.357261718880937,0.708958613480239
"gene-LOC134694159|LOC134694159",9.62775482174542,-0.0802904989238066,0.160166817787611,0.265166351269498,NA
"gene-LOC134694184|LOC134694184",35.349802395226,0.00832631763015271,0.156965971409615,0.544241105503131,0.833970613917475
"gene-LOC134694199|LOC134694199",21.7689464707041,-0.0392012839474412,0.147078707250104,0.53165956840081,0.826824084646767
"gene-LOC134694200|LOC134694200",158.176515539079,-0.114325381658138,0.139333749190997,0.195518647499961,0.539663531464313
"gene-LOC134694221|LOC134694221",14.3713253298425,-0.0515964268847921,0.160755062927948,0.285571994168182,0.645174154370126
"gene-LOC134694326|LOC134694326",13.1471451106386,-0.053861638688338,0.151834976895913,0.40540114186627,0.746575679007847
"gene-LOC134694328|LOC134694328",27.8538820271056,0.0326172905901876,0.129518591034954,0.667180524328198,0.899648590171596
"gene-LOC134694336|LOC134694336",7.97256827654774,-0.0590839614450133,0.149596616084646,0.392897526743285,NA
"gene-LOC134694369|LOC134694369",45.8940611032781,-0.0954485864474059,0.132272997375031,0.264488613400059,0.620778359380389
"gene-LOC134694377|LOC134694377",38.6395460594977,-0.000959382137503088,0.156525682425028,0.914670517925071,0.98134698001751
"gene-LOC134694421|LOC134694421",423.619356267486,-0.11884964692047,0.152783754779532,0.177916050432272,0.519247734701624
"gene-LOC134694436|LOC134694436",38.6728540680683,0.0622563995925917,0.172775965206703,0.0503064627162009,0.264847252924067
"gene-LOC134694447|LOC134694447",190.685185384706,-0.00738376791062833,0.15548783788719,0.74134131909815,0.922809345788751
"gene-LOC134694453|LOC134694453",128.172142579721,0.0467223470282885,0.161708315969827,0.249724450695877,0.606092166679834
"gene-LOC134694485|LOC134694485",8.90941079971191,0.0379096471907242,0.152963539042929,0.476840003654537,NA
"gene-LOC134694498|LOC134694498",17.6984260501199,-0.123055664840973,0.187060193696447,0.127975016174153,0.440391411566829
"gene-LOC134694513|LOC134694513",558.007540045179,-0.0341390625150086,0.16054947879757,0.200712768480368,0.546852153644117
"gene-LOC134694518|LOC134694518",24.6222349928435,-0.057106999516227,0.165782428247395,0.185716657345585,0.527425371061693
"gene-LOC134694523|LOC134694523",176.498788196485,-0.000449292611345726,0.15559690550615,0.976604999331083,0.995073589829788
"gene-LOC134694546|LOC134694546",12.1707589167039,0.615860977914057,0.396702883520497,0.00419818667566497,0.0704988071886869
"gene-LOC134694557|LOC134694557",33.3526632589689,0.00630757270944875,0.130882036843574,0.931583278436703,0.98652456444215
"gene-LOC134694565|LOC134694565",17.5378613394499,0.0951579208569689,0.175363568304567,0.171313264766888,0.509591947733876
"gene-LOC134694574|LOC134694574",13.397503514549,0.0444030687547535,0.147042410867768,0.500924046232379,0.80632202571024
"gene-LOC134694583|LOC134694583",114.363674079799,-0.0148940506164263,0.156642289720092,0.504535767179921,0.808119898651268
"gene-LOC134694585|LOC134694585",368.87914406519,0.0152936333329455,0.13997281205517,0.815483099025275,0.946574899510975
"gene-LOC134694587|LOC134694587",23.5341562095408,-0.0155776066498907,0.144475338490623,0.791388636468964,0.93946448995995
"gene-LOC134694590|LOC134694590",12.9799336694958,-0.0703934974963724,0.17241759038822,0.133658293964754,0.449237352146792
"gene-LOC134694607|LOC134694607",12.1788704836533,0.0329895272210828,0.1510122358102,0.540605505641768,0.832404416470404
"gene-LOC134694608|LOC134694608",70.6958305820798,0.210258202120518,0.209961082718039,0.0524353331342843,0.270895597978174
"gene-LOC134694619|LOC134694619",46.2986106851847,0.475052983717986,0.114322712762935,3.12886503768427e-06,0.00104899317316046
"gene-LOC134694620|LOC134694620",661.956782473919,-0.194390439607647,0.0881408755877518,0.00999071782821385,0.0999071782821385
"gene-LOC134694621|LOC134694621",15.4597326510782,0.116398068179064,0.168775474219089,0.169990548151146,0.508614275116392
"gene-LOC134694627|LOC134694627",184.10033457153,0.226462872917009,0.109376070082121,0.010216486732497,0.101233382798489
"gene-LOC134694630|LOC134694630",41.5206626930255,0.0794652862820721,0.162765811884812,0.250031271369048,0.606092166679834
"gene-LOC134694639|LOC134694639",27.7615072272348,-0.119170402247227,0.13395932795293,0.179923563299126,0.521456743857906
"gene-LOC134694648|LOC134694648",20.0849654749198,-0.0146046285509957,0.119734698541631,0.850624821851278,0.95767690238846
"gene-LOC134694649|LOC134694649",87.3163557767681,0.0850657856897326,0.105595496470981,0.295536335696916,0.657320690778407
"gene-LOC134694650|LOC134694650",34.7839914355635,0.0138448683069528,0.12985444947371,0.851999183044311,0.958029090201635
"gene-LOC134694654|LOC134694654",18.8557815053647,0.0268767931252635,0.145017317294157,0.660157652090177,0.894724307194559
"gene-LOC134694655|LOC134694655",21.8286164542624,0.373198854777797,0.369009510338457,0.0147121425426872,0.127835253953296
"gene-LOC134694682|LOC134694682",83.3417329852497,-0.0101940291211961,0.11918487518103,0.894809640684689,0.975254009504506
"gene-LOC134694700|LOC134694700",11.2267180385473,-0.366267182715088,0.613581977036107,0.0139527475792201,NA
"gene-LOC134694703|LOC134694703",14.7503783492444,0.0187512909413141,0.148832159766766,0.719040579021857,0.918664055811524
"gene-LOC134694704|LOC134694704",12.9133606283632,0.00510292256543652,0.133584904798911,0.946836182247752,0.992150296257638
"gene-LOC134694724|LOC134694724",7.5474776346345,0.00887197175264902,0.155015585098647,0.751850335838772,NA
"gene-LOC134694726|LOC134694726",38.5792448078863,-0.00069377933510854,0.143323490287432,0.989804604957563,0.99704656962612
"gene-LOC134694727|LOC134694727",46.7490149919173,0.0187726210861936,0.123727658233283,0.807854399656782,0.944489987490306
"gene-LOC134694731|LOC134694731",25.6106811525788,0.46968558325864,0.430839850355716,0.00965823924843645,0.0981086831966756
"gene-LOC134694740|LOC134694740",9.17622891287916,-0.0758878111304212,0.182781335858337,0.01510309352905,NA
"gene-LOC134694743|LOC134694743",26.0767127058124,-0.00252375658485097,0.155669490114523,0.892787686579755,0.975254009504506
"gene-LOC134694744|LOC134694744",14.3789850018824,-0.00579915407864621,0.14646237720611,0.91423710055748,0.98134698001751
"gene-LOC134694754|LOC134694754",8.19346170944965,-0.00527128920810594,0.153144000261275,0.883388955663201,NA
"gene-LOC134694760|LOC134694760",16.7161537540146,0.0466326894864383,0.137926576107997,0.529618671818311,0.826070259422782
"gene-LOC134694784|LOC134694784",62.7438240704404,-0.052858054950615,0.169818280274838,0.00853725476947061,0.0917071043533352
"gene-LOC134694786|LOC134694786",18.7564387480886,-0.234388125257354,0.216105349324407,0.0401953029212565,0.233349151543136
"gene-LOC134694787|LOC134694787",124.298266597899,-0.0433946914070198,0.113019237566625,0.579434113132958,0.853212043610019
"gene-LOC134694788|LOC134694788",11.3897836952503,0.178724756773703,0.225427170494044,0.0671500590162147,0.309064939258156
"gene-LOC134694790|LOC134694790",106.249020036959,-0.0586979070633747,0.1325722125448,0.458749158077985,0.787027238609417
"gene-LOC134694796|LOC134694796",10.6099187019698,0.0519138623710362,0.149944359938544,0.42937549916129,NA
"gene-LOC134694800|LOC134694800",13.7282863270439,0.021210292778359,0.147175997346214,0.70245498897855,0.91221852127004
"gene-LOC134694836|LOC134694836",44.0975754957045,0.0103320644445887,0.107952087358859,0.895512847502226,0.975254009504506
"gene-LOC134694837|LOC134694837",34.7000804316512,0.00683642353424242,0.140431458767885,0.915498228637726,0.98134698001751
"gene-LOC134694860|LOC134694860",99.3118735184377,0.202144760877946,0.201882970662107,0.0572522337989269,0.283810684279505
"gene-LOC134694864|LOC134694864",12.0311373007314,0.00787992263411054,0.155802221609753,0.734197968259699,0.921921372263905
"gene-LOC134694865|LOC134694865",20.9986726691105,-0.0128649961906982,0.147582218846515,0.804434701722791,0.943228489187407
"gene-LOC134694876|LOC134694876",50.3021237561425,0.343198510926845,0.288357099930349,0.0161117230854336,0.135551979852954
"gene-LOC134694888|LOC134694888",10.8596958063897,0.050227509611311,0.159773362112334,0.305105827589569,NA
"gene-LOC134694889|LOC134694889",12.4457381079492,0.0708557462153807,0.160835883151814,0.271651256892628,0.629243093238561
"gene-LOC134694892|LOC134694892",8.67476510180268,-0.0201522407108644,0.153802848924992,0.608515801061601,NA
"gene-LOC134694934|LOC134694934",11.9747187799822,0.029483759399962,0.158894917079639,0.27747165498147,0.63647621254302
"gene-LOC134694936|LOC134694936",11.7455724065165,-0.0483595570820658,0.161270929453356,0.263939677553937,0.620633350320627
"gene-LOC134694938|LOC134694938",15.6644154796721,0.0421889200270483,0.13985970542467,0.556181422586189,0.84222969086445
"gene-LOC134694946|LOC134694946",186.112520492182,-0.0721772855758617,0.120788367768298,0.38105609763818,0.728052592068148
"gene-LOC134694950|LOC134694950",117.274037609422,0.0774838119032243,0.157063865956908,0.285618699422881,0.645174154370126
"gene-LOC134694951|LOC134694951",14.5408677022213,0.082662115752523,0.152961710133777,0.287727173923916,0.647640317277507
"gene-LOC134694964|LOC134694964",331.889623477558,0.0403570388490546,0.103689429650209,0.607165552026594,0.866990487874782
"gene-LOC134694996|LOC134694996",16.1697434890849,0.0778853536551751,0.159126478679042,0.275497657370906,0.633545154315045
"gene-LOC134695001|LOC134695001",27.5644406774147,-0.0939688775609795,0.173314645244742,0.180339768331956,0.521456743857906
"gene-LOC134695020|LOC134695020",10.0506498449823,0.268005085800207,0.266454966866929,0.0295637701321492,NA
"gene-LOC134695028|LOC134695028",18.6838478361755,0.0560032278139925,0.139158291398373,0.456620742755395,0.784855405113833
"gene-LOC134695031|LOC134695031",41.4299110718958,0.0271033112126067,0.124680267877927,0.725707002016499,0.919270819558614
"gene-LOC134695033|LOC134695033",157.836220225156,-0.0293668882654532,0.0976067274035858,0.7016721531114,0.91221852127004
"gene-LOC134695034|LOC134695034",47.8179727634338,-0.00230915399791583,0.134022663275251,0.972505760810959,0.995073589829788
"gene-LOC134695040|LOC134695040",5.89503841213546,0.00129221364814821,0.155799790909103,0.953161753023456,NA
"gene-LOC134695041|LOC134695041",138.924741851172,0.0017993743751618,0.156826076429355,0.901015146226678,0.977155336914768
"gene-LOC134695042|LOC134695042",513.598164939113,0.00215843160845125,0.15589045211874,0.924608268770757,0.983116205832622
"gene-LOC134695044|LOC134695044",8.61367977992831,-0.0249286419985504,0.153661776174126,0.556024643903045,NA
"gene-LOC134695045|LOC134695045",61.266164320319,0.447339815339458,0.195104492778655,0.00169354316310225,0.0458167206620552
"gene-LOC134695068|LOC134695068",11.9834847693399,0.0598462280741539,0.167710884093245,0.157425397670059,0.489409362205113
"gene-LOC134695069|LOC134695069",13.4166266562018,1.2416024890878,0.821811790356013,0.0026627640474566,0.058910686873051
"gene-LOC134695072|LOC134695072",39.0069300403636,-0.280325821203799,0.154763208747391,0.0113347838109354,0.107304931584969
"gene-LOC134695086|LOC134695086",16.2082347984432,0.0285916246929372,0.14549286806905,0.639568642847251,0.884229780451533
"gene-LOC134695089|LOC134695089",45.5200639708416,-0.0382090173429313,0.109356341667585,0.630317771681955,0.879160106331082
"gene-LOC134695094|LOC134695094",11.3002453649809,-0.0138923459668848,0.149012916475208,0.778316686626897,0.934005335233767
"gene-LOC134695099|LOC134695099",12.2161679420988,0.00832026482516578,0.141306997285915,0.896534669803854,0.975254009504506
"gene-LOC134695108|LOC134695108",9.4404623926021,0.00509015646936344,0.139839017523135,0.935774775530747,NA
"gene-LOC134695109|LOC134695109",21.5252748978535,-0.0491453444961999,0.167295257678818,0.0364421562670623,0.219826264603396
"gene-LOC134695113|LOC134695113",9.38678417791055,0.0135860233589251,0.141908088680189,0.82919423014663,NA
"gene-LOC134695124|LOC134695124",33.0791833398434,0.0173846192786271,0.105442034198393,0.825261200111102,0.949244103414178
"gene-LOC134695143|LOC134695143",53.7646617183132,0.00681790993817849,0.132013431913296,0.923739621356344,0.983116205832622
"gene-LOC134695149|LOC134695149",15.8411165064758,-0.00302154110751139,0.156218208917589,0.864885942585344,0.963852569152898
"gene-LOC134695151|LOC134695151",110.210283650024,0.108636230180075,0.122536776647361,0.208187448576374,0.557767975599337
"gene-LOC134695156|LOC134695156",14.6829181236351,0.000583385705339125,0.143164448227083,0.993808692207212,0.998315823215436
"gene-LOC134695166|LOC134695166",192.541634190482,0.0100519998466922,0.114464236047246,0.898485235866535,0.976335938427893
"gene-LOC134695169|LOC134695169",36.026911164093,0.0423645604857747,0.122260231020705,0.594074480965815,0.860840410316707
"gene-LOC134695171|LOC134695171",39.5669901217201,0.175594575723056,0.224790120750578,0.0675170401588277,0.310062534689014
"gene-LOC134695177|LOC134695177",16.7325028132221,0.103763469899431,0.160120336668828,0.210264272155192,0.560880826477626
"gene-LOC134695180|LOC134695180",64.4189757118944,0.0469758810627787,0.146886555075834,0.481736268356758,0.797844258383848
"gene-LOC134695182|LOC134695182",7.0515197271079,-0.0353531677941391,0.158939283978228,0.308397300003791,NA
"gene-LOC134695183|LOC134695183",114.330289523266,0.270919326907476,0.0986140484133844,0.00132526975868791,0.0390831868650093
"gene-LOC134695187|LOC134695187",9.71785558286234,-0.0184429318301947,0.151623630287155,0.677932186548357,NA
"gene-LOC134695189|LOC134695189",10.0052819052214,0.0302461833855182,0.153360713553752,0.524594641724696,NA
"gene-LOC134695190|LOC134695190",16.9875345606891,0.00807745561974805,0.127228296388629,0.910093873538927,0.980949200438228
"gene-LOC134695193|LOC134695193",30.0659667716507,0.0296185964610285,0.137973942220319,0.672017710122897,0.902451523506895
"gene-LOC134695199|LOC134695199",10.6998155619742,0.118641098043782,0.187775924473155,0.128322639335238,NA
"gene-LOC134695203|LOC134695203",99.5642273003119,0.0802172263488751,0.11214774227963,0.329396508568895,0.68480932101301
"gene-LOC134695208|LOC134695208",16.4139829384667,0.0482689928387408,0.15423728353333,0.399098158999558,0.741334246078755
"gene-LOC134695209|LOC134695209",11.8638530156816,0.0591601434035619,0.159338759366785,0.305292867754741,0.665542630936927
"gene-LOC134695210|LOC134695210",204.614897754538,0.0173199301130543,0.123152596557332,0.822950620959243,0.948153298297698
"gene-LOC134695213|LOC134695213",539.095035356616,-0.0527449690531188,0.147804831384932,0.434391955440371,0.772668023670094
"gene-LOC134695214|LOC134695214",34.3551092142071,-0.103044963628267,0.160929013779492,0.21223535899161,0.562715930479525
"gene-LOC134695224|LOC134695224",24.0213842283767,0.0894431602118352,0.184984199337804,0.0879237625587297,0.359713787732247
"gene-LOC134695225|LOC134695225",11.7615743597417,-0.00115616065810742,0.147317838121104,0.98216089401451,0.995964714564617
"gene-LOC134695228|LOC134695228",313.868944110882,-0.0295115942164044,0.0996385790643913,0.703411856028064,0.91221852127004
"gene-LOC134695234|LOC134695234",250.161717338905,-0.466424476589848,0.199552750742347,0.00141494986897577,0.0406001381323229
"gene-LOC134695245|LOC134695245",25.2804854722247,0.0196937183235041,0.131732796008197,0.788804202494189,0.938666685949558
"gene-LOC134695252|LOC134695252",51.8375697020621,0.0963871998887771,0.159415744872164,0.228506826958356,0.580463195471536
"gene-LOC134695253|LOC134695253",11.5244162382869,-0.0855896097144389,0.185111871725477,0.0617907448781885,0.295120916369641
"gene-LOC134695286|LOC134695286",316.096439383337,0.308224371166846,0.16196335350413,0.00774718404081759,0.0871900394699788
"gene-LOC134695289|LOC134695289",48.3408351160273,-0.0513211251268655,0.149049234949924,0.437122865542359,0.775619123538948
"gene-LOC134695307|LOC134695307",263.652404272309,0.0508668151575254,0.0859197741610614,0.483065235453842,0.797844258383848
"gene-LOC134695310|LOC134695310",15.3016628720505,-0.0127094256269263,0.139604218670686,0.845059535180101,0.955567960192745
"gene-LOC134695314|LOC134695314",65.7087932616612,0.216330515246652,0.189357881541203,0.0465661620232459,0.251925184940153
"gene-LOC134695315|LOC134695315",21.8081215253692,0.0577221999341486,0.123688638073828,0.476705409376833,0.796791709893797
"gene-LOC134695318|LOC134695318",27.376311594401,0.174875953306952,0.153789574950978,0.0757684258168807,0.332171281798713
"gene-LOC134695323|LOC134695323",191.978167753446,-0.0227648582008443,0.101543569624212,0.769214539021075,0.931502256871707
"gene-LOC134695326|LOC134695326",276.796146199419,0.358062634505933,0.105143563998361,9.38436699513405e-05,0.00830255802208388
"gene-LOC134695336|LOC134695336",48.6754957542814,0.0251201607584409,0.108823776958623,0.751534744427297,0.925077550145291
"gene-LOC134695389|LOC134695389",25.2534912094725,-0.0149973698848161,0.139653061388197,0.820166769374292,0.947588510304588
"gene-LOC134695400|LOC134695400",29.863393435357,0.394784387826887,0.341334095167178,0.0125608335420735,0.114855240667248
"gene-LOC134695401|LOC134695401",41.5458899346277,-0.0449273443158592,0.130437574522892,0.562084405398734,0.844253162553628
"gene-LOC134695406|LOC134695406",7.3501123329149,-0.0022019265967323,0.154600430868028,0.941543430540578,NA
"gene-LOC134695414|LOC134695414",8.60166999429643,-0.018286889187417,0.141263553747278,0.772821477210027,NA
"gene-LOC134695419|LOC134695419",83.3620273243326,0.0590150498375112,0.11341589095354,0.467361594666462,0.792037101176881
"gene-LOC134695422|LOC134695422",40.104572804688,-0.366668086185129,0.215677738058725,0.0079299337458654,0.0882098900858997
"gene-LOC134695430|LOC134695430",445.747305370605,-0.0443198686214485,0.162892063199362,0.173251130959137,0.512118870705193
"gene-LOC134695435|LOC134695435",99.0801897801835,-0.092784264642128,0.123800944722272,0.273955108010379,0.632280448560187
"gene-LOC134695436|LOC134695436",73.0384704202098,0.0104838781259247,0.0889915600522193,0.886087023537562,0.973839603163262
"gene-LOC134695437|LOC134695437",17.5246595174099,-0.0255542279928456,0.119783997527715,0.744110616491658,0.923073929318765
"gene-LOC134695438|LOC134695438",13.797009467249,-0.0854425339913025,0.173402110003859,0.173851041524682,0.513174761127074
"gene-LOC134695440|LOC134695440",447.888048694499,-0.0438160663789735,0.162703492261479,0.178484068476359,0.519626835555031
"gene-LOC134695444|LOC134695444",13.9565335080627,-0.0136971760133669,0.150303699670665,0.76543085702883,0.930943504439124
"gene-LOC134695450|LOC134695450",168.402732194547,-0.108485263379887,0.1394917194812,0.213259066862386,0.564613572698837
"gene-LOC134695455|LOC134695455",15.827320113479,-0.129071011080496,0.168578425828174,0.147013588976296,0.472490697163978
"gene-LOC134695456|LOC134695456",10.9552499151064,0.00254441762586803,0.151630762937949,0.94706759349785,NA
"gene-LOC134695457|LOC134695457",15.9806403620433,-0.0375774133069711,0.149322693904,0.523885079026826,0.822768233087002
"gene-LOC134695460|LOC134695460",8.03368090693093,-0.0727260914325705,0.177750118606345,0.0584529685102663,NA
"gene-LOC134695474",11.750988689125,-0.00345897753413702,0.155530051388184,0.893192361331169,0.975254009504506
"gene-LOC134695490|LOC134695490",8.49039492587235,0.0145741281497562,0.149683952911001,0.763295739555191,NA
"gene-LOC134695499|LOC134695499",38.4082454588164,0.0904380778586916,0.118059743693889,0.278820508899205,0.637733084986691
"gene-LOC134695503|LOC134695503",11.3737865058438,-0.0413482194069907,0.155271008134085,0.416179204966812,0.755718795792073
"gene-LOC134695507|LOC134695507",15.1660747930706,0.121491569564449,0.19993736268093,0.0941393964075176,0.37479247194743
"gene-LOC134695530|LOC134695530",115.389066056275,0.0608319536446744,0.120815584119278,0.454120271048986,0.783729646865902
"gene-LOC134695542|LOC134695542",32.6537482471166,-0.0204506079742264,0.113593297446048,0.795409011420271,0.940203266421808
"gene-LOC134695547|LOC134695547",51.2506317897372,-0.0383674505627141,0.120419341566566,0.62426170123886,0.876730116023762
"gene-LOC134695556|LOC134695556",323.631730222692,-0.367280014493307,0.130654885844034,0.000586250356086423,0.0257545846087621
"gene-LOC134695557|LOC134695557",287.981860412938,-0.297868300640276,0.156037216046018,0.00805865128110155,0.0891208483691265
"gene-LOC134695558|LOC134695558",260.05451517924,-0.339123840620034,0.152974563273494,0.00318602035570126,0.0644506893595178
"gene-LOC134695559|LOC134695559",261.035830311467,-0.330032893061521,0.160466049409368,0.00460728087786869,0.0716087786034719
"gene-LOC134695560|LOC134695560",260.950554103612,-0.321179170171314,0.156328145397512,0.00512365089477697,0.0734974983667498
"gene-LOC134695561|LOC134695561",255.496064767593,-0.321300882471736,0.157827013793257,0.00526929888584116,0.0740958805801506
"gene-LOC134695562|LOC134695562",234.168832033938,-0.386134732525395,0.146799044567052,0.000888915228320636,0.0314773488266591
"gene-LOC134695564|LOC134695564",220.858968366365,-0.331627427095829,0.159500934300544,0.00445682429149184,0.0709467043113821
"gene-LOC134695565|LOC134695565",235.750765601581,-0.480054063945642,0.185536724640041,0.000708503341154035,0.0283846936047246
"gene-LOC134695567|LOC134695567",258.868847890594,-0.246350849751005,0.188712362025811,0.0288355083813411,0.191335612905357
"gene-LOC134695568|LOC134695568",254.945154931368,-0.273600986978839,0.194289794079847,0.0201130539757619,0.156817813740029
"gene-LOC134695569|LOC134695569",517.166758997946,-0.102999963712527,0.145832963353577,0.236366583917729,0.590452995904287
"gene-LOC134695570|LOC134695570",260.564320403565,-0.370512557512158,0.220596163743904,0.00754345277971568,0.0865798093816016
"gene-LOC134695571|LOC134695571",244.663605052262,-0.225173795774028,0.182093213740211,0.0382736187423111,0.227004610231398
"gene-LOC134695572|LOC134695572",235.853971731121,-0.173962782419028,0.197817379079458,0.0785954574494206,0.339348715583551
"gene-LOC134695573|LOC134695573",252.696239465167,-0.251709629842817,0.189008074060561,0.0271480854471134,0.185153430726031
"gene-LOC134695574|LOC134695574",216.789635246001,-0.107471738566441,0.141175808290167,0.213788263969387,0.565309772305933
"gene-LOC134695575|LOC134695575",194.080193027356,-0.130088985295315,0.147165044294135,0.150361220633547,0.47770622216244
"gene-LOC134695579|LOC134695579",40.8843423996762,-0.042244467832641,0.140293324144103,0.550324178481994,0.837535654226439
"gene-LOC134695582|LOC134695582",9.09609156452622,-0.000314840502538964,0.148161266797573,0.993132134169294,NA
"gene-LOC134695585|LOC134695585",26.5489818571478,-0.0601079780483765,0.130586248650122,0.45178861056718,0.782143172231234
"gene-LOC134695590|LOC134695590",32.128055047487,0.0141583252224879,0.147103812012634,0.80169747018792,0.941868846384554
"gene-LOC134695592|LOC134695592",41.6249168299233,0.0796166451231467,0.120559913950339,0.340913176108683,0.696873143289187
"gene-LOC134695593|LOC134695593",48.8850898930499,0.0708399470459112,0.119155726913011,0.390814244288421,0.736098975788657
"gene-LOC134695612|LOC134695612",21.9652429973463,0.147451101949279,0.186917987128564,0.10926071129367,0.411581809408541
"gene-LOC134695613|LOC134695613",20.0632298262831,0.0711919270274095,0.164076337376085,0.247149974492749,0.603650234435713
"gene-LOC134695615|LOC134695615",16.0082154552363,0.0240820135163854,0.135182158919902,0.734862551042075,0.921921372263905
"gene-LOC134695616|LOC134695616",9.78727170433585,0.0573278274257824,0.150738134813321,0.397110914394214,NA
"gene-LOC134695623|LOC134695623",71.8713646921794,-0.188984924666647,0.117848623971179,0.0357894728425759,0.217635423200355
"gene-LOC134695636|LOC134695636",24.1156429124091,0.747242611619851,0.26736077553299,0.000257859797756964,0.0161035971736457
"gene-LOC134695637|LOC134695637",31.139778228575,-0.765110479584599,0.1951742318673,5.17904492501152e-06,0.00137460484051347
"gene-LOC134695643|LOC134695643",22.2329305056351,0.0118325077585847,0.147063011035232,0.826218625694434,0.949444755548414
"gene-LOC134695646|LOC134695646",13.7763318207672,-0.296883597607053,0.292997845098182,0.0230795794006927,0.167595340909165
"gene-LOC134695647|LOC134695647",117.154779554232,0.466286709979163,0.414479029183636,0.00941214773674549,0.096546507380143
"gene-LOC134695649|LOC134695649",42.464472998092,0.0123246292400628,0.149508253670319,0.795833527841372,0.940246293623274
"gene-LOC134695651|LOC134695651",16.0389595550734,-0.0802956210438983,0.177071393734099,0.123518362169183,0.43494304423311
"gene-LOC134695653|LOC134695653",16.4241772534178,-0.0531235052224183,0.14674929542471,0.440545277562774,0.777479499333713
"gene-LOC134695655|LOC134695655",21.950657510266,-0.146142995443964,0.185983132228535,0.110941572497143,0.413529013531349
"gene-LOC134695657|LOC134695657",23.6737480782731,0.00339346672642165,0.139130987316401,0.960246656717681,0.993195169444879
"gene-LOC134695662|LOC134695662",34.9102506026365,0.0114239807854678,0.116061613412138,0.885040609317023,0.973505184577419
"gene-LOC134695663|LOC134695663",26.7604080359317,0.218505091099037,0.265671557052712,0.04342916287072,0.24155357723026
"gene-LOC134695670|LOC134695670",12.8155582020302,0.217324302590227,0.281966036932823,0.0402591393321675,0.233349151543136
"gene-LOC134695672|LOC134695672",268.436258904051,0.129415415080733,0.101287733034762,0.108269943328363,0.409305364392684
"gene-LOC134695674|LOC134695674",34.3798548700651,0.0102065966873565,0.148571239646416,0.833823198586985,0.951902489882482
"gene-LOC134695675|LOC134695675",7.94948209209058,0.125874049899852,0.221120479862544,0.0418648526344021,NA
"gene-LOC134695681|LOC134695681",8.91652106320859,-0.00282455066961453,0.152294316910854,0.935209499134082,NA
"gene-LOC134695682|LOC134695682",30.4668783158974,0.00983828442836825,0.156511053433118,0.57564995021018,0.849997724348366
"gene-LOC134695684|LOC134695684",14.7059186451598,-0.0124157445091633,0.14749503968027,0.810462430427568,0.944730052361585
"gene-LOC134695686|LOC134695686",34.0259047497685,-0.0307844108323101,0.151170601692839,0.552296461600542,0.839248201430213
"gene-LOC134695687|LOC134695687",13.6951949737766,-0.083947308448601,0.163881528799131,0.23687774236263,0.591497929772619
"gene-LOC134695691|LOC134695691",29.2266214538572,0.0848216264454808,0.129096761146106,0.31420843795364,0.673454828319207
"gene-LOC134695693|LOC134695693",103.415062620702,0.0351634633848665,0.106733169831822,0.654702046981083,0.892459864263054
"gene-LOC134695695|LOC134695695",9.50274350657716,0.0256176128734117,0.137329029276328,0.71505878899877,NA
"gene-LOC134695696|LOC134695696",24.6273792268838,0.0654325210474439,0.159176116799486,0.300621772496628,0.661330506194431
"gene-LOC134695697|LOC134695697",14.2087828033498,0.0352619996549623,0.146847773781102,0.5680938457092,0.847050894967803
"gene-LOC134695698|LOC134695698",13.7984347217187,0.11359109526742,0.18181870518175,0.142784375067247,0.467147647241069
"gene-LOC134695700|LOC134695700",15.4965205049711,-0.0273015375008972,0.15332885919768,0.54377025663261,0.833706332298924
"gene-LOC134695703|LOC134695703",10.4248345880374,-0.00536210208680514,0.145295257370567,0.921683788070053,NA
"gene-LOC134695717|LOC134695717",11.1363852062798,-0.00294307624353199,0.152556018393093,0.935441843173036,NA
"gene-LOC134695719|LOC134695719",5.77808643978737,0.00491604455269178,0.156063565141449,0.796900425978401,NA
"gene-LOC134695720|LOC134695720",68.1621536470853,-0.0649306472410542,0.093166203998172,0.391913917688423,0.737080500642236
"gene-LOC134695721|LOC134695721",10.35918057876,0.024616570708435,0.142410695208747,0.697678585732641,NA
"gene-LOC134695723|LOC134695723",14.6538301478737,1.65207017676828,1.12403184830739,0.00244827849895374,0.05691800743918
"gene-LOC134695726|LOC134695726",22.6895597338931,0.541537474180334,0.210964986945181,0.000678532442717605,0.028066569221501
"gene-LOC134695730|LOC134695730",10.7667026046273,0.00788849460345184,0.143210501268958,0.896124675139431,NA
"gene-LOC134695733|LOC134695733",12.5980124723061,-0.00624357870432171,0.150531973909655,0.884371160355904,0.9734654037441
"gene-LOC134695736|LOC134695736",128.293810072445,0.0231794879343906,0.157035426726739,0.421124246974032,0.760174939828326
"gene-LOC134695742|LOC134695742",12.3531536598282,-0.145127671862926,0.253493408198348,0.021322568101673,0.160929809013812
"gene-LOC134695746|LOC134695746",344.381377836893,0.153934184461926,0.109761927294733,0.070187849414477,0.316186760389478
"gene-LOC134695751|LOC134695751",19.1850178790667,0.127752546668763,0.192797602090071,0.115968235131149,0.421642498735969
"gene-LOC134695772|LOC134695772",11.7606805632942,0.0687695743597368,0.148495862004377,0.356337900628254,0.708293040820393
"gene-LOC134695774|LOC134695774",12.2230118048971,0.0843521935186002,0.167324475670926,0.217689854961116,0.570417267010412
"gene-LOC134695781|LOC134695781",104.173885737289,0.765822517353396,0.253018528361673,0.000124822367545939,0.00987651024781322
"gene-LOC134695787|LOC134695787",208.549661819667,-0.0344835701135637,0.159170767074007,0.291245958643082,0.652260158178227
"gene-LOC134695797|LOC134695797",27.1624640110557,0.190291685187106,0.161980166698482,0.0617767396482588,0.295120916369641
"gene-LOC134695811|LOC134695811",11.7192714030407,-0.00891758324506791,0.143350463728796,0.877701065090873,0.97065204594251
"gene-LOC134695822|LOC134695822",12.4379483899811,0.0308894013652896,0.153815042442754,0.505377487828018,0.808654759473618
"gene-LOC134695823|LOC134695823",10.272616403275,-0.0125399332626761,0.134212379430433,0.858059133231804,NA
"gene-LOC134695824|LOC134695824",11.4100568876212,0.0627412885882243,0.153926931980224,0.349680054070089,0.703768327139662
"gene-LOC134695827|LOC134695827",200.400291713973,0.17253632548774,0.118575256162041,0.053447665745672,0.274162792200187
"gene-LOC134695831|LOC134695831",19.560695952142,0.059488018975928,0.161304629792675,0.286562218238859,0.645891301986579
"gene-LOC134695835|LOC134695835",270.142263625321,0.622391704276883,0.237554532176616,0.000473762274732544,0.0242332553047288
"gene-LOC134695838|LOC134695838",12.6947177083141,0.0264854984306193,0.157722439535673,0.364322623717463,0.712857211332275
"gene-LOC134695841|LOC134695841",346.599383763484,-0.0159665526232134,0.15691104611116,0.459768604821179,0.78739871337225
"gene-LOC134695842|LOC134695842",48.4100692017995,-0.196847439739915,0.167374693265785,0.0560106565476752,0.281156723568709
"gene-LOC134695843|LOC134695843",22.2216186951427,0.00150595756845581,0.143908632104976,0.982169108909555,0.995964714564617
"gene-LOC134695852|LOC134695852",24.4975944806645,0.0156691290487147,0.115373327734457,0.842087162394072,0.954805130731619
"gene-LOC134695854|LOC134695854",421.899229150403,0.954331478010774,0.223981185122843,1.09581601779109e-06,0.000498596288094947
"gene-LOC134695857|LOC134695857",7.83331799557194,0.0181770394627113,0.15414949022596,0.616024753275256,NA
"gene-LOC134695859|LOC134695859",17.8294693245977,0.182750749209022,0.242445744725276,0.058585814049366,0.287512816251511
"gene-LOC134695862|LOC134695862",9.23437010901712,-0.030079536806546,0.146708656006023,0.613943461711949,NA
"gene-LOC134695863|LOC134695863",22.5956860833291,0.00219088128039794,0.149552285427877,0.955842365230841,0.993195169444879
"gene-LOC134695868|LOC134695868",18.8165750157995,-6.15710974103606e-05,0.15423932755872,0.993197532653403,0.99821209892745
"gene-LOC134695869|LOC134695869",7.90125073384639,-0.0300267512989169,0.157148258015482,0.394781134114331,NA
"gene-LOC134695870|LOC134695870",56.2349985648018,0.308310368001427,0.271233085093668,0.0206424122911278,0.158615399631465
"gene-LOC134695874|LOC134695874",72.0197022049578,0.00182629658645256,0.110373277279775,0.982085485957106,0.995964714564617
"gene-LOC134695885|LOC134695885",73.5976666778064,0.0527756265290821,0.145404824705042,0.456059105322527,0.784737034279983
"gene-LOC134695888|LOC134695888",7.52073074920374,0.0229004346695001,0.158072305241505,0.310955217748358,NA
"gene-LOC134695890|LOC134695890",715.624286577406,0.0948647331127215,0.0988582320421787,0.226648825589015,0.57865852465011
"gene-LOC134695894|LOC134695894",29.1936090598863,-0.215863907324655,0.172656147313843,0.0433325323277011,0.241283418642881
"gene-LOC134695896|LOC134695896",69.4827594039284,0.0663316779537432,0.116616804526793,0.418551444466693,0.757924293679675
"gene-LOC134695897|LOC134695897",22.0013938488691,-0.0273191698875093,0.121930772900159,0.72662334425978,0.919270819558614
"gene-LOC134695898|LOC134695898",13.3310315330445,0.0126642342992611,0.126719800715399,0.866851911005283,0.96485176884565
"gene-LOC134695907|LOC134695907",17.2903593518257,0.0972459185277292,0.170409156196781,0.192348390643591,0.535931270708574
"gene-LOC134695915|LOC134695915",80.1192368952843,0.480962484178179,0.212371717055287,0.00163901763870101,0.0452988290113252
"gene-LOC134695922|LOC134695922",11.2091002947645,0.0736516899584904,0.16046728538452,0.275088962177113,NA
"gene-LOC134695924|LOC134695924",260.496456008782,-0.0470773883117828,0.165931573079963,0.0616203800844004,0.295120916369641
"gene-LOC134695936|LOC134695936",14.0798698690269,0.0475337615406236,0.139087158204369,0.519217525632107,0.818262156921454
"gene-LOC134695937|LOC134695937",43.1501168269484,-0.0368347844634277,0.117181613197022,0.64533151582808,0.887853510977293
"gene-LOC134695940|LOC134695940",25.141377769091,0.0223965794113774,0.120963972324251,0.774358481902957,0.932853633900032
"gene-LOC134695944|LOC134695944",31.4996741200362,0.116054730390402,0.126689770646219,0.183882718831956,0.525295157570623
"gene-LOC134695945|LOC134695945",163.929848797393,0.435619197524175,0.187566722831862,0.00164956800790356,0.0452988290113252
"gene-LOC134695946|LOC134695946",35.6701792650785,0.218725681993357,0.178048459626794,0.0431282883088534,0.240566722002974
"gene-LOC134695947|LOC134695947",27.4017646163963,-0.153938170542291,0.187263501426486,0.101822969948656,0.394381049825007
"gene-LOC134695948|LOC134695948",81.0624717040922,-0.854669924128467,0.215296215674965,3.84785123679752e-06,0.00122554061892001
"gene-LOC134695949|LOC134695949",21.4967173299359,-0.69374897409064,0.217901250285121,8.28923790791199e-05,0.00785660514595445
"gene-LOC134695950|LOC134695950",24.9649267444253,0.0950468086381611,0.173431009755793,0.180492634668946,0.521456743857906
"gene-LOC134695963|LOC134695963",9.4165746118257,0.00251910645453923,0.147111652752464,0.960124206399523,NA
"gene-LOC134695966|LOC134695966",15.5368701218993,-0.00720513003403694,0.149307741480664,0.878835713744395,0.971192723174453
"gene-LOC134695971|LOC134695971",61.0458777879793,0.258709527939509,0.231520837251293,0.0311405197351281,0.199964829347546
"gene-LOC134695995|LOC134695995",34.5495038795692,0.189370160306817,0.165047314538977,0.0630365260553385,0.297218853421544
"gene-LOC134696001|LOC134696001",30.8593897964032,-0.00206930917477884,0.121147268745558,0.999333253970939,0.999844121522816
"gene-LOC134696002|LOC134696002",16.9489390987894,0.00859564435036928,0.156746008456519,0.594773822052283,0.861266025567866
"gene-LOC134696003|LOC134696003",14.0483825871357,0.0402544348502838,0.140197992465377,0.571190711672348,0.848751066729252
"gene-LOC134696006|LOC134696006",62.2896772769317,0.0411727423049567,0.125480631453141,0.602209131657871,0.864369573830698
"gene-LOC134696015|LOC134696015",253.903256143973,0.058076952567448,0.0857616413527176,0.419700068774979,0.759251625748971
"gene-LOC134696016|LOC134696016",28.8047296020309,0.530331830554481,0.368930384665829,0.0059777432060359,0.0766161453167982
"gene-LOC134696017|LOC134696017",25.0317310064072,-0.120278363955155,0.130497151354694,0.174215796099046,0.513775287569872
"gene-LOC134696019|LOC134696019",8.76699740614437,0.22629492836927,0.258190732782367,0.0430819690638475,NA
"gene-LOC134696026|LOC134696026",22.395855726167,0.190119382627938,0.236754143874386,0.0567622160113072,0.282701576225197
"gene-LOC134696032|LOC134696032",17.1629411480291,-0.0631935903859996,0.168287223831746,0.166995493070454,0.503436484078935
"gene-LOC134696038|LOC134696038",56.8399259269226,0.0188845311578645,0.107800434928013,0.807545524441265,0.944489987490306
"gene-LOC134696039|LOC134696039",11.3872461075301,0.0114256605748395,0.154578401580778,0.715589821517374,0.917921047062424
"gene-LOC134696041|LOC134696041",14.8162838102147,-0.0130435503749682,0.154084537782722,0.697465260701943,0.910047871911385
"gene-LOC134696046|LOC134696046",31.9672205656135,0.0590068666601959,0.114940036744389,0.467743621507243,0.792037101176881
"gene-LOC134696050|LOC134696050",11.3570475733169,-0.0159043599210946,0.155178113794192,0.600268422962421,0.863909187532614
"gene-LOC134696051|LOC134696051",83.3785769711888,0.102101375806632,0.130501653944322,0.238450915029932,0.593395794877986
"gene-LOC134696055|LOC134696055",13.6368901677243,-0.00725028073252129,0.155245463047513,0.778435529789022,0.934005335233767
"gene-LOC134696057|LOC134696057",32.6210262669263,0.0600014107211847,0.155978687504407,0.341841964493561,0.696873143289187
"gene-LOC134696058|LOC134696058",8.80137271354933,0.0320094928862029,0.156100303968936,0.433121858391181,NA
"gene-LOC134696061|LOC134696061",18.7250942565763,0.0511231770543275,0.152814697283407,0.406843154250599,0.747097962708065
"gene-LOC134696068|LOC134696068",13.8039184860956,-0.103761365775208,0.163882343115857,0.198243098086657,0.54290994617885
"gene-LOC134696069|LOC134696069",21.3815820513234,0.0304487285980118,0.150326018809582,0.569671932278382,0.848447558712484
"gene-LOC134696070|LOC134696070",259.576676479012,0.100715363011015,0.0952631993415388,0.192200192145267,0.535931270708574
"gene-LOC134696071|LOC134696071",23.0900909679456,-0.0267426223566668,0.115214567298993,0.734452922193005,0.921921372263905
"gene-LOC134696077|LOC134696077",12.1609567205833,-0.000707084192777297,0.141492554536151,0.989684265138553,0.99704656962612
"gene-LOC134696078|LOC134696078",10.723401332246,0.00924585267007035,0.136181366919289,0.894199689331568,NA
"gene-LOC134696081|LOC134696081",23.1129418829839,-0.0348087099020296,0.13933786265535,0.617403862298124,0.872612070743077
"gene-LOC134696089|LOC134696089",34.2052640178969,-0.0682963553872275,0.126865907649623,0.40575022132932,0.747002575106292
"gene-LOC134696103|LOC134696103",17.7415658875413,-0.0219170829538184,0.13979687728676,0.740408929919477,0.922809345788751
"gene-LOC134696106|LOC134696106",7.08541201493168,0.0153556959831647,0.15607320003317,0.55984904075026,NA
"gene-LOC134696107|LOC134696107",21.5917537195687,0.0291516871569269,0.14687368350926,0.622842235359449,0.876022309392733
"gene-LOC134696109|LOC134696109",12.5732802178833,-0.00916819841816894,0.145416687337283,0.870414635148605,0.966453063604081
"gene-LOC134696113|LOC134696113",26.3628942306104,-0.00414259906282113,0.156746859490824,0.733453942848792,0.921921372263905
"gene-LOC134696131|LOC134696131",20.5229661370073,0.00130450442172865,0.137388255925556,0.986091228877595,0.99704656962612
"gene-LOC134696137|LOC134696137",552.04785097656,-0.00269295100738573,0.139487990411601,0.970058086236483,0.995073589829788
"gene-LOC134696143|LOC134696143",7.95594464991676,0.00108852378553434,0.156273100395529,0.943204576333275,NA
"gene-LOC134696145|LOC134696145",9.02138352671792,-0.00956205649323497,0.136311541254415,0.887779217618436,NA
"gene-LOC134696146|LOC134696146",12.1174604434641,-0.0319692872928266,0.16033503461699,0.173642470835915,0.512864895546003
"gene-LOC134696147|LOC134696147",1090.66078054824,0.260029511240441,0.106668470822356,0.00320074127253479,0.0644506893595178
"gene-LOC134696151|LOC134696151",30.0484936264989,0.0944265885192185,0.117249173198201,0.262467120804427,0.619687012425575
"gene-LOC134696159|LOC134696159",7.1297491773349,0.0153007050107543,0.152739603940858,0.703118725509502,NA
"gene-LOC134696162|LOC134696162",13.0754171272731,-0.0267696577479455,0.1453484758363,0.658730564504471,0.894421762750398
"gene-LOC134696168|LOC134696168",11.7234629738569,0.0357059129791703,0.157667735866945,0.369052015420081,0.717280093756408
"gene-LOC134696169|LOC134696169",8.71934674064154,-0.0260357462411092,0.152313247714593,0.574857134230494,NA
"gene-LOC134696172|LOC134696172",30.7790425771098,-0.00373460889397997,0.123252304081073,0.963057998490271,0.994069245097814
"gene-LOC134696175|LOC134696175",8.97468261039575,-0.00440241604378844,0.149181724781423,0.92530454615243,NA
"gene-LOC134696183|LOC134696183",14.2456192498183,0.0277080011682002,0.122917533933065,0.722561718858128,0.918664055811524
"gene-LOC134696190|LOC134696190",325.974058235177,-0.00538920710514137,0.113315477012724,0.953364255933004,0.993195169444879
"gene-LOC134696196|LOC134696196",12.1415116515955,-0.102939055957827,0.191711499371317,0.0932040392234157,0.372465326131216
"gene-LOC134696213|LOC134696213",22.8586353903438,-0.0576081570253552,0.155364525503075,0.355123215917498,0.708023438308125
"gene-LOC134696225|LOC134696225",46.855001316668,-0.00668067869776136,0.0964193063908239,0.920109524053976,0.98241663899159
"gene-LOC134696226|LOC134696226",10.9181438379297,0.0213326873358854,0.153662940114393,0.59600480103115,NA
"gene-LOC134696228|LOC134696228",18.4068866017958,0.0224912549124363,0.136479431141175,0.747667045160989,0.923580623736145
"gene-LOC134696232|LOC134696232",12.0131007088892,0.0252332203222051,0.147205963844495,0.657181234794913,0.893732806499487
"gene-LOC134696238|LOC134696238",70.2939421503349,0.000538414412147009,0.112632881841248,0.995289667267806,0.998818370730995
"gene-LOC134696244|LOC134696244",115.650519581303,0.115020349428624,0.222139886776294,0.00589167484643674,0.076280424332931
"gene-LOC134696254|LOC134696254",10.4644971743899,-0.0395700464633881,0.156084882078357,0.397906124252204,NA
"gene-LOC134696257|LOC134696257",175.279075348459,-0.108938363162374,0.165317067685883,0.180707458504006,0.521456743857906
"gene-LOC134696261|LOC134696261",298.232071387682,0.333378882335928,0.14447622809539,0.00282901696336524,0.0606762224129178
"gene-LOC134696267|LOC134696267",20.3023386509444,0.0193029245878834,0.156859480966265,0.448727722099862,0.781041759539082
"gene-LOC134696272|LOC134696272",11.6199461813926,0.0413998277770431,0.156159642734394,0.398088853571599,0.740603387047631
"gene-LOC134696273|LOC134696273",9.70974936310552,0.0651611729417704,0.169442414238493,0.158015290905908,NA
"gene-LOC134696282|LOC134696282",8.29915095957958,-0.0212813231732724,0.147031753179601,0.705669755391829,NA
"gene-LOC134696286|LOC134696286",45.3607036314331,0.00808811980419015,0.136936573230439,0.90707012424903,0.979801992959191
"gene-LOC134696293|LOC134696293",6.94245470747644,-0.00792191033373447,0.154830768025354,0.778461855233877,NA
"gene-LOC134696294|LOC134696294",147.264083881681,-0.00299372742084289,0.0909289115723616,0.973766964052777,0.995073589829788
"gene-LOC134696295|LOC134696295",26.889246931551,-0.0204536806692714,0.142338980221445,0.743807078672039,0.923056904566704
"gene-LOC134696296|LOC134696296",9.70851110282914,-0.008335968832983,0.155325042170556,0.757507419606323,NA
"gene-LOC134696304|LOC134696304",16.5364451392979,-0.173313328725972,0.169737877998343,0.0822490795330768,0.347201217114446
"gene-LOC134696313|LOC134696313",10.176083339939,0.00833003051064804,0.140932230451902,0.894210565808478,NA
"gene-LOC134696314|LOC134696314",1255.65449575107,0.0509431534441345,0.16319407728735,0.226400730423796,0.578488829843393
"gene-LOC134696328|LOC134696328",19.6773712893536,-0.0504389217613708,0.148632891255854,0.446103984270954,0.780253261890714
"gene-LOC134696330|LOC134696330",24.3832124651806,0.00758889590134211,0.150751307000049,0.864276030752468,0.963852569152898
"gene-LOC134696333|LOC134696333",11.3498017408932,-0.0232859340023342,0.157890134423464,0.334894365103768,0.690604436941082
"gene-LOC134696344|LOC134696344",52.6878043063846,-0.0532260345142356,0.146593322986336,0.44279127565146,0.778950683761336
"gene-LOC134696346|LOC134696346",612.605942131344,-0.000229274942839347,0.142597831775828,0.988719396371202,0.99704656962612
"gene-LOC134696347|LOC134696347",667.258324871449,-1.03210229119926,0.178864178514497,4.23475846781663e-10,1.3487705719996e-06
"gene-LOC134696349|LOC134696349",15.5958075340696,0.015924890869697,0.15401706882299,0.66056844034573,0.895090611572496
"gene-LOC134696369|LOC134696369",1506.34223052736,0.0496660809106478,0.082783727025722,0.481316908580897,0.797844258383848
"gene-LOC134696371|LOC134696371",18.959171822914,0.0463730663732603,0.155639567899701,0.384537011268808,0.732179278363182
"gene-LOC134696374|LOC134696374",222.732037968168,-0.0177425209225615,0.154048765610928,0.625034189732236,0.876782160007562
"gene-LOC134696375|LOC134696375",636.459086390532,-0.0641212065629289,0.168351142505788,0.170461517940489,0.508796613162854
"gene-LOC134696376|LOC134696376",33.7901990773489,-0.142473071490645,0.154247882295798,0.127547327601744,0.44004559757567
"gene-LOC134696380|LOC134696380",29.6304322000659,0.0282638893654347,0.135304661253864,0.695797180575967,0.909243887238666
"gene-LOC134696383|LOC134696383",7.45162935541302,0.0125067662944931,0.145806936743541,0.820799601647569,NA
"gene-LOC134696387|LOC134696387",96.6972015373163,0.064909673458942,0.174248643516797,0.0470541466371505,0.253154488242102
"gene-LOC134696390|LOC134696390",234.034006679714,-0.180602768794086,0.173459229974569,0.0727855140028665,0.323547609349797
"gene-LOC134696394|LOC134696394",47.8746521288933,0.0480647975082637,0.143847429774268,0.493942849702876,0.805016683723875
"gene-LOC134696397|LOC134696397",47.8761930746785,-0.0260873527176384,0.113573403709253,0.74271181053345,0.922809345788751
"gene-LOC134696398|LOC134696398",91.5801616289447,0.140629343252416,0.151009050825002,0.130131333263853,0.44399389013966
"gene-LOC134696399|LOC134696399",44.7795223484993,0.115922409986112,0.170772996639227,0.167685209154489,0.504992479825894
"gene-LOC134696401|LOC134696401",38.3880150294989,-0.126387860847517,0.173964364864998,0.145416353127223,0.470141860551312
"gene-LOC134696403|LOC134696403",28.0868880150377,-0.0853563698916888,0.166052668015077,0.227556965741859,0.579351667376356
"gene-LOC134696420|LOC134696420",11.8575487631963,0.0722180399952895,0.156737803309551,0.301259206864386,0.661330506194431
"gene-LOC134696421|LOC134696421",11.7581312649611,-0.000425607971278419,0.148370077489323,0.991311864929397,0.997554712787997
"gene-LOC134696426|LOC134696426",17.3555020144806,-0.0622507328460563,0.146539667233036,0.39372783217773,0.737556162394337
"gene-LOC134696427|LOC134696427",12.8824351488867,0.0768071774636805,0.169186244399253,0.200120293645715,0.545880451664923
"gene-LOC134696433|LOC134696433",60.3848693291375,0.100388457809883,0.141576322759778,0.243630084229377,0.599893172223089
"gene-LOC134696439|LOC134696439",19.0968199450084,-0.00202926100759944,0.150052516225956,0.961903831054402,0.99405051976258
"gene-LOC134696440|LOC134696440",354.513615061498,0.156590345536441,0.214001329190859,0.0795732192394259,0.341116932147405
"gene-LOC134696445|LOC134696445",70.0299404703698,-0.195267587772751,0.144870048058136,0.0477715722538844,0.255412432482241
"gene-LOC134696459|LOC134696459",26.90928040841,0.00920124698488636,0.134159970403139,0.896560043902416,0.975254009504506
"gene-LOC134696460|LOC134696460",22.8938125517379,-0.0229440039006156,0.135390009514434,0.744357449842474,0.92320034180229
"gene-LOC134696461|LOC134696461",8.30354625939247,0.0236151820023947,0.141236145111829,0.717195094654658,NA
"gene-LOC134696466|LOC134696466",30.4321047753427,-0.0802228181381237,0.127393034865325,0.337528470306464,0.69311939260225
"gene-LOC134696476|LOC134696476",36.3976624511332,-0.489616467391214,0.249471717769583,0.00293795719693272,0.0623826244815381
"gene-LOC134696481|LOC134696481",12.5620272239372,0.0102409708212974,0.152934078214991,0.78386082306647,0.937103808252
"gene-LOC134696483|LOC134696483",18.2024341591937,-0.0184254386117505,0.146706585929879,0.739101290838544,0.922644850023034
"gene-LOC134696497|LOC134696497",46.4056044391964,0.00589577835221859,0.145531833123174,0.918099608338621,0.982131130710269
"gene-LOC134696498|LOC134696498",30.1895294974605,-0.081812997205064,0.17292749085486,0.172663651530362,0.511566260580655
"gene-LOC134696499|LOC134696499",19.046914819568,0.0293122317599522,0.116640207907237,0.708709785826134,0.915344958579171
"gene-LOC134696508|LOC134696508",20.8580324111446,0.035445161284816,0.158218089239819,0.347529175273161,0.701688133468584
"gene-LOC134696510|LOC134696510",365.589738650264,0.0496358604370818,0.161362339765619,0.270000801004844,0.627915352140683
"gene-LOC134696519|LOC134696519",43.9162876063572,-0.0293915416118989,0.15493625821725,0.483516372361698,0.797844258383848
"gene-LOC134696527|LOC134696527",55.2393281406645,-0.00885498108567619,0.0927564308910774,0.905227461841118,0.979164362697898
"gene-LOC134696529|LOC134696529",33.9039762474204,0.232428302992722,0.175051045125699,0.0337099009175436,0.208275527492486
"gene-LOC134696535|LOC134696535",78.9167231980496,-0.0249941750003825,0.134979445769262,0.723953506562025,0.919175680236973
"gene-LOC134696538|LOC134696538",15.9465159779175,-0.0226224861340358,0.130002704116442,0.760952037378924,0.928686892939909
"gene-LOC134696539|LOC134696539",63.794590669334,0.00264733372107899,0.125043866872561,0.973370395920314,0.995073589829788
"gene-LOC134696546|LOC134696546",109.132613161769,-0.0200940106983128,0.158490095675437,0.178855123759825,0.51999412978096
"gene-LOC134696548|LOC134696548",22.0338675892917,0.0155494880285659,0.1220118310116,0.839879426042463,0.953552212922377
"gene-LOC134696549|LOC134696549",32.6496836352309,0.0465552338617226,0.126142384824264,0.558898913187554,0.843645989811546
"gene-LOC134696566|LOC134696566",29.8245209140177,-0.233324897951383,0.159263893415075,0.0290804013831913,0.19192604962394
"gene-LOC134696567|LOC134696567",34.3640863048789,0.00109565271316095,0.15062533901467,0.968905357956498,0.995073589829788
"gene-LOC134696570|LOC134696570",60.0542485647833,0.0239534624462711,0.147724354791087,0.668211486530985,0.900657462802026
"gene-LOC134696574|LOC134696574",19.0259910792728,0.0119957749333702,0.153979006579351,0.727865231556025,0.919561822059372
"gene-LOC134696602|LOC134696602",25.4881190189411,0.00642070957953423,0.134886334641728,0.916519148042932,0.98134698001751
"gene-LOC134696606|LOC134696606",18.1570195541036,0.00630198636079276,0.147774079701811,0.903613203290835,0.978481247369403
"gene-LOC134696607|LOC134696607",20.8987281175116,-0.0624812811696965,0.126846119894208,0.449785004155115,0.781497079559077
"gene-LOC134696614|LOC134696614",29.5130852684463,0.280564773771053,0.161833931566387,0.0128236237165179,0.11603193618497
"gene-LOC134696622|LOC134696622",311.008394878073,0.746441703519637,0.184036886127187,2.96516823483581e-06,0.00104899317316046
"gene-LOC134696627|LOC134696627",8.77741701562802,-0.0199675786266319,0.148929225829954,0.699291010600982,NA
"gene-LOC134696640|LOC134696640",17.273862206433,-0.130007686964055,0.162773640440687,0.149657708956958,0.477136939967878
"gene-LOC134696653|LOC134696653",65.7576900813739,0.153806527433895,0.127770524119342,0.0911246384175851,0.368548537600011
"gene-LOC134696665|LOC134696665",75.6859096419261,0.140926606216568,0.119032898733855,0.108145982254356,0.409079517197296
"gene-LOC134696666|LOC134696666",13.1999686326253,0.000711638549511199,0.155222525857087,0.971982333258883,0.995073589829788
"gene-LOC134696668|LOC134696668",21.7448017925486,-0.020923008270889,0.156838246274361,0.439109397007331,0.776703997507386
"gene-LOC134696669|LOC134696669",8.56468302176027,-0.00231158822028317,0.15391594725024,0.936562537535083,NA
"gene-LOC134696670|LOC134696670",14.126274154137,0.0160645350977152,0.150095814929579,0.737995146037477,0.922644850023034
"gene-LOC134696677|LOC134696677",11.740084038032,-0.0333008470391425,0.15274586836297,0.505229053890718,0.80864122590441
"gene-LOC134696700|LOC134696700",28.545873068408,0.123343177891691,0.158449536906385,0.166857009129213,0.503436484078935
"gene-LOC134696706|LOC134696706",100.175396063783,-0.175787530966549,0.127185326973811,0.0573273127980342,0.283961883766312
"gene-LOC134696709|LOC134696709",78.1064276247803,-0.0206075180503859,0.119377641306025,0.792673440220167,0.93946448995995
"gene-LOC134696710|LOC134696710",27.1952860798482,0.0175530117733689,0.154152411246739,0.628462513953172,0.878733733018258
"gene-LOC134696716|LOC134696716",11.1268489564412,0.00350013134188662,0.153541840104331,0.917741673688659,NA
"gene-LOC134696732|LOC134696732",42.8836157162379,0.112608479889398,0.111366766955796,0.177597816567756,0.519247734701624
"gene-LOC134696733|LOC134696733",15.8643477447653,0.273863602499594,0.223141302074871,0.0256665958770703,0.178684388783538
"gene-LOC134696737|LOC134696737",58.6334273687547,0.429503433008651,0.301108263381348,0.00871774974687957,0.0930185358251639
"gene-LOC134696741|LOC134696741",9.25440128079761,-0.0519199479415818,0.147332300764217,0.446809616483152,NA
"gene-LOC134696745|LOC134696745",12.5274374149694,-0.0218689166713347,0.133914172554458,0.762016430669031,0.929269574810241
"gene-LOC134696746|LOC134696746",62.2661111248208,-0.00228425564022296,0.136090943792794,0.968145763070034,0.995073589829788
"gene-LOC134696752|LOC134696752",38.2685300281647,0.177557681580084,0.217213988660921,0.420092741300126,0.759390803040075
"gene-LOC134696763|LOC134696763",17.0432332338826,0.0595905116047062,0.161818906031784,0.273750668823685,0.63212283160593
"gene-LOC134696767|LOC134696767",9.45181702961301,0.0265239499473134,0.156961047057993,0.414851159749486,NA
"gene-LOC134696768|LOC134696768",31.5954685747538,0.588817970784027,0.248878332931047,0.000980121814428215,0.0333598919724636
"gene-LOC134696773|LOC134696773",11.8380504065218,-0.0238708094726767,0.156637806984992,0.44137372253143,0.777530589747015
"gene-LOC134696776|LOC134696776",11.0071774774184,0.0375403234288851,0.154232233442066,0.451432335556613,NA
"gene-LOC134696779|LOC134696779",7.81739654736509,0.0187437089776002,0.156185651924278,0.509704292922132,NA
"gene-LOC134696787|LOC134696787",33.3024159109185,0.0163805782278378,0.141838282684681,0.795711703931825,0.940246293623274
"gene-LOC134696790|LOC134696790",9.21637375997952,0.0574500673048712,0.168330290054805,0.118960206120369,NA
"gene-LOC134696802|LOC134696802",119.840703946428,0.130821069704665,0.108092250457187,0.116518194925508,0.422677051068045
"gene-LOC134696803|LOC134696803",12.0132084584829,0.0475141249859027,0.157018794987329,0.363291601764058,0.712857211332275
"gene-LOC134696820|LOC134696820",16.4342122352749,-0.0077828814196886,0.153854595521322,0.810470144869465,0.944730052361585
"gene-LOC134696838|LOC134696838",29.0568155959491,0.0255380162878523,0.108504463216532,0.747211440024477,0.923580623736145
"gene-LOC134696846|LOC134696846",32.3608335363937,0.0697224713406649,0.127285437174164,0.397352734334359,0.739882174133255
"gene-LOC134696857|LOC134696857",47.1750543957254,0.229251405529605,0.227843334020065,0.0425925173783114,0.239254264285576
"gene-LOC134696861|LOC134696861",17.5644906923184,-0.0929358907185921,0.162829369229976,0.223581404977256,0.57613816735644
"gene-LOC134696869|LOC134696869",1566.29644793987,0.00132175722153912,0.149643083981396,0.981884549072606,0.995964714564617
"gene-LOC134696872|LOC134696872",19.3636186564241,0.0616379382160854,0.122725108605843,0.450541084743559,0.781575901366141
"gene-LOC134696875|LOC134696875",32.0736850168833,0.0846018839249756,0.109344699363692,0.29991699331539,0.661248784615699
"gene-LOC134696885|LOC134696885",44.4987103804385,0.000225082699625512,0.127371875020962,0.998855641717279,0.999844121522816
"gene-LOC134696895|LOC134696895",11.8708591211285,0.00490329616702736,0.154041694810324,0.877086697214699,0.97030952783217
"gene-LOC134696896|LOC134696896",18.9988565808885,0.149685080563209,0.165713031251636,0.114583934947803,0.418760565471892
"gene-LOC134696905|LOC134696905",131.271652005897,0.00978596294378128,0.0890861754713242,0.895938473876271,0.975254009504506
"gene-LOC134696906|LOC134696906",46.5491143116579,0.0984286953230524,0.120343734926234,0.248500126353285,0.605333003774541
"gene-LOC134696920|LOC134696920",361.482967449602,-0.0186128390156302,0.156139411189742,0.516534913300913,0.815851078037891
"gene-LOC134696927|LOC134696927",30.0938672537604,0.0641011397864213,0.139091153252196,0.412254615340054,0.751591843078461
"gene-LOC134696942|LOC134696942",1638.51404124109,-0.00758461897662565,0.155281945752838,0.761008838200746,0.928686892939909
"gene-LOC134696948|LOC134696948",8.4131915789986,0.250243144651821,0.328853973453949,0.0311781827219951,NA
"gene-LOC134696961|LOC134696961",10.9240482662268,0.0114101738383436,0.138710477106355,0.863157194522239,NA
"gene-LOC134696962",5.92749381921147,-4.54276462799168e-05,0.155980143449993,0.996511783328267,NA
"gene-LOC134696966|LOC134696966",55.4535876021863,-0.0095592715429698,0.155210239969972,0.719924021425915,0.918664055811524
"gene-LOC134696967|LOC134696967",54.8585839114152,-0.00814148764645943,0.117903381286577,0.9160619065028,0.98134698001751
"gene-LOC134696971|LOC134696971",75.4412699283836,0.00834356548069449,0.152174681161293,0.835728826784372,0.952230857839897
"gene-LOC134696981|LOC134696981",11.0247272705755,0.0319161725139925,0.152316464943749,0.524627588414288,NA
"gene-LOC134696987|LOC134696987",180.447885578938,0.0898576190722973,0.0779578938248421,0.183303318130322,0.525295157570623
"gene-LOC134696989|LOC134696989",9.58222304097037,0.0101744799474365,0.154261987994006,0.748741623942626,NA
"gene-LOC134697001|LOC134697001",3895.8665623313,0.0297812232870775,0.142390233258867,0.651117766005861,0.890489463801211
"gene-LOC134697002|LOC134697002",2284.88453803968,0.0331000776607566,0.144806924589193,0.620923369409633,0.875255999809552
"gene-LOC134697009|LOC134697009",30.7337904354168,-0.105355238472977,0.123607187729823,0.219753449797341,0.572963289898518
"gene-LOC134697014|LOC134697014",134.827223316517,-0.280766254333469,0.205731091200052,0.0210259597703553,0.160227331539391
"gene-LOC134697017|LOC134697017",17.4984885416483,-0.311820316083428,0.599702813209347,0.0154616400034559,0.132024995739965
"gene-LOC134697034|LOC134697034",1325.67161851819,0.0848639386982485,0.1371347200246,0.306110616623571,0.66555505898304
"gene-LOC134697039|LOC134697039",11.0169760713662,-0.00126640636000372,0.156341148396415,0.925013389357209,NA
"gene-LOC134697042|LOC134697042",115.438825362875,0.0421542816327667,0.0845144073939651,0.556123301086614,0.84222969086445
"gene-LOC134697043|LOC134697043",45.465462148967,0.531542691641184,0.201454677214858,0.000571840301525583,0.025295991116097
"gene-LOC134697050|LOC134697050",24.3677984179873,0.018552032790977,0.147166250845902,0.736883111548166,0.921921372263905
"gene-LOC134697053|LOC134697053",972.757076251673,0.058540151737133,0.0827344789320306,0.4210861634902,0.760174939828326
"gene-LOC134697055|LOC134697055",149.325857803871,0.31846446545539,0.117331492148377,0.0010290570861578,0.0341193303733883
"gene-LOC134697058|LOC134697058",9.00932838965884,0.0176507792544497,0.155015958765823,0.593726380182342,NA
"gene-LOC134697061|LOC134697061",16.363356532808,0.0734227296148036,0.159379940497866,0.283904440367719,0.643932436486161
"gene-LOC134697064|LOC134697064",35.9953138169431,0.11169604264386,0.179808673598788,0.150000265195155,0.477248103228442
"gene-LOC134697067|LOC134697067",8.44442520911188,-0.0465923993362605,0.160143614992068,0.291718845819808,NA
"gene-LOC134697070|LOC134697070",13.7211957791211,-0.0612928936507379,0.150429298574358,0.377130460514549,0.724463520349119
"gene-LOC134697076|LOC134697076",13.2980106131724,0.220007836950549,0.221978569518883,0.0471487698478589,0.25323580432619
"gene-LOC134697077|LOC134697077",21.3329644787447,0.204146436321431,0.156124654561527,0.0464436941294828,0.251570009868032
"gene-LOC134697084|LOC134697084",213.011609719742,0.0842592669452672,0.108906152926027,0.299324408625305,0.661248784615699
"gene-LOC134697086|LOC134697086",17.4116830634744,-0.304447137005008,0.254487993720523,0.0205860715163791,0.158373521206926
"gene-LOC134697090|LOC134697090",38.0036342891823,0.0359263059608591,0.116895788096467,0.651441271791781,0.890489463801211
"gene-LOC134697091|LOC134697091",9.92171149110349,0.00776879857263224,0.150255923175313,0.864833454396609,NA
"gene-LOC134697093|LOC134697093",6.71229519138954,-0.0103715271093924,0.151891848074862,0.790350439778797,NA
"gene-LOC134697101|LOC134697101",37.4745640715522,0.163451703588015,0.188057085909471,0.0915896837933543,0.369519859837125
"gene-LOC134697105|LOC134697105",10.8393006978468,0.160127156900677,0.219766558089147,0.0757926592139977,NA
"gene-LOC134697107|LOC134697107",9.73763793541579,0.0194116040083145,0.153909646065202,0.613792186734669,NA
"gene-LOC134697115|LOC134697115",7.97941227685072,0.0171922207167753,0.152769770510284,0.674206694716478,NA
"gene-LOC134697116|LOC134697116",960.602603458912,-0.00954077205912092,0.14893460543576,0.817120269795531,0.946574899510975
"gene-LOC134697119|LOC134697119",7.13160031605081,0.0293333509020846,0.158318106597325,0.326043426807288,NA
"gene-LOC134697121|LOC134697121",8.95272408621775,-0.00697886072036396,0.154979488397477,0.796538502446104,NA
"gene-LOC134697125|LOC134697125",37.2387391996349,0.026050315520202,0.127768560380347,0.732490739905141,0.921581278529676
"gene-LOC134697128|LOC134697128",8.87705477503483,0.00943851310946953,0.15488607680272,0.744984706576758,NA
"gene-LOC134697131|LOC134697131",39.2316407804877,0.124561693490993,0.137557067660347,0.165200218983466,0.500934983306775
"gene-LOC134697132|LOC134697132",14.7737543718747,-0.0338542711009427,0.136439162214308,0.637529075428094,0.884031080141884
"gene-LOC134697135|LOC134697135",33.6915301780429,0.0309168552777903,0.159001732299903,0.284685944402839,0.644209401721521
"gene-LOC134697136|LOC134697136",77.5347088359977,0.15543918519172,0.123159278764797,0.0858696066075926,0.355186787533114
"gene-LOC134697139|LOC134697139",13.4929774310555,-0.0238446297473534,0.129918712511853,0.749158725721297,0.923580623736145
"gene-LOC134697144|LOC134697144",16.6464660525853,0.0981232274432302,0.174750095440468,0.172995888148788,0.511836417792745
"gene-LOC134697153|LOC134697153",63.8063430063494,0.179415497011183,0.155954096835498,0.071162176782613,0.318778527500172
"gene-LOC134697155|LOC134697155",17.1039797530811,0.0272254927762116,0.155741056808659,0.473525459655323,0.795503607539599
"gene-LOC134697157|LOC134697157",45.500242626307,-0.0428556405777861,0.115199817987767,0.591278041590729,0.859636210905492
"gene-LOC134697158|LOC134697158",27.1641067794659,-0.029413269356315,0.143630664480615,0.643376543754287,0.887079780024851
"gene-LOC134697162|LOC134697162",92.2493024637631,-0.0274027978602209,0.114249463222073,0.728655176804332,0.91996876903198
"gene-LOC134697166|LOC134697166",8.35214809430146,0.108600714649419,0.19465252074514,0.0924068074460287,NA
"gene-LOC134697167|LOC134697167",6.42539241236919,-0.00952596398661949,0.156248332039368,0.642424069189939,NA
"gene-LOC134697168|LOC134697168",38.2279205901037,-0.0171081390394956,0.13009550545971,0.815604741073808,0.946574899510975
"gene-LOC134697172|LOC134697172",44.2565170540436,0.0088657652044007,0.131423507017206,0.900865767411277,0.977155336914768
"gene-LOC134697177|LOC134697177",92.2297634571892,0.19599874371458,0.139093011157016,0.0448456115166665,0.245763541263868
"gene-LOC134697178|LOC134697178",23.9238548624269,-0.0797517605235197,0.151447050767285,0.300813085525089,0.661330506194431
"gene-LOC134697180|LOC134697180",29.3789878005949,0.0237739657087855,0.121016053096713,0.762771504155542,0.929642335526564
"gene-LOC134697182|LOC134697182",12.4123070624427,0.00984563395751366,0.132770454586554,0.891799571883953,0.975070935959626
"gene-LOC134697183|LOC134697183",169.582976619945,-0.0821385683543563,0.147747799226235,0.301768384234997,0.661330506194431
"gene-LOC134697184|LOC134697184",590.451083199052,-0.0191893147245071,0.158265971914279,0.212277296851224,0.562715930479525
"gene-LOC134697186|LOC134697186",826.206871944909,0.32318162595142,0.132247631163405,0.002142209329528,0.0526867699964995
"gene-LOC134697187|LOC134697187",7.10869989235014,-0.171120345573061,0.351635861548116,0.000399985010484137,NA
"gene-LOC134697189|LOC134697189",96.065892692407,0.156441440302081,0.173540613350797,0.105504484852414,0.403157509604006
"gene-LOC134697193|LOC134697193",18.9363385586259,0.0464900639301942,0.130878320236612,0.548659191840054,0.836442377350525
"gene-LOC134697195|LOC134697195",12.7020210058989,-0.00592649804179777,0.150558010679474,0.861546447525863,0.962647056786484
"gene-LOC134697198|LOC134697198",11.5802167125757,-0.0141022755602397,0.153653976994691,0.694648450463055,0.908701326010378
"gene-LOC134697202|LOC134697202",41.7088044619121,-0.247011865616292,0.154443335782708,0.0210039738996647,0.160227331539391
"gene-LOC134697203|LOC134697203",35.1893289100818,-0.0898390631909971,0.156751019262869,0.252217346424457,0.608109196337545
"gene-LOC134697206|LOC134697206",524.00475319454,-0.0166522989985351,0.124337906207724,0.78864640096457,0.938654255258653
"gene-LOC134697210|LOC134697210",45.9406921420496,-0.103669352952434,0.152120673424954,0.221438844083274,0.574651686032046
"gene-LOC134697216|LOC134697216",13.5587662048527,-0.0185218856162141,0.13346826565001,0.795053440682048,0.940131876210256
"gene-LOC134697218|LOC134697218",130.843982475313,0.232473965220296,0.25726516846185,0.0399028044220311,0.232553398141206
"gene-LOC134697219|LOC134697219",710.60683612532,-0.0178201831030453,0.14746976094476,0.75460252051231,0.92670484975196
"gene-LOC134697223|LOC134697223",19.2458026500502,-0.0129625504662903,0.137305136486164,0.846107194165596,0.956299295038121
"gene-LOC134697229|LOC134697229",12.3079308343763,-0.0395599666138939,0.156684070883551,0.392558629717954,0.737449266345543
"gene-LOC134697230|LOC134697230",43.0061657011728,0.108818379530996,0.112284930387267,0.193660880535487,0.537524971246646
"gene-LOC134697241|LOC134697241",13.3081729041233,0.393541678876231,0.358315392827416,0.0133864826375858,0.119595924826678
"gene-LOC134697248|LOC134697248",28.2990724292449,-0.205411353391184,0.580226850743388,0.501042954428364,0.80632202571024
"gene-LOC134697254|LOC134697254",10.8533981260143,-0.00981950534794037,0.150578801433705,0.822647856270895,NA
"gene-LOC134697259|LOC134697259",61.9141144191657,-0.0685455321947612,0.0982322536502298,0.377554712423738,0.724868966865508
"gene-LOC134697261|LOC134697261",8.36424157660485,0.00154807874890409,0.144497990678068,0.978607624811692,NA
"gene-LOC134697262|LOC134697262",40.4887514448589,0.178782138250636,0.154417141654687,0.0714896597371145,0.319840046427909
"gene-LOC134697272|LOC134697272",14.068079685406,0.0209460817234272,0.146072922245515,0.717309050834539,0.918443950515781
"gene-LOC134697275|LOC134697275",8.31780746492094,-0.0427988963853125,0.158181667882381,0.344240929572275,NA
"gene-LOC134697278|LOC134697278",10.2266166765877,-0.0222074762680506,0.147273299554935,0.686543447950915,NA
"gene-LOC134697281|LOC134697281",31.884695264968,0.0961701415086652,0.177681700651256,0.157734556990612,0.489546521642846
"gene-LOC134697283|LOC134697283",7.13390235495811,-0.0324192640939641,0.154997657267944,0.461559805983233,NA
"gene-LOC134697285|LOC134697285",95.9177406948194,0.178098577217312,0.225329998089525,0.0670831622850377,0.309064939258156
"gene-LOC134697286|LOC134697286",9.83878814627244,-0.018925735605901,0.152667449228907,0.651189748321327,NA
"gene-LOC134697294|LOC134697294",81.3111533779078,0.360046039846577,0.14576517564111,0.00160680402541486,0.0450139489206665
"gene-LOC134697296|LOC134697296",29.4694337418885,-0.0713722073014922,0.17399862381989,0.109407476130673,0.411586288907087
"gene-LOC134697300|LOC134697300",25.4999719071916,0.0900267567566197,0.193413530075599,0.0152650618175433,0.130696833034611
"gene-LOC134697301|LOC134697301",11.075725585974,-0.0864792698275065,0.176886557560906,0.147358457183934,NA
"gene-LOC134697302|LOC134697302",43.3617306780192,0.18566353542991,0.149649986477163,0.0620179474650387,0.295120916369641
"gene-LOC134697303|LOC134697303",377.747832613514,0.0968814290930014,0.0954559433584822,0.211061204631038,0.561595602965628
"gene-LOC134697304|LOC134697304",9.97982522855234,0.112625123508174,0.203212174586098,0.0658068087285599,NA
"gene-LOC134697306|LOC134697306",440.887336753279,0.00285046109460721,0.154645315365857,0.916243476046977,0.98134698001751
"gene-LOC134697316|LOC134697316",15.050160479145,0.0118666974493546,0.131577767688784,0.871305901995603,0.966768610993205
"gene-LOC134697320|LOC134697320",299.778973106618,0.0541963119433849,0.110497873974976,0.497355389491309,0.80632202571024
"gene-LOC134697321|LOC134697321",20.0658568788731,0.00596546798847049,0.153923316242741,0.853931645090965,0.958847978006249
"gene-LOC134697322|LOC134697322",20.2566905058481,-0.101968237106247,0.141644145990586,0.234569630338734,0.588734651401786
"gene-LOC134697323|LOC134697323",588.957162856732,-0.0209444350262979,0.158217413842262,0.260537400774743,0.618109215245852
"gene-LOC134697341|LOC134697341",11.6626820990393,0.0573941970132618,0.139129350065346,0.446598866779534,0.780690115638208
"gene-LOC134697342|LOC134697342",198.351826878421,0.0194543277556486,0.156470221105003,0.48556017970914,0.799263377177442
"gene-LOC134697348|LOC134697348",13.4249720567115,-0.0241623181986166,0.152498521439593,0.593448731397935,0.860497723519775
"gene-LOC134697352|LOC134697352",105.777357762471,0.297538913313249,0.137256585854751,0.00476069723642476,0.0719724690065384
"gene-LOC134697354|LOC134697354",15.57007639764,0.0640402163447008,0.152063202645948,0.359334678330207,0.710416480745941
"gene-LOC134697356|LOC134697356",17.7224995434383,0.0985485617874827,0.171470525409236,0.185178734843403,0.526635682978126
"gene-LOC134697359|LOC134697359",14.7697089976983,-0.041315336558389,0.153375002562567,0.445513148184256,0.780078735931532
"gene-LOC134697360|LOC134697360",24.4258886509076,0.0204463429613979,0.138743731769226,0.76256419357699,0.929642335526564
"gene-LOC134697361|LOC134697361",10.2566368837283,-0.00157648861116268,0.155411528726042,0.939437684195372,NA
"gene-LOC134697364|LOC134697364",9.52951418298559,-0.0101570720564555,0.155116222635856,0.717238839649073,NA
"gene-LOC134697371|LOC134697371",11.0173576850421,0.0289378689697813,0.15681089322304,0.417337392462661,NA
"gene-LOC134697372|LOC134697372",10.6717786270457,0.042094323931933,0.159760711999117,0.297610242587506,NA
"gene-LOC134697373|LOC134697373",21.0771056852432,0.055244522678592,0.124161623757117,0.49490501416778,0.805247749744256
"gene-LOC134697375|LOC134697375",8.74934024199424,0.00650997326888636,0.152372008234873,0.866018148629368,NA
"gene-LOC134697376|LOC134697376",31.9859750730312,0.0194468538538803,0.12152327284716,0.803249537755324,0.942996600719022
"gene-LOC134697382|LOC134697382",16.2048523675664,-0.0307131357461068,0.159306001191838,0.243907135166578,0.600111414063771
"gene-LOC134697387|LOC134697387",147.536067947123,0.141784809642458,0.087123282342083,0.0547816341702886,0.277492441319647
"gene-LOC134697391|LOC134697391",8.79716990328701,0.0146839709494737,0.151308556319443,0.739988864972357,NA
"gene-LOC134697393|LOC134697393",11.1596758830369,0.0740727304638669,0.177845250614944,0.0706877911261532,NA
"gene-LOC134697394|LOC134697394",37.8778541041049,0.0520344466234596,0.12298818019369,0.515717864110807,0.814762597813949
"gene-LOC134697395|LOC134697395",234.150029349175,0.080071113918098,0.113618318288814,0.335437297375785,0.690903694851549
"gene-LOC134697396|LOC134697396",16.7165868113385,0.00382905485356912,0.151391626666948,0.927898034158268,0.984561375999598
"gene-LOC134697400|LOC134697400",9.36216359832926,-0.0492931613765375,0.157990080051606,0.341301351967037,NA
"gene-LOC134697401|LOC134697401",17.7838370312658,0.00311859004423342,0.138337374318004,0.962330191781758,0.994069245097814
"gene-LOC134697412|LOC134697412",384.413525366063,0.270865436386814,0.18329042579409,0.0202375245079195,0.157019526328194
"gene-LOC134697423|LOC134697423",31.7227228447545,0.0889958018560471,0.147716339745455,0.27784272304513,0.636604483317578
"gene-LOC134697432|LOC134697432",16.3977786421686,0.0410414689044549,0.157196883107018,0.371858760898912,0.719981856208531
"gene-LOC134697434|LOC134697434",50.2066848790919,0.37678284092261,0.141411509188681,0.000921730033746767,0.0317374071079292
"gene-LOC134697435|LOC134697435",9.44463421935071,-0.0610369386810383,0.165035600314573,0.221319580414675,NA
"gene-LOC134697440|LOC134697440",379.197337111739,0.0174881281050379,0.136810705963904,0.800989586362133,0.941653028009072
"gene-LOC134697442|LOC134697442",8.95055431947081,0.0208386756120043,0.15227876887357,0.638137559243245,NA
"gene-LOC134697448|LOC134697448",38.3962456419629,-0.112250103425607,0.190386063068424,0.114831666949184,0.41918493894917
"gene-LOC134697452|LOC134697452",17.326424848553,0.0933648440134905,0.151443650415229,0.254231498761999,0.61027215997359
"gene-LOC134697453|LOC134697453",12.7324596339415,-0.0415566932822603,0.141671363009966,0.549968585003744,0.837308768277688
"gene-LOC134697458|LOC134697458",98.4690043004656,-0.0283649730729394,0.159222149952761,0.231418068391654,0.584973450656681
"gene-LOC134697461|LOC134697461",21.8862172853294,-0.0120952345421899,0.150890723677351,0.781726550304843,0.935838775689128
"gene-LOC134697473|LOC134697473",20.7874122322339,0.0823113327953308,0.15648376891987,0.275007240231397,0.63310304310589
"gene-LOC134697478|LOC134697478",733.106073452469,0.166842223030631,0.0804625272907661,0.0180100743951426,0.147271083308162
"gene-LOC134697483|LOC134697483",10.3545410769912,-0.0846837917270373,0.163160826395328,0.239879684166464,NA
"gene-LOC134697522|LOC134697522",13.874625768577,-0.0382954079989364,0.13773975024335,0.593736149277893,0.860545909192304
"gene-LOC134697524|LOC134697524",11.3990041490046,0.0254064322206914,0.138544841656664,0.712675278884912,0.916378992026017
"gene-LOC134697554|LOC134697554",30.4836903699729,0.00180699241324487,0.156266582075227,0.92403098627535,0.983116205832622
"gene-LOC134697571|LOC134697571",63.7202220217957,-0.0483952696277896,0.150482788311589,0.440856507314501,0.777479499333713
"gene-LOC134697585|LOC134697585",71.7689787954665,-0.00945962228423261,0.152572029439583,0.800595188416999,0.941653028009072
"gene-LOC134697590|LOC134697590",11.2962321692269,0.0354513825707394,0.157983366807011,0.358047990333574,0.709685666141597
"gene-LOC134697629|LOC134697629",20.8992442292724,-0.125263044309034,0.180563948774523,0.138153542127908,0.457184128009174
"gene-LOC134697631|LOC134697631",73.6730948252899,-0.117347399392429,0.173022182124717,0.159820860066006,0.493240678423861
"gene-LOC134697661|LOC134697661",11.1605621334975,0.0236292964494784,0.15182670306185,0.614998668766151,NA
"gene-LOC134697678|LOC134697678",9.09871729292676,0.0112266605632141,0.145782008831165,0.841543786348775,NA
"gene-LOC134697688|LOC134697688",56.4273716812741,-0.0937613563270836,0.139850183005977,0.267466383105768,0.624088227246792
"gene-LOC134697700|LOC134697700",6.03200463683666,0.011969087211705,0.156564863488361,0.55698993086102,NA
"gene-LOC134697715|LOC134697715",88.2964034505291,0.0758546020074629,0.109313353477508,0.351413468265299,0.704311293818361
"gene-LOC134697720|LOC134697720",10.0740193741944,-0.0107507196532577,0.15704397854484,0.477892360419214,NA
"gene-LOC134697758|LOC134697758",5.9810331304267,-0.00534976978419785,0.15630945424232,0.763090119127017,NA
"gene-LOC134697777|LOC134697777",17.0533863498468,0.15111281849844,0.204461919877344,0.0922537244438936,0.370527253913999
"gene-LOC134697791|LOC134697791",10.4387272487253,0.0189084604368086,0.155310065702218,0.565700422367129,NA
"gene-LOC134697792|LOC134697792",29.4273802406614,0.0326718412932065,0.152817238024391,0.507913623618462,0.809857365041912
"gene-LOC134697807|LOC134697807",25.4716622452512,0.00951718018673273,0.122799498020585,0.89634171441687,0.975254009504506
"gene-LOC134697822|LOC134697822",40.938965929514,-0.0110053271678956,0.145476256748541,0.8504929984463,0.95767690238846
"gene-LOC134697826|LOC134697826",19.8175719272984,0.0394502347290455,0.152845339854459,0.467581595718358,0.792037101176881
"gene-LOC134697854|LOC134697854",14.6668042239062,0.0431458942374779,0.134473145012011,0.566649689918604,0.846361619922557
"gene-LOC134697876|LOC134697876",15.1629154689968,-0.0377481236426112,0.13013469985673,0.617090291280838,0.872398882224737
"gene-LOC134697877|LOC134697877",10.1191630134436,0.108294798198452,0.188308669495063,0.119170129191059,NA
"gene-LOC134697884|LOC134697884",46.3914411612064,-0.00696712450980077,0.15346916259357,0.834325063623668,0.951902489882482
"gene-LOC134697985|LOC134697985",7.34858402902994,-0.0180001519140059,0.154895206992492,0.591158523611591,NA
"gene-LOC134698063|LOC134698063",13.7712633050551,0.00871276292972911,0.145403686442187,0.877588583324966,0.97065204594251
"gene-LOC134698109|LOC134698109",42.1632331079148,0.159317692776384,0.17282487688046,0.0991622572567095,0.387048761473799
"gene-LOC134698115|LOC134698115",14.1595311339118,0.13580509451964,0.197324232712026,0.106680023558252,0.40525985889468
"gene-LOC134698126|LOC134698126",7.64373134222324,0.0184062984013398,0.155525528620846,0.559024459206133,NA
"gene-LOC134698134|LOC134698134",8.41341058901485,0.0398125952358231,0.151176660810009,0.486450644097806,NA
"gene-LOC134698136|LOC134698136",25.1116949403411,0.113394313652278,0.170536852508518,0.171375547112526,0.509591947733876
"gene-LOC134698137|LOC134698137",24.3005844652138,0.0299168065243762,0.136562417453799,0.672234298122483,0.902451523506895
"gene-LOC134698138|LOC134698138",17.8246113311191,-0.0126458710940078,0.136883603593588,0.850024250165464,0.957503125573181
"gene-LOC134698146|LOC134698146",15.0293927629829,0.0104032517752473,0.150880741564046,0.813822318200073,0.946574899510975
"gene-LOC134698147|LOC134698147",7.47996083901886,0.0525608868360619,0.157480128806142,0.34581100403578,NA
"gene-LOC134698149|LOC134698149",59.191662007706,-0.04842945791998,0.139771177958903,0.507054027402766,0.809710241803865
"gene-LOC134698152|LOC134698152",24.2911440095384,-0.132766692591724,0.173167837467068,0.136553946636498,0.454400927500088
"gene-LOC134698278|LOC134698278",13.4218896585212,-0.0215772112177658,0.151940495262059,0.635128590631986,0.882777465050349
"gene-LOC134698324|LOC134698324",16.5012283780911,-0.162726735937056,0.191684516104011,0.0898291366639608,0.364491938474352
"gene-LOC134698389|LOC134698389",37.8594914314925,0.0594357853336524,0.127371703842357,0.462649540904332,0.788644909070043
"gene-LOC134698421|LOC134698421",11.1724126911167,-0.0379956985135146,0.132886630273675,0.610563134548793,NA
"gene-LOC134698481|LOC134698481",1679.63893154439,-0.214381218502529,0.182875590299841,0.0463964854520398,0.251570009868032
"gene-LOC134698482|LOC134698482",294.528851866689,-0.329498072427712,0.155414208556584,0.00426641801665564,0.0704988071886869
"gene-LOC134698483|LOC134698483",255.473320599644,-0.335524411148597,0.15671695297516,0.00383269324433598,0.0685339022460912
"gene-LOC134698484|LOC134698484",259.27100594895,-0.312926248710221,0.157790658207048,0.00617587968428963,0.0780562571208828
"gene-LOC134698486|LOC134698486",259.481864921796,-0.341832722430771,0.158635122718723,0.00359799475782557,0.0670456684666874
"gene-LOC134698487|LOC134698487",257.039026755565,-0.31167041846145,0.155936619027871,0.00602933220135638,0.0769676275002809
"gene-LOC134698488|LOC134698488",290.919733982801,-0.303129068661223,0.160387675343038,0.007934735795796,0.0882098900858997
"gene-LOC134698489|LOC134698489",291.038223878803,-0.33095552054267,0.159301640605315,0.00468076817690766,0.0716735266279098
"gene-LOC134698490|LOC134698490",292.407983214391,-0.343439656851563,0.162130995264574,0.00386745211335118,0.0688147205643771
"gene-LOC134698491|LOC134698491",257.940825846507,-0.322470987307641,0.15603813536471,0.00494062811873712,0.0728858444548063
"gene-LOC134698492|LOC134698492",258.258466439898,-0.328079367887352,0.156845915891087,0.00446618970625812,0.0709467043113821
"gene-LOC134698493|LOC134698493",289.624560700453,-0.344391830364097,0.156521828016319,0.00329708107552204,0.0652248647548925
"gene-LOC134698494|LOC134698494",288.388044973181,-0.340143246444938,0.156735315170584,0.00360209455570745,0.0670456684666874
"gene-LOC134698495|LOC134698495",293.999477612169,-0.327883938443766,0.161991825858961,0.00515652700480421,0.0734974983667498
"gene-LOC134698497|LOC134698497",263.240282546905,-0.343951535321389,0.158135394179133,0.00340165193932105,0.0660274311715546
"gene-LOC134698498|LOC134698498",264.699402510881,-0.322367061116112,0.158612411922635,0.00520366903664116,0.0734974983667498
"gene-LOC134698499|LOC134698499",1489.24378553199,-0.283000762650793,0.151522313321598,0.00960995446151603,0.0979446558717714
"gene-LOC134698500|LOC134698500",250.274851425433,-0.306706013439221,0.160302420808654,0.00765881952181221,0.0871590847137992
"gene-LOC134698501|LOC134698501",290.281783833325,-0.300695633937028,0.156993723437253,0.00772402999373796,0.0871900394699788
"gene-LOC134698503|LOC134698503",1367.97338153067,-0.263003426553572,0.150982968638841,0.0133561915428097,0.119492893437778
"gene-LOC134698504|LOC134698504",280.099784406356,-0.371078028488293,0.134769828054142,0.000691332439232035,0.0282212988511937
"gene-LOC134698506|LOC134698506",260.21585698249,-0.228841795699228,0.184104053307054,0.0364951851085272,0.219858172325808
"gene-LOC134698507|LOC134698507",259.759445325387,-0.250548592044612,0.187360986570774,0.0270293592597043,0.184739290219223
"gene-LOC134698508|LOC134698508",260.906499815985,-0.235071415224192,0.185491837795687,0.0335758921681625,0.207850761041006
"gene-LOC134698509|LOC134698509",242.357222899476,-0.144087852569836,0.156899711935573,0.123306387860035,0.434917879661363
"gene-LOC134698510|LOC134698510",232.734181143899,-0.141609254229594,0.153753183079778,0.12586404323964,0.43763862196316
"gene-LOC134698511|LOC134698511",236.984575372688,-0.157073250790162,0.161518012333429,0.101156662978366,0.392931209831355
"gene-LOC134698513|LOC134698513",237.482701331198,-0.139812920907564,0.154573461615032,0.132145712669178,0.447089816453161
"gene-LOC134698514|LOC134698514",237.563780874347,-0.149926669876789,0.157416337108961,0.112210488783268,0.414309251935563
"gene-LOC134698515|LOC134698515",245.183642007476,-0.157286549044191,0.173023190723001,0.101463206747905,0.393617921427623
"gene-LOC134698516|LOC134698516",234.21377796835,-0.138461849639045,0.151152331863459,0.133783870804155,0.449237352146792
"gene-LOC134698517|LOC134698517",223.171756369196,-0.153026250174294,0.15733770211969,0.105928826118385,0.404293961877837
"gene-LOC134698519|LOC134698519",242.881380001985,-0.313204103336002,0.192849100217172,0.0116624656538452,0.109410760257723
"gene-LOC134698520|LOC134698520",241.746775899021,-0.365163187222528,0.189113201654824,0.00513225823639646,0.0734974983667498
"gene-LOC134698521|LOC134698521",236.124306812274,-0.332946675989086,0.185270618088851,0.00778999608028594,0.087363160266587
"gene-LOC134698522|LOC134698522",314.234054349119,-0.287341011794062,0.211896906312423,0.0200272774673655,0.156724517772872
"gene-LOC134698523|LOC134698523",158.505527399648,-0.237324764852885,0.190097666566863,0.0351159825497843,0.214261311151462
"gene-LOC134698525|LOC134698525",233.396600788271,-0.144390588856272,0.156648084319294,0.123444852165446,0.434924617419186
"gene-LOC134698526|LOC134698526",197.103831858345,-0.157784021197268,0.157837600894662,0.0990252111199216,0.386812489158055
"gene-LOC134698527|LOC134698527",96.5265554815519,-0.687782423094498,0.239355736905074,0.000205771274794763,0.0137975054783436
"gene-LOC134698528|LOC134698528",200.110936352265,-0.144609579801629,0.145369867416371,0.11961975447785,0.428800132821557
"gene-LOC134698851|LOC134698851",23.1399505849652,0.0553249662523849,0.129896893633778,0.483333725608678,0.797844258383848
"gene-LOC134698856|LOC134698856",11.568918277868,0.0694238011910617,0.166262800680889,0.222127493077024,0.575437887563798
"gene-LOC134698864|LOC134698864",15.3166435272009,0.14228783328147,0.167116193916274,0.125860879581085,0.43763862196316
"gene-LOC134698867|LOC134698867",14.3349381394517,0.11337817652586,0.158295073418105,0.188074571778279,0.532933728748948
"gene-LOC134698873|LOC134698873",11.6709270640371,0.0774528631450535,0.171907509020928,0.171600097074179,0.509600288280894
"gene-LOC134698874|LOC134698874",82.9332439445244,0.173044742895347,0.222362270734517,0.0690939398291016,0.313481764039442
"gene-LOC134698879|LOC134698879",14.1392732843992,0.208726637330401,0.213966062037077,0.0521342271436904,0.270435689662303
"gene-LOC134698888|LOC134698888",11.6144414443577,0.0330678834355208,0.14422329320967,0.608065959087577,0.867140836352241
"gene-LOC134698897|LOC134698897",9.74042561599312,0.000542333835840556,0.155896983485374,0.995781242415309,NA
"gene-LOC134698907|LOC134698907",66.6432723107308,0.0821606642555573,0.0975159332473192,0.291450845846588,0.652260158178227
"gene-LOC134698911|LOC134698911",18.1988469307299,0.219044252349104,0.260963187326155,0.0442266778760117,0.243705828780445
"gene-LOC134698922|LOC134698922",8.85940926484808,0.44359998918452,0.690761719749749,0.0111474987562561,NA
"gene-LOC134698924|LOC134698924",19.8726729544141,0.031554203882723,0.146930733409071,0.60073169032334,0.863909187532614
"gene-LOC134698944|LOC134698944",30.1919515915677,-0.117276731558411,0.12646401542803,0.181101046058551,0.522201740496639
"gene-LOC134698970|LOC134698970",9.92101433000529,0.0757346371701607,0.160668135231861,0.267876526325711,NA
"gene-LOC134698975|LOC134698975",14.243197837404,-0.00371686070240363,0.139201857671723,0.9535525799158,0.993195169444879
"gene-LOC134698995|LOC134698995",16.0912043162771,-0.00965014505719779,0.148897899177443,0.839265560304918,0.953438709245635
"gene-LOC134699002|LOC134699002",119.221229961545,0.329813301427941,0.11192452204988,0.000492871712563456,0.0242332553047288
"gene-LOC134699004|LOC134699004",12.5646224989514,0.119673671619468,0.188449030352857,0.126211641851501,0.437707546695243
"gene-LOC134699005|LOC134699005",9.68083411716671,-0.0278133468323494,0.145333324586914,0.649289132324911,NA
"gene-LOC134699083|LOC134699083",59.2425042755433,-0.266173797910619,0.190984096575052,0.0231528885400417,0.167595340909165
"gene-LOC134699092|LOC134699092",44.7178442506729,0.0683752040958692,0.110021294620478,0.39946786303945,0.741641023074763
"gene-LOC134699095|LOC134699095",31.3712335061742,0.0471295913756716,0.123404420496187,0.556457847849774,0.84222969086445
"gene-LOC134699099|LOC134699099",16.6892692805916,-0.0123983593060578,0.14182791472708,0.840931714124206,0.954174388844174
"gene-LOC134699101|LOC134699101",17.5208981944781,-0.00405528383380621,0.148956236717781,0.930345852972282,0.985909679493169
"gene-LOC134699104|LOC134699104",65.9706777811212,-0.0270810546644548,0.0997904260428454,0.726373240617161,0.919270819558614
"gene-LOC134699108|LOC134699108",38.907321223051,0.262525141417584,0.205952150710463,0.0273148116437327,0.186091283604896
"gene-LOC134699110|LOC134699110",26.1383486907883,-0.00391146358956959,0.154938217238396,0.883875020423931,0.973377065580696
"gene-LOC134699112|LOC134699112",44.2685907630988,-0.0770990990982616,0.165724434692989,0.228353868490669,0.580463195471536
"gene-LOC134699204|LOC134699204",287.399734254131,-0.316101833090225,0.157490710946513,0.00582028701128362,0.0758934553133569
"gene-LOC134699205|LOC134699205",253.596640445783,-0.26343365932477,0.189860964905459,0.0230058669668329,0.167489472170364
"gene-LOC134699212|LOC134699212",12.9202997437502,-0.0421109645315567,0.131075120438125,0.580284347664909,0.853477555905211
"gene-LOC134699214|LOC134699214",19.5829192695623,-0.0149719067541869,0.152086636664996,0.716960729399657,0.918367151875289
"gene-LOC134699220|LOC134699220",18.6700824922526,0.00261443921546798,0.151503104204676,0.949894150515876,0.993195169444879
"gene-LOC134699244|LOC134699244",19.8615875798956,0.0262782185424928,0.157222376062701,0.401018828974737,0.743016271253366
"gene-LOC134699268|LOC134699268",71.570304967931,0.153528067075298,0.214647801306362,0.0813471227394487,0.344535353623862
"gene-LOC134699282|LOC134699282",3101.69721368815,0.00624661544074654,0.153613074671647,0.858299273381251,0.960703983735472
"gene-LOC134699300|LOC134699300",93.2418642703835,0.113500848676577,0.125288817932642,0.192271094369941,0.535931270708574
"gene-LOC134699308|LOC134699308",16.9447846405649,0.0781636281262526,0.146508092692813,0.324099075499087,0.681132006245195
"gene-LOC134699309|LOC134699309",11.7857667019738,0.049538665640755,0.145373063186143,0.474554742331315,0.795503607539599
"gene-LOC134699312|LOC134699312",18.7059618883165,-0.0179051211830272,0.148462356611938,0.72942696399742,0.920453597595794
"gene-LOC134699321|LOC134699321",128.457945210136,-0.0670041001079255,0.104939885191474,0.400461973870146,0.742632539607811
"gene-LOC134699356|LOC134699356",19.1172670487054,-0.111814891157372,0.212088045621975,0.0241270392464109,0.172684539325436
"gene-LOC134699383|LOC134699383",9.8854165223211,-0.00416873516093493,0.151763830716782,0.915256947312774,NA
"gene-LOC134699393|LOC134699393",13.2440492202992,0.0152242138349099,0.152505986753711,0.707981848725542,0.91533273318078
"gene-LOC134699404|LOC134699404",18.2282621441976,-0.0157420987716823,0.155356066911138,0.592958736188971,0.86044605474313
"gene-LOC134699405|LOC134699405",18.0821911572056,0.0108494584722453,0.152005851633229,0.789471349967737,0.938934372534445
"gene-LOC134699410|LOC134699410",8.79356017698198,0.00549965651601721,0.14678026206012,0.915177892240654,NA
"gene-LOC134699412|LOC134699412",1329.84245227564,0.46837210216046,0.153738989781546,0.000188644608218262,0.0131702951938914
"gene-LOC134699419|LOC134699419",30.4981574699708,-0.0330641498425072,0.140456534484561,0.627628488457089,0.878733733018258
"gene-LOC134699437|LOC134699437",79.653881080467,-0.00880460729803525,0.129579264943778,0.905854337453446,0.979343538624991
"gene-LOC134699447|LOC134699447",1867.18580770434,-0.0403813465365954,0.148583284076852,0.471925573943749,0.795312190392975
"gene-LOC134699471|LOC134699471",19.310244970263,-0.0516835694302117,0.13924793517338,0.488177830159183,0.800450380271762
"gene-LOC134699473|LOC134699473",8.78677873047472,0.0718044860261537,0.169220052437232,0.190893416751088,NA
"gene-LOC134699479|LOC134699479",16.7265156550924,0.120689220528521,0.171300289701828,0.158039099231173,0.489882755281058
"gene-LOC134699486|LOC134699486",327.476811662975,-0.00803366957502713,0.118918048355606,0.916642783532839,0.98134698001751
"gene-LOC134699489|LOC134699489",9.87999751363304,0.0750560086799172,0.174889831908181,0.124009949170113,NA
"gene-LOC134699723|LOC134699723",18.6446777101416,-0.0178137169149073,0.157692522282487,0.325796601715663,0.682844985703562
"gene-LOC134699725|LOC134699725",13.2742735918786,-0.140771855124493,0.178885731023264,0.12151953238049,0.43255893975222
"gene-LOC134699734|LOC134699734",163.138222826461,0.216253897804447,0.188245840333565,0.0465883623013345,0.251925184940153
"gene-LOC134699739|LOC134699739",74.1667155266296,-0.0570755095481734,0.0852562969864371,0.423600361405486,0.762105373827543
"gene-LOC134699781|LOC134699781",129.26092634602,-0.0156370446461221,0.15045331891282,0.738873148996239,0.922644850023034
"gene-LOC134699784|LOC134699784",32.238653572139,-0.125710029630372,0.138399901792152,0.162458454559075,0.497289935387461
"gene-LOC134699802|LOC134699802",9.90495234345914,0.194287944079734,0.232620750121824,0.0584814058090701,NA
"gene-LOC134699805|LOC134699805",17.8190117087128,-0.024517000170435,0.127079778640419,0.751521057466819,0.925077550145291
"gene-LOC134699824|LOC134699824",42.6008322594789,-0.0685292346737855,0.147925760772097,0.355006535170298,0.708012407337132
"gene-LOC134699843|LOC134699843",43.2812414876132,-0.00682591232712481,0.129979590872878,0.924569856921012,0.983116205832622
"gene-LOC134699854|LOC134699854",61.0646527463446,0.111061291780377,0.182738854309569,0.144525624638932,0.46923424149864
"gene-LOC134699862|LOC134699862",9.63883948347105,0.215968540788137,0.225638005939843,0.0491243932741888,NA
"gene-LOC134699897|LOC134699897",29.7032372851298,0.0289502096698574,0.133816132846802,0.690681106364452,0.907620752446718
"gene-LOC134699929|LOC134699929",49.1649097083947,0.023532693992011,0.133893366646855,0.751214240763712,0.925077550145291
"gene-LOC134699977|LOC134699977",2200.67023120823,0.0979967006968611,0.0769449412561758,0.152323385748022,0.481172899561915
"gene-LOC134699991|LOC134699991",19.9093332123103,-0.000332430475433265,0.149207227512053,0.993023502875512,0.99821209892745
"gene-LOC134699998|LOC134699998",13.2672742799992,0.024364711187509,0.142745113417477,0.703655582554474,0.912331785237533
"gene-LOC134700075|LOC134700075",9.77050449653458,0.524443722470803,0.32786613912048,0.00497224175939651,NA
"gene-LOC134700101|LOC134700101",11.8412567452094,-0.00609880656423455,0.144605516087098,0.913809272444932,0.98134698001751
"gene-LOC134700104|LOC134700104",10.3319770865972,0.0104870892305796,0.156315034915925,0.619298038311196,NA
"gene-LOC134700112|LOC134700112",62.5954154919961,-0.052457336241974,0.169596413861465,0.00912224995926237,0.0950615584732939
"gene-LOC134700133|LOC134700133",35.6311455767208,-0.128919519795512,0.157473530500991,0.1546269567828,0.485246214591124
"gene-LOC134700135|LOC134700135",1459.68655624105,0.0444159173366647,0.162971027038978,0.179048750848062,0.519998049664762
"gene-LOC134700147|LOC134700147",9.88813543421683,-0.0285710535194628,0.156630617905545,0.42605573820732,NA
"gene-LOC134700154|LOC134700154",10.1647552439052,-0.00361559704500319,0.15520996567409,0.88201251195027,NA
"gene-LOC134700168|LOC134700168",36.3517959545493,0.0426188582372258,0.141327797769707,0.544464928112768,0.834033466451117
"gene-LOC134700169|LOC134700169",94.7518785478746,0.218854794383308,0.19763959160583,0.0462181577348769,0.251043392757919
"gene-LOC134700173|LOC134700173",517.458595850199,0.0895747789837428,0.168753211309593,0.203616331137807,0.550634757826045
"gene-LOC134700174|LOC134700174",8.44685971883201,0.0167765820520485,0.153527974086664,0.661792651274708,NA
"gene-LOC134700175|LOC134700175",10.5358203013452,-0.0138014392567424,0.153498636159496,0.70484001925945,NA
"gene-LOC134700188|LOC134700188",10.2080321821922,-0.0292163344276174,0.158623598256412,0.296680966667928,NA
"gene-LOC134700196|LOC134700196",74.6406504344676,-0.0177799987076984,0.153383889582104,0.65009229639281,0.890270379024802
"gene-LOC134700197|LOC134700197",9.74298934012535,0.0472741632821138,0.156744813643091,0.368189630766265,NA
"gene-LOC134700206|LOC134700206",12.064051503408,-0.55339522001422,0.526914094583574,0.00826893985262115,0.0901937446253368
"gene-LOC134700226|LOC134700226",112.976287631421,0.0486734621268298,0.0946918395641879,0.525996951186921,0.824053265878181
"gene-LOC134700238|LOC134700238",12.1431607277429,-0.0266462849466486,0.142343117973418,0.679267630613034,0.904081656290227
"gene-LOC134700257|LOC134700257",29.2407058556494,-0.0703322053991281,0.122803203169704,0.393540116726557,0.737556162394337
"gene-LOC134700258|LOC134700258",34.3821893941362,0.0549117320342592,0.140817245463753,0.461815240696627,0.788465045091803
"gene-LOC134700282|LOC134700282",18.672579090311,-0.102776877153966,0.167323338981008,0.19449549413703,0.538548496877943
"gene-LOC134700318|LOC134700318",19.1848961648257,-0.242115028705168,0.195250210568161,0.0340427346258672,0.209680482847941
"gene-LOC134700319|LOC134700319",32.8385501422178,-0.00340107898886281,0.136539715920943,0.95859126074725,0.993195169444879
"gene-LOC134700326|LOC134700326",9.05423308091977,-0.0108560904603616,0.154974590312624,0.704797036922675,NA
"gene-LOC134700327|LOC134700327",67.2640705707518,-0.157568626178074,0.236883350511738,0.0591712069799242,0.288724516350049
"gene-LOC134700347|LOC134700347",12.8788424927458,0.101120174910086,0.152968414687701,0.230015069217912,0.583004633792467
"gene-LOC134700354|LOC134700354",15.0512791741276,-0.0189522107010594,0.127525860820214,0.80073467993876,0.941653028009072
"gene-LOC134700360|LOC134700360",20.6540092185892,0.0333704884941838,0.136046867561821,0.636948842090718,0.883966576406557
"gene-LOC134700361|LOC134700361",36.2643837858969,-0.0162963790395484,0.157145620469499,0.421750001335805,0.760484987099641
"gene-LOC134700367|LOC134700367",76.2835705308414,0.0840112547110898,0.177356439279753,0.137141245078204,0.455347434228024
"gene-LOC134700375|LOC134700375",15.9433916276922,0.0233163989776152,0.143202260105099,0.707670280010326,0.915288089754835
"gene-LOC134700380|LOC134700380",37.7811446812998,0.0265197191792545,0.119652703752919,0.735362650918637,0.921921372263905
"gene-LOC134700384|LOC134700384",26.6882704113256,-0.00866347606197316,0.128430223896934,0.907002814555303,0.979801992959191
"gene-LOC134700386|LOC134700386",34.0945210847523,-0.0818578360880364,0.12210913107632,0.327508547903648,0.68311376887565
"gene-LOC134700388|LOC134700388",14.3990406259411,-0.0400453048715462,0.160599489587841,0.238015863109551,0.592963465140278
"gene-LOC134700391|LOC134700391",13.9619266951572,0.00746565924936357,0.140494278088022,0.908477359623408,0.980183059078779
"gene-LOC134700393|LOC134700393",10.1638291069882,0.0293739604249857,0.141187143333637,0.659477417710057,NA
"gene-LOC134700395|LOC134700395",17.6099107751495,0.11704039097337,0.145910634645714,0.188840648663113,0.533916969367081
"gene-LOC134700396|LOC134700396",25.7503319680542,0.0366319237092519,0.159372747935589,0.293754123274235,0.654957565718193
"gene-LOC134700398|LOC134700398",112.255424252722,0.0981736389143979,0.0865901199266129,0.177911241788676,0.519247734701624
"gene-LOC134700405|LOC134700405",15.9599935096328,-0.00464796253323158,0.150544952291201,0.913212871402825,0.98134698001751
"gene-LOC134700433|LOC134700433",13.8297429542776,0.024728237290922,0.156853297904859,0.417257305913809,0.756598075340439
"gene-LOC134700434|LOC134700434",25.3702159000828,0.00157451944526265,0.153002915180845,0.970189832238677,0.995073589829788
"gene-LOC134700441|LOC134700441",19.9128857889947,0.0456748653165506,0.137411604956882,0.533628028664913,0.827169848041837
"gene-LOC134700442|LOC134700442",15.5151355237667,0.0487486058780125,0.16205137408388,0.245802744765713,0.602452313165747
"gene-LOC134700451|LOC134700451",17.9922234860996,0.0911187722712434,0.155706472267562,0.250797465737467,0.60721393262929
"gene-LOC134700455|LOC134700455",19.5506236224842,0.0412102285593494,0.153066392832817,0.453243705006797,0.783219398068391
"gene-LOC134700466|LOC134700466",11.0507214961599,-0.000432969754637843,0.153584519689033,0.996619304488628,NA
"gene-LOC134700471|LOC134700471",204.174055390468,0.0619578765770684,0.0745624078263864,0.344850716843639,0.698917933914724
"gene-LOC134700479|LOC134700479",7.76044412722018,0.689739374643677,0.950550451563699,0.00689589871694344,NA
"gene-LOC134700521|LOC134700521",28.2668429733737,0.479879772964185,0.23674536314478,0.00269178536289417,0.0589232740949687
"gene-LOC134700525|LOC134700525",14.6463700039043,0.0260730207365936,0.146475347710274,0.657681368018417,0.893761414134044
"gene-LOC134700535|LOC134700535",8.89884864517995,-0.00835068459199452,0.154108347063756,0.786460022722034,NA
"gene-LOC134700578|LOC134700578",22.9645819752624,-0.0267654212001267,0.154850513940501,0.502961088315442,0.807221499765524
"gene-LOC134700604|LOC134700604",14.3269773018405,-0.0362912754767129,0.15811431116035,0.347765060787473,0.70169890314102
"gene-LOC134700605|LOC134700605",7.36257593037496,-0.0325497928897521,0.15917436436977,0.279843417909289,NA
"gene-LOC134700607|LOC134700607",8.70171476494461,0.018113894184171,0.152921981141138,0.658083847167424,NA
"gene-LOC134700608|LOC134700608",16.5479071501442,-0.0796692621480656,0.175388400655733,0.140827668377418,0.46264685279224
"gene-LOC134700613|LOC134700613",29.0692105774949,-0.0994246217084573,0.139392859216073,0.244827730573536,0.60109403389715
"gene-LOC134700619|LOC134700619",425.386906343607,0.25001110347909,0.122539243907526,0.00909298601704105,0.0950615584732939
"gene-LOC134700620|LOC134700620",43.8705773694321,-0.014293061331461,0.155610617402753,0.605850977420603,0.865997779642735
"gene-LOC134700846|LOC134700846",13.0695932314627,0.0331239548143972,0.138087812916025,0.632921899526072,0.880863556910875
"gene-LOC134700857|LOC134700857",13.3282969460104,0.0303961287597748,0.154585764672969,0.489185050986558,0.801482586236353
"gene-LOC134700905|LOC134700905",57.2039372441822,0.0728402563542392,0.12148049034558,0.378386378619263,0.725781762061037
"gene-LOC134700906|LOC134700906",12.2731492772151,0.0966138695160243,0.148029696558649,0.251490736768898,0.607304390918123
"gene-LOC134700935|LOC134700935",7.4832910822321,-0.00791725021051793,0.155668449656865,0.732258864040068,NA
"gene-LOC134700981|LOC134700981",867.898845023478,0.184240104837355,0.183005713481637,0.068291276973449,0.312062721894455
"gene-LOC134700984|LOC134700984",738.404118307278,-0.12435461807735,0.118965264953479,0.150067182223951,0.477248103228442
"gene-LOC134700994|LOC134700994",66.3702575827289,0.0981951244638354,0.111423555971375,0.238349578524743,0.593395794877986
"gene-LOC134701007|LOC134701007",16.3844245929389,0.325987878392427,0.212876960074165,0.012774763127706,0.11603193618497
"gene-LOC134701012|LOC134701012",14.3605367678928,0.042726817172057,0.15986633036737,0.294831928238543,0.656441587864216
"gene-LOC134701023|LOC134701023",8.56055728337292,0.00326310402606947,0.15495353306204,0.90302360414649,NA
"gene-LOC134701057|LOC134701057",7.09442531047676,0.0334272237177937,0.158204286541852,0.346876214088745,NA
"gene-LOC134701061|LOC134701061",9.15565012694254,0.0332357316478572,0.152596814860214,0.511457105789067,NA
"gene-LOC134701076|LOC134701076",31.263495531052,0.157285765897836,0.274399630311648,0.0186583513217673,0.150110354935892
"gene-LOC134701106|LOC134701106",9.98641721931232,0.0170807194913213,0.148191029061133,0.74589325423274,NA
"gene-LOC134701110|LOC134701110",17.8751423464774,0.0291143547870874,0.140517791081941,0.665531679799424,0.898185762780155
"gene-LOC134701111|LOC134701111",26.3444567082182,-0.0847121211360213,0.162176370975614,0.242897045236829,0.598782576686764
"gene-LOC134701112|LOC134701112",39.607390356864,0.0518954653194779,0.113589795184022,0.534428660337487,0.827292968736281
"gene-LOC134701114|LOC134701114",1325.2865487742,0.118682728058452,0.107528486975865,0.157183332985094,0.489409362205113
"gene-LOC134701132|LOC134701132",29.1775607858994,0.0376459602423301,0.158701536977677,0.326838584237788,0.682916592314866
"gene-LOC134701141|LOC134701141",49.7510331026381,-0.110450998996997,0.173698035305872,0.166439753529387,0.502712769076432
"gene-LOC134701144|LOC134701144",1761.08749127155,0.0192571599917599,0.15652423931773,0.438805177688348,0.776703997507386
"gene-LOC134701246|LOC134701246",136.950156024616,0.176600047648912,0.171837415475986,0.0779766640728009,0.337669944678899
"gene-LOC134701330|LOC134701330",11.0366298476593,0.0737016755236955,0.169321484532574,0.194658432540852,NA
"gene-LOC134701346|LOC134701346",25.2996371427157,-0.0488176744953628,0.147837648218882,0.458663977733943,0.787027238609417
"gene-LOC134701352|LOC134701352",27.8142543970142,0.0451171684802806,0.155502205604727,0.394150677816924,0.737791604641805
"gene-LOC134701362|LOC134701362",21.529440044079,-0.0100382244054905,0.120866747596787,0.899184247322961,0.976441127761211
"gene-LOC134701363|LOC134701363",145.603175334943,-0.191795392877321,0.122218251286527,0.0365424624016639,0.219858172325808
"gene-LOC134701368|LOC134701368",46.480800746745,0.0473399512301047,0.145776492086567,0.486607527761117,0.799542012163529
"gene-LOC134701372|LOC134701372",36.1003451166045,-0.11257324887973,0.102788303892211,0.16305440692877,0.498156629321948
"gene-LOC134701373|LOC134701373",28.3618155932641,0.175267118356737,0.183462046135278,0.079994087881381,0.34198814751973
"gene-LOC134701377|LOC134701377",49.8748382419591,-0.291876888508927,0.451460350243506,0.0194332785411068,0.15404144578058
"gene-LOC134701378|LOC134701378",21.0129015920989,-0.113551592711378,0.181944713798784,0.144599913098335,0.46923424149864
"gene-LOC134701379|LOC134701379",16.0983573143631,-0.0482711754355478,0.145818911966029,0.477278374367497,0.796791709893797
"gene-LOC134701381|LOC134701381",201.953063751283,-0.0259109387904613,0.151665251448792,0.59065473167549,0.85940398373067
"gene-LOC134701386|LOC134701386",7.3188747440427,-0.0238530529132678,0.155006819162012,0.521632021799082,NA
"gene-LOC134701417|LOC134701417",10.6857179090836,0.00828508766506166,0.148113590751109,0.870767215764878,NA
"gene-LOC134701439|LOC134701439",7.55885858203421,-0.0200439106009005,0.157639178889558,0.348580948533802,NA
"gene-LOC134701440|LOC134701440",14.7587866822259,0.297012765019582,0.271649704138146,0.0231226825946976,0.167595340909165
"gene-LOC134701442|LOC134701442",540.935398217977,0.146134895103818,0.182955692899158,0.122364366310716,0.433016211074858
"gene-LOC134701444|LOC134701444",47.3462230340037,0.398098830225446,0.459364498265298,0.0135368690767228,0.120264792215794
"gene-LOC134701451|LOC134701451",102.125471065867,-0.0094988601834855,0.156235554753738,0.663488427106913,0.896948489106757
"gene-LOC134701473|LOC134701473",42.8227487390654,0.0786640684524036,0.160531739324369,0.265924947580022,0.622755299758249
"gene-LOC134701481|LOC134701481",10.2002251094844,0.0767074639518742,0.162902160119412,0.25323605636107,NA
"gene-LOC134701485|LOC134701485",18.7416070532897,0.456467912936024,0.384136654179906,0.00970690675113658,0.0981476127059365
"gene-LOC134701488|LOC134701488",396.218808696953,-0.012731597905397,0.153886062144938,0.731104211703881,0.921084652951224
"gene-LOC134701490|LOC134701490",13.4506396036278,0.0841630576073833,0.170993296946527,0.192290855561848,0.535931270708574
"gene-LOC134701505|LOC134701505",196.074407700755,-0.0296798962043387,0.159099936701636,0.269908367176473,0.627915352140683
"gene-LOC134701515|LOC134701515",79.2741216311377,0.0274988608346486,0.118395865649483,0.727973387273139,0.919561822059372
"gene-LOC134701527|LOC134701527",15.0381270736578,0.0197645571398371,0.13766826990967,0.76988797031818,0.931823365177049
"gene-LOC134701530|LOC134701530",45.4809388009743,0.0674713173527664,0.147007447397222,0.364637834745741,0.713035789609233
"gene-LOC134701538|LOC134701538",57.058614444241,0.0270861325369882,0.151406063527325,0.581198249657112,0.854427152161505
"gene-LOC134701540|LOC134701540",11.2461203771528,-0.0677695751850908,0.172876526238971,0.105302057613459,NA
"gene-LOC134701575|LOC134701575",82.1185576482526,0.0667386191732484,0.0832907337279419,0.345505149757778,0.699798983770127
"gene-LOC134701576|LOC134701576",47.021520809278,0.0924982333722025,0.118277330243943,0.272684692317119,0.631177867027634
"gene-LOC134701577|LOC134701577",18.1603469398555,0.0724398580073203,0.164126035146206,0.248315289949336,0.605307451456685
"gene-LOC134701584|LOC134701584",29.6077002282406,0.491733314463813,0.201001957080957,0.00103352651543596,0.0341193303733883
"gene-LOC134701585|LOC134701585",16.9731891765552,0.00103047540665114,0.153234334857275,0.974371923769792,0.995073589829788
"gene-LOC134701589|LOC134701589",65.2665038486319,-0.0162566287142589,0.0992995079454514,0.834398937828729,0.951902489882482
"gene-LOC134701597|LOC134701597",7.88003374175895,0.0222141476900999,0.156338585330264,0.472348340610987,NA
"gene-LOC134701603|LOC134701603",803.382486001569,0.113197207401104,0.157126145555559,0.193335594558125,0.537310174139996
"gene-LOC134701626|LOC134701626",15.5403939619397,0.12853676948447,0.224700076210629,0.0390628271639998,0.229760119145594
"gene-LOC134701632|LOC134701632",51.53245365767,0.0228048879009287,0.116204187680542,0.772642803877914,0.932853633900032
"gene-LOC134701633|LOC134701633",23.6419455899595,0.00802798245621577,0.121162973389324,0.919055399228965,0.982131130710269
"gene-LOC134701640|LOC134701640",7.59926019977696,-0.0255698953268503,0.152408188203932,0.577109379428955,NA
"gene-LOC134701690|LOC134701690",15.2077147530475,0.0770209261914467,0.150475857862975,0.312796535478204,0.672565110628656
"gene-LOC134701691|LOC134701691",10.1114763099392,0.000422389983039191,0.155457184505508,0.985834467420819,NA
"gene-LOC134701697|LOC134701697",11.1635729594337,-0.0203944922535047,0.142139021022034,0.745629438727263,NA
"gene-LOC134701699|LOC134701699",18.137193194851,0.00199955030590735,0.140070976470768,0.975755163830393,0.995073589829788
"gene-LOC134701706|LOC134701706",7.73515963383567,0.0273679316466284,0.1540085736567,0.526239170220828,NA
"gene-LOC134701714|LOC134701714",177.577263833908,0.295950820029864,0.120438942161659,0.00241858312071191,0.0566772571047494
"gene-LOC134701723|LOC134701723",12.981941538607,-0.0767185838445088,0.161876983738082,0.259420126941494,0.617990354755916
"gene-LOC134701726|LOC134701726",38.2360910885317,0.00112515202768036,0.141139499113347,0.990286817998952,0.99704656962612
"gene-LOC134701730|LOC134701730",10.6590335644945,0.239300991638117,0.280638717829122,0.036328817380004,NA
"gene-LOC134701759|LOC134701759",258.038067595497,-0.30260204273668,0.159352745091455,0.00796623610584757,0.0884057909307475
"gene-LOC134701760|LOC134701760",259.75400869011,-0.327124367999155,0.156332607896407,0.00455496018947915,0.0716087786034719
"gene-LOC134701761|LOC134701761",235.155538715224,-0.13883745713378,0.154083972113477,0.129751460019985,0.443242755954268
"gene-LOC134701822|LOC134701822",10.8048275838027,0.082118721155138,0.165116666989909,0.234003040512071,NA
"gene-LOC134701837|LOC134701837",7.76537556951111,0.0180572926152743,0.156838768818194,0.456613070034461,NA
"gene-LOC134701888|LOC134701888",12.4221920863067,-0.00376371687952396,0.135542735814974,0.955301273072646,0.993195169444879
"gene-LOC134701894|LOC134701894",12.0290007001292,-0.0491117054749652,0.141166969773865,0.498274019739431,0.80632202571024
"gene-LOC134701902|LOC134701902",9.5700822816874,0.0317335598960198,0.152352398826344,0.527689737201519,NA
"gene-LOC134701920|LOC134701920",31.9691743550579,-0.260207536770309,0.171960327374917,0.0210282651753424,0.160227331539391
"gene-LOC134701935|LOC134701935",8.43442494219906,-0.0330680981545123,0.156216699466176,0.422985397330555,NA
"gene-LOC134701937|LOC134701937",39.7308563303539,0.251410273169479,0.313552261155186,0.0314384522566199,0.201269287311225
"gene-LOC134701947|LOC134701947",24.8387993171315,0.0956545583801492,0.144262655443579,0.257106665599581,0.613856619141428
"gene-LOC134701953|LOC134701953",18.0045022226431,-0.0745580511954574,0.151875683180587,0.320038911567371,0.677967365042951
"gene-LOC134701960|LOC134701960",74.6795516333976,-0.0409570635424193,0.150492675047182,0.488186770385525,0.800450380271762
"gene-LOC134701961|LOC134701961",74.5674725146708,-0.0415727834301396,0.150753806023666,0.483399366199571,0.797844258383848
"gene-LOC134701963|LOC134701963",13.014147170251,0.0276875471772488,0.12795542009272,0.716036056962823,0.917921047062424
"gene-LOC134701964|LOC134701964",119.685339640672,0.0605159036715654,0.0932575124859218,0.423840633621655,0.762105373827543
"gene-LOC134701987|LOC134701987",159.899656394939,-0.0227886574665071,0.13516403722644,0.746593876811021,0.923580623736145
"gene-LOC134702007|LOC134702007",13.3124259687472,-0.0388407485975579,0.152531807939854,0.479274589340802,0.797538958751543
"gene-LOC134702042|LOC134702042",262.078338528329,-0.335468316757522,0.157421702679216,0.00397494970812005,0.0694660203787931
"gene-LOC134702043|LOC134702043",262.077511134711,-0.321727777145326,0.159379015352135,0.00546021187102637,0.074450333271415
"gene-LOC134702044|LOC134702044",263.140707494858,-0.19778494396594,0.170331604382641,0.0561743246047408,0.281331123729213
"gene-LOC134702059|LOC134702059",15.601354486728,-0.00574793697743854,0.117562111423637,0.938819070401327,0.988596772254934
"gene-LOC134702070|LOC134702070",11.4585665352773,-0.0661427961130604,0.164744366065912,0.235619454322617,0.589742995691581
"gene-LOC134702108|LOC134702108",12.8552409368633,0.0139302070445206,0.151440483902371,0.748528843090371,0.923580623736145
"gene-LOC134702114|LOC134702114",9.65926731107508,0.0154633802994303,0.155314737739593,0.608722348496901,NA
"gene-LOC134702117|LOC134702117",109.845227977331,-0.0128147538193373,0.156317592138049,0.566676971580801,0.846361619922557
"gene-LOC134702120|LOC134702120",19.4352322079212,0.0112010970561466,0.15179358198337,0.788093803741338,0.938434867631775
"gene-LOC134702194|LOC134702194",276.159487433795,0.0736098256180463,0.111304507072499,0.363116391763751,0.712857211332275
"gene-LOC134702199|LOC134702199",10.7971488767641,-0.0146601191966307,0.154030180907952,0.672297712156226,NA
"gene-LOC134702200|LOC134702200",9.18201879574003,-0.0199636466091021,0.146410875992712,0.724626194539531,NA
"gene-LOC134702204|LOC134702204",8.62402426797109,-0.0104972637740535,0.148665182231195,0.827593436967803,NA
"gene-LOC134702206|LOC134702206",19.433437525495,0.0157410723092337,0.145466030432125,0.783489392891864,0.937068612978065
"gene-LOC134702209|LOC134702209",257.473537588798,-0.336888004465211,0.157016602717086,0.00376650730696742,0.0681609418902912
"gene-LOC134702210|LOC134702210",259.591469949651,-0.340274745994857,0.156373512910994,0.00352402831117584,0.0664143797106215
"gene-LOC134702211|LOC134702211",235.87626900687,-0.142402912593827,0.154418671194791,0.126296546449451,0.437708923222526
"gene-LOC134702376|LOC134702376",154.142384938157,-0.340725208615948,0.20918955897307,0.00938856652386648,0.0964599496081121
"gene-LOC134702378|LOC134702378",231.372797850724,-0.32128441211223,0.156555587678968,0.00532034740682606,0.0743549033936444
"gene-LOC134702379|LOC134702379",251.484380476594,-0.25659892392112,0.190720711841342,0.0252713775394499,0.17781675015316
"gene-LOC134702380|LOC134702380",31.0906164715412,0.0152959373790741,0.152227313806241,0.716020688556589,0.917921047062424
"gene-LOC134702392|LOC134702392",5.87999523265268,0.00419144222195738,0.155437496483789,0.861465055556163,NA
"gene-LOC134702398|LOC134702398",16.5055119424354,-0.022499553364585,0.15646362259467,0.45500416340616,0.78423951225737
"gene-LOC134702413|LOC134702413",10.4394062590573,-0.00864249732454689,0.15449688952903,0.771496219634,NA
"gene-LOC134702420|LOC134702420",13.039335728171,-0.0547277804412258,0.14215814420574,0.460087048792971,0.787500405199862
"gene-LOC134702422|LOC134702422",8.03958741506161,0.187752168190691,0.253916294120664,0.0519813612024856,NA
"gene-LOC134702435|LOC134702435",25.8668027559999,0.360384484726489,0.238823465353478,0.0107285146845078,0.104496389205374
"gene-LOC134702437|LOC134702437",24.9251447743988,0.0296436169153562,0.145933957389152,0.624763793613732,0.876730116023762
"gene-LOC134702452|LOC134702452",27.4465676225165,-0.0218038908395432,0.136128423823335,0.752449987376206,0.925609926541445
"gene-LOC134702454|LOC134702454",9.73154074725595,-0.0268191467413323,0.150502448445332,0.60190591071864,NA
"gene-LOC134702463|LOC134702463",22.692318243356,0.0111572990767689,0.146120258135238,0.83873871652301,0.953438709245635
"gene-LOC134702479|LOC134702479",51.6378471766456,0.0185624385916017,0.143243211917293,0.764109201692644,0.930298068564401
"gene-LOC134702480|LOC134702480",63.9019977267548,0.0620443385508981,0.139074068778513,0.423278663227726,0.762105373827543
"gene-LOC134702484|LOC134702484",318.879355072202,-0.365505044017409,0.13333022646311,0.000727918776342406,0.0288002646291995
"gene-LOC134702485|LOC134702485",240.479782272074,-0.336078411023176,0.192340728271589,0.00830584714165788,0.0903949029249062
"gene-LOC134702598|LOC134702598",243.393354442213,-0.213830222300394,0.17474837634486,0.0450381913476303,0.246332955123758
"gene-LOC134702602|LOC134702602",260.921670266762,-0.313811753967096,0.157048960952755,0.00594179433176164,0.0763089312365356
"gene-LOC134702603|LOC134702603",254.717129542009,-0.319884186213814,0.154579060353716,0.0050181224992397,0.0733169146754874
"gene-LOC134702604|LOC134702604",261.991808153101,-0.182492986862792,0.165152996756344,0.0693536441266279,0.313989135100654
"gene-LOC134702618|LOC134702618",251.443601859043,-0.310587260268536,0.159722301841589,0.00688552842693817,0.081525680445346
"gene-LOC134702620|LOC134702620",265.865091236381,-0.321734063783145,0.163597487567162,0.00625388320983792,0.0785744300723226
"gene-LOC134702621|LOC134702621",262.224707719604,-0.18949666011974,0.165202515490004,0.0614532714811438,0.294994227079793
"gene-LOC134702625|LOC134702625",324.126453060574,-0.390487478726207,0.139033587146425,0.0005237472930274,0.0242332553047288
"gene-LOC134702626|LOC134702626",302.148922016139,-0.369143604171266,0.139114815055463,0.000906989807955288,0.0317374071079292
"gene-LOC134702627|LOC134702627",244.427249428472,-0.337546803846957,0.196467130338433,0.00855396887363929,0.0917319557661318
"gene-LOC134702685|LOC134702685",264.215195014031,-0.213475766382609,0.167358398502567,0.0423147655257174,0.238535448140549
"gene-LOC134702695|LOC134702695",35.3985780122414,0.00668739518121685,0.153242688810164,0.851670580875528,0.957828672347654
"gene-LOC134702726|LOC134702726",251.148519714617,-0.267458835632055,0.19163101754136,0.0224788196676305,0.165537666222897
"gene-LOC134702727|LOC134702727",221.356287633425,-0.224053410459789,0.184486323667991,0.0409007495165456,0.235142395686278
"gene-LOC134702730|LOC134702730",259.728740771408,-0.331956208587956,0.15672570838546,0.00417515147235336,0.0704988071886869
"gene-LOC134702731|LOC134702731",210.899532465036,-0.328610196802488,0.159133225213159,0.00481584297433811,0.0720115487007835
"gene-LOC134702732|LOC134702732",34.2609777475667,-0.0329049491370502,0.147576635883961,0.582035981181116,0.854654113796037
"gene-LOC134702735|LOC134702735",244.520257319574,-0.148195938386935,0.156920077848731,0.115490158365807,0.421106072575954
"gene-LOC134702737|LOC134702737",289.315977945971,-0.327531838617059,0.155296006340912,0.00443594707218148,0.0709467043113821
"gene-LOC134702738|LOC134702738",288.234747119428,-0.309608206686744,0.157710714376669,0.00656612482036962,0.0802806431972255
"gene-LOC134702739|LOC134702739",242.591597314691,-0.139094497404003,0.156398236902678,0.132405843299798,0.447089816453161
"gene-LOC134702745|LOC134702745",287.042720980656,-0.335760755491672,0.159156977334506,0.00429010553200908,0.0704988071886869
"gene-LOC134702746|LOC134702746",243.352079384601,-0.150150140320656,0.159818916501913,0.112647955937401,0.414778889781067
"gene-LOC134702747|LOC134702747",64.1214784297709,0.0617335569069376,0.138703349117941,0.426805952579344,0.764769034579583
"gene-LOC134702756|LOC134702756",257.269661676055,-0.313640507227706,0.158675588439676,0.00630642427886504,0.0789232272227315
"gene-LOC134702757|LOC134702757",274.922360882925,-0.378458208644511,0.146398675531512,0.00106150236806063,0.0346211752470381
"gene-LOC134702758|LOC134702758",200.343237618072,-0.115120407283584,0.149015478464576,0.192332974399011,0.535931270708574
"gene-LOC134702760|LOC134702760",238.284106818284,-0.14137674318019,0.155762164804339,0.128238562620719,0.440826019631907
"gene-LOC134702762|LOC134702762",256.04506036511,-0.324067096047607,0.155132140180051,0.00469197183733727,0.0716735266279098
"gene-LOC134702764|LOC134702764",235.595414250385,-0.133388480509321,0.153640020352084,0.144629749978206,0.46923424149864
"gene-LOC134702775|LOC134702775",321.158446221979,-0.381678958123956,0.134324784565817,0.000505786666812797,0.0242332553047288
"gene-LOC134702776|LOC134702776",322.672035138839,-0.386769618059004,0.134248390473032,0.000440691139821845,0.0233933546722096
"gene-LOC134702777|LOC134702777",170.077490300914,-0.221898224449327,0.187194790483118,0.0420155203137959,0.238112868682278
"gene-LOC134702848|LOC134702848",263.907345123264,-0.223900047744111,0.174126104958178,0.0368516893163621,0.220839928942288
"gene-LOC134702849|LOC134702849",263.275337737721,-0.189265611586409,0.165196028319047,0.061902616519142,0.295120916369641
"gene-LOC134702852|LOC134702852",288.759083876012,-0.307365217242051,0.159889775093021,0.00734327908412797,0.0850485232107185
"gene-LOC134702853|LOC134702853",287.203288433811,-0.312382569720114,0.154388870611946,0.00556395136752797,0.074450333271415
"gene-LOC134702855|LOC134702855",232.885547360474,-0.133670668022487,0.152111602156192,0.14639616118452,0.471696280599591
"gene-LOC134702872|LOC134702872",243.388528503609,-0.150389546651454,0.159756072633687,0.112260246285837,0.414309251935563
"gene-LOC134702873|LOC134702873",243.233127374127,-0.145557249018069,0.158148974301682,0.12050620935741,0.430765742764705
"gene-LOC134702877|LOC134702877",289.43547834193,-0.333843227333956,0.157028097161371,0.00410705279458221,0.0704988071886869
"gene-LOC134702878|LOC134702878",249.690230475236,-0.313421395215986,0.161323098933677,0.00688084769157049,0.081525680445346
"gene-LOC134702900|LOC134702900",291.498160547219,-0.351782013708041,0.165584948882357,0.003722684211494,0.0677528526491908
"gene-LOC134702901|LOC134702901",289.951119288057,-0.32536792336647,0.160142116124463,0.00519723639794119,0.0734974983667498
"gene-LOC134702902|LOC134702902",242.560049193204,-0.14863738953638,0.160150777335982,0.114791107982174,0.41918493894917
"gene-LOC134702958|LOC134702958",265.945282996346,-0.199563369076968,0.16790666540722,0.052321687874074,0.270895597978174
"gene-LOC134702961|LOC134702961",262.873681902506,-0.352874042239411,0.15405956696575,0.00249591828264899,0.0576050705089641
"gene-LOC134702962|LOC134702962",261.439541949481,-0.306234233734263,0.158029776167427,0.00706684658764287,0.083055005098312
"gene-LOC134702963|LOC134702963",239.891684433898,-0.272213525457799,0.183200370962134,0.0194769870397341,0.15404144578058
"gene-LOC134702965|LOC134702965",250.557275376362,-0.242916223646094,0.184222689158175,0.0295414426538316,0.194130869466175
"gene-LOC134702967|LOC134702967",257.414921305994,-0.340424838711062,0.162345724705398,0.00413967254739195,0.0704988071886869
"gene-LOC134702968|LOC134702968",250.885842022489,-0.256921526642017,0.1904117384093,0.0253186487266744,0.17781675015316
"gene-LOC134702971|LOC134702971",261.695192350394,-0.331329689201515,0.161812836803388,0.00492881613923378,0.0728858444548063
"gene-LOC134702972|LOC134702972",204.623449423351,-0.134666921674759,0.159501136092086,0.140232285317739,0.461643233836692
"gene-LOC134703004|LOC134703004",193.832283689195,-0.309077847184557,0.163309077581203,0.00760728185762237,0.0869988966482128
"gene-LOC134703005|LOC134703005",206.871323560907,-0.158371713150805,0.162764421618866,0.0984719957150577,0.385362098545923
"gene-LOC134703027|LOC134703027",318.658084794702,-0.374964775989734,0.127616802605032,0.000391850479016266,0.0217051091420314
"gene-LOC134703028|LOC134703028",240.418024339371,-0.335078049298599,0.189575288469295,0.00786856368350469,0.087928989422717
"gene-LOC134703079|LOC134703079",193.238885815843,-0.241200622684141,0.200906473642772,0.0322457810709059,0.203603925307352
"gene-LOC134703081|LOC134703081",257.007824821246,-0.333216437089549,0.155576306507263,0.00395839602562961,0.0694627622128392
"gene-LOC134703082|LOC134703082",257.369185409131,-0.307557407563558,0.157588569994097,0.00682814454603778,0.0814518366259564
"gene-LOC134703083|LOC134703083",236.328365561927,-0.162733044744232,0.161456392851401,0.0928137341624811,0.371523451365692
"gene-LOC134703086|LOC134703086",319.611147540899,-0.347352376306485,0.132683776924574,0.00110224341201567,0.0354610633057566
"gene-LOC134703088|LOC134703088",248.64336132638,-0.366576664059752,0.194138629945675,0.00539118173822989,0.0743549033936444
"gene-LOC134703091|LOC134703091",215.581210543178,-0.159981670197413,0.166044680728403,0.0972769386002247,0.382738788686493
"gene-LOC134703093|LOC134703093",258.956013338541,-0.31056764980225,0.158924946144105,0.00660978854674991,0.0804387906102802
"gene-LOC134703094|LOC134703094",204.186659029231,-0.340852184542249,0.158063394523958,0.00366415351801733,0.0673691181393952
"gene-LOC134703095|LOC134703095",235.401941109669,-0.143239745318564,0.154796790095868,0.123889424262466,0.435527391033062
"gene-LOC134703123|LOC134703123",261.003610055158,-0.316052015575235,0.155387088201202,0.00560581171876829,0.074450333271415
"gene-LOC134703124|LOC134703124",260.741679728498,-0.316620875325696,0.15630264492045,0.00559242181480968,0.074450333271415
"gene-LOC134703125|LOC134703125",248.041162045802,-0.260643019308826,0.186403174543329,0.0236936949665127,0.170733978435165
"gene-LOC134703154|LOC134703154",318.090381654391,-0.366300985535912,0.128666991218861,0.000525729649102578,0.0242332553047288
"gene-LOC134703155|LOC134703155",241.827088990334,-0.336734015384027,0.187090754089407,0.00759933971087985,0.0869988966482128
"gene-LOC134703156|LOC134703156",238.721413022764,-0.320612337123328,0.192215592474429,0.0101782081246964,0.101233382798489
"gene-LOC134703206|LOC134703206",226.007915031186,-0.150063088872342,0.157942904983478,0.111902151855643,0.414309251935563
"gene-LOC134703209|LOC134703209",255.869272343328,-0.325102328024734,0.155299413692641,0.00460352221461824,0.0716087786034719
"gene-LOC134703210|LOC134703210",235.468301061573,-0.144610813238426,0.157675289564455,0.12241978519956,0.433016211074858
"gene-LOC134703212|LOC134703212",244.108979996973,-0.143807585842615,0.158925589351261,0.123423745319617,0.434924617419186
"gene-LOC134703214|LOC134703214",290.575380779558,-0.360118545381549,0.160116295514657,0.00275261715892044,0.0598323388789265
"gene-LOC134703215|LOC134703215",289.541686493574,-0.313234167844465,0.155456268841746,0.00593181008292418,0.0763089312365356
"gene-LOC134703216|LOC134703216",243.856197643775,-0.142609444901707,0.156523815610958,0.126143403375708,0.437707546695243
"gene-LOC134703246|LOC134703246",179.85896894515,-0.420809622376182,0.190142046799346,0.00219997713289011,0.0534879936508014
"gene-LOC134703249|LOC134703249",326.455597837589,-0.368374064012578,0.132231446440785,0.000619065497833449,0.0268261715727828
"gene-LOC134703250|LOC134703250",294.51257340691,-0.369603569880795,0.136383006482157,0.000767474034415167,0.0297339066017405
"gene-LOC134703251|LOC134703251",244.350413812143,-0.326859378975964,0.18982303379677,0.00912611980602726,0.0950615584732939
"gene-LOC134703256|LOC134703256",262.915662996309,-0.359760851133455,0.161607601803389,0.00284223967724279,0.0607552575303241
"gene-LOC134703257|LOC134703257",261.31455475195,-0.19811509960158,0.16922918714147,0.0548128920906928,0.277492441319647
"gene-LOC134703259|LOC134703259",287.323841852179,-0.337420364952777,0.15917409204142,0.00415323738026285,0.0704988071886869
"gene-LOC134703260|LOC134703260",242.350952108618,-0.148326713934605,0.159400353842272,0.115586866753602,0.421217586510552
"gene-LOC134703264|LOC134703264",286.38873335856,-0.331039307967213,0.154338936633184,0.00381389347493636,0.0685339022460912
"gene-LOC134703265|LOC134703265",261.506570420631,-0.210359944898118,0.170224886543533,0.0438194962708679,0.242300513233879
"gene-LOC134703268|LOC134703268",286.310004541993,-0.300729537805494,0.154056793575801,0.00731781321562281,0.0850485232107185
"gene-LOC134703309|LOC134703309",287.676692304365,-0.333718251104635,0.15912690539073,0.00444255353906658,0.0709467043113821
"gene-LOC134703310|LOC134703310",222.414547047355,-0.166319265519038,0.160242220227882,0.0871843245975608,0.357517692486048
"gene-LOC134703313|LOC134703313",243.051251292633,-0.151429365960273,0.159305591564118,0.109491121951095,0.411586288907087
"gene-LOC134703315|LOC134703315",286.096936493171,-0.341587859631947,0.157919718349333,0.00362709598572853,0.0671645390380545
"gene-LOC134703317|LOC134703317",243.489968687388,-0.158669246983573,0.162784578488692,0.0992497610387756,0.38715307888365
"gene-LOC134703319|LOC134703319",222.806390022547,-0.347847710366348,0.179454076169771,0.00538810293049594,0.0743549033936444
"gene-LOC134703321|LOC134703321",261.087863626679,-0.324713691664928,0.162176269557593,0.00558171334006836,0.074450333271415
"gene-LOC134703322|LOC134703322",256.121696363453,-0.320324329329643,0.160675701096773,0.00587760721843809,0.0762532749113047
"gene-LOC134703323|LOC134703323",233.956516407455,-0.213470215734509,0.174713922085759,0.0444554913916896,0.244332597208855
"gene-LOC134703325|LOC134703325",286.908565004787,-0.318715213486716,0.158127358757434,0.00581655994262507,0.0758934553133569
"gene-LOC134703326|LOC134703326",258.984483321427,-0.210454526017416,0.17058719980774,0.0441882480275932,0.243704883061272
"gene-LOC134703330|LOC134703330",287.509060405644,-0.30845012900346,0.158775107761362,0.00696666936823816,0.0821808960660686
"gene-LOC134703331|LOC134703331",263.921506054512,-0.205779918534792,0.172443748369741,0.050483678901232,0.265549987283937
"gene-LOC134703332|LOC134703332",264.157493656166,-0.199549304292894,0.168795379675002,0.0535635232874401,0.274184857664502
"gene-LOC134703334|LOC134703334",206.017256191319,-0.300338595238778,0.150523027786623,0.0065103662188299,0.0799537117230445
"gene-LOC134703335|LOC134703335",252.365876894027,-0.244379593958537,0.185887650350203,0.0300348612088821,0.19622775989803
"gene-LOC134703336|LOC134703336",206.820984059335,-0.326585905208055,0.199063598595307,0.0106472265952677,0.104182539803157
"gene-LOC134703340|LOC134703340",259.433047864362,-0.34384142046824,0.158009833668358,0.00337087885224982,0.0660274311715546
"gene-LOC134703341|LOC134703341",259.569389929188,-0.317866761236369,0.157445642613661,0.00551556298699251,0.074450333271415
"gene-LOC134703342|LOC134703342",170.527823332827,0.0658090259670826,0.156298028493223,0.323406092922814,0.680124401425659
"gene-LOC134703345|LOC134703345",267.991133351162,-0.360471784682722,0.161651091515309,0.00279250554349638,0.0600954740272701
"gene-LOC134703346|LOC134703346",223.567773564159,-0.109752278076606,0.144787535349186,0.208193247357728,0.557767975599337
"gene-LOC134703365|LOC134703365",315.445861805123,-0.397109145426584,0.134794580461323,0.000340837713277884,0.0195597858881092
"gene-LOC134703366|LOC134703366",243.855934273559,-0.342778804086923,0.197446785490095,0.0081686481437784,0.0898692377821561
"gene-LOC134703369|LOC134703369",235.26945889887,-0.147344259244189,0.156626816039394,0.11684225656519,0.423370406325518
"gene-LOC134703371|LOC134703371",257.377228030435,-0.335902217029257,0.15815310775697,0.00398039206252111,0.0694660203787931
"gene-LOC134703372|LOC134703372",202.579032506487,-0.35854069543373,0.156718307524638,0.00245841771807097,0.0569458940513167
"gene-LOC134703373|LOC134703373",235.445080547821,-0.13314291819551,0.1523884073301,0.14478843527019,0.46923424149864
"gene-LOC134703377|LOC134703377",287.187263335336,-0.331429161448679,0.158937345160309,0.00461050233203887,0.0716087786034719
"gene-LOC134703378|LOC134703378",248.537389370127,-0.232543569706029,0.185893364420859,0.0347804891666003,0.213030496145427
"gene-LOC134703402|LOC134703402",179.761632609002,-0.356763584835476,0.174484844035032,0.00425360932695867,0.0704988071886869
"gene-LOC134703403|LOC134703403",251.759891414085,-0.249962160325697,0.186448324231394,0.027656295574808,0.186982895508046
"gene-LOC134703404|LOC134703404",268.037030438546,-0.109616319958111,0.150265072664778,0.208124325649094,0.557767975599337
"gene-LOC134703408|LOC134703408",263.57167073805,-0.383355740545942,0.154107467820318,0.001296520948778,0.0385927030080181
"gene-LOC134703409|LOC134703409",249.300596905046,-0.328603139285205,0.155149395538461,0.00419170844926784,0.0704988071886869
"gene-LOC134703419|LOC134703419",255.994337525708,-0.330694550412292,0.156166879842567,0.00417118462003536,0.0704988071886869
"gene-LOC134703420|LOC134703420",255.298814174206,-0.183246193530594,0.164633183548731,0.0683558054498346,0.31213367793222
"gene-LOC134703442|LOC134703442",271.85762088224,-0.369799518769357,0.156962409118495,0.00200906298037434,0.0499911374413458
"gene-LOC134703443|LOC134703443",227.825954324618,-0.123039191962585,0.148933701546401,0.169969248955687,0.508614275116392
"gene-LOC134703461|LOC134703461",287.058977229638,-0.317612259182681,0.156858377173557,0.00561007220883504,0.074450333271415
"gene-LOC134703462|LOC134703462",241.177724227349,-0.155756684079107,0.162986163048383,0.10335592824044,0.398265232785705
"gene-LOC134703467|LOC134703467",264.705492120796,-0.297172794971849,0.160338635763911,0.00895447374349604,0.0942809880100327
"gene-LOC134703468|LOC134703468",266.837656852531,-0.344622239438729,0.161184199226681,0.00374220972251368,0.0679141764456187
"gene-LOC134703469|LOC134703469",258.520099601034,-0.245367524603137,0.189060657006843,0.0292563267110504,0.192722648551593
"gene-LOC134703475|LOC134703475",287.576391366446,-0.331353784282517,0.159877507448129,0.00461071829254887,0.0716087786034719
"gene-LOC134703476|LOC134703476",257.067666861044,-0.244267738447709,0.188203353700449,0.0296652384745764,0.194611296686974
"gene-LOC134703478|LOC134703478",315.697381832426,-0.370955745873518,0.135192592558165,0.000695978088143586,0.0282212988511937
"gene-LOC134703479|LOC134703479",242.151624966499,-0.355443091629071,0.196820764854073,0.00678278689956698,0.0813678955748431
"gene-LOC134703481|LOC134703481",255.545494449394,-0.323458851955006,0.154878191924881,0.00470941217319761,0.0717678362279157
"gene-LOC134703482|LOC134703482",233.259541407268,-0.150727996138178,0.157637992802781,0.112119217760676,0.414309251935563
"gene-LOC134703491|LOC134703491",221.569506255242,-0.136990775586946,0.155989446116224,0.136741371760968,0.454615103401548
"gene-LOC134703495|LOC134703495",262.579830365906,-0.313759829281538,0.172223407929313,0.00838904505910107,0.0907270238140472
"gene-LOC134703496|LOC134703496",173.425742634777,-0.312059774839625,0.193748361370661,0.0114801530166268,0.10833862920876
"gene-LOC134703497|LOC134703497",236.180060615467,-0.140395244904427,0.156032692520464,0.130368798057502,0.444565976245335
"gene-LOC134703500|LOC134703500",278.176295479367,-0.320611996582002,0.1512712876149,0.00453209340469643,0.0716087786034719
"gene-LOC134703501|LOC134703501",243.667090096882,-0.15852704334256,0.163515753649393,0.0994223016619544,0.387588776980814
"gene-LOC134703502|LOC134703502",200.916994882651,-0.117525454206789,0.153654306773609,0.181549905672216,0.523054228463146
"gene-LOC134703506|LOC134703506",349.051934983058,-0.371237753225361,0.142760782657158,0.001043303084187,0.0342569105477898
"gene-LOC134703507|LOC134703507",188.781214672133,-0.548400363732437,0.189486169508996,0.000239478858191264,0.0154088921886702
"gene-LOC134703509|LOC134703509",159.258304489144,-0.288362821802303,0.162865173696504,0.010995766712077,0.105297930600902
"gene-LOC134703510|LOC134703510",239.040701967142,-0.148766336798658,0.158636384865027,0.114406490674091,0.418760565471892
"gene-LOC134703512|LOC134703512",198.51648734889,-0.239472814142887,0.184947474269692,0.0322463882057593,0.203603925307352
"gene-LOC134703514|LOC134703514",291.433273274716,-0.349845816585641,0.128309687280461,0.000810357939775545,0.0307260718831561
"gene-LOC134703516|LOC134703516",242.187379262738,-0.350495736067009,0.188827404894488,0.00639578959705993,0.0795726166665464
"gene-LOC134703519|LOC134703519",320.458252559356,-0.366497120526554,0.132331434221302,0.000653312847071403,0.0277440189056322
"gene-LOC134703520|LOC134703520",240.58308516564,-0.334895824643692,0.191237689994828,0.00842792569699522,0.090839063773028
"gene-LOC134703522|LOC134703522",319.338233677824,-0.355952599798306,0.132110367333883,0.000857312926672666,0.0314325642784809
"gene-LOC134703523|LOC134703523",213.569512213867,-0.267589237387465,0.192084012570219,0.0221774172896869,0.164267614110821
"gene-LOC134703526|LOC134703526",287.632924678603,-0.328860494047457,0.155291711302435,0.00434036200085262,0.0704988071886869
"gene-LOC134703527|LOC134703527",256.498836551302,-0.242172253207897,0.188171740534343,0.0305207972784266,0.197842587683645
"gene-LOC134703582|LOC134703582",240.285388029837,-0.309507538183988,0.15810377327787,0.00672556461742245,0.0809864775292646
"gene-LOC134703583|LOC134703583",241.687520033296,-0.221760141796406,0.214046264860534,0.0457718512834988,0.249610032949753
"gene-LOC134703584|LOC134703584",232.8115589073,-0.138109590617781,0.155119838546985,0.134974103444351,0.451093934386418
"gene-LOC134703586|LOC134703586",256.704432007528,-0.339341916236781,0.156903124923218,0.00357902070491887,0.0670456684666874
"gene-LOC134703587|LOC134703587",232.130168024512,-0.144405412552907,0.15707999842335,0.122443550456686,0.433016211074858
"gene-LOC134703590|LOC134703590",248.043161886445,-0.351847248786978,0.159457508469087,0.0030876551000341,0.0640663289485902
"gene-LOC134703591|LOC134703591",245.496105705588,-0.142782316944073,0.158345842320796,0.125299555710472,0.437481895555585
"gene-LOC134703598|LOC134703598",258.269033879185,-0.314382585620946,0.154168406261276,0.00552535719851587,0.074450333271415
"gene-LOC134703599|LOC134703599",259.966888903367,-0.314741153849676,0.153612009632637,0.00516988074764476,0.0734974983667498
"gene-LOC134703600|LOC134703600",250.422916801918,-0.242871064309691,0.187593044464023,0.0304506158489392,0.197727240527771
"gene-LOC134703602|LOC134703602",177.249152756949,-0.182383176715818,0.160876532419667,0.0676185896544495,0.310062534689014
"gene-LOC134703604|LOC134703604",289.687514524706,-0.335034628960045,0.159100617699939,0.0043709458746263,0.0704988071886869
"gene-LOC134703605|LOC134703605",158.835501905776,-0.336331920959968,0.163921473896087,0.00466424595998908,0.0716735266279098
"gene-LOC134703606|LOC134703606",240.897539712895,-0.106723977716108,0.143335304966712,0.218614418990348,0.571898911280704
"gene-LOC134703609|LOC134703609",318.650548254483,-0.375935750847618,0.131279413453911,0.000484942235604834,0.0242332553047288
"gene-LOC134703610|LOC134703610",241.825034647351,-0.329687727779375,0.188951666644458,0.0087642632346269,0.0932025990059655
"gene-LOC134703612|LOC134703612",323.343138246366,-0.37574360123459,0.132568855283261,0.000515045935387399,0.0242332553047288
"gene-LOC134703613|LOC134703613",323.656487693817,-0.369079669284052,0.130613816011,0.000570533184652259,0.025295991116097
"gene-LOC134703614|LOC134703614",322.82695674875,-0.363060851432588,0.131143070763531,0.000660611566066447,0.0278681832837302
"gene-LOC134703615|LOC134703615",254.34372537966,-0.241916676615275,0.165290968522462,0.0256015246256399,0.178443397619928
"gene-LOC134703616|LOC134703616",253.925446292798,-0.229608157027008,0.164346190353797,0.0316903458496166,0.20227204715637
"gene-LOC134703617|LOC134703617",255.087889179701,-0.225784232440254,0.163133620277171,0.0335687508224122,0.207850761041006
"gene-LOC134703618|LOC134703618",255.173317152524,-0.205645284029517,0.158759961468897,0.0411118890708434,0.235524869280562
"gene-LOC134703623|LOC134703623",323.207095129698,-0.371403507031322,0.129359182148592,0.000476884804615894,0.0242332553047288
"gene-LOC134703626|LOC134703626",319.202455602458,-0.369217572508619,0.128560953794731,0.000489089909088788,0.0242332553047288
"gene-LOC134703627|LOC134703627",243.100649473152,-0.350779234273641,0.190997457836481,0.00664190835238618,0.0804387906102802
"gene-LOC134703628|LOC134703628",242.850039405807,-0.309185615299985,0.184968119688004,0.0113011006052863,0.107284665954804
"gene-LOC134703642|LOC134703642",281.840446344371,-0.322881910937071,0.156256630385054,0.00497819766513994,0.0732358409398185
"gene-LOC134703643|LOC134703643",258.326356254099,-0.243135817675457,0.18465309821839,0.0303675974084978,0.19759100663139
"gene-LOC134703651|LOC134703651",33.8257981684882,0.0191193309883113,0.143243240774839,0.758898670039171,0.928644339516847
"gene-LOC134703730|LOC134703730",254.593050510305,-0.318364285179527,0.154790106766683,0.00518626139797178,0.0734974983667498
"gene-LOC134703731|LOC134703731",232.964181312565,-0.153078450227136,0.161110991232174,0.108015731684121,0.408829596451485
"gene-LOC134703734|LOC134703734",255.152863262305,-0.308012472951078,0.157040932743746,0.00665815718087163,0.0804533360079504
"gene-LOC134703735|LOC134703735",251.067591675775,-0.270325483957291,0.195567367497836,0.0219369423628191,0.163942815002452
"gene-LOC134703736|LOC134703736",221.296811519277,-0.198811656110001,0.181499769610647,0.056324480183702,0.281843628256231
"gene-LOC134703738|LOC134703738",318.697222378124,-0.375236529831031,0.131752892456871,0.000509062739986058,0.0242332553047288
"gene-LOC134703739|LOC134703739",241.011239094356,-0.307826528427966,0.188975501648371,0.0119462675820352,0.110768157929496
"gene-LOC134703811|LOC134703811",178.76897733896,-0.390368384393904,0.199909776730275,0.00431957499977881,0.0704988071886869
"gene-LOC134703814|LOC134703814",192.268451588418,-0.426578328625739,0.143761234136503,0.000284743394515895,0.0174405329140985
"gene-LOC134703815|LOC134703815",289.753723836052,-0.327970200905952,0.155545210584852,0.00444584908390476,0.0709467043113821
"gene-LOC134703816|LOC134703816",248.232701769947,-0.186429267979167,0.16520094108845,0.0630009085921233,0.297218853421544
"gene-LOC134703829|LOC134703829",259.243970405321,-0.33821871462118,0.155547221505437,0.00354109629546674,0.0665391840770593
"gene-LOC134703830|LOC134703830",225.650023843058,-0.225819031582374,0.176268911954001,0.0367196531795059,0.220456353207778
"gene-LOC134703832|LOC134703832",251.699800325937,-0.357648797203965,0.156434754793384,0.00242902530448926,0.0566772571047494
"gene-LOC134703833|LOC134703833",251.056798703991,-0.257555123563991,0.188455759561111,0.0251006910438234,0.17781675015316
"gene-LOC134703837|LOC134703837",242.048308410294,-0.14131299280967,0.157756625021189,0.128038444932774,0.440391411566829
"gene-LOC134703839|LOC134703839",257.102594637847,-0.336351739995468,0.160302061136513,0.00427422341487712,0.0704988071886869
"gene-LOC134703840|LOC134703840",241.712220376095,-0.143851513320109,0.156613023416768,0.123266886824147,0.434917879661363
"gene-LOC134703870|LOC134703870",250.572699917123,-0.227503430461739,0.182815139217668,0.0373061334018227,0.222509428623231
"gene-LOC134703872|LOC134703872",288.954998583417,-0.337761314491605,0.157828254073371,0.00388641119563244,0.068959440992141
"gene-LOC134703873|LOC134703873",259.425391592295,-0.26025139689336,0.192695846465793,0.0240739963218036,0.1724987138019
"gene-LOC134703875|LOC134703875",212.245655328294,-0.295034635629438,0.159156579116388,0.00908390302653774,0.0950615584732939
"gene-LOC134703876|LOC134703876",229.853948434969,-0.2169858394326,0.181402938334994,0.0443626000540462,0.244032609969149
"gene-LOC134703931|LOC134703931",262.941480704106,-0.200360308525105,0.17248981985729,0.0541763489929466,0.276053861605913
"gene-LOC134703933|LOC134703933",265.256187571017,-0.388006368393302,0.165812113733396,0.0018455720489344,0.0483798105008728
"gene-LOC134703934|LOC134703934",262.868434357538,-0.325113768462047,0.154800410955729,0.00438265740136892,0.0704988071886869
"gene-LOC134703936|LOC134703936",262.636927218024,-0.181576725647089,0.164162851340423,0.0701051729977628,0.316186760389478
"gene-LOC134703943|LOC134703943",287.429761996855,-0.338004362509641,0.160187517706681,0.00410200328736061,0.0704988071886869
"gene-LOC134703945|LOC134703945",243.612113655625,-0.153505952889895,0.162152939429781,0.106754480883088,0.40525985889468
"gene-LOC134703950|LOC134703950",319.090913299257,-0.357725420175568,0.129929080593826,0.000726747854046865,0.0288002646291995
"gene-LOC134703951|LOC134703951",241.657800779337,-0.335128910903349,0.189663539678455,0.00788186074731105,0.087928989422717
"gene-LOC134703953|LOC134703953",255.69358738348,-0.327564795079439,0.154724157314824,0.00429226568592473,0.0704988071886869
"gene-LOC134703954|LOC134703954",260.851501068421,-0.182376514413754,0.164903635121713,0.0693049531881146,0.313989135100654
"gene-LOC134703967|LOC134703967",256.187977320438,-0.321876353096025,0.155508907565543,0.00492642874666764,0.0728858444548063
"gene-LOC134703968|LOC134703968",260.848589661847,-0.196983637011278,0.171919497809239,0.0565573571851825,0.282275150843483
"gene-LOC134704063|LOC134704063",286.025710157259,-0.319405272746664,0.158286207185335,0.00569018478270578,0.0748894154252806
"gene-LOC134704064|LOC134704064",243.105095783177,-0.215739809081955,0.170870970501115,0.0421978871733986,0.238399851525089
"gene-LOC134704082|LOC134704082",257.479577890149,-0.314033687186265,0.15745241886427,0.00599016436015959,0.0766211786630855
"gene-LOC134704083|LOC134704083",259.025521589168,-0.318152665672847,0.156866403846372,0.00543192404851002,0.0743549033936444
"gene-LOC134704084|LOC134704084",234.812297011507,-0.129310062478971,0.151556833455258,0.154252079109194,0.48474876365346
"gene-LOC134704089|LOC134704089",287.780900373518,-0.303366209077541,0.154140893917665,0.00662005049587237,0.0804387906102802
"gene-LOC134704090|LOC134704090",261.12401339772,-0.246159546822684,0.190415479905474,0.028706150642461,0.190761267035835
"gene-LOC134704098|LOC134704098",309.151490550435,-0.373182034298984,0.135167340347754,0.00066663457630404,0.027937251651689
"gene-LOC134704099|LOC134704099",227.855973330647,-0.345637606972519,0.190611775049778,0.00681949201776058,0.0814518366259564
"gene-LOC134704101|LOC134704101",285.45818809186,-0.350302021362353,0.16115408982201,0.00334075602768172,0.0657723871268494
"gene-LOC134704102|LOC134704102",230.780416990939,-0.269793188666277,0.182256820147211,0.0198569428790374,0.155966370085658
"gene-LOC134704105|LOC134704105",260.251663558642,-0.306529553257118,0.154833318197328,0.00666865956235445,0.0804533360079504
"gene-LOC134704106|LOC134704106",235.11702363227,-0.300908325586574,0.16345716364561,0.0089369301431002,0.0942809880100327
"gene-LOC134704108|LOC134704108",248.620645329121,-0.27083293028628,0.193535444699465,0.0209530183134233,0.160227331539391
"gene-LOC134704110|LOC134704110",263.725497280592,-0.337863452105868,0.154086649888889,0.00338450075941044,0.0660274311715546
"gene-LOC134704111|LOC134704111",238.672585582186,-0.331367318390816,0.153766239820403,0.00383718028932053,0.0685339022460912
"gene-LOC134704112|LOC134704112",259.122123679254,-0.189397651983854,0.167184501148856,0.0627742821857784,0.296792261639656
"gene-LOC134704167|LOC134704167",272.859038260304,-0.380420671954829,0.143104252214946,0.000863531985672551,0.0314325642784809
"gene-LOC134704168|LOC134704168",246.174675404685,-0.36922637965269,0.194471605665903,0.0052183866191839,0.0735423070004456
"gene-LOC134704173|LOC134704173",255.257896393167,-0.305791909991333,0.157704364325332,0.00716352498827512,0.083574458196543
"gene-LOC134704174|LOC134704174",236.477793406134,-0.158992502761813,0.163112211492265,0.0987710119678178,0.386231642869859
"gene-LOC134704175|LOC134704175",237.403466651766,-0.139358534840101,0.152026374515675,0.129250769668405,0.443125620445499
"gene-LOC134704178|LOC134704178",254.151855272416,-0.325835866199052,0.156530153196027,0.00460519626302021,0.0716087786034719
"gene-LOC134704179|LOC134704179",234.465766219492,-0.13855756796767,0.152132521044391,0.133657415027159,0.449237352146792
"gene-LOC134704181|LOC134704181",215.733340771233,-0.175107252012331,0.16715925397036,0.0779064581587269,0.337669944678899
"gene-LOC134704212|LOC134704212",250.794789589916,-0.246781710733687,0.186439284514141,0.0289357897221627,0.191601850862969
"gene-LOC134704214|LOC134704214",259.796226241458,-0.330099121116824,0.159341486205233,0.00464154298505865,0.0716735266279098
"gene-LOC134704215|LOC134704215",259.611196643582,-0.328932740346541,0.159463790617715,0.0048001186745675,0.0720115487007835
"gene-LOC134704216|LOC134704216",251.284825155566,-0.228014850403511,0.179536374543308,0.0370489563517107,0.221597983061406
"gene-LOC134704233|LOC134704233",251.966484077588,-0.249339051406562,0.189415877241968,0.0277962872509585,0.187169502947786
"gene-LOC134704235|LOC134704235",259.269033385154,-0.342098322034334,0.15768492666762,0.00346314945286206,0.0662470330772713
"gene-LOC134704236|LOC134704236",260.031346285613,-0.328536255233125,0.15573723135755,0.00434660303547087,0.0704988071886869
"gene-LOC134704237|LOC134704237",251.307511757704,-0.237829278377494,0.182721823571778,0.0327302639730234,0.204805286353791
"gene-LOC134704244|LOC134704244",255.131128663279,-0.322369724417073,0.157112381603548,0.00505063550791155,0.0733169146754874
"gene-LOC134704245|LOC134704245",251.195522803159,-0.256376393786376,0.189684336687284,0.025977385348613,0.180060875593759
"gene-LOC134704246|LOC134704246",252.582188932023,-0.241783045415072,0.188300000603575,0.0307163023227441,0.198731848880049
"gene-LOC134704260|LOC134704260",240.397018126028,-0.340995017002916,0.160745455476014,0.00391833846036595,0.0692343437759014
"gene-LOC134704261|LOC134704261",174.919193993322,-0.294065516860046,0.158190726088525,0.00897177879006396,0.0943073117041377
"gene-LOC134704262|LOC134704262",222.595720271539,-0.210980025649364,0.186780839317731,0.0478943305845661,0.255584833191265
"gene-LOC134704264|LOC134704264",316.812723866335,-0.386800212955309,0.135335119456715,0.000463748411097276,0.0242137490056529
"gene-LOC134704265|LOC134704265",243.772400929676,-0.366101690523265,0.197122309559398,0.00582559277768527,0.0758934553133569
"gene-LOC134704281|LOC134704281",291.799642012317,-0.320145716588556,0.155384114996796,0.00516334735243435,0.0734974983667498
"gene-LOC134704282|LOC134704282",263.305904432581,-0.38594769976787,0.16122921354512,0.00169665134814309,0.0458167206620552
"gene-LOC134704283|LOC134704283",212.580573661291,-0.33596046548224,0.191241441122906,0.00799432796276898,0.0885632506484146
"gene-LOC134704287|LOC134704287",261.436017657817,-0.333352812583159,0.156512924394042,0.00406486193329034,0.070361876399618
"gene-LOC134704288|LOC134704288",257.162570283639,-0.29887729032028,0.154930032592842,0.0076372786324807,0.0871590847137992
"gene-LOC134704289|LOC134704289",234.507360455932,-0.255285157335866,0.185236573967195,0.0253614334936263,0.177921069773568
"gene-LOC134704291|LOC134704291",318.435730154948,-0.379877291641768,0.134170843588855,0.00053013693651494,0.0242332553047288
"gene-LOC134704292|LOC134704292",229.821531172979,-0.353438979136162,0.184217407998633,0.0054161830829397,0.0743549033936444
"gene-LOC134704316|LOC134704316",318.94765317032,-0.37074750363867,0.130839425264978,0.000530832745423664,0.0242332553047288
"gene-LOC134704318|LOC134704318",242.206399925219,-0.336813083144792,0.190099172305104,0.00773843542344061,0.0871900394699788
"gene-LOC134704321|LOC134704321",316.736730998151,-0.364980543111644,0.136499674134952,0.000897996166874328,0.0316035115082291
"gene-LOC134704379|LOC134704379",269.00380561161,-0.390189085479173,0.13077580265913,0.000299097393931529,0.0178229884967515
"gene-LOC134704380|LOC134704380",245.477015095925,-0.355932602523869,0.191556359155228,0.00615480888342066,0.0779492966944525
"gene-LOC134704381|LOC134704381",197.49857364294,-0.126221577735259,0.155021653129393,0.160890525663912,0.495107559651749
"gene-LOC134704398|LOC134704398",287.783931526258,-0.349862460021248,0.158571616294373,0.003016517362367,0.0630507228589998
"gene-LOC134704400|LOC134704400",246.999125425291,-0.201759905230984,0.167596591492465,0.0515421850717421,0.268019362373059
"gene-LOC134704418|LOC134704418",327.221432851865,-0.363827078903686,0.132334158398582,0.000699994539794129,0.0282212988511937
"gene-LOC134704419|LOC134704419",242.006693285927,-0.325174511867513,0.192450813229462,0.00953228005521273,0.0976215819159246
"gene-LOC134704424|LOC134704424",289.660361023915,-0.326676326013944,0.157349793465749,0.00476627542999833,0.0719724690065384
"gene-LOC134704425|LOC134704425",239.735432720487,-0.294603056441191,0.167805441825501,0.0106650266148567,0.104196655731039
"gene-LOC134704426|LOC134704426",243.229269357694,-0.149266223358189,0.152276561509435,0.111909943363016,0.414309251935563
"gene-LOC134704433|LOC134704433",326.841600849703,-0.365843340932458,0.134351280188622,0.000762719772236552,0.0297339066017405
"gene-LOC134704434|LOC134704434",326.104923390471,-0.36739900443428,0.131777211350089,0.000628631976248108,0.0270566600587868
"gene-LOC134704435|LOC134704435",241.028484833622,-0.34402653191539,0.191880240609927,0.00741765053991787,0.0857539635921539
"gene-LOC134704437|LOC134704437",291.006495622002,-0.370178953979735,0.136931555780635,0.000800805242178375,0.0305456849860853
"gene-LOC134704438|LOC134704438",241.344380379905,-0.376854217100632,0.197131922924338,0.00500583270184652,0.0733169146754874
"gene-LOC134704449|LOC134704449",237.198568335975,-0.354258502796869,0.163327136338415,0.0032120768229302,0.0644506893595178
"gene-LOC134704451|LOC134704451",242.571288129207,-0.147152721029074,0.155378333528339,0.116444680166014,0.42265106134331
"gene-LOC134704454|LOC134704454",287.327730960265,-0.316957672077415,0.156776589867159,0.00566860846424714,0.0747599087313753
"gene-LOC134704808|LOC134704808",6.45261524663244,0.0200896459241344,0.157189397971937,0.410999779299069,NA
"gene-LOC134704809|LOC134704809",12.1517710417448,0.10774342885724,0.164201428933585,0.192497762540223,0.535931270708574
"gene-LOC134704839|LOC134704839",12.2198080587073,-0.126171689295349,0.184640679408083,0.131789445433412,0.446541897558955
"gene-LOC134704861|LOC134704861",11.5822944241446,0.0201409899411335,0.158117394219949,0.27115716246277,0.628890467346271
"gene-LOC134704877|LOC134704877",14.591468883945,-0.000163050545863547,0.154288696213255,0.991199968587696,0.997554712787997
"gene-LOC134704883|LOC134704883",14.58317940667,-0.0360319083639387,0.160974509889936,0.184653350661751,0.526201219803013
"gene-LOC134704886|LOC134704886",19.2819837328703,0.0165625669873335,0.154013221957928,0.64858242587495,0.889087813609181
"gene-LOC134704912|LOC134704912",23.4503910387388,-0.0453253385605107,0.151321920531594,0.450250279745967,0.781497079559077
"gene-LOC134704916|LOC134704916",41.8924054571686,-0.0608028885302716,0.172352911439498,0.0462282417119371,0.251043392757919
"gene-LOC134704932|LOC134704932",251.882545906346,-0.0265603034410917,0.148434076334565,0.628487562883382,0.878733733018258
"gene-LOC134704944|LOC134704944",8.71587204093611,-0.0185163177843024,0.149819755547981,0.703109714813707,NA
"gene-LOC134704974|LOC134704974",94.2184664842806,-0.0305697753056654,0.157734090067788,0.363693846544178,0.712857211332275
"gene-LOC134704979|LOC134704979",18.4016430395226,-0.0528505655886325,0.164747848703582,0.18351743896381,0.525295157570623
"gene-LOC134704981|LOC134704981",13.3231369028439,-0.0235475717914847,0.15241964262341,0.600804538305594,0.863909187532614
"gene-LOC134705019|LOC134705019",15.1781701800816,-0.0286888605085247,0.157949213423003,0.346279797764548,0.700922247143366
"gene-LOC134705020|LOC134705020",100.515028966503,-0.0515405076955431,0.166181610618731,0.128303208853619,0.440826019631907
"gene-LOC134705077|LOC134705077",14.9524421418277,-0.0130527191584827,0.155783779980579,0.61436003517106,0.871209577925122
"gene-LOC134705080|LOC134705080",8.50521169227526,-0.0762913461389678,0.159576093596545,0.277689572707996,NA
"gene-LOC134705107|LOC134705107",816.939909183249,0.00202782922342361,0.144134628493132,0.981013983640407,0.995964714564617
"gene-LOC134705108|LOC134705108",2367.28175090458,0.0297371100885016,0.146357154697944,0.621722230122725,0.875607032032227
"gene-LOC134705109|LOC134705109",221.179623188919,0.00751350117774594,0.15297861369706,0.843316087128485,0.95511677644643
"gene-LOC134705122|LOC134705122",18.4828879084421,-0.0732075026331883,0.151267241158707,0.326988514421475,0.682916592314866
"gene-LOC134705133|LOC134705133",26.6906856295872,0.0660925328032993,0.162266513440122,0.27009231787527,0.627915352140683
"gene-LOC134705150|LOC134705150",215.097741940801,-0.0501662641807494,0.166958539569487,0.0701505045790882,0.316186760389478
"gene-LOC134705151|LOC134705151",192.197989018175,0.00467154641359855,0.152024052726903,0.898780838766274,0.976335938427893
"gene-LOC134705152|LOC134705152",2138.73632140409,0.027706151157944,0.153929420175069,0.52897049390524,0.826070259422782
"gene-LOC134705160|LOC134705160",16.8956109631696,2.60132677812496,0.512611784546495,1.71077787141866e-08,3.63255168031229e-05
"gene-LOC134705188|LOC134705188",142.391913047114,-0.00511087672442449,0.155933135521619,0.904048703535915,0.978481247369403
"gene-LOC134705190|LOC134705190",35.6086853828582,-0.00416350339220697,0.15357650664357,0.902573964501985,0.97811471736563
"gene-LOC134705220|LOC134705220",17.6116300352225,0.0328704881184954,0.149615267875072,0.556753771400582,0.842305459128819
"gene-LOC134705274|LOC134705274",17.1151387528961,-0.0353715686832721,0.159953151996607,0.24967431877493,0.606092166679834
"gene-LOC134705300|LOC134705300",12.282362747844,-0.14853176068566,0.224639848577914,0.0685780634400156,0.312700260639155
"gene-LOC134705329|LOC134705329",20.0812597113629,-0.0108622417728328,0.147759507063211,0.831791087078033,0.95105951595356
"gene-LOC134705334|LOC134705334",12.115557243751,0.0422419183845873,0.149096916813232,0.494004743591307,0.805016683723875
"gene-LOC134705343|LOC134705343",25.4180441316376,0.00934933179226078,0.140492368067334,0.883724793390411,0.973377065580696
"gene-LOC134705345|LOC134705345",21.3732946901587,0.0306533904382676,0.151433075576582,0.553330823422632,0.840071090263358
"gene-LOC134705388|LOC134705388",9.95313274741899,0.129522336148575,0.231677567834332,0.0243125012243401,NA
"gene-LOC134705434|LOC134705434",9.34096585649929,0.0203579807629606,0.156291729661192,0.488770663670875,NA
"gene-LOC134705445|LOC134705445",23.8162298223755,0.0154065342998422,0.155877472444486,0.574947581005418,0.849776174706209
"gene-LOC134705446|LOC134705446",32.204339772348,0.00107432647304821,0.156632650796574,0.951211270678482,0.993195169444879
"gene-LOC134705447|LOC134705447",40.9869906310683,-0.0111809685216409,0.15612128786331,0.614052394061182,0.871209577925122
"gene-LOC134705448|LOC134705448",185.477038531579,-0.0395987362989445,0.149755529495546,0.501738373317937,0.806492016083935
"gene-LOC134705461|LOC134705461",8.08879800523707,0.0236008441144703,0.15224943109509,0.606918726695908,NA
"gene-LOC134705462|LOC134705462",10.3385466668671,0.0215335118265443,0.133715189984131,0.762562052612502,NA
"gene-LOC134705504|LOC134705504",24.1471784030726,0.0275295700730161,0.149671289470351,0.608623759629578,0.867140836352241
"gene-LOC134705575|LOC134705575",68.7960391593794,0.0928115948468304,0.129255115557972,0.277014088405886,0.635655527069703
"gene-LOC134705579|LOC134705579",85.7996288354103,0.0460789226641341,0.106175521974445,0.562355387111239,0.844329547247998
"gene-LOC134705580|LOC134705580",414.82616270365,-0.00435403590053867,0.153815252760545,0.891091305556177,0.975070935959626
"gene-LOC134705583|LOC134705583",451.3904382702,-0.0319323490615623,0.157550075502393,0.372375029061661,0.720172447476432
"gene-LOC134705593|LOC134705593",18.8906728692457,0.0188745919456553,0.152214453319431,0.665051481907872,0.89791817290232
"gene-LOC134705600|LOC134705600",26.8727142024342,0.0642359707189206,0.14186311804624,0.40929149524181,0.749549529041683
"gene-LOC134705613|LOC134705613",27.7538134351084,0.152221412079999,0.154000984887432,0.11028695405061,0.413251704295522
"gene-LOC134705627|LOC134705627",28.7440263788717,0.124325494451239,0.141045610323874,0.168094772451878,0.504992479825894
"gene-LOC134705633|LOC134705633",17.2627867987634,0.0291156484648857,0.153952664508704,0.513595150432893,0.813628726251562
"gene-LOC134705636|LOC134705636",15.0148182082024,0.00659163974665901,0.155952591861397,0.760291935499228,0.928686892939909
"gene-LOC134705647|LOC134705647",4562.89006412516,-0.20258628484809,0.166042258780015,0.0512978185506842,0.26740352223229
"gene-LOC134705672|LOC134705672",11.3883228092272,0.0773005110933741,0.157079865297912,0.285083918546309,0.644651956386222
"gene-LOC134705699|LOC134705699",8.4547132193783,-0.0493036054822114,0.164441165496362,0.166790052709221,NA
"gene-LOC134705704|LOC134705704",25.6611377753057,-0.00173186542089102,0.156416320597591,0.907662725345712,0.979801992959191
"gene-LOC134705706|LOC134705706",210.584259133248,-0.0908886621873461,0.16736325614949,0.207652924326731,0.557420180505172
"gene-LOC134705709|LOC134705709",16.3829244086859,0.831319382276599,0.216264431048248,6.49684762306962e-06,0.00159172766765206
"gene-LOC134705761|LOC134705761",17.7641867151151,-0.126624367092466,0.191543833604976,0.118625169910165,0.426434724789927
"gene-LOC134705786|LOC134705786",178.932337882296,0.0340300228569746,0.159025316319668,0.300938312610578,0.661330506194431
"gene-LOC134705863|LOC134705863",11.5181030391226,-0.00277744383814368,0.152622357508933,0.94070162450401,0.989791724851374
"gene-LOC134705869|LOC134705869",144.188723436299,-0.0211252727663968,0.145816100334509,0.712574338175382,0.916378992026017
"gene-LOC134705939|LOC134705939",9.64657998561213,0.00491103723092378,0.155193145935223,0.848270443656193,NA
"gene-LOC134705945|LOC134705945",17.8239261833098,-0.00706985766621742,0.156519733308462,0.674880496913341,0.902757154397979
"gene-LOC134705946|LOC134705946",35.5807854595411,-0.0581228548620628,0.166700749299047,0.167661205058738,0.504992479825894
"gene-LOC134705953|LOC134705953",28.6494608211554,-0.00691410398415136,0.120331489252564,0.928025672827494,0.984561375999598
"gene-LOC134705991|LOC134705991",22.7192638861344,0.0247928913137267,0.135796880409482,0.725209334742709,0.919270819558614
"gene-LOC134706000|LOC134706000",110.441443495002,-0.0291817412046732,0.136557600333628,0.687753157836753,0.906613082139324
"gene-LOC134706012|LOC134706012",85.810869918723,0.00710513613785407,0.0903071105390589,0.923018503202125,0.983116205832622
"gene-LOC134706013|LOC134706013",13.2343231055322,-0.0148982214352329,0.153643084712887,0.676576352202919,0.90276316789539
"gene-LOC134706089|LOC134706089",487.256571178084,0.057209206244302,0.163857574908328,0.232268155361457,0.585589754069761
"gene-LOC134706117|LOC134706117",12.2007827354217,0.115505637099664,0.207849557259697,0.055185783598371,0.278552647798433
"gene-LOC134706124|LOC134706124",12.8528709449017,0.00380150491176945,0.139512418875563,0.95493138122885,0.993195169444879
"gene-LOC134706126|LOC134706126",11.7393282664535,-0.00131080828999448,0.154364168322733,0.960120436546865,0.993195169444879
"gene-LOC134706152|LOC134706152",43.4900826151694,-0.180557425460457,0.151171159542703,0.0669570622295266,0.309064939258156
"gene-LOC134706182|LOC134706182",45.1133312832978,0.0241958308263857,0.154057119342709,0.556820767408392,0.842305459128819
"gene-LOC134706188|LOC134706188",10.9108876356649,-0.00998155718855211,0.155382593024772,0.701160026040913,NA
"gene-LOC134706191|LOC134706191",13.2791570698698,-0.0136517604150315,0.152960562240978,0.715356501651855,0.917921047062424
"gene-LOC134706194|LOC134706194",126.394319387172,0.201593730053357,0.149493514808303,0.0448701724473906,0.245763541263868
"gene-LOC134706198|LOC134706198",27.8461654467256,0.0281043240308612,0.112235986370971,0.723339615534013,0.918778335184778
"gene-LOC134706204|LOC134706204",41.2562435521755,-0.0553307160628939,0.112815748957446,0.492263126502928,0.80401393307302
"gene-LOC134706205|LOC134706205",28.6406195114638,0.0408673296917602,0.12996091963562,0.597294060950553,0.861916670851489
"gene-LOC134706211|LOC134706211",68.2902978018392,0.0979562148447213,0.158376552089252,0.220935083522382,0.574196851096522
"gene-LOC134706212|LOC134706212",26.8971256760887,0.184545519074105,0.298445912312264,0.0301446469489281,0.196342134960287
"gene-LOC134706215|LOC134706215",20.8418527789834,-0.0717612152335692,0.130099274866877,0.391397415595599,0.736326502464255
"gene-LOC134706219|LOC134706219",65.9403411008197,-0.0524034183489404,0.161238575612984,0.275410929740672,0.633545154315045
"gene-LOC134706228|LOC134706228",9.88058970958651,0.00295099435684589,0.152535935692162,0.939423952088974,NA
"gene-LOC134706229|LOC134706229",77.9150337161803,-0.0421399447756137,0.13080098169271,0.582136254214488,0.854654113796037
"gene-LOC134706230|LOC134706230",9.37331839936522,0.0115243949673181,0.149011431254411,0.814129382473892,NA
"gene-LOC134706232|LOC134706232",10.0909152112346,-0.00229804969466105,0.150641117482722,0.957232930167675,NA
"gene-LOC134706233|LOC134706233",47.6223021811657,0.323160550421656,0.137208340543304,0.0026818877046216,0.058910686873051
"gene-LOC134706244|LOC134706244",12.4933006466984,-0.0201325680312852,0.129196082677883,0.788302524152598,0.938434867631775
"gene-LOC134706246|LOC134706246",45.655679401649,-0.0122394944606292,0.118885930485978,0.874590359594685,0.968263098070178
"gene-LOC134706249|LOC134706249",9.27329985771013,0.058317967609802,0.164426288233862,0.223970201001072,NA
"gene-LOC134706250|LOC134706250",26.1277619791976,0.0386405819531776,0.142990268741725,0.568882909371682,0.847470564241725
"gene-LOC134706251|LOC134706251",15.216824162233,0.0313595018195939,0.139251895336612,0.652678525224257,0.891233898856622
"gene-LOC134706253|LOC134706253",9.85148872477287,0.0231049494328038,0.145906679737938,0.693341929616596,NA
"gene-LOC134706257|LOC134706257",128.363530223037,0.0870920593774053,0.139973165997148,0.295473330942777,0.657320690778407
"gene-LOC134706260|LOC134706260",13.6167397777668,-0.182279878849974,0.235995019204054,0.0623630281601972,0.295574768884268
"gene-LOC134706262|LOC134706262",65.1838760650583,-0.106074538330751,0.113566876460574,0.205710610393476,0.554070438987925
"gene-LOC134706264|LOC134706264",79.6506739454377,-0.0476753365291727,0.144297140505357,0.489329685752052,0.801482586236353
"gene-LOC134706265|LOC134706265",14.7946730441878,0.00395281779276003,0.135524444301,0.953896330894377,0.993195169444879
"gene-LOC134706267|LOC134706267",11.610878846608,-0.00595278898056194,0.149141755453002,0.898151253674333,0.976151422266764
"gene-LOC134706269|LOC134706269",7.62756220567322,0.0105563728850954,0.152791425991701,0.781096468808757,NA
"gene-LOC134706271|LOC134706271",39.5665853279665,-0.021791169196533,0.127338732926534,0.78420835698011,0.937103808252
"gene-LOC134706281|LOC134706281",35.9451032422073,-0.00349182057642725,0.134303766928132,0.958482376032855,0.993195169444879
"gene-LOC134706282|LOC134706282",12.0394740820485,-0.0537585129117404,0.156086197177197,0.35772047760193,0.709426974571699
"gene-LOC134706284|LOC134706284",48.8937786779788,0.178813912958182,0.195496421399827,0.0758759355603321,0.33239300217101
"gene-LOC134706285|LOC134706285",10.9391425574684,0.0164411572057954,0.149572860096251,0.7382019811493,NA
"gene-LOC134706291|LOC134706291",14.1354447946601,0.0319093287683217,0.144378553003902,0.61431324110372,0.871209577925122
"gene-LOC134706293|LOC134706293",20.6009203420834,0.496113692096877,0.338742984465505,0.00664219840832141,0.0804387906102802
"gene-LOC134706294|LOC134706294",45.8194878034958,0.121071565416919,0.167598431704799,0.164341554556597,0.499916962051184
"gene-LOC134706296|LOC134706296",53.4258845468451,-0.045063445272018,0.119902785859711,0.57384819573953,0.849108712395076
"gene-LOC134706301|LOC134706301",30.2405509139272,0.192401129261533,0.16227042819415,0.0590680907650645,0.288724516350049
"gene-LOC134706302|LOC134706302",22.1981581000365,-0.0673575475748847,0.138710887996073,0.39290752348842,0.737556162394337
"gene-LOC134706303|LOC134706303",28.8715059211862,0.0272425474875898,0.155019618736386,0.498642924249082,0.80632202571024
"gene-LOC134706304|LOC134706304",99.8203451445282,0.114241607646789,0.218414083552839,0.012435019528202,0.113972768913161
"gene-LOC134706311|LOC134706311",8.9996315307633,0.0364389713306161,0.1395384478217,0.604908531269301,NA
"gene-LOC134706318|LOC134706318",41.7242441935501,0.199502729035486,0.186772302136945,0.0582393231175755,0.286757629034727
"gene-LOC134706324|LOC134706324",82.7547480602277,0.136634677631031,0.125167318320218,0.124573048270218,0.436092077702237
"gene-LOC134706326|LOC134706326",37.1615027639279,-0.0622127595430857,0.144466740911576,0.405987383031787,0.747007403209845
"gene-LOC134706330|LOC134706330",13.8794517386784,0.00150559355437213,0.135369868830459,0.983842938723605,0.996039338790427
"gene-LOC134706344|LOC134706344",15.6851346753531,-0.141967044384965,0.190407687361102,0.108650080677231,0.409769694442841
"gene-LOC134706345|LOC134706345",75.5003733667844,0.250284368376824,0.236340539004942,0.0341018807269179,0.209680482847941
"gene-LOC134706350|LOC134706350",13.1651463836657,0.0482307740819535,0.158344355835028,0.336051982990574,0.691242561689766
"gene-LOC134706351|LOC134706351",254.965722614072,0.0745127915078057,0.154389597434074,0.306946464433776,0.666370265190779
"gene-LOC134706354|LOC134706354",16.9171641404448,0.0282179506231801,0.14408027354537,0.653533017935744,0.891817764406746
"gene-LOC134706365|LOC134706365",726.186660424836,-0.0328996193943235,0.0892522083550116,0.650469772139708,0.890382102519784
"gene-LOC134706366|LOC134706366",10.4866085291761,-0.0616754040724271,0.163449424857101,0.249901079351725,NA
"gene-LOC134706371|LOC134706371",8.63472379375427,0.0768205520136063,0.174738141535686,0.137283807741048,NA
"gene-LOC134706373|LOC134706373",6.58213331877474,-0.00503768585292871,0.154970107236798,0.846310172494278,NA
"gene-LOC134706376|LOC134706376",29.626660985162,0.186139090687569,0.186014033139061,0.069044734710527,0.313481764039442
"gene-LOC134706378|LOC134706378",17.532260892399,0.0287115886884186,0.13064208389918,0.700542353408757,0.911821575646462
"gene-LOC134706383|LOC134706383",59.777343123303,0.17543502203299,0.196678885741707,0.0784373333166414,0.338972736246272
"gene-LOC134706385|LOC134706385",17.0981101498878,-0.0785734915674825,0.160917688418537,0.262134190898337,0.619589905759705
"gene-LOC134706388|LOC134706388",10.3540904063089,-0.00305259414988989,0.150022458378301,0.940963920601883,NA
"gene-LOC134706389|LOC134706389",23.0017944767803,0.00111023676149304,0.141738552767694,0.983334856918206,0.995964714564617
"gene-LOC134706392|LOC134706392",15.8687267099818,0.000793558503824973,0.135607273196841,0.989268755015216,0.99704656962612
"gene-LOC134706394|LOC134706394",34.5596167724415,-0.00765440469962578,0.138013670981629,0.910657896355323,0.980949200438228
"gene-LOC134706399|LOC134706399",7.73444776823921,-0.0357876010062903,0.157454109284109,0.372524012463583,NA
"gene-LOC134706402|LOC134706402",23.3559437436279,-0.0192717810481865,0.154342457371415,0.594247992412448,0.86088512225352
"gene-LOC134706403|LOC134706403",95.6384666884542,-0.158206711688171,0.150954142317326,0.0979566497438002,0.384463252537281
"gene-LOC134706408|LOC134706408",95.5362193245125,-0.181704158736098,0.160316676223971,0.0692064467460347,0.313768730087004
"gene-LOC134706410|LOC134706410",13.3006614212121,-0.029370465328,0.13666963107822,0.675102745121544,0.902757154397979
"gene-LOC134706411|LOC134706411",10.0550239683387,0.00491058918523617,0.140934778569307,0.938868623034382,NA
"gene-LOC134706412|LOC134706412",119.834964471482,0.00371578387226436,0.11515643429793,0.965020925043732,0.994654333373548
"gene-LOC134706413|LOC134706413",111.446341590286,0.0299514353085654,0.117520342961613,0.702643982542812,0.91221852127004
"gene-LOC134706418|LOC134706418",17.0339244962524,0.102033419688904,0.188827410215845,0.106689194572424,0.40525985889468
"gene-LOC134706423|LOC134706423",17.0017942949792,-0.0340227805361978,0.146140779101986,0.583096574346451,0.855348477109129
"gene-LOC134706424|LOC134706424",53.1333098405922,0.0697973838490051,0.106777750728017,0.385790169071504,0.732717940443776
"gene-LOC134706425|LOC134706425",19.6138852852962,0.0468690734075716,0.14063936501312,0.516680232097053,0.815869879226515
"gene-LOC134706426|LOC134706426",9.22568517252174,0.0216693059135795,0.15580649367963,0.512155591450446,NA
"gene-LOC134706429|LOC134706429",8.84541811860828,0.0644888733765948,0.153208939109955,0.349591704025702,NA
"gene-LOC134706430|LOC134706430",36.3913726224165,0.00208354541226804,0.138503965218691,0.975364525818541,0.995073589829788
"gene-LOC134706431|LOC134706431",27.5192157031455,0.0221271617128277,0.139288824127791,0.742285107233287,0.922809345788751
"gene-LOC134706432|LOC134706432",37.1079026659918,9.19604253258066e-05,0.120976450567998,0.999128750894494,0.999844121522816
"gene-LOC134706436|LOC134706436",10.8162495959903,0.00388417165599448,0.128982066746165,0.958160894470175,NA
"gene-LOC134706440|LOC134706440",51.7547000722942,0.0540175724863041,0.145679745091308,0.445612229012217,0.780078735931532
"gene-LOC134706442|LOC134706442",80.6474744416772,0.0853308055158414,0.128101555823501,0.310103522567539,0.669404994979025
"gene-LOC134706446|LOC134706446",9.63585352937948,0.0184388784047836,0.154572239253538,0.607159328055814,NA
"gene-LOC134706448|LOC134706448",197.115869969176,0.362856310860425,0.177846012667153,0.00429021013684791,0.0704988071886869
"gene-LOC134706449|LOC134706449",17.434732525441,0.0616895941726477,0.154710981057834,0.34625338189338,0.700922247143366
"gene-LOC134706450|LOC134706450",82.9867508331994,0.0425669219982526,0.124102283063848,0.588229662012441,0.858227885254066
"gene-LOC134706456|LOC134706456",12.274620997533,0.0646383236552918,0.145349085333908,0.389238441403242,0.734980847266279
"gene-LOC134706457|LOC134706457",83.2720765102508,0.0303184071523009,0.107910865574076,0.709388042971661,0.915528344015331
"gene-LOC134706464|LOC134706464",101.39510091769,0.0757622399886529,0.138877925763219,0.350558383361719,0.703768327139662
"gene-LOC134706465|LOC134706465",44.3871173332061,-0.0931030106993972,0.135401650017632,0.273787581224609,0.63212283160593
"gene-LOC134706469|LOC134706469",22.8200465780677,-0.0376898493193555,0.144276980661507,0.563606747511863,0.844686156337756
"gene-LOC134706471|LOC134706471",624.827486938992,-0.0757996665395633,0.148510273020259,0.327178915765419,0.682916592314866
"gene-LOC134706474|LOC134706474",8.35334666358527,0.00614509897426184,0.143713357646472,0.917716985080402,NA
"gene-LOC134706476|LOC134706476",10.4566680142499,0.0389186341527018,0.138246894325245,0.58978104419994,NA
"gene-LOC134706477|LOC134706477",7.09816637799803,0.0916417713018518,0.194556671561193,0.0175759489189051,NA
"gene-LOC134706478|LOC134706478",13.1975157027213,-0.00301533036323448,0.127880507684957,0.966933166307307,0.995070070324304
"gene-LOC134706482|LOC134706482",78.559636887998,0.135836078434733,0.139174640770376,0.13801298848932,0.457172509972422
"gene-LOC134706485|LOC134706485",25.7135716572898,-0.0177178240523255,0.114017783694979,0.82128836023015,0.947754864975735
"gene-LOC134706486|LOC134706486",15.5169022938792,0.14888042770761,0.169895279326325,0.114563216546134,0.418760565471892
"gene-LOC134706487|LOC134706487",14.9561036569449,0.0159130371740978,0.118494291331783,0.839496925488092,0.953438709245635
"gene-LOC134706489|LOC134706489",14.247155315487,0.0223811846156061,0.127628206321514,0.771322389913527,0.932853633900032
"gene-LOC134706490|LOC134706490",31.8200128773105,-0.111910103730001,0.13666534135856,0.201483559076945,0.548014633356165
"gene-LOC134706493|LOC134706493",7.4851600142928,-0.0425653927354249,0.154578176851237,0.42117944320092,NA
"gene-LOC134706496|LOC134706496",19.8174464248001,-0.0225603764014088,0.146275162747289,0.693903316775177,0.908204508399908
"gene-LOC134706499|LOC134706499",13.714162083616,-0.0300969794972204,0.140596297540501,0.648527317748069,0.889087813609181
"gene-LOC134706500|LOC134706500",15.0943901985106,0.0564154562666673,0.160778608726016,0.291520356410269,0.652260158178227
"gene-LOC134706502|LOC134706502",39.724215240687,0.305792991399466,0.139575761626793,0.00437488056838158,0.0704988071886869
"gene-LOC134706504|LOC134706504",36.7225813320726,0.070083568299434,0.157041977715476,0.305861629223213,0.66555505898304
"gene-LOC134706508|LOC134706508",37.5919479309713,0.0458572135753906,0.165031973645261,0.0894356778246028,0.363796467268659
"gene-LOC134706510|LOC134706510",43.0583757403593,0.107086468208506,0.153832379971712,0.210492595247902,0.561020013275788
"gene-LOC134706516|LOC134706516",12.2172069278179,-0.00210225581685671,0.144867046290258,0.968679399349182,0.995073589829788
"gene-LOC134706530|LOC134706530",8.10857303450573,0.159870016042637,0.212873368338946,0.0821141045810621,NA
"gene-LOC134706534|LOC134706534",28.4180780829261,-0.379119117373215,0.258191664037453,0.0100275410377238,0.100118238887618
"gene-LOC134706535|LOC134706535",73.1628017108111,0.0758900555231825,0.114490224110801,0.357231429211387,0.708958613480239
"gene-LOC134706537|LOC134706537",34.6409475011733,0.0187993813379579,0.149468908426631,0.707226525327547,0.914913275048025
"gene-LOC134706538|LOC134706538",15.3759138339402,-0.283435264390227,0.275111845723988,0.02595490320615,0.180060875593759
"gene-LOC134706541|LOC134706541",229.794281934047,0.149451775040185,0.158447317748144,0.115331009074611,0.420766625318024
"gene-LOC134706547|LOC134706547",15.4843754493684,-0.00669953315255931,0.139580839418698,0.916626977480699,0.98134698001751
"gene-LOC134706555|LOC134706555",12.8039580566204,0.00289481315809509,0.154881143149823,0.926266376176856,0.983386136041095
"gene-LOC134706563|LOC134706563",22.2988877357798,0.00760119305299188,0.122672047651537,0.921716042775818,0.983116205832622
"gene-LOC134706565|LOC134706565",10.449794294647,0.0270994727913012,0.13339002520945,0.710248873161685,NA
"gene-LOC134706566|LOC134706566",12.1593562198493,-0.0110824420680489,0.15345627630869,0.748046827132631,0.923580623736145
"gene-LOC134706568|LOC134706568",52.8909370757086,0.271959826313547,0.218151967195267,0.0255752162687159,0.178443397619928
"gene-LOC134706571|LOC134706571",24.743036493339,0.0720691628710208,0.13716605797246,0.371669280135754,0.719883740034722
"gene-LOC134706572|LOC134706572",1434.29857461031,0.137801441442429,0.088030262613851,0.0620537561255132,0.295120916369641
"gene-LOC134706573|LOC134706573",10.5140859067378,-0.252192454701253,0.548257711450204,0.0132821898969925,NA
"gene-LOC134706576|LOC134706576",83.4496327566639,0.135479840725093,0.157144350716935,0.142562312146709,0.466660805947861
"gene-LOC134706577|LOC134706577",43.1799182173714,0.57354213557753,0.270220651573609,0.00178123711361777,0.0474387161989292
"gene-LOC134706579|LOC134706579",102.606188390992,0.0190567437035698,0.102812725631523,0.807365718346144,0.944489987490306
"gene-LOC134706580|LOC134706580",281.710606129726,0.441861657132302,0.445291650121309,0.0109124230926752,0.105003225227101
"gene-LOC134706581|LOC134706581",34.0697548777875,0.0429989820131655,0.129673037090302,0.578091692058231,0.852023155578651
"gene-LOC134706584|LOC134706584",1037.10576040444,-0.162989296524005,0.122395052155679,0.0686718380928632,0.312903868849455
"gene-LOC134706585|LOC134706585",9.32636437863273,0.143943174624817,0.236826447431162,0.0452900964754936,NA
"gene-LOC134706590|LOC134706590",50.5491067943273,0.0580545411669675,0.142515676956679,0.436254286246999,0.774509421235614
"gene-LOC134706593|LOC134706593",51.3969590427015,0.882470725341506,0.231616536231226,7.22834970392866e-06,0.00164444955764377
"gene-LOC134706595|LOC134706595",1010.427634458,0.18198657131795,0.0733815585244039,0.00555510782642675,0.074450333271415
"gene-LOC134706598|LOC134706598",49.3423978622175,-0.0793833009473989,0.17150876831325,0.180592689783638,0.521456743857906
"gene-LOC134706600|LOC134706600",11.4537902144042,-0.02486294310943,0.154846613376016,0.521072965726716,0.8201716806719
"gene-LOC134706601|LOC134706601",12.2781916781706,0.0431249025122242,0.142427261640154,0.533479582687336,0.827169848041837
"gene-LOC134706602|LOC134706602",23.2012718454696,0.0284681730721303,0.131080872055769,0.708415568063828,0.915336139668679
"gene-LOC134706605|LOC134706605",9.16337287289329,0.0282169691825998,0.155069872374131,0.483065264660295,NA
"gene-LOC134706607|LOC134706607",13.6180708727727,0.0766327980952966,0.178383309521963,0.0843061163250199,0.351478422127404
"gene-LOC134706610|LOC134706610",81.1358589665603,-0.094462165768033,0.112465705950338,0.254397807012429,0.61027215997359
"gene-LOC134706613|LOC134706613",21.9283636921996,0.123053838628877,0.162437077449438,0.165893675093587,0.50201553935684
"gene-LOC134706615|LOC134706615",23.7261279057087,-0.00176620895263128,0.1148370971035,0.980815919453665,0.995964714564617
"gene-LOC134706616|LOC134706616",20.5817908287847,0.0128949341742018,0.140806735942944,0.84824308527541,0.957354438909349
"gene-LOC134706619|LOC134706619",33.8776044728444,0.068216574897502,0.170037339960608,0.163374045373228,0.498475537264039
"gene-LOC134706621|LOC134706621",49.4252165784088,0.0092715494539698,0.129411232995043,0.901375943439745,0.977155336914768
"gene-LOC134706623|LOC134706623",17.0279720232731,0.000910381066725145,0.141297959142758,0.98991779659133,0.99704656962612
"gene-LOC134706624|LOC134706624",13.8856985997818,0.0287009997199836,0.134394115941569,0.685536410037833,0.906163867140951
"gene-LOC134706630|LOC134706630",9.22780928082921,0.00662317831082241,0.149713330895355,0.888386909356457,NA
"gene-LOC134706632|LOC134706632",24.815564623446,1.14355321863013,0.786942255319393,0.00299811587695949,0.0630507228589998
"gene-LOC134706634|LOC134706634",14.037677338773,-0.00657383529855379,0.155383183874843,0.785707990929666,0.937433958086153
"gene-LOC134706635|LOC134706635",736.551472183832,-0.0799666629485015,0.101066166137122,0.310558273629235,0.669914054526998
"gene-LOC134706637|LOC134706637",11.7458598422759,0.0462762747291441,0.158597063723564,0.333176235487142,0.688225004365256
"gene-LOC134706638|LOC134706638",8.03727298764856,-0.0412748231543672,0.156729876761614,0.385564889950418,NA
"gene-LOC134706643|LOC134706643",90.0410080278705,0.0348252159277773,0.108020798749498,0.661078105586797,0.895590713013164
"gene-LOC134706645|LOC134706645",21.4682156579195,-0.0365136785751949,0.131545491604224,0.628883881715698,0.878733733018258
"gene-LOC134706646|LOC134706646",8.46728769727697,0.0708840768505656,0.175864937101015,0.0756989470664178,NA
"gene-LOC134706653|LOC134706653",90.0166131256635,-0.0003080031337258,0.0864637725914343,0.99729979854933,0.999496494140849
"gene-LOC134706654|LOC134706654",10.8332185366996,-0.0451098541340299,0.145631499467327,0.4998184669783,NA
"gene-LOC134706662|LOC134706662",95.1773133350409,0.0959994714513509,0.156198309650364,0.237496920238297,0.59223027666922
"gene-LOC134706664|LOC134706664",33.5161815837179,-0.191299197770446,0.222118488331204,0.0617547275356689,0.295120916369641
"gene-LOC134706668|LOC134706668",94.8320823027257,-0.399752062868459,0.204810253842804,0.00424837309326209,0.0704988071886869
"gene-LOC134706678|LOC134706678",12.0966340239831,0.0733243372224399,0.165620186929489,0.230954456375518,0.584265245080241
"gene-LOC134706681|LOC134706681",66.2872600146762,0.00769768194969489,0.110203787906591,0.922010633605121,0.983116205832622
"gene-LOC134706683|LOC134706683",30.5769769425654,0.098164601606775,0.136977705168618,0.253924363820498,0.61027215997359
"gene-LOC134706690|LOC134706690",16.0473698736833,-0.0946312015767659,0.177335349187548,0.157776924479241,0.489546521642846
"gene-LOC134706691|LOC134706691",60.2320872229512,0.258889303019607,0.14580081589531,0.0144742962207914,0.126476360667272
"gene-LOC134706692|LOC134706692",9.6388071530137,-0.00112505884992033,0.155761691510872,0.956344101347559,NA
"gene-LOC134706696|LOC134706696",31.8061001083595,0.139419281153961,0.212616644038836,0.0824643079341014,0.34757849758865
"gene-LOC134706698|LOC134706698",19.0062100237732,-0.0902489632784097,0.16716612419435,0.211812645584044,0.562420405323202
"gene-LOC134706699|LOC134706699",29.2522583422648,0.0313369630387023,0.114565813724197,0.693618631360146,0.908204508399908
"gene-LOC134706700|LOC134706700",48.2120530428223,-0.151536350066539,0.139916016084853,0.103754901322341,0.398864647811291
"gene-LOC134706701|LOC134706701",72.808463448751,0.814217279442948,0.211811046724153,6.76891962466635e-06,0.00159696362996758
"gene-LOC134706703|LOC134706703",12.9895196592002,-0.029576244153827,0.157422746729647,0.380640914997754,0.727863864246607
"gene-LOC134706704|LOC134706704",17.8184480133643,-0.0033022583399626,0.152876426183031,0.912765111495195,0.98134698001751
"gene-LOC134706706|LOC134706706",25.9860357107626,0.0427327831609009,0.12516504296598,0.589191754291825,0.858619137271546
"gene-LOC134706707|LOC134706707",3300.31610171597,-0.275245553825278,0.20555505754248,0.0226178782846753,0.166177490972759
"gene-LOC134706708|LOC134706708",12.9876374182179,0.0287003514038006,0.146724108813724,0.628742950915442,0.878733733018258
"gene-LOC134706709|LOC134706709",16.6031711627506,0.125247906330752,0.15817938723277,0.163809203443274,0.499265371260122
"gene-LOC134706711|LOC134706711",689.732663489463,-0.0155093131156433,0.151806527895703,0.713112066853369,0.91657059440193
"gene-LOC134706712|LOC134706712",74.1969212400294,0.13003474700396,0.116058520115478,0.131350424592169,0.445852965823803
"gene-LOC134706719|LOC134706719",47.4649111145092,-0.0218940702175343,0.157804065743332,0.324457060000428,0.681240238614434
"gene-LOC134706720|LOC134706720",7.56888313258227,0.114302481036527,0.204393224611248,0.0654617402734247,NA
"gene-LOC134706722|LOC134706722",220.916005188575,-0.00790351220547137,0.110165949066381,0.918667550629642,0.982131130710269
"gene-LOC134706726|LOC134706726",12.9075643971769,0.0807226432213926,0.184835010431232,0.0300950590303594,0.196342134960287
"gene-LOC134706729|LOC134706729",13.8087048092331,-0.0692699615971855,0.172623165843911,0.124048981224567,0.435728136182882
"gene-LOC134706730|LOC134706730",13.4586554385753,0.0711949587590058,0.1700046193649,0.178835510397397,0.51999412978096
"gene-LOC134706734|LOC134706734",25.2081626618534,0.38371138311383,0.204913343645926,0.00543946389033568,0.0743549033936444
"gene-LOC134706736|LOC134706736",8.66061952376647,0.0133054242040026,0.136288294846356,0.847237616740337,NA
"gene-LOC134706738|LOC134706738",47.625691274139,0.00887522450245551,0.137070116533188,0.896119209592441,0.975254009504506
"gene-LOC134706740|LOC134706740",8.42318550586356,-0.00557491451298025,0.146725313301638,0.91496805285943,NA
"gene-LOC134706744|LOC134706744",8.87988080535209,0.112642166062413,0.206012498131729,0.052070638322012,NA
"gene-LOC134706746|LOC134706746",24.0022647130968,0.0201085271973492,0.134119586438227,0.777172219998506,0.934005335233767
"gene-LOC134706747|LOC134706747",42.4160844176573,0.0616960563305881,0.153488749019797,0.358196178723473,0.709707514298142
"gene-LOC134706748|LOC134706748",1701.83093899401,0.0741468090091574,0.149085468452608,0.321919739437715,0.679691329207241
"gene-LOC134706753|LOC134706753",10.3931123384805,0.0108756457532536,0.156178969064734,0.628253892582562,NA
"gene-LOC134706765|LOC134706765",9.66914094204836,0.0276059204046743,0.148105291523853,0.627081129036,NA
"gene-LOC134706774|LOC134706774",16.404919841165,0.00378768592002817,0.139978545943368,0.953528307476478,0.993195169444879
"gene-LOC134706777|LOC134706777",59.4661698053946,-0.12547041632646,0.0974188385606932,0.111075061562345,0.413529013531349
"gene-LOC134706779|LOC134706779",14.1448021441769,0.0870596123612471,0.143270058065104,0.300654932041371,0.661330506194431
"gene-LOC134706781|LOC134706781",33.9786851265955,-0.0249621484650837,0.110073595421277,0.756434467925964,0.927804059585062
"gene-LOC134706783|LOC134706783",30.992192910545,0.0808027729920996,0.152689298746661,0.293874342596738,0.654996347915052
"gene-LOC134706785|LOC134706785",38.9451881418963,0.0111649991387249,0.103434827421138,0.884094164322815,0.973377065580696
"gene-LOC134706786|LOC134706786",72.8681044411906,0.077074132168089,0.111548810780347,0.347395288358284,0.701688133468584
"gene-LOC134706788|LOC134706788",30.5870570203872,0.253972172678062,0.193048439785114,0.0278474294936551,0.187228393270622
"gene-LOC134706789|LOC134706789",40.5722591915533,-0.0482278832993606,0.116945096001071,0.544959532373515,0.83436183652111
"gene-LOC134706790|LOC134706790",23.7464232801749,0.238541971241593,0.240230987446602,0.0385657698867071,0.228312225072792
"gene-LOC134706791|LOC134706791",28.0751317771166,-0.0710099453273119,0.137641724186062,0.376140667428222,0.723472935784125
"gene-LOC134706793|LOC134706793",15.6915692163013,-0.0148139091341956,0.144239980097275,0.798920929726698,0.941503486006864
"gene-LOC134706798|LOC134706798",8.74994809116815,-0.101373639092466,0.172127867159589,0.181281961335809,NA
"gene-LOC134706799|LOC134706799",36.9642249547775,0.311181552111146,0.168880953180398,0.00859104403832166,0.0919747067632083
"gene-LOC134706800|LOC134706800",56.7263156012057,-0.0392666926008545,0.116173419810159,0.621315526063618,0.875394076406515
"gene-LOC134706810|LOC134706810",19.6248645247125,0.0406988091880346,0.143364736882913,0.548790484951997,0.836442377350525
"gene-LOC134706811|LOC134706811",54.3035691912101,0.259281447548701,0.188120281470969,0.0250341934102,0.17781675015316
"gene-LOC134706812|LOC134706812",168.512527306113,0.225369685747967,0.120242747195686,0.0156076996155382,0.132561395401305
"gene-LOC134706813|LOC134706813",18.4724450389292,0.0356104512836426,0.1600230201265,0.249826547633403,0.606092166679834
"gene-LOC134706817|LOC134706817",8.26479036406587,0.0340047140286309,0.159276629550284,0.285547171917875,NA
"gene-LOC134706819|LOC134706819",18.4442522286907,0.0840146713324064,0.169478179284945,0.202521964694895,0.549197494723917
"gene-LOC134706824|LOC134706824",8.23156312556443,0.0285853891952429,0.157597526807582,0.374451638780468,NA
"gene-LOC134706826|LOC134706826",14.6780511451272,0.0731408620361293,0.142654742945091,0.356048672450517,0.708293040820393
"gene-LOC134706827|LOC134706827",112.926214306254,-0.109349418205535,0.136406041385271,0.210880532166569,0.561437222308146
"gene-LOC134706828|LOC134706828",59.9552363448988,1.25939441766266,0.487551652730327,0.000335640768299788,0.0194366517642695
"gene-LOC134706830|LOC134706830",75.8704951369786,0.0369808876501095,0.0909213728183532,0.619380186018894,0.874047803487009
"gene-LOC134706832|LOC134706832",6.15010997481701,-0.00434688702373977,0.155407160586319,0.855547269345494,NA
"gene-LOC134706836|LOC134706836",19.432599154899,0.00754995618939198,0.14377246050948,0.893548374276314,0.975254009504506
"gene-LOC134706837|LOC134706837",348.046294686948,-0.0280387649630547,0.0786793121763542,0.672051273459288,0.902451523506895
"gene-LOC134706846|LOC134706846",20.5815097520445,0.0132348693255843,0.112745083527461,0.865936530853926,0.964151816146661
"gene-LOC134706851|LOC134706851",7.77395644750296,-0.0155730536736064,0.155701280043868,0.579152687411441,NA
"gene-LOC134706852|LOC134706852",937.643679913855,0.0695747360822991,0.0803864709605267,0.31795266476946,0.675423028928387
"gene-LOC134706856|LOC134706856",12.2368781220619,0.00866538926997827,0.153620344319953,0.818806737077639,0.94756359521366
"gene-LOC134706864|LOC134706864",44.9845956936236,0.172463519221953,0.149796436403478,0.0747816483296558,0.329972510551001
"gene-LOC134706866|LOC134706866",62.381796924707,-0.0173938661532831,0.0991151738314732,0.820778677021016,0.947588510304588
"gene-LOC134706868|LOC134706868",24.5520163466342,-0.00254261579601082,0.139760362252362,0.966206598931005,0.994785200451026
"gene-LOC134706869|LOC134706869",8.58931477557124,0.0247008842266845,0.154139694972533,0.548945854886527,NA
"gene-LOC134706871|LOC134706871",36.2256165931069,0.155759750609036,0.126515557564678,0.0872186019031896,0.357517692486048
"gene-LOC134706872|LOC134706872",386.139102210619,-0.0093160678204362,0.139075908148388,0.892086639337032,0.975217417638046
"gene-LOC134706877|LOC134706877",76.6834019748223,-0.024544580155044,0.139212367986055,0.713864349205367,0.917167386937916
"gene-LOC134706880|LOC134706880",16.3633134284437,0.00592126896220209,0.142729672989229,0.922282269508004,0.983116205832622
"gene-LOC134706882|LOC134706882",31.7830594647164,0.267475067964053,0.159085654190513,0.0155481407892567,0.132408632122413
"gene-LOC134706886|LOC134706886",36.2778072064537,0.147227692986467,0.184209944501496,0.112141640200882,0.414309251935563
"gene-LOC134706887|LOC134706887",106.170726217035,0.0953404347675157,0.14899026056166,0.280211157464035,0.639994647918932
"gene-LOC134706889|LOC134706889",68.8784713649597,0.0229184328820197,0.106461738110655,0.773988002036374,0.932853633900032
"gene-LOC134706891|LOC134706891",84.6693752770347,0.0601596516195057,0.134054957706515,0.447059012870402,0.780694401674889
"gene-LOC134706893|LOC134706893",8.14075212429613,0.0756743114125591,0.158299216839462,0.286441707940631,NA
"gene-LOC134706894|LOC134706894",7.96536628787188,0.0663211132198313,0.154646314579052,0.334271036227982,NA
"gene-LOC134706897|LOC134706897",122.89478368882,0.215743938127376,0.133646593969409,0.0274237632676283,0.186369447305304
"gene-LOC134706898|LOC134706898",91.7895674029884,0.0656671477046592,0.090748101290391,0.37890455543246,0.726338254018889
"gene-LOC134706903|LOC134706903",23.6004337476742,-1.20263981816248,0.585250739646167,0.00112288502750692,0.0355859583344234
"gene-LOC134706912|LOC134706912",11.2376624245875,-0.109007363765943,0.188068218002789,0.121587039644628,NA
"gene-LOC134706915|LOC134706915",13.3998619173671,0.0518317122040755,0.131448474169515,0.508182366608836,0.809857365041912
"gene-LOC134706923|LOC134706923",7.51449680673075,0.0224164849583165,0.154947056695821,0.539315666303104,NA
"gene-LOC134706925|LOC134706925",12.7497576321999,0.0347557808628888,0.128768364176662,0.653212520436326,0.891571406723677
"gene-LOC134706932|LOC134706932",308.495672093126,-0.0221395918479298,0.153283179989466,0.592580851697764,0.860241573681576
"gene-LOC134706933|LOC134706933",13.9060452179172,-0.0974931211601467,0.168650011917613,0.197197156159992,0.541589392744771
"gene-LOC134706934|LOC134706934",19.417491669544,-0.00585434284282101,0.155392259338526,0.807266044091101,0.944489987490306
"gene-LOC134706937|LOC134706937",50.3055370207311,-0.0596827280976122,0.157910158900872,0.32549040129793,0.682479873689208
"gene-LOC134706938|LOC134706938",32.736865203757,0.0515115067473637,0.140258984974876,0.487560394292644,0.800041141587878
"gene-LOC134706941|LOC134706941",12.9560452279991,0.0742381903633448,0.161300619659386,0.268276736205036,0.625291917170172
"gene-LOC134706943|LOC134706943",129.97204958291,0.475704950989269,0.453256833209616,0.00965192814097788,0.0981086831966756
"gene-LOC134706944|LOC134706944",11.4538862666222,0.0149782575333342,0.143010052857353,0.808076314801276,0.944489987490306
"gene-LOC134706946|LOC134706946",16.749770039308,0.0574334648882122,0.145312241240635,0.427906331114368,0.764793619971791
"gene-LOC134706950|LOC134706950",18.706732580396,-0.099781914706872,0.140153159109081,0.244346766028754,0.600916290485276
"gene-LOC134706953|LOC134706953",24.208834518065,0.669293014137936,0.330845787735201,0.00185914083730491,0.0485357669411159
"gene-LOC134706954|LOC134706954",52.0088594908989,0.00701621603156713,0.105523007333802,0.927876008393264,0.984561375999598
"gene-LOC134706956|LOC134706956",7.47969663949458,-0.00354886237804345,0.153365365767445,0.915194822105669,NA
"gene-LOC134706957|LOC134706957",20.8542728663617,-0.0105555128483087,0.147500890697041,0.837181989518257,0.952634739769792
"gene-LOC134706959|LOC134706959",10.6937146591095,0.055699462187112,0.142866897852255,0.449906516590903,NA
"gene-LOC134706961|LOC134706961",30.5030314442393,0.0495189477949887,0.133492514197076,0.527458052401974,0.825157596038016
"gene-LOC134706962|LOC134706962",1049.30703892863,0.162191377341303,0.097010642279694,0.0416451199623143,0.236645329313061
"gene-LOC134706963|LOC134706963",20.050088821554,0.116111331800941,0.149607342257916,0.18968663134081,0.53440519088157
"gene-LOC134706965|LOC134706965",17.6845158155391,0.0954947652177004,0.176288349815673,0.165237720793258,0.500934983306775
"gene-LOC134706970|LOC134706970",11.5516307935059,-0.0862220786690985,0.166432866097555,0.220368740545958,0.573192681616069
"gene-LOC134706972|LOC134706972",585.060440052549,-0.129985432961193,0.130255762512786,0.14393664520135,0.468511205893
"gene-LOC134706973|LOC134706973",13.4684305182381,0.0232584084063552,0.128875828471385,0.750319921088954,0.924833184469163
"gene-LOC134706974|LOC134706974",31.7538429143809,-0.0701879703518457,0.162317155160313,0.264416388424154,0.620778359380389
"gene-LOC134706975|LOC134706975",10.5622419026796,-0.0267844665858748,0.147585044457486,0.637959857314211,NA
"gene-LOC134706976|LOC134706976",38.1870370704847,0.657042322407744,0.160433778367012,2.88135939327972e-06,0.00104899317316046
"gene-LOC134706980|LOC134706980",16.1997785647821,0.0027308294971256,0.152830739801769,0.943673260470039,0.991568457415189
"gene-LOC134706981|LOC134706981",9.2865642661254,0.019358696047219,0.156471705025594,0.485953778925955,NA
"gene-LOC134706993|LOC134706993",242.426356869301,0.0501218773059869,0.123681053394675,0.549852074014672,0.837308768277688
"gene-LOC134706996|LOC134706996",28.9511101185411,-0.016105105115826,0.123620033910925,0.828323331853782,0.949679557938911
"gene-LOC134706998|LOC134706998",9.80921563286955,-0.0381571897707383,0.153034788454967,0.47012025478556,NA
"gene-LOC134707002|LOC134707002",76.1734644805447,0.031343169649883,0.103852295770293,0.689113801334518,0.906741776483088
"gene-LOC134707004|LOC134707004",64.3272636189947,0.126512941808622,0.136856033130259,0.160365279839172,0.494207466171032
"gene-LOC134707011|LOC134707011",80.1435140755656,0.418611576318463,0.106217232224688,9.20784292434396e-06,0.00196133956695703
"gene-LOC134707014|LOC134707014",17.6403233431786,0.0661638206523695,0.143860511173684,0.380545371972249,0.727863864246607
"gene-LOC134707018|LOC134707018",84.8886721151392,-0.0214991260378477,0.115015998924937,0.785137052533897,0.937103808252
"gene-LOC134707022|LOC134707022",13.8685419673584,0.0141774434518294,0.154980986043212,0.6482357139725,0.889087813609181
"gene-LOC134707029|LOC134707029",18.0602208261743,0.150782409011791,0.20099168015161,0.0947185449672268,0.376627422872181
"gene-LOC134707031|LOC134707031",7.99234937224901,-0.0475673511753675,0.15434961653214,0.406070230064016,NA
"gene-LOC134707032|LOC134707032",11.4230673212751,-0.0275448928362983,0.154808482800775,0.499702146590913,0.80632202571024
"gene-LOC134707033|LOC134707033",14.7897504908952,-0.110938878605566,0.183713242142362,0.139512354230787,0.460701760731007
"gene-LOC134707034|LOC134707034",14.1534848983385,0.13005131847205,0.167526553091749,0.146550939108483,0.471717777726648
"gene-LOC134707035|LOC134707035",69.1411248185488,0.169367752848194,0.142979880495636,0.0779768427979059,0.337669944678899
"gene-LOC134707037|LOC134707037",46.7379383818701,0.289125505734272,0.181679532726512,0.0148385700168546,0.128426210607832
"gene-LOC134707042|LOC134707042",34.1071494362374,0.937104390788472,0.300439400059083,0.325322490480877,0.682352408417249
"gene-LOC134707043|LOC134707043",48.7747885651827,0.0460485507817904,0.145676801789993,0.496267579078289,0.806167645986122
"gene-LOC134707045|LOC134707045",12.7787180819704,0.0708987043131646,0.147300123055869,0.352354512195603,0.705373426362662
"gene-LOC134707053|LOC134707053",7.08857667863732,0.0103156551140403,0.152231250784897,0.797515886484386,NA
"gene-LOC134707056|LOC134707056",766.676138035566,0.107083033234185,0.147712817222978,0.217649981353847,0.570417267010412
"gene-LOC134707060|LOC134707060",183.295267629235,0.0868745408384718,0.0953366090381742,0.260159976569407,0.618109215245852
"gene-LOC134707063|LOC134707063",18.9406056179784,0.144863565644555,0.194148932543755,0.10563898084534,0.4034294412379
"gene-LOC134707066|LOC134707066",23.1725742976144,0.135920928234601,0.187865623308364,0.118082568167531,0.425959919721591
"gene-LOC134707067|LOC134707067",58.0702599266494,0.0031376601906958,0.156569351988294,0.844163337699502,0.955288765525996
"gene-LOC134707073|LOC134707073",18.8750086791797,0.00654997917992156,0.148967993359346,0.895132215361257,0.975254009504506
"gene-LOC134707074|LOC134707074",57.295923452538,-0.130392673119163,0.177794289840333,0.135633316122628,0.452821920178793
"gene-LOC134707079|LOC134707079",46.6852783096857,-0.188052914004811,0.18887545857098,0.0663280259394818,0.30750329347489
"gene-LOC134707080|LOC134707080",106.808392364403,-0.0916589333247888,0.16126914326879,0.231821266504314,0.585589754069761
"gene-LOC134707082|LOC134707082",11.3276672161011,0.02779704865161,0.158314599360271,0.319887219077208,0.6778714522694
"gene-LOC134707085|LOC134707085",12.0963079914141,1.10701136885068,0.391876241495069,0.000184855782401834,0.0131702951938914
"gene-LOC134707086|LOC134707086",37.2131167985097,0.0963549556525611,0.139474776503868,0.258377559477205,0.616087107886874
"gene-LOC134707088|LOC134707088",16.1032488319756,0.0874720300698043,0.144501280170805,0.288409496160553,0.648329141682595
"gene-LOC134707090|LOC134707090",10.684864303374,0.0095318614415281,0.143101448685321,0.874125510292825,NA
"gene-LOC134707092|LOC134707092",9.34557560824766,0.219216401503846,0.32563834488291,0.0316746444664253,NA
"gene-LOC134707095|LOC134707095",22.5602890502345,-0.364363662668839,0.313868980779286,0.01467806914794,0.12773128479833
"gene-LOC134707096|LOC134707096",15.200706827368,-0.0330461033595227,0.15579303721378,0.435846949589896,0.774262707393159
"gene-LOC134707099|LOC134707099",47.085590840113,0.0763927971514799,0.13569213323691,0.350176972874745,0.703768327139662
"gene-LOC134707100|LOC134707100",14.2682167691388,-0.000927126531651866,0.144319130988965,0.985351601261542,0.996640964445824
"gene-LOC134707102|LOC134707102",233.158981104642,0.0558568523462746,0.0940943027283976,0.460137599396215,0.787500405199862
"gene-LOC134707105|LOC134707105",45.1281964317268,-0.422959023313763,0.239222854589577,0.00539589766788515,0.0743549033936444
"gene-LOC134707106|LOC134707106",12.3744792042205,0.000927781693975594,0.15626252801452,0.95104264747251,0.993195169444879
"gene-LOC134707111|LOC134707111",25.7500689223156,-0.300686689376009,0.234622283419849,0.0198061672918729,0.15575961191263
"gene-LOC134707119|LOC134707119",19.7725564179871,1.71865178346633,0.533907124074644,4.75637425270594e-05,0.00614321040106972
"gene-LOC134707120|LOC134707120",58.3622593811294,0.0312898256581277,0.111239946917813,0.693913868505863,0.908204508399908
"gene-LOC134707123|LOC134707123",9.14360356763162,0.104021488781784,0.166179858343372,0.195580887403548,NA
"gene-LOC134707140|LOC134707140",7.97570054395598,0.0769500058496966,0.167305070709184,0.220159806885479,NA
"gene-LOC134707142|LOC134707142",9.41407307034356,0.639598002142101,0.407676895138472,0.00420749798924334,NA
"gene-LOC134707144|LOC134707144",12.6735583009948,0.0167498521035809,0.148820260403269,0.742553844779607,0.922809345788751
"gene-LOC134707148|LOC134707148",177.399364575836,-0.200204395169888,0.144343521909913,0.0414407379755139,0.236539772464746
"gene-LOC134707149|LOC134707149",11.1413198972832,-0.00735575849519655,0.147657372069221,0.884494376616306,NA
"gene-LOC134707150|LOC134707150",12.8928062409028,0.00268637393398309,0.149371271852362,0.955088261996596,0.993195169444879
"gene-LOC134707152|LOC134707152",10.4436396737442,0.162022889138047,0.209633068721686,0.0822731834144714,NA
"gene-LOC134707155|LOC134707155",25.9012561392726,0.030238607525411,0.131663813218628,0.68666114506733,0.906535024679564
"gene-LOC134707161|LOC134707161",21.6777658995741,-0.0574875387161742,0.139777989182681,0.449261557892506,0.781041759539082
"gene-LOC134707164|LOC134707164",12.2802530117721,0.0362741485516243,0.156475756524347,0.4059631394972,0.747007403209845
"gene-LOC134707166|LOC134707166",19.8331822922848,-1.7315734443206e-05,0.140052047387236,0.998749538461169,0.999844121522816
"gene-LOC134707168|LOC134707168",13.7337886640472,-0.0140156040668645,0.135546538325086,0.839425960225799,0.953438709245635
"gene-LOC134707169|LOC134707169",16.477002990955,0.035036400417859,0.151276652115923,0.52105792483731,0.8201716806719
"gene-LOC134707170|LOC134707170",70.0202291045893,-0.0859872853872589,0.120085741062278,0.305787303036346,0.66555505898304
"gene-LOC134707171|LOC134707171",30.1123792864398,1.14068142781681,0.218771698692236,0.0755240966412545,0.331679825938786
"gene-LOC134707173|LOC134707173",39.2175003639317,0.200530506643695,0.172730018324023,0.0544249345088363,0.276685421246039
"gene-LOC134707174|LOC134707174",24.5607213919768,-0.0455531071097416,0.142634145701974,0.515009433149261,0.814423704684466
"gene-LOC134707176|LOC134707176",416.965098699917,0.359698349723006,0.132047491444313,0.000831824913508211,0.0311689688179253
"gene-LOC134707177|LOC134707177",48.1121343589618,0.0650486619936992,0.117650156853586,0.427875780477085,0.764793619971791
"gene-LOC134707179|LOC134707179",86.376259158852,0.0650803528761624,0.141222993504864,0.401317330049823,0.743137032679469
"gene-LOC134707182|LOC134707182",16.3150235409016,0.111964962032769,0.163919108696261,0.186790091186293,0.529765307594249
"gene-LOC134707188|LOC134707188",15.1809942560884,0.108189009794272,0.211954318150159,0.011095326327851,0.10580423459343
"gene-LOC134707195|LOC134707195",11.8412245780105,0.0776237877791917,0.16838600019966,0.209810493842477,0.560139499487249
"gene-LOC134707196|LOC134707196",144.930810818709,0.23105021894091,0.102563418868961,0.00648707922994686,0.0799291881810769
"gene-LOC134707200|LOC134707200",21.464181513154,0.0799057032756439,0.171420519758,0.184955949307472,0.526438515231724
"gene-LOC134707212|LOC134707212",11.4330636740777,-0.0401393639603737,0.160567140915785,0.252821251613489,0.609104150067295
"gene-LOC134707215|LOC134707215",1105.30097517801,-0.163353223424451,0.148779227012364,0.0884920807462604,0.360649107072091
"gene-LOC134707220|LOC134707220",16.7040724990024,0.0307241759589132,0.156713912255403,0.414337852746099,0.753879497855656
"gene-LOC134707222|LOC134707222",28.7902012083059,-0.124583339593352,0.184494203679593,0.130610609117826,0.44467641907031
"gene-LOC134707225|LOC134707225",82.3323022306552,0.0506059532385996,0.131683194667273,0.515119796887553,0.814423704684466
"gene-LOC134707229|LOC134707229",20.3442781676678,0.0399255986311777,0.144411250289201,0.55074084250501,0.837535654226439
"gene-LOC134707230|LOC134707230",1397.31017106444,0.121090272544348,0.094130434738117,0.1276106097187,0.44004559757567
"gene-LOC134707233|LOC134707233",9.00764716115645,-0.0660465324338435,0.156764038289963,0.318223178413107,NA
"gene-LOC134707239|LOC134707239",14.3651251050174,0.00332976806810889,0.155651959066473,0.885342992252541,0.973525782953337
"gene-LOC134707240|LOC134707240",6.84800048090731,0.0279970141773765,0.156904461226295,0.414247455428257,NA
"gene-LOC134707250|LOC134707250",15.9717107938359,0.0928293793312818,0.161386019872059,0.23213692433043,0.585589754069761
"gene-LOC134707253|LOC134707253",9.25687634679144,0.15645295227807,0.261625816189241,0.0306748916050136,NA
"gene-LOC134707254|LOC134707254",8.76411057363225,0.0416640154038145,0.163315311965235,0.111108885888089,NA
"gene-LOC134707257|LOC134707257",15.0632777209922,-0.0591369854190459,0.155466804627261,0.348708494475406,0.702489914550391
"gene-LOC134707259|LOC134707259",16.5576473574936,0.135342001946708,0.202878770666887,0.0958698052887948,0.379075518118947
"gene-LOC134707260|LOC134707260",78.4611607838272,0.0841626205762153,0.119453429652826,0.314362805864167,0.673559055955178
"gene-LOC134707266|LOC134707266",28.9756822168157,-0.00582254403069646,0.116421639942145,0.938934140053744,0.988596772254934
"gene-LOC134707268|LOC134707268",74.5630367579761,-0.239682353158521,0.220684948104763,0.0360821098325162,0.218898132983932
"gene-LOC134707271|LOC134707271",20.603660471526,0.0737970233292915,0.139912878893429,0.360562155453971,0.712401032953411
"gene-LOC134707272|LOC134707272",9.19179476320044,-0.00668479212734273,0.137515660718221,0.919147631863105,NA
"gene-LOC134707273|LOC134707273",7.54188068211597,0.0297540312806059,0.155551712969813,0.464978290368041,NA
"gene-LOC134707275|LOC134707275",30.1809386749621,0.0049131093818486,0.119887111691569,0.947465778759384,0.992249801567439
"gene-LOC134707276|LOC134707276",17.1777557110382,-0.00529575159123304,0.147929289345823,0.914705662312693,0.98134698001751
"gene-LOC134707277|LOC134707277",46.4049001066015,0.0543605569986519,0.113335599660192,0.50390266228828,0.807511939314804
"gene-LOC134707279|LOC134707279",13.8379364347417,0.0336093059941999,0.147708753042691,0.572394687676311,0.849064411433162
"gene-LOC134707281|LOC134707281",13.9331057229991,0.190798606766424,0.182994923107787,0.06627163485057,0.307465632919251
"gene-LOC134707284|LOC134707284",7.71056981287447,-0.031419172748043,0.159380864308917,0.260064035884944,NA
"gene-LOC134707287|LOC134707287",77.0873403935423,-0.393079854303861,0.201281653733826,0.00429365988328112,0.0704988071886869
"gene-LOC134707288|LOC134707288",38.7527998424467,0.00425205473999453,0.129676356810145,0.956580661465809,0.993195169444879
"gene-LOC134707289|LOC134707289",33.6885701060952,-0.0242854883584339,0.116633832537579,0.758100968758831,0.928382485337355
"gene-LOC134707290|LOC134707290",84.0037488472266,1.43923448521259,0.357531919375135,2.47179473306738e-06,0.000984083278102452
"gene-LOC134707291|LOC134707291",32.6214997156996,0.194768835433684,0.175817137644703,0.0609836783039987,0.293741579547666
"gene-LOC134707300|LOC134707300",16.5266318870463,0.0834728115985297,0.151131389251198,0.290591724046212,0.651735924717475
"gene-LOC134707301|LOC134707301",38.4214769192048,-0.868562376872699,0.219184692393643,4.15243947941515e-06,0.00125957330875593
"gene-LOC134707302|LOC134707302",8.85463193911979,-0.0153734130615473,0.144175282623413,0.794813951338475,NA
"gene-LOC134707307|LOC134707307",92.1012356179069,0.0784314290117797,0.174408399096369,0.149848070604937,0.477248103228442
"gene-LOC134707310|LOC134707310",20.9236356342187,0.00814122909351427,0.149938250630497,0.865086482103854,0.963897304705536
"gene-LOC134707311|LOC134707311",54.5242856860482,-0.0370315752192229,0.104516715376482,0.637559135097613,0.884031080141884
"gene-LOC134707316|LOC134707316",8.72677240083876,0.0642529110711121,0.169341515481577,0.152560992184765,NA
"gene-LOC134707317|LOC134707317",76.8653168668323,-0.0616089022716601,0.146761979640361,0.394955376641368,0.738010564562593
"gene-LOC134707319|LOC134707319",19.1913120982681,0.111849057080077,0.167372010513231,0.180153415634082,0.521456743857906
"gene-LOC134707320|LOC134707320",13.7082687095169,-0.0019923945677946,0.136568766589416,0.974760466226933,0.995073589829788
"gene-LOC134707323|LOC134707323",65.5012440175285,0.229680400654975,0.141693374084956,0.0238507953402286,0.171478065820831
"gene-LOC134707326|LOC134707326",94.0119963370998,0.115323460972502,0.140524299872341,0.191692692457248,0.535797477381602
"gene-LOC134707327|LOC134707327",40.4315757990111,0.208698305653557,0.168117691799804,0.0466546318028329,0.252069554354577
"gene-LOC134707329|LOC134707329",8.50977629188167,0.0528915156348997,0.160766638412514,0.285870265656498,NA
"gene-LOC134707337|LOC134707337",141.089021255021,-0.1965530733178,0.120132093530907,0.0311162228927345,0.199964829347546
"gene-LOC134707339|LOC134707339",21.546257218579,0.0415518965500538,0.151297882337582,0.477329844995817,0.796791709893797
"gene-LOC134707342|LOC134707342",111.379418666771,0.0813175844049262,0.117458740869666,0.328811276841547,0.684493458839446
"gene-LOC134707344|LOC134707344",963.717360067197,0.103266193591611,0.0938281553421175,0.180231844170641,0.521456743857906
"gene-LOC134707346|LOC134707346",285.521556584631,0.00411857455534342,0.0702294712733707,0.942730191865182,0.991119214751809
"gene-LOC134707348|LOC134707348",30.6344850190209,-0.0169160324064466,0.118803149544687,0.828037049847349,0.949679557938911
"gene-LOC134707351|LOC134707351",8.3080340007486,0.12202109633823,0.212508053970554,0.0577497279449099,NA
"gene-LOC134707354|LOC134707354",10.3927905865541,-0.049114973109157,0.141362642487087,0.4921730683976,NA
"gene-LOC134707367|LOC134707367",8.43849160924839,-0.0187465748809088,0.153223172365837,0.638306189382213,NA
"gene-LOC134707368|LOC134707368",53.8603650553384,-0.350518959419313,0.186788547640005,0.00609917255466901,0.0777034583464831
"gene-LOC134707369|LOC134707369",83.635675126565,0.0990185826757924,0.0966391307466758,0.204487819445638,0.551710042299328
"gene-LOC134707371|LOC134707371",20.571715830932,-0.120598098138526,0.196318105264787,0.104046971978238,0.399505251055681
"gene-LOC134707374|LOC134707374",18.5325712882612,-0.0446048461339069,0.15871796526373,0.328940121870708,0.684493458839446
"gene-LOC134707377|LOC134707377",10.8659581669082,0.0522950984059893,0.166743317353047,0.108432731715965,NA
"gene-LOC134707379|LOC134707379",40.4035308466045,0.0733348867701632,0.114535971568091,0.372477721478493,0.720172447476432
"gene-LOC134707380|LOC134707380",73.6445289615496,0.117026101413474,0.099376471881542,0.140782057101966,0.46264685279224
"gene-LOC134707381|LOC134707381",10.0740110384928,0.0405454190649664,0.146131818599148,0.534557537420438,NA
"gene-LOC134707386|LOC134707386",7.6927516461658,-0.0456172095380824,0.161479836556899,0.246365465427052,NA
"gene-LOC134707393|LOC134707393",1921.64819982981,0.259838044955154,0.0933416885300404,0.00125241760234629,0.0376316043723862
"gene-LOC134707397|LOC134707397",15.558418593341,0.000603632467372301,0.156682019059069,0.973302936329145,0.995073589829788
"gene-LOC134707401|LOC134707401",8.95434846586985,-0.0106449940349323,0.139448081914584,0.873553739628309,NA
"gene-LOC134707402|LOC134707402",34.8352996807161,0.0461971441729489,0.117831210661628,0.564155215506196,0.845171383531154
"gene-LOC134707405|LOC134707405",387.373025908212,0.221319575404531,0.129686219191853,0.0223199371114032,0.164748550868642
"gene-LOC134707406|LOC134707406",26.8682388596594,0.516758417451803,0.162966037182467,0.000121765774713499,0.0098183289231011
"gene-LOC134707408|LOC134707408",39.2573036679213,-0.0541390788888287,0.119758632768304,0.503610942208718,0.807450717812619
"gene-LOC134707409|LOC134707409",28.9588724161945,0.029805817525081,0.122835468705284,0.702919973200558,0.91221852127004
"gene-LOC134707410|LOC134707410",13.8330277903191,-0.00225976711968919,0.154463713458308,0.933487231046549,0.987133535099325
"gene-LOC134707412|LOC134707412",20.4165100501189,-0.0413263047592063,0.123539223447206,0.600863828649592,0.863909187532614
"gene-LOC134707414|LOC134707414",30.6641928806122,0.0752223813237033,0.153186860879474,0.311239999208257,0.670930218259425
"gene-LOC134707424|LOC134707424",37.5820966763944,0.061785028624375,0.163507895769282,0.251265748653039,0.607304390918123
"gene-LOC134707426|LOC134707426",16.0597088490531,-0.0286866412260499,0.155260611598081,0.475321893468138,0.796112897525551
"gene-LOC134707428|LOC134707428",12.6693358732981,0.0442276301384864,0.138910951911184,0.545020345645893,0.83436183652111
"gene-LOC134707431|LOC134707431",27.4198521703287,0.0955435218202944,0.139642453415647,0.26315304651276,0.620118890529
"gene-LOC134707434|LOC134707434",9.72621884136641,0.0645348212829957,0.147958881399495,0.378651187335042,NA
"gene-LOC134707435|LOC134707435",9.44377995631908,0.12897232711071,0.238785113947724,0.00891133659514505,NA
"gene-LOC134707436|LOC134707436",1546.95424816034,-0.242332384010946,0.321010816180005,0.0301448364193345,0.196342134960287
"gene-LOC134707437|LOC134707437",24.0427484990894,-0.0395551665928793,0.124278717595632,0.614965287044089,0.871873776646083
"gene-LOC134707441|LOC134707441",22.889511513297,0.00633251035493945,0.140673182273593,0.920891987192513,0.982757908932201
"gene-LOC134707442|LOC134707442",27.2135224188315,0.125347825894938,0.186151216430652,0.128908885342089,0.442429741179475
"gene-LOC134707444|LOC134707444",251.006629641781,0.0714092877161454,0.123384742421371,0.386529270555684,0.732717940443776
"gene-LOC134707445|LOC134707445",114.706343273649,0.103802109055387,0.0916651967664263,0.167923350176587,0.504992479825894
"gene-LOC134707448|LOC134707448",15.0955211346619,0.0784246151196073,0.1763540119401,0.124311489035914,0.435808577412644
"gene-LOC134707454|LOC134707454",17.7437915793733,0.0279643853977434,0.134956205047965,0.699000357721643,0.910869208354091
"gene-LOC134707457|LOC134707457",14.4718665835,-0.123981266171404,0.188822254429595,0.125590809912774,0.43763862196316
"gene-LOC134707460|LOC134707460",50.440211352913,0.0474659172535078,0.10540235242441,0.546460262436339,0.835762754314401
"gene-LOC134707461|LOC134707461",62.9829645691931,0.263712425279806,0.107545463636223,0.00310378840966435,0.0641919875635127
"gene-LOC134707462|LOC134707462",27.3058612003961,0.00530156596574079,0.139430849832796,0.936528113494935,0.987871402907623
"gene-LOC134707464|LOC134707464",30.0654452478802,0.05712349179327,0.171489228887979,0.0180922296275912,0.147753208625329
"gene-LOC134707468|LOC134707468",12.5109191208328,0.0884933672297163,0.18426190573074,0.0909270093666701,0.368216814790648
"gene-LOC134707472|LOC134707472",11.5371258226346,0.0562998989722483,0.150915791793211,0.399179978657791,0.741334246078755
"gene-LOC134707476|LOC134707476",27.7410058489951,0.18765543148536,0.297646406650303,0.0325481455864827,0.20406662144281
"gene-LOC134707482|LOC134707482",55.2450034333893,0.113675874444759,0.12340814340578,0.190677581856714,0.535073214285141
"gene-LOC134707483|LOC134707483",105.717060277425,0.0174107074613617,0.0938090954831989,0.815798505780553,0.946574899510975
"gene-LOC134707486|LOC134707486",19.6345403922238,0.0226042570559528,0.1459258220389,0.703003595700436,0.91221852127004
"gene-LOC134707487|LOC134707487",14.3625628989799,0.179114275347786,0.214839639037748,0.0705119496050742,0.316756783486828
"gene-LOC134707488|LOC134707488",20.1473671038766,0.126959596101096,0.158430696019747,0.159724708279143,0.493187780774669
"gene-LOC134707489|LOC134707489",68.3785443304935,0.0761979585226092,0.142723374377614,0.341862660792582,0.696873143289187
"gene-LOC134707490|LOC134707490",22.6703175383751,0.359649990786665,0.331154243766318,0.0157267303459894,0.133218312904851
"gene-LOC134707491|LOC134707491",10.3008068562324,0.0558575091317383,0.16510774836941,0.196826195443649,NA
"gene-LOC134707492|LOC134707492",66.3756618729473,-0.00689502755864183,0.156482551440365,0.682982681904758,0.905487482548216
"gene-LOC134707496|LOC134707496",16.580770762587,0.0468845707452144,0.151091749045096,0.445366266912903,0.780078735931532
"gene-LOC134707498|LOC134707498",67.6660316798619,0.0529007137116164,0.157899925830416,0.337453671142603,0.69311939260225
"gene-LOC134707502|LOC134707502",13.1761480758805,0.104053351693754,0.155083503617256,0.217599164868555,0.570417267010412
"gene-LOC134707503|LOC134707503",9.19635704555652,0.00450694461011862,0.146421969563674,0.934304010857894,NA
"gene-LOC134707504|LOC134707504",37.2839391483818,-0.0506933530239308,0.12210757639013,0.527479078660408,0.825157596038016
"gene-LOC134707510|LOC134707510",14.2257624274917,-0.155120367989757,0.264321504890478,0.0251643365956164,0.17781675015316
"gene-LOC134707513|LOC134707513",51.3044168232974,-0.0202590761117379,0.130865201422398,0.780260069861466,0.93497584270787
"gene-LOC134707514|LOC134707514",37.0948397823533,0.0926198831666073,0.18922836232232,0.0679247198017941,0.310833667483785
"gene-LOC134707518|LOC134707518",86.4598583322354,0.102720586381723,0.115116897728285,0.223470932696744,0.57613816735644
"gene-LOC134707523|LOC134707523",43.0008279184868,0.075678096258342,0.169188663503361,0.199179407757778,0.544771501681857
"gene-LOC134707534|LOC134707534",9.73052175256412,0.0381112764824436,0.147340308749692,0.539865238239661,NA
"gene-LOC134707535|LOC134707535",8.16471939130925,0.0239755095117818,0.150679070401288,0.630328695127788,NA
"gene-LOC134707545|LOC134707545",104.114644171869,0.0424694886394602,0.118154738341143,0.592005330194903,0.859810752403368
"gene-LOC134707550|LOC134707550",75.9803925698793,-0.056808411616154,0.105342367532639,0.473684327585206,0.795503607539599
"gene-LOC134707551|LOC134707551",19.9541222952207,0.0388685413253233,0.146835872312499,0.536891351480574,0.829693815849407
"gene-LOC134707553|LOC134707553",174.292292965682,-0.0510619116291247,0.130257261077795,0.514460665095224,0.813987689184446
"gene-LOC134707560|LOC134707560",15.6121860394813,0.0337025941720042,0.15888303977458,0.308160319729856,0.667081733268034
"gene-LOC134707564|LOC134707564",31.1604166209505,-0.430255315640591,0.174451834834796,0.00123483925771836,0.0376019603420288
"gene-LOC134707565|LOC134707565",24.2509378317862,-0.000272062196125804,0.153423676288137,0.989989336329388,0.99704656962612
"gene-LOC134707566|LOC134707566",46.7083829864633,0.622650642265647,0.459850722173509,0.0053328729066209,0.0743549033936444
"gene-LOC134707567|LOC134707567",18.9241670088843,0.28401941678764,0.252722594052781,0.0252427967546449,0.17781675015316
"gene-LOC134707568|LOC134707568",30.7489972146716,0.347780230575859,0.180387130506018,0.00583469771023905,0.0758934553133569
"gene-LOC134707570|LOC134707570",13.8239130186713,-0.0175277145680785,0.151290387176752,0.698782700695538,0.910869208354091
"gene-LOC134707571|LOC134707571",37.4826695359738,-0.0624278173842789,0.119354734336292,0.444694349221845,0.780078735931532
"gene-LOC134707572|LOC134707572",8.75625507351987,0.065071592704789,0.16630410668725,0.212362422628965,NA
"gene-LOC134707575|LOC134707575",19.1391384465324,0.026732603237086,0.155568108671527,0.48164699628137,0.797844258383848
"gene-LOC134707577|LOC134707577",121.182928482055,0.057055503649057,0.119872856993382,0.484339648160247,0.797844258383848
"gene-LOC134707579|LOC134707579",23.4343532923799,-0.0168881338423331,0.128770252988901,0.82035506904398,0.947588510304588
"gene-LOC134707580|LOC134707580",31.0890413077023,-0.00500602406094113,0.122446475761186,0.965364178597975,0.994654333373548
"gene-LOC134707584|LOC134707584",119.997837889813,-0.0398530482840264,0.135335136908306,0.59049115716706,0.859362273510206
"gene-LOC134707589|LOC134707589",21.3677270376346,-0.254180933360931,0.267103772459573,0.0330290986802175,0.205866299993136
"gene-LOC134707592|LOC134707592",1401.07814769572,0.0403584271048842,0.146575439056185,0.528128761217043,0.825439566564622
"gene-LOC134707593|LOC134707593",8.73935512290728,0.0667035932699011,0.150217863007149,0.35863589305223,NA
"gene-LOC134707595|LOC134707595",136.908625868291,-0.0916859523300303,0.131087352339878,0.279488827114937,0.638813521998874
"gene-LOC134707596|LOC134707596",51.9458524181847,0.117446296194827,0.104859244351924,0.150250648792217,0.477593130142926
"gene-LOC134707602|LOC134707602",9.51785983656486,0.400488193012771,0.725114400784375,0.0125301448498242,NA
"gene-LOC134707605|LOC134707605",17.929266045234,0.0452864248293095,0.145852376682925,0.49943613983051,0.80632202571024
"gene-LOC134707606|LOC134707606",8.51929311432649,0.0808773560580942,0.169571228745791,0.199660188415988,NA
"gene-LOC134707607|LOC134707607",35.698050104062,-0.00635421873393956,0.126725769353601,0.933043586252601,0.987013550100481
"gene-LOC134707608|LOC134707608",45.9150730244942,0.369337183886401,0.355114092104997,0.0147972734576843,0.128243036633264
"gene-LOC134707609|LOC134707609",33.5898352864186,-0.0244087190579384,0.15641475928755,0.45106750094769,0.782063141272941
"gene-LOC134707610|LOC134707610",8.10209726640833,-0.0258955726452387,0.153650514613785,0.545878087972434,NA
"gene-LOC134707612|LOC134707612",10.7508572024422,-0.00527775628554953,0.135372949841462,0.938594866169734,NA
"gene-LOC134707623|LOC134707623",15.1304849462278,-0.0525489270809276,0.156322678324021,0.358360425152724,0.709812160517057
"gene-LOC134707636|LOC134707636",34.9426722305329,0.217296046855303,0.209474942581031,0.0482350273879324,0.257118932603456
"gene-LOC134707640|LOC134707640",23.6933266224541,-0.00388876326765175,0.15488848064827,0.881652518712355,0.972386147839837
"gene-LOC134707642|LOC134707642",18.4077399552523,-0.030485702176701,0.150075655172024,0.571383380367656,0.848751066729252
"gene-LOC134707644|LOC134707644",45.3327014342902,0.0113025433853312,0.136316147786109,0.869850468226203,0.966163466887692
"gene-LOC134707656|LOC134707656",236.602244185064,-0.174625966722854,0.0909063389607273,0.0223847625472122,0.165035807205719
"gene-LOC134707658|LOC134707658",10.9202806056687,0.00245809497667119,0.136833154872162,0.974189545692831,NA
"gene-LOC134707662|LOC134707662",27.0058583698549,-0.233431372375878,0.170177833150411,0.0322602199652596,0.203603925307352
"gene-LOC134707669|LOC134707669",132.43221234218,0.0137785946627462,0.141882031021492,0.826193422964051,0.949444755548414
"gene-LOC134707678|LOC134707678",1817.03782304522,-0.036316753777881,0.136734739923517,0.616489984025077,0.872145629579647
"gene-LOC134707680|LOC134707680",14.3190198878857,-0.0693913084901582,0.155412961942261,0.320664568085959,0.678480571037232
"gene-LOC134707690|LOC134707690",594.843588620863,0.373448343045838,0.0901750301604794,4.8744467798548e-06,0.00135000982555109
"gene-LOC134707691|LOC134707691",11.2362988547258,0.0453733186154418,0.142444358308691,0.51756284651352,NA
"gene-LOC134707694|LOC134707694",21.7888807070096,0.0346603041328521,0.137216269606123,0.633193361752087,0.880964251270401
"gene-LOC134707699|LOC134707699",8.31789429869298,0.00767943157054872,0.143077950442988,0.898635345066861,NA
"gene-LOC134707700|LOC134707700",7.72522252622901,0.00339859504275509,0.154826151726957,0.903222662390092,NA
"gene-LOC134707702|LOC134707702",16.4736135389632,0.135639359820578,0.180405676327289,0.127799741839088,0.44004559757567
"gene-LOC134707703|LOC134707703",42.1137528593231,-0.082930307473949,0.120203520728324,0.31949373812907,0.677262932406713
"gene-LOC134707709|LOC134707709",17.1408623080135,-0.0943449588707852,0.155963436394277,0.241967652007572,0.597062367622924
"gene-LOC134707710|LOC134707710",7.09692168443731,0.0186670431768844,0.156215636623188,0.50895385391357,NA
"gene-LOC134707712|LOC134707712",30.0704997179166,-0.061482072274337,0.148436888546198,0.387720166077075,0.733405974480915
"gene-LOC134707718|LOC134707718",8.81051789147593,0.0503861184180589,0.145913482790676,0.466951484697534,NA
"gene-LOC134707725|LOC134707725",717.390117287947,0.0675379650231958,0.0685639241133453,0.275913180046484,0.63397826175633
"gene-LOC134707729|LOC134707729",176.253747034104,0.0364210456504245,0.103390124605663,0.643670554515483,0.887293103714266
"gene-LOC134707730|LOC134707730",18.2724248215372,-0.0744893466574598,0.150233125349874,0.32447141035419,0.681240238614434
"gene-LOC134707731|LOC134707731",9.48409685492578,0.0313040524469426,0.152434663946363,0.530411204860344,NA
"gene-LOC134707734|LOC134707734",11.0712365821579,-0.0166251431274799,0.156926940244083,0.453616990578565,NA
"gene-LOC134707738|LOC134707738",10.3267722567996,-0.00664755411998985,0.145749056881229,0.902997798860344,NA
"gene-LOC134707747|LOC134707747",36.600235405946,-0.22516007807429,0.198106668597225,0.0424121986060374,0.238814015223035
"gene-LOC134707756|LOC134707756",9.18672533934901,-0.0973818797513048,0.170709157957839,0.188764105606925,NA
"gene-LOC134707761|LOC134707761",85.0399345204029,-0.0258970033454195,0.128718733317782,0.723763984836802,0.91913408760176
"gene-LOC134707770|LOC134707770",36.3053794837057,0.0568696109104817,0.151994003052487,0.384741274020372,0.732179278363182
"gene-LOC134707773|LOC134707773",45.8893435573543,0.01768951892282,0.120454146942779,0.820777702090938,0.947588510304588
"gene-LOC134707780|LOC134707780",86.5271300981481,0.00164861777028425,0.118281651626648,0.98327078317768,0.995964714564617
"gene-LOC134707782|LOC134707782",19.6452777608873,-0.0167329039884541,0.134785619657941,0.811673553217843,0.945739991585451
"gene-LOC134707785|LOC134707785",10.8665950116099,0.0723290549045311,0.171114328650855,0.166977750038555,NA
"gene-LOC134707790|LOC134707790",19.808667928104,0.387487746655393,0.347201153846868,0.0135118923596395,0.120210550741485
"gene-LOC134707791|LOC134707791",52.0517990558203,0.0291532397553976,0.125977633676845,0.706513563173096,0.914571283625302
"gene-LOC134707792|LOC134707792",7.80374275665524,0.00956249411982137,0.155361357870855,0.711965565727399,NA
"gene-LOC134707793|LOC134707793",441.08278974337,0.113276174549422,0.101387930053913,0.157212600676457,0.489409362205113
"gene-LOC134707801|LOC134707801",16.5038759671056,0.00680614453003063,0.138863332652273,0.918169627629706,0.982131130710269
"gene-LOC134707804|LOC134707804",16.5149161274709,-0.00825827206813834,0.130117968996967,0.909024947189184,0.980385529469863
"gene-LOC134707805|LOC134707805",15.3723224679912,0.110298324325416,0.191455967707884,0.111044500183865,0.413529013531349
"gene-LOC134707814|LOC134707814",59.2703225407491,0.11682572339088,0.164175913574247,0.175400994610893,0.516075905621887
"gene-LOC134707816|LOC134707816",29.2239427533703,0.113362254837811,0.150312628627647,0.196308643511661,0.540400198430977
"gene-LOC134707817|LOC134707817",14.7452652799081,0.447818192528661,0.237071326952464,0.00399982752072433,0.0696144844453934
"gene-LOC134707818|LOC134707818",13.1224639549238,0.0235176366746953,0.1395022055802,0.725928941653532,0.919270819558614
"gene-LOC134707819|LOC134707819",35.3771175049613,0.223700461328281,0.166582023895811,0.0362339042103466,0.218984791100482
"gene-LOC134707821|LOC134707821",11.8818512053148,0.0349163903398234,0.153696686471092,0.482998297293424,0.797844258383848
"gene-LOC134707823|LOC134707823",13.1578753475396,-0.05800415386236,0.145966615361123,0.416070799591306,0.755718795792073
"gene-LOC134707824|LOC134707824",25.954360486955,0.171549991429041,0.170741703284944,0.0848633627829637,0.35269967729597
"gene-LOC134707829|LOC134707829",23.9380148280812,0.18984654316125,0.159304057714369,0.060533269561329,0.292562160171218
"gene-LOC134707831|LOC134707831",22.0962171760426,0.0481254467974079,0.142756203872477,0.497657725024547,0.80632202571024
"gene-LOC134707833|LOC134707833",7.48445790970427,0.21434903337237,0.356068026342791,0.0246356304122014,NA
"gene-LOC134707834|LOC134707834",461.631824500848,-0.138221602160158,0.206052778976416,0.0897629669866091,0.364491938474352
"gene-LOC134707835|LOC134707835",5.93946507254659,-0.0165347761979242,0.156691132047379,0.481093238808671,NA
"gene-LOC134707837|LOC134707837",866.409565025894,-0.0982988147499834,0.173078423124022,0.180718133886558,0.521456743857906
"gene-LOC134707840|LOC134707840",22.061119014135,0.0751980126153599,0.135919908474298,0.357599051081564,0.709407024412818
"gene-LOC134707842|LOC134707842",32.2369164974811,0.546701843410221,0.274679813594133,0.00242882009482336,0.0566772571047494
"gene-LOC134707849|LOC134707849",82.5239397767133,-0.149618342159606,0.165303708966122,0.114127328530295,0.418532574978688
"gene-LOC134707851|LOC134707851",42.2296541840705,0.168821274263058,0.144275791707265,0.0795761006547949,0.341116932147405
"gene-LOC134707854|LOC134707854",32.4707481046083,0.287915790965155,0.175430992993867,0.0142953397116943,0.125380239997539
"gene-LOC134707855|LOC134707855",10.571325018141,-0.0111311194151186,0.143755533746278,0.849425859612142,NA
"gene-LOC134707858|LOC134707858",12.6662934071589,-0.0501431881187668,0.1612078563168,0.271400297446609,0.628890467346271
"gene-LOC134707861|LOC134707861",68.8784264076721,-0.0857270203494965,0.139866564904616,0.3025182362351,0.662085141396699
"gene-LOC134707862|LOC134707862",84.1799846656029,0.0217115635879697,0.0977049198253246,0.778363512474263,0.934005335233767
"gene-LOC134707865|LOC134707865",24.2816418314258,0.075041000607713,0.158949241040482,0.28247328700109,0.642397300320222
"gene-LOC134707866|LOC134707866",16.1879552570215,0.0558992982799153,0.139697524557327,0.460595560160253,0.78761820093632
"gene-LOC134707867|LOC134707867",63.9776654366915,0.0145645943344436,0.097643772013782,0.849867798287355,0.957503125573181
"gene-LOC134707872|LOC134707872",12.6729429226634,0.00619418166691284,0.155190067260887,0.800244572686949,0.941551150353872
"gene-LOC134707874|LOC134707874",44.4150922612115,0.223338840751898,0.242750257226594,0.0440130175116182,0.243159515653953
"gene-LOC134707880|LOC134707880",11.5689739447668,-0.00667955447459585,0.139096127973171,0.914485830947191,0.98134698001751
"gene-LOC134707884|LOC134707884",9.63517187306077,0.00800440110989664,0.155830439077468,0.727954974433906,NA
"gene-LOC134707889|LOC134707889",8.63619271288502,0.0105253508073851,0.151705927640861,0.806204613066097,NA
"gene-LOC134707890|LOC134707890",23.9933624416341,0.0834204893380949,0.153909552074709,0.280689784256145,0.640633537692394
"gene-LOC134707902|LOC134707902",21.4542003053167,0.0833593168299018,0.180699227049707,0.0984321187674497,0.385362098545923
"gene-LOC134707906|LOC134707906",19.1807285007054,0.0315926381305964,0.133604872551492,0.669172617566094,0.901190184756029
"gene-LOC134707910|LOC134707910",30.6262962665372,0.00248273014300022,0.122480758417883,0.974884374768118,0.995073589829788
"gene-LOC134707918|LOC134707918",30.523640026271,0.0461672124069616,0.129180430528151,0.555007828148944,0.841561500906635
"gene-LOC134707919|LOC134707919",11.1898345959765,0.0155012277766841,0.149034263345789,0.757369123030145,NA
"gene-LOC134707922|LOC134707922",161.235726236697,0.10084920797046,0.0889500110767142,0.170879945953315,0.50912313176923
"gene-LOC134707925|LOC134707925",9.43205376501329,0.0880928395745198,0.174368363559854,0.171038736144188,NA
"gene-LOC134707928|LOC134707928",9.74698304032044,-0.0379044524805947,0.15569977542423,0.414975092644479,NA
"gene-LOC134707930|LOC134707930",14.5699187699933,0.0235024578405522,0.147552223136356,0.678171125777797,0.903566214433082
"gene-LOC134707931|LOC134707931",49.0931208741197,0.358150617001445,0.192691821699396,0.00628184264527633,0.0787703497055319
"gene-LOC134707932|LOC134707932",11.2667071518622,0.0584614385348174,0.168916728512161,0.111310993348158,NA
"gene-LOC134707933|LOC134707933",39.0923320212988,-0.0153257504391855,0.121054756837546,0.844985171380671,0.955567960192745
"gene-LOC134707935|LOC134707935",85.6573823843497,0.105058829824434,0.148488964300304,0.218178161199712,0.571461713339706
"gene-LOC134707940|LOC134707940",380.467167622987,0.0325297534651232,0.115511825919781,0.684097756640314,0.905487482548216
"gene-LOC134707942|LOC134707942",41.9485264978485,0.0266720559712961,0.127031696007462,0.727196614583614,0.919346388108242
"gene-LOC134707944|LOC134707944",12.7371630036717,0.024104744018589,0.143262969508645,0.712535622693406,0.916378992026017
"gene-LOC134707945|LOC134707945",1518.87955322731,0.134673951711719,0.0865542767521747,0.0665608383066908,0.30813819855988
"gene-LOC134707947|LOC134707947",8.90403856981641,0.017183683275038,0.138956827072529,0.797242730070381,NA
"gene-LOC134707950|LOC134707950",20.2445225470097,-0.0874496990700186,0.146706822837285,0.285835126872884,0.645205442303427
"gene-LOC134707951|LOC134707951",8.21738069446085,0.0351683913720891,0.160353816767064,0.224220774080533,NA
"gene-LOC134707955|LOC134707955",101.160773395767,0.27469786768435,0.194548501919362,0.0212442454012375,0.160873972730988
"gene-LOC134707958|LOC134707958",97.68871037155,0.202958160841275,0.181693832214257,0.0564521243219859,0.282168450490516
"gene-LOC134707965|LOC134707965",24.9537436455247,-0.0855321081685917,0.123002927904737,0.31107821645056,0.67080847623225
"gene-LOC134707966|LOC134707966",99.1272826575077,0.0685496666469838,0.136454473709571,0.393173996997474,0.737556162394337
"gene-LOC134707973|LOC134707973",47.3160253491598,-0.131093373806346,0.133914794550083,0.145833748159867,0.470598265338576
"gene-LOC134707975|LOC134707975",35.8034865084729,0.0149492462263497,0.139496689160925,0.823157475821339,0.948153298297698
"gene-LOC134707976|LOC134707976",57.1803662974307,-0.00559443254042593,0.108382791498286,0.941500638249925,0.99031688666645
"gene-LOC134707977|LOC134707977",50.2871696637856,1.07629732563183,0.253214040100746,1.05058923239562e-06,0.000498596288094947
"gene-LOC134707979|LOC134707979",249.259962594004,0.00981823644537312,0.148889409192172,0.843817144228141,0.95511677644643
"gene-LOC134707980|LOC134707980",21.4911765579554,0.00181873376025087,0.150034127462899,0.965786049289479,0.994785200451026
"gene-LOC134707981|LOC134707981",21.8113893892074,-0.288573344297639,0.254306003371692,0.0239808906235298,0.172219022854436
"gene-LOC134707984|LOC134707984",21.0778066623566,0.0790361639595499,0.139493413321796,0.331771247873288,0.686832255103296
"gene-LOC134707988|LOC134707988",13.9973636626926,0.519150156493404,0.436676648660859,0.00785028839749148,0.0878845994587359
"gene-LOC134707996|LOC134707996",37.8701018507365,0.110314023215854,0.137655923444871,0.208868998325332,0.55855692218642
"gene-LOC134707997|LOC134707997",18.060625700438,0.0526462159297473,0.131608623448341,0.502807699130436,0.807178690388325
"gene-LOC134708002|LOC134708002",18.3208643476649,0.27507760200457,0.240369896167782,0.0270107116694181,0.184739290219223
"gene-LOC134708003|LOC134708003",30.6399000196134,0.0636246423147814,0.121934115969572,0.438273953729348,0.776186378091306
"gene-LOC134708005|LOC134708005",56.3043097862383,0.616355990600389,0.207442235921263,0.000181611817584326,0.01314621906832
"gene-LOC134708006|LOC134708006",8.43142853271482,-0.00889286820927668,0.156010764314462,0.680208327263568,NA
"gene-LOC134708014|LOC134708014",15.4465194920473,0.0767878419286726,0.149462494581553,0.318095618019649,0.675423028928387
"gene-LOC134708016|LOC134708016",30.9194004164215,0.00919830394537451,0.146015021333499,0.86888785212727,0.965641716233876
"gene-LOC134708019|LOC134708019",18.0497328026819,0.0286084470989045,0.151479458631072,0.570783236422478,0.848751066729252
"gene-LOC134708024|LOC134708024",82.7908558694863,-0.19743915146924,0.132875559183998,0.0374521222345678,0.222962634237567
"gene-LOC134708026|LOC134708026",8.46673763826635,-0.04719371987342,0.159743420052672,0.304696224690344,NA
"gene-LOC134708028|LOC134708028",80.4357586434462,0.268480614598992,0.102982624705569,0.00197108119323053,0.0494322330743247
"gene-LOC134708031|LOC134708031",84.660707708874,-0.589001712068959,0.278468402376903,0.00169744836361774,0.0458167206620552
"gene-LOC134708032|LOC134708032",22.8713683574862,-0.0184387298472694,0.137300180266351,0.786289202143062,0.937926817357699
"gene-LOC134708033|LOC134708033",11.9537978192993,0.0714868256091575,0.160869538869229,0.273143608842244,0.631502339340922
"gene-LOC134708037|LOC134708037",41.3398081652101,-0.00109842128721934,0.119118405075803,0.989189320319812,0.99704656962612
"gene-LOC134708039|LOC134708039",193.863102615858,0.171250444592152,0.0853540298037076,0.019211525097718,0.153163222618853
"gene-LOC134708041|LOC134708041",114.633146113009,-0.0171264840732318,0.0806523297101939,0.803987690498441,0.943228489187407
"gene-LOC134708042|LOC134708042",64.0194442767127,0.101528197284506,0.145444572585546,0.236197044718442,0.590452995904287
"gene-LOC134708049|LOC134708049",182.831544969843,0.155560983508038,0.097419318718313,0.0501397729260841,0.264395988029102
"gene-LOC134708053|LOC134708053",24.3406560722779,0.00385913167234269,0.125395528409368,0.959286314109222,0.993195169444879
"gene-LOC134708054|LOC134708054",45.221036120631,0.010841263295946,0.105096973449195,0.890702976410783,0.975070935959626
"gene-LOC134708056|LOC134708056",12.7209449149374,0.00107805831803665,0.152685137090408,0.97890444978707,0.995964714564617
"gene-LOC134708058|LOC134708058",10.7490611846439,0.0163098873179597,0.152748643339054,0.69370263359305,NA
"gene-LOC134708061|LOC134708061",19.4077789676739,0.0390745609273727,0.141619799344736,0.573018706380027,0.849064411433162
"gene-LOC134708062|LOC134708062",20.0923494226761,-0.022371881781403,0.118413237627712,0.774200449490708,0.932853633900032
"gene-LOC134708063|LOC134708063",134.950065738219,0.0813574833693428,0.0841530472043509,0.254090012912903,0.61027215997359
"gene-LOC134708066|LOC134708066",44.8929355625404,0.00588347108788591,0.107575683983659,0.940497153480568,0.989791724851374
"gene-LOC134708069|LOC134708069",14.9628790107778,-0.00860918719620874,0.152166092866487,0.820741846932056,0.947588510304588
"gene-LOC134708070|LOC134708070",7.72122910092292,-0.00429933545785346,0.143982556467975,0.938601267479704,NA
"gene-LOC134708071|LOC134708071",16.2792472310763,0.196545036385389,0.193361558066237,0.0611000930770264,0.293741579547666
"gene-LOC134708073|LOC134708073",24.3440846130073,0.169037377719386,0.252193173622142,0.0511870339985473,0.267299309466208
"gene-LOC134708078|LOC134708078",19.5469592699703,0.0103782435212642,0.117986669300551,0.887986050599353,0.974745501370844
"gene-LOC134708083|LOC134708083",22.9989826419037,-0.153141587751936,0.170255006748541,0.108584249423447,0.409769694442841
"gene-LOC134708088|LOC134708088",64.6137727328804,-0.0472396578036273,0.119845853737261,0.5546193883772,0.84137306595922
"gene-LOC134708095|LOC134708095",24.9202791813556,-0.0833315884690089,0.134950311503285,0.317321931884667,0.674846429670296
"gene-LOC134708096|LOC134708096",8.86791211325653,0.0584715613466249,0.165698632314259,0.195997585804742,NA
"gene-LOC134708098|LOC134708098",27.7533385732409,-0.0784475210462425,0.162792236591728,0.250069162948937,0.606092166679834
"gene-LOC134708106|LOC134708106",8.26049985879451,0.018564107121946,0.144718066244088,0.755994058947202,NA
"gene-LOC134708108|LOC134708108",19.526244827151,-0.0865052055209281,0.156077259520655,0.259999430818595,0.618109215245852
"gene-LOC134708111|LOC134708111",18.099851925943,0.0280641889552485,0.138469284197957,0.682960354257354,0.905487482548216
"gene-LOC134708113|LOC134708113",7.87136365925684,-0.0141430317711925,0.15626370214481,0.557993859883471,NA
"gene-LOC134708120|LOC134708120",188.095571277975,0.389969939140882,0.108650376731662,4.04985391108775e-05,0.00573279320302866
"gene-LOC134708125|LOC134708125",10.3244031892141,0.920390540207604,0.332350141091306,0.000253731677849227,NA
"gene-LOC134708130|LOC134708130",11.6682315077113,-0.0302170496009588,0.135705638799015,0.67708743994245,0.90290504592405
"gene-LOC134708132|LOC134708132",44.7493987092556,0.0517676112859542,0.110125353933992,0.512911110382713,0.812976776697393
"gene-LOC134708133|LOC134708133",15.9245273155156,-0.0730516814673415,0.149257287263216,0.335333515643949,0.690903694851549
"gene-LOC134708137|LOC134708137",60.7218403350728,-0.017012165781135,0.0998427969691576,0.825722647683658,0.949444755548414
"gene-LOC134708139|LOC134708139",25.9561290419599,0.0845638916414354,0.131585726955282,0.313500595729182,0.673078291486539
"gene-LOC134708141|LOC134708141",20.876660200838,-0.053253796754892,0.146638241299484,0.441023112250649,0.777529967078367
"gene-LOC134708142|LOC134708142",64.2807785633143,0.0718117308340183,0.103846937710337,0.368910336735012,0.717280093756408
"gene-LOC134708144|LOC134708144",81.5630081305902,-0.166123072751907,0.123839501551624,0.067793669017204,0.31045698895729
"gene-LOC134708145|LOC134708145",10.4687587407184,-0.0304807090707057,0.157704121986952,0.365062458597017,NA
"gene-LOC134708146|LOC134708146",607.10058059501,-0.0551789995576668,0.167321001829881,0.126771697876713,0.438639715086725
"gene-LOC134708149|LOC134708149",15.7244778153457,0.0494859538618435,0.155684361446027,0.379944006363251,0.727455160966009
"gene-LOC134708151|LOC134708151",17.4142066316125,0.00624501098448197,0.131531656295447,0.931134798328142,0.986439834309975
"gene-LOC134708154|LOC134708154",67.8216799504123,-0.906981566304168,0.209566189818149,7.94427652351966e-07,0.000460045831407457
"gene-LOC134708162|LOC134708162",38.5646584413251,0.0102731114297616,0.109208664907979,0.896350768090515,0.975254009504506
"gene-LOC134708163|LOC134708163",15.9958563482663,0.0949071927583929,0.156048784570948,0.240602551251224,0.595453808472327
"gene-LOC134708164|LOC134708164",33.2190682313846,0.215374812180244,0.289334722954882,0.0396208334966249,0.231758227156566
"gene-LOC134708167|LOC134708167",39.9922830706569,-0.223772762509702,0.190650620815704,0.0419779672444485,0.238111889000122
"gene-LOC134708172|LOC134708172",840.856383120922,-0.647275768760863,0.237403224994993,0.000379125390908985,0.0212773663413897
"gene-LOC134708174|LOC134708174",10.5831046095076,0.00878156815909808,0.150533948195922,0.843750057631136,NA
"gene-LOC134708178|LOC134708178",10.0014751033345,-0.0624316928477897,0.158914780644128,0.305434209121412,NA
"gene-LOC134708180|LOC134708180",13.6502968510497,0.0742364601710677,0.175831752552495,0.103866666467721,0.399053477321704
"gene-LOC134708186|LOC134708186",76.7181008687878,0.0135888954667624,0.155943117841139,0.605189545477191,0.865997779642735
"gene-LOC134708187|LOC134708187",16.3571610674748,-0.0452567546493132,0.1498959657659,0.467032378622665,0.791854205969224
"gene-LOC134708188|LOC134708188",58.6314591957989,0.997310590846842,0.417243921327949,0.000616336924991546,0.0268261715727828
"gene-LOC134708195|LOC134708195",27.2307267375953,0.0394801727880192,0.156049578978404,0.408354593263388,0.748552160888571
"gene-LOC134708207|LOC134708207",73.6715116631413,-0.141708980896543,0.169666295816125,0.125574651552544,0.43763862196316
"gene-LOC134708214|LOC134708214",8.4329418622325,0.00904228198016538,0.148930800488611,0.853869712424281,NA
"gene-LOC134708219|LOC134708219",10.1014823064086,0.00497734716265091,0.145669217012142,0.928524074284418,NA
"gene-LOC134708220|LOC134708220",73.6387182307316,0.0030006179035985,0.115500465595813,0.970168723170206,0.995073589829788
"gene-LOC134708229|LOC134708229",14.0199319108508,-0.00995957892887645,0.151800492318137,0.807892758637389,0.944489987490306
"gene-LOC134708233|LOC134708233",33.0119749746404,0.0672362311311651,0.139476140474775,0.395304873828503,0.738010564562593
"gene-LOC134708234|LOC134708234",55.8229038559754,0.298549299751377,0.142130841418222,0.00556170317834764,0.074450333271415
"gene-LOC134708235|LOC134708235",348.782962817564,-0.0131292647124263,0.125860690163406,0.864464640275751,0.963852569152898
"gene-LOC134708244|LOC134708244",20.6684145281617,-0.198848128212889,0.197999058067363,0.0597656631719161,0.290616240003897
"gene-LOC134708250|LOC134708250",31.8958536054841,0.00379403050295463,0.120398463880969,0.978156332282828,0.995964714564617
"gene-LOC134708253|LOC134708253",16.9686892397452,0.105106077133747,0.190790854794099,0.103380424465526,0.398265232785705
"gene-LOC134708254|LOC134708254",211.520422290069,0.125809530352957,0.143912917828777,0.164391520088402,0.499916962051184
"gene-LOC134708255|LOC134708255",43.200473905442,0.0132791300033614,0.141183353942104,0.834365037302705,0.951902489882482
"gene-LOC134708256|LOC134708256",55.8993449242629,-0.10236441783392,0.108257867857037,0.214568482241115,0.566774082074643
"gene-LOC134708257|LOC134708257",192.539004546668,0.00526708455224638,0.099912813068415,0.940845980215866,0.989791724851374
"gene-LOC134708263|LOC134708263",18.0062178208247,0.0691258059610129,0.177487384518299,0.0291052690638502,0.19192604962394
"gene-LOC134708267|LOC134708267",10.5714734438009,0.0462285385219621,0.157547923032662,0.356547914122981,NA
"gene-LOC134708268|LOC134708268",10.9095188126612,0.0620463566117618,0.152225588835838,0.365499308247602,NA
"gene-LOC134708269|LOC134708269",25.3064405771171,-0.111147797873826,0.160468081647548,0.190799055230055,0.535162402674331
"gene-LOC134708277|LOC134708277",87.9803091994882,-0.288971320321165,0.190538522096898,0.0166212440537169,0.138543018677862
"gene-LOC134708285|LOC134708285",42.8351690837145,0.154231399638514,0.136747372769122,0.0978947908265037,0.384457347450573
"gene-LOC134708286|LOC134708286",25.6374358471988,-0.0379712473332742,0.143195713898437,0.569996435879579,0.848701780072962
"gene-LOC134708291|LOC134708291",147.136851977682,-0.0429545725705286,0.0918448006213942,0.566440364338969,0.846361619922557
"gene-LOC134708294|LOC134708294",16.987456584249,0.0705926584957298,0.149544044882979,0.34219688223585,0.696948382697424
"gene-LOC134708310|LOC134708310",72.5015492296233,0.0377738789576081,0.0945506919969588,0.618222088103503,0.873282863067857
"gene-LOC134708321|LOC134708321",21.6532702275912,0.0190539268167126,0.149540063988411,0.707803631103974,0.915288089754835
"gene-LOC134708322|LOC134708322",12.2092976203081,-0.0130839208250226,0.142550923926175,0.831840237557937,0.95105951595356
"gene-LOC134708327|LOC134708327",25.1163735572245,-0.100691255721506,0.147437649700773,0.237107126101114,0.59183871209408
"gene-LOC134708328|LOC134708328",21.6009442039656,-0.43660412566558,0.229242533976978,0.00393788130711263,0.0692936572549929
"gene-LOC134708331|LOC134708331",8.1574895048742,0.0293832966618621,0.137022737847805,0.680732654175579,NA
"gene-LOC134708334|LOC134708334",11.0860306570842,0.0725862850965446,0.171428999181787,0.162984852562732,NA
"gene-LOC134708338|LOC134708338",17.5008536116416,-0.0201648156010333,0.145559022154268,0.727188087727658,0.919346388108242
"gene-LOC134708339|LOC134708339",12.4656682060999,-0.00106766886365856,0.147824677108915,0.981564364218396,0.995964714564617
"gene-LOC134708343|LOC134708343",102.115699134417,0.159598118774214,0.146941598139674,0.0931316703525659,0.372409755270461
"gene-LOC134708344|LOC134708344",161.09255832125,0.117175481683425,0.166177503121776,0.172049052495449,0.510457598693997
"gene-LOC134708346|LOC134708346",15.9089059421117,-0.0938485855995152,0.185065316389991,0.104809401635141,0.401464755511634
"gene-LOC134708348|LOC134708348",55.1198226897472,0.0568260142896325,0.10358443778413,0.472979083386407,0.795503607539599
"gene-LOC134708353|LOC134708353",1067.43279208068,0.268610706723961,0.172274287044366,0.0184679135301954,0.149290113181909
"gene-LOC134708355|LOC134708355",15.9662911224361,-0.0132859255365985,0.141557296490002,0.830900936518207,0.95105951595356
"gene-LOC134708356|LOC134708356",8.16352678502014,-0.00635118147617263,0.152176266569736,0.869216849757783,NA
"gene-LOC134708357|LOC134708357",19.0851200116542,0.0388901206647681,0.130652438426363,0.608578882149644,0.867140836352241
"gene-LOC134708360|LOC134708360",136.141108145098,0.114023855009583,0.136376606231926,0.195794479419876,0.539663531464313
"gene-LOC134708361|LOC134708361",8.27556786764007,0.00983837810572695,0.150589361964361,0.827600717684309,NA
"gene-LOC134708366|LOC134708366",10.7987324961482,-0.0159094575327491,0.153166951028272,0.679680304931379,NA
"gene-LOC134708372|LOC134708372",10.9233208590398,0.02186111857443,0.142974788897104,0.727807019819733,NA
"gene-LOC134708373|LOC134708373",13.7260669300296,-0.0050402542523534,0.156714635841189,0.712044606230978,0.916378992026017
"gene-LOC134708374|LOC134708374",15.6889765485264,0.0198449546239548,0.137388019856731,0.774261295346112,0.932853633900032
"gene-LOC134708375|LOC134708375",9.35324092142945,-0.00662218912823312,0.154382120602862,0.835035985415095,NA
"gene-LOC134708376|LOC134708376",707.006546835003,0.149739103379979,0.0852538090151492,0.040085336806515,0.233190498134704
"gene-LOC134708378|LOC134708378",8.82718123865002,0.00444376601232979,0.15545921672969,0.819758977090683,NA
"gene-LOC134708379|LOC134708379",36.3428629971998,-0.0485479438496261,0.150524157833141,0.441689866918912,0.777872394877929
"gene-LOC134708381|LOC134708381",13.7471629829605,0.0959925662883293,0.176174613664092,0.166054981318784,0.502265066951878
"gene-LOC134708383|LOC134708383",8.78620366218156,0.0187007112414538,0.154465520238764,0.597496707785922,NA
"gene-LOC134708392|LOC134708392",54.2592634806024,0.319497782907629,0.175456836286947,0.00842530031365516,0.090839063773028
"gene-LOC134708394|LOC134708394",8.11129762972283,0.0433593038027878,0.156868053341314,0.377069267818925,NA
"gene-LOC134708396|LOC134708396",5.80385403672662,-0.032896230248972,0.159418742439329,0.264322331697637,NA
"gene-LOC134708397|LOC134708397",38.3563341431568,0.0535603807744466,0.163153950788018,0.235009573474439,0.589136217961327
"gene-LOC134708398|LOC134708398",15.118481155181,0.10305477575535,0.189684909641913,0.104290780356861,0.400200163176628
"gene-LOC134708400|LOC134708400",17.5607894836885,0.00214443717316685,0.153478849224586,0.95199979379774,0.993195169444879
"gene-LOC134708401|LOC134708401",13.1688343221198,-0.00182090413257929,0.150416461125379,0.962815567131654,0.994069245097814
"gene-LOC134708404|LOC134708404",29.2721126930103,0.0189598907533761,0.140390332116507,0.772674815721072,0.932853633900032
"gene-LOC134708405|LOC134708405",287.43802633438,0.351067151939958,0.210030573312615,0.00887490932171523,0.0940651786677637
"gene-LOC134708420|LOC134708420",13.5667878642815,0.0134712225572488,0.121773437211576,0.861868373266259,0.962765107416313
"gene-LOC134708428|LOC134708428",26.3547414047981,-0.0197389373215304,0.148157480341048,0.706833182885646,0.914756829626844
"gene-LOC134708430|LOC134708430",18.0708031515752,0.029341031311752,0.155422889713617,0.471837201510258,0.795312190392975
"gene-LOC134708433|LOC134708433",41.4911273959782,-0.0610893315326211,0.148593536006799,0.391188508840949,0.73617135276966
"gene-LOC134708443|LOC134708443",59.7074014175498,0.11203451245576,0.157718053043042,0.19423702093059,0.538186091051701
"gene-LOC134708455|LOC134708455",13.5640717717542,0.0594556414293375,0.14721183796207,0.407208581094157,0.747097962708065
"gene-LOC134708458|LOC134708458",94.8410183071144,0.0362068082284726,0.122342793176961,0.648479112034355,0.889087813609181
"gene-LOC134708460|LOC134708460",20.4452156760725,-0.132578809025616,0.163257215794561,0.143489606245868,0.467773179010326
"gene-LOC134708463|LOC134708463",184.476743990936,-0.062786120931995,0.122977499485046,0.440716306237467,0.777479499333713
"gene-LOC134708465|LOC134708465",74.3799412786239,0.0107439907947411,0.0983999805923041,0.88878952968807,0.974745501370844
"gene-LOC134708467|LOC134708467",173.019538822842,0.207762263542289,0.195333607154787,0.0529192599660032,0.272672395646929
"gene-LOC134708469|LOC134708469",216.698085403413,0.0552310655995391,0.130036035049566,0.492651355276399,0.804251443647018
"gene-LOC134708475|LOC134708475",9.26578967384209,0.116687713674714,0.1836823696978,0.13721423011927,NA
"gene-LOC134708486|LOC134708486",9.42151659964674,0.123038252485011,0.189290979728709,0.12452073012693,NA
"gene-LOC134708490|LOC134708490",47.3771131485715,-0.0592180841068993,0.134064569037297,0.452387707412465,0.782320725518962
"gene-LOC134708492|LOC134708492",45.5056146218948,0.00801501647535406,0.133784232246851,0.908035327400966,0.979872104954117
"gene-LOC134708497|LOC134708497",85.9754854497062,0.251145974528413,0.124769216118009,0.00959122596890885,0.0979104317659445
"gene-LOC134708499|LOC134708499",23.4671440945104,-0.0404038714081678,0.151655959932362,0.475528286530168,0.796112897525551
"gene-LOC134708500|LOC134708500",153.526059955685,-0.0314311764992413,0.106292097208916,0.691930089967789,0.908085233046964
"gene-LOC134708504|LOC134708504",471.060457724112,-0.152100996440446,0.102823701070318,0.0643186482723424,0.300814823417637
"gene-LOC134708505|LOC134708505",21.1010338905675,-0.00331198084746839,0.148638382376588,0.942974499308449,0.991212468745019
"gene-LOC134708506|LOC134708506",9.42493017370122,0.213877580832481,0.232443243576942,0.0493310322732944,NA
"gene-LOC134708510|LOC134708510",49.2906535726786,0.0158884751321293,0.109307610401156,0.841518923451851,0.954388425485005
"gene-LOC134708512|LOC134708512",35.9140498983978,0.0234169149058498,0.140118564093872,0.722145192681309,0.918664055811524
"gene-LOC134708514|LOC134708514",350.365797989509,0.191994065260327,0.0871098993806774,0.0102186915446512,0.101233382798489
"gene-LOC134708516|LOC134708516",129.53903989863,0.132340632123838,0.109845366468115,0.115786530007781,0.421410743231641
"gene-LOC134708518|LOC134708518",28.1852210528495,-0.0778879970235707,0.143740648559409,0.33191229699822,0.686901017504438
"gene-LOC134708525|LOC134708525",19.7968015113307,0.060581666134298,0.128835198494879,0.453712250499184,0.783662428329664
"gene-LOC134708526|LOC134708526",9.95534522247565,-0.062672159816912,0.142834112754678,0.407236345568745,NA
"gene-LOC134708529|LOC134708529",22.4878563316619,0.0247955117051794,0.131745864194683,0.736340860142213,0.921921372263905
"gene-LOC134708530|LOC134708530",10.3620191494242,0.177246098810559,0.245916904448399,0.0559254824223481,NA
"gene-LOC134708531|LOC134708531",18.8429203328031,0.0798768587295998,0.135661151581829,0.334201523629341,0.689398868367519
"gene-LOC134708533|LOC134708533",24.8064152800572,0.256940674943551,0.2899987487658,0.0322368632864298,0.203603925307352
"gene-LOC134708550|LOC134708550",12.3724075670771,0.0728426674030948,0.154450559180351,0.311568156416833,0.671183346761998
"gene-LOC134708551|LOC134708551",329.637265702466,-0.0534655056581282,0.128796821662865,0.500802857722202,0.80632202571024
"gene-LOC134708561|LOC134708561",42.8541548767013,0.0840150668750152,0.131576931422613,0.316839834818192,0.674555396989266
"gene-LOC134708566|LOC134708566",22.1154999032753,0.0528683154556882,0.156433711320657,0.357077747585431,0.708958613480239
"gene-LOC134708567|LOC134708567",16.5213705754221,-0.00522968165263527,0.154941871131744,0.845219761978924,0.955567960192745
"gene-LOC134708568|LOC134708568",10.4535294386984,0.0327479899842465,0.152758122348138,0.512559004423129,NA
"gene-LOC134708581|LOC134708581",8.60877034192895,-0.00568174807848131,0.1558254316129,0.787823222015234,NA
"gene-LOC134708584|LOC134708584",54.5388052311335,0.0965799437729073,0.144294925560986,0.253865592538544,0.61027215997359
"gene-LOC134708586|LOC134708586",148.631982501293,-0.056492110071149,0.133180341038352,0.472206001981449,0.795503607539599
"gene-LOC134708598|LOC134708598",14.2576916986019,-0.0862679759066136,0.186409358591851,0.0532075948927704,0.273553171482605
"gene-LOC134708608|LOC134708608",117.961897588049,-0.0211713695764236,0.15513545205213,0.538496391029554,0.831461154911253
"gene-LOC134708630|LOC134708630",18.8409084908496,0.00740365205696316,0.155588998380178,0.760511390538593,0.928686892939909
"gene-LOC134708668|LOC134708668",21.6991955541815,-0.0111320024909573,0.155230925869794,0.693102665975743,0.908204508399908
"gene-LOC134708682|LOC134708682",48.1916297649474,-0.0430486156023051,0.15993211531025,0.291408434352725,0.652260158178227
"gene-LOC134708714|LOC134708714",18.381230764677,0.00508697107708674,0.15312752662461,0.896740203835154,0.975283438352387
"gene-LOC134709035|LOC134709035",13.4418484753298,0.426783697015941,0.292606126302968,0.00824596984584264,0.0901937446253368
"gene-LOC134709193|LOC134709193",15.6759290123666,-0.0324069022201608,0.155386223046911,0.449220459346163,0.781041759539082
"gene-LOC134709213|LOC134709213",11.4977063012356,0.0816981286817833,0.172750024370802,0.172266621210928,0.51086516625401
"gene-LOC134709214|LOC134709214",7.70797367311202,0.0792591296815485,0.179727033083575,0.0831916683076635,NA
"gene-LOC134709225|LOC134709225",58.2405719485813,0.000317417052170449,0.156197200603913,0.993099705928725,0.99821209892745
"gene-LOC134709236|LOC134709236",5.89379757060668,0.00878631870401573,0.15609544165876,0.683853721346376,NA
"gene-LOC134709237|LOC134709237",761.932044477293,-0.00182087691280636,0.153544261682759,0.831465064753366,0.95105951595356
"gene-LOC134709265|LOC134709265",23.6748559158242,0.0635406186302015,0.167984579147607,0.175824946495487,0.516845827953971
"gene-LOC134709269|LOC134709269",11.2924551124501,0.0360734265647112,0.158991180440391,0.309118168217223,0.667938511378465
"gene-LOC134709302|LOC134709302",7.53984231790611,-0.0303049346000901,0.145277823121971,0.626657542483678,NA
"gene-LOC134709366|LOC134709366",26.2059541980632,-0.0431545002685334,0.162231495263517,0.193838481199357,0.537614413022136
"gene-LOC134709435|LOC134709435",299.153693621904,0.00850532551605222,0.157280539509692,0.398001362087008,0.740603387047631
"gene-LOC134709471|LOC134709471",17.8527716571991,-0.0139089373355547,0.153435068791388,0.704738029491617,0.91299191536742
"gene-LOC134709515|LOC134709515",31.3446890860483,0.0221039433462965,0.139548986641404,0.741397665170228,0.922809345788751
"gene-LOC134709535|LOC134709535",40.3884647029354,2.21518467517081,1.0271671355941,0.703425019855327,0.91221852127004
"gene-LOC134709591|LOC134709591",54.8135216259095,0.0167953043967485,0.139608196817409,0.801581841117405,0.941868846384554
"gene-LOC134709602|LOC134709602",618.069829595555,-0.0127856517574775,0.153833006121257,0.709174024708369,0.915528344015331
"gene-LOC134709633|LOC134709633",10.6067492930562,-0.00744622202579349,0.151106880314354,0.858905324754321,NA
"gene-LOC134709690|LOC134709690",10.3797936332784,0.00953010624441242,0.148842672615071,0.846776911501734,NA
"gene-LOC134709711|LOC134709711",7.28120064307334,-0.00960524108512279,0.155521451703597,0.701833214585141,NA
"gene-LOC134709725|LOC134709725",12.1955440388461,0.0125859699274023,0.152283494433154,0.757210696572368,0.927940003302421
"gene-LOC134709738|LOC134709738",1103.9284826261,0.00575997279895889,0.145057075208417,0.910951741921038,0.980949200438228
"gene-LOC134709749|LOC134709749",25.6580809972071,-0.0273071313104261,0.156077209699627,0.447771529386106,0.780811563698191
"gene-LOC134709776|LOC134709776",144.542596553242,-0.130391312875097,0.19443491146882,0.110576920508688,0.413529013531349
"gene-LOC134709790|LOC134709790",11.6951197762676,-0.019479969357212,0.150134871992613,0.688709030388752,0.906633020755938
"gene-LOC134709806|LOC134709806",191.760311815108,-0.316241065400657,0.29542954177747,0.01953321050127,0.154184077934436
"gene-LOC134709812|LOC134709812",8.99304897579572,-0.0184391677316906,0.156113282235796,0.517200845280837,NA
"gene-LOC134709813|LOC134709813",22.2379643050541,-0.0553118793517955,0.163530958712316,0.232450928692031,0.585724848009589
"gene-LOC134709824|LOC134709824",40.7453696215132,-0.0140239584771701,0.147560225114347,0.793721778063547,0.93946448995995
"gene-LOC134709888|LOC134709888",43.574708649719,0.549348722543975,0.169047926960824,8.51029442811393e-05,0.00785660514595445
"gene-LOC134709918|LOC134709918",103.01547400216,-0.238028634674238,0.168655176660072,0.0281693586120925,0.188684347380683
"gene-LOC134709949|LOC134709949",74.2193886567352,0.0844207732209981,0.126596498304193,0.315631162683258,0.673954755701071
"gene-LOC134709951|LOC134709951",16.7022759611161,0.61347823253135,0.347324089122474,0.00324106864707537,0.0647197720434799
"gene-LOC134709958|LOC134709958",41.7533062818729,0.0789690340314638,0.160942881062511,0.262079836647036,0.619589905759705
"gene-LOC134709962|LOC134709962",14.6774107220241,0.0410633393716472,0.152427911715147,0.464424894618336,0.789534715430691
"gene-LOC134709964|LOC134709964",21.6389788882383,-0.0985770412108912,0.143680542317448,0.246792807979138,0.603018867214081
"gene-LOC134709968|LOC134709968",65.681692834553,0.0303365020502528,0.0871800269215207,0.68180744378088,0.905106397054843
"gene-LOC134709974|LOC134709974",16.490882464745,0.0321571422645132,0.146727424756014,0.596748972517889,0.861916670851489
"gene-LOC134709976|LOC134709976",12.4585750981161,0.0546237614283708,0.164585901557795,0.203141935278578,0.550006979128008
"gene-LOC134709977|LOC134709977",3969.70402567806,0.38583108112026,0.113190601803616,8.23976882112625e-05,0.00785660514595445
"gene-LOC134709978|LOC134709978",13.7092911013555,0.069453927137278,0.133862177518938,0.415697818331894,0.755490756854255
"gene-LOC134709980|LOC134709980",10.5273952799081,0.000587724753447228,0.153284931210775,0.985733958357207,NA
"gene-LOC134709982|LOC134709982",25.6714527613153,-0.0420178465220419,0.156007028785843,0.396703040935934,0.739320763827356
"gene-LOC134709986|LOC134709986",11.983187946751,0.0495365267759845,0.163094789834251,0.21607849315687,0.568533664357399
"gene-LOC134709989|LOC134709989",9.09545209097944,-0.136974594052877,0.224335965711221,0.0560987180218158,NA
"gene-LOC134709992|LOC134709992",16.1682323664637,0.0580946006700472,0.128517994252422,0.470031276337097,0.794190777259232
"gene-LOC134709997|LOC134709997",12.0442222604389,0.0618725656639409,0.165280247922878,0.216575193853826,0.569158887998924
"gene-LOC134709998|LOC134709998",33.4912522317333,-0.0285341043813668,0.150220469271402,0.586699737084333,0.85756707784011
"gene-LOC134710009|LOC134710009",46.0642671534527,0.0678809160769448,0.119849414380528,0.407259442302488,0.747097962708065
"gene-LOC134710011|LOC134710011",11.1519588687195,-0.0270334677597883,0.155540553005097,0.475706114071385,NA
"gene-LOC134710014|LOC134710014",35.9928703073957,0.0707721600794599,0.141577049732589,0.372096936479166,0.720172447476432
"gene-LOC134710018|LOC134710018",31.9165141176601,0.014205259857996,0.121652622322917,0.856404255916078,0.960195569331655
"gene-LOC134710019|LOC134710019",10.1644827647408,0.0338731403841332,0.15445827287945,0.470918426208439,NA
"gene-LOC134710023|LOC134710023",10.2564360271841,0.00623552054531588,0.155294507174747,0.807360351786579,NA
"gene-LOC134710024|LOC134710024",18.9903554000686,0.0284439242577732,0.155571397306231,0.470194040594764,0.794197270398369
"gene-LOC134710027|LOC134710027",15.6312175638957,0.0372356157333479,0.151504211928147,0.50175103730937,0.806492016083935
"gene-LOC134710030|LOC134710030",9.65892140412531,0.0162409076604299,0.151543812156352,0.713008281706398,NA
"gene-LOC134710032|LOC134710032",61.3489000323798,0.0350391760692392,0.130831413829262,0.644059513534679,0.887596205963733
"gene-LOC134710040|LOC134710040",109.3270731591,0.0335276728972534,0.114020115942546,0.674508532974268,0.902757154397979
"gene-LOC134710048|LOC134710048",182.773330762706,-0.028943289699231,0.108581147308707,0.709921791036946,0.915565463591943
"gene-LOC134710049|LOC134710049",12.9087690851701,0.020034075293491,0.143001708852797,0.745878656603044,0.923580623736145
"gene-LOC134710063|LOC134710063",43.6182034092429,0.11379479319544,0.131621847416147,0.196469337927089,0.540551911520144
"gene-LOC134710077|LOC134710077",11.8194225388213,0.0834354277007606,0.151402169330835,0.288488273644969,0.648329141682595
"gene-LOC134710081|LOC134710081",26.7990488345226,-0.161504391761552,0.196833223202368,0.0894203975740267,0.363796467268659
"gene-LOC134710086|LOC134710086",22.3750778499205,-0.0165685704893034,0.142431306439965,0.78823603619593,0.938434867631775
"gene-LOC134710089|LOC134710089",350.719683202846,0.0353178409496079,0.106065343765628,0.665248333655028,0.897993618432407
"gene-LOC134710092|LOC134710092",76.3566375010666,0.486395892058267,0.167125035293899,0.000296498285728267,0.0178229884967515
"gene-LOC134710096|LOC134710096",31.9044585380031,-0.0206887209186512,0.140610355439672,0.748271880321322,0.923580623736145
"gene-LOC134710097|LOC134710097",20.7468120087344,-0.00804646035542375,0.143834437632073,0.888365341605777,0.974745501370844
"gene-LOC134710102|LOC134710102",9.55904373282982,0.00603950910368993,0.151145668137843,0.889323257833571,NA
"gene-LOC134710107|LOC134710107",55.2959825438747,0.315524094261163,0.287610829339964,0.0200847135635268,0.156817813740029
"gene-LOC134710113|LOC134710113",21.2905416590892,-0.0294127062503355,0.141624986623569,0.656083776920332,0.8933847069223
"gene-LOC134710115|LOC134710115",273.853422597006,0.0722885700536967,0.153720203930535,0.316028705695306,0.673954755701071
"gene-LOC134710117|LOC134710117",6.99751531117228,-0.0657780143543391,0.174126453519671,0.0580356117093577,NA
"gene-LOC134710119|LOC134710119",15.9385917806888,0.0679099877915231,0.152510101219759,0.339431788548801,0.695682269322993
"gene-LOC134710123|LOC134710123",13.0051941498337,-0.0188859390386626,0.144622315880895,0.749021445165964,0.923580623736145
"gene-LOC134710128|LOC134710128",10.4161494991294,-0.0286363804356585,0.144321888089431,0.641013419396018,NA
"gene-LOC134710131|LOC134710131",79.1891717514556,-0.348859480127952,0.302099857388429,0.0157546645095226,0.133276511189454
"gene-LOC134710132|LOC134710132",36.983215636127,0.194491928749334,0.148613079011488,0.0512358644989387,0.267299309466208
"gene-LOC134710144|LOC134710144",10.9479403288563,0.0783604446589557,0.169014790366514,0.203842817366034,NA
"gene-LOC134710146|LOC134710146",7.19638203583061,0.00890222519260024,0.153494806797998,0.800903695228221,NA
"gene-LOC134710147|LOC134710147",145.235950913822,0.0605903673111868,0.106459516960513,0.449126576979021,0.781041759539082
"gene-LOC134710151|LOC134710151",30.8260957291989,-2.01276428304594e-05,0.142028730778688,0.998948139411523,0.999844121522816
"gene-LOC134710153|LOC134710153",11.8671751663969,0.0724338849843359,0.141940765277044,0.359328152384664,0.710416480745941
"gene-LOC134710155|LOC134710155",25.6242302008037,-0.00991172678522473,0.141973633620802,0.872265811181976,0.966991510133865
"gene-LOC134710158|LOC134710158",9.11252520730418,-0.0617827380513,0.167102188850707,0.185027990090557,NA
"gene-LOC134710161|LOC134710161",14.6094010905289,0.0191997005246642,0.140739923060949,0.768986001339885,0.931502256871707
"gene-LOC134710169|LOC134710169",114.879853817971,-0.173664783473734,0.119388694364659,0.0528571003412346,0.272631359654789
"gene-LOC134710170|LOC134710170",46.8854268422213,0.280655842515877,0.159222666858857,0.0122056147598152,0.11251775111436
"gene-LOC134710171|LOC134710171",7.46559130582732,-0.000264208759944525,0.1530189747233,0.9917904838721,NA
"gene-LOC134710172|LOC134710172",33.3083234969481,0.0191131201277621,0.152872508035512,0.648601423837027,0.889087813609181
"gene-LOC134710174|LOC134710174",11.0522865879082,0.0821514527782633,0.167392244198198,0.218765439990552,NA
"gene-LOC134710175|LOC134710175",177.362231961066,0.00171625168612607,0.0929893402850526,0.982573800814982,0.995964714564617
"gene-LOC134710179|LOC134710179",60.3451648582226,0.289366817534447,0.260351194827282,0.0242388901671171,0.173290382002846
"gene-LOC134710182|LOC134710182",20.958948043641,0.10471291707196,0.189526909215463,0.109018390492995,0.410915471858211
"gene-LOC134710190|LOC134710190",16.736808174191,-0.000810012532866437,0.153564776455508,0.976920364255088,0.995073589829788
"gene-LOC134710191|LOC134710191",8.23444746318454,0.026661928418549,0.155517674467964,0.483048963072727,NA
"gene-LOC134710193|LOC134710193",13.7066435822275,2.16179143458794,1.04293038942569,0.00087986627591498,0.0314773488266591
"gene-LOC134710194|LOC134710194",32.2876980949616,0.360233349335385,0.163106475304845,0.00300892777941777,0.0630507228589998
"gene-LOC134710196|LOC134710196",52.3852203305121,-0.0501957536986281,0.115615850519943,0.532821476626973,0.827169848041837
"gene-LOC134710201|LOC134710201",23.8245252010049,0.224459302845028,0.17796366128499,0.0397020448255652,0.232020206916377
"gene-LOC134710202|LOC134710202",10.892284338251,-0.0071572145646451,0.143972447167769,0.900820410038101,NA
"gene-LOC134710209|LOC134710209",8.91060556734077,0.0153212800628962,0.144998082736644,0.795994837930712,NA
"gene-LOC134710210|LOC134710210",11.5370805348787,-0.0405148446651003,0.142198026830692,0.553365509379129,0.840071090263358
"gene-LOC134710213|LOC134710213",13.8846653126198,-0.0120230198879962,0.139297572592429,0.854136245387878,0.958908685780892
"gene-LOC134710215|LOC134710215",106.544558170031,0.151342213585906,0.107994855997655,0.0717807755125105,0.320198557433258
"gene-LOC134710218|LOC134710218",13.5414095300927,0.0004240045901992,0.137801849424641,0.995930606508489,0.999206831011038
"gene-LOC134710219|LOC134710219",18.86552646184,0.0300627755999851,0.157801547587786,0.362003974055667,0.712857211332275
"gene-LOC134710221|LOC134710221",23.4100911358728,0.0737160759392525,0.142753381405005,0.35211730609916,0.705120163423969
"gene-LOC134710225|LOC134710225",85.8422402863182,0.0649718846015395,0.132595512425038,0.420108821022484,0.759390803040075
"gene-LOC134710226|LOC134710226",252.254060252005,0.173632385110396,0.158555717612473,0.0769786114626164,0.335628853536527
"gene-LOC134710227|LOC134710227",422.477145706429,-0.0307472195333664,0.0930324246635277,0.673641518886745,0.902757154397979
"gene-LOC134710228|LOC134710228",34.8199516772168,0.028692928629526,0.133581739762864,0.695992652146897,0.909243887238666
"gene-LOC134710237|LOC134710237",22.1394269937012,0.0934884872559612,0.180232608686427,0.137474353039375,0.455862378376271
"gene-LOC134710239|LOC134710239",7.6529938519607,-0.0723974755702862,0.175377564346486,0.0988261024184583,NA
"gene-LOC134710241|LOC134710241",16.3858993034853,-0.0553399859189411,0.149469957413343,0.414886222354811,0.75466168943465
"gene-LOC134710247|LOC134710247",8.62479767937583,-0.129103022669598,0.203857704446328,0.0930559448818257,NA
"gene-LOC134710251|LOC134710251",28.0357113811087,0.0693969724586048,0.121729819481697,0.399873820084083,0.741973852005712
"gene-LOC134710252|LOC134710252",55.8329198796017,-0.00584057067723579,0.122864318935946,0.938701499408923,0.988596772254934
"gene-LOC134710253|LOC134710253",15.0646839396338,0.0385778037875833,0.146898471051199,0.540234125857269,0.832033699639942
"gene-LOC134710256|LOC134710256",38.4669943369614,0.164349938867805,0.178817194833739,0.0927669354129452,0.371523451365692
"gene-LOC134710258|LOC134710258",8.52003652905437,0.0464277172555396,0.155745024786402,0.386867723950946,NA
"gene-LOC134710261|LOC134710261",8.3534722807667,0.0285735264489674,0.14836570274602,0.612985916363264,NA
"gene-LOC134710262|LOC134710262",14.2973248818662,0.414304985032653,0.232397079000491,0.00562954322671292,0.0744530072076492
"gene-LOC134710263|LOC134710263",186.228611279933,-0.0848371375219152,0.131110885920667,0.312365738462728,0.671992487000195
"gene-LOC134710264|LOC134710264",6.90427112967061,0.0326659516611422,0.158533711161279,0.324151660568336,NA
"gene-LOC134710265|LOC134710265",30.1120667857349,-0.0889766695899995,0.171009520437303,0.191311790591314,0.535248137838717
"gene-LOC134710266|LOC134710266",14.7894780626117,-0.0261434292475406,0.153852211899529,0.536429481022299,0.829181216722166
"gene-LOC134710268|LOC134710268",10.992973653353,0.0768345165490169,0.155150335982564,0.297160791315675,NA
"gene-LOC134710269|LOC134710269",20.090007803751,-0.038256958036131,0.122077432740496,0.628376297999685,0.878733733018258
"gene-LOC134710270|LOC134710270",12.9566205941607,-0.0374834837917259,0.14070459581549,0.587260503498116,0.85789954836353
"gene-LOC134710274|LOC134710274",84.9500234661339,0.150072406503229,0.114911527507693,0.0850615649539711,0.352991640883906
"gene-LOC134710275|LOC134710275",40.6447073365281,0.332168659598017,0.19753290937379,0.00986834520469962,0.099150408444695
"gene-LOC134710279|LOC134710279",124.537621605899,-0.0328448644376552,0.11049904653969,0.678612517778931,0.90377623630604
"gene-LOC134710280|LOC134710280",8.48261868392592,0.0468625558087063,0.160623450649679,0.282094967087493,NA
"gene-LOC134710281|LOC134710281",8.88319794345228,0.431045851433183,0.438237084282073,0.0116930674364582,NA
"gene-LOC134710282|LOC134710282",12.2740882837296,0.710347712934965,0.309492186354281,0.00101594570475318,0.0340609165225146
"gene-LOC134710283|LOC134710283",10.8909060937092,-0.00886192105303971,0.153906585306649,0.781071553799284,NA
"gene-LOC134710284|LOC134710284",148.456634455076,0.00714252807297354,0.14855702828563,0.884669619353401,0.973505184577419
"gene-LOC134710290|LOC134710290",7.87737267676736,0.0191673044372265,0.155179580780947,0.567256904803758,NA
"gene-LOC134710295|LOC134710295",25.9757824874656,0.0711279530612688,0.154518673161384,0.31837389270215,0.675563523155462
"gene-LOC134710298|LOC134710298",31.2395222730989,-0.0105579018595261,0.12341943398441,0.8911761813689,0.975070935959626
"gene-LOC134710299|LOC134710299",18.3747303010279,0.0903567242331384,0.16000096791073,0.241648694605809,0.597062367622924
"gene-LOC134710301|LOC134710301",15.7335377826898,-0.01080078440195,0.15295580460483,0.768468052963983,0.931502256871707
"gene-LOC134710302|LOC134710302",21.236887138152,0.0918074253471625,0.150550447866915,0.261660618990136,0.619589905759705
"gene-LOC134710306|LOC134710306",70.7499910602502,-0.0647631039416481,0.145228379030231,0.384715987723265,0.732179278363182
"gene-LOC134710309|LOC134710309",12.1464088059262,0.0653866149757916,0.175478088394751,0.026440892328459,0.182084847710577
"gene-LOC134710311|LOC134710311",21.8583415768398,-0.000130910319083105,0.110235262599663,0.997827335946594,0.999553409337915
"gene-LOC134710314|LOC134710314",316.852290295118,0.0414981157185781,0.106704719142119,0.60218303273373,0.864369573830698
"gene-LOC134710315|LOC134710315",33.0726038516143,0.0124513088373534,0.128683111458389,0.867915581850749,0.965192433028853
"gene-LOC134710319|LOC134710319",33.8645580200157,0.0626215336487721,0.136953509720573,0.427185581517436,0.764793619971791
"gene-LOC134710322|LOC134710322",47.3947117843361,0.0334351098613162,0.114363068477326,0.675683172297472,0.902757154397979
"gene-LOC134710323|LOC134710323",8.91447241540862,0.00484503295546263,0.13462571720358,0.945805062357493,NA
"gene-LOC134710325|LOC134710325",40.50477088416,-0.203334763687252,0.123606595344989,0.0293121723727636,0.192891051667876
"gene-LOC134710326|LOC134710326",9.06419367300765,-0.0275004519737203,0.155047181358334,0.493815731991225,NA
"gene-LOC134710327|LOC134710327",80.9221104840408,0.264959820078216,0.172263962746391,0.0194610150578508,0.15404144578058
"gene-LOC134710330|LOC134710330",8.46093454729651,-0.00494588633833792,0.132894167294113,0.944091230154022,NA
"gene-LOC134710333|LOC134710333",30.8689231240757,0.101203699857974,0.143191087847738,0.238569329777476,0.593395794877986
"gene-LOC134710334|LOC134710334",34.2227970733057,0.753716808759333,0.233968052730295,7.02681526066209e-05,0.00732989281266408
"gene-LOC134710335|LOC134710335",20.2281491072004,0.419180221953669,0.189293120663118,0.00229832800049398,0.0552769048968115
"gene-LOC134710337|LOC134710337",62.1085545594051,0.0740469529788789,0.110090567624181,0.364017521153837,0.712857211332275
"gene-LOC134710338|LOC134710338",184.189548766728,-0.0959471157870914,0.120017926679288,0.2584566551659,0.616087107886874
"gene-LOC134710343|LOC134710343",16.985229283932,-0.043973871260046,0.153678730737763,0.431754934380974,0.769247412144407
"gene-LOC134710344|LOC134710344",33.2630537841503,-0.00733682678140125,0.135542496230127,0.914838249568767,0.98134698001751
"gene-LOC134710345|LOC134710345",20.3086596272538,-0.00297724627477922,0.130920604050447,0.958239187639997,0.993195169444879
"gene-LOC134710349|LOC134710349",15.4823705147224,0.975806369436997,0.601615626421725,0.00268196219673231,0.058910686873051
"gene-LOC134710350|LOC134710350",16.4585015923876,0.0536844380687898,0.138808162814846,0.477259476199712,0.796791709893797
"gene-LOC134710351|LOC134710351",85.7782732737835,-0.0592138106787659,0.0877705848905653,0.419793442054612,0.759251625748971
"gene-LOC134710353|LOC134710353",14.8491887906141,0.180983443960476,0.217673782903566,0.0680154537555424,0.311025441796701
"gene-LOC134710355|LOC134710355",7.32680454817858,-0.000553665770781405,0.152234780973549,0.985285481236214,NA
"gene-LOC134710358|LOC134710358",13.3165555844315,-0.113616107789865,0.19843564763773,0.0876772352125129,0.358935725130917
"gene-LOC134710373|LOC134710373",69.5152818338244,-0.113546087367088,0.131197270645036,0.195034777028342,0.539457893908179
"gene-LOC134710376|LOC134710376",54.2976848443298,-0.0922544516662779,0.164511982859561,0.220312480155048,0.573192681616069
"gene-LOC134710379|LOC134710379",105.811182472352,-0.517118901501388,0.18719240387461,0.000409201721524947,0.022278760394136
"gene-LOC134710392|LOC134710392",15.713720891765,0.0855791497571859,0.142587143421263,0.297763646926536,0.659328585494139
"gene-LOC134710394|LOC134710394",42.9135361565576,0.178637183617044,0.247991625761473,0.0555269156851001,0.279168471123984
"gene-LOC134710398|LOC134710398",17.7346975755877,-0.021937086007008,0.125168149198126,0.773871450258174,0.932853633900032
"gene-LOC134710402|LOC134710402",19.171375512374,0.6276711420366,0.33092275042583,0.00254774404933238,0.0577549095880685
"gene-LOC134710421|LOC134710421",24.8509930882927,-0.0251670099298012,0.148104344465994,0.647436360016788,0.888724022796429
"gene-LOC134710423|LOC134710423",17.6096306498775,-0.0430746000340183,0.137028003457238,0.557568873960941,0.842636708690674
"gene-LOC134710425|LOC134710425",10.5210035063753,0.00879556668681218,0.152263382388172,0.822572908374561,NA
"gene-LOC134710432|LOC134710432",25.9195766916463,-0.051699213434368,0.147440144878648,0.447278008744195,0.780694401674889
"gene-LOC134710433|LOC134710433",60.2000416762116,0.0364236882081387,0.10994618275274,0.648765488534994,0.889121377359705
"gene-LOC134710445|LOC134710445",12.3315702519097,0.00628631798264333,0.139012725420169,0.923767359832491,0.983116205832622
"gene-LOC134710449|LOC134710449",81.9004034767081,-0.0339494127121855,0.101794619548886,0.662202937027182,0.895971263564816
"gene-LOC134710462|LOC134710462",11.3344783995977,0.0285973144250933,0.152564035196846,0.550559675440189,0.837535654226439
"gene-LOC134710470|LOC134710470",12.2889445713963,0.0037085106595963,0.149125885448453,0.938802810478249,0.988596772254934
"gene-LOC134710483|LOC134710483",44.7746840129539,0.00139148969148006,0.147945730025921,0.980129950263072,0.995964714564617
"gene-LOC134710495|LOC134710495",7.84430322037099,-0.0827090327596445,0.179795921591035,0.101587970333748,NA
"gene-LOC134710505|LOC134710505",29.1947234387385,0.0840933834874301,0.12956442384851,0.316806852670518,0.674555396989266
"gene-LOC134710509|LOC134710509",11.9959054978629,0.0377773832807767,0.153906173289418,0.459502137296296,0.787317501623052
"gene-LOC134710510|LOC134710510",40.1263308175929,0.225052180178453,0.197566933566041,0.0421253801058949,0.238314463536696
"gene-LOC134710514|LOC134710514",60.5222858567168,-0.272119993503247,0.184775099608297,0.0200966852430073,0.156817813740029
"gene-LOC134710563|LOC134710563",142.479282612568,0.00433842983906179,0.156281124827944,0.817591067050139,0.946574899510975
"gene-LOC134710564|LOC134710564",17.4368850071002,-0.0627528466569436,0.170119986281052,0.120682979135975,0.431155679807158
"gene-LOC134710604|LOC134710604",101.756433248721,0.0738583144195421,0.105296207442265,0.35721342666675,0.708958613480239
"gene-LOC134710611|LOC134710611",9.93777292060764,-0.145202913196802,0.192352895940804,0.107291763784875,NA
"gene-LOC134710625|LOC134710625",263.383131589244,-0.0634183040408407,0.173047088055581,0.0565884358759399,0.282275150843483
"gene-LOC134710626|LOC134710626",290.690681382339,-0.0486586489110786,0.165177610930319,0.124597736486353,0.436092077702237
"gene-LOC134710639|LOC134710639",31.7258682293222,0.738620754309103,0.291880939706301,0.000530158671365567,0.0242332553047288
"gene-LOC134710645|LOC134710645",82.983938563869,-0.0129136522968405,0.135342908116954,0.851305252334199,0.957755997415904
"gene-LOC134710653|LOC134710653",10.4534866814017,0.00870095020298571,0.154520582702223,0.773668998273627,NA
"gene-LOC134710664|LOC134710664",295.522641988091,0.0789623826819219,0.108289857589465,0.331408036108973,0.686373957289212
"gene-LOC134710676|LOC134710676",19.6178043553826,0.000985688004201254,0.150658245355091,0.976952940470251,0.995073589829788
"gene-LOC134710677|LOC134710677",72.0374820604299,0.355998282562235,0.158376192504645,0.00289864803579111,0.0617538059798975
"gene-LOC134710693|LOC134710693",36.8525155163362,0.00957533745781293,0.12326754894058,0.901171748037844,0.977155336914768
"gene-LOC134710702|LOC134710702",17.9046712674924,0.0304840762413602,0.136698932440152,0.670010346517567,0.901746441436067
"gene-LOC134710713|LOC134710713",34.5954038637327,-0.0809799147226384,0.12471749774464,0.333425892750149,0.688225004365256
"gene-LOC134710718|LOC134710718",73.5157877361666,-0.0323175659299824,0.126858324950162,0.673152366569302,0.902706478486045
"gene-LOC134710725|LOC134710725",14.9286128406194,0.0411162842940245,0.142970766760417,0.548302041731717,0.836442377350525
"gene-LOC134710726|LOC134710726",52.2459965325457,-0.082967824725276,0.174533283045479,0.159141104358717,0.492256784036321
"gene-LOC134710733|LOC134710733",30.2205597055527,-0.212697590047612,0.425001058289646,0.0110257016814445,0.105297930600902
"gene-LOC134710734|LOC134710734",28.0428866957631,-0.0924255501321574,0.18198186082566,0.122503567894962,0.433016211074858
"gene-LOC134710739|LOC134710739",24.184629387313,-0.0757227509153353,0.168084505138361,0.203709977044307,0.550634757826045
"gene-LOC134710740|LOC134710740",29.5229972023893,-0.0745679555266087,0.168358654761276,0.201605693129064,0.548112789258274
"gene-LOC134710777|LOC134710777",9.39620503692783,-0.0170720856342544,0.155970504677782,0.540241427120061,NA
"gene-LOC134710785|LOC134710785",1435.38132967325,0.00761749652008529,0.156753146647463,0.630146340927842,0.879160106331082
"gene-LOC134710793|LOC134710793",13.2243734716656,0.0707593143710644,0.171836449043298,0.14747501368818,0.473158275555276
"gene-LOC134710805|LOC134710805",9.53134881096555,0.279853829129093,0.351447072636661,0.025724707716714,NA
"gene-LOC134710833|LOC134710833",78.3654030033923,-0.0501403089021132,0.117150320626018,0.533550692181801,0.827169848041837
"gene-LOC134710835|LOC134710835",12.2468910568942,0.011986507330629,0.141174060133759,0.853110896707414,0.958433229634255
"gene-LOC134710836|LOC134710836",198.478151147238,-0.277323154723909,0.132080708942283,0.00711660297733852,0.0831793779186171
"gene-LOC134710846|LOC134710846",128.39859097909,-0.124773917704143,0.114106633012644,0.143104623530278,0.46726281168096
"gene-LOC134710854|LOC134710854",86.8349119048354,0.103771781713174,0.162055568439694,0.205866458757722,0.554136527859618
"gene-LOC134710864|LOC134710864",12.2728329767446,0.0450772072326928,0.151193783951225,0.455821969921679,0.784737034279983
"gene-LOC134710890|LOC134710890",12.6479771355785,-0.0336642088563303,0.155693606600479,0.438295510517179,0.776186378091306
"gene-LOC134710907|LOC134710907",6.92414886225481,0.014493976019568,0.152082429781972,0.729805613568031,NA
"gene-LOC134710914|LOC134710914",12.8774786632678,0.00862541153254718,0.155635965501935,0.725258261628598,0.919270819558614
"gene-LOC134710931|LOC134710931",90.49290144145,-0.426191469045736,0.127296227243671,8.68457984477598e-05,0.00790296765874614
"gene-LOC134710932|LOC134710932",905.295190889345,-0.73327352830312,0.250209563030367,0.000168567944353914,0.0124857884364469
"gene-LOC134710933|LOC134710933",10574.2532389562,-0.431013451153237,0.2688317397678,0.00674843448580955,0.081108542782277
"gene-LOC134710934|LOC134710934",31.0041120199045,-0.0475197941382342,0.146565212837512,0.479757641365526,0.797844258383848
"gene-LOC134710951|LOC134710951",52.657077679824,0.0105970519403465,0.131194464134263,0.884138100698573,0.973377065580696
"gene-LOC134710954|LOC134710954",20.4562880691093,0.0162382983094442,0.157297670919654,0.41598184171749,0.755718795792073
"gene-LOC134710956|LOC134710956",14.2739084681622,0.0359677393085386,0.156512542384661,0.406463647020616,0.747097962708065
"gene-LOC134710969|LOC134710969",48.3390980597016,0.0165439569109342,0.151806191068648,0.698909676404148,0.910869208354091
"gene-LOC134710979|LOC134710979",211.859081484873,0.0186831509115223,0.147538042571885,0.724868201153625,0.919270819558614
"gene-LOC134710984|LOC134710984",74.9182903801731,-0.0205856547167539,0.0962297202451193,0.786562803504683,0.937926817357699
"gene-LOC134710996|LOC134710996",18.752265143588,-0.0572170869608356,0.140162190914579,0.447360359568218,0.780694401674889
"gene-LOC134710997|LOC134710997",74.3109225575286,0.0755046258224346,0.174783091942383,0.129394080515631,0.443139942411059
"gene-LOC134711018|LOC134711018",82.1816079908281,0.078505942596798,0.161933818527913,0.25622966668283,0.612451398412618
"gene-LOC134711024|LOC134711024",42.6811550975688,0.0352677886402379,0.147799574205028,0.560093466310743,0.843752874016389
"gene-LOC134711027",9.94873912903349,0.0759235987823682,0.178241787069349,0.0789715174940521,NA
"gene-LOC134711029|LOC134711029",519.345265921189,0.138302673603833,0.0958933165793988,0.0776800998496059,0.337532221038192
"gene-LOC134711032|LOC134711032",65.8149494666566,0.0896864596901101,0.103759097276171,0.262886730317771,0.620007643296195
"gene-LOC134711048|LOC134711048",11.5336854509591,-0.0122333094253747,0.152864545884345,0.748939796524226,0.923580623736145
"gene-LOC134711058|LOC134711058",67.6238020165351,0.136305773569135,0.113479652000624,0.111393022370069,0.413986903440688
"gene-LOC134711062|LOC134711062",13.5197087590745,0.0665324247531835,0.140497837180067,0.393069230050725,0.737556162394337
"gene-LOC134711070|LOC134711070",21.5715373288863,0.136132428345824,0.206207073411289,0.0902279143966769,0.36585093234044
"gene-LOC134711077|LOC134711077",23.2027736014383,-0.0230175981313519,0.129237657418077,0.757822885555937,0.928382485337355
"gene-LOC134711089|LOC134711089",13.6771483693051,0.0168841646014738,0.151922774405794,0.69494878221446,0.908701326010378
"gene-LOC134711094|LOC134711094",87.8803864950155,0.0542801770147124,0.131969928717662,0.490182139736397,0.802070441849692
"gene-LOC134711100|LOC134711100",42.5794974346868,0.0142329655329305,0.131039779932886,0.843861415673549,0.95511677644643
"gene-LOC134711149|LOC134711149",8.8503284201935,-0.0601163061358726,0.145395284668238,0.407721232450939,NA
"gene-LOC134711162|LOC134711162",13.2295369156828,-0.00995566134866845,0.138700295401206,0.879399138488824,0.971349490579818
"gene-LOC134711163|LOC134711163",43.761253705506,0.0543658314766829,0.130666537795952,0.492266441460238,0.80401393307302
"gene-LOC134711166|LOC134711166",300.154172096387,-0.0549440177403046,0.168092439495906,0.0951709973710391,0.377719160905619
"gene-LOC134711167|LOC134711167",377.402194090209,-0.0540542128410675,0.168523517453495,0.0660911025372889,0.307075363357061
"gene-LOC134711171|LOC134711171",98.5989604263622,-0.0461330607219373,0.165413524472374,0.0718695955862038,0.320370415594204
"gene-LOC134711172|LOC134711172",455.414495561318,-0.0467910012154005,0.163228265956154,0.193414297430383,0.537310174139996
"gene-LOC134711173|LOC134711173",641.421105391204,-0.0263284106458299,0.156955820618483,0.408816984580682,0.749031335581733
"gene-LOC134711174|LOC134711174",89.6303535864498,-0.0825455511087071,0.188038607660914,0.0118197510484753,0.110224157449554
"gene-LOC134711178|LOC134711178",96.7342695862,-0.07779984811755,0.183656683451074,0.0204868425759052,0.157814130296442
"gene-LOC134711179|LOC134711179",22.79316868512,-0.0149797521346293,0.148086859227097,0.767783503063218,0.931502256871707
"gene-LOC134711188|LOC134711188",88.1607652579583,-0.0771579945690693,0.180902177741295,0.0506215810912583,0.266055669596795
"gene-LOC134711191|LOC134711191",42.8313134019484,-0.0262690171440839,0.158786522197526,0.270436914592687,0.628257894221523
"gene-LOC134711196|LOC134711196",16.2564758233334,-0.0165607003104165,0.143303306876817,0.784833411832663,0.937103808252
"gene-LOC134711198|LOC134711198",68.2733006029289,-0.0278210498098651,0.100576753780991,0.719333245887567,0.918664055811524
"gene-LOC134711199|LOC134711199",7.082142858637,-0.0215653417930568,0.15730577245309,0.402766648040438,NA
"gene-LOC134711200|LOC134711200",28.4097865707493,-0.0547215077771535,0.152758758539853,0.39045393927229,0.735856102066047
"gene-LOC134711204|LOC134711204",68.708408355291,0.268358712942411,0.25884908004203,0.0290437407670259,0.191917664611986
"gene-LOC134711207|LOC134711207",16.5203673110954,0.00767904525383854,0.15177882571896,0.851553063047013,0.957828672347654
"gene-LOC134711211|LOC134711211",45.7550895229462,-0.0853827186557582,0.121598137659793,0.302732663677452,0.662227701794425
"gene-LOC134711213|LOC134711213",372.857020197423,0.725613567639326,0.251322636165822,0.000190214624464365,0.0131702951938914
"gene-LOC134711215|LOC134711215",23.2491892450577,0.0101001051164871,0.133497286849712,0.882497736713399,0.972712030161352
"gene-LOC134711229|LOC134711229",25.2115512875812,0.00364439225447874,0.120818880541518,0.963130180441411,0.994069245097814
"gene-LOC134711231|LOC134711231",7.86800653276969,0.0220435131675392,0.148631256702224,0.676321705827624,NA
"gene-LOC134711232|LOC134711232",25.4370882183117,0.0342865559927216,0.127077355229623,0.657763502270078,0.893761414134044
"gene-LOC134711237|LOC134711237",17.2410658976613,-0.0221508889084077,0.140284969536164,0.736738159585589,0.921921372263905
"gene-LOC134711241|LOC134711241",11.1827853142011,0.0408796755052541,0.13738500089099,0.573069851341266,NA
"gene-LOC134711250|LOC134711250",44.5429517084781,0.0407956138693529,0.126146892309519,0.604687552743326,0.865997779642735
"gene-LOC134711252|LOC134711252",33.8268625713439,-0.361355232038841,0.450561626954703,0.0152017019569593,0.130414771173662
"gene-LOC134711254|LOC134711254",204.054293522012,-0.020099728405217,0.0917350079161969,0.792765709455073,0.93946448995995
"gene-LOC134711256|LOC134711256",6.87822601510228,0.0885432374771125,0.189311198151506,0.0400144091103127,NA
"gene-LOC134711257|LOC134711257",62.9686218767688,-0.22367561509412,0.150698725690966,0.0305304966551056,0.197842587683645
"gene-LOC134711259|LOC134711259",16.2383634679116,-0.0320607544513853,0.131093454141221,0.670604171567326,0.901967691585911
"gene-LOC134711260|LOC134711260",55.4401503820717,-0.0744725332990206,0.123031878092965,0.368656616280656,0.717270203331637
"gene-LOC134711262|LOC134711262",1207.4757726552,0.0331342052423517,0.0881494618634212,0.644414521819034,0.887742323526653
"gene-LOC134711264|LOC134711264",8.02304960365522,-0.0052789422595996,0.154620210160362,0.840974846748155,NA
"gene-LOC134711265|LOC134711265",30.7380901917897,0.0431603143540115,0.1638439671557,0.108627079106078,0.409769694442841
"gene-LOC134711266|LOC134711266",18.097499268991,0.0233975340976328,0.158367169072532,0.26628109962945,0.622919796048329
"gene-LOC134711271|LOC134711271",14.4638897952517,-0.0218843780853479,0.146465899044469,0.701246576298509,0.912179026142844
"gene-LOC134711273|LOC134711273",35.5349766824562,0.270191933082291,0.164126735353819,0.0161300472101317,0.135551979852954
"gene-LOC134711274|LOC134711274",25.5220474811884,0.0321813997166075,0.154400068581064,0.478579105058335,0.796862739129877
"gene-LOC134711277|LOC134711277",22.7823345198662,0.0361976139296711,0.116003624308403,0.643027788967284,0.886979739965675
"gene-LOC134711279|LOC134711279",77.4983400469908,-0.0225911214507579,0.0917980044375683,0.762940204010598,0.929642335526564
"gene-LOC134711281|LOC134711281",39.0148334471142,0.166911670807036,0.147593438372308,0.0829665902832556,0.348153610081909
"gene-LOC134711283|LOC134711283",35.6767771115641,0.0819666653237418,0.125911006535948,0.328514921031161,0.684493458839446
"gene-LOC134711292|LOC134711292",260.834312288196,-0.0967939647371915,0.108480663185189,0.237399773680136,0.59223027666922
"gene-LOC134711303|LOC134711303",6.5494578742645,-0.0426582274122832,0.162593508385948,0.172553811195458,NA
"gene-LOC134711315|LOC134711315",54.1851171706088,0.0835452505518089,0.13218482680852,0.318515152133195,0.675638201494656
"gene-LOC134711316|LOC134711316",23.9508100940385,0.0634417740810348,0.131551175270235,0.432082769333232,0.769247412144407
"gene-LOC134711317|LOC134711317",102.618563552037,-0.0140682422415477,0.115354695505783,0.857166199994152,0.960195569331655
"gene-LOC134711319|LOC134711319",13.4796279969443,-0.00150892716103439,0.150161508079013,0.976900619680932,0.995073589829788
"gene-LOC134711323|LOC134711323",11.8651750839466,0.0827236095084522,0.17516996925472,0.155420685448005,0.486369973485709
"gene-LOC134711325|LOC134711325",9.56760641458375,-0.00246806457726024,0.140388585363327,0.965684981502743,NA
"gene-LOC134711328|LOC134711328",8.55987655690211,0.0286954819518697,0.1581584091322,0.336298706231366,NA
"gene-LOC134711335|LOC134711335",32.6945512833654,-0.0596477868773293,0.138776959635317,0.438071955432062,0.776186378091306
"gene-LOC134711337|LOC134711337",64.8626198528527,0.2409415830052,0.156515559190913,0.0240123944483004,0.17225107278792
"gene-LOC134711338|LOC134711338",16.2270370254207,0.0206548161758704,0.157585838935809,0.363649167755236,0.712857211332275
"gene-LOC134711339|LOC134711339",66.2074129215284,0.083518064564074,0.0934630237708292,0.27139869279173,0.628890467346271
"gene-LOC134711342|LOC134711342",31.428996601808,-0.0688078875024794,0.125099841571929,0.403879846255858,0.745354706870088
"gene-LOC134711347|LOC134711347",17.2032412462192,-0.0467746489530611,0.135978356139452,0.533218821594221,0.827169848041837
"gene-LOC134711348|LOC134711348",9.16344185933265,-0.0252429650313511,0.152372289437492,0.583734742087735,NA
"gene-LOC134711352|LOC134711352",19.6494094625961,0.14528486039986,0.176797702847678,0.118263448200779,0.425959919721591
"gene-LOC134711354|LOC134711354",17.0716509148932,-0.22829516167439,0.278654336275367,0.0389520524971527,0.229532446259817
"gene-LOC134711355|LOC134711355",9.38709706674309,-0.196800936758278,0.302456915859673,0.0342363735541988,NA
"gene-LOC134711357|LOC134711357",43.7037594022106,0.0305500246642591,0.154876779144764,0.467741906987608,0.792037101176881
"gene-LOC134711358|LOC134711358",24.5110071987789,-0.053553293738267,0.158004345420779,0.330593367462715,0.686328062567856
"gene-LOC134711360|LOC134711360",40.7758898797146,0.061827119543773,0.135154781994947,0.434489303106166,0.772668023670094
"gene-LOC134711361|LOC134711361",33.5778128968626,-0.00528014041061432,0.124041008771094,0.944359505365842,0.991765718099389
"gene-LOC134711367|LOC134711367",22.293653128343,0.0720794462920768,0.132403520151327,0.375153480620286,0.722408606877637
"gene-LOC134711374|LOC134711374",85.9696418368839,-0.0784671788305893,0.128694989938923,0.344835760778343,0.698917933914724
"gene-LOC134711376|LOC134711376",81.7273946670692,0.0323316740455033,0.129512133490803,0.671196307769746,0.902198877504385
"gene-LOC134711377|LOC134711377",16.5730591572712,-0.00650615041719781,0.153154009345941,0.848871310345676,0.957503125573181
"gene-LOC134711379|LOC134711379",22.0588926455468,0.000891666111587034,0.15125157804883,0.98113165936706,0.995964714564617
"gene-LOC134711382|LOC134711382",137.52179347884,0.29180579789736,0.18558902943442,0.0146483509375229,0.127647052629304
"gene-LOC134711383|LOC134711383",21.5765301875317,-0.0205348418079011,0.126637312516911,0.782854781803034,0.93650745180113
"gene-LOC134711384|LOC134711384",9.57633918528586,1.16127217452811,0.395344198457325,0.000138507578537078,NA
"gene-LOC134711386|LOC134711386",13.2164757858513,-0.0662818106348371,0.140290857694677,0.39509308196481,0.738010564562593
"gene-LOC134711391|LOC134711391",13.017870360588,0.0231058468211252,0.15165102409704,0.621882689003821,0.875639418424921
"gene-LOC134711392|LOC134711392",170.884069621174,0.0797401361160771,0.153021501581002,0.289920259339832,0.650966532250521
"gene-LOC134711393|LOC134711393",22.5150792101681,0.0499674763961207,0.138992473950316,0.502454746638563,0.807018844197591
"gene-LOC134711394|LOC134711394",59.0628948924402,0.160507612623187,0.109698881194277,0.0604322575209411,0.292517842255619
"gene-LOC134711395|LOC134711395",31.1096459580511,0.0724595134518803,0.152961197525759,0.320494737046641,0.678480571037232
"gene-LOC134711397|LOC134711397",17.3672123454991,0.831922982361179,0.419136004902201,0.00161117430987629,0.0450139489206665
"gene-LOC134711398|LOC134711398",8.23690663984221,-0.0139781107574964,0.155744675149056,0.602409227972229,NA
"gene-LOC134711399|LOC134711399",62.4281084780846,-0.00256689471651474,0.141768145142965,0.964353461019559,0.994323938310271
"gene-LOC134711402|LOC134711402",7.82941080737195,0.0156696053852414,0.154328074884682,0.650609735502787,NA
"gene-LOC134711411|LOC134711411",8.23564814624622,-0.0221268631531544,0.134018502066874,0.754783535393975,NA
"gene-LOC134711414|LOC134711414",49.2400947600307,0.356707656048911,0.154053618933947,0.00235938149472285,0.0560793288111363
"gene-LOC134711422|LOC134711422",9.07445644261928,0.0715216708878885,0.174443399214177,0.107298645005548,NA
"gene-LOC134711424|LOC134711424",25.5268276022612,-0.0114849917567679,0.130842938599229,0.873552096301932,0.967743800598836
"gene-LOC134711427|LOC134711427",50.5295532133651,0.027406512629015,0.148428350925769,0.623783941889949,0.876572625157506
"gene-LOC134711428|LOC134711428",64.8837504316129,-0.256602650772556,0.161922699180034,0.0194909584457061,0.15404144578058
"gene-LOC134711429|LOC134711429",8.62800948448866,-0.0100368169383945,0.154775780040921,0.731736732603201,NA
"gene-LOC134711439|LOC134711439",12.6422319087994,0.0100210095681463,0.15291236779042,0.790248723420843,0.939106225839337
"gene-LOC134711443|LOC134711443",18.0350103465101,-0.278701562629302,0.211340702005355,0.0227649737804081,0.166627122312211
"gene-LOC134711445|LOC134711445",107.625822544133,-0.0599111609014604,0.122337431404577,0.4606569462663,0.78761820093632
"gene-LOC134711450|LOC134711450",19.1697845904586,0.0807933572216179,0.174364029971175,0.156106364345742,0.488167668572597
"gene-LOC134711452|LOC134711452",10.6790883211753,0.834544858452905,0.609231350402981,0.00417843545540286,NA
"gene-LOC134711458|LOC134711458",1321.39749594219,0.0930290319432172,0.0778502325935099,0.170521644649167,0.508796613162854
"gene-LOC134711461|LOC134711461",34.6808187389378,-0.0132050678502154,0.14368069126888,0.822355812211797,0.948153298297698
"gene-LOC134711478|LOC134711478",9.76991384431586,-0.108640917754467,0.192458763868912,0.103312631648734,NA
"gene-LOC134711481|LOC134711481",7.03519044289681,-0.0198300229072068,0.158164863129787,0.254278128278766,NA
"gene-LOC134711482|LOC134711482",8.10502557939469,0.0202980937758858,0.158027695723563,0.291948073103075,NA
"gene-LOC134711484|LOC134711484",16.4785761086438,0.0415758790679435,0.136526374874269,0.572792787538045,0.849064411433162
"gene-LOC134711488|LOC134711488",10.9775318775535,0.00713252558356173,0.146699894375159,0.893917131046214,NA
"gene-LOC134711489|LOC134711489",85.9397865896399,-0.0557677201830774,0.131269329576784,0.481422194883536,0.797844258383848
"gene-LOC134711491|LOC134711491",63.9171541733281,-0.0708645817077975,0.116554643259395,0.387852519283443,0.733405974480915
"gene-LOC134711492|LOC134711492",8.72208993989788,0.011414389368973,0.155799228990455,0.650604240662877,NA
"gene-LOC134711494|LOC134711494",6.95556333357594,0.0120189499550948,0.154710355045922,0.695207406618843,NA
"gene-LOC134711495|LOC134711495",1265.66202343302,0.00897335220543223,0.157013401398024,0.52425126378715,0.823062916983727
"gene-LOC134711496|LOC134711496",705.035653057685,0.0121490041354647,0.157412358406113,0.360955242593264,0.712514687114686
"gene-LOC134711497|LOC134711497",301.120808165152,0.00911533711709552,0.157178098293382,0.452028218763013,0.782143172231234
"gene-LOC134711515|LOC134711515",348.318923827671,-0.276589372671102,0.211222327981559,0.0218421882142168,0.163622143689795
"gene-LOC134711517|LOC134711517",157.691210067744,0.00127092510575492,0.131681418743811,0.982030511264043,0.995964714564617
"gene-LOC134711518|LOC134711518",8.58495289196317,-0.0788971637680052,0.176533828006151,0.123279582975643,NA
"gene-LOC134711519|LOC134711519",44.5142671668601,-0.0394194737474546,0.139234382688355,0.577864953825054,0.852023155578651
"gene-LOC134711521|LOC134711521",17.2870934380048,0.0796025013164433,0.150892325938443,0.30745044826,0.666370265190779
"gene-LOC134711524|LOC134711524",1482.86573003511,0.1057059082115,0.0988634171636436,0.178235425225677,0.519247734701624
"gene-LOC134711529|LOC134711529",12.9859947182261,0.684881164095381,0.301872442601366,0.00112147654610577,0.0355859583344234
"gene-LOC134711532|LOC134711532",19.6664026862872,0.0158097139021168,0.129689006913926,0.831655157262096,0.95105951595356
"gene-LOC134711536|LOC134711536",290.956908863494,-0.0066581461847493,0.139294929084979,0.915578171805853,0.98134698001751
"gene-LOC134711540|LOC134711540",17.8981663386795,0.0169012956347557,0.145587896151241,0.769138434364874,0.931502256871707
"gene-LOC134711543|LOC134711543",34.3239823175355,0.124005187431222,0.163463269217645,0.160200680748581,0.493939175396159
"gene-LOC134711545|LOC134711545",301.767446806887,-0.0223536548687318,0.103390619938213,0.778143952134414,0.934005335233767
"gene-LOC134711548|LOC134711548",8.73609599982823,0.0391345856523664,0.158948103570839,0.317411843960082,NA
"gene-LOC134711555|LOC134711555",7.15241875040251,0.00516036784194727,0.147057964729697,0.922913859437608,NA
"gene-LOC134711557|LOC134711557",8.44002941327811,0.0362848264403388,0.154392833819446,0.458101928579882,NA
"gene-LOC134711559|LOC134711559",25.4675737942246,0.00280026586442441,0.148203378686442,0.956717064475451,0.993195169444879
"gene-LOC134711560|LOC134711560",18.4331215068773,0.0243628265924943,0.12659436727135,0.753143035936694,0.925804928389954
"gene-LOC134711561|LOC134711561",95.6980514276168,0.0958167139352316,0.135644136400943,0.263239005309223,0.620118890529
"gene-LOC134711562|LOC134711562",233.892326019011,-0.0205025356638226,0.120625560091921,0.790352979077659,0.939106225839337
"gene-LOC134711566|LOC134711566",159.783875554728,0.287423820516928,0.174347953467254,0.0139781106600553,0.123495929132527
"gene-LOC134711570|LOC134711570",16.5367164650349,-0.028614485380047,0.156369063782043,0.439330715532858,0.776703997507386
"gene-LOC134711571|LOC134711571",13.0215001360419,-0.0404591019583899,0.153521776021617,0.446881745275056,0.780694401674889
"gene-LOC134711573|LOC134711573",11.543914429,0.0185431781512188,0.149093717309919,0.718047633893825,0.918614962935921
"gene-LOC134711576|LOC134711576",9.07905014016996,-0.0360752176137862,0.140094587348531,0.603281353910391,NA
"gene-LOC134711579|LOC134711579",13.2634287156921,-0.0324289478380691,0.147353032555759,0.589601169477044,0.858619137271546
"gene-LOC134711580|LOC134711580",50.9524121363403,0.0181884719796166,0.137536338885723,0.790196841752373,0.939106225839337
"gene-LOC134711581|LOC134711581",26.9354206825904,0.026100401407204,0.138143066511816,0.705716358644033,0.913887620362369
"gene-LOC134711588|LOC134711588",17.6387495803783,-0.181240800903473,0.183656711545985,0.0734462740883129,0.32602980205056
"gene-LOC134711590|LOC134711590",11.627393573418,-0.000974332345224015,0.136947612299599,0.987608804091556,0.99704656962612
"gene-LOC134711592|LOC134711592",106.873951613769,-0.134929831370547,0.134698987304563,0.136881681876431,0.45484419069007
"gene-LOC134711594|LOC134711594",139.087262235032,0.060124556548653,0.0936615144078705,0.427633238449667,0.764793619971791
"gene-LOC134711595|LOC134711595",11.9684559205114,0.128064803972874,0.189401186833715,0.122118466630562,0.433016211074858
"gene-LOC134711599|LOC134711599",10.2205156879261,0.0116724001902684,0.155095769082159,0.706666685754528,NA
"gene-LOC134711602|LOC134711602",8.39858749303565,0.0524847265177065,0.164661907530748,0.186557958042766,NA
"gene-LOC134711605|LOC134711605",38.4368144327823,0.0566769876402701,0.0997143280341601,0.471272488464036,0.795022709617561
"gene-LOC134711606|LOC134711606",40.7353067191899,-0.000928049143850628,0.150523587054956,0.978516555044873,0.995964714564617
"gene-LOC134711609|LOC134711609",8.89937387220031,0.0160921240974462,0.14128829819057,0.802200080296236,NA
"gene-LOC134711611|LOC134711611",19.4663468242533,0.0485112316698333,0.165063583408265,0.13047898395201,0.444642270048388
"gene-LOC134711613|LOC134711613",90.0420531535295,-0.0171185885169638,0.105798850986371,0.827523583519005,0.949617226989022
"gene-LOC134711614|LOC134711614",15.5041390944202,-0.0169507506197517,0.135154682212264,0.808255586513579,0.944489987490306
"gene-LOC134711616|LOC134711616",15.4992859221392,-0.133337869363411,0.210248353815898,0.0808824341209846,0.343822653621105
"gene-LOC134711619|LOC134711619",16.3612182757822,0.0848224616679932,0.139456473218684,0.307384434816133,0.666370265190779
"gene-LOC134711620|LOC134711620",87.2613302279108,0.0052372531811564,0.107778070473154,0.943910868538546,0.991568457415189
"gene-LOC134711622|LOC134711622",23.1156685791196,-0.0148983884503836,0.123155650022569,0.845310118632044,0.955567960192745
"gene-LOC134711623|LOC134711623",539.805876957871,0.171781419798168,0.100061314049272,0.0350145038424741,0.214052197194395
"gene-LOC134711626|LOC134711626",18.5875070831209,0.0286879380351653,0.134236697513936,0.697355900656755,0.910047871911385
"gene-LOC134711627|LOC134711627",37.8206169088359,0.136346996768283,0.212521191434675,0.0798607409821065,0.341978153323737
"gene-LOC134711629|LOC134711629",16.1132643965009,-0.000687888680452342,0.135403467360838,0.99163330324934,0.997554712787997
"gene-LOC134711632|LOC134711632",10.7386637081983,0.0148147854640124,0.151949336733702,0.72841364316466,NA
"gene-LOC134711634|LOC134711634",39.8545905263066,0.0746959512022159,0.132104114722225,0.36426154670642,0.712857211332275
"gene-LOC134711637|LOC134711637",748.930191104609,-0.0682431324768552,0.0717346476866345,0.284433252752083,0.643932436486161
"gene-LOC134711639|LOC134711639",8.10405832651203,0.0358949345302811,0.159659889878224,0.275319992970712,NA
"gene-LOC134711645|LOC134711645",13.987996264164,-0.0640704012456132,0.149059668773258,0.374537172497602,0.722382780630825
"gene-LOC134711646|LOC134711646",57.450772372156,0.126270592656509,0.150392780912879,0.163005132653193,0.498156629321948
"gene-LOC134711658|LOC134711658",10.2381568987762,0.110450835881013,0.200315321411731,0.0715025865895564,NA
"gene-LOC134711663|LOC134711663",13.1207414099203,0.190324269963938,0.358415509656652,0.0110128998797522,0.105297930600902
"gene-LOC134711670|LOC134711670",12.0389038511379,0.151636212707251,0.244420890920014,0.0445183237801625,0.244467002137617
"gene-LOC134711671|LOC134711671",92.1115491568276,0.11455959585381,0.168197625898903,0.171744458020174,0.509791331588307
"gene-LOC134711675|LOC134711675",8.60529881466471,0.0327329099559657,0.148009962287489,0.579893196749261,NA
"gene-LOC134711678|LOC134711678",12.5076469721248,0.0776883076800644,0.162884467910696,0.251560139496859,0.607304390918123
"gene-LOC134711681|LOC134711681",83.0764254125928,0.0756039665816303,0.105567289521719,0.348060495426675,0.701909342115739
"gene-LOC134711683|LOC134711683",15.1767886053469,0.109524376507907,0.151805226900005,0.205586283116324,0.55396980687436
"gene-LOC134711686|LOC134711686",15.8596545572884,0.02565081624733,0.155169508504978,0.507468018749607,0.809857365041912
"gene-LOC134711688|LOC134711688",104.707265613845,0.00781553949065496,0.0866515722866134,0.914767641730967,0.98134698001751
"gene-LOC134711692|LOC134711692",8.69038755397828,0.0561079743091225,0.154770789835543,0.367688414531792,NA
"gene-LOC134711694|LOC134711694",31.0057026145324,-0.0751954400285278,0.147470969969461,0.329614725183026,0.685039412533728
"gene-LOC134711697|LOC134711697",43.0051907536348,0.160893934603174,0.211984890351417,0.0820171622946527,0.346451806244654
"gene-LOC134711698|LOC134711698",20.5730545641806,0.0448084183174191,0.142199756110664,0.525779117499577,0.823978330635076
"gene-LOC134711699|LOC134711699",45.4134441421624,0.20043433929948,0.135052548016636,0.038159995861357,0.226541634330703
"gene-LOC134711700|LOC134711700",112.221273831357,-0.359448663065154,0.157696510127095,0.0026581874987451,0.058910686873051
"gene-LOC134711701|LOC134711701",55.5975004639428,0.337599835482928,0.13079718633265,0.00137432784982497,0.039879126918182
"gene-LOC134711702|LOC134711702",24.4691096535082,0.443256999358086,0.222813136058342,0.00339675782661006,0.0660274311715546
"gene-LOC134711705|LOC134711705",26.6417479877706,0.159539778689408,0.132744772169471,0.0853912016170506,0.35399987791758
"gene-LOC134711711|LOC134711711",9.70190471553864,0.00135977084564266,0.135933652438807,0.987326079069021,NA
"gene-LOC134711713|LOC134711713",7.30597475356531,0.00113420176597242,0.153387224850509,0.975054424739141,NA
"gene-LOC134711719|LOC134711719",72.1807872966037,0.0839750608640784,0.118491789044698,0.315623921285809,0.673954755701071
"gene-LOC134711720|LOC134711720",19.5847561065678,0.105486377829017,0.148974758459491,0.220467047027951,0.573214322272671
"gene-LOC134711721|LOC134711721",20.8511256169572,0.0484157676436095,0.128773238040106,0.539128579602998,0.831486001629709
"gene-LOC134711724|LOC134711724",96.0738881885019,-0.0221182495015322,0.111925220225924,0.782003381620956,0.935994276761648
"gene-LOC134711726|LOC134711726",16.0249583091378,0.0357664869524268,0.131568890091974,0.63756008434076,0.884031080141884
"gene-LOC134711727|LOC134711727",14.2959857686493,0.0182944697169156,0.137272737219738,0.789346634808971,0.938934372534445
"gene-LOC134711730|LOC134711730",17.1520874419778,0.0616766014102372,0.166994105602979,0.185664821509173,0.527425371061693
"gene-LOC134711731|LOC134711731",56.5007719603043,0.183663962933673,0.110704046257359,0.0322011615648457,0.203603925307352
"gene-LOC134711739|LOC134711739",11.1295699798772,-0.0896627519794876,0.166034341916031,0.217685323869975,NA
"gene-LOC134711740|LOC134711740",10.2011880310125,0.0240048873363457,0.143060440951537,0.713397720681404,NA
"gene-LOC134711749|LOC134711749",11.7340688398769,0.112981121836207,0.167016594986002,0.176906792732364,0.518590091902971
"gene-LOC134711750|LOC134711750",553.158833985296,0.0579348387820732,0.0863018479560073,0.423850364182151,0.762105373827543
"gene-LOC134711754|LOC134711754",10.738730698122,-0.0702611009147476,0.174174293194107,0.101704941582074,NA
"gene-LOC134711758|LOC134711758",7.79772658180694,0.019768802626068,0.155979257802064,0.514100316186675,NA
"gene-LOC134711759|LOC134711759",225.666728444055,0.196625714525397,0.151583435498937,0.0508574164959251,0.266177979803904
"gene-LOC134711761|LOC134711761",36.6998941700796,0.134580872020695,0.181802962967578,0.126125406891064,0.437707546695243
"gene-LOC134711763|LOC134711763",8.74692512959719,0.00215443974552532,0.14618193009043,0.969166490367226,NA
"gene-LOC134711764|LOC134711764",9.12762713701343,-0.111342903713673,0.182369961084423,0.144010092645702,NA
"gene-LOC134711766|LOC134711766",12.2837981650375,0.0482167356300459,0.162139723961636,0.239813291965479,0.594899857894625
"gene-LOC134711768|LOC134711768",18.8647367642966,-0.0045681929690451,0.150118117292554,0.916941049631324,0.981501341984798
"gene-LOC134711774|LOC134711774",14.1547606472055,-0.0280067074372647,0.132794637745999,0.701856112879553,0.91221852127004
"gene-LOC134711782|LOC134711782",16.0974481097882,-0.0200516344669512,0.130112090268721,0.784718228604509,0.937103808252
"gene-LOC134711783|LOC134711783",107.942457003975,0.24220631158479,0.206301441393084,0.0351083320963783,0.214261311151462
"gene-LOC134711784|LOC134711784",22.1827491507649,0.19612801817587,0.202528853511805,0.0609503067687856,0.293741579547666
"gene-LOC134711788|LOC134711788",30.738106821637,0.105006859126715,0.137857496883338,0.228540297369327,0.580463195471536
"gene-LOC134711790|LOC134711790",24.599442093995,-0.059262385150622,0.125580245598731,0.463814154589461,0.788757119478879
"gene-LOC134711793|LOC134711793",12.8313819317694,0.00491672570934903,0.15150053332455,0.907416247444908,0.979801992959191
"gene-LOC134711794|LOC134711794",20.223274013868,-0.365402556974144,0.31954486083042,0.014309548490317,0.125380239997539
"gene-LOC134711795|LOC134711795",59.2878606003667,0.0515194203577618,0.161248864263223,0.276885989152525,0.635590540865436
"gene-LOC134711796|LOC134711796",22.7978953375307,-0.036179949849296,0.151983926744759,0.501121607039531,0.80632202571024
"gene-LOC134711803|LOC134711803",197.16776824957,-0.180682554149321,0.162393926548093,0.071016773590261,0.318575244908424
"gene-LOC134711804|LOC134711804",58.9351028929494,0.0127258419352166,0.129456241965586,0.864895021236729,0.963852569152898
"gene-LOC134711806|LOC134711806",27.3619113617879,0.0680745210862797,0.138705384293903,0.392573070985516,0.737449266345543
"gene-LOC134711807|LOC134711807",72.3923316324093,0.105117416664762,0.112321390170445,0.207654330979399,0.557420180505172
"gene-LOC134711818|LOC134711818",11.9992548275267,-0.00099289874705532,0.1538730288233,0.96060838916011,0.993195169444879
"gene-LOC134711823|LOC134711823",67.6348737354385,0.359279775914527,0.172562260756649,0.00401180171006866,0.0696326345862054
"gene-LOC134711825|LOC134711825",15.8518429311356,0.00948056368845641,0.139767329998425,0.881711521180989,0.972386147839837
"gene-LOC134711830|LOC134711830",34.3641735821701,-0.0837074224457842,0.139347092582828,0.311492595670539,0.671183346761998
"gene-LOC134711833|LOC134711833",55.3503541556701,0.292031703516839,0.212902195744649,0.0194245569465823,0.15404144578058
"gene-LOC134711838|LOC134711838",23.7698310449288,0.0704987064160058,0.166864167434447,0.215007692286226,0.567121739073813
"gene-LOC134711839|LOC134711839",95.9933566542462,0.0671657253125854,0.154833283776575,0.328713094514139,0.684493458839446
"gene-LOC134711840|LOC134711840",1069.39870413867,-0.0786049901912778,0.123405121689936,0.333381797916558,0.688225004365256
"gene-LOC134711841|LOC134711841",52.2173492664102,0.186756614802725,0.156164464255457,0.0625587729242657,0.296109886720595
"gene-LOC134711842|LOC134711842",82.4319419585671,-0.00735232474760936,0.110413967050456,0.925394783386563,0.983116205832622
"gene-LOC134711845|LOC134711845",6.817283716282,0.0249236744443248,0.153493724211933,0.564107059409418,NA
"gene-LOC134711852|LOC134711852",12.3226495258811,1.34546899311332,0.669711147740037,0.849088131506915,0.957503125573181
"gene-LOC134711856|LOC134711856",23.5161379634725,1.38949599189437,0.465064465542731,0.000103603534280708,0.0087993935115748
"gene-LOC134711858|LOC134711858",31.1475780737858,-0.0216638766239218,0.139566524212207,0.743443826620864,0.923056904566704
"gene-LOC134711860|LOC134711860",19.6986586845631,-0.00166770944720339,0.13695020927754,0.98424909729425,0.996209916355083
"gene-LOC134711861|LOC134711861",26.6384416968238,-0.111200041356094,0.14077048971371,0.207278904363521,0.557324279074184
"gene-LOC134711862|LOC134711862",20.3176139503313,0.092159201751121,0.189813639039605,0.0583660773421214,0.286876475825088
"gene-LOC134711870|LOC134711870",8.27891671517771,0.0397201159302831,0.158282547661634,0.345151609254099,NA
"gene-LOC134711871|LOC134711871",7.83241845666926,0.0141212562272434,0.153741314336325,0.696113722428121,NA
"gene-LOC134711882|LOC134711882",119.798583557578,-0.0230551105033197,0.147255624794458,0.677733997431937,0.903172712058878
"gene-LOC134711883|LOC134711883",12.4893135891415,-0.124041612270883,0.189894454185163,0.121547667930002,0.43255893975222
"gene-LOC134711888|LOC134711888",22.8323385295516,-0.0316394021998437,0.126292540120722,0.681555308100386,0.905106397054843
"gene-LOC134711891|LOC134711891",25.6562699360403,0.258873280455705,0.636175636802466,0.0108045756717677,0.104756692586241
"gene-LOC134711893|LOC134711893",23.1531903755118,0.0745155803993914,0.139690981684014,0.355803992368234,0.708266823834134
"gene-LOC134711898|LOC134711898",23.9690158028168,-0.0160657177423332,0.135439887971375,0.815452537070886,0.946574899510975
"gene-LOC134711903|LOC134711903",26.0451878282002,0.146797591585777,0.145707762726547,0.116594869007647,0.422714465326528
"gene-LOC134711905|LOC134711905",12.4850341617189,0.0040375602775787,0.129288958555633,0.957449314439489,0.993195169444879
"gene-LOC134711908|LOC134711908",34.4945750922724,0.262352406020454,0.447684505124561,0.0201837494412854,0.156984218581595
"gene-LOC134711910|LOC134711910",16.5259312303351,-0.0185334024996942,0.143453436673703,0.755606189578678,0.927401045783465
"gene-LOC134711911|LOC134711911",9.01157631416945,0.0171058392131761,0.146034926654768,0.761310812965117,NA
"gene-LOC134711915|LOC134711915",122.121698863381,0.123000482500374,0.0817984023363091,0.0799380644111529,0.341978153323737
"gene-LOC134711917|LOC134711917",13.6769080539269,0.00512789463939742,0.150944361705572,0.907365635841818,0.979801992959191
"gene-LOC134711921|LOC134711921",25.1844911511124,0.0764908322679446,0.136324988191592,0.353072236306652,0.706144472613303
"gene-LOC134711922|LOC134711922",17.259318552872,-0.180157120485114,0.198325621226287,0.0735053108507896,0.326064644930035
"gene-LOC134711923|LOC134711923",16.0617964724482,-0.00944102662271858,0.153365572780583,0.78027183356908,0.93497584270787
"gene-LOC134711926|LOC134711926",39.4456200431403,-0.0101777554608245,0.127812916597441,0.888804683672851,0.974745501370844
"gene-LOC134711927|LOC134711927",46.7745380691232,0.0106734591901679,0.141524437107473,0.862661303548831,0.962864810787792
"gene-LOC134711928|LOC134711928",18.7391669901048,0.0730832146239009,0.162268047423986,0.260332721199221,0.618109215245852
"gene-LOC134711932|LOC134711932",11.4533464027696,-0.0326259767865578,0.14285548218886,0.618365013037834,0.873282863067857
"gene-LOC134711938|LOC134711938",15.7753666786226,0.0977893661010863,0.179026146218846,0.153604702608255,0.483907989918194
"gene-LOC134711948|LOC134711948",8.9143078461142,0.0584609796159098,0.159301907210703,0.307695582435144,NA
"gene-LOC134711954|LOC134711954",1200.25955187561,0.00540446578251776,0.0833035270756101,0.95643335197107,0.993195169444879
"gene-LOC134711956|LOC134711956",37.9019895553376,0.0293244267420768,0.123451869201872,0.706531442185261,0.914571283625302
"gene-LOC134711957|LOC134711957",51.0953948526359,0.158029529140129,0.130123033629033,0.0864740044307043,0.356530361309765
"gene-LOC134711964|LOC134711964",34.4450862313783,-0.0119639844583935,0.125983326731574,0.872755814735793,0.967366371997042
"gene-LOC134711966|LOC134711966",91.2486473808608,-0.165079667901275,0.131209954019447,0.0748524768832333,0.329972510551001
"gene-LOC134711978|LOC134711978",94.899525310994,-0.0913242846995827,0.109587488889211,0.266015254417927,0.622755299758249
"gene-LOC134711979|LOC134711979",6.95574728454115,0.0750201842547502,0.177454803633932,0.086680822421965,NA
"gene-LOC134711984|LOC134711984",64.7094704356722,0.106722788777374,0.106162668073204,0.191328102018644,0.535248137838717
"gene-LOC134711985|LOC134711985",17.8299219432848,0.115232731317515,0.190791832723913,0.118308535464654,0.425959919721591
"gene-LOC134711986|LOC134711986",19.4556681795189,-0.0902243260512815,0.174542226538272,0.172657384973175,0.511566260580655
"gene-LOC134711987|LOC134711987",7.38628716782593,-0.0141696131430247,0.148229410657774,0.780785787408876,NA
"gene-LOC134711989|LOC134711989",40.6756793771515,0.0867048134571194,0.156460316850514,0.263353756884617,0.620118890529
"gene-LOC134711990|LOC134711990",25.6023292425504,-0.0442273625021377,0.140923346059875,0.529266707901552,0.826070259422782
"gene-LOC134711995|LOC134711995",113.169631190321,-0.130700293559645,0.128512820525665,0.142141266572378,0.465521783067376
"gene-LOC134711996|LOC134711996",8.42676983707991,-0.0292757988321302,0.153822961101819,0.513048107371733,NA
"gene-LOC134711997|LOC134711997",14.4655517667224,-0.0259533805448505,0.142066807676323,0.686552463464549,0.906535024679564
"gene-LOC134711998|LOC134711998",33.855173939908,0.073658876318675,0.122789023198998,0.377569110213462,0.724868966865508
"gene-LOC134711999|LOC134711999",11.2100328995907,0.031623643301518,0.150197090743259,0.564399177367596,NA
"gene-LOC134712000|LOC134712000",11.7157123412284,0.00148990275941148,0.141802848393386,0.983098416083747,0.995964714564617
"gene-LOC134712007|LOC134712007",10.1115484364158,0.0242579765621744,0.157922765943887,0.33675320467945,NA
"gene-LOC134712011|LOC134712011",248.401691560216,-0.126882394516082,0.0943767039912008,0.100272248780187,0.390444388483812
"gene-LOC134712013|LOC134712013",55.5736684364103,-0.290870547994525,0.239396428850075,0.0218590964332835,0.163622143689795
"gene-LOC134712014|LOC134712014",44.3202408092636,0.151259059731131,0.178438235393128,0.109324398982614,0.411581809408541
"gene-LOC134712015|LOC134712015",8.24931573138815,0.00357634028173947,0.153080073602181,0.913087605744408,NA
"gene-LOC134712016|LOC134712016",27.9357706188943,0.189083755878917,0.178532391840961,0.0672133931302198,0.309133078873285
"gene-LOC134712017|LOC134712017",20.3935286456886,-0.0122543066297547,0.13033971539656,0.866071694190141,0.964151816146661
"gene-LOC134712018|LOC134712018",55.3402768359462,0.00389572812473131,0.144978015735134,0.946956320635798,0.992150296257638
"gene-LOC134712019|LOC134712019",46.8540983859529,-0.0355493443588918,0.1262962054072,0.647249033010004,0.888724022796429
"gene-LOC134712023|LOC134712023",59.6232514195956,-0.0361873276889392,0.0989546400960845,0.639291035641632,0.884229780451533
"gene-LOC134712026|LOC134712026",47.6160720776466,0.0334199783056116,0.128935169681938,0.638662741034188,0.884216835554831
"gene-LOC134712030|LOC134712030",8.80010312189758,0.0441888638569601,0.161698960352607,0.236051176479739,NA
"gene-LOC134712032|LOC134712032",14.2877351858294,-0.0184168026828997,0.136995034479854,0.788282454851525,0.938434867631775
"gene-LOC134712038|LOC134712038",13.714396684774,0.231665392472432,0.243297422279293,0.0412574828109927,0.235915767958728
"gene-LOC134712039|LOC134712039",40.6901043198272,-0.028363456698975,0.117330355383115,0.719103920681035,0.918664055811524
"gene-LOC134712042|LOC134712042",23.1341995601687,-0.0580560204325782,0.141312523084216,0.439563251336598,0.776703997507386
"gene-LOC134712047|LOC134712047",76.7452564657036,-0.113546466072806,0.14064792547663,0.197649633449486,0.541750501322386
"gene-LOC134712048|LOC134712048",22.8530575937562,0.0874944327129565,0.139657351802472,0.294683984125943,0.656378847661415
"gene-LOC134712050|LOC134712050",86.9116229500142,0.262326965729788,0.165568864806681,0.0186097636760692,0.150055942552609
"gene-LOC134712052|LOC134712052",35.1011611145711,-0.0205147362820221,0.121192988724706,0.791881890586497,0.93946448995995
"gene-LOC134712054|LOC134712054",23.9335600534699,-0.0493920241505476,0.154457351218244,0.393787834898452,0.737556162394337
"gene-LOC134712055|LOC134712055",9.88353128244464,0.0777700276529116,0.16424305333942,0.241131487175061,NA
"gene-LOC134712056|LOC134712056",2030.90367600708,0.0907870458291452,0.0976512072524415,0.243486207031895,0.599770741992718
"gene-LOC134712057|LOC134712057",15.3752002293437,0.0291354176019993,0.122873049373029,0.709459407745297,0.915528344015331
"gene-LOC134712067|LOC134712067",7.52660221044226,0.0300698038154561,0.159136715302219,0.267773666441152,NA
"gene-LOC134712069|LOC134712069",36.6380007594178,0.0538072684221064,0.162007563452112,0.26237396900178,0.619687012425575
"gene-LOC134712073|LOC134712073",12.0203233779993,0.245229079134168,0.237100856916702,0.0362318339271659,0.218984791100482
"gene-LOC134712076|LOC134712076",36.9673280238113,0.0377839197810237,0.131982933939844,0.617942891656948,0.873180172993514
"gene-LOC134712078|LOC134712078",15.2090953915836,0.148781470719614,0.168652567895637,0.116989193405841,0.423661831719846
"gene-LOC134712086|LOC134712086",10.2709244478148,0.0294219967783572,0.141327331688929,0.658580590305727,NA
"gene-LOC134712087|LOC134712087",68.2109079532224,-0.0409775033776448,0.119551826010748,0.603973204886727,0.86553640385342
"gene-LOC134712091|LOC134712091",31.5583732031763,0.229047622917273,0.19097585646363,0.0394662237176624,0.23106603408227
"gene-LOC134712096|LOC134712096",12.8267448375199,-0.152793601253585,0.213777266344341,0.0813033564069565,0.344535353623862
"gene-LOC134712099|LOC134712099",216.705814427346,-0.0648680288649155,0.122079944584908,0.427640296714902,0.764793619971791
"gene-LOC134712105|LOC134712105",35.5180349061539,0.093955438902115,0.139994985094035,0.266656236956154,0.62311794609389
"gene-LOC134712106|LOC134712106",19.096677886807,0.156357692825695,0.22545270695477,0.0703519418426049,0.316261022962169
"gene-LOC134712107|LOC134712107",49.4636700671279,0.0156198509738037,0.131422234674661,0.832672702259007,0.9510713848646
"gene-LOC134712108|LOC134712108",12.9445112327181,-0.0294550933023617,0.149277876736779,0.593559610710847,0.860497723519775
"gene-LOC134712109|LOC134712109",13.8494280935977,0.0539574151457194,0.161858163386589,0.266659265471263,0.62311794609389
"gene-LOC134712110|LOC134712110",15.907425806058,-0.0351195377702454,0.145834436970255,0.574147751524215,0.849354662612459
"gene-LOC134712111|LOC134712111",16.8607315903614,0.0475088385970778,0.129963074214467,0.543679822815259,0.833706332298924
"gene-LOC134712112|LOC134712112",32.5080793728111,0.126500261216493,0.11755301999809,0.143031381472186,0.46726281168096
"gene-LOC134712113|LOC134712113",17.9440131065035,-0.0320795135096864,0.123297800117816,0.680013969770229,0.904508036633192
"gene-LOC134712114|LOC134712114",38.9904825394109,0.0955955663904235,0.128001487642033,0.262894920650396,0.620007643296195
"gene-LOC134712115|LOC134712115",23.8457943209771,0.00430550057519138,0.134748900040762,0.951569049778964,0.993195169444879
"gene-LOC134712116|LOC134712116",21.3902802117116,-0.038174307921661,0.156547184760312,0.394997521495128,0.738010564562593
"gene-LOC134712120|LOC134712120",23.5011178507723,0.0051458981762309,0.123579587723297,0.947250614006189,0.992249801567439
"gene-LOC134712130|LOC134712130",58.0218559447614,-0.0588338010637798,0.109201263250726,0.465436403980074,0.791043194597938
"gene-LOC134712133|LOC134712133",7.98854214123643,-0.000657702776535244,0.153915350466718,0.982526436086693,NA
"gene-LOC134712135|LOC134712135",24.06159804212,-0.601855540551212,0.16698603011419,2.2520989680945e-05,0.0037752290596742
"gene-LOC134712139|LOC134712139",7.76121431638703,0.016338863967392,0.152806896408432,0.68451136793812,NA
"gene-LOC134712141|LOC134712141",10.9897041193656,0.29620098633117,0.281240446192627,0.0234384612971186,NA
"gene-LOC134712143|LOC134712143",17.4818275315124,0.0293424019869616,0.148565386956107,0.60524491929072,0.865997779642735
"gene-LOC134712144|LOC134712144",8.22663623856987,-0.0263154794762955,0.146833826383785,0.650452039759705,NA
"gene-LOC134712146|LOC134712146",34.1457669939519,0.0313066094784421,0.131122456771349,0.677391399446002,0.90290504592405
"gene-LOC134712151|LOC134712151",9.96789355668546,0.089016189372911,0.186260538544366,0.0739713987695875,NA
"gene-LOC134712155|LOC134712155",12.8361517798948,-0.000763973265689512,0.150382397222415,0.994349755011555,0.998424958925537
"gene-LOC134712158|LOC134712158",20.9518800056892,-0.00982305091360434,0.139613386925,0.878386260856437,0.971072627847189
"gene-LOC134712162|LOC134712162",14.052392434258,0.212379509358254,0.23942757408008,0.0491918208840206,0.260475394040907
"gene-LOC134712164|LOC134712164",28.5951955973884,0.00298327578674375,0.140652691098628,0.963877362209126,0.994315594699941
"gene-LOC134712165|LOC134712165",54.4150594931091,0.0442589045459243,0.125240708011053,0.575519649933821,0.849997724348366
"gene-LOC134712173|LOC134712173",24.4524054688785,0.170495381271821,0.200014652045561,0.0810708988601098,0.343822653621105
"gene-LOC134712174|LOC134712174",11.4743774943181,0.00815023864380534,0.151649381176192,0.842617412311022,0.955002779630383
"gene-LOC134712176|LOC134712176",134.552826020589,-0.0269431500271092,0.105252156484059,0.73078889687467,0.921077418498545
"gene-LOC134712180|LOC134712180",30.5159211085225,0.0732770596834605,0.165432997853065,0.234804705024478,0.588860618506271
"gene-LOC134712183|LOC134712183",45.5950014666503,0.0618955942264531,0.13060701965064,0.441139295510827,0.777529967078367
"gene-LOC134712185|LOC134712185",6.64237246533852,0.0115856997775222,0.155272345845672,0.681186189980345,NA
"gene-LOC134712187|LOC134712187",16.1211252417514,-0.0593363336273628,0.165093451558149,0.213057033611304,0.564313224159669
"gene-LOC134712189|LOC134712189",20.8807585079951,0.0145176859576515,0.141567138484559,0.814912752393474,0.946574899510975
"gene-LOC134712192|LOC134712192",10.8734326796953,0.147591405441716,0.180526692985314,0.112578892092808,NA
"gene-LOC134712194|LOC134712194",201.679632123262,-0.105709407542989,0.13267448882258,0.223760845737984,0.576220603039401
"gene-LOC134712195|LOC134712195",24.3948281763957,-0.00424552503078688,0.129136657949381,0.953605490726035,0.993195169444879
"gene-LOC134712197|LOC134712197",148.707705962101,0.0841602664517229,0.10370068086783,0.292766250984848,0.653476856237743
"gene-LOC134712200|LOC134712200",19.1460509699078,1.09640558349712,0.286438422411686,5.86304327560812e-06,0.00149390342662495
"gene-LOC134712204|LOC134712204",11.6580500706086,0.0278528245739268,0.149606358282098,0.605274570898183,0.865997779642735
"gene-LOC134712208|LOC134712208",8.51137662844116,0.0457070042257079,0.15993181582088,0.30086693041726,NA
"gene-LOC134712211|LOC134712211",26.4637422486379,0.0679586058726531,0.138974291028941,0.391199376628775,0.73617135276966
"gene-LOC134712212|LOC134712212",21.8175659372699,-0.0833414034553568,0.124283345534945,0.320784743310862,0.678480571037232
"gene-LOC134712214|LOC134712214",17.5646034284532,-0.0550310745774115,0.132255132664059,0.483346664420382,0.797844258383848
"gene-LOC134712215|LOC134712215",29.5820458002992,0.801344051573249,0.329970305823169,0.000637029341720808,0.0272340731997419
"gene-LOC134712220|LOC134712220",35.0440422865008,-0.0730878047859371,0.122615838633671,0.376783246135036,0.724014865122226
"gene-LOC134712221|LOC134712221",59.2041012095275,0.0255008143254349,0.135990390259748,0.720591133358799,0.918664055811524
"gene-LOC134712222|LOC134712222",10.8786549837183,0.0162418131376215,0.151731330409624,0.707752907835026,NA
"gene-LOC134712227|LOC134712227",10.1000704994332,0.0312546047860733,0.14709572265306,0.601418030158278,NA
"gene-LOC134712228|LOC134712228",6.19510504291072,0.000303528673619409,0.156069355343315,0.99573308707642,NA
"gene-LOC134712229|LOC134712229",73.6410600919998,-0.0783550084579454,0.148074948364623,0.3182891216449,0.675563523155462
"gene-LOC134712232|LOC134712232",55.8312659035439,-0.0539268978270676,0.138415811053325,0.47358448385815,0.795503607539599
"gene-LOC134712239|LOC134712239",340.579293739353,-0.0407236287949419,0.107299315788159,0.605947014347838,0.865997779642735
"gene-LOC134712243|LOC134712243",134.650244455122,-0.0468673153357849,0.132683674848315,0.539356382846775,0.831486001629709
"gene-LOC134712245|LOC134712245",39.1416534405676,0.00776396763703038,0.131391025283994,0.915513741579406,0.98134698001751
"gene-LOC134712246|LOC134712246",25.3203183087855,-0.381902133154399,0.268065500968993,0.0105362556535082,0.10325530540438
"gene-LOC134712247|LOC134712247",10.9733347774674,0.0165376677170494,0.1502835171598,0.728549333747712,NA
"gene-LOC134712249|LOC134712249",363.341733676987,0.050134631560242,0.09373614538369,0.506521735236523,0.809469004881247
"gene-LOC134712252|LOC134712252",11.3160553239879,-0.0481944618515622,0.155904275768639,0.377825006989056,0.725141697656008
"gene-LOC134712253|LOC134712253",20.0609819360013,-0.0635560034955147,0.172497656884061,0.0716344158458654,0.319993849185247
"gene-LOC134712255|LOC134712255",59.1649135727888,-0.0102521684796312,0.105007911032107,0.898748125317619,0.976335938427893
"gene-LOC134712258|LOC134712258",65.456817514574,0.110983127485192,0.131998177578586,0.205909130524916,0.554136527859618
"gene-LOC134712259|LOC134712259",8.48285465533863,0.00440630159700208,0.146806285069039,0.935603882323392,NA
"gene-LOC134712260|LOC134712260",42.9027737434214,-0.0251668227447136,0.130929981038869,0.733488273292286,0.921921372263905
"gene-LOC134712262|LOC134712262",22.0979049496519,-0.117607030534057,0.186027855621663,0.131513578006281,0.446081731576151
"gene-LOC134712263|LOC134712263",811.923435684796,-0.00807949870161773,0.141619652922419,0.919791800329249,0.982242039915728
"gene-LOC134712265|LOC134712265",17.1021779429907,0.531436729921923,1.43771923782384,0.00846445303077157,0.0910786584561063
"gene-LOC134712268|LOC134712268",1496.1896747433,0.180627887383656,0.123015326110568,0.048757078274762,0.259144181489486
"gene-LOC134712269|LOC134712269",19.6529508977144,-0.0712305227277995,0.146205114853642,0.353742476968282,0.707040972164404
"gene-LOC134712270|LOC134712270",88.8024746548709,0.0576326971793624,0.141330421980347,0.444200130250978,0.779706483796839
"gene-LOC134712271|LOC134712271",14.6737929423945,-0.0291984254911031,0.136786114689298,0.677326621640881,0.90290504592405
"gene-LOC134712274|LOC134712274",284.517999356993,0.106557962568945,0.164226716863116,0.199398072242759,0.545135502225912
"gene-LOC134712277|LOC134712277",57.9280690100349,-0.139280539871489,0.125939456286111,0.118608086692519,0.426434724789927
"gene-LOC134712279|LOC134712279",9.9140494287043,0.0261827557580779,0.153735848634962,0.543219507259068,NA
"gene-LOC134712280|LOC134712280",96.8028957028777,-0.155186895761742,0.200398212919852,0.0919776340292425,0.369919240167074
"gene-LOC134712281|LOC134712281",23.7834404101799,0.0179754055098938,0.141182166387927,0.778192972141213,0.934005335233767
"gene-LOC134712293|LOC134712293",27.2587769203184,0.0357955637743515,0.126761646300171,0.64485739822291,0.887853510977293
"gene-LOC134712294|LOC134712294",8.8607433694803,0.0504675851288311,0.161143793805329,0.27520769182664,NA
"gene-LOC134712296|LOC134712296",9.99332849939771,1.09863430177687,0.675419179391037,0.00253190876922058,NA
"gene-LOC134712299|LOC134712299",28.31568373404,0.064210016485585,0.129922740018809,0.428185057938078,0.764793619971791
"gene-LOC134712300|LOC134712300",12.3468736543752,-0.0196021217941206,0.153184669104136,0.62765260528062,0.878733733018258
"gene-LOC134712301|LOC134712301",38.1290262712031,0.0310431725599285,0.158090268049021,0.346749751863186,0.701076518183878
"gene-LOC134712308|LOC134712308",143.59556680477,-0.124465360556309,0.0983819358185224,0.117944382537514,0.425910270274356
"gene-LOC134712311|LOC134712311",21.5534912740048,0.0185936545117667,0.149528868856812,0.711452271546326,0.916378992026017
"gene-LOC134712313|LOC134712313",8.6968269210833,-0.010139263739488,0.143480207806018,0.863559515748558,NA
"gene-LOC134712314|LOC134712314",19.1401085306755,-0.0436761858039998,0.160005400207871,0.290612508381166,0.651735924717475
"gene-LOC134712317|LOC134712317",70.9728888724378,0.135163447491497,0.184588944258083,0.123614791901626,0.435042112935556
"gene-LOC134712318|LOC134712318",22.2395803249184,-0.141982140209773,0.177155751824777,0.120902718389167,0.431456759741733
"gene-LOC134712319|LOC134712319",12.6486370370542,0.0690495787352118,0.170822236961023,0.153592350682358,0.483907989918194
"gene-LOC134712321|LOC134712321",13.5160972259476,0.335813333165351,0.256752250159824,0.0154348357959868,0.131973025530786
"gene-LOC134712325|LOC134712325",24.3045754660086,-0.10674008214648,0.12813010333173,0.219679772381612,0.572963289898518
"gene-LOC134712326|LOC134712326",29.1105548351473,0.26598744359543,0.225413867425431,0.0283706085432096,0.189236415099733
"gene-LOC134712328|LOC134712328",41.6318936204757,0.0247888044638634,0.096650390470507,0.746312367818189,0.923580623736145
"gene-LOC134712332|LOC134712332",11.1131550755512,0.00413904564414162,0.147141551452008,0.93616535267859,NA
"gene-LOC134712334|LOC134712334",218.551945580591,0.0533358831978892,0.0719271660387407,0.404711893429723,0.746169250693875
"gene-LOC134712335|LOC134712335",11.8782370559749,-0.0875316617586672,0.175183512944116,0.164397303039429,0.499916962051184
"gene-LOC134712336|LOC134712336",27.722978490556,0.022769789490828,0.105135675177616,0.768307254380374,0.931502256871707
"gene-LOC134712337|LOC134712337",23.350932217626,0.125272575773489,0.197549741593493,0.104420297188828,0.400455926004115
"gene-LOC134712341|LOC134712341",35.9741793579601,-0.135085411429533,0.11295714783947,0.11291671181567,0.415528280916128
"gene-LOC134712342|LOC134712342",6.21076054124588,-0.0187159223180689,0.155721423496771,0.542166368698778,NA
"gene-LOC134712344|LOC134712344",15.7545179980751,0.0337724025719403,0.128070383422415,0.661443043785103,0.895681865095324
"gene-LOC134712346|LOC134712346",52.1391117846132,-0.0220711249859991,0.138911224885735,0.738829014304434,0.922644850023034
"gene-LOC134712347|LOC134712347",6.90915764238095,-0.00171812038357798,0.152383881263953,0.961968451291842,NA
"gene-LOC134712348|LOC134712348",17.6687719210443,0.0290279479494216,0.143239757816704,0.650162920443231,0.890270379024802
"gene-LOC134712350|LOC134712350",19.1792110503301,0.0459428050816804,0.136605150534073,0.534764738045011,0.82761209459347
"gene-LOC134712354|LOC134712354",20.3950260413773,-0.180391626395957,0.180405422425532,0.0736173903752212,0.326334569721753
"gene-LOC134712356|LOC134712356",9.40828698459583,0.00376978220435192,0.150450956242501,0.934674760259573,NA
"gene-LOC134712359|LOC134712359",62.8116913199373,-0.0899882289841792,0.137553637040864,0.284845704945582,0.644342024326476
"gene-LOC134712360|LOC134712360",7.19663774243561,0.0319333284318127,0.160099425552744,0.194183657989975,NA
"gene-LOC134712362|LOC134712362",18.2655411953132,0.041877288103047,0.13164327740038,0.578041692400549,0.852023155578651
"gene-LOC134712364|LOC134712364",34.3697996141519,0.0533542564294504,0.158451715462568,0.329932333751331,0.68547585322765
"gene-LOC134712365|LOC134712365",27.5149122868669,0.193492304631084,0.328670531991093,0.0227497261480497,0.166627122312211
"gene-LOC134712366|LOC134712366",25.5212822230146,0.341604961854942,0.209470389275791,0.0102423039985212,0.101309746072329
"gene-LOC134712367|LOC134712367",51.1909587558487,0.527199696794938,0.288731560017545,0.00350562148091316,0.0662635276955988
"gene-LOC134712368|LOC134712368",444.886206929836,0.20460263910678,0.163447493846531,0.0484810556231821,0.258214317993035
"gene-LOC134712370|LOC134712370",27.7545830085811,0.411439265693384,0.179452316789426,0.00194254519016168,0.0491783451485139
"gene-LOC134712371|LOC134712371",8.27899993818465,0.169525244408354,0.231561943483418,0.0657800966451799,NA
"gene-LOC134712375|LOC134712375",45.3875667365261,-0.210342199590688,0.177010753679654,0.0479071100204663,0.255584833191265
"gene-LOC134712379|LOC134712379",60.8559747348234,0.110037084524741,0.205699943931862,0.0450514745242037,0.246332955123758
"gene-LOC134712383|LOC134712383",51.1657850020454,0.17256815137916,0.256572001421349,0.0495685176341375,0.262034404422785
"gene-LOC134712384|LOC134712384",18.3221352142361,0.0291907642499307,0.155859598737204,0.456215495610267,0.784794141787038
"gene-LOC134712385|LOC134712385",43.5205784374093,0.0432223681495502,0.154147499283115,0.425862315487719,0.764005082633358
"gene-LOC134712386|LOC134712386",100.650709326832,0.294853977519018,0.280831886218614,0.0235088362218968,0.16959375621006
"gene-LOC134712387|LOC134712387",38.857732526174,0.049610117867237,0.149983725112922,0.443815245262511,0.779245620816482
"gene-LOC134712390|LOC134712390",67.8790061035289,0.150410601157331,0.146254412405308,0.11059324305187,0.413529013531349
"gene-LOC134712398|LOC134712398",15.3247059485063,-0.0240204631445482,0.137343378422774,0.727998472314821,0.919561822059372
"gene-LOC134712400|LOC134712400",12.5914167948192,-0.0346408350203262,0.149483177728437,0.542874689193196,0.833681718939407
"gene-LOC134712406|LOC134712406",393.294331860078,-0.00639791427881713,0.133173929671996,0.925268618688609,0.983116205832622
"gene-LOC134712407|LOC134712407",37.4701373730371,-0.10512007254237,0.185073534381701,0.129621641496972,0.443242755954268
"gene-LOC134712409|LOC134712409",29.5833614290754,-0.305869258110285,0.199094844727477,0.0140869675858945,0.124113393529942
"gene-LOC134712410|LOC134712410",1273.52194912283,0.118137858973658,0.0775827602988844,0.0854156691301915,0.35399987791758
"gene-LOC134712411|LOC134712411",106.577880133587,0.238487647399674,0.112333933123898,0.0083286676087566,0.0903949029249062
"gene-LOC134712412|LOC134712412",13.4961365384217,0.00598666675804949,0.153088559959469,0.849821988544706,0.957503125573181
"gene-LOC134712415|LOC134712415",13.9169035754332,-0.0127747731014323,0.143977456641936,0.826769475252125,0.949444755548414
"gene-LOC134712416|LOC134712416",12.6559728358212,0.00764929041560005,0.148087655517388,0.881080733280471,0.972386147839837
"gene-LOC134712419|LOC134712419",10.8067303250414,-0.142533788314144,0.201529052846555,0.0980347181102186,NA
"gene-LOC134712426|LOC134712426",11.9778298564209,-0.105334120310112,0.180130577896526,0.150998201595929,0.478774785548069
"gene-LOC134712427|LOC134712427",22.308005425708,-0.0124060705918513,0.134311673900306,0.858006117204086,0.960703983735472
"gene-LOC134712428|LOC134712428",8.47274612281912,-0.0703868769592238,0.1693103562224,0.182894257793359,NA
"gene-LOC134712437|LOC134712437",13.235702858122,0.0281698392985053,0.128878355264101,0.710678229317405,0.915698832395632
"gene-LOC134712439|LOC134712439",78.109683257031,0.442184464394707,0.270341720853668,0.00611627538663509,0.0777658167921467
"gene-LOC134712440|LOC134712440",202.845889254661,0.0922574183529231,0.132419462325583,0.27792732623331,0.636604483317578
"gene-LOC134712443|LOC134712443",40.0389922780886,0.0108376002020165,0.142632915302053,0.860020682979744,0.961781291431668
"gene-LOC134712444|LOC134712444",42.5263830545665,0.259608887137974,0.17446268438728,0.0221039402722804,0.164207953117121
"gene-LOC134712445|LOC134712445",32.5974696053101,0.0611922213735329,0.134717396875375,0.440048849882982,0.777130904839089
"gene-LOC134712446|LOC134712446",17.1051172503686,-0.023456222870992,0.157680911349679,0.775525322166597,0.933150038194413
"gene-LOC134712447|LOC134712447",17.8892725552979,0.00169697858464718,0.150196376232921,0.971046981411827,0.995073589829788
"gene-LOC134712451|LOC134712451",91.1385911241342,0.314139551335028,0.185741291052556,0.0108550148390806,0.104956902897909
"gene-LOC134712452|LOC134712452",37.6073050464585,0.0919507433603075,0.138709198316947,0.277660327626509,0.636604483317578
"gene-LOC134712458|LOC134712458",33.9608117592167,-0.105259409255312,0.134489040478821,0.225323890801364,0.577590818673919
"gene-LOC134712463|LOC134712463",8.17068703186154,-0.0390757412936359,0.157026588249402,0.389676948083134,NA
"gene-LOC134712467|LOC134712467",40.6434248395994,0.195201719039537,0.224032590298856,0.0591755904195042,0.288724516350049
"gene-LOC134712470|LOC134712470",104.734644960015,0.0931912779510392,0.152443122088473,0.252399031822505,0.608317000646749
"gene-LOC134712471|LOC134712471",8.47475780460804,0.00443818310984847,0.142806138409434,0.941721733884595,NA
"gene-LOC134712472|LOC134712472",38.0812297183022,0.0609576305825945,0.115661949869099,0.458514956557586,0.787027238609417
"gene-LOC134712479|LOC134712479",13.895183029781,0.0104163651752025,0.150327441309819,0.824523701448307,0.948738435373143
"gene-LOC134712481|LOC134712481",64.3833382385138,-0.0841852901670774,0.127302610583677,0.315937022921359,0.673954755701071
"gene-LOC134712484|LOC134712484",208.322970982575,0.33241385843172,0.193277762807843,0.00922331985593265,0.0953775121465763
"gene-LOC134712485|LOC134712485",29.4092291372608,-0.0413402708382705,0.13577272523484,0.566818478495411,0.846374521335154
"gene-LOC134712486|LOC134712486",93.9403245875372,0.00493574053764498,0.0852315733426485,0.944726220427674,0.991863678876839
"gene-LOC134712488|LOC134712488",28.8034106944343,-0.122986966110187,0.168896158390169,0.157768184173028,0.489546521642846
"gene-LOC134712490|LOC134712490",37.8645652361209,-0.0385793563232306,0.117506592646088,0.627346610688148,0.878733733018258
"gene-LOC134712491|LOC134712491",97.2188093526531,-0.116664785667924,0.10421036933564,0.152116010655417,0.480882872394544
"gene-LOC134712493|LOC134712493",19.2909408044029,0.108511857772446,0.174077270550211,0.169666346312137,0.508121591917402
"gene-LOC134712494|LOC134712494",10.5444260446794,-0.0197245200032822,0.14123886687459,0.758171932132765,NA
"gene-LOC134712495|LOC134712495",15.9409409787854,0.0218037814240449,0.153322143934519,0.597227419672694,0.861916670851489
"gene-LOC134712496|LOC134712496",9.14103986164093,0.0502129026897063,0.153454538957429,0.406791552476644,NA
"gene-LOC134712497|LOC134712497",9.17850724947775,0.10765068032779,0.191841945530418,0.103558351200657,NA
"gene-LOC134712498|LOC134712498",49.5852534601439,-0.132493323089111,0.13150658571139,0.139973549465497,0.461029736347062
"gene-LOC134712501|LOC134712501",17.8943020872152,0.748795698757908,0.261146750012542,0.00021582426496978,0.0143208392485156
"gene-LOC134712504|LOC134712504",354.972851153426,0.0353512641129199,0.136233237939744,0.624455174053678,0.876730116023762
"gene-LOC134712507|LOC134712507",102.568084064179,0.0409286577446239,0.101229998465764,0.600728628447797,0.863909187532614
"gene-LOC134712511|LOC134712511",86.7316075917863,-0.0597185844953194,0.11739648189505,0.462843630814419,0.788644909070043
"gene-LOC134712513|LOC134712513",19.5351420058325,0.0686390242096616,0.16319948012123,0.254979342901006,0.610838064791052
"gene-LOC134712519|LOC134712519",32.0942500483875,-0.0239197618469307,0.128603894432809,0.751262604883799,0.925077550145291
"gene-LOC134712521|LOC134712521",16.5673605118292,-0.072599216602444,0.166134814447161,0.227129298418864,0.57883978065837
"gene-LOC134712522|LOC134712522",19.9349483562333,0.0222293015153588,0.13975908120512,0.738795598392164,0.922644850023034
"gene-LOC134712523|LOC134712523",8.64977156734994,0.0582465028696183,0.164674543356532,0.218063179067909,NA
"gene-LOC134712524|LOC134712524",172.885084341257,-0.0121755055670325,0.136368219572614,0.85739284118657,0.960195569331655
"gene-LOC134712526|LOC134712526",10.2107598370361,-0.020276012377812,0.146268501736026,0.721461214928245,NA
"gene-LOC134712527|LOC134712527",12.7107904936719,-0.0200765337143183,0.149896391624424,0.670532539570328,0.901967691585911
"gene-LOC134712538|LOC134712538",9.18247718446081,0.0694690685316451,0.159074433139528,0.293035945527659,NA
"gene-LOC134712540|LOC134712540",62.1929042089665,0.0870246935149583,0.148815091301522,0.281629711780548,0.64123294438424
"gene-LOC134712542|LOC134712542",25.6146784154379,0.0688148923356132,0.142432782525574,0.374573049360065,0.722382780630825
"gene-LOC134712544|LOC134712544",47.676843211046,-0.0537227224870644,0.129579028282104,0.498736785544023,0.80632202571024
"gene-LOC134712545|LOC134712545",173.650352768779,-0.0552306300055365,0.13654764383005,0.477333511670378,0.796791709893797
"gene-LOC134712548|LOC134712548",12.9698901937901,-0.0304207505152294,0.140486405603973,0.652743469075492,0.891233898856622
"gene-LOC134712550|LOC134712550",12.1316852118036,-0.00258627018508393,0.149336601843,0.954775807359783,0.993195169444879
"gene-LOC134712552|LOC134712552",49.1840013384226,-0.0744377163098848,0.116201738199302,0.363462535075637,0.712857211332275
"gene-LOC134712553|LOC134712553",86.4897402138163,0.00359615270966566,0.144058885387234,0.952225004343116,0.993195169444879
"gene-LOC134712554|LOC134712554",7.91277017491663,0.0366603061339055,0.150113529027611,0.524428340466627,NA
"gene-LOC134712556|LOC134712556",7.45316122038784,-0.00782176411307973,0.156130720359459,0.700545741176063,NA
"gene-LOC134712558|LOC134712558",19.4504945367153,0.137480349841491,0.177600220733353,0.127737997324223,0.44004559757567
"gene-LOC134712559|LOC134712559",20.1576262197703,0.038945150093634,0.123357227961664,0.622660320245891,0.875959858649807
"gene-LOC134712560|LOC134712560",40.1636280260426,-0.111887110779267,0.126552621903411,0.197505833492324,0.541589392744771
"gene-LOC134712565|LOC134712565",18.7361253837558,1.1213997386067,0.684294343605878,0.00240526951959913,0.0566772571047494
"gene-LOC134712567|LOC134712567",12.2101474870437,0.00896818881106385,0.142685188106908,0.882244749069743,0.972696963326854
"gene-LOC134712568|LOC134712568",9.62620819442504,0.00878076928016605,0.155822385630042,0.706996484315742,NA
"gene-LOC134712569|LOC134712569",9.90518668339791,-0.00144859363699303,0.155385929880033,0.946569959661378,NA
"gene-LOC134712580|LOC134712580",13.4191735022695,0.197737577268883,0.181147466401306,0.059610119974527,0.290081332496362
"gene-LOC134712581|LOC134712581",96.1786504612399,-0.0897061156365291,0.100186285791102,0.255940721712156,0.612442973511359
"gene-LOC134712582|LOC134712582",53.1166410123548,0.0559786350869926,0.143853318777374,0.442226155497491,0.778527756291357
"gene-LOC134712586|LOC134712586",14.9622516981462,-0.00374927226159951,0.148263624382206,0.938507693176551,0.988596772254934
"gene-LOC134712587|LOC134712587",21.177344814285,0.048244660356201,0.125342643792077,0.545579318347882,0.835016880796734
"gene-LOC134712588|LOC134712588",190.578919136109,0.0609408277546653,0.128449796152361,0.454023039448195,0.783729646865902
"gene-LOC134712590|LOC134712590",8.98318690448034,0.0255585052540386,0.155901123940625,0.474983844698969,NA
"gene-LOC134712592|LOC134712592",21.5110026698608,0.00463604013871043,0.134552593601513,0.951186499979224,0.993195169444879
"gene-LOC134712600|LOC134712600",535.968222098637,-0.0357714438050252,0.0880171562551306,0.624597500519889,0.876730116023762
"gene-LOC134712604|LOC134712604",29.6763896150438,-0.149074360971358,0.176735763390238,0.112149867862314,0.414309251935563
"gene-LOC134712606|LOC134712606",80.0625945767684,0.0694155676620527,0.141685191465567,0.379290155480431,0.726640087341457
"gene-LOC134712609|LOC134712609",80.3613478228648,-0.309502928419982,0.26531210599817,0.0199751142476983,0.156508582727968
"gene-LOC134712611|LOC134712611",256.582571074534,0.0865136467013404,0.104768790108861,0.284462460953227,0.643932436486161
"gene-LOC134712613|LOC134712613",18.4093479055142,0.159923995816691,0.19959015921403,0.0898355327165986,0.364491938474352
"gene-LOC134712615|LOC134712615",12.2784382776905,0.0308351686060164,0.152488867518456,0.533268217963837,0.827169848041837
"gene-LOC134712616|LOC134712616",85.0555864092396,-0.0873526603741724,0.153281065221779,0.267180550346099,0.623878337868274
"gene-LOC134712617|LOC134712617",422.010884560685,0.0313154358917543,0.146059309920241,0.597523393795946,0.861916670851489
"gene-LOC134712619|LOC134712619",116.913509475052,0.125578866502837,0.107164901011992,0.129327609775607,0.443139942411059
"gene-LOC134712620|LOC134712620",40.5954450560263,-0.0253733180636149,0.144546078627763,0.672776931721867,0.902706478486045
"gene-LOC134712630|LOC134712630",40.8256987836838,-0.0223058947617202,0.117254806642938,0.777021580016345,0.934005335233767
"gene-LOC134712634|LOC134712634",6.42559403335888,0.0219722728103141,0.155744433390395,0.50787396395298,NA
"gene-LOC134712637|LOC134712637",22.8191430684646,-0.116956355950346,0.158018351071653,0.18074984151307,0.521456743857906
"gene-LOC134712644|LOC134712644",11.0228887084548,0.0388093111458246,0.145740318628564,0.546123240249077,NA
"gene-LOC134712648|LOC134712648",20.837634635252,0.00732986217969264,0.145116301552547,0.891189453437776,0.975070935959626
"gene-LOC134712655|LOC134712655",28.1262552265638,0.0802422898220142,0.166665517655341,0.223314536871898,0.57613816735644
"gene-LOC134712656|LOC134712656",34.6464087967375,-0.0239020918389105,0.121346588411611,0.76604255287805,0.931106564576986
"gene-LOC134712659|LOC134712659",32.3420815306998,-0.074379891952527,0.130399096462725,0.36778181414307,0.716881932708494
"gene-LOC134712665|LOC134712665",13.8442202442016,-0.107858734942472,0.178154529866813,0.157216138608821,0.489409362205113
"gene-LOC134712668|LOC134712668",19.0073567852136,-0.0335794456451188,0.157890183019919,0.355649309696807,0.708266823834134
"gene-LOC134712669|LOC134712669",29.4986510989586,-0.0776003135127595,0.1216727575866,0.349901787786212,0.703768327139662
"gene-LOC134712670|LOC134712670",67.4068282651688,0.200964013464792,0.194068558696988,0.0575600728327481,0.284893289778248
"gene-LOC134712673|LOC134712673",14.2220122455814,0.0125092847740879,0.155459667833891,0.650154674702021,0.890270379024802
"gene-LOC134712674|LOC134712674",14.2577540671049,-0.0806840661452351,0.149826513882416,0.300994467125284,0.661330506194431
"gene-LOC134712676|LOC134712676",23.0131653552503,0.00863193892075305,0.127694232284522,0.90680261903604,0.979801992959191
"gene-LOC134712678|LOC134712678",65.7073935029794,0.235062213704648,0.203647591826075,0.0383581294265913,0.227294218090592
"gene-LOC134712681|LOC134712681",10.1481101936005,-0.101639436263617,0.179180740070807,0.153040322415294,NA
"gene-LOC134712683|LOC134712683",74.3302052752681,0.0409763574186114,0.120303240458054,0.608266852327022,0.867140836352241
"gene-LOC134712684|LOC134712684",81.236680370723,-0.273055684954544,0.141535554955731,0.00957718802114302,0.0979104317659445
"gene-LOC134712686|LOC134712686",19.8652039328504,0.0202853696403072,0.148843847207563,0.696289793090116,0.909385638445399
"gene-LOC134712687|LOC134712687",6.17984918841895,-0.0106986659002194,0.155540162925826,0.676806306440153,NA
"gene-LOC134712688|LOC134712688",34.1065303279596,0.038802283883158,0.109153536359118,0.629594654843434,0.879113974430661
"gene-LOC134712692|LOC134712692",12.7931813469295,-0.0293928665893583,0.133010390335631,0.688494111239942,0.906633020755938
"gene-LOC134712693|LOC134712693",21.6872556106831,-0.00293947638057973,0.154172942723422,0.917418822293876,0.981847765122982
"gene-LOC134712700|LOC134712700",63.8171431338135,-0.0481995077282928,0.109337378005074,0.547091002115521,0.836325817968771
"gene-LOC134712702|LOC134712702",39.5329982779712,-0.098088048204814,0.141386075158979,0.250552246883831,0.606850879334601
"gene-LOC134712707|LOC134712707",10.4337876455368,0.14720644045248,0.226543372209985,0.0654168535983927,NA
"gene-LOC134712714|LOC134712714",8.19708847383396,0.00761405064745963,0.149724117120896,0.870203140883256,NA
"gene-LOC134712715|LOC134712715",17.7351233950928,-0.0203952993619872,0.151618014374291,0.652542296636881,0.891233898856622
"gene-LOC134712720|LOC134712720",31.7248831281563,0.0379741867767531,0.134749945891117,0.610229559287458,0.868069246116001
"gene-LOC134712722|LOC134712722",12.2285507832078,0.118648696781922,0.180547517369637,0.145332231170546,0.470141860551312
"gene-LOC134712723|LOC134712723",94.2782556588019,-0.0713937138392287,0.142301972424874,0.362118819319545,0.712857211332275
"gene-LOC134712726|LOC134712726",13.3554334549945,0.0812822302407455,0.172122625920423,0.179494963818441,0.52086636001055
"gene-LOC134712727|LOC134712727",22.3190489287285,0.0989865374513893,0.200802720157563,0.925335926919668,0.983116205832622
"gene-LOC134712729|LOC134712729",43.1104595734483,-0.0951462969347137,0.132480901810505,0.264854539437312,0.620966286598542
"gene-LOC134712731|LOC134712731",34.0674557561941,-0.16636123727259,0.147550204792264,0.0839702406520123,0.350865617371933
"gene-LOC134712735|LOC134712735",19.5128990234126,-0.0765645813057203,0.154340273193487,0.29583808647697,0.657762167838848
"gene-LOC134712736|LOC134712736",48.2901509951751,0.0250231075576119,0.118929362354904,0.753096729166974,0.925804928389954
"gene-LOC134712745|LOC134712745",25.3158472239728,0.0250389296855387,0.132889766878911,0.734219372940579,0.921921372263905
"gene-LOC134712748|LOC134712748",14.3976593228924,-0.0353872206422877,0.159242754217442,0.291816757347645,0.652464985715864
"gene-LOC134712761|LOC134712761",14.7517268819119,0.055161605400792,0.164435374024966,0.213635290655174,0.565139867721536
"gene-LOC134712762|LOC134712762",7.44315590592296,0.0334495061340688,0.15565214388188,0.442004075550296,NA
"gene-LOC134712766|LOC134712766",12.3119376737958,-0.000180023984749392,0.152498581652385,0.996220978669201,0.999206831011038
"gene-LOC134712768|LOC134712768",9.89496052485974,0.0318445620503671,0.150733327900825,0.553942102894828,NA
"gene-LOC134712769|LOC134712769",7.35838922924282,0.00593339068706618,0.15382602696439,0.859437150123941,NA
"gene-LOC134712780|LOC134712780",21.0144428192463,-0.0229666922442013,0.149319703563265,0.651939895363927,0.890818243925522
"gene-LOC134712781|LOC134712781",151.20474979294,0.259861534620983,0.209240901442644,0.0284238549499241,0.18939325944667
"gene-LOC134712784|LOC134712784",77.6065762391458,0.442220182094147,0.129176344396208,6.35513110424069e-05,0.00697968709207124
"gene-LOC134712787|LOC134712787",79.9883516541916,0.0544035579119818,0.134994435299507,0.487123141876954,0.799735673648505
"gene-LOC134712788|LOC134712788",20.0316027743944,-0.0588680784183875,0.164284821041313,0.227038360822075,0.57883978065837
"gene-LOC134712794|LOC134712794",12.2195895520579,-0.0866637075472044,0.175602053841325,0.157322555922781,0.489409362205113
"gene-LOC134712797|LOC134712797",8.38889026521174,0.0644660418918794,0.172842665918364,0.0747937520070559,NA
"gene-LOC134712798|LOC134712798",18.1965749307094,0.0823782973418879,0.146502596186517,0.30722017566279,0.666370265190779
"gene-LOC134712800|LOC134712800",21.0086218087972,0.178576288085321,0.235662317125399,0.0622918843650053,0.29545741132173
"gene-LOC134712804|LOC134712804",10.457942162543,0.0170405976734488,0.142232660416669,0.786376763865524,NA
"gene-LOC134712810|LOC134712810",37.1890319598677,-0.0789761564425465,0.124120262603084,0.343168395663344,0.698173963709838
"gene-LOC134712812|LOC134712812",14.7986085141911,0.124087797030438,0.158160780364891,0.164686317846048,0.500209153002026
"gene-LOC134712813|LOC134712813",14.0518366094191,0.0296329124158559,0.131868067860951,0.682975958650288,0.905487482548216
"gene-LOC134712815|LOC134712815",9.36844132769389,0.0905807438928419,0.169193853480059,0.202711741147418,NA
"gene-LOC134712818|LOC134712818",25.9858392529534,0.279716867626646,0.215303289746781,0.023139513403866,0.167595340909165
"gene-LOC134712819|LOC134712819",49.2714774084466,0.513638707770943,0.32636729576143,0.00519703467121385,0.0734974983667498
"gene-LOC134712821|LOC134712821",35.9400890617434,0.145999091665314,0.195699755754595,0.101330804563311,0.393343830023335
"gene-LOC134712824|LOC134712824",27.0710077864989,0.040870608085481,0.119681567310374,0.608882910291954,0.867140836352241
"gene-LOC134712825|LOC134712825",16.3825221643034,-0.158949237089307,0.193112442957539,0.0926905133997693,0.371523451365692
"gene-LOC134712826|LOC134712826",241.574779293234,-0.00912755936848377,0.0932022047315944,0.905663699255009,0.979343538624991
"gene-LOC134712827|LOC134712827",64.4222209004114,0.0184486739319645,0.13104657352463,0.799712199654593,0.941503486006864
"gene-LOC134712829|LOC134712829",19.8845740858306,-0.0365419805074153,0.154599062284111,0.44996880663477,0.781497079559077
"gene-LOC134712830|LOC134712830",60.0806740464657,0.260505626703602,0.143234268976328,0.0129560806619358,0.116898348182056
"gene-LOC134712831|LOC134712831",23.2301495350209,0.120951233043041,0.164916701828927,0.166394759933296,0.502712769076432
"gene-LOC134712832|LOC134712832",11.795884548006,-0.196014607568421,0.227158514713432,0.0588556532609761,0.288306516407579
"gene-LOC134712833|LOC134712833",100.354686763855,-0.0221395087972961,0.13349028154588,0.757003460424322,0.927940003302421
"gene-LOC134712835|LOC134712835",7.85497599900228,-0.0278741106205701,0.143318315299271,0.666417707857958,NA
"gene-LOC134712836|LOC134712836",11.8870301049654,-0.0733938525112126,0.1513868563219,0.322935978393397,0.680033779294526
"gene-LOC134712837|LOC134712837",19.693324885088,-0.0252747802107438,0.152065220513033,0.58942942565429,0.858619137271546
"gene-LOC134712843|LOC134712843",20.8738769411492,-0.283008603421622,0.279896774297639,0.0263608895968527,0.1819272662318
"gene-LOC134712845|LOC134712845",19.6187438420427,0.0316593936709449,0.156813656214877,0.410997065980661,0.750588105016287
"gene-LOC134712846|LOC134712846",11.7332378161815,0.0258877378464451,0.148048175497752,0.639554872870801,0.884229780451533
"gene-LOC134712852|LOC134712852",14.9218969657425,-0.0706393733872746,0.15714417668677,0.303398297007043,0.663228260787531
"gene-LOC134712860|LOC134712860",172.871422722057,0.152014192713573,0.120760911415759,0.0869182560594532,0.356906916073139
"gene-LOC134712862|LOC134712862",97.2320921229657,-0.591227568225446,0.227768820785799,0.000538999316215013,0.0242332553047288
"gene-LOC134712863|LOC134712863",8.04114591742886,0.0532993612237234,0.152577157852708,0.397853101164934,NA
"gene-LOC134712872|LOC134712872",141.592606372078,-0.0305718950817285,0.0986109709374373,0.692136473026139,0.908085233046964
"gene-LOC134712874|LOC134712874",14.2099326925082,-0.137990533389401,0.201645659244355,0.0974386344848185,0.382901975119244
"gene-LOC134712879|LOC134712879",14.4184170975029,0.00302456173131603,0.156503896477758,0.533152178767814,0.827169848041837
"gene-LOC134712882|LOC134712882",9.02960071459954,0.0127656694048364,0.156384402150752,0.568427734666914,NA
"gene-LOC134712883|LOC134712883",26.9872069443926,0.684475456140971,0.205592672350106,5.42399163827169e-05,0.00628196849741648
"gene-LOC134712887|LOC134712887",5.77941146876024,0.00604866321994923,0.156283010909146,0.742686533935429,NA
"gene-LOC134712891|LOC134712891",19.5458651522903,0.105177300487788,0.158485844160953,0.208954653935673,0.55855692218642
"gene-LOC134712892|LOC134712892",8.08731000029855,-0.0508039500921829,0.161125117598157,0.276053669428626,NA
"gene-LOC134712894|LOC134712894",129.907884249999,0.211010257828001,0.109425003807847,0.0159500613393859,0.13439403535964
"gene-LOC134712896|LOC134712896",18.3292981165259,-0.0136732911607593,0.12121065730092,0.861260024173081,0.962495851575881
"gene-LOC134712897|LOC134712897",21.5453689529286,-0.12369725597062,0.133952987793619,0.166331872471691,0.502712769076432
"gene-LOC134712898|LOC134712898",11.0367512980092,0.031013297289533,0.157913371643292,0.356203769538,NA
"gene-LOC134712900|LOC134712900",197.517504776406,0.399620876931314,0.172175695623568,0.00194551695093022,0.0491783451485139
"gene-LOC134712902|LOC134712902",13.336172931544,0.0762099913617507,0.161738984690921,0.262094053606276,0.619589905759705
"gene-LOC134712927|LOC134712927",287.689804762433,-0.313310706865229,0.155589967971417,0.00592922894137033,0.0763089312365356
"gene-LOC134712929|LOC134712929",240.685751668857,-0.143706242681888,0.155422767328522,0.124222665937044,0.435736994503839
"gene-LOC134712944|LOC134712944",48.6316883922153,0.0219542529515671,0.125926618334692,0.772964632989837,0.932853633900032
"gene-LOC134713071|LOC134713071",182.250368838386,-0.0332327945005633,0.119940022115138,0.672432049163325,0.90252679164989
"gene-LOC134713087|LOC134713087",9.97065693679106,0.0111856321009839,0.152910351521467,0.768160931498934,NA
"gene-LOC134713129|LOC134713129",78.5181557063137,0.115772542626124,0.113346494018513,0.171587237971947,0.509600288280894
"gene-LOC134713145|LOC134713145",31.2244890578301,0.256406809565161,0.177848181313695,0.0243099349128487,0.173409054193557
"gene-LOC134713197|LOC134713197",43.037960314021,-0.0374706930348251,0.13594642740589,0.605450184828039,0.865997779642735
"gene-LOC134713256|LOC134713256",41.2412360308328,0.491752719288106,0.3070078593693,0.00549761386668092,0.074450333271415
"gene-LOC134713272|LOC134713272",92.5357113343715,0.0182919834570215,0.107842748286688,0.814346486762722,0.946574899510975
"gene-LOC134713324|LOC134713324",565.542730770278,0.108448656296707,0.107126281267035,0.189927297016624,0.53440519088157
"gene-LOC134713367|LOC134713367",23.800452911064,0.0112601808590758,0.133100688398635,0.871776163059489,0.966991510133865
"gene-LOC134713524|LOC134713524",65.3215944200595,-0.297981599501254,0.155090189527288,0.00825269548233133,0.0901937446253368
"gene-LOC134713545|LOC134713545",9.46103044758549,0.177539220117104,0.193445590488474,0.0776648278392824,NA
"gene-LOC134713561|LOC134713561",34.969860394184,0.0355540506306642,0.117421962290139,0.655041935708719,0.892684486482299
"gene-LOC134713577|LOC134713577",79.8165922705421,-0.0273570554172419,0.134064607975908,0.704212254775094,0.912867737671419
"gene-LOC134713609|LOC134713609",25.3551219145619,0.104447097029633,0.154697437341667,0.21828830380115,0.571515205595284
"gene-LOC134713661|LOC134713661",27.8837770304222,-0.195124634428906,0.247759584105392,0.0533732343912679,0.274162792200187
"gene-LOC134713671|LOC134713671",26.1895566347008,0.204217307104931,0.21732566643406,0.0554529048621377,0.279082909256432
"gene-LOC134713714|LOC134713714",12.8663063509038,0.0247283105014176,0.151357590017353,0.612879886770108,0.870661212918284
"gene-LOC134713715|LOC134713715",9.67200386233448,-0.0563153963065194,0.156392345128945,0.350186062073554,NA
"gene-LOC134713718|LOC134713718",13.8298183776207,0.0101086773973547,0.156288442103971,0.630146975896752,0.879160106331082
"gene-LOC134713745|LOC134713745",829.56612083462,0.0860342300431485,0.117701509924899,0.300132873558056,0.661248784615699
"gene-LOC134713755|LOC134713755",28.1674263825649,0.0574309063669044,0.15365048385385,0.372522482642833,0.720172447476432
"gene-LOC134713788|LOC134713788",11.0352442399873,0.00848044896308635,0.138087340971717,0.898893464676373,NA
"gene-LOC134713809|LOC134713809",30.4659385621924,0.977272547170531,0.300449509001816,5.23200680850044e-05,0.00628196849741648
"gene-LOC134713835|LOC134713835",197.167081642286,0.106131549662981,0.18659379688688,0.123132179878772,0.434784914538679
"gene-LOC134713873|LOC134713873",12.7670953059442,0.13879963045428,0.183425479393457,0.122227215874758,0.433016211074858
"gene-LOC134713879|LOC134713879",21.3640374035656,0.0502578585527625,0.160418972663985,0.292987425653845,0.653476856237743
"gene-LOC134713884|LOC134713884",12.392837462921,0.0776849089022768,0.171485117917045,0.17785816905863,0.519247734701624
"gene-LOC134713885|LOC134713885",13.1745028216438,0.0156388566534213,0.148426733118639,0.760879315645929,0.928686892939909
"gene-LOC134713897|LOC134713897",41.2497792232347,0.106067674543952,0.176976499560638,0.16537932023456,0.500934983306775
"gene-LOC134713910|LOC134713910",2065.89523200529,-0.162666013150039,0.201073337344558,0.0881112960386184,0.36024965068421
"gene-LOC134713912|LOC134713912",291.727665562686,0.0281850467988472,0.145671808225644,0.632889288921871,0.880863556910875
"gene-LOC134713915|LOC134713915",38.788858157798,0.032835377169391,0.104159695396019,0.676315626571077,0.902757154397979
"gene-LOC134713921|LOC134713921",25.8225594060276,-0.0268613146144084,0.155790232421195,0.467763900166312,0.792037101176881
"gene-LOC134713934|LOC134713934",16.8352047571344,0.0505856091094397,0.148045699336559,0.45151327032173,0.782143172231234
"gene-LOC134713947|LOC134713947",120.088245699861,0.178993738888487,0.11282357956611,0.0409006339433799,0.235142395686278
"gene-LOC134713968|LOC134713968",71.3585017877367,0.0206052282711459,0.154803390404735,0.567522286590314,0.84663160786424
"gene-LOC134713969|LOC134713969",33.4697370112048,-0.0161896475627056,0.155371057544735,0.587973470618811,0.858227885254066
"gene-LOC134713976|LOC134713976",9.55292416583465,0.127998249068706,0.182877908776732,0.132317154320843,NA
"gene-LOC134714008|LOC134714008",16.0137705754588,0.0444631659852537,0.155062737223835,0.406950026665217,0.747097962708065
"gene-LOC134714020|LOC134714020",29.2076227444929,-0.00404682705193169,0.141661917632957,0.946981758437431,0.992150296257638
"gene-LOC134714026|LOC134714026",23.9527061807903,0.16546636915732,0.192291123338057,0.0883359175194909,0.360398999298883
"gene-LOC134714053|LOC134714053",13.8643664463452,0.0081888631764279,0.130156152365418,0.912435498795287,0.98134698001751
"gene-LOC134714076|LOC134714076",6.55537278497784,0.02912341762724,0.15460536213018,0.498080809781126,NA
"gene-LOC134714108|LOC134714108",15.3783031373307,-0.0130170902527906,0.156487721157498,0.54393775777619,0.833706332298924
"gene-LOC134714110|LOC134714110",26.9671876803387,0.289455162698639,0.206950514778499,0.0189563497003498,0.151889242253117
"gene-LOC134714111|LOC134714111",6.99901469122519,-0.0297949194910512,0.156111139768351,0.440169041693558,NA
"gene-LOC134714117|LOC134714117",33.8633048228997,-0.0684388755510226,0.160199847092428,0.281499231229421,0.64123294438424
"gene-LOC134714194|LOC134714194",11.6866626119492,0.0324467935736601,0.152333066258301,0.523264665402504,0.82240215115074
"gene-LOC134714207|LOC134714207",10597.2887604754,0.0820139054928526,0.169330048113256,0.204405299214046,0.551710042299328
"gene-LOC134714213|LOC134714213",26.7805326819185,0.0658122805377873,0.150187799552182,0.361594592479743,0.712857211332275
"gene-LOC134714263|LOC134714263",2183.49074152988,0.0119959716250449,0.144507968439586,0.839507133517774,0.953438709245635
"gene-LOC134714298|LOC134714298",59.8797459859212,0.0240698460821225,0.155321321917997,0.513587757789344,0.813628726251562
"gene-LOC134714337|LOC134714337",140.997420561953,0.106728693864936,0.106201358115996,0.190306988524129,0.534746976403188
"gene-LOC134714353|LOC134714353",6.55137888158262,0.0292648737942253,0.155481499787777,0.469637128082341,NA
"gene-LOC134714372|LOC134714372",55.8795379628649,0.640478247485633,0.182094739649355,2.74489664086597e-05,0.00431128172844669
"gene-LOC134714383|LOC134714383",61.9806880536464,0.015298792545377,0.1080148275818,0.840740755428641,0.954174388844174
"gene-LOC134714392|LOC134714392",51.0979623565687,0.147033031177992,0.20437366726899,0.0954297388938705,0.377916762608702
"gene-LOC134714403|LOC134714403",85.1658465519891,0.019759213105413,0.156853894364441,0.456349727392953,0.784813111094252
"gene-LOC134714410|LOC134714410",9.64886032963868,0.00697583043571098,0.153403429162944,0.827510800732912,NA
"gene-LOC134714436|LOC134714436",20.8827914241685,0.0143405985948875,0.149115520889218,0.772828769975232,0.932853633900032
"gene-LOC134714443|LOC134714443",9.65054939796237,0.0254193903538651,0.140858174551572,0.700738062399211,NA
"gene-LOC134714444|LOC134714444",104.307095702755,0.0451492295381258,0.162755392000158,0.195456447884471,0.539663531464313
"gene-LOC134714450|LOC134714450",21.9086192861944,-0.0852559785278555,0.141384840385197,0.298143168153992,0.65989297468413
"gene-LOC134714459|LOC134714459",20.6059614400927,-0.225464248871441,0.24627049106391,0.0428286153389845,0.239524389560431
"gene-LOC134714461|LOC134714461",61.267487936358,-0.103923958388754,0.153685037737125,0.216647000338793,0.569158887998924
"gene-LOC134714463|LOC134714463",9.54395877050444,-0.00428740982787348,0.151159999558419,0.914917385822162,NA
"gene-LOC134714468|LOC134714468",30.637152941859,0.0115641042492674,0.140455750870629,0.856667751109455,0.960195569331655
"gene-LOC134714469|LOC134714469",9.48018657111596,0.0592688803299449,0.15947384654974,0.305194679240049,NA
"gene-LOC134714479|LOC134714479",9.00681906766282,-0.00204710281400387,0.137066468637816,0.975317429932231,NA
"gene-LOC134714488|LOC134714488",33.6276668752824,-0.0226042661980238,0.135067539417599,0.746761165558938,0.923580623736145
"gene-LOC134714493|LOC134714493",9.71748066127173,0.169169005997585,0.238814376794675,0.307294351287743,NA
"gene-LOC134714494|LOC134714494",73.4968513112181,0.0443668698971688,0.118397704873867,0.581972103641442,0.854654113796037
"gene-LOC134714495|LOC134714495",11.5417860108787,-0.0723266183788306,0.173702906900605,0.125361259401638,0.437481895555585
"gene-LOC134714499|LOC134714499",34.5750247970787,0.39323553336568,0.235105021256168,0.0070606938033629,0.083055005098312
"gene-LOC134714500|LOC134714500",15.1642933681948,1.86201039593032,0.631867198713755,0.000106312890135616,0.00891069881794569
"gene-LOC134714501|LOC134714501",16.4168673859328,0.0375896197088477,0.147957576124833,0.539022156314954,0.831486001629709
"gene-LOC134714502|LOC134714502",36.2242788394472,-0.54548669153209,0.204244539354851,0.0005010774509817,0.0242332553047288
"gene-LOC134714506|LOC134714506",141.913591068508,-0.300387210369079,0.25907195728063,0.0219534099210505,0.163942815002452
"gene-LOC134714509|LOC134714509",73.680563011498,-0.0945554868201184,0.166904908097995,0.207443620986639,0.557324279074184
"gene-LOC134714512|LOC134714512",11.1279388008003,-0.0336129981773837,0.150327462736076,0.540524694488672,NA
"gene-LOC134714513|LOC134714513",37.4581771414589,0.0679389580951248,0.117024592093289,0.409453320633271,0.749549529041683
"gene-LOC134714514|LOC134714514",9.79158287138301,-0.0796189918219433,0.159696740735681,0.268033432317658,NA
"gene-LOC134714516|LOC134714516",15.0271119501289,0.0134453448223593,0.152746700109897,0.729959322428521,0.920760571063302
"gene-LOC134714517|LOC134714517",13.3744303014003,0.302039400656992,0.340061308870469,0.0230067956277973,0.167489472170364
"gene-LOC134714518|LOC134714518",15.015979128375,0.0518933976281639,0.15426514882561,0.387527951715608,0.733405974480915
"gene-LOC134714521|LOC134714521",16.1826198658619,-0.0635474299407251,0.140730976423598,0.410075370284186,0.749549529041683
"gene-LOC134714522|LOC134714522",25.8231827268764,-0.0499626194489059,0.147824886297188,0.453332797594687,0.783219398068391
"gene-LOC134714524|LOC134714524",5.82662598315555,0.00635864778882502,0.155531783061861,0.79821337527067,NA
"gene-LOC134714525|LOC134714525",25.3433252427707,0.178397271642549,0.237716511653274,0.0610379522312731,0.293741579547666
"gene-LOC134714527|LOC134714527",39.2195118129584,0.0256091063325802,0.111400107310287,0.747203500884674,0.923580623736145
"gene-LOC134714533|LOC134714533",16.3656554797148,-0.0206787443535904,0.145694654040187,0.719809328480651,0.918664055811524
"gene-LOC134714536|LOC134714536",27.7918919924713,-0.0603847683749306,0.161356166583766,0.277828577363494,0.636604483317578
"gene-LOC134714537|LOC134714537",42.817302552166,0.0485090073272341,0.141210799763245,0.503581641651869,0.807450717812619
"gene-LOC134714538|LOC134714538",12.3108961439465,0.0419180440713371,0.153748723181779,0.439196760440619,0.776703997507386
"gene-LOC134714540|LOC134714540",59.8973859620702,0.602056654769441,0.31596053249595,0.00253144071932252,0.0577549095880685
"gene-LOC134714541|LOC134714541",9.96511796773277,0.0116562504800958,0.150848427300173,0.79339397019154,NA
"gene-LOC134714544|LOC134714544",10.9537020663553,-0.0319607657779859,0.13695946063431,0.651311606273226,NA
"gene-LOC134714548|LOC134714548",63.7259756721894,0.264529970673755,0.198530288566261,0.0253122535240455,0.17781675015316
"gene-LOC134714551|LOC134714551",9.85627439961645,0.04279540476591,0.161481918266142,0.228149720908238,NA
"gene-LOC134714555|LOC134714555",9.94941259616073,0.108384506097459,0.199380961543269,0.0695654376868645,NA
"gene-LOC134714556|LOC134714556",14.0717141338737,0.021434175770689,0.142352104358971,0.73607950013455,0.921921372263905
"gene-LOC134714557|LOC134714557",19.4438763858397,-0.0195066924502495,0.138990831625213,0.76986066504451,0.931823365177049
"gene-LOC134714558|LOC134714558",18.2253688746456,-0.00763514647767507,0.151437423455014,0.852638633036662,0.958240665568725
"gene-LOC134714559|LOC134714559",29.9696795971721,0.084281563977602,0.15878411805985,0.262399970215297,0.619687012425575
"gene-LOC134714567|LOC134714567",53.4947493073945,0.0465402949448523,0.100378918978366,0.542402220271157,0.833357969881155
"gene-LOC134714572|LOC134714572",10.5019987325862,0.000247170194890729,0.154522075948409,0.996676719084711,NA
"gene-LOC134714573|LOC134714573",12.6117031797873,-0.00294186066927045,0.144345509512192,0.95877159519141,0.993195169444879
"gene-LOC134714578|LOC134714578",45.7960993706164,0.0551780347734403,0.11439407931637,0.499448211541324,0.80632202571024
"gene-LOC134714581|LOC134714581",7.32898128774359,0.03656798509345,0.162517853269998,0.0677886263962708,NA
"gene-LOC134714590|LOC134714590",77.5888804510562,0.0222114970161565,0.12340321618783,0.774806224800754,0.93292422976921
"gene-LOC134714594|LOC134714594",39.3075660885786,0.0156790603345558,0.150835099173338,0.731944558201953,0.921440086115897
"gene-LOC134714595|LOC134714595",121.350887900933,0.051583702315234,0.165441010793298,0.152383210984217,0.481172899561915
"gene-LOC134714602|LOC134714602",42.3056452101431,0.0137336928882906,0.110409605943224,0.862680273521854,0.962864810787792
"gene-LOC134714604|LOC134714604",14.6175004480758,0.0277364941986958,0.152585597378961,0.566614899309425,0.846361619922557
"gene-LOC134714605|LOC134714605",22.4581590489854,0.12477094470079,0.187244496764564,0.127337422391388,0.44004559757567
"gene-LOC134714615|LOC134714615",200.735139965459,-0.0243058611896767,0.0814424417372264,0.726757903814314,0.919270819558614
"gene-LOC134714616|LOC134714616",42.0848979630504,0.0444237024059014,0.143912353255678,0.51843114298544,0.817225038559083
"gene-LOC134714618|LOC134714618",45.9710500170914,0.163173418605226,0.218334128153726,0.0764131739146274,0.333995929621475
"gene-LOC134714621|LOC134714621",12.4356735149395,0.0114481689554369,0.148871171821337,0.816053111583596,0.946574899510975
"gene-LOC134714622|LOC134714622",88.641588385194,-0.0427888028053318,0.123208273134007,0.589452028379196,0.858619137271546
"gene-LOC134714625|LOC134714625",45.7991079294803,1.48663883291425,0.466160437531851,5.38155562925752e-05,0.00628196849741648
"gene-LOC134714626|LOC134714626",8.78692289094921,0.052190822845944,0.16013414866421,0.300405576266358,NA
"gene-LOC134714627|LOC134714627",8.92204975076118,-1.22961322527826,0.485330625295892,0.000427827976208764,NA
"gene-LOC134714631|LOC134714631",96.2434167723464,-0.0994189145811139,0.184969912535306,0.121225541304079,0.432366572288343
"gene-LOC134714633|LOC134714633",82.7311948423993,0.0148696274005372,0.150528344732482,0.747674123071141,0.923580623736145
"gene-LOC134714635|LOC134714635",20.2182906238986,0.175743943207092,0.243635256073084,0.0578962991665751,0.285877576693138
"gene-LOC134714641|LOC134714641",8.18912620384355,0.109867606791968,0.196465486807687,0.0877082958278372,NA
"gene-LOC134714646|LOC134714646",14.8975829176895,0.0213564795850012,0.155877898099843,0.501134835131372,0.80632202571024
"gene-LOC134714648|LOC134714648",20.9347874047766,0.553160679609255,0.176747282933289,0.000125588277876432,0.00987651024781322
"gene-LOC134714650|LOC134714650",22.1115051244607,0.0717132741391993,0.119492296269271,0.385096211751732,0.732179278363182
"gene-LOC134714652|LOC134714652",12.7376673621523,0.0803797325775404,0.16165562231789,0.254551511624777,0.61027215997359
"gene-LOC134714656|LOC134714656",54.160486075718,0.0298374566745474,0.122105971453868,0.703154951049966,0.91221852127004
"gene-LOC134714660|LOC134714660",35.0186872803197,-0.0544389526406487,0.151225153323447,0.404164973025003,0.745592492953741
"gene-LOC134714662|LOC134714662",28.1781080185308,-0.0354066379177855,0.127314764668324,0.645280127013697,0.887853510977293
"gene-LOC134714663|LOC134714663",74.9978713373652,0.178802611661617,0.199186841251727,0.0759233623483233,0.33239300217101
"gene-LOC134714673|LOC134714673",18.77191399323,0.0544293257301717,0.141432573855624,0.463394007763703,0.788644909070043
"gene-LOC134714675|LOC134714675",55.1285152361768,0.12185788159124,0.145835480777502,0.172888355357005,0.511755958933141
"gene-LOC134714676|LOC134714676",8.57587196800527,-0.152819330962642,0.209351168637556,0.0839827788649277,NA
"gene-LOC134714678|LOC134714678",11.1533350494094,-0.121997659084,0.189498444249355,0.122528391521438,NA
"gene-LOC134714681|LOC134714681",14.766759026533,0.0465951177117694,0.131331018046518,0.548426188763286,0.836442377350525
"gene-LOC134714682|LOC134714682",32.9377631290827,0.26041547717037,0.1551355958642,0.0166628640658101,0.138543018677862
"gene-LOC134714683|LOC134714683",35.3348417210026,0.0199841984553079,0.108075814601423,0.79991221922029,0.941503486006864
"gene-LOC134714691|LOC134714691",83.545727500422,-0.558096344543151,0.19291138367579,0.000254574609910934,0.0160558442092341
"gene-LOC134714693|LOC134714693",481.26713443171,0.127040554076093,0.1116413067053,0.136521801552848,0.454400927500088
"gene-LOC134714698|LOC134714698",74.1901464736679,-0.0470071243540457,0.115356566085851,0.563698720658053,0.844686156337756
"gene-LOC134714699|LOC134714699",20.4910874769742,0.392866697338758,0.259406500837137,0.00920162221362383,0.0953078593508679
"gene-LOC134714701|LOC134714701",48.3762697083393,-0.175692971213715,0.206316798527015,0.0750303718114597,0.330111417533866
"gene-LOC134714702|LOC134714702",409.20653550768,0.345257042348911,0.133365561827119,0.00127398477036072,0.0380999201276891
"gene-LOC134714705|LOC134714705",65.079808128192,0.118531727363399,0.196216901082058,0.103463833355212,0.398265232785705
"gene-LOC134714706|LOC134714706",10.5629326714216,0.542819159941355,0.675293111694994,0.00846548013045615,NA
"gene-LOC134714708|LOC134714708",38.6399530267042,-0.0264049599144314,0.154783539870458,0.508904560780224,0.810456913124521
"gene-LOC134714716|LOC134714716",273.754058534607,0.860180466805908,0.21986150637543,4.85983840220447e-06,0.00135000982555109
"gene-LOC134714726|LOC134714726",43.8463353730797,-0.0268759806172302,0.11237489036478,0.7344200347001,0.921921372263905
"gene-LOC134714728|LOC134714728",59.4977044396,0.236957871393822,0.0986767761401073,0.00432602122420047,0.0704988071886869
"gene-LOC134714735|LOC134714735",7.98586853472059,0.0154147932547905,0.156279476776854,0.538448916205072,NA
"gene-LOC134714740|LOC134714740",14.0162919867653,0.022601925942287,0.150349327861174,0.651961484015822,0.890818243925522
"gene-LOC134714741|LOC134714741",48.3263131157958,-0.039786776683396,0.105060516738356,0.612684319767579,0.870577541137515
"gene-LOC134714744|LOC134714744",75.3301662648572,-0.201855290386395,0.105878320889532,0.018288475561055,0.14830449779999
"gene-LOC134714746|LOC134714746",142.615221346676,0.0973835953834998,0.116238212459925,0.247990263261215,0.60501645996704
"gene-LOC134714747|LOC134714747",74.9319891672381,0.0743727625462462,0.120530824952721,0.369570410490215,0.717514024633547
"gene-LOC134714748|LOC134714748",21.0205770050317,0.170202663613113,0.192027096533726,0.0844212042772209,0.351709006701045
"gene-LOC134714750|LOC134714750",43.4847801895686,0.038545141788365,0.133649626692636,0.608491089496057,0.867140836352241
"gene-LOC134714751|LOC134714751",14.863597473499,-0.0572875113126497,0.143943174270447,0.432712627815482,0.770153517514563
"gene-LOC134714754|LOC134714754",9.12408833115133,0.0055863721380188,0.156150364555425,0.773030036825946,NA
"gene-LOC134714759|LOC134714759",19.696065087276,-0.149923554171998,0.170398337297534,0.111376955493292,0.413986903440688
"gene-LOC134714760|LOC134714760",129.738872504801,0.756894504755083,0.175662922105989,1.03586532789944e-06,0.000498596288094947
"gene-LOC134714762|LOC134714762",20.656704926276,0.114504291825203,0.201053912420114,0.0805503023395682,0.34344406017607
"gene-LOC134714763|LOC134714763",12.6411566042712,-0.0906185068651014,0.171542484016544,0.190009139890711,0.53440519088157
"gene-LOC134714765|LOC134714765",11.6247650113527,0.0781063037008293,0.171984049956978,0.173939817148502,0.513198997330227
"gene-LOC134714769|LOC134714769",30.8466313968565,-0.0503266067121327,0.127859823229244,0.523240538632975,0.82240215115074
"gene-LOC134714771|LOC134714771",90.9327107263094,0.0115920332365549,0.118157906398354,0.882298752606367,0.972696963326854
"gene-LOC134714775|LOC134714775",87.8616655509722,0.582861027881718,0.173347717436986,5.22929190787673e-05,0.00628196849741648
"gene-LOC134714778|LOC134714778",22.161135145725,0.0976559189759041,0.177438429389813,0.161056972266312,0.495380450669437
"gene-LOC134714787|LOC134714787",10.1323869981251,0.00167162537739502,0.151334649426456,0.966986075637822,NA
"gene-LOC134714788|LOC134714788",1074.75729067167,0.0639319411110864,0.0745047146961911,0.338021293068367,0.693865449730096
"gene-LOC134714791|LOC134714791",188.988880223149,0.455056241903087,0.20868690259407,0.00216607053084509,0.0528653995459127
"gene-LOC134714795|LOC134714795",11.5778538244334,-0.0352259035385301,0.143790137606592,0.587803121848769,0.858195252389792
"gene-LOC134714797|LOC134714797",1695.87809807823,-0.119548718169283,0.151941582761396,0.178201447874823,0.519247734701624
"gene-LOC134714798|LOC134714798",15.8616381739435,0.029229983355882,0.13419363350287,0.690081279642,0.907206251465935
"gene-LOC134714802|LOC134714802",12.6146611384336,1.01696709969734,0.484747625727602,0.447459224570647,0.780694401674889
"gene-LOC134714805|LOC134714805",15.6076028867611,-0.00585713995111668,0.147972488244729,0.904907962106741,0.978985006559093
"gene-LOC134714808|LOC134714808",31.7878757585239,0.00542156890725262,0.112620554437547,0.944839686565881,0.991863678876839
"gene-LOC134714811|LOC134714811",12.6432444918198,0.00541964554198205,0.152197603804795,0.893116424091949,0.975254009504506
"gene-LOC134714815|LOC134714815",10.0206129360256,0.109733620477532,0.183382136232472,0.138480308382906,NA
"gene-LOC134714818|LOC134714818",80.6993124209503,0.0141784028922732,0.143233850108531,0.814346791897721,0.946574899510975
"gene-LOC134714819|LOC134714819",9.02813083357107,-0.025098373880192,0.152504483580047,0.582549816680748,NA
"gene-LOC134714823|LOC134714823",15.4197060150708,-0.0157388396390703,0.121750515374479,0.837435967345694,0.952753547417766
"gene-LOC134714825|LOC134714825",9.90947612325778,-0.00240881523401158,0.148102177807614,0.959654945314837,NA
"gene-LOC134714827|LOC134714827",100.582876547128,0.00119805018864428,0.0953778336113195,0.987856676271783,0.99704656962612
"gene-LOC134714828|LOC134714828",126.804173831326,-0.0395936878004295,0.139595541171962,0.574966297171705,0.849776174706209
"gene-LOC134714829|LOC134714829",14.7585439309903,-0.0273867583918081,0.149793719321716,0.605768880130941,0.865997779642735
"gene-LOC134714834|LOC134714834",114.09145532305,-0.147026709329501,0.108090102080209,0.0802773931147541,0.342533230819553
"gene-LOC134714835|LOC134714835",46.6071155826522,0.102492597235603,0.133299061265848,0.238765577852769,0.593625844332964
"gene-LOC134714836|LOC134714836",9.12125361601042,0.0300958830978624,0.152168198073522,0.545826284228762,NA
"gene-LOC134714838|LOC134714838",78.6635224906687,0.313973160775243,0.160746492880158,0.00679778804584934,0.0813945673910908
"gene-LOC134714839|LOC134714839",14.5800768889905,-0.011535754679116,0.15499358215883,0.69326595127126,0.908204508399908
"gene-LOC134714843|LOC134714843",15.6076002242473,0.108926020970758,0.153690859050191,0.203744588038348,0.550634757826045
"gene-LOC134714846|LOC134714846",34.3658324001196,0.0282464381124476,0.132742293241845,0.705264271877517,0.913487883664047
"gene-LOC134714847|LOC134714847",12.2787226408271,0.0696233710648885,0.146348778469801,0.36073283084398,0.712514687114686
"gene-LOC134714850|LOC134714850",43.6484583520108,-0.0224363062188444,0.132639156535667,0.757901705307197,0.928382485337355
"gene-LOC134714852|LOC134714852",51.8801471197144,0.321205177359001,0.195145542427817,0.0109698099973844,0.105237484462859
"gene-LOC134714854|LOC134714854",9.4115645152126,0.00664453850714705,0.15484361408224,0.81376130061771,NA
"gene-LOC134714862|LOC134714862",43.4224232939716,0.431619203030229,0.203214771392194,0.00264729121671416,0.058910686873051
"gene-LOC134714863|LOC134714863",22.6930859268521,1.01284102958818,0.295013809508859,2.87444369188181e-05,0.00435957293268742
"gene-LOC134714864|LOC134714864",34.495240513491,-0.0469046197588578,0.114431906725405,0.560691666516699,0.843752874016389
"gene-LOC134714865|LOC134714865",31.4822871240373,-0.0509278151801781,0.141401323448973,0.483676725763441,0.797844258383848
"gene-LOC134714866|LOC134714866",61.5031134996442,-0.058309934694416,0.166049513402674,0.175240895877845,0.515843117718057
"gene-LOC134714868|LOC134714868",45.8513613559432,0.0384438655136306,0.151179039679132,0.498657541770693,0.80632202571024
"gene-LOC134714869|LOC134714869",12.6849437878172,-0.0431992293032779,0.14709046708231,0.502279068857733,0.806940143410783
"gene-LOC134714870|LOC134714870",12.2551536254035,0.0422996834298827,0.132331341062522,0.579927513933552,0.853346792274595
"gene-LOC134714878|LOC134714878",21.4761859218584,0.0197164770524422,0.13589903375972,0.777920785307064,0.934005335233767
"gene-LOC134714879|LOC134714879",12.9106006364645,-0.0196209214924139,0.154558276143627,0.583793219788491,0.855674829740609
"gene-LOC134714882|LOC134714882",22.7029458040172,0.116509206459181,0.168876408806407,0.168769054387922,0.505963349582839
"gene-LOC134714884|LOC134714884",9.79528939344446,0.0801621103679346,0.153897500157948,0.291646311875015,NA
"gene-LOC134714885|LOC134714885",58.2007711857381,-0.0542848746143722,0.122926590556353,0.5017229431782,0.806492016083935
"gene-LOC134714886|LOC134714886",197.067843606109,-0.205865036014789,0.20242631055879,0.053623254288687,0.274184857664502
"gene-LOC134714887|LOC134714887",29.1093008780764,-0.218461437217868,0.167517338358182,0.0400009347079256,0.23291220666315
"gene-LOC134714888|LOC134714888",37.8715916969688,-0.259479098917416,0.27957364427544,0.0315813270007592,0.201980976902446
"gene-LOC134714889|LOC134714889",15.0454528746794,-0.0723611911827916,0.148397589863929,0.344374744627998,0.698842664313587
"gene-LOC134714896|LOC134714896",72.2604730707907,0.115498394315687,0.102345728757966,0.151409605383869,0.479840391191664
"gene-LOC134714905|LOC134714905",18.7497339184375,-0.00765428925395705,0.154252941130886,0.802405829138811,0.9423534534687
"gene-LOC134714908|LOC134714908",11.1989903580428,0.000897789801886071,0.153263104556662,0.981943722206845,NA
"gene-LOC134714910|LOC134714910",68.5937954334306,-0.22437813137994,0.120934034548615,0.0163037685899824,0.136651323576563
"gene-LOC134714913|LOC134714913",18.2999841017896,0.0316081852534512,0.123289055544539,0.685953244482522,0.906163867140951
"gene-LOC134714916|LOC134714916",15.0766474897061,0.17392093332657,0.19345881306101,0.0810527523330556,0.343822653621105
"gene-LOC134714923|LOC134714923",13.5153208784804,0.0453885622435952,0.161849490713618,0.234767434544133,0.588860618506271
"gene-LOC134714924|LOC134714924",12.665413134373,-0.0400997856871256,0.141884194126702,0.559495591849381,0.843752874016389
"gene-LOC134714925|LOC134714925",23.7088154496191,0.0204202046835926,0.145612152922169,0.726114919925342,0.919270819558614
"gene-LOC134714933|LOC134714933",37.8067203629796,0.0185450505338536,0.135335585787507,0.792878514797555,0.93946448995995
"gene-LOC134714936|LOC134714936",30.7367702638733,-0.122436114572134,0.158884495431558,0.168352877724707,0.505375980728738
"gene-LOC134714939|LOC134714939",233.398014704769,-0.012034485725786,0.105842223979532,0.874607618387145,0.968263098070178
"gene-LOC134714941|LOC134714941",398.161100529688,-0.00460716182749745,0.0875164965404834,0.948450114950189,0.992709042430612
"gene-LOC134714942|LOC134714942",16.1491525321729,-0.013366995271382,0.140060400525764,0.834927840303796,0.951902489882482
"gene-LOC134714943|LOC134714943",19.8083123494737,0.0284055692375609,0.126441881296631,0.710174090362291,0.915565463591943
"gene-LOC134714948|LOC134714948",33.5863400864015,0.376368285714647,0.180526265589385,0.00365741543112113,0.0673691181393952
"gene-LOC134714949|LOC134714949",58.6761465045066,0.63984405446506,0.423370862375154,0.00430148352252592,0.0704988071886869
"gene-LOC134714950|LOC134714950",13.2914580054206,0.116966975147082,0.154785145385103,0.182220583587716,0.524038427744358
"gene-LOC134714952|LOC134714952",26.1873016877425,0.227153280099251,0.198908035532592,0.0418160868488444,0.237405056352174
"gene-LOC134714956|LOC134714956",25.7714592512337,-0.0223140174160262,0.151551279225924,0.639801012420603,0.884229780451533
"gene-LOC134714958|LOC134714958",13.5371296458957,-0.023727881257002,0.138880335084602,0.721744628195466,0.918664055811524
"gene-LOC134714961|LOC134714961",9.27971636158617,0.0405875173979516,0.163597167585644,0.0721646629675603,NA
"gene-LOC134714963|LOC134714963",12.5290843679698,0.00810881265194162,0.131489765903074,0.91103539557183,0.980949200438228
"gene-LOC134714965|LOC134714965",20.1964209258864,0.0906791079363879,0.158618166150278,0.246383360536061,0.602543836285028
"gene-LOC134714966|LOC134714966",172.258848245812,0.274305165160989,0.167466831387199,0.0157268714763655,0.133218312904851
"gene-LOC134714967|LOC134714967",31.1794278249733,-0.0288877760622722,0.123021482441724,0.710708795504553,0.915698832395632
"gene-LOC134714973|LOC134714973",44.0323437306149,0.205262849088335,0.164585499665543,0.0487229602678095,0.259144181489486
"gene-LOC134714976|LOC134714976",29.4288857002037,0.00955873718939843,0.138348166269753,0.885994190742043,0.973839603163262
"gene-LOC134714977|LOC134714977",13.9957851442015,0.0180441508350461,0.152919229874935,0.659508805877763,0.894421762750398
"gene-LOC134714978|LOC134714978",12.1604554859434,-0.0314940628683267,0.151756483376302,0.53868762736558,0.831461154911253
"gene-LOC134714979|LOC134714979",50.6790232471784,0.541071866945795,0.237559856960665,0.00136295457624779,0.039879126918182
"gene-LOC134714980|LOC134714980",149.002403110676,0.112863108161345,0.119948947669733,0.189730757212454,0.53440519088157
"gene-LOC134714981|LOC134714981",49.4874336603035,-0.0104115094353143,0.111327062848224,0.894133972007819,0.975254009504506
"gene-LOC134714982|LOC134714982",599.169363171623,0.0424460545242431,0.0933525201675934,0.570463120803202,0.848701780072962
"gene-LOC134714983|LOC134714983",68.6621938975239,0.208689441614759,0.206774439423902,0.0525868777875045,0.271457383716697
"gene-LOC134714984|LOC134714984",8.52614504648722,0.105548734206774,0.197595055425898,0.0693153110669787,NA
"gene-LOC134714986|LOC134714986",21.8369994717764,-0.100655440823054,0.13727171307956,0.243156219902865,0.599189601849614
"gene-LOC134714987|LOC134714987",77.4700401384106,0.295074181446066,0.139097725266785,0.00533294533914337,0.0743549033936444
"gene-LOC134714989|LOC134714989",8.58839954138951,0.0810603022504413,0.157179770223809,0.275422026840495,NA
"gene-LOC134714991|LOC134714991",10.0016346233114,0.0538342317353653,0.156380632976829,0.35670818274356,NA
"gene-LOC134714992|LOC134714992",26.037126417505,0.0778932701772458,0.131572888094569,0.348464629220486,0.702442939283069
"gene-LOC134714995|LOC134714995",12.3967216331276,0.134534322889427,0.198886287209128,0.103430629179231,0.398265232785705
"gene-LOC134714996|LOC134714996",19.9801762920204,0.0408989981644154,0.138937984860936,0.568655275544319,0.847470564241725
"gene-LOC134714997|LOC134714997",31.7134040349408,-0.243524336218257,0.179836559717859,0.0289975948848311,0.191811712789589
"gene-LOC134714998|LOC134714998",70.1068972538556,-0.0316386948105896,0.129940936379101,0.675397184333159,0.902757154397979
"gene-LOC134714999|LOC134714999",10.9829124090839,-0.0146275881131239,0.1537657851146,0.682897467729724,NA
"gene-LOC134715001|LOC134715001",17.31557603352,-0.0262023169520182,0.123908863254758,0.734835588992589,0.921921372263905
"gene-LOC134715002|LOC134715002",111.225591750889,-0.121602952829566,0.145197608107709,0.172850529515928,0.511755958933141
"gene-LOC134715003|LOC134715003",121.118847190953,-0.0697449543661975,0.113975991834924,0.394261008194773,0.737791604641805
"gene-LOC134715007|LOC134715007",57.8170778130399,0.14780925000152,0.103076222836482,0.0716324108134001,0.319993849185247
"gene-LOC134715015|LOC134715015",42.5104198820857,-0.111144277429453,0.107826520733719,0.176694052820041,0.51844362803485
"gene-LOC134715016|LOC134715016",34.8918336838926,-0.0505136941580359,0.160346263975162,0.292004353411052,0.652655344290667
"gene-LOC134715017|LOC134715017",9.38680559691399,-0.0220749447070802,0.157301818342405,0.387413854011573,NA
"gene-LOC134715019|LOC134715019",15.8971800594713,-0.0072604903170878,0.137045085698875,0.912880025634117,0.98134698001751
"gene-LOC134715024|LOC134715024",16.4563693562646,0.00141252251138788,0.152614631868301,0.972026612749832,0.995073589829788
"gene-LOC134715025|LOC134715025",335.100863061232,-0.0699968383025022,0.098784930807158,0.369224713881831,0.717280093756408
"gene-LOC134715026|LOC134715026",22.9340208551984,0.200345732530824,0.380974357557603,0.0122599788356874,0.112855585525041
"gene-LOC134715033|LOC134715033",12.9541542291166,0.0736070377651471,0.168572074201356,0.203077235941327,0.550006979128008
"gene-LOC134715036|LOC134715036",13.2446613852077,-0.019233544884817,0.153317361797374,0.628908491182141,0.878733733018258
"gene-LOC134715038|LOC134715038",48.1205698439941,0.17745614604811,0.141001000657131,0.0660154129993144,0.306947577230389
"gene-LOC134715039|LOC134715039",26.592399019753,0.209727365964046,0.24447598627787,0.048996041210254,0.259870759791272
"gene-LOC134715042|LOC134715042",16.3573231989163,0.02163234983483,0.153063210104989,0.6105156052494,0.868270686635115
"gene-LOC134715049|LOC134715049",9.49337102643776,0.117234263657165,0.21729751606903,0.0257125963389143,NA
"gene-LOC134715050|LOC134715050",452.31492048304,0.35209245238781,0.19606587458055,0.00734142214057207,0.0850485232107185
"gene-LOC134715052|LOC134715052",58.9474751609973,0.188686105847801,0.137714390195539,0.0508955697647025,0.266177979803904
"gene-LOC134715053|LOC134715053",58.7418051810856,0.0705146019794855,0.125643074881734,0.392276960774798,0.737327896174524
"gene-LOC134715055|LOC134715055",12.1860220614876,0.332625967567493,0.286829603178071,0.0176010819971701,0.144297158715539
"gene-LOC134715067|LOC134715067",8.28345616931631,0.0938097868250512,0.19383764104776,0.0349344237924432,NA
"gene-LOC134715068|LOC134715068",16.2024066172788,-0.0910836003418695,0.138930706314583,0.280078953822253,0.639922143417414
"gene-LOC134715070|LOC134715070",6.6912543785332,0.136649160607309,0.238338049626046,0.0292160154296386,NA
"gene-LOC134715072|LOC134715072",10.6774833704997,0.0424418742554906,0.161630482489359,0.222308053018275,NA
"gene-LOC134715073|LOC134715073",40.8144802382959,0.012027348782159,0.142768660090813,0.847322957958399,0.956699253750037
"gene-LOC134715079|LOC134715079",29.1883316494461,0.00363383479033438,0.132885168910344,0.960455507842062,0.993195169444879
"gene-LOC134715081|LOC134715081",16.7848194311435,-0.00459432462400719,0.139626486974675,0.942215063528538,0.990904730836517
"gene-LOC134715084|LOC134715084",36.049747269247,0.0216260564076166,0.13390470572818,0.763671187262965,0.929953252316018
"gene-LOC134715087|LOC134715087",1667.85131542272,0.0916182281567259,0.103976267557808,0.25372670647271,0.61027215997359
"gene-LOC134715093|LOC134715093",12.5032034038289,0.0127239432550507,0.155692279308047,0.631452705334538,0.880357569048152
"gene-LOC134715094|LOC134715094",11.2605955815397,-0.121126860745466,0.192799400983734,0.113652686516352,NA
"gene-LOC134715097|LOC134715097",9.7173645873762,0.0367255861743991,0.155686349126666,0.424558764460558,NA
"gene-LOC134715099|LOC134715099",16.1252871824612,0.0302973656579099,0.132782015969078,0.683370936879333,0.905487482548216
"gene-LOC134715101|LOC134715101",105.808263650973,0.0846503192148483,0.136799560490938,0.308512211335578,0.667081733268034
"gene-LOC134715102|LOC134715102",68.104711468036,0.106756992722342,0.122528743401908,0.216062276001876,0.568533664357399
"gene-LOC134715103|LOC134715103",11.067146863235,0.119468764759852,0.17360173909881,0.158593137268034,NA
"gene-LOC134715106|LOC134715106",2128.93292125036,0.248539335336244,0.0974139639289385,0.00275614868054452,0.0598323388789265
"gene-LOC134715107|LOC134715107",13.7717724053093,-0.201231637578383,0.25560369412755,0.0508915484618931,0.266177979803904
"gene-LOC134715114|LOC134715114",8.95329547539851,0.0224202319620799,0.151402953553841,0.63690240347583,NA
"gene-LOC134715119|LOC134715119",12.4697446404154,0.0191945068744398,0.132042364345691,0.793047244735599,0.93946448995995
"gene-LOC134715121|LOC134715121",16.4643311057562,0.0683985026305017,0.157929926783615,0.300221700242145,0.661248784615699
"gene-LOC134715122|LOC134715122",10.0654483012896,0.137653921775739,0.194563510063095,0.108160292061688,NA
"gene-LOC134715123|LOC134715123",34.5925481646042,0.192499170850618,0.187390596290815,0.0641663927080988,0.300544059963668
"gene-LOC134715124|LOC134715124",62.0682365611928,0.0646381840506279,0.146457079626738,0.385884041573353,0.732717940443776
"gene-LOC134715130|LOC134715130",133.910417771419,0.066875581741277,0.09133544813095,0.373064484942076,0.721001446929922
"gene-LOC134715131|LOC134715131",7.3524852532406,0.042659414268227,0.164704238782293,0.0429286221509823,NA
"gene-LOC134715132|LOC134715132",11.5632084071986,-0.0542860616670809,0.150672258612,0.411791298275418,0.751177139179386
"gene-LOC134715134|LOC134715134",122.161597980341,-0.0480002062612774,0.134979593608475,0.528307239071266,0.825439566564622
"gene-LOC134715135|LOC134715135",28.2264094103341,-0.0176576616271036,0.152296655621252,0.676920292863231,0.90290504592405
"gene-LOC134715137|LOC134715137",55.4675975182348,0.0923762281340911,0.149060322709943,0.261950848278276,0.619589905759705
"gene-LOC134715138|LOC134715138",136.635037712428,0.397410802408431,0.217356981233072,0.00538920975388541,0.0743549033936444
"gene-LOC134715140|LOC134715140",37.5893666232333,0.141501020450683,0.16951896749102,0.127610186753574,0.44004559757567
"gene-LOC134715141|LOC134715141",13.0924896085296,-0.0389706707261993,0.137060794100154,0.59163478803621,0.859740822539584
"gene-LOC134715144|LOC134715144",90.8083060929201,-0.0408386313193592,0.0834979355450918,0.56322653184983,0.844656798151262
"gene-LOC134715146|LOC134715146",3335.1095994753,0.0169963000102901,0.0919671652696645,0.821915489263834,0.948135035604966
"gene-LOC134715149|LOC134715149",21.4211548431644,0.0901829540876754,0.165017713612652,0.222699151805493,0.575494359838129
"gene-LOC134715150|LOC134715150",37.7627125948964,0.137956345554887,0.160192069231182,0.135948706610568,0.453399613146241
"gene-LOC134715154|LOC134715154",60.2845387320176,0.0822660722458728,0.142525166296248,0.31284308050121,0.672565110628656
"gene-LOC134715161|LOC134715161",11.8691274768808,0.0893658868670713,0.185135651614128,0.0869575406193895,0.356906916073139
"gene-LOC134715165|LOC134715165",25.1706053646509,0.0224759069190174,0.128006328270545,0.766137897783679,0.931106564576986
"gene-LOC134715166|LOC134715166",48.9674216215625,0.199888291982619,0.125408775939258,0.0327974115929685,0.204823050830597
"gene-LOC134715173|LOC134715173",77.1924705321435,0.226597771448824,0.21165899430536,0.0432712841447872,0.241153175855026
"gene-LOC134715175|LOC134715175",76.003885930316,0.0426441033693208,0.135010394362091,0.571938346328751,0.848988734157275
"gene-LOC134715176|LOC134715176",10.4624197042121,0.0264096005065715,0.141453207489805,0.689598884250449,NA
"gene-LOC134715180|LOC134715180",70.3930066564657,0.0867592963792735,0.110899867254358,0.29052945415494,0.651735924717475
"gene-LOC134715181|LOC134715181",8.02384822701789,-0.0246142292321503,0.158295936191484,0.296193204694717,NA
"gene-LOC134715182|LOC134715182",93.366160352068,0.0427990962296279,0.128282893721058,0.584987545584099,0.856243259506138
"gene-LOC134715185|LOC134715185",9.24671270277353,0.0272217904538172,0.148978347613329,0.619850153164794,NA
"gene-LOC134715190|LOC134715190",9.9028178643559,0.124387822417097,0.227245792222046,0.0200872131690769,NA
"gene-LOC134715192|LOC134715192",15.6751522677421,0.0184656138780608,0.154614477929704,0.601074649787213,0.863909187532614
"gene-LOC134715195|LOC134715195",11.4253914962774,-0.0280075850114938,0.150259101497335,0.590167736937472,0.859087862041064
"gene-LOC134715199|LOC134715199",33.9756193397775,-0.127898929885493,0.125887081153661,0.148269649009321,0.474132029877784
"gene-LOC134715200|LOC134715200",133.581546055002,0.121688861122294,0.131449917673722,0.170839039927544,0.50912313176923
"gene-LOC134715201|LOC134715201",7.83935366156484,0.0164526325543811,0.156658838745973,0.490298961521122,NA
"gene-LOC134715202|LOC134715202",10.2318016682375,0.0194696439716153,0.144086100744962,0.747106402131219,NA
"gene-LOC134715203|LOC134715203",44.9119262515932,-0.028192613537968,0.108080516387887,0.719845356098168,0.918664055811524
"gene-LOC134715206|LOC134715206",18.2964870564616,-0.177037135892928,0.199897471857711,0.0765172016351242,0.334074417008733
"gene-LOC134715208|LOC134715208",12.0730291380773,0.173365573145097,0.298177623939746,0.0206784760196603,0.158644631525303
"gene-LOC134715209|LOC134715209",6.98480906891272,-0.0305042719785616,0.159204906297164,0.265115984847741,NA
"gene-LOC134715211|LOC134715211",35.1950955288307,-0.165072920867834,0.190845887766924,0.088349009894165,0.360398999298883
"gene-LOC134715213|LOC134715213",9.74666608369843,0.0298390896592693,0.157831042826125,0.359591182520865,NA
"gene-LOC134715218|LOC134715218",37.0520841560613,0.0821199491725747,0.169898670082136,0.198989131034892,0.544484864558533
"gene-LOC134715219|LOC134715219",20.7009015096744,0.0416229037486521,0.140274366820173,0.558878632082797,0.843645989811546
"gene-LOC134715222|LOC134715222",8.78803807353531,0.0167818379303009,0.136729014665461,0.807635480893885,NA
"gene-LOC134715224|LOC134715224",49.0247583940123,0.0508214691742963,0.134743980698856,0.50625545390092,0.80924648465467
"gene-LOC134715226|LOC134715226",15.800010543747,0.0439298496404177,0.149934406934759,0.474488487539415,0.795503607539599
"gene-LOC134715236|LOC134715236",7.99332284356137,-0.0662240319988694,0.162362268400703,0.263785751543613,NA
"gene-LOC134715238|LOC134715238",14.2987434242711,0.0457586492152641,0.166187351384402,0.0254966947379254,0.178443397619928
"gene-LOC134715242|LOC134715242",318.884961863195,0.194734362215034,0.120606737003074,0.0332805022566773,0.20723049792281
"gene-LOC134715246|LOC134715246",40.7006969349243,0.139346788335965,0.147787678811476,0.132974154373504,0.448409403578201
"gene-LOC134715252|LOC134715252",26.7460158309565,0.0564368916230379,0.160732718157723,0.288542090529067,0.648329141682595
"gene-LOC134715253|LOC134715253",22.3957706691532,0.0601439296222587,0.125007516961488,0.459523987518323,0.787317501623052
"gene-LOC134715259|LOC134715259",15.3500114623484,-0.0208031374233736,0.13237484029945,0.773409332121851,0.932853633900032
"gene-LOC134715260|LOC134715260",44.5977888921689,0.0889577121085889,0.169503088036012,0.201804312966459,0.548184850147694
"gene-LOC134715261|LOC134715261",20.4566588397319,-0.0109534763308849,0.154445088715467,0.721899466147912,0.918664055811524
"gene-LOC134715267|LOC134715267",762.504676427185,0.0616441866329306,0.0845946748779727,0.406802289566266,0.747097962708065
"gene-LOC134715269|LOC134715269",23.6187452437885,-0.0464845138602935,0.147480007493701,0.472353495933187,0.795503607539599
"gene-LOC134715272|LOC134715272",112.42993009156,0.194436992381437,0.123671650998117,0.0358056394841401,0.217635423200355
"gene-LOC134715274|LOC134715274",9.31477163399129,-0.00105027544488911,0.154820987533566,0.964660403341799,NA
"gene-LOC134715278|LOC134715278",58.4951175933104,0.0729438140943506,0.139157549960823,0.363937815692327,0.712857211332275
"gene-LOC134715279|LOC134715279",51.7710665090998,0.0178906187947268,0.109647309061711,0.821446020769293,0.947765106375729
"gene-LOC134715280|LOC134715280",20.1864117967128,-0.0127140051484367,0.131591400712883,0.857269759788233,0.960195569331655
"gene-LOC134715284|LOC134715284",15.6862254245923,0.0842074982459548,0.173432338623533,0.173665554111888,0.512864895546003
"gene-LOC134715285|LOC134715285",22.7845485758166,0.0203253188778339,0.146792587444127,0.715746287192967,0.917921047062424
"gene-LOC134715286|LOC134715286",23.8409161955495,-0.0178051921713408,0.12486540985045,0.817251554068755,0.946574899510975
"gene-LOC134715287|LOC134715287",24.5315562093741,0.149014064614412,0.143096021060121,0.111820074036542,0.414309251935563
"gene-LOC134715289|LOC134715289",171.112066479725,-0.207655212934396,0.236088476708464,0.0499763801006429,0.263752726794611
"gene-LOC134715290|LOC134715290",15.3342835961249,0.0473668907107166,0.148447057990783,0.466939823472853,0.791854205969224
"gene-LOC134715295|LOC134715295",12.1384442169679,0.00273607050333087,0.153588045618668,0.934135156919738,0.987133535099325
"gene-LOC134715298|LOC134715298",8.36549426161095,0.00690529460580395,0.141967407534143,0.911216570081326,NA
"gene-LOC134715299|LOC134715299",83.1531483254641,0.0352917196545428,0.107087475944432,0.662419924578956,0.896074521038002
"gene-LOC134715300|LOC134715300",21.4038542141818,0.0318181101917955,0.155595714433586,0.451300994240472,0.782143172231234
"gene-LOC134715301|LOC134715301",90.5901261552735,0.0874984721496515,0.139151112459969,0.29627681261178,0.658278094292654
"gene-LOC134715302|LOC134715302",10.4269900919052,-0.00938311577313144,0.152401991193652,0.80724932648113,NA
"gene-LOC134715305|LOC134715305",66.4327272419332,-0.234471206685725,0.158712044492735,0.0276805134166542,0.186982895508046
"gene-LOC134715327|LOC134715327",13.4815469861623,0.0534449900560668,0.153946207498731,0.385931042675086,0.732717940443776
"gene-LOC134715330|LOC134715330",13.1041014089605,0.0661909347254619,0.145090517745748,0.381759626739778,0.728522714898856
"gene-LOC134715332|LOC134715332",18.9731638559031,-0.0603751938278638,0.132419640646092,0.448421307107206,0.781041759539082
"gene-LOC134715335|LOC134715335",14.265508308694,-0.0261279390557945,0.156720265648896,0.426415660871164,0.764312570885835
"gene-LOC134715339|LOC134715339",94.8325687573933,0.227699254196818,0.159798439627164,0.0321255270576122,0.203603925307352
"gene-LOC134715340|LOC134715340",48.7924545729318,0.30389921668476,0.283925159676233,0.0221435842586509,0.164207953117121
"gene-LOC134715351|LOC134715351",10.3306759297301,0.0505623856985326,0.144728513837229,0.471483083386181,NA
"gene-LOC134715354|LOC134715354",8.73194452606503,0.019198593677818,0.154308530939629,0.60354267628731,NA
"gene-LOC134715360|LOC134715360",223.115960996992,-0.106387123162986,0.194878403057525,0.086614755635486,0.356598742871633
"gene-LOC134715361|LOC134715361",100.790559050245,-0.0865083692038876,0.192354318049032,0.00559074534294255,0.074450333271415
"gene-LOC134715362|LOC134715362",83.7660769132243,-0.0133633148433342,0.156310472660119,0.566299032572507,0.846361619922557
"gene-LOC134715363|LOC134715363",12.4653888751569,0.0043087687055421,0.155927881105441,0.835780647752412,0.952230857839897
"gene-LOC134715365|LOC134715365",67.8029816661168,0.0172078897372941,0.0996363272361514,0.823880289202356,0.948340701521325
"gene-LOC134715366|LOC134715366",8.05919467005135,0.0362356938213822,0.154681143983994,0.450045740841855,NA
"gene-LOC134715372|LOC134715372",34.185592217708,0.0300783235141616,0.130038006097892,0.691045627844048,0.907620752446718
"gene-LOC134715374|LOC134715374",16.4207536502198,0.142162383388814,0.167439943751188,0.125843363399334,0.43763862196316
"gene-LOC134715375|LOC134715375",11.6768683715212,0.0475967389835204,0.156057965991849,0.379128491638302,0.726548884397107
"gene-LOC134715376|LOC134715376",15.1881150686309,-0.112870643367589,0.161640671191831,0.184251154868299,0.525842229619654
"gene-LOC134715377|LOC134715377",122.580036784119,0.0721148524892304,0.103381960893125,0.366388292938162,0.714879368171943
"gene-LOC134715378|LOC134715378",33.7915264121372,-0.102780366523272,0.177673177215974,0.158892829618272,0.492050230757606
"gene-LOC134715381|LOC134715381",43.6141304592027,0.0388204187535065,0.13416197719048,0.600773616876722,0.863909187532614
"gene-LOC134715382|LOC134715382",31.1010323719393,0.0225974228474064,0.150741558538395,0.645089682225694,0.887853510977293
"gene-LOC134715383|LOC134715383",90.2296827156051,0.119299845405123,0.12286088135752,0.170463204446321,0.508796613162854
"gene-LOC134715387|LOC134715387",8.64985624323459,0.00605918618886358,0.152488475760301,0.869007305608309,NA
"gene-LOC134715389|LOC134715389",34.2302068123817,0.0488560337541515,0.126836678952181,0.538648248675411,0.831461154911253
"gene-LOC134715394|LOC134715394",178.611687784899,0.205372657983166,0.162708187016703,0.047794602750209,0.255412432482241
"gene-LOC134715395|LOC134715395",31.0306220815068,0.0866803713146895,0.152983274980026,0.272883105595172,0.631178425069443
"gene-LOC134715396|LOC134715396",70.2440201187343,0.101769224085579,0.117132966811538,0.230160060697319,0.583004633792467
"gene-LOC134715400|LOC134715400",7.58484451239629,0.0123866409988654,0.152253257617165,0.760646608717528,NA
"gene-LOC134715402|LOC134715402",6.76367242809375,-0.0212284163068158,0.156191913577325,0.485504267102495,NA
"gene-LOC134715410|LOC134715410",33.2518158135291,-0.00228484293557851,0.118968172541794,0.976480141649187,0.995073589829788
"gene-LOC134715411|LOC134715411",7.72867842618084,-0.0914201474563291,0.186883882989341,0.0812674997351861,NA
"gene-LOC134715412|LOC134715412",1310.27108900716,0.611095744831075,0.16068465360544,1.02213217970539e-05,0.0021003167692656
"gene-LOC134715413|LOC134715413",151.715756799582,0.0235707356078322,0.118998961882756,0.765045157574588,0.930914547039183
"gene-LOC134715415|LOC134715415",12.0661489323761,0.0315005446774341,0.138911508659153,0.651163951705663,0.890489463801211
"gene-LOC134715416|LOC134715416",147.014075599512,0.257035068160848,0.0909874489336502,0.00113953073560153,0.0359347068603056
"gene-LOC134715423|LOC134715423",13.402285797376,-0.00769634505506513,0.133318644782867,0.913950411903441,0.98134698001751
"gene-LOC134715424|LOC134715424",78.5585527124167,-0.0382802838669464,0.147873337943041,0.530572219526057,0.826270826092971
"gene-LOC134715426|LOC134715426",11.0666006039538,-0.0116793846820343,0.126806335574236,0.875955899419509,NA
"gene-LOC134715433|LOC134715433",61.3966054413882,-0.00311794363840372,0.107774959788794,0.968145565810946,0.995073589829788
"gene-LOC134715435|LOC134715435",9.89088421523387,0.0371690586511689,0.140581978871346,0.589731025023228,NA
"gene-LOC134715438|LOC134715438",31.2692950168386,-0.106651831819617,0.138976274779602,0.222602450577909,0.575494359838129
"gene-LOC134715440|LOC134715440",38.8419992107078,0.0375605963694381,0.132430862490477,0.61953694526503,0.87407538014136
"gene-LOC134715441|LOC134715441",82.4234087138073,-0.0735218468827954,0.121041350719398,0.3740303508093,0.722071603695068
"gene-LOC134715442|LOC134715442",15.9608620667973,0.0123923219052109,0.123914917347604,0.872100369439727,0.966991510133865
"gene-LOC134715452|LOC134715452",24.8094769640426,0.112016878020046,0.15545164211518,0.196041594088609,0.539898380607194
"gene-LOC134715454|LOC134715454",16.1069255582899,-0.144937453071281,0.156908075446055,0.122447292132494,0.433016211074858
"gene-LOC134715455|LOC134715455",150.168056289098,0.0727429292493451,0.155771065472575,0.301865084476156,0.661330506194431
"gene-LOC134715456|LOC134715456",21.5734160234895,0.200143382158513,0.25999903105635,0.153095767597221,0.482782197818958
"gene-LOC134715464|LOC134715464",201.733064018045,0.0693626180101949,0.133340911698563,0.390932670992818,0.73610437901988
"gene-LOC134715470|LOC134715470",10.1017599800599,0.0949046235968533,0.178773373798506,0.15087318172811,NA
"gene-LOC134715471|LOC134715471",22.864922816798,0.0151033960457604,0.126598707253958,0.843583726327384,0.95511677644643
"gene-LOC134715472|LOC134715472",16.4619683706959,0.514303130230229,0.256947943534474,0.00263439034397286,0.058910686873051
"gene-LOC134715474|LOC134715474",97.2672022920321,-0.127523557621388,0.0965917387062919,0.103473934106804,0.398265232785705
"gene-LOC134715475|LOC134715475",31.1978973500598,0.0175101907164996,0.112302399462397,0.823270940798205,0.948153298297698
"gene-LOC134715476|LOC134715476",33.4947190808937,-0.041207147852673,0.117324784358844,0.603776201943877,0.865448786314694
"gene-LOC134715478|LOC134715478",231.323208482559,-0.0159989289320429,0.102689988064816,0.836625736064583,0.9523420190728
"gene-LOC134715480|LOC134715480",25.0748220726985,-0.127811391368275,0.148816628730596,0.157043726809601,0.489409362205113
"gene-LOC134715481|LOC134715481",11.4407160027466,0.0396135510021076,0.144816881665831,0.546985922642566,0.836325817968771
"gene-LOC134715482|LOC134715482",70.3406723852358,-0.00952896667587405,0.10734720521996,0.903500314469331,0.978481247369403
"gene-LOC134715483|LOC134715483",14.4124885055085,0.0318905371577189,0.155890000881729,0.443527679576751,0.779245620816482
"gene-LOC134715491|LOC134715491",40.2647952509241,0.0544250931770435,0.120606026261986,0.498048426418188,0.80632202571024
"gene-LOC134715500|LOC134715500",35.3758248888814,-0.0151867394844659,0.114801945349316,0.847132807581183,0.956699253750037
"gene-LOC134715503|LOC134715503",14.6670714149831,-0.037514279617493,0.127003171951621,0.62929395929833,0.878886761835204
"gene-LOC134715507|LOC134715507",64.2678395334015,0.137911996185475,0.24887243177747,0.013588009257688,0.120551001353026
"gene-LOC134715508|LOC134715508",16.3111505415104,-0.0779524621656285,0.173038422596768,0.160672184829066,0.494913838182374
"gene-LOC134715511|LOC134715511",215.564861509586,0.0307798762237711,0.0777144572953667,0.647498930894541,0.888724022796429
"gene-LOC134715512|LOC134715512",478.097302934903,0.534620457713028,0.284910112230466,0.00316066971923476,0.0644506893595178
"gene-LOC134715518|LOC134715518",9.97566249859688,0.0517384160721715,0.156111902368451,0.366472392161578,NA
"gene-LOC134715522|LOC134715522",9.86022271277158,0.0609477709710847,0.154586322742412,0.350669246089372,NA
"gene-LOC134715525|LOC134715525",16.8321676761896,0.0916491001034379,0.172838221097617,0.183305181599733,0.525295157570623
"gene-LOC134715528|LOC134715528",5.76616309005957,0.00860096412617273,0.156524974914589,0.636395585683704,NA
"gene-LOC134715529|LOC134715529",91.8853845676893,0.126916230539197,0.124245571090781,0.148803232690308,0.475126111397124
"gene-LOC134715536|LOC134715536",16.0209203490179,-0.0861321756220254,0.142739530555005,0.297315821568416,0.659109190682189
"gene-LOC134715541|LOC134715541",10.1002460982351,0.058360279047024,0.166641836940378,0.175549014355587,NA
"gene-LOC134715544|LOC134715544",810.346654323538,0.011397432526113,0.0989962778265756,0.875054099562117,0.968565528099164
"gene-LOC134715545|LOC134715545",24.4708120301272,-0.0207285147324748,0.148835759945197,0.693791284157109,0.908204508399908
"gene-LOC134715548|LOC134715548",18.9720684690708,0.00180786803258446,0.140998485391191,0.987413969369538,0.99704656962612
"gene-LOC134715550|LOC134715550",18.3872524273163,0.169593616827381,0.205469891345719,0.0798916557599587,0.341978153323737
"gene-LOC134715555|LOC134715555",105.565256233311,0.0354574586862346,0.11275257187771,0.657652119401591,0.893761414134044
"gene-LOC134715557|LOC134715557",54.3263271031052,0.021667862790648,0.113826859005946,0.784422234504791,0.937103808252
"gene-LOC134715563|LOC134715563",219.036691420192,-0.000574358290844537,0.0672386596084025,0.991462588276652,0.997554712787997
"gene-LOC134715564|LOC134715564",25.291071007005,-0.168901688480928,0.142887934313993,0.0789390829970781,0.33952866893409
"gene-LOC134715565|LOC134715565",38.5545702587274,0.43709490249366,0.169878827700143,0.000920155654825037,0.0317374071079292
"gene-LOC134715575|LOC134715575",35.9755633065262,0.251082307805702,0.279537671127304,0.0337962311514502,0.208606581816606
"gene-LOC134715577|LOC134715577",187.53364919357,-0.0264332055325295,0.102778770087394,0.734500972861864,0.921921372263905
"gene-LOC134715579|LOC134715579",55.1496339024179,0.0931314559296508,0.110337573903607,0.25961217252223,0.618109215245852
"gene-LOC134715580|LOC134715580",15.2765401171555,0.0195556523408624,0.14232389498721,0.757113638769349,0.927940003302421
"gene-LOC134715581|LOC134715581",15.7837502200515,-0.0329923712186053,0.150456051568104,0.548383383056044,0.836442377350525
"gene-LOC134715591|LOC134715591",91.7835563397415,-0.0257731559988213,0.105060901229552,0.742564651409597,0.922809345788751
"gene-LOC134715592|LOC134715592",33.0779923368818,-0.0959796013739566,0.138590505506281,0.260762158531193,0.61841211833347
"gene-LOC134715595|LOC134715595",36.3165090954877,-0.130045049004612,0.190011241515191,0.118923701072027,0.42702591647622
"gene-LOC134715596|LOC134715596",80.9654826363015,0.0285482710088825,0.106373969041341,0.718029455629965,0.918614962935921
"gene-LOC134715600|LOC134715600",9.26095984879187,-0.0514379531929417,0.151930942402611,0.411688742123906,NA
"gene-LOC134715606|LOC134715606",39.8706951677753,-0.136455380839187,0.154502799363281,0.139623275461316,0.460829152688385
"gene-LOC134715607|LOC134715607",149.482715783146,-0.00222916795001814,0.0928084448342011,0.975510095837186,0.995073589829788
"gene-LOC134715609|LOC134715609",110.942671583588,0.00412391259706404,0.132173010979888,0.958749178174736,0.993195169444879
"gene-LOC134715610|LOC134715610",42.9823353909,-0.0325117997785753,0.11533702019628,0.681884709492338,0.905106397054843
"gene-LOC134715613|LOC134715613",42.5822198842648,-0.0820990337903369,0.124381036556273,0.327323393374397,0.682951200718935
"gene-LOC134715615|LOC134715615",37.7999139466784,0.0939826627293207,0.132474946123071,0.27094079220946,0.628813953901412
"gene-LOC134715616|LOC134715616",10.8162079506684,-0.0918894288855117,0.161680364438472,0.230770731868634,NA
"gene-LOC134715618|LOC134715618",25.1741200447503,0.112925552592849,0.139529326122111,0.204746712026085,0.55217466367746
"gene-LOC134715621|LOC134715621",37.8699024055009,0.167389058307239,0.143444216158333,0.0808521843043848,0.343822653621105
"gene-LOC134715627|LOC134715627",11.2056745369498,0.00121336567262285,0.153239849658955,0.97772649356497,NA
"gene-LOC134715630|LOC134715630",33.0423007075932,-0.0209732815169506,0.145715010663324,0.714814730802121,0.917833064948501
"gene-LOC134715631|LOC134715631",37.5833783765683,0.0735346515891057,0.156550068798315,0.299987799880419,0.661248784615699
"gene-LOC134715632|LOC134715632",29.759281354216,-0.0324864953125997,0.138737975735403,0.638101947915499,0.884175562004032
"gene-LOC134715633|LOC134715633",13.2932918418011,-0.0108608223652928,0.134865215477098,0.876385405193242,0.969702107187937
"gene-LOC134715639|LOC134715639",40.4653388172632,-0.0685495826024915,0.158850361177625,0.296569452196374,0.6584138763597
"gene-LOC134715640|LOC134715640",14.0549066289986,-0.0981158663022525,0.176394339395207,0.164786204525284,0.500209153002026
"gene-LOC134715644|LOC134715644",64.8845035625356,0.435898349642076,0.5258462892081,0.0116282601382445,0.109250762655778
"gene-LOC134715646|LOC134715646",26.7914714789448,-0.190198489846223,0.149495424971534,0.0564779865581487,0.282168450490516
"gene-LOC134715647|LOC134715647",30.5696185026769,-0.0557222652363524,0.16682579323148,0.145470895941387,0.470141860551312
"gene-LOC134715648|LOC134715648",10.1960105071777,0.0652377680188903,0.168145456817944,0.182276691558545,NA
"gene-LOC134715663|LOC134715663",7.40620491273314,0.00424945888032579,0.154783724738088,0.882342606424412,NA
"gene-LOC134715664|LOC134715664",28.6045495425478,0.00126515332147098,0.15338873968974,0.980069084482733,0.995964714564617
"gene-LOC134715667|LOC134715667",44.3209774937233,0.174415243272292,0.133982438518138,0.0642377003763376,0.300656981188296
"gene-LOC134715677|LOC134715677",25.0193024934604,0.0953701233990995,0.172524978615454,0.184789973108217,0.526201219803013
"gene-LOC134715679|LOC134715679",101.732281268096,-0.20014552209036,0.210289324754104,0.0576242318826806,0.284989407680649
"gene-LOC134715685|LOC134715685",616.094340467019,-0.0862054118857761,0.134356891314195,0.259874848587677,0.618109215245852
"gene-LOC134715686|LOC134715686",9.06290087764457,-0.0180908899427047,0.155440624114982,0.561778169745896,NA
"gene-LOC134715691|LOC134715691",18.2335502905775,0.0551116907247621,0.138810762741862,0.469196866668263,0.793344379095317
"gene-LOC134715692|LOC134715692",10.0638058854582,0.0180637863887768,0.133899194498766,0.800987557624228,NA
"gene-LOC134715693|LOC134715693",18.9773999944972,0.235204632672477,0.20321278832496,0.0391363294934624,0.229980091211582
"gene-LOC134715706|LOC134715706",26.3915745968517,0.0389717006930049,0.13475686853468,0.597490324279286,0.861916670851489
"gene-LOC134715708|LOC134715708",7.79318070075213,0.00285814774825398,0.148198439882788,0.956810202926522,NA
"gene-LOC134715709|LOC134715709",71.6163277638136,0.109543854354686,0.0992609153314222,0.168145847678292,0.504992479825894
"gene-LOC134715710|LOC134715710",19.1763030792072,-0.0265138425312745,0.131569294305663,0.719496954371457,0.918664055811524
"gene-LOC134715712|LOC134715712",31.1630449124319,0.0458054938526588,0.126506306014646,0.561781989307925,0.844253162553628
"gene-LOC134715713|LOC134715713",10.525871608192,0.0404904042671397,0.153582958746738,0.45082684650845,NA
"gene-LOC134715714|LOC134715714",28.6103183890784,0.107342405102455,0.187746004128317,0.121875200585366,0.432745277440794
"gene-LOC134715715|LOC134715715",14.8949616183438,0.11814230927118,0.170376083343444,0.164059561939332,0.499789291991175
"gene-LOC134715718|LOC134715718",23.7166190751457,-0.129601679783801,0.176245841946797,0.138231810132758,0.457184128009174
"gene-LOC134715720|LOC134715720",23.1446202575102,-0.163066085668692,0.176166174065295,0.0949436123514267,0.377051627605105
"gene-LOC134715721|LOC134715721",20.8763692171544,-0.0976790864424072,0.147930211983353,0.245253189637548,0.601564427412853
"gene-LOC134715722|LOC134715722",35.5413707859905,-0.00947437748331435,0.1107570189847,0.904302935273541,0.978496636265068
"gene-LOC134715723|LOC134715723",24.7746002195233,-0.00396482756874729,0.151877681061202,0.918756753579634,0.982131130710269
"gene-LOC134715724|LOC134715724",9.0168837252302,-0.0415497920327773,0.150444766714686,0.484875277961972,NA
"gene-LOC134715727|LOC134715727",20.1863981678486,0.00486215598830258,0.147485819192055,0.922452058621559,0.983116205832622
"gene-LOC134715729|LOC134715729",33.5580190879516,0.414968182235961,0.149011268142418,0.000533549373091146,0.0242332553047288
"gene-LOC134715731|LOC134715731",18.3953402278981,0.0920406323746078,0.165763801756028,0.215596004592259,0.568202957903472
"gene-LOC134715732|LOC134715732",57.2550909201035,-0.00074942220658819,0.111189254412153,0.991917040941785,0.997554712787997
"gene-LOC134715733|LOC134715733",23.2073766308704,-0.0273112236959614,0.122036037448403,0.726668293378375,0.919270819558614
"gene-LOC134715735|LOC134715735",24.2308242174907,0.136689468926636,0.218032256853021,0.0702857853550238,0.316186760389478
"gene-LOC134715736|LOC134715736",36.8617156444044,0.102987063818086,0.13661478048453,0.233278046445251,0.586880393308155
"gene-LOC134715737|LOC134715737",6.91241395813276,0.0193637271748737,0.154146574160591,0.606438036354723,NA
"gene-LOC134715738|LOC134715738",16.8518794243555,-0.0143361218774898,0.127512974716313,0.843718356599645,0.95511677644643
"gene-LOC134715739|LOC134715739",11.8088503140657,0.0405779069935693,0.15906144489104,0.313872516575294,0.673240722288025
"gene-LOC134715749|LOC134715749",15.8933365983065,0.00941501999612202,0.155346117465631,0.725485359897044,0.919270819558614
"gene-LOC134715750|LOC134715750",226.103580248953,0.0764608464970736,0.119925727994412,0.358073741127016,0.709685666141597
"gene-LOC134715752|LOC134715752",19.0701947372519,0.0069223911338372,0.153939965306407,0.832347360032694,0.95105951595356
"gene-LOC134715754|LOC134715754",32.9942836538831,-0.30541368239682,0.23010134001889,0.018402697553869,0.148951948434746
"gene-LOC134715755|LOC134715755",28.746596318688,0.0364670266853206,0.145957790066852,0.567495641430567,0.84663160786424
"gene-LOC134715757|LOC134715757",72.7112231827679,0.137169987639195,0.105287512347892,0.0960706873509415,0.379634167757753
"gene-LOC134715763|LOC134715763",7.65314596423266,0.0504501174151821,0.163304874823334,0.216026427617288,NA
"gene-LOC134715768|LOC134715768",171.923168348893,0.016390521043727,0.137701433245274,0.81003880248469,0.944730052361585
"gene-LOC134715769|LOC134715769",74.726130344846,0.0640405093137188,0.136969562176646,0.41845142552277,0.757924293679675
"gene-LOC134715770|LOC134715770",130.921361577542,1.36389119610806,0.260362619174151,0.00559287823132076,0.074450333271415
"gene-LOC134715773|LOC134715773",17.6624168579452,0.028068737574997,0.152846714858189,0.550434333027973,0.837535654226439
"gene-LOC134715778|LOC134715778",7.91126239280531,0.00222508478307051,0.148683665571937,0.964690563129358,NA
"gene-LOC134715779|LOC134715779",31.0109007883317,0.0851433472588435,0.14291264265693,0.301432380174762,0.661330506194431
"gene-LOC134715780|LOC134715780",10.7442373755566,-0.0230289684216363,0.137553376846721,0.737745915378374,NA
"gene-LOC134715781|LOC134715781",43.2329058833077,-0.00298915194797144,0.113765959516386,0.968463322983413,0.995073589829788
"gene-LOC134715782|LOC134715782",21.4068374236032,0.00847813322437804,0.1418006248059,0.893500629510898,0.975254009504506
"gene-LOC134715788|LOC134715788",36.2567821209166,-0.0792055691040752,0.121472775475467,0.34144158801341,0.696873143289187
"gene-LOC134715796|LOC134715796",9.68241715233295,0.0385229417954718,0.151380725767428,0.48901761844383,NA
"gene-LOC134715803|LOC134715803",10.9085832224342,0.165008160394207,0.213925432820988,0.0791421299041375,NA
"gene-LOC134715806|LOC134715806",15.2658582569831,-0.0528999350420108,0.161325989767541,0.274343741914676,0.632494319199987
"gene-LOC134715807|LOC134715807",8.94368255167644,0.0139843719699521,0.156700907891633,0.511374199504559,NA
"gene-LOC134715809|LOC134715809",277.653615199738,0.00546286190957428,0.115615436758893,0.98228364195401,0.995964714564617
"gene-LOC134715810|LOC134715810",19.6348598853042,-0.138622620161773,0.171724238955877,0.129762999601628,0.443242755954268
"gene-LOC134715813|LOC134715813",15.7315529351947,0.072593015963217,0.169051660713606,0.194139459541834,0.538149850862264
"gene-LOC134715814|LOC134715814",10.5163030602582,0.00717743674523381,0.143529121349059,0.903937701245307,NA
"gene-LOC134715823|LOC134715823",34.4627304070101,0.271073139242592,0.160317692869032,0.0149520858774419,0.129057977018028
"gene-LOC134715825|LOC134715825",45.4523723410271,0.117226406410458,0.180889710548401,0.144715211429151,0.46923424149864
"gene-LOC134715826|LOC134715826",68.7442291973446,-0.399799509214247,0.210727495892819,0.0046872191519656,0.0716735266279098
"gene-LOC134715827|LOC134715827",36.1260198659666,0.209215849514207,0.174557970465476,0.0487776881641905,0.259144181489486
"gene-LOC134715828|LOC134715828",18.3296867847319,0.0658034828936869,0.14836187858891,0.371591855619977,0.719883740034722
"gene-LOC134715835|LOC134715835",11.9580773781862,0.0169295686928086,0.156485527848401,0.500968509262584,0.80632202571024
"gene-LOC134715836|LOC134715836",13.8684982116112,-0.0524964776692941,0.140674856474988,0.477274806471636,0.796791709893797
"gene-LOC134715845|LOC134715845",785.180791842335,-0.146200341543908,0.150017903940088,0.117314866687112,0.424385829586047
"gene-LOC134715849|LOC134715849",16.8488790727604,0.0188091748604587,0.131620602846014,0.79831924725696,0.941198150106762
"gene-LOC134715855|LOC134715855",5.75307832788878,0.000260928252075318,0.15551946513679,0.993303246191104,NA
"gene-LOC134715857|LOC134715857",21.9420045038494,0.316315502367917,0.275045947363139,0.020208329550535,0.156984218581595
"gene-LOC134715861|LOC134715861",125.055776995127,0.15214054516403,0.117606707556081,0.0829559323725193,0.348153610081909
"gene-LOC134715862|LOC134715862",41.1355780806029,0.0198993982403946,0.125158139760602,0.794667574156276,0.940131876210256
"gene-LOC134715865|LOC134715865",51.8630007454601,-0.0554013598469212,0.123170549182946,0.492962672524538,0.804553477832771
"gene-LOC134715868|LOC134715868",87.2419167634519,0.1133209496779,0.130184360243186,0.199672041347742,0.545650323202537
"gene-LOC134715870|LOC134715870",30.8714083388048,-0.00207656435634169,0.151196585452116,0.957713475702361,0.993195169444879
"gene-LOC134715873|LOC134715873",11.3180725445179,-0.0465541748784721,0.16251377498559,0.218833166124878,0.572161539995442
"gene-LOC134715877|LOC134715877",16.5339433246289,-0.137369147314293,0.1837104258344,0.119688591163743,0.428805582515773
"gene-LOC134715883|LOC134715883",16.5573246142855,-0.0270309568350386,0.153400240229929,0.541836728080707,0.83319560871633
"gene-LOC134715894|LOC134715894",11.6605825406073,0.0139698966163995,0.137988533403418,0.83636046116473,0.9523420190728
"gene-LOC134715896|LOC134715896",264.104320415351,0.373360346389359,0.184720318965029,0.00420291835118517,0.0704988071886869
"gene-LOC134715897|LOC134715897",25.6211509121239,0.398457673567205,0.212395745455727,0.00502502964418632,0.0733169146754874
"gene-LOC134715898|LOC134715898",88.6813203001929,-0.0841829509361951,0.139516297845278,0.307674301369636,0.666627652967545
"gene-LOC134715901|LOC134715901",35.5871558691693,0.0226801090049856,0.159072734640156,0.129039946863544,0.442641067054807
"gene-LOC134715902|LOC134715902",16.5985696089229,0.118516814447878,0.187828458107107,0.127456155332567,0.44004559757567
"gene-LOC134715905|LOC134715905",91.771369310368,0.0264279288319652,0.12766067284576,0.728753910288127,0.91996876903198
"gene-LOC134715906|LOC134715906",43.9963094844572,0.0923165731184613,0.171219074721985,0.190020056098392,0.53440519088157
"gene-LOC134715907|LOC134715907",14.2946240438343,0.225182005604064,0.229022244484474,0.0446316808230116,0.244878386599986
"gene-LOC134715908|LOC134715908",50.7272254942762,0.205788946525289,0.186263824225199,0.0534566975937636,0.274162792200187
"gene-LOC134715915|LOC134715915",18.3959194613398,0.037342892114878,0.151712151288404,0.496512606337782,0.806167645986122
"gene-LOC134715918|LOC134715918",14.6620569840474,0.018769834613481,0.152460644470383,0.659107957621261,0.894421762750398
"gene-LOC134715923|LOC134715923",37.3191119923288,-0.00724781735427353,0.130885373208935,0.919746198979092,0.982242039915728
"gene-LOC134715926|LOC134715926",9.75964060956408,-0.0810758499766866,0.150235991601463,0.302432413906671,NA
"gene-LOC134715934|LOC134715934",20.0206252201553,0.061187830180438,0.141632264916631,0.415335597441331,0.755047875485525
"gene-LOC134715935|LOC134715935",8.12630134955525,0.0628713125215999,0.165050210478077,0.230231117354962,NA
"gene-LOC134715943|LOC134715943",52.0021098038635,-0.028907344522871,0.122042214622505,0.710495801900707,0.915698832395632
"gene-LOC134715945|LOC134715945",123.518679936708,0.0746331859191389,0.144183657456643,0.345474941957665,0.699798983770127
"gene-LOC134715947|LOC134715947",7.59691326889914,0.0244986152099906,0.156147115902816,0.471411111817202,NA
"gene-LOC134715950|LOC134715950",11.8285851532646,0.080440264037144,0.178402517491382,0.108494593736143,0.409769694442841
"gene-LOC134715951|LOC134715951",76.3081804282051,0.0288415973716202,0.122919741632944,0.712215157605539,0.916378992026017
"gene-LOC134715960|LOC134715960",7.6202217966274,-0.0387335335981737,0.156314140817682,0.401075343901079,NA
"gene-LOC134715961|LOC134715961",33.9027405182339,0.0850662530866322,0.111315626876041,0.299843156822028,0.661248784615699
"gene-LOC134715963|LOC134715963",12.1605999922502,0.151801190405733,0.267430511557256,0.0169790374699117,0.14064560296923
"gene-LOC134715964|LOC134715964",11.3162517785419,0.0642187637159553,0.163623991969739,0.251597533380365,0.607304390918123
"gene-LOC134715969|LOC134715969",27.2232332265568,0.461544501822021,0.216225087487054,0.00240191780551473,0.0566772571047494
"gene-LOC134715970|LOC134715970",16.1510169128601,-0.0675577488962083,0.148076592785288,0.363182081465731,0.712857211332275
"gene-LOC134715971|LOC134715971",9.081022584622,-0.274955054835554,0.290141797594639,0.0280255316102596,NA
"gene-LOC134715972|LOC134715972",29.6430020282511,-0.0654206391414135,0.155145177900223,0.330848512113849,0.686328062567856
"gene-LOC134715976|LOC134715976",9.75565409337256,-6.39700366862081e-05,0.153191186507483,0.995907154852029,NA
"gene-LOC134715979|LOC134715979",23.3578547593575,-0.0182894273134745,0.143480109638325,0.763516501850496,0.929942660953663
"gene-LOC134715986|LOC134715986",9.12847548144948,-0.00718125372673516,0.151451199665967,0.862775845630479,NA
"gene-LOC134715988|LOC134715988",8.22954855562942,0.0349974105233711,0.144479434962401,0.584838773312889,NA
"gene-LOC134715993|LOC134715993",131.423862003867,-0.216297426658407,0.129566483872622,0.0244233909911824,0.173829050965176
"gene-LOC134715995|LOC134715995",31.6052969493004,0.120934208727113,0.126089295940588,0.168912521162357,0.506101956634155
"gene-LOC134715997|LOC134715997",9.69327038634962,0.038193034168837,0.156892833707392,0.389815829169589,NA
"gene-LOC134715998|LOC134715998",13.7648721956121,0.053695565325925,0.157001608326,0.349483662373656,0.70360648840714
"gene-LOC134716000|LOC134716000",98.9709515285677,0.070053494824943,0.124689789221929,0.395299137726392,0.738010564562593
"gene-LOC134716002|LOC134716002",14.2551154684012,0.0627188908439515,0.157965637473445,0.316801767441368,0.674555396989266
"gene-LOC134716004|LOC134716004",8.70861428415058,0.0246093709661276,0.152102876709226,0.59877581560507,NA
"gene-LOC134716006|LOC134716006",359.735481801179,0.283146773144267,0.151983504554317,0.0099832655089057,0.0999071782821385
"gene-LOC134716008|LOC134716008",19.3589627646566,-0.0383869257181073,0.126681027551992,0.615813827739963,0.872145629579647
"gene-LOC134716009|LOC134716009",32.6888541979629,0.0431012957445056,0.134924267639866,0.56498351653053,0.846213261297784
"gene-LOC134716012|LOC134716012",18.7680438062679,0.277931339678507,0.28607330595407,0.0278638173972605,0.187228393270622
"gene-LOC134716013|LOC134716013",92.6859187737077,0.0467200778102053,0.0947771906418708,0.539229372400759,0.831486001629709
"gene-LOC134716016|LOC134716016",7.45986269305329,-0.00469095429196225,0.153732320540511,0.88380563047838,NA
"gene-LOC134716018|LOC134716018",19.3878129827993,0.061396020410926,0.141059783575056,0.42186600285167,0.760484987099641
"gene-LOC134716020|LOC134716020",113.918499374636,0.0166223455629052,0.106510618924731,0.833473061547951,0.951814880254651
"gene-LOC134716022|LOC134716022",19.3629296240531,0.0190150103130691,0.127356686386129,0.799621909436506,0.941503486006864
"gene-LOC134716024|LOC134716024",9.01369355005895,0.0345836618212619,0.149646838076928,0.544352888939107,NA
"gene-LOC134716027|LOC134716027",142.70121379694,0.0267804636814267,0.116702820185152,0.724601534196446,0.919270819558614
"gene-LOC134716028|LOC134716028",42.4991977403091,0.306120578275339,0.15287047898596,0.00648718842851126,0.0799291881810769
"gene-LOC134716030|LOC134716030",19.9488928799325,0.0274301675316852,0.123338905337955,0.724167567603583,0.919175680236973
"gene-LOC134716033|LOC134716033",57.235225745846,-0.0462921303213265,0.107534583838043,0.560562916386707,0.843752874016389
"gene-LOC134716036|LOC134716036",148.300571711979,-0.306668186934604,0.172391081604896,0.00982240716624184,0.0990011608369628
"gene-LOC134716039|LOC134716039",8.92473834559454,0.00969027154408344,0.15453116730765,0.764508155741663,NA
"gene-LOC134716040|LOC134716040",13.2159548924689,-0.0553622432693926,0.161219394915644,0.278166789413377,0.636923957068012
"gene-LOC134716042|LOC134716042",11.5004278437433,0.0477318972899535,0.162990270845008,0.207379185773341,0.557324279074184
"gene-LOC134716048|LOC134716048",2144.46518334535,-0.0559257635528758,0.128583156272515,0.480304303008411,0.797844258383848
"gene-LOC134716050|LOC134716050",156.634275768092,0.176563888082225,0.175261901096095,0.0787268275827936,0.339348715583551
"gene-LOC134716051|LOC134716051",1067.80643359933,0.168900279882248,0.0808086349572707,0.0166392054669467,0.138543018677862
"gene-LOC134716052|LOC134716052",18.3911663670552,-0.393428788532232,0.280491585874741,0.010075521621975,0.10043986343033
"gene-LOC134716053|LOC134716053",7.63670777546252,-0.00727410090980182,0.155823752860472,0.742714536348197,NA
"gene-LOC134716055|LOC134716055",15.932951019022,0.438611784277995,0.207848039174204,0.00276149256364276,0.0598323388789265
"gene-LOC134716057|LOC134716057",24.375716929021,0.126776432480629,0.149660948233519,0.161674721565952,0.496391031835766
"gene-LOC134716058|LOC134716058",47.6887698758375,-0.0725790694484915,0.104325228839415,0.363461341546331,0.712857211332275
"gene-LOC134716060|LOC134716060",20.8562101780128,0.0647535221635041,0.164441764893216,0.23992115148058,0.594899857894625
"gene-LOC134716067|LOC134716067",79.4932408751777,0.115425107529412,0.117867411123144,0.177960647639311,0.519247734701624
"gene-LOC134716069|LOC134716069",40.5392795041796,-0.0338016260098261,0.129052993829016,0.656345157664116,0.893549616225779
"gene-LOC134716070|LOC134716070",25.5548270020515,-0.204416018806275,0.1735568212341,0.0522105329956607,0.270611143354238
"gene-LOC134716071|LOC134716071",8.39062622287552,0.0636571199428619,0.171922183759918,0.0869397593436098,NA
"gene-LOC134716072|LOC134716072",9.78285020959675,0.0508188019918507,0.165775632785016,0.127499171769268,NA
"gene-LOC134716078|LOC134716078",48.8997017800179,0.0439112375336983,0.137428293163954,0.553003697751275,0.839922163728093
"gene-LOC134716080|LOC134716080",12.8372956239973,0.406324099492065,0.475171925149329,0.0132905040726495,0.119072448583372
"gene-LOC134716082|LOC134716082",9.48134257851166,-0.0569424129522893,0.151269534183573,0.392975349229799,NA
"gene-LOC134716083|LOC134716083",10.7572850993468,0.264471881021936,0.293804205042388,0.0303870396977191,NA
"gene-LOC134716085|LOC134716085",26.1839726672293,0.0225276123522607,0.128614143762317,0.765343669600137,0.930943504439124
"gene-LOC134716086|LOC134716086",354.974933857617,0.0456083697248601,0.0730029762027675,0.478583244191854,0.796862739129877
"gene-LOC134716087|LOC134716087",8.22861574348376,-0.0722592589091636,0.167953037833432,0.205798672112909,NA
"gene-LOC134716089|LOC134716089",77.7372218306651,-0.264647316110211,0.171051293558507,0.0190722541141029,0.152243431963453
"gene-LOC134716090|LOC134716090",30.6790458415578,0.164443386886285,0.126024565732584,0.0720747495058024,0.321060247798574
"gene-LOC134716094|LOC134716094",33.4073116872389,0.343855863679276,0.158497439936505,0.0036970253524519,0.0674786575791365
"gene-LOC134716096|LOC134716096",21.9057148414363,-0.0985681405687245,0.147437375772209,0.243882807097965,0.600111414063771
"gene-LOC134716098|LOC134716098",12.4826190189708,0.00158448840152329,0.146571963836697,0.98251475073129,0.995964714564617
"gene-LOC134716099|LOC134716099",8.40059061929016,0.0378625968316694,0.155334747073559,0.429553762134862,NA
"gene-LOC134716100|LOC134716100",78.5732899584874,0.264168152503931,0.128149081649154,0.00772833773024504,0.0871900394699788
"gene-LOC134716101|LOC134716101",65.6254281681763,0.0176685042088466,0.103788396289501,0.819600157580573,0.947588510304588
"gene-LOC134716102|LOC134716102",7.42886908687797,-0.0163054875329385,0.15351649081575,0.661695941719874,NA
"gene-LOC134716104|LOC134716104",6.36142230635098,0.0363394307968433,0.160290323512277,0.240059947719782,NA
"gene-LOC134716106|LOC134716106",57.4173995268328,-0.0513322301171424,0.122005079448376,0.522459175549369,0.821947381637313
"gene-LOC134716109|LOC134716109",61.6239628305047,-0.0546159915039948,0.114119801035893,0.498684984018805,0.80632202571024
"gene-LOC134716110|LOC134716110",7.40735717323316,0.000132695542828626,0.154169468970454,0.979278614242324,NA
"gene-LOC134716111|LOC134716111",12.7754768020359,0.0693357456948235,0.16815793795651,0.200921896804183,0.546954052411388
"gene-LOC134716114|LOC134716114",26.7450418573453,-0.0312143708157332,0.12422065092907,0.687609720676863,0.906613082139324
"gene-LOC134716119|LOC134716119",9.36794952891203,0.0296445472259861,0.156206529713656,0.440710144743,NA
"gene-LOC134716121|LOC134716121",37.4142880854007,0.0256682150666568,0.138923151865873,0.706961989364671,0.914756829626844
"gene-LOC134716122|LOC134716122",21.412900767152,0.0697650212706888,0.16471499349941,0.241991469423242,0.597062367622924
"gene-LOC134716124|LOC134716124",219.112325620398,-0.194854679776017,0.168786160776365,0.0591953247022235,0.288724516350049
"gene-LOC134716125|LOC134716125",9.62068823404961,-0.153381956417365,0.202208369879594,0.0930803490272666,NA
"gene-LOC134716126|LOC134716126",96.0295923152693,0.127682886809602,0.137633716373072,0.157884839164266,0.489642855636016
"gene-LOC134716127|LOC134716127",6.29521028230762,0.0277223829347813,0.158049947971073,0.339841512807811,NA
"gene-LOC134716131|LOC134716131",13.4982004933436,0.0429806210707678,0.151263149020394,0.465795512690365,0.791174649702255
"gene-LOC134716132|LOC134716132",9.03157572585957,0.0262053590377964,0.140706865055691,0.689787676571809,NA
"gene-LOC134716133|LOC134716133",29.2927053716272,0.0955121988793405,0.127727180954107,0.262732346340947,0.620007643296195
"gene-LOC134716134|LOC134716134",8.96058821622911,-0.0125051325336793,0.148683739034257,0.799865203424269,NA
"gene-LOC134716135|LOC134716135",10.674687701035,0.000272346640677475,0.1505604859792,0.995588259372962,NA
"gene-LOC134716138|LOC134716138",22.1503886160555,0.0374060845788764,0.14890211858105,0.529848308904243,0.826226126736848
"gene-LOC134716139|LOC134716139",9.84202796765301,0.0340123261466105,0.140476555916428,0.62377114590384,NA
"gene-LOC134716146|LOC134716146",57.3853623418021,0.499734744898861,0.479797978864315,0.00914169048947314,0.0950615584732939
"gene-LOC134716148|LOC134716148",58.7685371658147,0.772822079519555,0.276615674649805,0.000247447143955968,0.0157623830699952
"gene-LOC134716150|LOC134716150",14.409963501881,0.0653536550103118,0.171582340973423,0.113612925894376,0.417366976901485
"gene-LOC134716152|LOC134716152",24.7881191531665,0.0829264324407045,0.174152992986259,0.161949659850051,0.496926461100589
"gene-LOC134716154|LOC134716154",49.0488936085074,0.00827870041151883,0.133404922368722,0.907848388782229,0.97983636674734
"gene-LOC134716155|LOC134716155",29.4470994904752,-0.0470612607868966,0.12902772839547,0.548602470524079,0.836442377350525
"gene-LOC134716159|LOC134716159",14.4394410957162,0.0714810672753698,0.178085348149192,0.795888228448461,0.940246293623274
"gene-LOC134716163|LOC134716163",120.527985206703,0.135489123128277,0.131997857317931,0.134637597345753,0.450915612561751
"gene-LOC134716164|LOC134716164",405.908782385842,0.100309240805332,0.0909555738313963,0.178217412577052,0.519247734701624
"gene-LOC134716165|LOC134716165",19.892551953178,0.00150373598389613,0.133743442477708,0.983590465201872,0.995964714564617
"gene-LOC134716167|LOC134716167",1421.96116126785,0.102264421559011,0.0907157791590297,0.180318445411268,0.521456743857906
"gene-LOC134716168|LOC134716168",102.081656630622,-0.333970070007629,0.135458093113998,0.00189247092673848,0.0486090314650166
"gene-LOC134716169|LOC134716169",13.6392665685511,0.0365105736882045,0.147020135811663,0.556506243147327,0.84222969086445
"gene-LOC134716170|LOC134716170",10.852224476956,-0.00852829672796599,0.153550906026952,0.803302484774676,NA
"gene-LOC134716172|LOC134716172",14.5718700237241,0.323656934285339,0.222899220357635,0.0142993411521889,0.125380239997539
"gene-LOC134716173|LOC134716173",132.873550438692,-0.0855678260820005,0.11526672192727,0.3019072389346,0.661330506194431
"gene-LOC134716178|LOC134716178",35.9954225225104,0.144931567343183,0.146191599678215,0.119867245810021,0.429204247223066
"gene-LOC134716179|LOC134716179",57.0145912240747,0.0604573634064654,0.103043260047963,0.445424078456067,0.780078735931532
"gene-LOC134716181|LOC134716181",15.5611396003619,0.0102809258820142,0.129631096108462,0.889053589162418,0.974745501370844
"gene-LOC134716182|LOC134716182",34.2391755667927,-0.0242729872028332,0.147237455145299,0.66459399583195,0.897681033386242
"gene-LOC134716184|LOC134716184",9.86402182074534,0.0508151819469818,0.151140219491507,0.425523185316928,NA
"gene-LOC134716186|LOC134716186",609.669808548233,0.0947104482255205,0.107511487685625,0.246752880744829,0.603018867214081
"gene-LOC134716189|LOC134716189",45.694935876911,0.517053426207627,0.413389553574815,0.00746867216654128,0.0861873943856304
"gene-LOC134716194|LOC134716194",7.63615247798069,-0.0141815007304369,0.149275001994787,0.770982044016001,NA
"gene-LOC134716196|LOC134716196",97.5348489588681,-0.140023662354657,0.168887308269068,0.127674938502911,0.44004559757567
"gene-LOC134716197|LOC134716197",9.10514576519063,-0.00288450374376567,0.148475932992015,0.950880142143277,NA
"gene-LOC134716199|LOC134716199",18.4538325656797,0.0254641757858764,0.141802938602297,0.692816664824554,0.908204508399908
"gene-LOC134716201|LOC134716201",8.82115486639952,0.00269652980043977,0.152900143318484,0.947277446876354,NA
"gene-LOC134716202|LOC134716202",15.1098409461891,0.060606057148358,0.157931802558981,0.322598647151503,0.67977286879096
"gene-LOC134716204|LOC134716204",13.2598893919427,0.101922024690081,0.154784948102088,0.223847629847606,0.576220603039401
"gene-LOC134716206|LOC134716206",12.2245037142829,0.00574391743779099,0.137182246079922,0.932944459290787,0.987013550100481
"gene-LOC134716210|LOC134716210",27.1345782798843,-0.198753621117454,0.162300219875162,0.0539468109289791,0.275574326878586
"gene-LOC134716211|LOC134716211",29.1195858567449,0.0158206260383982,0.137732645492534,0.816569047121779,0.946574899510975
"gene-LOC134716214|LOC134716214",13.9952332935304,0.00959695544238026,0.154896554469697,0.742054147193654,0.922809345788751
"gene-LOC134716215|LOC134716215",18.8262141291427,0.00634836312233279,0.123428527836606,0.932959059929012,0.987013550100481
"gene-LOC134716220|LOC134716220",11.1768908663523,-0.0866501759435025,0.15239791134649,0.274300081554587,NA
"gene-LOC134716221|LOC134716221",16.0561196583897,0.0399801782949063,0.16192607779092,0.178272338428956,0.519247734701624
"gene-LOC134716222|LOC134716222",7.54846636461715,-0.0165619517967325,0.156968244969286,0.44799928064457,NA
"gene-LOC134716225|LOC134716225",28.4929470605243,-0.106755635162352,0.155629932264129,0.209067503485985,0.55862415990173
"gene-LOC134716226|LOC134716226",32.3226806409259,0.133438684526962,0.209866942355695,0.0828558742650637,0.348153610081909
"gene-LOC134716227|LOC134716227",46.068157131979,-0.0817845840365478,0.154171573027244,0.28328380442258,0.643731942070458
"gene-LOC134716229|LOC134716229",11.5741958143233,0.0500448574762265,0.15220410805602,0.419089773267548,0.758409618100648
"gene-LOC134716232|LOC134716232",925.15198907336,0.0136581331771195,0.125308803730612,0.853073290573728,0.958433229634255
"gene-LOC134716234|LOC134716234",7.56378586117773,0.0422757670080265,0.160120533232157,0.284455676104566,NA
"gene-LOC134716237|LOC134716237",37.4062615421439,-0.0110568860903452,0.157399895061707,0.336109315300903,0.691242561689766
"gene-LOC134716246|LOC134716246",31.3283795363366,-0.262447113822963,0.338620564045062,0.0277806772023417,0.187169502947786
"gene-LOC134716247|LOC134716247",15.2187917341384,-0.0340692969543161,0.134888989453989,0.640344504446162,0.88431229896669
"gene-LOC134716254|LOC134716254",13.6507930853206,-0.0792246375214468,0.148341293359898,0.312218528417522,0.671902711493112
"gene-LOC134716258|LOC134716258",7.88362260095231,0.0134718315458881,0.145806198642419,0.808097832824708,NA
"gene-LOC134716266|LOC134716266",6.12451240744827,0.00923900769549747,0.156619121676356,0.604724255296659,NA
"gene-LOC134716268|LOC134716268",32.9024212299015,-0.0550917898035469,0.136631090121335,0.473318532019256,0.795503607539599
"gene-LOC134716269|LOC134716269",13.6228995627219,0.022440314857028,0.155906184061429,0.494618915804677,0.805221989650214
"gene-LOC134716271|LOC134716271",11.2168180574472,-0.113925531964074,0.199597500091943,0.0822056761281798,NA
"gene-LOC134716272|LOC134716272",250.535426586754,0.0641505316316007,0.113872082452133,0.430557423379218,0.767639429237256
"gene-LOC134716275|LOC134716275",292.362649924935,0.0209437016659378,0.069968307408361,0.725882641582039,0.919270819558614
"gene-LOC134716276|LOC134716276",51.97395079023,0.144802667290073,0.152190591894448,0.122563301188064,0.433016211074858
"gene-LOC134716278|LOC134716278",14.4988095284441,0.0439987354284379,0.156165876904255,0.390261530870701,0.735856102066047
"gene-LOC134716279|LOC134716279",13.4789466471279,1.08820153500169,0.423878426409874,0.000396544754880367,0.0217757766257581
"gene-LOC134716281|LOC134716281",22.645357942009,0.111961477908086,0.159954159043428,0.191201356544616,0.535248137838717
"gene-LOC134716300|LOC134716300",9.93166267331353,-0.0213575580761929,0.150293519305138,0.663569327979101,NA
"gene-LOC134716302|LOC134716302",33.4013764597919,-0.159986301573804,0.154063100426587,0.0965525674094569,0.380593969305842
"gene-LOC134716306|LOC134716306",8.782505495111,0.0475707595598459,0.165480693343468,0.0940026781587652,NA
"gene-LOC134716320|LOC134716320",112.621296785166,0.00641972203475544,0.101915692034653,0.93653930960112,0.987871402907623
"gene-LOC134716323|LOC134716323",15.8399670886457,0.0130067470028771,0.150211855207406,0.793317764221385,0.93946448995995
"gene-LOC134716324|LOC134716324",16.0978172772269,-0.0105069549710172,0.130005522412841,0.886687742473972,0.974331709428877
"gene-LOC134716325|LOC134716325",80.3685357381021,-0.0538209757946189,0.109260546522284,0.499755739640292,0.80632202571024
"gene-LOC134716326|LOC134716326",11.746869636544,-0.0084997246943235,0.147885255872298,0.865773741162137,0.964151816146661
"gene-LOC134716328|LOC134716328",8.80618052504594,0.00969097982112571,0.155221282313192,0.722439079946726,NA
"gene-LOC134716331|LOC134716331",46.8116127575537,0.216548651067949,0.259689535544791,0.0451825017936707,0.246837509799041
"gene-LOC134716332|LOC134716332",54.2373364816612,0.239422930168411,0.124336623522849,0.0125718503256987,0.114855240667248
"gene-LOC134716333|LOC134716333",48.7048461470929,-0.339428184333296,0.166728448705012,0.00480857632537142,0.0720115487007835
"gene-LOC134716334|LOC134716334",17.9391193317276,0.0498095835974238,0.159050023679076,0.321708457179533,0.679470448353324
"gene-LOC134716335|LOC134716335",48.0722397446078,0.215858394148996,0.319832155194577,0.0327970441813402,0.204823050830597
"gene-LOC134716336|LOC134716336",25.6034782681079,0.174313361987696,0.154405594167132,0.0768728309637278,0.335397214547223
"gene-LOC134716339|LOC134716339",49.5552142162293,0.182281053462245,0.136665521431307,0.0571857043856412,0.28370166428079
"gene-LOC134716341|LOC134716341",36.2517582744009,-0.0402294801366057,0.117422652458132,0.616442518325502,0.872145629579647
"gene-LOC134716346|LOC134716346",60.4033784875225,-0.000947007272621198,0.102866036863728,0.988773894170593,0.99704656962612
"gene-LOC134716347|LOC134716347",650.414126720977,-0.0630800767578335,0.0788365946347285,0.353287228710004,0.70635268263739
"gene-LOC134716349|LOC134716349",94.7371074081836,0.52556109961223,0.401454829304146,0.00688433579565618,0.081525680445346
"gene-LOC134716352|LOC134716352",16.2967440025453,-0.067249070097037,0.14502647542131,0.374184986467413,0.722071603695068
"gene-LOC134716353|LOC134716353",17.0156005578002,0.0201842996702726,0.146452567627492,0.722836045650641,0.918664055811524
"gene-LOC134716361|LOC134716361",16.0095080590269,0.0233831849545304,0.156446543179265,0.460824652258974,0.78761820093632
"gene-LOC134716364|LOC134716364",8.02106379077618,-0.000773197397596924,0.15497376903584,0.973779753985526,NA
"gene-LOC134716366|LOC134716366",12.1507580318699,0.0543640532186348,0.160567437453959,0.290749785946936,0.651735924717475
"gene-LOC134716368|LOC134716368",23.2850014951666,5.84574639259538e-05,0.13715252864346,0.999693106275967,0.999944971219475
"gene-LOC134716370|LOC134716370",32.2098664437088,-0.0676803509760903,0.153964368428582,0.33144211815096,0.686373957289212
"gene-LOC134716374|LOC134716374",52.8563423608466,-0.0871527997235798,0.163186251731455,0.232060737783151,0.585589754069761
"gene-LOC134716375|LOC134716375",9.11475828685401,-0.00225997739095073,0.153200020851317,0.94532522854933,NA
"gene-LOC134716383|LOC134716383",47.0829282704653,0.0860858481984226,0.164069633160202,0.23299405536924,0.586496848908381
"gene-LOC134716385|LOC134716385",37.2905713488803,-0.0947071586190352,0.196039107387881,0.0252866358040569,0.17781675015316
"gene-LOC134716388|LOC134716388",52.6742576324528,0.00442167137278752,0.131644817301812,0.953830757873465,0.993195169444879
"gene-LOC134716390|LOC134716390",10.6539171472499,-0.0422859186747153,0.155413790087767,0.400944258016125,NA
"gene-LOC134716392|LOC134716392",72.7626805577811,0.10919614811886,0.118661841534063,0.200013991324556,0.545880451664923
"gene-LOC134716393|LOC134716393",49.1386210559619,0.0761944402546018,0.161797579360505,0.262042880334678,0.619589905759705
"gene-LOC134716395|LOC134716395",21.9468818426504,0.184614838236764,0.274182678782246,0.0427773377502424,0.239524389560431
"gene-LOC134716397|LOC134716397",31.123940165511,0.213963011002791,0.214219720491777,0.0503085048725465,0.264847252924067
"gene-LOC134716399|LOC134716399",21.8044702034272,0.0616556201020725,0.127190206918212,0.448631595822958,0.781041759539082
"gene-LOC134716406|LOC134716406",16.947181180497,0.0184156185943613,0.148279764448119,0.725562942370871,0.919270819558614
"gene-LOC134716407|LOC134716407",76.9306445378739,-0.0510548176471888,0.159113042365382,0.317213104076763,0.674846429670296
"gene-LOC134716408|LOC134716408",30.8884240040267,-0.0648958725248114,0.15364810558739,0.341121962217006,0.696873143289187
"gene-LOC134716410|LOC134716410",10.5584296190039,-0.0589185107669014,0.140800354888494,0.437834443800132,NA
"gene-LOC134716413|LOC134716413",9.35330407610311,0.0382556376006917,0.161162557837147,0.205094987612128,NA
"gene-LOC134716418|LOC134716418",33.8382929943353,-0.104299863965115,0.139836120088769,0.226627378544774,0.57865852465011
"gene-LOC134716429|LOC134716429",18.1870776467855,0.00083249099579835,0.145990207550087,0.98265561892591,0.995964714564617
"gene-LOC134716452|LOC134716452",9.9980218922982,0.0375773100890747,0.160461054314542,0.240420566201778,NA
"gene-LOC134716486|LOC134716486",13.4961822025317,0.0100041311018327,0.131301726164028,0.891679149793973,0.975070935959626
"gene-LOC134716528|LOC134716528",10.8793499200695,-0.00288381186107684,0.144126574301393,0.958688767007822,NA
"gene-LOC134716562|LOC134716562",17.1413547925961,0.000139266418201218,0.153316340308278,0.994792149674789,0.998554363918753
"gene-LOC134716567|LOC134716567",17.3273854539416,0.0618146427901292,0.144235191676637,0.395122687959861,0.738010564562593
"gene-LOC134716587|LOC134716587",8.77083160628292,0.0841004125014854,0.175485466322955,0.154937543174981,NA
"gene-LOC134716595|LOC134716595",1091.10701084062,0.179629645650104,0.104628520770051,0.0326457390560724,0.204477244628496
"gene-LOC134716651|LOC134716651",31.2564658237351,0.328472595861457,0.218032217659294,0.0129955958345662,0.116924128284797
"gene-LOC134716658|LOC134716658",25.2776975140049,0.00707971444968164,0.149607655449744,0.883364541140671,0.973366567560296
"gene-LOC134716667|LOC134716667",56.6437133690212,0.00136403270347925,0.117837728156269,0.985375948835133,0.996640964445824
"gene-LOC134716707|LOC134716707",10.4435522381859,-0.0222020894869922,0.147897760465428,0.684355829677921,NA
"gene-LOC134716725|LOC134716725",9.93223228686294,-0.0243806091049832,0.144774704842095,0.686964907191978,NA
"gene-LOC134716741|LOC134716741",74.6262766478102,0.188218895872503,0.226453501982537,0.0621936682824251,0.295211376273508
"gene-LOC134716743|LOC134716743",19.5903138901761,0.0252974104849692,0.136092073487934,0.721422386814005,0.918664055811524
"gene-LOC134716750|LOC134716750",14.3053581601586,0.00361787260661028,0.151092144559382,0.933926157737229,0.987133535099325
"gene-LOC134716777|LOC134716777",14.5567882612096,0.110941150183647,0.159595952845392,0.193259398152189,0.537310174139996
"gene-LOC134716778|LOC134716778",7.84986797139173,0.00914070118491326,0.147817301137379,0.861312468988911,NA
"gene-LOC134716784|LOC134716784",11.9285586549237,0.0334949169440867,0.153517361705941,0.489901513647947,0.801817225574877
"gene-LOC134716798|LOC134716798",28.0153291141719,-0.043111547521004,0.133405282489885,0.568202272244493,0.847050894967803
"gene-LOC134716823|LOC134716823",20.0136158825889,-0.205650001879998,0.232004264172706,0.0540443961263218,0.275638164645836
"gene-LOC134716834|LOC134716834",16.495814637322,0.0405462661121898,0.16147491590151,0.21124046031064,0.561603394064597
"gene-LOC134716853|LOC134716853",9.71526672765431,-0.00684664377165749,0.15487703206442,0.80167587458287,NA
"gene-LOC134716854|LOC134716854",175.238457788835,0.117123765131054,0.154607870073306,0.183894537108711,0.525295157570623
"gene-LOC134716885|LOC134716885",55.8255205212474,0.0533015302993024,0.145619439885242,0.450401690046437,0.781546926068048
"gene-LOC134716897|LOC134716897",226.44613287602,-0.0816049506412338,0.160541866838026,0.27184154172195,0.629454969381614
"gene-LOC134716902|LOC134716902",41.9900345562188,0.149588681871177,0.142741270649739,0.111035927257634,0.413529013531349
"gene-LOC134716916|LOC134716916",62.0614469485898,0.0614025730358063,0.107852246703178,0.445265236964945,0.780078735931532
"gene-LOC134716918|LOC134716918",12.2670665211624,-0.0394360982791762,0.129393097592733,0.619780750585932,0.87422572657936
"gene-LOC134717044|LOC134717044",46.5508807621541,-0.0233570572583151,0.149099246619434,0.653925577121157,0.892064949401631
"gene-LOC134717060|LOC134717060",37.3602847966099,0.0273406957222715,0.140319004711337,0.684017737791349,0.905487482548216
"gene-LOC134717170|LOC134717170",250.929396981373,0.2489444099149,0.108146048673573,0.00477933349917829,0.0719724690065384
"gene-LOC134717207|LOC134717207",12.4595943765093,0.0309399532608917,0.150582703762924,0.562639625145671,0.844329547247998
"gene-LOC134717301|LOC134717301",20.3209092084937,-0.00323448336899475,0.141450117961502,0.957131696328216,0.993195169444879
"gene-LOC134717350|LOC134717350",208.31741584525,-0.031279224357414,0.153142778832652,0.514774340289153,0.814281735197891
"gene-LOC134717428|LOC134717428",135.293200444087,0.029598109808679,0.132518577485168,0.687843781020741,0.906613082139324
"gene-LOC134717458|LOC134717458",13.7694952531168,-0.0631629860332021,0.151862082211213,0.361847754621609,0.712857211332275
"gene-LOC134717477|LOC134717477",61.4434261603991,-0.000763102337805922,0.113773741126457,0.989507966364637,0.99704656962612
"gene-LOC134717516|LOC134717516",14.1361313838834,-0.0034945525530715,0.152119380799682,0.924728386151708,0.983116205832622
"gene-LOC134717555|LOC134717555",818.999560180688,-0.000207762712957004,0.154161926768301,0.988012388897302,0.99704656962612
"gene-LOC134717588|LOC134717588",74.737714277963,0.15541654063964,0.177250334916779,0.103182056173637,0.398265232785705
"gene-LOC134717636|LOC134717636",1609.16160762734,-0.00250950609942698,0.154505216325295,0.923389031512989,0.983116205832622
"gene-LOC134717686|LOC134717686",624.42729465608,-0.0034322596193833,0.15331908804905,0.915082643540107,0.98134698001751
"gene-LOC134717762|LOC134717762",17.2599733849779,-0.0406738473816003,0.145478182660702,0.533243334359439,0.827169848041837
"gene-LOC134717773|LOC134717773",191.823673256545,-0.107865587656719,0.0918582125019235,0.155441146312339,0.486369973485709
"gene-LOC134717816|LOC134717816",141.07793616577,-0.00355951972338738,0.15677680134896,0.738579458840627,0.922644850023034
"gene-LOC134717828|LOC134717828",14454.3497070775,-0.174974172661044,0.228721897396084,0.0684064955718286,0.312141387387212
"gene-LOC134717829|LOC134717829",4039.25654945791,-0.1582425423617,0.219405677331596,0.0775254637581421,0.337320494630714
"gene-LOC134717830|LOC134717830",4325.96953539508,-0.139962966155713,0.194567061792199,0.106513499717095,0.40525985889468
"gene-LOC134717831|LOC134717831",4816.45878440524,-0.100416265887979,0.170184997399349,0.177444215443912,0.519209762231382
"gene-LOC134717884|LOC134717884",18.8767597139123,0.0802576256728787,0.173346298749861,0.165359976622186,0.500934983306775
"gene-LOC134717897|LOC134717897",12.9154538978474,0.0825471474079882,0.149294216980221,0.298494858788769,0.66021258697377
"gene-LOC134717898|LOC134717898",125.291136931572,-0.00283758787040282,0.133213627061985,0.965925985583712,0.994785200451026
"gene-LOC134717931|LOC134717931",15.2617327079554,0.0479821316838629,0.149453061340536,0.457558021313936,0.785830303523799
"gene-LOC134717980|LOC134717980",38.9384590413462,-0.00073389922463256,0.156702661261108,0.942612069484509,0.991119214751809
"gene-LOC134718010|LOC134718010",34.9938879352513,-0.0324963896394421,0.114215453195479,0.68173233274986,0.905106397054843
"gene-LOC134718014|LOC134718014",75.5439854639022,-0.0122687201831048,0.134419989326289,0.85726721466607,0.960195569331655
"gene-LOC134718015|LOC134718015",47.2963372870127,-0.0257596542485254,0.142070992588393,0.690160360220396,0.907206251465935
"gene-LOC134718034|LOC134718034",10.6365292145749,0.0953692848883035,0.166029917161694,0.206080136408311,NA
"gene-LOC134718037|LOC134718037",48.8103194397577,-0.00373255190677714,0.101535009838622,0.960596883746954,0.993195169444879
"gene-LOC134718149|LOC134718149",18.9714997929852,0.0180003926731143,0.129294197918927,0.80872780346947,0.944553741859282
"gene-LOC134718200|LOC134718200",2639.34103068522,-0.00151506158107244,0.135163860739301,0.961841684211553,0.99405051976258
"gene-LOC134718202|LOC134718202",11.0171889062786,0.0121417912929663,0.154873380981178,0.687872413129777,NA
"gene-LOC134718208|LOC134718208",11.1429463434432,0.0232649809288324,0.144307731798174,0.704941154877961,NA
"gene-LOC134718223|LOC134718223",255.971384058622,-0.0599666080677212,0.167796274861305,0.157400657514764,0.489409362205113
"gene-LOC134718224|LOC134718224",1722.60894026877,-0.0305845274577006,0.147539049647171,0.597191340127275,0.861916670851489
"gene-LOC134718225|LOC134718225",19.6303595736446,0.135806743417753,0.160761860819757,0.138611189634364,0.458200974556772
"gene-LOC134718261|LOC134718261",56.678323077555,0.127582560997953,0.13169037577137,0.153987013049852,0.484154626420314
"gene-LOC134718276|LOC134718276",21.3040234223155,-0.259126167895736,0.170304373138975,0.0216777292501363,0.16283860297567
"gene-LOC134718286|LOC134718286",26.3448389155858,-0.0151715971500074,0.141135764558981,0.809417547934406,0.944730052361585
"gene-LOC134718400|LOC134718400",30.1710513325443,0.00608874249716225,0.140542159123681,0.922351241495941,0.983116205832622
"gene-LOC134718427|LOC134718427",18.0038023507512,0.337532188629203,0.229021180926731,0.0127932776170462,0.11603193618497
"gene-LOC134718428|LOC134718428",95.2695492665787,0.179331870375209,0.115938495726008,0.0436583382003869,0.241862866432241
"gene-LOC134718429|LOC134718429",10.0582959920093,0.00280431393783683,0.151962655485036,0.942138298728616,NA
"gene-LOC134718433|LOC134718433",18.6086732529714,-0.386556306208927,0.992776135888473,0.0113369260528547,0.107304931584969
"gene-LOC134718434|LOC134718434",41.7810186306264,0.0929749478968802,0.156826186275908,0.244872687278352,0.60109403389715
"gene-LOC134718435|LOC134718435",51.6229925184402,0.0342580217332912,0.154315670385167,0.47757468577308,0.796791709893797
"gene-LOC134718440|LOC134718440",233.749873029369,0.0580948072881136,0.123654032624431,0.475418275373017,0.796112897525551
"gene-LOC134718451|LOC134718451",8.94033130464916,0.0117478797084073,0.153662166219304,0.740092058143717,NA
"gene-LOC134718452|LOC134718452",15.136388500992,0.0678940615474802,0.132841858458507,0.401436062502006,0.743140865486132
"gene-LOC134718457|LOC134718457",22.5049075071232,0.042426366739448,0.12981813260018,0.583656063422298,0.855674191341356
"gene-LOC134718460|LOC134718460",20.2069299725139,-0.0841074517994284,0.144034274743336,0.3015392117786,0.661330506194431
"gene-LOC134718464|LOC134718464",23.5320917574017,0.030303491569758,0.149300132852855,0.5863731803212,0.857483277926089
"gene-LOC134718465|LOC134718465",60.381369624502,0.237394303593256,0.138489602904328,0.019009431116137,0.152123211318835
"gene-LOC134718466|LOC134718466",33.5186120113655,0.0177839848294559,0.112160800425744,0.817556824882415,0.946574899510975
"gene-LOC134718469|LOC134718469",18.9888223248625,-0.0624783661648711,0.160093597213029,0.292920723308307,0.653476856237743
"gene-LOC134718470|LOC134718470",7.13969207358992,0.000853213011745675,0.152555456898953,0.985549449605133,NA
"gene-LOC134718471|LOC134718471",37.8012294632868,0.057255074096933,0.156407450559282,0.347588759226919,0.701688133468584
"gene-LOC134718473|LOC134718473",13.3541221537888,-0.148778453363037,0.269135913145695,0.0101981539285192,0.101233382798489
"gene-LOC134718484|LOC134718484",68.8785406439957,0.0125772655088844,0.111793611351851,0.87306752203724,0.9673752157553
"gene-LOC134718485|LOC134718485",16.7721793870363,0.0134978086763356,0.140980354773921,0.83210758265863,0.95105951595356
"gene-LOC134718486|LOC134718486",18.5134227966618,-0.0214970685700885,0.15664552953478,0.451741193819751,0.782143172231234
"gene-LOC134718490|LOC134718490",204.475028833445,0.053396114466286,0.145517641685874,0.450977990435082,0.782063141272941
"gene-LOC134718500|LOC134718500",64.3519123842731,-0.070406733461497,0.0979064293478824,0.364374109905477,0.712857211332275
"gene-LOC134718501|LOC134718501",80.3885681994888,0.0693162814898416,0.178447400344765,0.0162021116855867,0.13597819688694
"gene-LOC134718515|LOC134718515",35.4490679545143,0.0162141340191465,0.125007886630984,0.832386189847544,0.95105951595356
"gene-LOC134718516|LOC134718516",16.0598962227798,0.09476568734938,0.176179588772952,0.163749423443841,0.499265371260122
"gene-LOC134718517|LOC134718517",105.278225849207,0.0848818459408912,0.140442250525702,0.306319686401632,0.665730604700919
"gene-LOC134718519|LOC134718519",53.7047964417738,0.43284782438163,0.265270588146507,0.00646429928040769,0.0799291881810769
"gene-LOC134718520|LOC134718520",26.2260963330871,-0.0200892385459234,0.129667146637498,0.786513402116141,0.937926817357699
"gene-LOC134718530|LOC134718530",34.4457491621296,0.0336159594979861,0.113531624834111,0.672193187420281,0.902451523506895
"gene-LOC134718538|LOC134718538",41.3520533741457,0.0717785621706763,0.178067673103757,0.046161693972625,0.251043392757919
"gene-LOC134718548|LOC134718548",80.8108185483263,-0.0432878582654678,0.134722962379856,0.565227651859067,0.846264897675565
"gene-LOC134718551|LOC134718551",16.3897062205475,0.0690758183434956,0.1482608741668,0.35482410913645,0.708012407337132
"gene-LOC134718553|LOC134718553",46.5036699836293,0.0716244608818747,0.113616174021917,0.383082078324703,0.730827445021969
"gene-LOC134718562|LOC134718562",8.12825363181632,-0.0369502249926224,0.158481375038349,0.331068530407436,NA
"gene-LOC134718570|LOC134718570",9.38820100748108,0.00513965199254609,0.154790498382781,0.854892753137427,NA
"gene-LOC134718571|LOC134718571",8.15911757285971,-0.00356383072807362,0.153553837215121,0.912481734492258,NA
"gene-LOC134718580|LOC134718580",18.9636594683806,-0.0812987841166745,0.172106385669902,0.177772866469267,0.519247734701624
"gene-LOC134718591|LOC134718591",7.89398562589461,-0.0138964401870249,0.15451430927117,0.668632445640045,NA
"gene-LOC134718601|LOC134718601",7.21017775901897,0.0127619911133189,0.156044902783503,0.599795150250175,NA
"gene-LOC134718603|LOC134718603",7.9877676591612,-0.0211016150567375,0.154481521219304,0.569278155934264,NA
"gene-LOC134718610|LOC134718610",30.5972051108047,-0.021421551176733,0.150175223321035,0.664025973441621,0.897409032721971
"gene-LOC134718611|LOC134718611",23.2985413350429,0.0138363073571741,0.146980202329611,0.798271508371785,0.941198150106762
"gene-LOC134718615|LOC134718615",12.3014785954132,-0.0256961852066577,0.148951411776574,0.6326555485493,0.880863556910875
"gene-LOC134718618|LOC134718618",12.631999250204,0.021926004341122,0.156648304128697,0.455090639320959,0.78423951225737
"gene-LOC134718619|LOC134718619",39.1772512844463,-0.0609819518676235,0.138177014640226,0.427324160436848,0.764793619971791
"gene-LOC134718621|LOC134718621",17.1135675119182,-0.0859030432794172,0.175879241166006,0.155455143801712,0.486369973485709
"gene-LOC134718623|LOC134718623",143.019716435855,0.208486485015237,0.132118708739545,0.0308510053273458,0.19919934546559
"gene-LOC134718624|LOC134718624",116.765750865049,0.0798218765195383,0.130373753213622,0.338822229522756,0.694930742699872
"gene-LOC134718625|LOC134718625",15.1312443264717,0.102024393541044,0.187485022741502,0.114297646923966,0.418760565471892
"gene-LOC134718629|LOC134718629",27.0777825910135,0.0138451680024677,0.149881971035587,0.773149765015304,0.932853633900032
"gene-LOC134718639|LOC134718639",8.21828877349195,0.22233188485431,0.38395804086351,0.0213763893014032,NA
"gene-LOC134718642|LOC134718642",9.92765937682952,0.0962701159625947,0.183582817066296,0.12313027112575,NA
"gene-LOC134718643|LOC134718643",29.8778595749664,-0.042907476932994,0.151726280823445,0.459296850782931,0.787317501623052
"gene-LOC134718651|LOC134718651",70.5200362520236,0.500286296937664,0.162146407350881,0.00016313626718679,0.0122256237879983
"gene-LOC134718654|LOC134718654",17.3967131060872,0.0447752540681473,0.156832005032448,0.371695073936295,0.719883740034722
"gene-LOC134718655|LOC134718655",8.33081949038935,0.0870242668292806,0.16848479406593,0.20906179966037,NA
"gene-LOC134718657|LOC134718657",13.1844463061192,0.0909719868195679,0.161510043072339,0.23528689024773,0.589373767549366
"gene-LOC134718665|LOC134718665",16.1994340268598,0.029623993570703,0.156986621480015,0.407326722839107,0.747097962708065
"gene-LOC134718671|LOC134718671",9.79295686358777,0.0640267846463109,0.169819191734906,0.141064578927718,NA
"gene-LOC134718672|LOC134718672",20.2913595618628,0.508801623803161,0.305804034630829,0.00466956671790029,0.0716735266279098
"gene-LOC134718676|LOC134718676",11.123638239756,0.0125014356446781,0.155965457570082,0.609588711714638,NA
"gene-LOC134718684|LOC134718684",21.8890487705032,-0.0383065202521663,0.123467608772749,0.626656936180807,0.878671512980793
"gene-LOC134718690|LOC134718690",1177.33840489399,0.360370385453135,0.159458710365764,0.0026731322395605,0.058910686873051
"gene-LOC134718691|LOC134718691",60.5972230564771,-0.00588790318134787,0.119283760061798,0.943913400441866,0.991568457415189
"gene-LOC134718692|LOC134718692",43.3879603272118,0.0194359921557243,0.140641559388622,0.767157257032717,0.931502256871707
"gene-LOC134718694|LOC134718694",8.92839100822892,0.0170601405052217,0.156128829021639,0.533854364023495,NA
"gene-LOC134718696|LOC134718696",21.2060530621444,0.0359901950587861,0.162539118225217,0.0475106177649306,0.254749692897818
"gene-LOC134718698|LOC134718698",8.34149084526905,0.0247835020444256,0.15836863664062,0.291456361847668,NA
"gene-LOC134718703|LOC134718703",30.5804916602415,0.101550937967487,0.161931511959282,0.208483073771674,0.558020799674987
"gene-LOC134718710|LOC134718710",81.3064398702937,-0.0469015978809762,0.136528910585373,0.533509631897074,0.827169848041837
"gene-LOC134718713|LOC134718713",16.2248861815413,-0.0102247754899957,0.144872267469599,0.856547817395899,0.960195569331655
"gene-LOC134718714|LOC134718714",197.989263890332,-0.0173456934892426,0.129511241429399,0.710132080013585,0.915565463591943
"gene-LOC134718719|LOC134718719",125.385047629179,-0.00149828933767946,0.156729519524864,0.888913669802585,0.974745501370844
"gene-LOC134718720|LOC134718720",38.9229975797848,0.00910886261011442,0.125728936359816,0.903915220007014,0.978481247369403
"gene-LOC134718725|LOC134718725",137.431056086748,0.0116182139827215,0.157493408922439,0.784881336356064,0.937103808252
"gene-LOC134718730|LOC134718730",10.874543083501,0.0282566878501016,0.146331555984178,0.635050513798445,NA
"gene-LOC134718731|LOC134718731",376.032807850899,0.0050943184079981,0.156887189805057,0.688096665297332,0.906613082139324
"gene-LOC134718739|LOC134718739",19438.9428908972,-0.14978857003001,0.202529280678866,0.069667870120733,0.314964040219353
"gene-LOC134718743|LOC134718743",19.5465993289215,-0.137607403642676,0.165227788508842,0.13193060653847,0.446782543141974
"gene-LOC134718752|LOC134718752",1270.80568270936,-0.0176593559616927,0.124921114173707,0.817936577653107,0.946802834753824
"gene-LOC134718759|LOC134718759",10.4034004043093,-0.0238245820563113,0.155376613889965,0.507665822349671,NA
"gene-LOC134718761|LOC134718761",39.8155540997033,0.0868124070596426,0.152056136906428,0.275984571405071,0.63397826175633
"gene-LOC134718767|LOC134718767",16.5743798134244,-0.0516369881597942,0.139362320884002,0.489445409805245,0.801482586236353
"gene-LOC134718768|LOC134718768",9.51740817940666,-0.0196403597382136,0.137942589339294,0.771868469425372,NA
"gene-LOC134718769|LOC134718769",15.3721132574515,0.0934054912336151,0.167762223975753,0.204400834734384,0.551710042299328
"gene-LOC134718771|LOC134718771",45.863993366701,-0.0790245038868075,0.133221745206951,0.340216569545739,0.696618305370093
"gene-LOC134718775|LOC134718775",10.8711524827277,-0.0675038844492502,0.161162466975821,0.274976934736173,NA
"gene-LOC134718780|LOC134718780",7.34989596734744,0.00138600357545888,0.155642291132706,0.952852670107754,NA
"gene-LOC134718782|LOC134718782",14.0355679533236,0.0208144497953099,0.158264499595212,0.254347178743888,0.61027215997359
"gene-LOC134718793|LOC134718793",16.4055409905728,0.00470887326431106,0.151544137854584,0.910475905989409,0.980949200438228
"gene-LOC134718796|LOC134718796",10.4397136820743,0.0292540466205721,0.152361808752456,0.553447378962012,NA
"gene-LOC134718802|LOC134718802",14.078141902221,0.0195488034998703,0.144239657771815,0.746249803256296,0.923580623736145
"gene-LOC134718807|LOC134718807",23.8395120242644,-0.00337125638871052,0.137345740077846,0.95890801779866,0.993195169444879
"gene-LOC134718809|LOC134718809",32.4519382489791,0.0196068196099455,0.153919135162181,0.610237689812787,0.868069246116001
"gene-LOC134718813|LOC134718813",8.5756645802991,0.0480785998526752,0.165868488739883,0.0818453231830488,NA
"gene-LOC134718815|LOC134718815",49.0044794591071,0.00406239522099044,0.117722157069591,0.960212463725258,0.993195169444879
"gene-LOC134718817|LOC134718817",10.020061724933,0.0954785663989849,0.164976585493042,0.214064481928706,NA
"gene-LOC134718819|LOC134718819",12.3201028567648,-0.0666751677493072,0.171539338513957,0.124151737389628,0.435728136182882
"gene-LOC134718820|LOC134718820",15.4014910734362,0.002659152003582,0.153883120259708,0.935774372787619,0.987871402907623
"gene-LOC134718822|LOC134718822",87.6811027826497,-0.0687753819077066,0.107100454935361,0.39056977725044,0.735856102066047
"gene-LOC134718823|LOC134718823",37.3306488263997,-0.0138297515736446,0.147686558373862,0.7967196538779,0.940819292107845
"gene-LOC134718833|LOC134718833",32.5630561332668,-0.0166530012160226,0.135221106491272,0.81033424795413,0.944730052361585
"gene-LOC134718844|LOC134718844",58.6685393854341,0.0130570175840476,0.130328142323861,0.859772867307657,0.961781291431668
"gene-LOC134718845|LOC134718845",23.1326467295617,-0.0832408378505814,0.188350526797102,0.700103810557148,0.911440719157537
"gene-LOC134718846|LOC134718846",10.9807132931815,-0.0129818201895783,0.154905219115686,0.666534368918379,NA
"gene-LOC134718847|LOC134718847",13.9280878518398,-0.0734677072540811,0.178803858174016,0.60832943192104,0.867140836352241
"gene-LOC134718850|LOC134718850",58.2353998087357,-0.127785079794922,0.122864952066317,0.145164783442808,0.469990562377494
"gene-LOC134718856|LOC134718856",23.3091285375433,0.0468003718511986,0.121250525755284,0.56013933863715,0.843752874016389
"gene-LOC134718859|LOC134718859",206.872043068867,0.0053515355602963,0.135377975065981,0.938810777942103,0.988596772254934
"gene-LOC134718860|LOC134718860",76.5443590542885,-0.0306669381201566,0.100768077791159,0.692254614077874,0.908085233046964
"gene-LOC134718865|LOC134718865",67.8002838031152,-0.0344710090035638,0.158300851078608,0.338109632019186,0.693865449730096
"gene-LOC134718867|LOC134718867",131.22973704674,0.303106392984524,0.108008842238356,0.000889469825557087,0.0314773488266591
"gene-LOC134718874|LOC134718874",10.0015918222699,-0.174143317072456,0.255127994487054,0.0492763889564818,NA
"gene-LOC134718876|LOC134718876",39.5448379872958,0.00448889713294377,0.112449858281877,0.954575864815124,0.993195169444879
"gene-LOC134718879|LOC134718879",10.6486135213242,0.128696203989747,0.174304702417023,0.142573170876692,NA
"gene-LOC134718880|LOC134718880",33.7562224754016,0.0299754529148064,0.143814390842894,0.631975362616331,0.880700735039603
"gene-LOC134718887|LOC134718887",9.79920142571437,-0.0312095191557575,0.144674808952149,0.619088155981456,NA
"gene-LOC134718888|LOC134718888",55.4275022149717,0.0612974944265272,0.111479212915559,0.45184044667477,0.782143172231234
"gene-LOC134718919|LOC134718919",12.500404685703,-0.038487931689137,0.155893206078316,0.40996922601431,0.749549529041683
"gene-LOC134718932|LOC134718932",97.1765537968931,-0.256057070047892,0.184747232923019,0.0261085789321597,0.180577250594851
"gene-LOC134718937|LOC134718937",55.9243168823429,-0.00416684042022048,0.105137140287728,0.956983876349376,0.993195169444879
"gene-LOC134718943|LOC134718943",37.0078206121863,0.00385280363780803,0.10909702970452,0.960252111116111,0.993195169444879
"gene-LOC134718944|LOC134718944",19.181420802395,0.0196578580002686,0.124779565556479,0.80005625898825,0.941503486006864
"gene-LOC134718948|LOC134718948",11.8168773199641,-0.0030201956610855,0.135344458117629,0.963247173794805,0.994069245097814
"gene-LOC134718953|LOC134718953",8.95980378395247,-0.0121728553204924,0.149545759124686,0.798057371160295,NA
"gene-LOC134718954|LOC134718954",52.3241817223055,0.186258320531205,0.178465088891018,0.0690729871206585,0.313481764039442
"gene-LOC134718956|LOC134718956",82.880088780229,-0.0146033544760514,0.13072332020753,0.840796943495427,0.954174388844174
"gene-LOC134718957|LOC134718957",21.9572564520112,-0.0533073889700224,0.131895090246896,0.497539677182628,0.80632202571024
"gene-LOC134718961|LOC134718961",61.686702930148,0.0729493970419906,0.177682382889799,0.0639886295072822,0.300500593788775
"gene-LOC134718972|LOC134718972",11.5622602103394,0.755309786680875,1.48433456242987,0.00646871499726165,0.0799291881810769
"gene-LOC134718977|LOC134718977",16.910999039795,0.195458024075459,0.197350330626131,0.0625689022803644,0.296109886720595
"gene-LOC134718979|LOC134718979",36.5024548790961,0.0110082394041533,0.099894534685414,0.887059707901774,0.974572324824819
"gene-LOC134718984|LOC134718984",8.66499253718133,0.0014109722983934,0.140036679060229,0.982558609200478,NA
"gene-LOC134718988|LOC134718988",32.6516255766176,0.103678527664173,0.179837776306044,0.152074253315657,0.480882872394544
"gene-LOC134719007|LOC134719007",37.5275244146465,-0.0806682853104654,0.124239116203494,0.336180448369685,0.691242561689766
"gene-LOC134719009|LOC134719009",8.33551610453824,-0.0134883581607616,0.156247977820652,0.573012337500852,NA
"gene-LOC134719019|LOC134719019",15.3950919536073,-0.0138782363199892,0.130751421671011,0.849957110307282,0.957503125573181
"gene-LOC134719022|LOC134719022",25.3098793249615,-0.155836173295151,0.161245650180032,0.104497595641652,0.400511242020048
"gene-LOC134719023|LOC134719023",14.4583228501016,-0.0878802509801098,0.163640259822613,0.230764559026256,0.584016782279401
"gene-LOC134719024|LOC134719024",83.1940632723361,0.23453559303344,0.170291733923029,0.031649449288208,0.202213632864478
"gene-LOC134719034|LOC134719034",15.8941224358951,0.00335097880672873,0.140335457744993,0.959582727916498,0.993195169444879
"gene-LOC134719036|LOC134719036",15.7563213665071,0.00761994753464855,0.153406413659066,0.816706523292946,0.946574899510975
"gene-LOC134719044|LOC134719044",14.0885655723204,-0.182619224940615,0.280098793733943,0.0390436051890643,0.229760119145594
"gene-LOC134719056|LOC134719056",74.007352597852,-0.215382113847384,0.143500650196865,0.0324407833738619,0.203603925307352
"gene-LOC134719058|LOC134719058",50.1946367024517,-0.0109565846944437,0.134943535837491,0.874160256123598,0.968249144758706
"gene-LOC134719063|LOC134719063",33.9869954565076,0.010956642245701,0.125397825113116,0.884935159955726,0.973505184577419
"gene-LOC134719064|LOC134719064",42.2810319930061,-0.0189169617873183,0.122985093021376,0.805223944144603,0.943228489187407
"gene-LOC134719069|LOC134719069",17.6195487956249,-0.0911980832094489,0.140011026422734,0.274563915751948,0.632768503379128
"gene-LOC134719070|LOC134719070",9.3181376954474,0.0548450889653992,0.148192729430995,0.419996630589756,NA
"gene-LOC134719074|LOC134719074",17.1812199137001,-0.0257867122139937,0.157666201738139,0.376160496596079,0.723472935784125
"gene-LOC134719082|LOC134719082",13.0287140380225,-0.180646897599093,0.21665141648063,0.0689371632718669,0.313481764039442
"gene-LOC134719085|LOC134719085",247.490627920991,-0.129535614148458,0.0716231232294047,0.0422268923313308,0.238399851525089
"gene-LOC134719091|LOC134719091",179.401490270584,-0.016824024147886,0.15595382991336,0.542165745389197,0.83319560871633
"gene-LOC134719099|LOC134719099",20.0253889581056,0.163629047146907,0.237634657859764,0.0610809824504563,0.293741579547666
"gene-LOC134719101|LOC134719101",30.3742689434134,0.0390445321210235,0.153015154170499,0.463406262896259,0.788644909070043
"gene-LOC134719102|LOC134719102",27.7345703198304,-0.0415421654370989,0.131902359160543,0.584722123555305,0.856191113824948
"gene-LOC134719107|LOC134719107",28.22915902384,-0.104735508335045,0.141679578040099,0.224616889337262,0.576706805755081
"gene-LOC134719108|LOC134719108",178.43466864886,-0.153575409892854,0.135996166495025,0.096498579235539,0.380593969305842
"gene-LOC134719110|LOC134719110",36.8224889870636,0.0210456058186815,0.157909373409793,0.32336307723285,0.680124401425659
"gene-LOC134719111|LOC134719111",341.856255943867,0.00227928053778322,0.140481126754942,0.983052892121309,0.995964714564617
"gene-LOC134719113|LOC134719113",24.5349518386698,0.0355008044319505,0.14218807951666,0.595578919078705,0.861844096894901
"gene-LOC134719117|LOC134719117",91.6293689844841,-0.361341637754357,0.186641579307988,0.00533947540927329,0.0743549033936444
"gene-LOC134719123|LOC134719123",9.30493188633683,0.00687917281803759,0.149516852045516,0.884226680101871,NA
"gene-LOC134719133|LOC134719133",13.959464341815,-0.0225404775267565,0.157486789894615,0.373620362799854,0.721637874783224
"gene-LOC134719135|LOC134719135",21.8751098025406,0.124997011462992,0.155681887341815,0.163393551304131,0.498475537264039
"gene-LOC134719136|LOC134719136",46.4164894291031,0.134388590268304,0.155256346012713,0.14311298988847,0.46726281168096
"gene-LOC134719143|LOC134719143",19.7844070375787,0.0357925105053541,0.141416731415035,0.600958299263448,0.863909187532614
"gene-LOC134719147|LOC134719147",11.0705269626742,0.00872398285793364,0.140301000011689,0.892159957252981,NA
"gene-LOC134719196|LOC134719196",80.1004064064853,-0.039431706837717,0.141525986665871,0.568789724835508,0.847470564241725
"gene-LOC134719201|LOC134719201",41.3250613324273,-0.0624866858135604,0.117529370752467,0.443774137697678,0.779245620816482
"gene-LOC134719205|LOC134719205",59.5616830225623,-0.0358377394376445,0.107143164704984,0.649387700940862,0.889782674767324
"gene-LOC134719232|LOC134719232",72.4648623385581,0.117036333200057,0.150903468366758,0.185190569838462,0.526635682978126
"gene-LOC134719243|LOC134719243",81.5772348849496,0.310306916090102,0.119315263780007,0.00155392447035492,0.0437986675936319
"gene-LOC134719254|LOC134719254",552.936079855515,0.411356827806777,0.105504802026487,1.1537586110504e-05,0.00229670073512219
"gene-LOC134719261|LOC134719261",43.0409320583504,0.0179573003806664,0.156365658808493,0.503857795920442,0.807511939314804
"gene-LOC134719289|LOC134719289",13.2890272403553,-0.107623267800561,0.202273988511563,0.0514690922543665,0.268019362373059
"gene-LOC134719300|LOC134719300",21.944671323631,0.0261962882529661,0.158066323165831,0.335321122521398,0.690903694851549
"gene-LOC134719347|LOC134719347",10.6760418203391,0.000960835768762308,0.147044994864437,0.986426859082927,NA
"gene-LOC134719370|LOC134719370",151.030127508191,0.037705171325791,0.144879154285794,0.566332814598572,0.846361619922557
"gene-LOC134719371|LOC134719371",30.7097882326578,-0.098823077150596,0.143969537391072,0.246409214053767,0.602543836285028
"gene-LOC134719430|LOC134719430",75.5392201006751,0.0311505693316629,0.154898055060437,0.474542644213152,0.795503607539599
"gene-LOC134719432|LOC134719432",16.6222631012208,-0.0118100238837951,0.151897252766594,0.770904292468878,0.932699020517902
"gene-LOC134719439|LOC134719439",161.041579040942,0.0301513134473036,0.125490409578632,0.69652943955653,0.909385638445399
"gene-LOC134719452|LOC134719452",113.056839242979,0.0024498257643924,0.156935686007563,0.817322511072677,0.946574899510975
"gene-LOC134719453|LOC134719453",2532.37510462838,-0.00101615278412332,0.134370672414944,0.991238544133225,0.997554712787997
"gene-LOC134719493|LOC134719493",681.025029968655,0.0817949065272416,0.177523752064805,0.126227435365645,0.437707546695243
"gene-LOC134719498|LOC134719498",96.1830550000248,0.0692171901875642,0.123602780205285,0.398506794782135,0.740948126900817
"gene-LOC134719585|LOC134719585",81.7485857503391,-0.00440573457947281,0.154862305553054,0.86226065208854,0.962769562454688
"gene-LOC134719593|LOC134719593",20.2430547846963,0.170285570998753,0.1856734127511,0.0847142156930062,0.352468683190366
"gene-LOC134719597|LOC134719597",717.929293942111,-0.0245680080656727,0.13580435309438,0.778275438586636,0.934005335233767
"gene-LOC134719604|LOC134719604",12.5587420103345,-0.00214028709581617,0.150656065559446,0.958096503263446,0.993195169444879
"gene-LOC134719614|LOC134719614",212.029925415326,0.445936493583557,0.176512952367971,0.000960351746477684,0.0328894657261444
"gene-LOC134719631|LOC134719631",246.044751767598,0.00832895087846043,0.13808130487508,0.902261384044064,0.977948786176737
"gene-LOC134719644|LOC134719644",98.0534457836538,-0.0340228234504542,0.124209040655533,0.658179265922313,0.893944973118365
"gene-LOC134719661|LOC134719661",8.00668759137386,-0.0096070780560466,0.156339816690622,0.631011069493583,NA
"gene-LOC134719672|LOC134719672",97.2703914619355,-0.0170579374519106,0.155259254310305,0.628246426955288,0.878733733018258
"gene-LOC134719690|LOC134719690",31.4094506916448,0.0129373201763079,0.156617779872748,0.534235293692067,0.827275154025085
"gene-LOC134719750|LOC134719750",9.6868395220734,0.0365037659790502,0.139696026740225,0.602511542608024,NA
"gene-LOC134719757|LOC134719757",929.392340989066,0.00445815738203939,0.156897604314376,0.7178828643244,0.918614962935921
"gene-LOC134719772|LOC134719772",26.7711299586896,0.00838555907161126,0.118377173212385,0.915269708980779,0.98134698001751
"gene-LOC134719775|LOC134719775",8.44421405168145,0.0178992083292478,0.152009570529875,0.682055207653114,NA
"gene-LOC134719782|LOC134719782",763.606511978589,-0.0109609810037809,0.15537745684091,0.678433281915817,0.903726475492211
"gene-LOC134719783|LOC134719783",267.985299532314,0.0313536769338498,0.158021794511779,0.358577960138481,0.710022258651578
"gene-LOC134719817|LOC134719817",17.0587861745088,0.0568713121708156,0.143215964776421,0.438185750436452,0.776186378091306
"gene-LOC134719827|LOC134719827",18.7558642224924,-0.230301368696145,0.195842235020122,0.0393603684572718,0.230789455854458
"gene-LOC134719838|LOC134719838",51.9084623134793,0.0572367576810063,0.129294497926509,0.471234019208628,0.795022709617561
"gene-LOC134719860|LOC134719860",15.6621777037069,0.0681680011573061,0.16752793388152,0.200184730783243,0.545880451664923
"gene-LOC134719876|LOC134719876",23.5959242724162,-0.165309062641905,0.168998030356502,0.0918276633235569,0.369919240167074
"gene-LOC134719944|LOC134719944",15.8192587365537,0.0361654626048346,0.152105473464702,0.49922980809794,0.80632202571024
"gene-LOC134719970|LOC134719970",23.6901723260916,0.0153698425048119,0.144594385972926,0.793491378278952,0.93946448995995
"gene-LOC134720002|LOC134720002",58.0859060645854,0.00669394761129208,0.155573234607089,0.784611458219303,0.937103808252
"gene-LOC134720077|LOC134720077",103.607767467919,-0.0762624851208573,0.124676901739523,0.35890728403882,0.71006863212438
"gene-LOC134720163|LOC134720163",151.824062507872,0.0513761140978593,0.162599314602372,0.242779157624462,0.598723667854363
"gene-LOC134720164|LOC134720164",22.6798566818727,-0.0145641218552974,0.154910609091102,0.640011168541161,0.884229780451533
"gene-LOC134720180|LOC134720180",20.8467617372299,-0.0233113347730061,0.148383876234124,0.664368675491809,0.897567012276315
"gene-LOC134720222|LOC134720222",64.8745947200005,-0.0921553457449492,0.116476433894675,0.27121497766458,0.628890467346271
"gene-LOC134720355|LOC134720355",20.1707417582447,0.00187631354506463,0.1400404142785,0.978367099574248,0.995964714564617
"gene-LOC134720381|LOC134720381",44.2914459368518,0.290294496855411,0.149904082560919,0.00826173449957677,0.0901937446253368
"gene-LOC134720423|LOC134720423",29.1147261768895,-0.00154732357365996,0.133032427971564,0.983255479574575,0.995964714564617
"gene-LOC134720439|LOC134720439",44.7922612286318,0.0319488148907903,0.119162364364291,0.684588338454036,0.905487482548216
"gene-LOC134720487|LOC134720487",10.333594879314,-0.0308833327663279,0.13432466159113,0.671169100612378,NA
"gene-LOC134720503|LOC134720503",34.7563537103228,0.0207136431446147,0.128529161783156,0.779029676287708,0.934190330939891
"gene-LOC134720549|LOC134720549",7.49555390338785,-0.0146659858571345,0.154376408329813,0.661288882255988,NA
"gene-LOC134720550|LOC134720550",100.280048356004,0.303308551431869,0.421471627109031,0.0206960264988269,0.158644631525303
"gene-LOC134720551|LOC134720551",11.5512869902564,0.00552367212942576,0.154219252354667,0.860469635772226,0.961781291431668
"gene-LOC134720552|LOC134720552",18.16838119092,-0.081674404565164,0.150637871914302,0.295989671362949,0.657869576616185
"gene-LOC134720560|LOC134720560",72.0560678094864,0.0666549562302499,0.138230114229699,0.402399552852637,0.743627836284102
"gene-LOC134720561|LOC134720561",15.5275100658316,-0.0716252836333577,0.149659801785516,0.342194292744289,0.696948382697424
"gene-LOC134720563|LOC134720563",13.4237178952502,-0.0128648750818458,0.152404168966174,0.745799790799695,0.923580623736145
"gene-LOC134720566|LOC134720566",23.1764967925335,0.250225789339477,0.266782861182927,0.0345617305922627,0.21189434443957
"gene-LOC134720567|LOC134720567",9.49987452424845,0.0571280836023618,0.152629954689753,0.384901387823428,NA
"gene-LOC134720572|LOC134720572",34.5850620918841,0.0363796808713249,0.141232835489808,0.596766494774783,0.861916670851489
"gene-LOC134720574|LOC134720574",9.63985732858152,0.0164861350168188,0.151373414393987,0.713995400536584,NA
"gene-LOC134720576|LOC134720576",15.5520833597015,-0.023835041823434,0.119815159849416,0.760270308033834,0.928686892939909
"gene-LOC134720579|LOC134720579",14.6793191440834,0.0885983451199911,0.165727961314713,0.221318674922515,0.574651686032046
"gene-LOC134720581|LOC134720581",6.61433497395649,-0.00240559764518033,0.154979555550963,0.93382404461569,NA
"gene-LOC134720582|LOC134720582",46.8731430629169,0.00185671436959324,0.123769708142336,0.981539910500368,0.995964714564617
"gene-LOC134720583|LOC134720583",15.6827616658702,-0.0109311363492903,0.122851009538228,0.890103466679129,0.974970876788408
"gene-LOC134720586|LOC134720586",14.2469600995017,-0.111194736474723,0.160620817733,0.191233187801666,0.535248137838717
"gene-LOC134720591|LOC134720591",7.0060046932476,0.010872506551299,0.155851709531276,0.656268504028406,NA
"gene-LOC134720593|LOC134720593",10.7867851696766,0.0076491952592393,0.133929594258476,0.910391913956589,NA
"gene-LOC134720594|LOC134720594",10.6171154318831,0.0425203783265578,0.162270233410645,0.190350376051651,NA
"gene-LOC134720598|LOC134720598",55.3656592082663,0.00609786881519148,0.125636219899997,0.936469654481808,0.987871402907623
"gene-LOC134720601|LOC134720601",9.49200825905906,0.0306578917088558,0.157600841063866,0.373192459295516,NA
"gene-LOC134720603|LOC134720603",66.7949557390673,-0.0761502989146191,0.150367270947807,0.317400298789985,0.674846429670296
"gene-LOC134720605|LOC134720605",11.0371873042104,-0.0940670309483265,0.15220655671358,0.251975504801449,NA
"gene-LOC134720606|LOC134720606",35.7834395365255,0.093867681138687,0.149339255624208,0.25602600313459,0.612442973511359
"gene-LOC134720607|LOC134720607",11.9159254012699,0.034969668550999,0.158596248650449,0.324777718452308,0.681658671018517
"gene-LOC134720609|LOC134720609",23.9679298039452,-1.38930169242484,0.533841097587281,0.000302179396805206,0.0178229884967515
"gene-LOC134720610|LOC134720610",53.3001621583069,-0.00283039002401034,0.101721457436075,0.970336664418041,0.995073589829788
"gene-LOC134720611|LOC134720611",15.4693839674448,-0.0251282081868548,0.150892350926132,0.61178460442159,0.869493067863795
"gene-LOC134720613|LOC134720613",95.9627932842764,-0.000187001170489213,0.115941544444493,0.997688299182651,0.999553409337915
"gene-LOC134720616|LOC134720616",142.109951322567,-0.0682271672357643,0.116708055037827,0.402258151953229,0.743582248387135
"gene-LOC134720617|LOC134720617",85.0496531375006,0.0690718377967806,0.114494077515678,0.399578020595383,0.741641023074763
"gene-LOC134720620|LOC134720620",11.4930591304418,0.00282041571603239,0.156214509182135,0.834723605336465,0.951902489882482
"gene-LOC134720622|LOC134720622",8.93349022407629,0.0221492401373314,0.151388252490318,0.635591594107891,NA
"gene-LOC134720623|LOC134720623",10.3052715611729,0.045653572490434,0.152343132485358,0.437662911850573,NA
"gene-LOC134720628|LOC134720628",19.8764145931308,0.0905829598738928,0.170849493178466,0.193409021787062,0.537310174139996
"gene-LOC134720632|LOC134720632",13.5318936789012,-0.00485018952015436,0.153646649116992,0.880997829452124,0.972386147839837
"gene-LOC134720636|LOC134720636",12.3916681456987,0.0164760348111746,0.134181816097116,0.816820339054904,0.946574899510975
"gene-LOC134720645|LOC134720645",8.08487449357171,-0.00976362850140026,0.155210921938641,0.724077060206596,NA
"gene-LOC134720651|LOC134720651",1281.53187598354,0.109255726564663,0.122952290567941,0.206297080855542,0.554946116997383
"gene-LOC134720653|LOC134720653",10.9454335181908,0.0702923016215802,0.171894092668105,0.143659596225232,NA
"gene-LOC134720658|LOC134720658",60.5518972663363,-0.0256957357289499,0.116059624769785,0.744910671673982,0.923385357857939
"gene-LOC134720663|LOC134720663",63.1031686389446,0.661769561608165,0.32113256513449,0.00170945019115819,0.0459459819311294
"gene-LOC134720669|LOC134720669",26.0364976719553,0.0343842050277932,0.151524599995685,0.520940787998809,0.8201716806719
"gene-LOC134720671|LOC134720671",48.7224468033494,-0.388701483273298,0.175104531979707,0.00254050085766581,0.0577549095880685
"gene-LOC134720673|LOC134720673",221.450758211114,-0.0221478827558636,0.136784978130125,0.748681394799402,0.923580623736145
"gene-LOC134720677|LOC134720677",16.5704578909733,0.0882830211267038,0.162748339804038,0.236286147171135,0.590452995904287
"gene-LOC134720678|LOC134720678",148.258472571482,-0.0663603357184066,0.127185553444555,0.417024180617107,0.756576390966846
"gene-LOC134720679|LOC134720679",13.6305838022541,0.0478236415888947,0.159082044794348,0.321533840871378,0.6793268876785
"gene-LOC134720681|LOC134720681",103.03662201852,-0.00286349412541049,0.108067142459898,0.969805304486088,0.995073589829788
"gene-LOC134720688|LOC134720688",9.69354074761148,0.0818332043251663,0.161912425990557,0.250873509059029,NA
"gene-LOC134720690|LOC134720690",15.0280656835708,0.541379952949582,0.278711775191009,0.00277794932334357,0.0599848718294866
"gene-LOC134720692|LOC134720692",22.9690999914302,0.147474434037704,0.148825099784664,0.117322361993882,0.424385829586047
"gene-LOC134720694|LOC134720694",23.514599847834,0.00897674854945773,0.137530943254627,0.894798207078132,0.975254009504506
"gene-LOC134720695|LOC134720695",25.4230415297343,0.151571971601171,0.1365924922386,0.101843546479576,0.394381049825007
"gene-LOC134720696|LOC134720696",34.7241414624319,0.0904543203962906,0.172896082184511,0.179563975915725,0.52086636001055
"gene-LOC134720697|LOC134720697",51.3826403926429,-0.0234604178294082,0.128216927684339,0.756190155686244,0.927760264199032
"gene-LOC134720698|LOC134720698",31.0717037151181,0.100909497931069,0.152306542170719,0.230673866267457,0.584016782279401
"gene-LOC134720706|LOC134720706",27.4150586749641,0.158342991390454,0.144041632356447,0.0954580959242388,0.377916762608702
"gene-LOC134720708|LOC134720708",12.8011201511256,-0.0342713704667943,0.152689463099632,0.504765326523206,0.80828434639337
"gene-LOC134720709|LOC134720709",9.57660978366713,0.0111750818470798,0.155019928218109,0.702754942933675,NA
"gene-LOC134720710|LOC134720710",7.32926454422498,-0.0111886594924768,0.156540951345019,0.571656145364692,NA
"gene-LOC134720716|LOC134720716",44.6830771916515,0.213191040327827,0.193514625746984,0.0491792077304127,0.260475394040907
"gene-LOC134720724|LOC134720724",10.1194722279301,0.0348815893920421,0.15810531574718,0.350009085384152,NA
"gene-LOC134720728|LOC134720728",20.5332141090378,0.12188543018287,0.156268706872452,0.170530732983154,0.508796613162854
"gene-LOC134720730|LOC134720730",7.16419956326641,-0.0168056060148331,0.155018955444518,0.597180821034746,NA
"gene-LOC134720731|LOC134720731",21.4805966391572,-0.0402416520027355,0.131339444281106,0.597377705293469,0.861916670851489
"gene-LOC134720736|LOC134720736",11.9737538168046,0.0363938589803972,0.128113209405733,0.636955507960141,0.883966576406557
"gene-LOC134720738|LOC134720738",78.9421106683974,0.053276352804415,0.131862002306966,0.498819262211112,0.80632202571024
"gene-LOC134720741|LOC134720741",37.5441820400705,-0.132122087403791,0.190920995209258,0.115838337739184,0.421410743231641
"gene-LOC134720742|LOC134720742",9.19315167900887,-0.0324908710051785,0.140915172989968,0.642478114878778,NA
"gene-LOC134720743|LOC134720743",51.5153317770467,-0.0280748753898354,0.11312507918058,0.721713278584563,0.918664055811524
"gene-LOC134720744|LOC134720744",53.2237561521875,-0.0426691193740333,0.0973386423848261,0.571077929676662,0.848751066729252
"gene-LOC134720746|LOC134720746",215.68653684883,0.564893479646297,0.258309204429448,0.00151431059013649,0.043034771143364
"gene-LOC134720751|LOC134720751",7.93440311735973,0.0233736185549959,0.153969405976553,0.563402509766236,NA
"gene-LOC134720754|LOC134720754",17.1402947538638,0.122586807189665,0.205239526421056,0.0810427527963356,0.343822653621105
"gene-LOC134720755|LOC134720755",24.0694839591416,-0.0314148406167206,0.126652735204737,0.684035839812844,0.905487482548216
"gene-LOC134720756|LOC134720756",34.9557705317364,0.0776603273489101,0.150272193883962,0.314654414121629,0.673678049934761
"gene-LOC134720762|LOC134720762",568.662149383835,-0.274441250933772,0.129256069879246,0.00622418136259751,0.0785109609499924
"gene-LOC134720764|LOC134720764",15.5190622292483,0.00710995525651601,0.132167676540915,0.921819340421474,0.983116205832622
"gene-LOC134720765|LOC134720765",126.425577679143,0.126926995967541,0.0900999832060869,0.0915968380977739,0.369519859837125
"gene-LOC134720769|LOC134720769",156.143760813866,0.0396841570102107,0.107225726317091,0.617116069592569,0.872398882224737
"gene-LOC134720772|LOC134720772",899.951825774562,-0.0283385458547771,0.100031370360585,0.702543770418408,0.91221852127004
"gene-LOC134720778|LOC134720778",23.3078243453994,-0.049929001834982,0.147505082611667,0.45698740678391,0.785273747292556
"gene-LOC134720782|LOC134720782",12.4254914864054,-0.072397857491182,0.160961037678197,0.270250085056958,0.6280529156559
"gene-LOC134720787|LOC134720787",10.3296834510167,0.060048395444118,0.145478393824771,0.412883432375556,NA
"gene-LOC134720788|LOC134720788",27.9378996281217,0.0665826746201034,0.128628820089507,0.413305982407796,0.75264697196617
"gene-LOC134720789|LOC134720789",248.04339789705,0.0197038360006413,0.113440407397632,0.793544313731223,0.93946448995995
"gene-LOC134720790|LOC134720790",19.0252490397127,0.0197183366714164,0.151784065924129,0.661771883248836,0.895681865095324
"gene-LOC134720791|LOC134720791",6.08205779154887,0.000804778766999721,0.155840269055472,0.973115499619033,NA
"gene-LOC134720796|LOC134720796",25.6036130532151,0.0221632966302554,0.140348038832257,0.738196527991034,0.922644850023034
"gene-LOC134720797|LOC134720797",35.7259101280707,0.24454796910888,0.143501739112947,0.0182047352879997,0.148215909666541
"gene-LOC134720799|LOC134720799",22.905323846733,0.0141208382432903,0.138078466791556,0.834801393186399,0.951902489882482
"gene-LOC134720801|LOC134720801",132.789846217869,0.501419541626241,0.149022868828611,6.11777307366599e-05,0.00683687973320217
"gene-LOC134720802|LOC134720802",115.962101381127,-0.0651642729814038,0.141162948787298,0.398780167415655,0.741240054402604
"gene-LOC134720804|LOC134720804",23.6663743509997,0.14882738400142,0.200194370235566,0.0973690069879412,0.382864552168633
"gene-LOC134720805|LOC134720805",8.79858663705738,0.0403401026950673,0.160049653525789,0.2806737601865,NA
"gene-LOC134720807|LOC134720807",8.536549632311,0.0601366861799072,0.161407055323531,0.279244997491517,NA
"gene-LOC134720810|LOC134720810",11.6147536916651,-0.0139409367383728,0.139794713567025,0.827852495454646,0.949679557938911
"gene-LOC134720812|LOC134720812",21.8771862028784,-0.183273757818799,0.166797810419938,0.0696344485199036,0.314964040219353
"gene-LOC134720814|LOC134720814",15.782249260808,-0.0118537157762944,0.12614884729593,0.881356703165676,0.972386147839837
"gene-LOC134720815|LOC134720815",11.3782607719659,0.0478165764871051,0.141011109240533,0.509048368824365,0.810456913124521
"gene-LOC134720816|LOC134720816",16.5318699245418,0.0657393275007157,0.16282282822976,0.260512915575019,0.618109215245852
"gene-LOC134720817|LOC134720817",26.3096619152707,-0.0714534348061709,0.138764740687713,0.371457062581531,0.719883740034722
"gene-LOC134720818|LOC134720818",78.6857887224671,0.191917878380887,0.111606488974419,0.0289347608402635,0.191601850862969
"gene-LOC134720832|LOC134720832",20.2224809352715,0.0158720737251057,0.136218437210672,0.820716396046882,0.947588510304588
"gene-LOC134720833|LOC134720833",10.373393655171,0.000644534321436205,0.131503017728338,0.994853564910138,NA
"gene-LOC134720835|LOC134720835",12.7552187406744,-0.0074370634737008,0.138717229479306,0.908987692396069,0.980385529469863
"gene-LOC134720839|LOC134720839",27.0375456767745,-0.0259801677616619,0.115521206035781,0.742715041155706,0.922809345788751
"gene-LOC134720840|LOC134720840",17.2993727841909,-0.00200960982524356,0.132970764289174,0.976440131629789,0.995073589829788
"gene-LOC134720841|LOC134720841",14.7779263849554,-0.0404737090292953,0.136771792043538,0.579861164698911,0.853346792274595
"gene-LOC134720845|LOC134720845",25.6982574752436,0.0147354751896197,0.125669985513616,0.84458507618647,0.955426555728612
"gene-LOC134720850|LOC134720850",10.7317823351815,0.295328560883947,0.266604509681912,0.0239227175963468,NA
"gene-LOC134720853|LOC134720853",13.9599583513779,0.0628784563466065,0.152468819305419,0.361553124645228,0.712857211332275
"gene-LOC134720855|LOC134720855",11.5255434386699,0.0887669282177453,0.165021799990598,0.227509046554486,0.579351667376356
"gene-LOC134720856|LOC134720856",12.1488025846306,-0.0189669732388507,0.14713751372157,0.729808538995315,0.920752702198486
"gene-LOC134720885|LOC134720885",9.52335618406731,-0.028055646952168,0.135069609844115,0.696467870936301,NA
"gene-LOC134720886|LOC134720886",8.94120900990984,0.144714101770017,0.189112552312616,0.110576808095047,NA
"gene-LOC134720892|LOC134720892",25.4048190131489,-0.0330331830778339,0.121758526481361,0.674326317006404,0.902757154397979
"gene-LOC134720895|LOC134720895",15.8655131158407,-0.0160411149840496,0.133328056029956,0.82287269420308,0.948153298297698
"gene-LOC134720907|LOC134720907",13.1152025501009,-0.032283671371737,0.150941701283697,0.542816894650906,0.833681718939407
"gene-LOC134720917|LOC134720917",14.8117644076018,0.0795267180097303,0.161141881805622,0.260275310815805,0.618109215245852
"gene-LOC134720919|LOC134720919",19.4700197428382,0.00228353838390925,0.156385785555641,0.889427206000031,0.974834075403238
"gene-LOC134720928|LOC134720928",7.75592442645886,-0.00816980890576721,0.15598525509929,0.711533470364259,NA
"gene-LOC134720930|LOC134720930",65.2709022802431,0.0158459418793628,0.125273942672925,0.836173986923635,0.952338333041937
"gene-LOC134720931|LOC134720931",29.8723820950392,-0.0250988786220352,0.140414501482496,0.704620535485395,0.91299191536742
"gene-LOC134720932|LOC134720932",24.1636096633848,0.00877835157911026,0.15648898678966,0.632757040552104,0.880863556910875
"gene-LOC134720933|LOC134720933",15.4473417340299,-0.0171845044263546,0.130609684376067,0.815477698869192,0.946574899510975
"gene-LOC134720934|LOC134720934",69.2343270610588,-0.0625106684406693,0.0992419867493092,0.421139303399397,0.760174939828326
"gene-LOC134720935|LOC134720935",60.7442243839958,0.0100678581391171,0.102466424041665,0.896337919716254,0.975254009504506
"gene-LOC134720937|LOC134720937",28.3477044334881,-0.153079911315023,0.205629377814727,0.0896352915063821,0.364375754241004
"gene-LOC134720941|LOC134720941",20.4136285112694,0.0253847719640885,0.129696985249383,0.735813506745689,0.921921372263905
"gene-LOC134720943|LOC134720943",33.6695742290421,-0.0690831398172562,0.146251627321288,0.362342064941005,0.712857211332275
"gene-LOC134720946|LOC134720946",16.1024741116875,0.0036622655079508,0.152287064981147,0.925717338180669,0.983130951018816
"gene-LOC134720947|LOC134720947",13.6931968063148,0.0697394111787433,0.164028291121964,0.248394611947845,0.605307451456685
"gene-LOC134720952|LOC134720952",35.0372774374325,-0.0529800167595452,0.151015576281424,0.413794847840258,0.753321857885808
"gene-LOC134720955|LOC134720955",16.7530968724707,0.0214796552699702,0.156286235907416,0.481740670501805,0.797844258383848
"gene-LOC134720964|LOC134720964",56.095862360721,0.163803137068574,0.144019598753644,0.0866155195988061,0.356598742871633
"gene-LOC134720965|LOC134720965",7.79415149644967,0.0382965106280009,0.145512290601596,0.556153079678131,NA
"gene-LOC134720967|LOC134720967",31.7707047203776,-0.0540681161646088,0.116150478466375,0.505873102593979,0.809244516203828
"gene-LOC134720968|LOC134720968",13.1119141304156,0.087963709763091,0.189357789002862,0.0365509897163314,0.219858172325808
"gene-LOC134720972|LOC134720972",11.8135486163571,-0.0403316607951246,0.148346459940348,0.512928361938277,0.812976776697393
"gene-LOC134720973|LOC134720973",76.5506397031271,0.0401891536543436,0.118678984292875,0.615224150853281,0.87204669357708
"gene-LOC134720974|LOC134720974",13.3063284357651,0.0446610057237528,0.156135634813693,0.383316540688829,0.731055797661031
"gene-LOC134720975|LOC134720975",23.3556183155876,0.0929874175944456,0.147689034116109,0.263635818976011,0.620147772111222
"gene-LOC134720980|LOC134720980",8.10814903903614,0.0514143844587867,0.165487473860545,0.147800130760692,NA
"gene-LOC134720981|LOC134720981",162.321231450873,0.0967546623981235,0.110407729568021,0.240558356924351,0.595453808472327
"gene-LOC134720983|LOC134720983",12.6447179057921,0.221814015496058,0.457120802975553,0.0112511219056608,0.107129516500836
"gene-LOC134720984|LOC134720984",11.2161487192531,-0.0136408636796764,0.144540267485111,0.812013914751182,NA
"gene-LOC134720992|LOC134720992",18.1644290198164,0.20520789563327,0.199151891231727,0.0554066106552612,0.279082909256432
"gene-LOC134720998|LOC134720998",97.4155672001954,0.0773779690735522,0.120200132678453,0.351414801637046,0.704311293818361
"gene-LOC134720999|LOC134720999",7.23105154752188,-0.0161286566544725,0.154504299232649,0.636567766295024,NA
"gene-LOC134721000|LOC134721000",21.3417958639617,-0.0527483121150008,0.125807769228388,0.508946620853478,0.810456913124521
"gene-LOC134721001|LOC134721001",187.937095720203,-0.0905574943207065,0.0926881171778067,0.231896088995239,0.585589754069761
"gene-LOC134721003|LOC134721003",10.6236346030972,0.0384474008575144,0.143217061781369,0.568280514052979,NA
"gene-LOC134721005|LOC134721005",83.8216612209262,-0.0427981393206436,0.149750070833327,0.481369775439263,0.797844258383848
"gene-LOC134721016|LOC134721016",325.077769287365,0.00435576892398663,0.122339699981295,0.955911950658952,0.993195169444879
"gene-LOC134721017|LOC134721017",368.935352864289,-0.0489172577398318,0.134008983818498,0.524463343549344,0.823067627102567
"gene-LOC134721018|LOC134721018",30.5582531460511,1.0539185406986,0.471420166468615,0.758154739203284,0.928382485337355
"gene-LOC134721020|LOC134721020",10.2803204322174,-0.250145851213936,0.313645529169531,0.03165730837155,NA
"gene-LOC134721026|LOC134721026",12.121227297018,0.102097650829658,0.165201411099477,0.202359991674022,0.54899197059775
"gene-LOC134721027|LOC134721027",4231.82577542283,0.216183419534123,0.0997104195770192,0.00894048195893517,0.0942809880100327
"gene-LOC134721028|LOC134721028",58.3794401621233,0.193022284364706,0.155413784923458,0.0553050003593595,0.278933374734062
"gene-LOC134721031|LOC134721031",28.2963167406282,0.533858144459275,0.342893487700858,0.0051470194597378,0.0734974983667498
"gene-LOC134721033|LOC134721033",11.6497687101749,-0.00921950882415259,0.134489355907771,0.895393022512575,0.975254009504506
"gene-LOC134721034|LOC134721034",68.5296760960656,-0.0852381644061006,0.137431361593886,0.306458894140021,0.665805987609801
"gene-LOC134721035|LOC134721035",14.5608227951054,-0.0235989211111823,0.146352095483512,0.685106830887467,0.905797117632455
"gene-LOC134721036|LOC134721036",16.6315926367408,0.0256016637872068,0.154759432343203,0.525241920411365,0.823680707292071
"gene-LOC134721039|LOC134721039",24.036477136061,0.0122704340100176,0.125519700459343,0.878898540894623,0.971192723174453
"gene-LOC134721040|LOC134721040",21.8089935154146,0.0794554803344135,0.152537021682962,0.299580091693845,0.661248784615699
"gene-LOC134721041|LOC134721041",29.9195927585466,-0.0128915486945322,0.153723203455552,0.7312284285674,0.921084652951224
"gene-LOC134721045|LOC134721045",7.30232987888839,-0.006818375083743,0.154368350090364,0.819062909950525,NA
"gene-LOC134721046|LOC134721046",18.5426480068813,0.0053872214323172,0.132777006394764,0.940576728914424,0.989791724851374
"gene-LOC134721047|LOC134721047",8.39148393834128,1.20564050276657,0.566921311043072,0.00104418804307307,NA
"gene-LOC134721048|LOC134721048",51.9531629670151,0.0018329249333481,0.114998701529374,0.981686586170487,0.995964714564617
"gene-LOC134721049|LOC134721049",9.89495577660075,0.0306137468691041,0.150092599069238,0.572460053886459,NA
"gene-LOC134721050|LOC134721050",10.9238929829331,0.0860035987781656,0.150098802357864,0.284029222566424,NA
"gene-LOC134721051|LOC134721051",360.91989658193,0.0436485900568878,0.0891491971005833,0.553926069963363,0.840521454422731
"gene-LOC134721056|LOC134721056",48.5406142697648,0.676092859987634,0.200529780561119,4.45803202777837e-05,0.00614321040106972
"gene-LOC134721064|LOC134721064",12.9235900346421,-0.0167700729811696,0.143423038070348,0.782511931127038,0.936427015081577
"gene-LOC134721068|LOC134721068",14.0887125892974,-0.0322256767844197,0.128587077997843,0.673219261211635,0.902706478486045
"gene-LOC134721069|LOC134721069",25.7193876735413,-0.105304657467576,0.153256308998288,0.214608961689802,0.566774082074643
"gene-LOC134721072|LOC134721072",10.7404978275143,-0.0737967672372009,0.174767092220443,0.118340364577621,NA
"gene-LOC134721074|LOC134721074",89.4935202660252,0.100990551292892,0.13896208275139,0.241346737359039,0.596576917724905
"gene-LOC134721075|LOC134721075",80.7899131817439,-0.295865153596242,0.197800250290417,0.015938638150497,0.13439403535964
"gene-LOC134721079|LOC134721079",14.9177404296921,-0.0391374452504371,0.139263406185315,0.579234951232845,0.853115985977624
"gene-LOC134721080|LOC134721080",30.9702039280436,-0.142753322955079,0.153012837384492,0.125406898160832,0.437481895555585
"gene-LOC134721084|LOC134721084",32.5016108900472,-0.172149394392939,0.1521670584383,0.0786759164493305,0.339348715583551
"gene-LOC134721090|LOC134721090",15.4965701292792,-0.108300171889548,0.149053796130393,0.210712016658993,0.561369948188117
"gene-LOC134721091|LOC134721091",30.196150210205,0.135252786126529,0.152518377357823,0.14305494155891,0.46726281168096
"gene-LOC134721094|LOC134721094",45.5893113343073,0.109921180728339,0.108880686029439,0.185956712687961,0.527871773539355
"gene-LOC134721097|LOC134721097",52.5570373974643,0.0694708541799355,0.105341519474173,0.386328053584397,0.732717940443776
"gene-LOC134721098|LOC134721098",188.561465816532,-0.0359338386790276,0.103188880667423,0.657177872106466,0.893732806499487
"gene-LOC134721100|LOC134721100",105.092174363126,-0.000868595789933044,0.121075116713115,0.990271204467434,0.99704656962612
"gene-LOC134721102|LOC134721102",942.987793759103,-0.257401387092781,0.138142618961082,0.0120428487648282,0.111178183524573
"gene-LOC134721103|LOC134721103",13.7381748016769,0.0221236000456044,0.137448421411821,0.745920670299572,0.923580623736145
"gene-LOC134721104|LOC134721104",8.76385605263263,0.0384758703674872,0.152574296450113,0.476475994657166,NA
"gene-LOC134721105|LOC134721105",12.3260037230346,0.0280824511368992,0.146429339068945,0.635450966713581,0.883032866048323
"gene-LOC134721106|LOC134721106",78.6777469846936,0.295754074622468,0.274768599531486,0.0227926172363127,0.166627122312211
"gene-LOC134721109|LOC134721109",9.20205515482577,-0.0592741647985048,0.161339104447643,0.281552793059901,NA
"gene-LOC134721112|LOC134721112",15.0841597978545,-0.0329211036631473,0.138801228349187,0.636059135498348,0.883600003044209
"gene-LOC134721113|LOC134721113",27.0201093710029,0.0866649472834824,0.155948821073941,0.265579114842467,0.622191600421669
"gene-LOC134721116|LOC134721116",39.1903359650431,0.0833595572964437,0.108834060558924,0.307450896294458,0.666370265190779
"gene-LOC134721118|LOC134721118",12.8785719233142,-0.0137667401750824,0.140726246750343,0.828271668224261,0.949679557938911
"gene-LOC134721122|LOC134721122",9.44337467461159,0.0209262501894118,0.143193591418154,0.736431933740977,NA
"gene-LOC134721125|LOC134721125",66.5569999164092,-0.0632180662287114,0.134543682437683,0.42589985061712,0.764005082633358
"gene-LOC134721128|LOC134721128",179.356649069039,-0.039167012888598,0.130422063565758,0.606102664014783,0.865997779642735
"gene-LOC134721130|LOC134721130",58.546530465244,0.0631496436891366,0.110372736272697,0.434968641883022,0.773088797096778
"gene-LOC134721132|LOC134721132",16.4908844867756,-0.00469923517484231,0.15483451358072,0.870890594765383,0.966717793550769
"gene-LOC134721134|LOC134721134",10.7778107444368,0.0522718269636028,0.158948879351206,0.321695220115225,NA
"gene-LOC134721139|LOC134721139",13.5536684277113,0.0604649817571039,0.163352489509902,0.251497933973232,0.607304390918123
"gene-LOC134721140|LOC134721140",99.9712024680515,-0.113394653932743,0.152678132291912,0.193657899957587,0.537524971246646
"gene-LOC134721141|LOC134721141",7.74878034144545,-0.00688621370768408,0.145331922139267,0.900308540403166,NA
"gene-LOC134721142|LOC134721142",34.096828714072,0.0492004106629757,0.125856438957608,0.53781571319943,0.830769119512294
"gene-LOC134721143|LOC134721143",16.5374767416682,0.0260162668296862,0.144018513031847,0.675269181968767,0.902757154397979
"gene-LOC134721153|LOC134721153",12.5795559648791,0.00172501230558931,0.144408444935411,0.976119399521548,0.995073589829788
"gene-LOC134721154|LOC134721154",28.22325592456,0.0788061213023579,0.13996835204952,0.333432575246263,0.688225004365256
"gene-LOC134721207|LOC134721207",72.2320634680618,-0.0806676031489648,0.16408552827891,0.238491565974723,0.593395794877986
"gene-LOC134721209|LOC134721209",6.69422553434877,0.0109086332259627,0.153794921685054,0.751075600503751,NA
"gene-LOC134721216|LOC134721216",33.8204322837945,-0.814435269315676,0.505173862613937,0.00297764890486303,0.0630153605447757
"gene-LOC134721219|LOC134721219",9.97574902671268,-0.0179909794714176,0.155569419592263,0.555459984380447,NA
"gene-LOC134721224|LOC134721224",23.7860277963745,0.227409913071004,0.211434905821652,0.0429643406066247,0.239862269644347
"gene-LOC134721225|LOC134721225",9.24488476798863,-0.00656369917151645,0.153366690878005,0.855746495751681,NA
"gene-LOC134721226|LOC134721226",61.0191677299624,0.040074443876082,0.112539133737455,0.61675179486949,0.872271077557427
"gene-LOC134721228|LOC134721228",9.69794726689349,0.0487366744132213,0.152218291583567,0.424882925620876,NA
"gene-LOC134721229|LOC134721229",166.217119050698,0.0818307684220363,0.148300119852865,0.303982682785489,0.664049962051976
"gene-LOC134721231|LOC134721231",15.1209505242381,-0.000164039759772175,0.138253865740233,0.99861438759546,0.999844121522816
"gene-LOC134721233|LOC134721233",12.1756093216971,-0.00795122696982527,0.137084387883318,0.905749410384657,0.979343538624991
"gene-LOC134721236|LOC134721236",103.379920578889,-0.0369844444634711,0.131790873935136,0.621433597097372,0.875394076406515
"gene-LOC134721237|LOC134721237",9.28479023206048,-0.00376547302923642,0.149060470508228,0.935869032784299,NA
"gene-LOC134721244|LOC134721244",25.6837650751166,-0.0439492544248861,0.133213840973532,0.561871616470656,0.844253162553628
"gene-LOC134721246|LOC134721246",10.2279714570185,0.026382073307563,0.145438355408775,0.655181012850566,NA
"gene-LOC134721249|LOC134721249",30.6040895576382,0.407970018328828,0.269219110050361,0.00837215954201645,0.0906983950385116
"gene-LOC134721250|LOC134721250",31.0816392583591,0.100018442974162,0.139560369495268,0.2447828295613,0.60109403389715
"gene-LOC134721251|LOC134721251",36.1115626009028,0.0285105602950762,0.118679790748213,0.719314604241902,0.918664055811524
"gene-LOC134721261|LOC134721261",71.1355729246305,-0.211767552119403,0.130966742301067,0.0281412318313437,0.188684347380683
"gene-LOC134721267|LOC134721267",215.4369171911,-0.0158761811340617,0.117408081436522,0.838610258273023,0.953438709245635
"gene-LOC134721268|LOC134721268",53.4669555943538,0.339764123811842,0.188607818232718,0.00776413929063427,0.0872267500552739
"gene-LOC134721269|LOC134721269",32.9297118438921,-0.024563527623114,0.154513504865343,0.534208539905647,0.827275154025085
"gene-LOC134721270|LOC134721270",245.044656867314,-0.00419270104500349,0.117504769334341,0.970403460955804,0.995073589829788
"gene-LOC134721271|LOC134721271",73.0931658070943,0.475144124866677,0.168064753823681,0.589071217514606,0.858619137271546
"gene-LOC134721272|LOC134721272",13.3205935148321,0.034189656384592,0.158957422172088,0.306134430584036,0.66555505898304
"gene-LOC134721274|LOC134721274",36.2371648605372,-0.378997744464884,0.164330697847515,0.00215306850307506,0.0527501783253389
"gene-LOC134721276|LOC134721276",11.7868704955598,0.1156684920197,0.189790112250781,0.120795742784684,0.431316637633653
"gene-LOC134721279|LOC134721279",37.0110424403603,0.117730448583759,0.13221930037571,0.183088431927262,0.525295157570623
"gene-LOC134721280|LOC134721280",60.882855481214,0.103806937395661,0.137553377095258,0.232305385955147,0.585589754069761
"gene-LOC134721285|LOC134721285",8.40522685779251,0.039609561610814,0.156064017831834,0.406245225645428,NA
"gene-LOC134721290|LOC134721290",8.84590477036597,0.0746812683265896,0.165923878111527,0.227933397362177,NA
"gene-LOC134721292|LOC134721292",15.4794999097452,0.0148527904360848,0.137647131536164,0.82651241803342,0.949444755548414
"gene-LOC134721294|LOC134721294",104.241400665833,1.14914937716553,0.259483461701599,4.64197099320754e-07,0.000328548391408134
"gene-LOC134721302|LOC134721302",36.6016229793659,0.241517969188792,0.234615193993453,0.0375829741804959,0.223532722250009
"gene-LOC134721304|LOC134721304",37.9413921988253,0.0910479686374432,0.118476588987008,0.280692025698504,0.640633537692394
"gene-LOC134721305|LOC134721305",19.0677052247407,-0.0117901327505056,0.153452475482986,0.740253466610502,0.922809345788751
"gene-LOC134721306|LOC134721306",26.3857528509332,-0.0842547536234114,0.130060013699447,0.315678355851169,0.673954755701071
"gene-LOC134721307|LOC134721307",79.6806700078501,-0.0186154901326074,0.12471064978407,0.808524945335108,0.944489987490306
"gene-LOC134721309|LOC134721309",8.76890199544863,-0.0632164171055986,0.153925695982177,0.348604729186292,NA
"gene-LOC134721310|LOC134721310",8.09333043164687,-0.0468516425989987,0.152109739413566,0.43512121974435,NA
"gene-LOC134721312|LOC134721312",11.790381933053,0.0753868086048566,0.139350002877975,0.35394475421301,0.707223363970161
"gene-LOC134721313|LOC134721313",6.84005161118028,-0.0501243173957396,0.163145532377676,0.218108635319016,NA
"gene-LOC134721315|LOC134721315",270.146762569526,0.237792953298602,0.435282135961916,0.018241958112805,0.148215909666541
"gene-LOC134721316|LOC134721316",8.82270258717005,0.013650854149811,0.152924676759107,0.726786226890636,NA
"gene-LOC134721319|LOC134721319",151.218084230632,0.312388267055202,0.146921430834603,0.00476910218793445,0.0719724690065384
"gene-LOC134721323|LOC134721323",8.53931887033598,0.0221136317420408,0.150630449887459,0.65140836578448,NA
"gene-LOC134721324|LOC134721324",10.180497276844,0.0348505761262392,0.154636229929655,0.460277701489395,NA
"gene-LOC134721327|LOC134721327",56.6077162428173,-0.0109353401189068,0.111805252826782,0.888724411199162,0.974745501370844
"gene-LOC134721328|LOC134721328",118.163433798311,0.520389984625068,0.276335842164493,0.00312869643206986,0.0643380443666968
"gene-LOC134721329|LOC134721329",91.8748961136901,0.0432799121009278,0.101277247422016,0.580525016716779,0.853634431321764
"gene-LOC134721332|LOC134721332",17.6358661158995,0.0768826542698611,0.157048382148212,0.286645951446791,0.645891301986579
"gene-LOC134721336|LOC134721336",28.2053156126689,-0.208922870528204,0.194406211861444,0.0515107672464447,0.268019362373059
"gene-LOC134721337|LOC134721337",29.4047232381512,-0.0505406112175288,0.125892140543241,0.525725821214393,0.823978330635076
"gene-LOC134721338|LOC134721338",1308.17522904342,-0.0801315478130875,0.144850316563746,0.341176817070025,0.696873143289187
"gene-LOC134721339|LOC134721339",97.6868604629077,-0.227440799993471,0.128846035920992,0.0186636422463464,0.150110354935892
"gene-LOC134721340|LOC134721340",21.9659314225862,-0.0224000713552133,0.109815786584732,0.774898288808303,0.93292422976921
"gene-LOC134721342|LOC134721342",52.7347776030275,0.205506760729922,0.118400844706321,0.024391114546128,0.173793511922635
"gene-LOC134721343|LOC134721343",14.3384187569123,-0.707338211814755,0.351101439555585,0.00178732996667865,0.0474387161989292
"gene-LOC134721346|LOC134721346",16.1422328064024,0.0339644021035716,0.155385753206483,0.446895641840591,0.780694401674889
"gene-LOC134721348|LOC134721348",43.2881368003316,0.00376235090932516,0.0967825250879854,0.971492622559936,0.995073589829788
"gene-LOC134721349|LOC134721349",42.9865823251735,0.160239770527807,0.150243046929905,0.0953302024828517,0.377880143009188
"gene-LOC134721353|LOC134721353",53.5247953651548,-0.153189236857679,0.175890345788504,0.105092414671796,0.402065274149756
"gene-LOC134721354|LOC134721354",579.80735952638,-0.04235728915917,0.0775305897110917,0.528211085548967,0.825439566564622
"gene-LOC134721355|LOC134721355",32.0007131487775,0.0741324881141901,0.131085336706866,0.369115241410778,0.717280093756408
"gene-LOC134721356|LOC134721356",15.7125332660814,0.278221862441526,0.26233720757351,0.0274434131196821,0.186369447305304
"gene-LOC134721357|LOC134721357",13.8119545954521,-0.129132714421155,0.16641147257949,0.147434401456194,0.473158275555276
"gene-LOC134721358|LOC134721358",31.9092394867878,-0.0223473671116312,0.122761300060594,0.771815194328022,0.932853633900032
"gene-LOC134721361|LOC134721361",13.2077833788977,-0.097651254765791,0.168530712807398,0.197036065680399,0.541589392744771
"gene-LOC134721362|LOC134721362",36.120971623785,0.103884546359375,0.150798643554584,0.222360228633185,0.575494359838129
"gene-LOC134721365|LOC134721365",17.1978554162319,-0.0304041298939691,0.131044223108902,0.684441424883043,0.905487482548216
"gene-LOC134721367|LOC134721367",12.4029260977731,-0.0287138638680459,0.13982403694065,0.671160032791885,0.902198877504385
"gene-LOC134721368|LOC134721368",121.249284782146,0.0907642894542977,0.150748305696813,0.266149715616579,0.62284117872065
"gene-LOC134721371|LOC134721371",10.5344172531344,0.00209551990080281,0.137481664483524,0.97366509368123,NA
"gene-LOC134721376|LOC134721376",8.85059407777961,0.0168637148054139,0.148767826406184,0.742724928559247,NA
"gene-LOC134721377|LOC134721377",76.0750916074805,0.145138210574631,0.180054623448754,0.117506773507976,0.424811661319983
"gene-LOC134721379|LOC134721379",54.4508812005456,0.0814085230274124,0.124985420517608,0.330981142660136,0.686328062567856
"gene-LOC134721382|LOC134721382",8.04174697219391,-0.0491686536877951,0.154573347269257,0.393150045829861,NA
"gene-LOC134721385|LOC134721385",42.0622008291475,-0.251769946419113,0.156143492320432,0.0194742699402611,0.15404144578058
"gene-LOC134721386|LOC134721386",33.1595192557352,-0.000170420699858818,0.145803609572158,0.995368762543227,0.998818370730995
"gene-LOC134721387|LOC134721387",245.67226830222,-0.0979757819759578,0.105089296865983,0.226245831648558,0.578325019101651
"gene-LOC134721393|LOC134721393",16.7580476826735,0.0765989736516441,0.137108023195363,0.347649568167481,0.701688133468584
"gene-LOC134721394|LOC134721394",70.9869068281703,-0.0269261868936123,0.0834199988578038,0.70319759399906,0.91221852127004
"gene-LOC134721395|LOC134721395",42.7996208431771,-0.126592720593079,0.135897330413355,0.159191361870459,0.492256784036321
"gene-LOC134721396|LOC134721396",469.705092804982,0.0617616355029213,0.10563795600474,0.435872224287578,0.774262707393159
"gene-LOC134721397|LOC134721397",9.31446309007203,0.0406856503050433,0.160952933281925,0.240340519616062,NA
"gene-LOC134721398|LOC134721398",60.083101790479,0.0525532184159369,0.141239631802504,0.475543104408905,0.796112897525551
"gene-LOC134721399|LOC134721399",8.66263661369571,0.00811373620677031,0.150287508337763,0.85845802952718,NA
"gene-LOC134721402|LOC134721402",8.72795552001144,-0.0146827055577985,0.15583190218234,0.57061649331589,NA
"gene-LOC134721405|LOC134721405",143.773822629624,0.888029870071722,0.483075623908751,0.0020010414686436,0.0499868006088618
"gene-LOC134721406|LOC134721406",63.3746147718569,0.00277844861674315,0.127298655704944,0.972774272678466,0.995073589829788
"gene-LOC134721419|LOC134721419",115.746548862433,0.0874404853243771,0.117234892584728,0.296648010227996,0.6584138763597
"gene-LOC134721420|LOC134721420",42.7502728586882,-0.00387274778616577,0.117647239128632,0.960351206858185,0.993195169444879
"gene-LOC134721422|LOC134721422",23.3000290038103,0.087547082832057,0.165823622475211,0.222135285010892,0.575437887563798
"gene-LOC134721423|LOC134721423",7.51174490677797,0.00491657870865165,0.155205031285221,0.855959876627287,NA
"gene-LOC134721426|LOC134721426",11.9635888739078,0.036797065900606,0.139225251038944,0.599811653378619,0.863909187532614
"gene-LOC134721431|LOC134721431",10.0155282021509,-0.0493995564678509,0.161736157308856,0.256220864778276,NA
"gene-LOC134721432|LOC134721432",11.8706249057581,1.63111368177282,0.699606152277753,0.189289058087077,0.53440519088157
"gene-LOC134721434|LOC134721434",19.6396278665894,-0.00691935995487906,0.156840141994708,0.616304612184045,0.872145629579647
"gene-LOC134721436|LOC134721436",36.5092991140151,-0.118611618958635,0.177723358354395,0.148492145446767,0.474370595033051
"gene-LOC134721439|LOC134721439",27.4630181243799,0.0160844712522103,0.137871103881014,0.813651593273013,0.946574899510975
"gene-LOC134721440|LOC134721440",30.9962223921036,0.187779962658426,0.171722550877886,0.0671402575638366,0.309064939258156
"gene-LOC134721442|LOC134721442",10.4296321019829,0.0084152443851896,0.154670965251469,0.777537328976539,NA
"gene-LOC134721450|LOC134721450",12.7732905983267,0.0393951233096781,0.159036860785925,0.315936149498893,0.673954755701071
"gene-LOC134721459|LOC134721459",10.933398680434,-0.0561606058543625,0.168777474869658,0.0869242862867141,NA
"gene-LOC134721461|LOC134721461",12.3282077762893,0.0243533432380584,0.139066809275976,0.716316123856083,0.918095313674698
"gene-LOC134721463|LOC134721463",14.4612011754063,0.00388369205471109,0.153015222882508,0.913119194052886,0.98134698001751
"gene-LOC134721465|LOC134721465",62.086941976784,0.0345206615093098,0.136463564883415,0.62925779729794,0.878886761835204
"gene-LOC134721476|LOC134721476",23.8759262325244,0.032279599521706,0.131827614163047,0.673119540226658,0.902706478486045
"gene-LOC134721477|LOC134721477",13.1646145676582,-0.0332602198082296,0.152501079031611,0.512413910272874,0.812565747681903
"gene-LOC134721478|LOC134721478",16.0384934828639,0.00645878877491743,0.130536101432764,0.929910409918113,0.985776220865099
"gene-LOC134721480|LOC134721480",19.7941733230824,-0.0997850411323206,0.150545546213618,0.234464859114341,0.588703647047044
"gene-LOC134721489|LOC134721489",49.418360775878,-0.652852949967904,0.268374754475787,0.000749813578256832,0.0294834104536791
"gene-LOC134721496|LOC134721496",15.2703401052025,-0.02741669315292,0.143527645056617,0.66295950447973,0.896423698479279
"gene-LOC134721501|LOC134721501",45.2175308236935,0.114935928057292,0.180279550711965,0.147547029130021,0.473158275555276
"gene-LOC134721502|LOC134721502",12.5079172613685,0.0762674562187635,0.159055013086579,0.278586150704453,0.637425926719599
"gene-LOC134721503|LOC134721503",76.6005564350961,-0.108542432463215,0.178367401633641,0.155056593117671,0.485838907112426
"gene-LOC134721504|LOC134721504",12.5782628822996,0.00690621336138308,0.128477265585384,0.925555412583021,0.983122891137876
"gene-LOC134721510|LOC134721510",38.1453713987914,-0.00214389562268092,0.155997842192702,0.900050351346751,0.976953709579421
"gene-LOC134721512|LOC134721512",11.7297944279271,0.116188212253392,0.204300885336619,0.071148461026171,0.318778527500172
"gene-LOC134721513|LOC134721513",30.0643392950881,-0.0584847269115861,0.124310279245954,0.469172653806052,0.793344379095317
"gene-LOC134721515|LOC134721515",5.89510068712032,-0.012031214163162,0.156475262117968,0.562187820760218,NA
"gene-LOC134721516|LOC134721516",13.9218613421967,0.0160502735162434,0.151443217379827,0.718829963128095,0.918664055811524
"gene-LOC134721531|LOC134721531",12.3129497173235,0.099199915240025,0.174673062610798,0.173252145426953,0.512118870705193
"gene-LOC134721549|LOC134721549",1456.74107134474,0.286703996026002,0.0953734644323545,0.000540207575081867,0.0242332553047288
"gene-LOC134721550|LOC134721550",73.8809852546213,-0.0275844432950537,0.11857888907638,0.72645869196568,0.919270819558614
"gene-LOC134721552|LOC134721552",15.6745003850242,0.0168875312317085,0.140093647332022,0.794954984311784,0.940131876210256
"gene-LOC134721557|LOC134721557",70.6380140767737,-0.0021547358356505,0.156706970573735,0.687068686443048,0.906613082139324
"gene-LOC134721566|LOC134721566",15.1374911114684,0.107241694364308,0.153144812549992,0.211204643196483,0.561603394064597
"gene-LOC134721568|LOC134721568",12.140128317982,0.0834097921762516,0.152383297580195,0.285788032231857,0.645205442303427
"gene-LOC134721573|LOC134721573",20.5394174441335,-0.022218351447157,0.152912776025133,0.602861153704829,0.864915664211658
"gene-LOC134721575|LOC134721575",15.9410871943113,0.959916043240514,0.33862690939686,0.000201429953394264,0.0137968688507684
"gene-LOC134721584|LOC134721584",8.83750584479407,0.00974161857174688,0.153910175903307,0.772584073792911,NA
"gene-LOC134721589|LOC134721589",20.0611680227532,0.000543196655673968,0.156511308346969,0.974031483584441,0.995073589829788
"gene-LOC134721590|LOC134721590",30.0868700315083,1.24435031261564,0.311208988938243,0.227174168233269,0.57883978065837
"gene-LOC134721593|LOC134721593",81.4593621917669,0.192366974671253,0.203567445888608,0.0644529621126331,0.300902861459047
"gene-LOC134721599|LOC134721599",11.9945501910267,0.019170373780198,0.156803581468046,0.457473633194264,0.785830303523799
"gene-LOC134721603|LOC134721603",8.28338061329413,0.0394367764466309,0.161295529367294,0.209222485266233,NA
"gene-LOC134721605|LOC134721605",20.4808587962993,0.0359628842051821,0.159102155094814,0.305944979166655,0.66555505898304
"gene-LOC134721608|LOC134721608",72.3408866185106,-0.0038531889246156,0.135998013191593,0.954876303225627,0.993195169444879
"gene-LOC134721612|LOC134721612",15.5034600984034,0.00321390441417051,0.146372187023256,0.953841114121011,0.993195169444879
"gene-LOC134721623|LOC134721623",66.5160149996026,0.0998102466543908,0.169382988883675,0.192446340095234,0.535931270708574
"gene-LOC134721624|LOC134721624",7.94467116706202,0.0200232851055776,0.157440634632021,0.381220442451234,NA
"gene-LOC134721626|LOC134721626",18.7828145089818,-0.017536899396534,0.148818140772671,0.729336397351422,0.920453597595794
"gene-LOC134721627|LOC134721627",15.8993026799602,-0.0148836466314197,0.132892311078067,0.837605040504542,0.952775733573916
"gene-LOC134721629|LOC134721629",28.8392105764673,-0.0846407582074905,0.136318458559451,0.305901765158027,0.66555505898304
"gene-LOC134721633|LOC134721633",12.8227099826897,-0.0233085845028627,0.143408240951029,0.704688150553384,0.91299191536742
"gene-LOC134721635|LOC134721635",120.764709219126,0.0115981351950789,0.0716506333265246,0.857151266884131,0.960195569331655
"gene-LOC134721636|LOC134721636",40.6549558108899,-0.127639715397503,0.117085425579217,0.136298990351399,0.454092347561932
"gene-LOC134721639|LOC134721639",9.3115631465693,0.0182858345471692,0.144580073617889,0.758842217055738,NA
"gene-LOC134721643|LOC134721643",25.5690000332181,-0.0121941276567038,0.133908170076883,0.862799425428056,0.962864810787792
"gene-LOC134721644|LOC134721644",9.91824545729352,0.0613497102392973,0.145451082978039,0.403622610297798,NA
"gene-LOC134721646|LOC134721646",19.0167103483308,0.0259447175938414,0.152732736646278,0.572034481476142,0.848988734157275
"gene-LOC134721650|LOC134721650",48.5085795384488,0.00325389669348792,0.152284072753312,0.937788629256913,0.988596772254934
"gene-LOC134721654|LOC134721654",15.0231310417069,0.000255763406413201,0.148714769871955,0.99659690229198,0.999206831011038
"gene-LOC134721661|LOC134721661",18.7363639137985,-0.0227710791182475,0.147465163532731,0.680606140304125,0.904728946940167
"gene-LOC134721665|LOC134721665",7.9355144522039,-0.0609048470522403,0.156364211401712,0.336185309040969,NA
"gene-LOC134721666|LOC134721666",11.8205270675125,0.00987056666879748,0.155553220704549,0.702003666413966,0.91221852127004
"gene-LOC134721669|LOC134721669",32.0578848084619,0.322113357090249,0.202451790382417,0.0120407857393329,0.111178183524573
"gene-LOC134721670|LOC134721670",16.5099329195635,0.127044726548159,0.184923468762887,0.132395131691462,0.447089816453161
"gene-LOC134721675|LOC134721675",266.358218610591,-0.102954090577333,0.0985874356653292,0.189326702279007,0.53440519088157
"gene-LOC134721676|LOC134721676",13.4127029617552,0.0283152364743987,0.141435342955883,0.667164045566229,0.899648590171596
"gene-LOC134721682|LOC134721682",52.1133382106812,0.336137775712236,0.340376286561983,0.0181592700651401,0.148110819865483
"gene-LOC134721689|LOC134721689",26.2381424077068,-0.00186789643936517,0.149010146997885,0.945775163347697,0.992150296257638
"gene-LOC134721694|LOC134721694",113.625293526336,0.523455291141665,0.221078574179235,0.00114828840353833,0.036032498179996
"gene-LOC134721705|LOC134721705",58.3083533763593,0.131380036165384,0.179318358738314,0.133765485504607,0.449237352146792
"gene-LOC134721707|LOC134721707",983.317876848549,0.233241837440766,0.110514715227232,0.0089160750420205,0.0942809880100327
"gene-LOC134721710|LOC134721710",1039.22005018944,0.0722417437504765,0.0868524065209849,0.320879443394946,0.678480571037232
"gene-LOC134721711|LOC134721711",19.222277903545,-0.0301998020871777,0.13282212094376,0.681670253413483,0.905106397054843
"gene-LOC134721713|LOC134721713",57.2348471133694,0.0649936946092911,0.150021462469759,0.367976145239284,0.717041310851711
"gene-LOC134721714|LOC134721714",73.6068213010138,0.0585927514931832,0.129256744347775,0.465932921607283,0.791174649702255
"gene-LOC134721718|LOC134721718",39.5710639511817,-0.0382040915178443,0.109748946736998,0.632388899717335,0.880863556910875
"gene-LOC134721724|LOC134721724",7.67677997381818,-0.00600940578821583,0.154073970323806,0.845824876278813,NA
"gene-LOC134721727|LOC134721727",9.49984825235754,-0.0243990512047348,0.156926307025258,0.419751243950635,NA
"gene-LOC134721729|LOC134721729",42.192385662484,0.346416486364016,0.194053170508025,0.00773720552828841,0.0871900394699788
"gene-LOC134721730|LOC134721730",6.97524151822109,0.0345118875360498,0.159766686524973,0.252913859512089,NA
"gene-LOC134721732|LOC134721732",46.1617934271609,0.251637803966262,0.229988967995136,0.033511463964659,0.207850761041006
"gene-LOC134721739|LOC134721739",78.6251515689325,-0.197232095609631,0.12166506456129,0.0323653934934488,0.203603925307352
"gene-LOC134721746|LOC134721746",51.4498818074366,0.139477889183911,0.121349148233317,0.113875418645905,0.418090153760471
"gene-LOC134721747|LOC134721747",46.9400914633758,0.027343842295573,0.115789626457381,0.730258426540575,0.920773194193084
"gene-LOC134721751|LOC134721751",52.390616848465,0.116652901101863,0.13896786989528,0.188336818631479,0.53318660290343
"gene-LOC134721755|LOC134721755",101.826089783091,0.00808563708752833,0.156143417796932,0.701157082588219,0.912179026142844
"gene-LOC134721762|LOC134721762",15.6096879065325,0.203022861836023,0.256327396618724,0.0471965778563903,0.253279023542718
"gene-LOC134721763|LOC134721763",13.2682205819417,0.09922951369968,0.193889863360844,0.0644791845983673,0.300902861459047
"gene-LOC134721766|LOC134721766",9.89066574919698,-0.0188464135802517,0.152372371961971,0.658701673907325,NA
"gene-LOC134721767|LOC134721767",24.6759012119133,0.0617789167555339,0.155486750997777,0.341597568340077,0.696873143289187
"gene-LOC134721768|LOC134721768",9.43902101661739,0.0286527212905892,0.154693046519383,0.498593970204979,NA
"gene-LOC134721769|LOC134721769",19.5232481014899,0.0126555862030909,0.130368717113957,0.861954381098153,0.962765107416313
"gene-LOC134721772|LOC134721772",9.00037699863733,-0.0292609272469842,0.147554635444839,0.612675230748547,NA
"gene-LOC134721773|LOC134721773",13.3298488898799,-0.0849103169112431,0.140772516292226,0.305024647959104,0.665413358732702
"gene-LOC134721775|LOC134721775",66.2605517056727,-0.0579337946858528,0.136885697213352,0.455154391964756,0.78423951225737
"gene-LOC134721776|LOC134721776",36.9628140599969,-0.0176246433971563,0.114122802515808,0.823804977332476,0.948340701521325
"gene-LOC134721778|LOC134721778",9.19775515646127,-0.298688661805348,0.310030321780243,0.0239527303697897,NA
"gene-LOC134721779|LOC134721779",12.3602745352017,-0.0448613012751579,0.13974809079391,0.533457494543974,0.827169848041837
"gene-LOC134721782|LOC134721782",34.2773625801361,0.145248891730754,0.138684811058624,0.118141533557633,0.425959919721591
"gene-LOC134721786|LOC134721786",33.7015837976984,-0.0711184535020806,0.142345826220969,0.364151218345828,0.712857211332275
"gene-LOC134721793|LOC134721793",38.4975471695311,0.0868032974406272,0.126824495829137,0.304587679153757,0.664687741078941
"gene-LOC134721795|LOC134721795",8.52064948466053,0.0368874465399049,0.15634732440846,0.407018716165929,NA
"gene-LOC134721798|LOC134721798",12.4742164967154,0.0359543943921674,0.154697637264539,0.452567393980384,0.782321383895536
"gene-LOC134721799|LOC134721799",278.352679099286,-0.0175957627564836,0.133194855357847,0.80451188484245,0.943228489187407
"gene-LOC134721804|LOC134721804",9.74783230625687,0.0375913423708927,0.15552375663603,0.426566530716212,NA
"gene-LOC134721813|LOC134721813",20.2264737858535,0.00229650430934872,0.14969726200213,0.963723070613205,0.994315594699941
"gene-LOC134721818|LOC134721818",53.4849904709359,-0.010869806113281,0.131393843367448,0.880644439398044,0.972386147839837
"gene-LOC134721824|LOC134721824",35.0372801951111,0.169871093704306,0.170439430863944,0.085682969333643,0.354829817979245
"gene-LOC134721825|LOC134721825",87.7908268170179,0.0999032845476596,0.134060039814804,0.245808732093527,0.602452313165747
"gene-LOC134721830|LOC134721830",209.846889007526,-0.0769620585929015,0.130998444038301,0.351183335713584,0.704311293818361
"gene-LOC134721834|LOC134721834",28.3724109979964,0.596604038473801,0.336032547432266,0.00321747554416431,0.0644506893595178
"gene-LOC134721835|LOC134721835",44.6746154388901,1.10236265631021,0.412796991703918,0.703000357675237,0.91221852127004
"gene-LOC134721837|LOC134721837",18.8061090341081,-0.122811501175569,0.170878966725162,0.154553472291653,0.485246214591124
"gene-LOC134721839|LOC134721839",42.4626438017759,0.0242700869920446,0.139945424001945,0.716868558927017,0.918367151875289
"gene-LOC134721840|LOC134721840",13.2601276120469,-0.0293143084642666,0.156560454201201,0.423934101510651,0.762105373827543
"gene-LOC134721841|LOC134721841",122.214923303771,-0.0135229445329204,0.149103015963731,0.778355697042137,0.934005335233767
"gene-LOC134721842|LOC134721842",48.5735065564264,-0.0320830075159075,0.131423298334371,0.664972936485132,0.89791817290232
"gene-LOC134721844|LOC134721844",40.2435737655128,0.0617830601091313,0.158391829572705,0.31473561642164,0.673678049934761
"gene-LOC134721845|LOC134721845",11.5235914569766,-0.066063429193858,0.163728666727347,0.248836356522431,0.605688800553262
"gene-LOC134721847|LOC134721847",17.4650937592508,-0.0162905192053268,0.147966169852476,0.754800514216823,0.926769328365683
"gene-LOC134721848|LOC134721848",15.0258922318204,0.0395038723104319,0.156734274371407,0.390524706006368,0.735856102066047
"gene-LOC134721850|LOC134721850",128.415093053494,0.110707790344194,0.200221760213722,0.0731469104880354,0.324927349936392
"gene-LOC134721851|LOC134721851",73.5480401118267,0.000427251293158208,0.113180474606468,0.99689683864372,0.999249860292761
"gene-LOC134721852|LOC134721852",20.3103326512708,0.023915605830434,0.154912895927722,0.530159538983586,0.826270826092971
"gene-LOC134721858|LOC134721858",14.0163379310686,0.0333075282529674,0.158686103853318,0.318057489833565,0.675423028928387
"gene-LOC134721870|LOC134721870",10.3674914656872,-0.0290350995401,0.151923429299143,0.554585359011113,NA
"gene-LOC134721871|LOC134721871",38.5659998298516,2.02701108120129,0.80134124734067,0.000323112905474896,0.0188828367694962
"gene-LOC134721872|LOC134721872",7.91266212182458,-0.0475115066526659,0.155893417461923,0.383187434295357,NA
"gene-LOC134721873|LOC134721873",7.69808629584656,0.00600195035931713,0.154653313847181,0.835600384417255,NA
"gene-LOC134721874|LOC134721874",57.4901144783619,-0.0231538354148359,0.112349719655908,0.768812616392222,0.931502256871707
"gene-LOC134721881|LOC134721881",14.6770089387573,0.121650932066352,0.227435744012247,0.0120105700732027,0.111178183524573
"gene-LOC134721882|LOC134721882",20.9915591584621,0.0532990309002028,0.14518012764309,0.447731942040317,0.780811563698191
"gene-LOC134721891|LOC134721891",17.0109074634577,-0.0194643946764353,0.134670231841538,0.782873183805497,0.93650745180113
"gene-LOC134721894|LOC134721894",13.8444984539576,0.0802959986531065,0.178485934081198,0.106699956610174,0.40525985889468
"gene-LOC134721897|LOC134721897",7.14288982587092,0.0407435169959515,0.159179261547837,0.313457858890671,NA
"gene-LOC134721898|LOC134721898",13.3867523892176,-0.00177119116583477,0.14598098404995,0.974113609585002,0.995073589829788
"gene-LOC134721900|LOC134721900",18.5365134484514,0.00202027685107924,0.131120212465336,0.979290818269465,0.995964714564617
"gene-LOC134721901|LOC134721901",40.2814015135823,0.252325379616139,0.301305920081954,0.0320423482089156,0.203603925307352
"gene-LOC134721903|LOC134721903",33.1961404571611,-0.0197298775832191,0.123638977824947,0.798779043584964,0.941503486006864
"gene-LOC134721906|LOC134721906",24.3943187376506,0.0593795734359768,0.14158469887502,0.431892333958422,0.769247412144407
"gene-LOC134721907|LOC134721907",25.6442777667531,0.0138038714870758,0.134185132481598,0.843786255668975,0.95511677644643
"gene-LOC134721910|LOC134721910",20.0989182046199,0.50257253845705,0.268661253247327,0.00348409897618551,0.0662498820247812
"gene-LOC134721914|LOC134721914",12.5081988713093,-0.103727560610192,0.182645056260631,0.139835465900795,0.461029736347062
"gene-LOC134721921|LOC134721921",21.7685858099696,0.084353792330026,0.164138849836828,0.235404747625225,0.58943720219052
"gene-LOC134721922|LOC134721922",11.5405841079904,0.170623403016904,0.192507228212205,0.0846025614069107,0.352234193569949
"gene-LOC134721925|LOC134721925",7.96839393295149,-0.0621990372679334,0.164104063780072,0.238190400621224,NA
"gene-LOC134721929|LOC134721929",219.067849855396,-0.123155308440316,0.114536238077904,0.148343035407602,0.474132029877784
"gene-LOC134721931|LOC134721931",26.2579933590905,0.000695865420730787,0.136070505809788,0.98783485265633,0.99704656962612
"gene-LOC134721932|LOC134721932",38.1298961928631,-0.134322803118648,0.127038938341081,0.131241895463998,0.445852965823803
"gene-LOC134721933|LOC134721933",8.66364037659368,-0.0082658032959175,0.148339943693445,0.870576107122811,NA
"gene-LOC134721936|LOC134721936",12.4055650409569,0.00636114272004895,0.15264723342625,0.85509148470504,0.959524269135346
"gene-LOC134721937|LOC134721937",10.9035520621101,-0.0427560632418111,0.144655646484375,0.523635337875908,NA
"gene-LOC134721938|LOC134721938",12.4089703095047,0.00456822208819497,0.150744950181301,0.914793976120706,0.98134698001751
"gene-LOC134721944|LOC134721944",164.845735276763,-0.0164391876660539,0.13934000395502,0.806409546313639,0.943922971337354
"gene-LOC134721948|LOC134721948",20.3465250164384,0.0287558294549113,0.143700144201052,0.650524066738944,0.890382102519784
"gene-LOC134721955|LOC134721955",11.2717435876881,-0.0478466708180042,0.155011730420692,0.39297605289476,NA
"gene-LOC134721957|LOC134721957",7.71003141134859,-0.0139196412877999,0.156258830753657,0.559342959651178,NA
"gene-LOC134721963|LOC134721963",146.146100797538,0.0804995267439755,0.132087978179817,0.335581794642181,0.690903694851549
"gene-LOC134721964|LOC134721964",257.193918211666,0.510677816759942,0.203871415819607,0.000842008039566732,0.0313660304797665
"gene-LOC134721966|LOC134721966",12.644876456936,-0.012332821135627,0.127772267020672,0.868728648204884,0.965641716233876
"gene-LOC134721967|LOC134721967",10.2289237486268,-0.00560397231224156,0.153161531432732,0.871300397919757,NA
"gene-LOC134721969|LOC134721969",13.973938933345,0.00718552188635097,0.155926401392134,0.742722722093078,0.922809345788751
"gene-LOC134721970|LOC134721970",170.504061682074,-0.164859802116117,0.0961815507594647,0.0373012609317433,0.222509428623231
"gene-LOC134721971|LOC134721971",160.449052376967,0.139802914538377,0.113947461635295,0.103252313140391,0.398265232785705
"gene-LOC134721972|LOC134721972",12.6748478434539,-0.0124318323551138,0.145542465943676,0.824310799915196,0.948664823027967
"gene-LOC134721973|LOC134721973",165.184862089577,0.0587575244049528,0.126638065292745,0.481071198471717,0.797844258383848
"gene-LOC134721977|LOC134721977",77.9026615462098,-0.0204790707224019,0.121636541266778,0.790647997437134,0.939281563534976
"gene-LOC134721979|LOC134721979",9.43021852768127,0.0512549569794462,0.160362657397259,0.296665111767668,NA
"gene-LOC134721980|LOC134721980",34.3343487595806,0.113249511740898,0.145533413254367,0.200183701664056,0.545880451664923
"gene-LOC134721982|LOC134721982",9.99200307082439,0.0191662388249908,0.153151624961414,0.638283611296214,NA
"gene-LOC134721983|LOC134721983",119.279044001323,0.0430300465622647,0.108912077169432,0.589164119392806,0.858619137271546
"gene-LOC134721984|LOC134721984",8.80997841657608,0.0585048719037725,0.16362963459549,0.240677463697675,NA
"gene-LOC134721994|LOC134721994",19.1505170653918,-0.02018782730064,0.142526765539626,0.746323593127644,0.923580623736145
"gene-LOC134721998|LOC134721998",7.24599929325388,0.019601831270892,0.152776900808977,0.640513243975424,NA
"gene-LOC134721999|LOC134721999",182.584477570009,0.0300889172348976,0.14713378323028,0.608238388024875,0.867140836352241
"gene-LOC134722001|LOC134722001",97.090049388334,0.326977417987213,0.119953771511848,0.000984561960882758,0.0333598919724636
"gene-LOC134722014|LOC134722014",11.2688442619173,0.0286680799839696,0.156007346729046,0.448776258222065,NA
"gene-LOC134722016|LOC134722016",14.1562457240878,0.580900011745039,0.295759884283041,0.0023141365609399,0.0552769048968115
"gene-LOC134722020|LOC134722020",130.603878299492,0.119945230249408,0.0852809173916103,0.0990409999712383,0.386812489158055
"gene-LOC134722021|LOC134722021",118.342026347957,0.196787267597667,0.173532269603282,0.0579001479513084,0.285877576693138
"gene-LOC134722024|LOC134722024",10.1759067163646,0.0296943216141881,0.147138313807958,0.615931358554179,NA
"gene-LOC134722027|LOC134722027",7.5211702785706,0.0291284931063388,0.156207083951027,0.443761578654633,NA
"gene-LOC134722034|LOC134722034",15.6492697332957,0.0574646363012963,0.163307888313823,0.24626291799455,0.602543836285028
"gene-LOC134722040|LOC134722040",613.402407434113,-0.200845063321291,0.242307382456631,0.0544246739792393,0.276685421246039
"gene-LOC134722042|LOC134722042",84.9296956744629,0.169547798618875,0.12945883591219,0.0676588576479951,0.310062534689014
"gene-LOC134722043|LOC134722043",88.7980901112139,0.215100922233375,0.129711649944794,0.0254114592076093,0.178075902257944
"gene-LOC134722044|LOC134722044",16.6573782918904,0.371573221554173,0.252009462609688,0.01046676570677,0.102859220009834
"gene-LOC134722045|LOC134722045",142.447178725022,-0.0507785504833374,0.133565027344713,0.51421275304302,0.813987689184446
"gene-LOC134722051|LOC134722051",140.183584631888,-0.00331257255093106,0.143852683570543,0.951833403325981,0.993195169444879
"gene-LOC134722053|LOC134722053",22.2137398386077,0.0559494628746154,0.130325940518267,0.482558988005525,0.797844258383848
"gene-LOC134722062|LOC134722062",152.569182692828,-0.371250895367203,0.187959197303112,0.00457591127412654,0.0716087786034719
"gene-LOC134722064|LOC134722064",55.2671680075711,0.0148847797216222,0.122562310158441,0.847362196178604,0.956699253750037
"gene-LOC134722066|LOC134722066",171.506090859942,0.0788155563603989,0.0954246997148246,0.305418026432988,0.66555505898304
"gene-LOC134722072|LOC134722072",22.4454629684325,0.431041895702964,0.245642187501426,0.00537953820168001,0.0743549033936444
"gene-LOC134722073|LOC134722073",9.08842853031646,0.0748634567248982,0.178466438550039,0.0678140930255838,NA
"gene-LOC134722074|LOC134722074",191.567901647535,0.147396763165775,0.0996072798969556,0.0662481791484149,0.307465632919251
"gene-LOC134722075|LOC134722075",128.651926040307,0.0268836015768424,0.12086376761698,0.732473275624545,0.921581278529676
"gene-LOC134722076|LOC134722076",5.69866321257614,0.00845739563336,0.156081021447796,0.697208239926036,NA
"gene-LOC134722081|LOC134722081",22.2656325922644,0.00642791297785531,0.147921525138898,0.889501064784675,0.974834075403238
"gene-LOC134722083|LOC134722083",16.9009099638152,0.140666397743787,0.212102126714705,0.0826651691413076,0.348035113965717
"gene-LOC134722085|LOC134722085",1039.5523807403,0.16834610414925,0.0911848054442164,0.0277681998104355,0.187169502947786
"gene-LOC134722086|LOC134722086",27.4493912176729,-0.0554863746462947,0.128139174877656,0.485672173957433,0.799263377177442
"gene-LOC134722087|LOC134722087",8.92954839405865,0.0157310388254803,0.134096663413788,0.842536833468386,NA
"gene-LOC134722089|LOC134722089",18.5743866802805,-0.059433336145788,0.150534463485762,0.386157268148757,0.732717940443776
"gene-LOC134722090|LOC134722090",191.343138476142,0.0750028681759949,0.085783425873183,0.301456392605594,0.661330506194431
"gene-LOC134722091|LOC134722091",46.3657452457916,0.0666189947796837,0.148830479838853,0.364689262566229,0.713035789609233
"gene-LOC134722097|LOC134722097",16.6811080275292,-0.0500823943168279,0.154762602416503,0.387807318347131,0.733405974480915
"gene-LOC134722098|LOC134722098",20.9492932150814,0.0823567189453848,0.140597065637772,0.315937512998355,0.673954755701071
"gene-LOC134722102|LOC134722102",31.987573571744,-0.0431198940577094,0.109284800184896,0.58971094592826,0.858619137271546
"gene-LOC134722103|LOC134722103",31.9425215827671,0.0299861956702577,0.155848042834956,0.454257516742065,0.783754166209901
"gene-LOC134722107|LOC134722107",22.5443283813303,-0.0150747871467668,0.153377913609664,0.685052445449843,0.905797117632455
"gene-LOC134722108|LOC134722108",17.0515120669471,0.0223260141972643,0.153944553697035,0.577069367866883,0.851304278210292
"gene-LOC134722115|LOC134722115",181.588017812555,0.264676452853607,0.167196259010257,0.0182994246892923,0.14830449779999
"gene-LOC134722116|LOC134722116",69.6591272575035,0.0691551185702024,0.153365987965719,0.331260990983142,0.686373957289212
"gene-LOC134722119|LOC134722119",6.6565704679399,-0.0208990092280514,0.156899357536851,0.433017824121468,NA
"gene-LOC134722121|LOC134722121",15.312298833294,0.00271505162925506,0.127017430331083,0.971579715065442,0.995073589829788
"gene-LOC134722122|LOC134722122",13.9949950608696,-0.0175957939802785,0.131989334195651,0.807046229651468,0.944489987490306
"gene-LOC134722124|LOC134722124",488.914617912674,-0.00603626774781884,0.131753545035393,0.934934565694413,0.987650610857945
"gene-LOC134722125|LOC134722125",9.84897032823374,-0.0108849565039975,0.143520181672496,0.854064219967823,NA
"gene-LOC134722127|LOC134722127",552.850259003995,0.265137578848237,0.153990163708198,0.0147301532812747,0.127835253953296
"gene-LOC134722128|LOC134722128",9.44290432340351,-0.0190527480031241,0.141967006310598,0.763450597808355,NA
"gene-LOC134722134|LOC134722134",88.0502208462254,0.0906055005375906,0.119807934625164,0.283363322694751,0.643731942070458
"gene-LOC134722135|LOC134722135",144.326679112553,-0.111232223220891,0.122958407559667,0.197434721405753,0.541589392744771
"gene-LOC134722137|LOC134722137",8.57907411621358,0.0372666639064577,0.159314707966408,0.299553539736262,NA
"gene-LOC134722139|LOC134722139",10.5053035948733,-0.0661665660883186,0.151589999358624,0.351311410834828,NA
"gene-LOC134722141|LOC134722141",12.5362393918799,-0.0770984135724107,0.150569835907739,0.315800033432973,0.673954755701071
"gene-LOC134722143|LOC134722143",28.8247945939667,0.041946032601556,0.124532141401113,0.59750485334807,0.861916670851489
"gene-LOC134722144|LOC134722144",30.4172455794563,0.403210940897387,1.05714602272294,0.0107148575262939,0.104496389205374
"gene-LOC134722146|LOC134722146",139.966907534366,-0.0154552429737854,0.130590593813649,0.832127757669664,0.95105951595356
"gene-LOC134722153|LOC134722153",8.21435512880148,-0.00877534471232197,0.155685726610711,0.7108673773821,NA
"gene-LOC134722154|LOC134722154",38.1420151571369,0.0972343848233957,0.175199464099393,0.171364309934082,0.509591947733876
"gene-LOC134722157|LOC134722157",60.8811794619508,0.0563435086879614,0.130200688299477,0.477751039794356,0.796862739129877
"gene-LOC134722163|LOC134722163",226.708724281422,-0.382876761964532,0.126979502918678,0.000302058768985769,0.0178229884967515
"gene-LOC134722166|LOC134722166",41.462355201243,-0.111724770552638,0.152635346287871,0.201415938939329,0.548014633356165
"gene-LOC134722170|LOC134722170",9.1816910379723,-0.0232845670328997,0.150347840579021,0.640874456974758,NA
"gene-LOC134722174|LOC134722174",9.89370604721179,0.00141439027966463,0.151193309678213,0.976129350786126,NA
"gene-LOC134722177|LOC134722177",50.1482924909464,0.190744938525474,0.140310964207544,0.0508601717881995,0.266177979803904
"gene-LOC134722180|LOC134722180",6.68273764597288,0.00883817611173263,0.155730850555004,0.711451486276178,NA
"gene-LOC134722181|LOC134722181",7.32358936836183,-0.00380568082153493,0.153764555821572,0.905918658927912,NA
"gene-LOC134722183|LOC134722183",29.7927465283385,0.342571146501289,0.268267191381534,0.0151329034490348,0.130089871754861
"gene-LOC134722185|LOC134722185",28.6683415081223,0.140633824618828,0.160925501592678,0.13251264889538,0.447089816453161
"gene-LOC134722189|LOC134722189",37.6358376573258,0.026470067322509,0.15692159708429,0.423425131803903,0.762105373827543
"gene-LOC134722190|LOC134722190",12.713423641365,0.684642092949222,0.415992906812623,0.00349640841520003,0.0662635276955988
"gene-LOC134722192|LOC134722192",10.2858980345243,0.0112813777231427,0.153969920733207,0.737611679794866,NA
"gene-LOC134722198|LOC134722198",33.3388550551656,0.263972127131823,0.186326747068656,0.023274300510054,0.16809217035039
"gene-LOC134722200|LOC134722200",19.4725670180147,0.0776005758792605,0.14993451779969,0.314915339736209,0.673836316466124
"gene-LOC134722203|LOC134722203",22.2830045922512,-0.117510399304143,0.160340617421887,0.177082146413481,0.518865350806748
"gene-LOC134722207|LOC134722207",13.2157215518892,0.0330461932358649,0.156720211853217,0.410747532419305,0.750368385914358
"gene-LOC134722211|LOC134722211",70.1344655978342,0.332402771115258,0.268336374141026,0.0165062504192614,0.137985321746319
"gene-LOC134722218|LOC134722218",9.67761041630534,0.0821552672083979,0.153828821066893,0.286240699334761,NA
"gene-LOC134722219|LOC134722219",27.6281807733915,-0.0700018262479803,0.118307898741205,0.395788386548324,0.738645746669163
"gene-LOC134722221|LOC134722221",27.5540833960778,1.14695719289952,0.448898728423965,0.000380788031855325,0.0212773663413897
"gene-LOC134722222|LOC134722222",34.9525479884489,0.827029585916135,0.328635482363394,0.000509563335485388,0.0242332553047288
"gene-LOC134722223|LOC134722223",15.6668627984332,0.034331541498425,0.153119253742295,0.495293913865208,0.805469040419039
"gene-LOC134722235|LOC134722235",15.7318273933416,-0.00511241179454827,0.155803433059995,0.802035083150801,0.942091735141177
"gene-LOC134722244|LOC134722244",6.66057694365778,-0.00256378019548147,0.153973836178292,0.93162239318932,NA
"gene-LOC134722250|LOC134722250",18.2499899877629,0.0136487856560892,0.149446842653937,0.774232450447781,0.932853633900032
"gene-LOC134722257|LOC134722257",12.9166861800086,-0.0294567258308579,0.15397331800667,0.510542695421664,0.811331686633469
"gene-LOC134722260|LOC134722260",125.977514439829,0.00772051006337207,0.147748656455946,0.887361191174037,0.974639405555405
"gene-LOC134722266|LOC134722266",48.5307346615943,0.0476232247851712,0.11561745980726,0.554953202824858,0.841561500906635
"gene-LOC134722268|LOC134722268",7.35345809788986,0.0146778812333473,0.155732249584094,0.595420285294538,NA
"gene-LOC134722275|LOC134722275",26.5438876292934,0.044460495521718,0.125935826646625,0.575405633948922,0.849997724348366
"gene-LOC134722283|LOC134722283",10.4432596484855,-0.0798581089100819,0.170122391804979,0.194848325465546,NA
"gene-LOC134722313|LOC134722313",42.7178842837781,0.183395849404463,0.128235565567717,0.0497655563617364,0.262857872325258
"gene-LOC134722342|LOC134722342",10.3394586509382,-0.0127046331232488,0.1512070549138,0.770351222304127,NA
"gene-LOC134722368|LOC134722368",202.674311035266,-0.0302538079643743,0.134570626982249,0.674877519160265,0.902757154397979
"gene-LOC134722399|LOC134722399",16.4319938756717,-0.0886105883649621,0.157075570600609,0.254297860352162,0.61027215997359
"gene-LOC134722400|LOC134722400",116.670317425532,0.0528526594902754,0.13287612907875,0.497677089249425,0.80632202571024
"gene-LOC134722422|LOC134722422",8.8495379275242,0.0540862317788257,0.169166758928215,0.042358753267556,NA
"gene-LOC134722425|LOC134722425",8.19445992315858,-0.048970985835251,0.162570208729264,0.229040426332935,NA
"gene-LOC134722436|LOC134722436",9.60781413534235,-0.054132885573712,0.15960077786766,0.306813855710927,NA
"gene-LOC134722439|LOC134722439",319.930704788248,0.0624343840226314,0.162343982669649,0.269037023405515,0.626237633327588
"gene-LOC134722444|LOC134722444",50.1179381112963,-0.02229602582109,0.122600582732973,0.774077765799656,0.932853633900032
"gene-LOC134722464|LOC134722464",15.6745449424803,-0.00914327035148833,0.14110668889537,0.885067248964043,0.973505184577419
"gene-LOC134722465|LOC134722465",16.8967643101258,0.0137160558832448,0.123310074608586,0.858468570410577,0.960724665058921
"gene-LOC134722477|LOC134722477",6.44804698081041,-0.0429908994278846,0.164757436310854,0.0458173167417534,NA
"gene-LOC134722486|LOC134722486",21.7645921418967,0.349577471987739,0.25474217642054,0.0132112729435934,0.118529307958718
"gene-LOC134722501|LOC134722501",99.5736697758003,-0.0957493737194864,0.179821520597613,0.143287518308364,0.467592977266537
"gene-LOC134722512|LOC134722512",8.16422322834008,-0.00723257685688375,0.155590937817776,0.759622366383339,NA
"gene-LOC134722540|LOC134722540",8.4078051438709,-0.0567578202010963,0.164313235958072,0.218681589393055,NA
"gene-LOC134722627|LOC134722627",43.16747993537,0.0795215880072686,0.164510361839175,0.238848200788915,0.593625844332964
"gene-LOC134722667|LOC134722667",15.9939222903973,-0.378855015938857,0.254013626699875,0.00992627410767057,0.099575379631278
"gene-LOC134722680|LOC134722680",97.4748658676328,0.03906585083014,0.163686855336382,0.03187417583557,0.203241741814395
"gene-LOC134722705|LOC134722705",38.7586490197197,-0.155330252008036,0.169449953714535,0.106393907529801,0.40525985889468
"gene-LOC134722735|LOC134722735",89.8473132760538,0.0379673344821959,0.128897127598355,0.622548881945441,0.875959858649807
"gene-LOC134722762|LOC134722762",12.3570090988717,0.00760126236859786,0.153839097976523,0.818957794904658,0.94756359521366
"gene-LOC134722801|LOC134722801",36.2881742387511,0.0954680374233872,0.165664980398978,0.210248432596322,0.560880826477626
"gene-LOC134722872|LOC134722872",59.4023833312609,-0.0303956112639407,0.130625011448474,0.684495799882198,0.905487482548216
"gene-LOC134722873|LOC134722873",8.87752700955031,-0.00414518563886332,0.156214038926099,0.815385299913333,NA
"gene-LOC134722878|LOC134722878",300.776589743029,0.00191275181258589,0.152417212447586,0.967024626377663,0.995070070324304
"gene-LOC134722881|LOC134722881",13.5055541347485,0.10058734689238,0.180775447446812,0.144551288148353,0.46923424149864
"gene-LOC134722913|LOC134722913",11.5109626745663,0.0274815269967331,0.154974882299014,0.497294382993773,0.80632202571024
"gene-LOC134722914|LOC134722914",9.61867677217497,-0.256749314848802,0.412190981277073,0.0231956927861412,NA
"gene-LOC134722916|LOC134722916",104.31853791934,0.0548760658456087,0.145370920824171,0.439471610552046,0.776703997507386
"gene-LOC134722926|LOC134722926",44.55334527581,0.0269177517879372,0.158232137570317,0.323706991180773,0.680532519413043
"gene-LOC134722928|LOC134722928",33.1348890748281,-0.0344255400164193,0.145630607937947,0.582288252743014,0.854654113796037
"gene-LOC134722939|LOC134722939",50.4184690169085,-0.0190160789525577,0.148328217889173,0.711983449975086,0.916378992026017
"gene-LOC134722950|LOC134722950",67.1279207625975,-0.0447378748609938,0.133376895971466,0.556361332903262,0.84222969086445
"gene-LOC134722962|LOC134722962",18.4273159289838,0.215197580345352,0.185974108964307,0.0471099948348654,0.25323580432619
"gene-LOC134722985|LOC134722985",73.2924933301418,-0.00991955328366433,0.122265162205942,0.898986226001639,0.976392542136477
"gene-LOC134723026|LOC134723026",11.8471711974579,0.0615328754488025,0.160184972112303,0.294700707113288,0.656378847661415
"gene-LOC134723033|LOC134723033",14.2760512210035,0.181045836157858,0.232635630716281,0.0619103316119144,0.295120916369641
"gene-LOC134723059|LOC134723059",13.8822835631014,-0.015023058937489,0.156112612533713,0.556248323181185,0.84222969086445
"gene-LOC134723090|LOC134723090",21.5226269855519,0.000981265746563787,0.153391925484585,0.957884754517259,0.993195169444879
"gene-LOC134723091|LOC134723091",43.6261229998451,0.0191249525730518,0.155123374841773,0.570425132954331,0.848701780072962
"gene-LOC134723092|LOC134723092",39.3620201929689,1.13661745409468,0.812861133141339,0.00313441935679048,0.0643380443666968
"gene-LOC134723093|LOC134723093",49.8141720029473,0.000645801077126692,0.14475094224084,0.998057491906091,0.999626764692107
"gene-LOC134723094|LOC134723094",36.0557497653902,-0.00264621966868416,0.12059394301993,0.976108253563231,0.995073589829788
"gene-LOC134723111|LOC134723111",14.8723533170266,-0.00343105397744077,0.147491168308408,0.945618524324321,0.992150296257638
"gene-LOC134723123|LOC134723123",11.348927919867,-0.0230800406221017,0.144915879645816,0.699041805680189,0.910869208354091
"gene-LOC134723153|LOC134723153",83.2047155828962,0.115201738300839,0.159312111715521,0.183371400521186,0.525295157570623
"gene-LOC134723190|LOC134723190",87.0539921887171,-0.154051864407698,0.118739522528084,0.0776252158781882,0.337523976207549
"gene-LOC134723224|LOC134723224",21.5292053633107,0.302938369614296,0.217317988996027,0.0174782628528916,0.143645164249218
"gene-LOC134723234|LOC134723234",621.847126987234,0.158764705382424,0.0942113666508556,0.0422532860866289,0.238399851525089
"gene-LOC134723260|LOC134723260",12.5546383117509,0.0982442268372429,0.157436561802588,0.228645588673111,0.580499162952458
"gene-LOC134723272|LOC134723272",18.5808357632109,0.349528669076088,0.361002067668512,0.0172348295309431,0.142394116876923
"gene-LOC134723289|LOC134723289",17.5358520404922,0.0145768941582797,0.143045782778773,0.799134948125286,0.941503486006864
"gene-LOC134723299|LOC134723299",9.18417706296689,0.0668024548814833,0.155860171746055,0.322867643461228,NA
"gene-LOC134723307|LOC134723307",466.695781348968,0.0597190494878778,0.117431348904185,0.461115387263682,0.787692415357913
"gene-LOC134723308|LOC134723308",35.5649812621743,-0.00249631586829514,0.119485001143315,0.973910620707368,0.995073589829788
"gene-LOC134723310|LOC134723310",53.079388985088,-0.0182755266474352,0.130477723928131,0.804336403021408,0.943228489187407
"gene-LOC134723320|LOC134723320",10.1572872052745,-0.10225994387995,0.165674148845156,0.200101782828616,NA
"gene-LOC134723321|LOC134723321",17.1464377473154,-0.0130425049073591,0.152840684391538,0.734716600102056,0.921921372263905
"gene-LOC134723395|LOC134723395",47.8722022930984,0.00267382812578421,0.150833056452051,0.952050915230166,0.993195169444879
"gene-LOC134723402|LOC134723402",105.813874443679,-0.0711361862666033,0.12539859828483,0.387436497561261,0.733405974480915
"gene-LOC134723425|LOC134723425",11.1870847375132,-0.0106477384233178,0.156090508182966,0.632702028132163,NA
"gene-LOC134723428|LOC134723428",655.63099718011,-0.261711389076521,0.352614122987382,0.0275839559270802,0.186808078264972
"gene-LOC134723439|LOC134723439",1760.22979297274,-0.124230794731579,0.194214661597895,0.112472789920347,0.414613235991094
"gene-LOC134723467|LOC134723467",220.847977220188,-0.0136139758833497,0.157427873713105,0.354446464179508,0.707595170969105
"gene-LOC134723511|LOC134723511",19.8302307221225,0.0337645610989139,0.147885901071555,0.571607861266639,0.848751066729252
"gene-LOC134723516|LOC134723516",721.462605926051,-0.0590401863810911,0.144819563776981,0.429396924888436,0.766393502812927
"gene-LOC134723523|LOC134723523",7171.76239861165,-0.350181574037459,0.207622459273678,0.00886630077378333,0.0940651786677637
"gene-LOC134723539|LOC134723539",160.510382199518,-0.0423598067389235,0.138481264484821,0.558650689925089,0.843645989811546
"gene-LOC134723546|LOC134723546",233.848099872572,-0.0157262787750157,0.154827215503569,0.619071968561121,0.874000097458853
"gene-LOC134723608|LOC134723608",66.8962590476149,0.0341046699242768,0.145205773414945,0.591354140688833,0.859636210905492
"gene-LOC134723620|LOC134723620",392.510853376327,-0.00366077079674976,0.152676957080577,0.917878439775067,0.982131130710269
"gene-LOC134723621|LOC134723621",7071.52138764299,-0.10983791298431,0.162580989376193,0.189867778586905,0.53440519088157
"gene-LOC134723624|LOC134723624",4791.78752398975,-0.0535386305874386,0.136502379998404,0.452095943509482,0.782143172231234
"gene-LOC134723625|LOC134723625",2279.86566130413,-0.0629179379562793,0.140255511858463,0.4131412349678,0.752562100870714
"gene-LOC134723626|LOC134723626",15.2858171247537,0.0314332170264447,0.160498493834397,0.146882595590172,0.472307992887126
"gene-LOC134723629|LOC134723629",117.270842607538,0.00642909441107299,0.157022545691845,0.577624896132909,0.851926508072848
"gene-LOC134723642|LOC134723642",977.489172826602,-0.249501875820016,0.383930904486986,0.0222918619461643,0.164748550868642
"gene-LOC134723643|LOC134723643",1364.63036821038,0.016893113991794,0.139503841889567,0.791420291828624,0.93946448995995
"gene-LOC134723655|LOC134723655",18.1935207549293,0.28029143152968,0.264287702764132,0.0266874108298692,0.183385983803956
"gene-LOC134723656|LOC134723656",5.22571967272313,0.00304030082863754,0.156354236016478,0.860402898198042,NA
"gene-LOC134723671|LOC134723671",484.30624779584,-0.0136002588188248,0.139578065840316,0.832339841933685,0.95105951595356
"gene-LOC134723672|LOC134723672",515.389478184387,-0.1215172183839,0.182570543386941,0.137960982222172,0.457172509972422
"gene-LOC134723674|LOC134723674",664.635971079159,-0.0904411269109107,0.164742496623359,0.219066829591595,0.572363197612071
"gene-LOC134723675|LOC134723675",538.751096455319,-0.111531362225957,0.176458397838656,0.15902066447526,0.492206818613899
"gene-LOC134723713|LOC134723713",8.39602173033297,-0.00584138289644453,0.15057020070103,0.892247593450021,NA
"gene-LOC134723744|LOC134723744",8.05789498299171,0.00270110157804158,0.153210900882453,0.937472925657554,NA
"gene-LOC134723765|LOC134723765",21361.4174888822,-0.139197164471017,0.163904641290601,0.131035087335726,0.445407420666263
"gene-LOC134723778|LOC134723778",14.8489330842515,-0.0830447372800526,0.178755353549006,0.119299060237978,0.427891336551758
"gene-LOC134723785|LOC134723785",46.7015637812894,0.18133962124551,0.150967908026394,0.0667957471745062,0.30899702941293
"gene-LOC134723789|LOC134723789",257.330425288473,0.00686632603169425,0.151250887351517,0.872924827060836,0.9673752157553
"gene-LOC134723814|LOC134723814",242.697786121388,-0.0666074754755923,0.169308471062195,0.166938383540561,0.503436484078935
"gene-LOC134723816|LOC134723816",248.730532186189,-0.129775646740308,0.198942513065183,0.102369482750422,0.396168654386506
"gene-LOC134723827|LOC134723827",51.3793070597688,-0.0572201434978611,0.136229436453212,0.45983095977155,0.78739871337225
"gene-LOC134723841|LOC134723841",416.372511952025,0.0018518000205342,0.156426398575879,0.925308402360229,0.983116205832622
"gene-LOC134723868|LOC134723868",255.076826208806,0.00898387226307249,0.0921256155635898,0.902721573531011,0.97811471736563
"gene-LOC134723874|LOC134723874",8.03901900984467,0.0240259760336866,0.154184304199415,0.555524515939394,NA
"gene-LOC134723985|LOC134723985",7.64139592157084,-0.0292302890864554,0.152215379111479,0.549318696896627,NA
"gene-LOC134724113|LOC134724113",25.987712200643,0.587848559335255,0.243239355680994,0.000882735050305815,0.0314773488266591
"gene-LOC134724149|LOC134724149",776.295896611131,0.144936387252261,0.109898696649414,0.0882826899256288,0.360398999298883
"gene-LOC134724165|LOC134724165",30.9827902135442,1.58818040066168,0.899403806491967,0.00165092331854313,0.0452988290113252
"gene-LOC134724181|LOC134724181",19.6967795103337,-0.128635752079229,0.168005317714769,0.149057035948708,0.47569805560785
"gene-LOC134724197|LOC134724197",225.291097202339,-0.024459300755113,0.0960598994873286,0.749154995892583,0.923580623736145
"gene-LOC134724233|LOC134724233",11.5795924724128,0.055847253345274,0.156006758259721,0.355443512178085,0.70821869645743
"gene-LOC134724260|LOC134724260",23.0184183164418,0.54752010799979,0.268723183252429,0.00225416233095706,0.0545970115901007
"gene-LOC134724276|LOC134724276",110.756016438306,0.0154022876693602,0.102955527864577,0.844419149733401,0.955408522877755
"gene-LOC134724334|LOC134724334",99.4234243941952,0.418736562582569,0.186354746493396,0.00209028033955072,0.0516088595462717
"gene-LOC134724400|LOC134724400",55.887450848873,0.0424999088678797,0.113064596656818,0.596225103833386,0.861916670851489
"gene-LOC134724417|LOC134724417",16.5463927813324,-0.110510176807254,0.191477001425041,0.111159941599933,0.413603287378254
"gene-LOC134724433|LOC134724433",79.9107095878616,0.0569270154544209,0.119598075349003,0.482703661850338,0.797844258383848
"gene-LOC134724450|LOC134724450",47.3177208026812,0.0410112876242979,0.143783587818623,0.545974563509594,0.835421083246724
"gene-LOC134724451|LOC134724451",75.3841485932176,0.0185608135122344,0.110827364630181,0.814693185770174,0.946574899510975
"gene-LOC134724452|LOC134724452",18.5696642581455,-0.00459277360617601,0.134024195133225,0.94652959977956,0.992150296257638
"gene-LOC134724453|LOC134724453",152.349324754691,0.0218108523231836,0.126979692349543,0.775102163829269,0.932993345350047
"gene-LOC134724455|LOC134724455",43.3340341608215,-0.0168283569235455,0.120032641553986,0.829829069710982,0.950922076265807
"gene-LOC134724464|LOC134724464",140.723327708149,1.37212223676354,0.823655868346815,0.00204497763607511,0.0506867997735348
"gene-LOC134724468|LOC134724468",33.3876689538442,-0.101194256632251,0.146000329306355,0.236098640111059,0.590452995904287
"gene-LOC134724472|LOC134724472",37.3808475302791,0.110062801568228,0.211551714646748,0.34153562206282,0.696873143289187
"gene-LOC134724473|LOC134724473",13.1292914651794,0.0206964706511935,0.153524845635129,0.609660170084054,0.867829113616854
"gene-LOC134724474|LOC134724474",6.51719335802065,-0.00490841683176909,0.15165576027452,0.901810225483854,NA
"gene-LOC134724477|LOC134724477",17.6853196912955,-0.034361132209401,0.144452637161843,0.591696038620649,0.859740822539584
"gene-LOC134724478|LOC134724478",23.9453012863398,-0.199982693486911,0.166052317617011,0.0534983282111197,0.274162792200187
"gene-LOC134724480|LOC134724480",32.7329348875226,-0.0652591884834656,0.118917552943843,0.423927640975041,0.762105373827543
"gene-LOC134724482|LOC134724482",10.6001464319155,-0.0532533955896922,0.154338526445523,0.379998935327614,NA
"gene-LOC134724490|LOC134724490",88.3362592263499,-0.0464992832606308,0.137348971887579,0.526944146857078,0.824928536613317
"gene-LOC134724491|LOC134724491",23.5477996144403,0.189521604979559,0.315069498580121,0.0262253364644881,0.1811880621245
"gene-LOC134724498|LOC134724498",22.1056315369833,0.064359283468003,0.143696022986126,0.3972290261724,0.73986809845561
"gene-LOC134724501|LOC134724501",34.3816153793254,0.112204096583093,0.153730917518868,0.19749091670164,0.541589392744771
"gene-LOC134724502|LOC134724502",80.4004575654144,0.0958783733924827,0.100215454164479,0.227113622112848,0.57883978065837
"gene-LOC134724504|LOC134724504",17.5224341898358,1.14661238176485,0.516356851640076,0.000831018728934714,0.0311689688179253
"gene-LOC134724510|LOC134724510",161.808213947579,0.03049006616544,0.104106754657937,0.698663008658417,0.910869208354091
"gene-LOC134724514|LOC134724514",29.8022126056038,-0.0150684974281543,0.107723229474444,0.848665084932861,0.957503125573181
"gene-LOC134724516|LOC134724516",323.922903606938,0.545616773918296,0.379164102855309,0.00563364983894614,0.0744530072076492
"gene-LOC134724518|LOC134724518",6.7957192772427,0.0145902186276661,0.156079629280081,0.570412591928027,NA
"gene-LOC134724522|LOC134724522",51.6403906351011,1.23850745667451,0.346266955927175,1.50830035612072e-05,0.00274510664813971
"gene-LOC134724523|LOC134724523",9.66607848629433,0.118168185053317,0.193068254962213,0.11204066173737,NA
"gene-LOC134724525|LOC134724525",119.834096198077,0.149519071111216,0.152879929411687,0.114561689894617,0.418760565471892
"gene-LOC134724527|LOC134724527",24.692858548976,0.0644074292309742,0.142411996963736,0.402009386443788,0.743582248387135
"gene-LOC134724529|LOC134724529",26.1097029119328,-0.0336566403388881,0.120604821642748,0.669019597678763,0.901174632525634
"gene-LOC134724530|LOC134724530",1674.6837225588,0.126935990138152,0.0906949307657846,0.0943083293030553,0.375230516964686
"gene-LOC134724544|LOC134724544",10.922570739646,-0.0169724278866946,0.154542798332377,0.619261733218679,NA
"gene-LOC134724545|LOC134724545",183.887999084529,-0.251599532035526,0.161106579337558,0.0212109824073168,0.160873972730988
"gene-LOC134724553|LOC134724553",9.1779279762295,-0.00459255053938593,0.156118766191858,0.81661093309905,NA
"gene-LOC134724560|LOC134724560",33.1601470892288,0.0382863273541649,0.12876407408993,0.618426843846013,0.873282863067857
"gene-LOC134724561|LOC134724561",21.1685402649862,0.290511911109558,0.18188644946455,0.0148906910047813,0.128702444641054
"gene-LOC134724563|LOC134724563",41.4395618600346,0.0558293130375021,0.162697800233402,0.253795299286133,0.61027215997359
"gene-LOC134724564|LOC134724564",316.920957929366,0.0722538400588155,0.0941438360447209,0.342237761550635,0.696948382697424
"gene-LOC134724569|LOC134724569",58.7268508155781,0.0261785862143864,0.117362568138539,0.739319275530109,0.922700584860266
"gene-LOC134724580|LOC134724580",21.2952079274663,0.534160835281691,0.28943142783709,0.00334540870158543,0.0657723871268494
"gene-LOC134724592|LOC134724592",12.6679552882253,0.176772603484979,0.218673951883058,0.0699013484204683,0.315795453502399
"gene-LOC134724593|LOC134724593",123.604679672898,-0.0552116365617032,0.0974857062370107,0.474099887467938,0.795503607539599
"gene-LOC134724595|LOC134724595",27.3257937151573,0.05156599371409,0.122035743974953,0.517348603780029,0.816326630190434
"gene-LOC134724596|LOC134724596",1712.26929940605,-0.0162942360545616,0.085547702378055,0.813527350276255,0.946574899510975
"gene-LOC134724598|LOC134724598",29.9414242687636,0.321068236031286,0.221467083036287,0.014329170285433,0.125380239997539
"gene-LOC134724599|LOC134724599",32.0664741656991,0.266559067762624,0.187046698937692,0.0225313463830639,0.165732882748403
"gene-LOC134724605|LOC134724605",10.4686669259214,-0.0196909441441043,0.156657109560987,0.46151727306709,NA
"gene-LOC134724614|LOC134724614",5.93838852871465,-0.00583690616851609,0.156151249636448,0.764490280146943,NA
"gene-LOC134724618|LOC134724618",8.33426004058002,-0.0266970533768307,0.15783904374809,0.352729712552224,NA
"gene-LOC134724622|LOC134724622",212.245230051389,-0.0234815380857861,0.12747989423979,0.756002453507627,0.927708655142282
"gene-LOC134724623|LOC134724623",32.6190212225847,0.063681547450448,0.120698500414497,0.436694734062888,0.775075356918528
"gene-LOC134724624|LOC134724624",99.5402413627438,-0.130534179467318,0.145385689580478,0.151604313963247,0.480218538013865
"gene-LOC134724625|LOC134724625",9.78395182104318,-0.119307209454374,0.203685778943056,0.0806340747404897,NA
"gene-LOC134724628|LOC134724628",7.02629640276387,-0.00775605931009921,0.155100043425676,0.763647897517764,NA
"gene-LOC134724630|LOC134724630",7.51909730192638,0.0112176235676709,0.154799410666775,0.715685318486444,NA
"gene-LOC134724634|LOC134724634",47.6118780110594,-0.0876538458722238,0.172474862225777,0.181854674112581,0.523695422286231
"gene-LOC134724638|LOC134724638",132.61646656938,0.101409964174232,0.112634072886156,0.222393786695102,0.575494359838129
"gene-LOC134724639|LOC134724639",21.5184494878567,-0.138352673605685,0.138182270938071,0.131019687922451,0.445407420666263
"gene-LOC134724643|LOC134724643",6.74543149781731,-0.0480395010297823,0.164575100043651,0.143478221587371,NA
"gene-LOC134724651|LOC134724651",19.6225473846999,-0.0180279039063026,0.148859531815798,0.722961210641,0.918664055811524
"gene-LOC134724653|LOC134724653",49.4829017958664,0.130844953502545,0.16204438317242,0.151698726341143,0.480278770771908
"gene-LOC134724656|LOC134724656",9.1099722772682,-0.0667210232833478,0.174237010342722,0.0665550537119775,NA
"gene-LOC134724657|LOC134724657",423.616977853907,0.00386420164827915,0.156601986741979,0.812080691581008,0.946018907827887
"gene-LOC134724664|LOC134724664",17.0915781282517,-0.0908498952203359,0.171274357967664,0.190477376681136,0.534746976403188
"gene-LOC134724665|LOC134724665",27.9635478424286,-0.026888792416069,0.150256104357549,0.604447094116426,0.865997779642735
"gene-LOC134724667|LOC134724667",48.4655371360646,0.0308396720480556,0.108614133693657,0.695856786537443,0.909243887238666
"gene-LOC134724671|LOC134724671",15.172279153296,0.167427928331219,0.192197356135172,0.0866585328045979,0.356598742871633
"gene-LOC134724673|LOC134724673",15.4700381451118,-0.0035096872515665,0.126559275467913,0.973456068377354,0.995073589829788
"gene-LOC134724675|LOC134724675",17.376743288537,0.0117804674114017,0.152003330182172,0.775472086356635,0.933150038194413
"gene-LOC134724683|LOC134724683",16.1851490532661,-0.00113771939976325,0.146324788442326,0.980833263083601,0.995964714564617
"gene-LOC134724688|LOC134724688",13.7949049765278,-1.22588025608933e-05,0.146130381315765,0.999906127643976,0.999944971219475
"gene-LOC134724701|LOC134724701",14.0931137736761,-0.0648696202111978,0.145449111433518,0.38660361033462,0.732717940443776
"gene-LOC134724705|LOC134724705",23.9035813356472,0.0156415732470376,0.151274953363977,0.723159623463229,0.918732908149336
"gene-LOC134724710|LOC134724710",12.3580054766465,-0.0316330776816999,0.153506570995558,0.503448829024864,0.807450717812619
"gene-LOC134724720|LOC134724720",13.6451289461339,-0.00119531721351956,0.154064439381105,0.965319443858028,0.994654333373548
"gene-LOC134724721|LOC134724721",35.1562295521219,0.0305073784093892,0.160602934898806,0.1110481955236,0.413529013531349
"gene-LOC134724723|LOC134724723",8.3321094088019,-0.0203086367830765,0.153436526847677,0.611860742074569,NA
"gene-LOC134724725|LOC134724725",52.9179017860111,0.0570965543314315,0.138523561119573,0.456577500218415,0.784855405113833
"gene-LOC134724727|LOC134724727",6.716974604331,-0.00245608458964462,0.153928358402888,0.933269722439323,NA
"gene-LOC134724731|LOC134724731",7.8030921771426,0.11763942513645,0.194996550718405,0.107103875756346,NA
"gene-LOC134724734|LOC134724734",523.926155341313,0.0632966638739833,0.106252954105581,0.428260414825648,0.764793619971791
"gene-LOC134724736|LOC134724736",39.1372020481451,-0.0418828113541084,0.132229277361361,0.582795378056578,0.855196166371896
"gene-LOC134724739|LOC134724739",31.1710430724422,-0.25946521372845,0.247406686392018,0.0319343448754009,0.203421776856304
"gene-LOC134724748|LOC134724748",7.8433842420044,0.462256447312921,0.338552689737815,0.00840121805133188,NA
"gene-LOC134724749|LOC134724749",9.78829519426946,0.0028726424556148,0.155467239988293,0.893996734673956,NA
"gene-LOC134724751|LOC134724751",23.5738917932815,0.0722112796783824,0.157080953144432,0.299444244314133,0.661248784615699
"gene-LOC134724756|LOC134724756",9.06028504434433,0.0170537904791123,0.153535661073372,0.655230802521759,NA
"gene-LOC134724759|LOC134724759",79.0692816079276,0.00975406481460914,0.128806384006967,0.897056968167691,0.975461401029053
"gene-LOC134724761|LOC134724761",33.7858591694146,0.0882512296706184,0.155363585713267,0.268718871223758,0.626093346633263
"gene-LOC134724765|LOC134724765",45.9000915356661,-0.0157088740910097,0.144523623904794,0.793153268549267,0.93946448995995
"gene-LOC134724767|LOC134724767",109.170617047233,0.181364028892274,0.263227118331814,0.0443414334044242,0.244032609969149
"gene-LOC134724768|LOC134724768",9.44489416212189,-0.00167731953170523,0.134887475208303,0.981003864116441,NA
"gene-LOC134724773|LOC134724773",13.5844795932595,-0.0334825032309865,0.148952842245698,0.559889677516798,0.843752874016389
"gene-LOC134724782|LOC134724782",49.5152295805199,0.0985945891262001,0.10578998090738,0.22991480906069,0.583004633792467
"gene-LOC134724786|LOC134724786",899.901077819507,0.337178885014316,0.16578019492374,0.00494296464748451,0.0728858444548063
"gene-LOC134724787|LOC134724787",98.0723127886429,0.291495753627586,0.248979020771084,0.022976411319257,0.167489472170364
"gene-LOC134724794|LOC134724794",13.8555323970139,0.0787266219897676,0.16718768221264,0.219168858667696,0.572363197612071
"gene-LOC134724795|LOC134724795",107.891086020145,0.0545252536062557,0.107252847232806,0.493867910328855,0.805016683723875
"gene-LOC134724801|LOC134724801",9.13512403653008,-0.070191581020207,0.174717055291009,0.0895481736449394,NA
"gene-LOC134724804|LOC134724804",8.89316823862822,-0.0122365405288739,0.154999965616957,0.675447515981799,NA
"gene-LOC134724809|LOC134724809",39.5660104928048,0.0154658951526668,0.149124867502833,0.758326249921634,0.928414032673612
"gene-LOC134724810|LOC134724810",36.3227223094141,-0.0905810685801388,0.137464388675539,0.281581481574071,0.64123294438424
"gene-LOC134724811|LOC134724811",10.5602171583801,0.00257600006007503,0.127284800175162,0.9730595410973,NA
"gene-LOC134724815|LOC134724815",9.36128847940397,0.12793456706386,0.194146003684551,0.113263381521429,NA
"gene-LOC134724817|LOC134724817",13.6622206574439,0.432656529395839,0.226319850452694,0.00410508737289341,0.0704988071886869
"gene-LOC134724819|LOC134724819",8.74092509093046,0.056384597580288,0.167258739734462,0.139708869811668,NA
"gene-LOC134724825|LOC134724825",15.7286663002074,-0.0410001117746286,0.151749689039526,0.471174401097848,0.795022709617561
"gene-LOC134724828|LOC134724828",36.4070828410146,-0.0363024130013683,0.137504974990566,0.611069202148905,0.868670122224621
"gene-LOC134724836|LOC134724836",14.7653887418516,0.431697642078434,0.359258051499186,0.0104796913322421,0.102859220009834
"gene-LOC134724838|LOC134724838",30.8519719093465,0.0761343565042937,0.129020666215293,0.359526068213924,0.710574326566148
"gene-LOC134724840|LOC134724840",10.0147486505386,0.109248588463261,0.172741823583348,0.173244554574796,NA
"gene-LOC134724841|LOC134724841",51.0591631318238,0.269449826117373,0.181694677517733,0.0204885848909196,0.157814130296442
"gene-LOC134724842|LOC134724842",428.503355893634,0.321738658657041,0.154309634443766,0.00491351715439988,0.0728858444548063
"gene-LOC134724852|LOC134724852",36.3494425793017,0.164687041602415,0.18140661012482,0.0925708227268181,0.37133258234876
"gene-LOC134724854|LOC134724854",184.86622487059,0.146458859098485,0.0907247276445572,0.0529506677260992,0.272672395646929
"gene-LOC134724856|LOC134724856",127.974689505947,-0.0353690396783975,0.12764798994329,0.646925897182704,0.888724022796429
"gene-LOC134724857|LOC134724857",12.5425333149213,-0.0823857180255802,0.171853015798763,0.184721506874636,0.526201219803013
"gene-LOC134724860|LOC134724860",76.8164444808924,-0.107576107676702,0.0944545837503737,0.161617722064372,0.496391031835766
"gene-LOC134724861|LOC134724861",29.3044310299618,0.0711244117734274,0.134290513919509,0.380433576212261,0.727863864246607
"gene-LOC134724863|LOC134724863",9.66424000357009,0.0178607323653799,0.152132543442351,0.678309830601924,NA
"gene-LOC134724864|LOC134724864",37.5973451328464,-0.00903809921275945,0.145065846180388,0.871081341407674,0.966717793550769
"gene-LOC134724865|LOC134724865",10.7892970604199,0.0104680834478835,0.153362803317988,0.771938265183066,NA
"gene-LOC134724866|LOC134724866",13.847613687124,0.205479261534897,0.244061281857773,0.05120150235284,0.267299309466208
"gene-LOC134724869|LOC134724869",7.70100768956186,0.0119589487691501,0.156391152516024,0.581145882685641,NA
"gene-LOC134724873|LOC134724873",47.9584599699128,-0.0756221605544036,0.111888446352484,0.354958190671533,0.708012407337132
"gene-LOC134724874|LOC134724874",75.6654184214467,0.027498273490597,0.149307405007707,0.613566746523866,0.871209577925122
"gene-LOC134724881|LOC134724881",69.6442157491237,-0.0913095989403879,0.1250283328505,0.281134407898168,0.641183737311612
"gene-LOC134724883|LOC134724883",1016.62726226794,0.451003829642124,0.131306738129916,5.82791351564891e-05,0.00662925162405063
"gene-LOC134724884|LOC134724884",949.036124146251,0.726966403452808,0.197561910909373,1.35710317932127e-05,0.00254257272125779
"gene-LOC134724888|LOC134724888",1730.23928926708,0.153639458825339,0.15792909294635,0.109787512854147,0.412350505236391
"gene-LOC134724892|LOC134724892",52.8658775375962,0.0559339774296022,0.13318900445732,0.47745647601515,0.796791709893797
"gene-LOC134724893|LOC134724893",137.373540805837,0.165635148909638,0.218076325063028,0.0749199390378197,0.330041501847103
"gene-LOC134724894|LOC134724894",47.6047328580726,0.0410415518556255,0.117502298017762,0.602710175692676,0.864893854283025
"gene-LOC134724895|LOC134724895",26.5667175172413,0.0821170221749644,0.1764097121403,0.140323573854883,0.461705147446076
"gene-LOC134724899|LOC134724899",126.360067313908,-0.00659821360303949,0.0845810417739945,0.920770484358731,0.982757908932201
"gene-LOC134724901|LOC134724901",6.66456968674701,0.00509013467188581,0.155641425799368,0.826998011957894,NA
"gene-LOC134724904|LOC134724904",24.4779731637757,-0.0595508529733886,0.152714097553739,0.370249719934622,0.718613868367928
"gene-LOC134724908|LOC134724908",16.9139442206798,-0.0874756503106411,0.187001125481216,0.0561778947226938,0.281331123729213
"gene-LOC134724909|LOC134724909",42.9283071622314,0.141678476009639,0.135235988561298,0.121500351731698,0.43255893975222
"gene-LOC134724910|LOC134724910",11.950903053369,0.0343243456665724,0.145056473764272,0.589384212293101,0.858619137271546
"gene-LOC134724914|LOC134724914",38.6087478555272,0.140148654498984,0.171835421213291,0.126688994738992,0.438591791569229
"gene-LOC134724916|LOC134724916",65.0671667164611,-0.0431161980715823,0.1316009624856,0.57299015384241,0.849064411433162
"gene-LOC134724917|LOC134724917",9.30331155962801,-0.0116650215057944,0.155245908188015,0.67518269981422,NA
"gene-LOC134724918|LOC134724918",115.161837572168,-0.0539177389552426,0.0960991861696414,0.481836063177453,0.797844258383848
"gene-LOC134724922|LOC134724922",52.2434539407481,0.0179401164475843,0.122275402984846,0.817466561619827,0.946574899510975
"gene-LOC134724923|LOC134724923",32.7308611552856,0.0296352279379446,0.159268702483414,0.252137604766636,0.608109196337545
"gene-LOC134724924|LOC134724924",12.1575705880422,0.0160564020013284,0.152366924021526,0.699095692251672,0.910869208354091
"gene-LOC134724925|LOC134724925",11.754844420954,0.0384251204553647,0.14073276980874,0.578676097199433,0.852489995180479
"gene-LOC134724927|LOC134724927",17.9682554699963,0.135242926818949,0.162737837246711,0.14146321724851,0.464495203027323
"gene-LOC134724931|LOC134724931",16.0148647297951,0.0756393219985018,0.156596483967497,0.292973051345771,0.653476856237743
"gene-LOC134724932|LOC134724932",1909.05403820137,0.0871179258765646,0.0647107453271346,0.120029010197778,0.429542019640364
"gene-LOC134724935|LOC134724935",43.8429581655902,-0.00709624735500079,0.125724170900856,0.924344934731853,0.983116205832622
"gene-LOC134724938|LOC134724938",15.3442294975124,-0.028762284636174,0.152440964214349,0.549003015825237,0.836442377350525
"gene-LOC134724942|LOC134724942",21.2840254873925,0.0487669146555202,0.134668572916437,0.522808959061027,0.822155204198896
"gene-LOC134724944|LOC134724944",84.7530321964908,0.112676137848845,0.208669051824959,0.0424391625168722,0.238814015223035
"gene-LOC134724945|LOC134724945",31.6922892172284,0.0967443415558453,0.182292415506337,0.133152393854869,0.448656231614172
"gene-LOC134724946|LOC134724946",36.4166443608123,0.196186694721908,0.166535330872123,0.0568678916006829,0.282785690473341
"gene-LOC134724950|LOC134724950",11.623447445228,0.005528171588142,0.140376543957211,0.932697774271953,0.987013550100481
"gene-LOC134724952|LOC134724952",46.9218549668951,0.139105626529641,0.151155496981561,0.133926017277152,0.449364262715381
"gene-LOC134724954|LOC134724954",55.9952079216616,-0.632859660211864,0.202887533857454,0.000107974297592071,0.00893241916443498
"gene-LOC134724956|LOC134724956",9.01240352479444,-0.132429113975578,0.199106472499824,0.10433847104357,NA
"gene-LOC134724958|LOC134724958",14.6334515118168,0.0109820256606357,0.119354940625055,0.885171433135387,0.973505184577419
"gene-LOC134724959|LOC134724959",15.6262314802227,0.0363750413670672,0.145126441411283,0.573009720515316,0.849064411433162
"gene-LOC134724960|LOC134724960",12.4560081736578,0.00259352762441617,0.12539591539771,0.974212292755655,0.995073589829788
"gene-LOC134724966|LOC134724966",17.4352218677292,-0.0397794437169945,0.154881797740803,0.428120706088665,0.764793619971791
"gene-LOC134724967|LOC134724967",9.29261072644194,0.0138338583448978,0.146863434241879,0.799697258565922,NA
"gene-LOC134724971|LOC134724971",15.0232792544918,0.015156532608874,0.147089450154116,0.780578078989176,0.935148645411015
"gene-LOC134724973|LOC134724973",51.5826671139184,0.404120590958804,0.173749952044433,0.00188396275360917,0.0486090314650166
"gene-LOC134724984|LOC134724984",9.31092706289756,0.104463501129234,0.186325483527213,0.122229062879726,NA
"gene-LOC134724985|LOC134724985",11.2156057372167,-0.0188819584110874,0.134923342728865,0.789438193249175,NA
"gene-LOC134724986|LOC134724986",14.1413804593343,-0.0218208372283287,0.151369349596408,0.639966369827295,0.884229780451533
"gene-LOC134724987|LOC134724987",11.7015175128661,-0.0160503751933456,0.1331372211726,0.797038871303071,0.940819292107845
"gene-LOC134724988|LOC134724988",18.2544596372882,0.0171812862761965,0.144188416685394,0.773092732435076,0.932853633900032
"gene-LOC134724993|LOC134724993",11.5041447044981,0.0112945786818401,0.149233334305492,0.819866923801153,0.947588510304588
"gene-LOC134724994|LOC134724994",23.2843478683499,0.0499791875877519,0.146723508931715,0.462729406997081,0.788644909070043
"gene-LOC134724997|LOC134724997",8.7935764041161,-2.48262239068161e-06,0.152474116190942,0.996197010730617,NA
"gene-LOC134725003|LOC134725003",10.1753234318182,0.0299663464930038,0.15901673908441,0.272746265838958,NA
"gene-LOC134725004|LOC134725004",80.3565589160693,0.00978734583135102,0.0940836979162915,0.897946677927764,0.976095620887348
"gene-LOC134725006|LOC134725006",13.9060474901315,-0.0451812580351554,0.154994847805399,0.404639262566993,0.746169250693875
"gene-LOC134725007|LOC134725007",58.9676980422466,0.0880079659051243,0.154859471637883,0.264151576764013,0.620778359380389
"gene-LOC134725011|LOC134725011",14.9606429489017,0.142747493623914,0.186767123352408,0.114064110407178,0.418532574978688
"gene-LOC134725012|LOC134725012",55.0187987022727,1.26764024021484,0.674332287473477,0.00152006648465572,0.043034771143364
"gene-LOC134725013|LOC134725013",19.0712751926445,0.0135242427981756,0.15312885638636,0.722865259767326,0.918664055811524
"gene-LOC134725016|LOC134725016",29.2677487875092,-0.00098540410466067,0.146207246869108,0.993532355653616,0.998315823215436
"gene-LOC134725018|LOC134725018",24.0086637436706,0.04541038401174,0.157318182251013,0.360932693155086,0.712514687114686
"gene-LOC134725021|LOC134725021",78.1277214430848,0.0520686926463012,0.133839276125027,0.50187352460859,0.806492016083935
"gene-LOC134725022|LOC134725022",13.5021210300039,0.125897859981227,0.193521694723575,0.114573901204242,0.418760565471892
"gene-LOC134725029|LOC134725029",30.6624054614075,0.144005942399936,0.15419290951474,0.124104166151035,0.435728136182882
"gene-LOC134725030|LOC134725030",9.46898998377434,0.0130301396437662,0.132868733622631,0.857591954342071,NA
"gene-LOC134725031|LOC134725031",17.8105984850416,-0.0454359811034535,0.129221408455725,0.560550651358544,0.843752874016389
"gene-LOC134725041|LOC134725041",63.5934568024409,0.129703612995445,0.207650258398105,0.0833079651842531,0.349355983030739
"gene-LOC134725042|LOC134725042",59.2824511789799,-0.120492629171105,0.162173197229912,0.168538569310473,0.505695094916493
"gene-LOC134725045|LOC134725045",83.9169940363723,0.146400435246797,0.20551638766024,0.0919879315678352,0.369919240167074
"gene-LOC134725054|LOC134725054",27.5600419406982,-0.0273001425064669,0.155420636309994,0.483272600243341,0.797844258383848
"gene-LOC134725055|LOC134725055",22.3564097217698,-0.00201596859742334,0.134434106150691,0.976132783197844,0.995073589829788
"gene-LOC134725056|LOC134725056",14.8534502146489,0.0288117024385622,0.149327270408019,0.599860897149206,0.863909187532614
"gene-LOC134725059|LOC134725059",17.0429133672589,1.08575603696754,0.406057770627566,0.000281720760989505,0.0174229247330403
"gene-LOC134725067|LOC134725067",11.2580454085594,0.0302149319152653,0.151635309610981,0.556121059749588,NA
"gene-LOC134725068|LOC134725068",39.4907711417952,0.119436742971274,0.135086050638003,0.182069021451883,0.523948949382263
"gene-LOC134725070|LOC134725070",22.4390220964138,-0.0800161063118613,0.158548650491093,0.26826835298333,0.625291917170172
"gene-LOC134725071|LOC134725071",28.3271568726449,-0.121251094393417,0.177299971188215,0.147627158198495,0.473158275555276
"gene-LOC134725072|LOC134725072",16.8395986705943,0.0297265153436667,0.15442954854938,0.498353652959442,0.80632202571024
"gene-LOC134725077|LOC134725077",11.2080545118771,0.0631744546772103,0.163282690110216,0.253812434586423,NA
"gene-LOC134725080|LOC134725080",28.4704672794001,0.0246344005586011,0.115010839318997,0.753783675987053,0.926029928816253
"gene-LOC134725087|LOC134725087",12.6793804168397,-0.0510014383255067,0.158806559872142,0.32243153808366,0.67977286879096
"gene-LOC134725089|LOC134725089",635.861190164556,-0.163780753857486,0.233324036708289,0.0641099382981075,0.300500593788775
"gene-LOC134725095|LOC134725095",590.362405614652,0.0145758286052428,0.124039038781574,0.85002828494762,0.957503125573181
"gene-LOC134725097|LOC134725097",8.01086530246605,0.0056448934340067,0.153615206660557,0.864496656122194,NA
"gene-LOC134725100|LOC134725100",84.1541846779331,0.222070160429331,0.179964534302809,0.0410654920145624,0.235524869280562
"gene-LOC134725101|LOC134725101",110.854763820477,0.0770612552143874,0.139027599335193,0.343002002817967,0.698058389121549
"gene-LOC134725107|LOC134725107",8.34866076850182,0.0268274333387614,0.150250647224156,0.605237220568608,NA
"gene-LOC134725111|LOC134725111",39.8679002423547,0.0605097013523242,0.114067732119957,0.456039266166008,0.784737034279983
"gene-LOC134725113|LOC134725113",163.023350942444,-0.0230601111288672,0.0952981344477174,0.760717549153609,0.928686892939909
"gene-LOC134725114|LOC134725114",42.1487060294875,0.287720095443573,0.159292046455292,0.0107979440866679,0.104756692586241
"gene-LOC134725116|LOC134725116",37.6004653008359,0.0348462823912862,0.12494217002372,0.653997961894876,0.892064949401631
"gene-LOC134725125|LOC134725125",854.25698293595,0.190125764988117,0.113311792304283,0.0312890245793212,0.200716099265132
"gene-LOC134725126|LOC134725126",136.190019179933,-0.187140978628023,0.152997640584131,0.060489455738268,0.292562160171218
"gene-LOC134725128|LOC134725128",10.8655300495602,0.071633309755907,0.163861934220019,0.249176677387634,NA
"gene-LOC134725130|LOC134725130",8.87974319027841,0.0256193263024435,0.151197521258138,0.605685602969625,NA
"gene-LOC134725131|LOC134725131",40.5405338720704,-0.105332928409839,0.133362988637791,0.224476222352502,0.576578038865095
"gene-LOC134725132|LOC134725132",17.7068464207497,0.38610320876586,0.255699608937742,0.00912904744132015,0.0950615584732939
"gene-LOC134725134|LOC134725134",39.4930213625997,-0.0269860443366947,0.108096316341631,0.731942205793536,0.921440086115897
"gene-LOC134725135|LOC134725135",37.9315973633068,0.0559684920709519,0.134521804862775,0.474330770014923,0.795503607539599
"gene-LOC134725138|LOC134725138",8.21445974459172,0.0100713986242797,0.153490950039489,0.775308183319442,NA
"gene-LOC134725139|LOC134725139",21.6348873494227,0.0665844832588501,0.133728687873569,0.407971774019091,0.74806568811215
"gene-LOC134725140|LOC134725140",60.7241742494815,-0.13892327118106,0.154581006770707,0.133962752731006,0.449364262715381
"gene-LOC134725142|LOC134725142",11.9941767405839,-0.234857126289935,0.389580379994542,0.0230591906523941,0.167595340909165
"gene-LOC134725149|LOC134725149",65.9600941511794,0.00943528292845446,0.131788475472941,0.894933906914043,0.975254009504506
"gene-LOC134725150|LOC134725150",34.8004138113713,0.0243737398140434,0.124840467360591,0.752519876452971,0.925609926541445
"gene-LOC134725151|LOC134725151",17.1513318766891,-0.0965244681601926,0.154261277137232,0.239091244514592,0.5937160081467
"gene-LOC134725152|LOC134725152",176.00917871965,0.623081459393643,0.214065316253979,0.000218558824077885,0.0143527805090323
"gene-LOC134725159|LOC134725159",26.0580326270734,0.175862274869824,0.277005872744938,0.0370227170319787,0.221597983061406
"gene-LOC134725160|LOC134725160",13.153108785049,0.00422545457273723,0.143957124489575,0.943935812522089,0.991568457415189
"gene-LOC134725162|LOC134725162",15.4056233160499,0.0786121494531916,0.153944731710695,0.296498838646938,0.6584138763597
"gene-LOC134725164|LOC134725164",10.4029353879192,-0.00977526657445693,0.145589202488547,0.860144700916596,NA
"gene-LOC134725165|LOC134725165",8.98548759629212,-0.00766276217065704,0.152382660911778,0.839245541476968,NA
"gene-LOC134725166|LOC134725166",36.7958437012705,-0.0707576171021461,0.131187170630913,0.386288095591555,0.732717940443776
"gene-LOC134725167|LOC134725167",8.16223184876333,-0.0146888505601099,0.148901964855588,0.769877811933898,NA
"gene-LOC134725168|LOC134725168",29.5627550733777,0.640715757455339,0.319272305727728,0.0019647111545457,0.0494322330743247
"gene-LOC134725169|LOC134725169",18.895037334332,-0.0382766932304419,0.15599406590746,0.408851170144064,0.749031335581733
"gene-LOC134725171|LOC134725171",66.962472184207,0.493177025922216,0.225214726484722,0.00187646447817438,0.0486090314650166
"gene-LOC134725173|LOC134725173",7.56914722186257,0.0245657123108379,0.156055690179202,0.472484221508801,NA
"gene-LOC134725176|LOC134725176",12.2284573080983,0.042392539758965,0.158125691152085,0.346421739552468,0.700929818405715
"gene-LOC134725177|LOC134725177",173.810343687221,-0.0166471780355629,0.0861852983298156,0.822127570403961,0.948153298297698
"gene-LOC134725179|LOC134725179",23.8082914460336,0.0345286092363551,0.12514784042516,0.659747690185428,0.894421762750398
"gene-LOC134725182|LOC134725182",58.3055775042315,0.219935896356263,0.152828055842611,0.0335048607588456,0.207850761041006
"gene-LOC134725183|LOC134725183",9.7715062471148,0.0975948262374569,0.189944267628042,0.0846859092110039,NA
"gene-LOC134725187|LOC134725187",36.3609869605256,0.219653992298819,0.215621241295258,0.046826254030511,0.252686670097416
"gene-LOC134725188|LOC134725188",29.3380160763985,-0.000190222522837008,0.130901569886612,0.996470917135802,0.999206831011038
"gene-LOC134725190|LOC134725190",33.5600296746503,0.0805072383100251,0.139597590991984,0.326989800533447,0.682916592314866
"gene-LOC134725192|LOC134725192",15.5940881431595,0.0473747178446465,0.149033838297941,0.466804198975242,0.791854205969224
"gene-LOC134725196|LOC134725196",39.8251067201256,0.35249804472348,0.141893545231855,0.00163174914276722,0.0452988290113252
"gene-LOC134725203|LOC134725203",19.5703924671993,0.0591273269680335,0.128750102463527,0.462674064028945,0.788644909070043
"gene-LOC134725204|LOC134725204",22.0727037720736,0.406965086890066,0.265286282550167,0.00816342608781334,0.0898692377821561
"gene-LOC134725207|LOC134725207",22.5601165746739,-0.100895485099802,0.169744187040048,0.189540990184329,0.53440519088157
"gene-LOC134725208|LOC134725208",6.90418590441083,-0.00562257909161674,0.153251625915695,0.878610752100682,NA
"gene-LOC134725209|LOC134725209",8.02250933105756,0.011791486197166,0.149390071928037,0.807568512580131,NA
"gene-LOC134725212|LOC134725212",6.95670792625311,0.00107391201632291,0.152974102345403,0.979582116537109,NA
"gene-LOC134725221|LOC134725221",157.121236162854,0.0469393145577568,0.113260137226416,0.562045266655822,0.844253162553628
"gene-LOC134725225|LOC134725225",29.1132909062419,0.0748432590634457,0.164553222861501,0.240839424496896,0.595554011663521
"gene-LOC134725236|LOC134725236",30.2395730610054,-0.0282753062777321,0.127977063063909,0.711741397105976,0.916378992026017
"gene-LOC134725243|LOC134725243",15.7639951424977,0.0312624650441604,0.143389243925035,0.628708533498048,0.878733733018258
"gene-LOC134725244|LOC134725244",14.7675417190482,0.0560823453663898,0.146987154146647,0.42575431800574,0.764005082633358
"gene-LOC134725246|LOC134725246",13.4831505759116,0.162118784581574,0.259176120236558,0.040368070547935,0.233632092638351
"gene-LOC134725247|LOC134725247",8.24495705206782,-0.0194915858562084,0.154286098355823,0.596602743567236,NA
"gene-LOC134725248|LOC134725248",13.7488750348571,-0.00188888840310992,0.134162695185615,0.978115139563528,0.995964714564617
"gene-LOC134725249|LOC134725249",19.4023318937103,0.046307360435664,0.154276152937938,0.411669298922142,0.751169703275292
"gene-LOC134725251|LOC134725251",7.30313666579121,0.0895075558094052,0.179495097002766,0.134315742074052,NA
"gene-LOC134725254|LOC134725254",18.7021946491148,0.0161270915286137,0.124926201127349,0.832020410942169,0.95105951595356
"gene-LOC134725257|LOC134725257",8.03432140898644,0.00295626769706074,0.156124578406477,0.877876336174765,NA
"gene-LOC134725258|LOC134725258",47.9436554398933,0.243038306596182,0.270445903834929,0.0361450615912248,0.218984791100482
"gene-LOC134725261|LOC134725261",25.4353272726991,-0.0348769328536018,0.158134328316673,0.344830099186437,0.698917933914724
"gene-LOC134725264|LOC134725264",8.23403651438492,0.0169334123630284,0.153088828287532,0.670047723427936,NA
"gene-LOC134725265|LOC134725265",10.8280644596544,0.033798003017823,0.146391163889165,0.584550702327744,NA
"gene-LOC134725266|LOC134725266",52.1134847988201,0.260012899154317,0.178278047004268,0.0223072207877196,0.164748550868642
"gene-LOC134725267|LOC134725267",25.7644974331599,0.0576483360506167,0.134933018863674,0.462696370873976,0.788644909070043
"gene-LOC134725269|LOC134725269",301.34112050032,0.0724061617353921,0.133991010540904,0.375048369977671,0.722408606877637
"gene-LOC134725270|LOC134725270",215.733781268901,-0.0451733731073921,0.104907369075659,0.572944171871827,0.849064411433162
"gene-LOC134725271|LOC134725271",20.2346165479424,-0.00546616771822478,0.146073672716209,0.92264991744056,0.983116205832622
"gene-LOC134725274|LOC134725274",97.7265039269792,0.318397524746904,0.212572808988358,0.0139301741104632,0.123243345949515
"gene-LOC134725275|LOC134725275",41.1179923392072,0.00771221603064261,0.156823784970549,0.601494461587903,0.864317554774406
"gene-LOC134725276|LOC134725276",24.3988672531838,0.275320790625694,0.33415436003405,0.026653305220838,0.183349410644426
"gene-LOC134725277|LOC134725277",16.312521736928,-0.052780334382554,0.137860371459693,0.484080690896758,0.797844258383848
"gene-LOC134725278|LOC134725278",36.4944193710124,0.0778544980312073,0.101135389883206,0.324461277997994,0.681240238614434
"gene-LOC134725281|LOC134725281",8.60775560782237,-0.0801534344289665,0.17091641265666,0.186888774244755,NA
"gene-LOC134725283|LOC134725283",7.12376314516458,-0.00193259524805638,0.153960633190288,0.949067268515974,NA
"gene-LOC134725284|LOC134725284",10.0615776063831,0.0275358962612465,0.154996887015918,0.493350503125041,NA
"gene-LOC134725285|LOC134725285",27.6355237843825,0.0367073431379685,0.121671146904602,0.642314635605466,0.886383065166122
"gene-LOC134725286|LOC134725286",30.4731952368597,0.0746937291057609,0.132140920151583,0.365045084772855,0.713427518889044
"gene-LOC134725287|LOC134725287",142.634174183752,0.0350212492070163,0.132675608493972,0.642106704008927,0.886288126660209
"gene-LOC134725289|LOC134725289",21.6623682458934,0.166233068518463,0.188890429030691,0.0883741345219552,0.360398999298883
"gene-LOC134725293|LOC134725293",25.9005674511329,-0.00466286296406019,0.129633618022427,0.948265883176234,0.992679322240364
"gene-LOC134725294|LOC134725294",10.4857703070592,-0.0139301414515567,0.151731327280497,0.744231178697345,NA
"gene-LOC134725295|LOC134725295",79.9964071006268,0.017542160697803,0.107995883523609,0.823719724480624,0.948340701521325
"gene-LOC134725300|LOC134725300",9.29297180223072,0.0832077977857806,0.176816594122305,0.140565112077482,NA
"gene-LOC134725306|LOC134725306",19.4715016838319,0.00476600737508329,0.146909955652745,0.930161530137735,0.985878360561959
"gene-LOC134725307|LOC134725307",22.4554140222863,1.01377394960844,0.309621727208069,4.71279335197522e-05,0.00614321040106972
"gene-LOC134725308|LOC134725308",105.425371106576,-0.0341425382106478,0.0811433205627211,0.624859454748489,0.876730116023762
"gene-LOC134725309|LOC134725309",18.8388232396543,-0.0801449904181178,0.165696826780382,0.225795811380671,0.57799225418885
"gene-LOC134725311|LOC134725311",9.91474323126508,-0.00358971385039255,0.133794489088454,0.958091783101817,NA
"gene-LOC134725313|LOC134725313",21.698128598072,0.0470147586061588,0.159633699621809,0.310217197045225,0.669404994979025
"gene-LOC134725314|LOC134725314",9.82634685706576,-0.0572531046909616,0.164240836764847,0.223802115542892,NA
"gene-LOC134725315|LOC134725315",52.8976728991119,0.0145221418352654,0.0986610755093323,0.850788464814822,0.957682014644003
"gene-LOC134725316|LOC134725316",8.14513042415133,0.000918910881498661,0.154868104694673,0.974361060123623,NA
"gene-LOC134725317|LOC134725317",838.986581650425,0.260214968857433,0.088287673944997,0.00077018753364006,0.0297339066017405
"gene-LOC134725318|LOC134725318",12.257321906361,-0.000695462695980785,0.15383576432886,0.983612875875354,0.995964714564617
"gene-LOC134725322|LOC134725322",12.2998185663313,0.0887423874715464,0.158378664520279,0.25343554862549,0.610122617061365
"gene-LOC134725324|LOC134725324",7.14362106595361,-0.00936345838217339,0.150318779793021,0.832944805061536,NA
"gene-LOC134725330|LOC134725330",22.2059894268872,0.198348269991223,0.17798442885205,0.0587400902619507,0.288048017681775
"gene-LOC134725332|LOC134725332",81.3518991733363,0.0545774275106305,0.102920372786492,0.489594615359589,0.801520868630322
"gene-LOC134725337|LOC134725337",9.13174711743847,-0.0090506343716556,0.135088339432839,0.895947044592782,NA
"gene-LOC134725345|LOC134725345",18.1696251572158,0.0973462254468068,0.142195063243191,0.253363946252602,0.610122617061365
"gene-LOC134725347|LOC134725347",125.988570381216,0.00662811073419012,0.132422337132024,0.928146163717046,0.984561375999598
"gene-LOC134725348|LOC134725348",12.9794807122563,0.010941359078911,0.15200703985358,0.788981527704225,0.938702340581979
"gene-LOC134725350|LOC134725350",65.7477388083515,0.0692810132170807,0.159787008703562,0.28806321868811,0.648167680340255
"gene-LOC134725352|LOC134725352",20.6535776854919,0.0189215666732033,0.141396336814615,0.768282769662518,0.931502256871707
"gene-LOC134725353|LOC134725353",73.7051712797226,-0.0347612922946838,0.0911226403523883,0.639750029031984,0.884229780451533
"gene-LOC134725354|LOC134725354",109.703115829379,-0.0688697098165666,0.138047123014019,0.386748690263112,0.732774883098162
"gene-LOC134725355|LOC134725355",71.5515335539102,-0.180411880058759,0.115149056804368,0.0416095280357448,0.236645329313061
"gene-LOC134725359|LOC134725359",16.5059896894694,0.0270636017798107,0.127196983155259,0.724373926968541,0.919175680236973
"gene-LOC134725362|LOC134725362",42.4079386642289,-0.196411329835565,0.193485701494974,0.0606422759554158,0.292866791384381
"gene-LOC134725363|LOC134725363",34.6259586791527,-0.0862682113902455,0.146247521456291,0.289818564537657,0.650966532250521
"gene-LOC134725364|LOC134725364",12.4650187922596,0.070028993833955,0.161722644697608,0.26811198378548,0.625291917170172
"gene-LOC134725365|LOC134725365",54.3094469827614,0.263155416102339,0.132969267314619,0.00926122896246442,0.0956143087372745
"gene-LOC134725366|LOC134725366",32.8474972352427,-0.0610320385170268,0.120988408285835,0.454090958756915,0.783729646865902
"gene-LOC134725367|LOC134725367",26.2928684790894,-0.0781720429894353,0.149873321824477,0.310036774033458,0.669404994979025
"gene-LOC134725368|LOC134725368",52.2096841961901,-0.00325850102369403,0.122099064673732,0.967033452175789,0.995070070324304
"gene-LOC134725369|LOC134725369",64.2616365797869,-0.11596848933841,0.103367983397882,0.152434365983665,0.481172899561915
"gene-LOC134725370|LOC134725370",11.4665705848245,0.0569098811170814,0.148797192609153,0.409964879735901,0.749549529041683
"gene-LOC134725371|LOC134725371",12.7786504580135,-0.015151051033217,0.143370264887781,0.801033315215144,0.941653028009072
"gene-LOC134725372|LOC134725372",17.094149016975,-0.00690091895020603,0.145170076930389,0.900269744934255,0.976953709579421
"gene-LOC134725373|LOC134725373",86.1672119495142,-0.0435550191550268,0.109816304437847,0.584628102887601,0.856191113824948
"gene-LOC134725376|LOC134725376",13.2593770476007,0.125516528718901,0.173635779738122,0.146019627579069,0.470959507685402
"gene-LOC134725378|LOC134725378",19.9416389488089,0.083084629239856,0.162104993003246,0.248328830319951,0.605307451456685
"gene-LOC134725384|LOC134725384",7.02115689565854,0.0159104071610899,0.155635857936905,0.581392131234695,NA
"gene-LOC134725387|LOC134725387",26.8228459120333,0.0177812238360297,0.135694679383857,0.799872553544207,0.941503486006864
"gene-LOC134725389|LOC134725389",77.4846667413604,0.155892209928084,0.123164940205638,0.082442537405956,0.34757849758865
"gene-LOC134725391|LOC134725391",12.0706361228479,-0.020457870786103,0.139718705629436,0.758662137276427,0.928644339516847
"gene-LOC134725392|LOC134725392",15.2190416701271,0.0256316758217932,0.155476819442988,0.49209409778798,0.80401393307302
"gene-LOC134725393|LOC134725393",27.2446799749876,0.0823051427294208,0.133625500711509,0.323131627983902,0.680124401425659
"gene-LOC134725395|LOC134725395",74.158208321233,-0.00236233250962901,0.12674836435391,0.973998563805891,0.995073589829788
"gene-LOC134725396|LOC134725396",28.2770791105523,-0.0350735662729028,0.124402187657731,0.651127805487199,0.890489463801211
"gene-LOC134725409|LOC134725409",85.2543123434066,0.0970789603699757,0.110659587275699,0.240748339229624,0.595554011663521
"gene-LOC134725410|LOC134725410",26.2463861162276,0.0874603011003495,0.16056646455115,0.245898903332958,0.602452313165747
"gene-LOC134725412|LOC134725412",16.8771788931822,-0.0965334478241174,0.172130306643949,0.186697756483617,0.52973929122523
"gene-LOC134725423|LOC134725423",8.70253617054854,0.0213290962745627,0.149767482759936,0.67108554878573,NA
"gene-LOC134725433|LOC134725433",59.4052609428207,0.174768306287027,0.129259131060945,0.0601301747302507,0.291720649681414
"gene-LOC134725434|LOC134725434",8.55950677201845,0.0660986923776075,0.170184819824185,0.149095115813664,NA
"gene-LOC134725435|LOC134725435",13.5251958914951,-0.0546002572345319,0.160109390791062,0.299169882192074,0.661248784615699
"gene-LOC134725439|LOC134725439",6.12173572454881,-0.00248474141634379,0.156230418946839,0.883496823282797,NA
"gene-LOC134725441|LOC134725441",8.33546201049183,-0.0212553883244978,0.152615362115464,0.621426177102025,NA
"gene-LOC134725445|LOC134725445",115.598310122664,0.108169129408038,0.10905865496621,0.1918195410021,0.535916875519024
"gene-LOC134725446|LOC134725446",12.019366294279,0.0361430348890473,0.159011411506469,0.310208296083223,0.669404994979025
"gene-LOC134725447|LOC134725447",10.1334073934598,0.716688145367326,0.32964878164156,0.00131575445849693,NA
"gene-LOC134725448|LOC134725448",13.5159681327725,-0.0179413894335728,0.136268900676864,0.795344524563597,0.940203266421808
"gene-LOC134725451|LOC134725451",19.8364959362845,0.32518677102083,0.272305288704492,0.0182204021896052,0.148215909666541
"gene-LOC134725453|LOC134725453",17.6115350796639,-0.0454253166661281,0.126342623982697,0.563553389849535,0.844686156337756
"gene-LOC134725457|LOC134725457",8.46051438308536,0.0431536122390467,0.160389103597066,0.278925100884492,NA
"gene-LOC134725459|LOC134725459",612.263542773968,0.408319045560791,0.172300520571973,0.00165692734060263,0.0452988290113252
"gene-LOC134725460|LOC134725460",11.9192038782274,0.0525128999275443,0.141963911966428,0.473994476721222,0.795503607539599
"gene-LOC134725461|LOC134725461",10.1396946749662,0.0541282615453646,0.14182784521866,0.46929360071953,NA
"gene-LOC134725463|LOC134725463",33.8454395690429,0.370194371908843,0.191360538901511,0.00514444386436285,0.0734974983667498
"gene-LOC134725467|LOC134725467",9.03878011232672,-0.0714931117885648,0.176246288508673,0.0754657413572851,NA
"gene-LOC134725473|LOC134725473",8.24984605854287,0.0355982941346438,0.157827076434127,0.359571035989695,NA
"gene-LOC134725474|LOC134725474",19.89918131268,0.053334412025505,0.137278838575418,0.485819553153922,0.799263377177442
"gene-LOC134725475|LOC134725475",21.5400148703414,-0.0857650914914233,0.1568297991384,0.263122149670952,0.620118890529
"gene-LOC134725476|LOC134725476",8.18459783887387,0.00665180779184565,0.154246333655896,0.833578100450198,NA
"gene-LOC134725477|LOC134725477",36.3307832772477,0.0478169932641866,0.130495927577287,0.54387410474079,0.833706332298924
"gene-LOC134725479|LOC134725479",15.0538370485384,-0.104347891048091,0.171023730395903,0.182107217257823,0.523948949382263
"gene-LOC134725480|LOC134725480",65.680680250727,-0.0674921013852791,0.111222053188536,0.406394737554401,0.747097962708065
"gene-LOC134725486|LOC134725486",99.360821537044,-0.0333047762576646,0.127223222532782,0.668516673986868,0.900878191939147
"gene-LOC134725487|LOC134725487",91.2539134031173,0.106143447062309,0.129087027844295,0.220144184927002,0.573076607268084
"gene-LOC134725490|LOC134725490",32.3483973837708,0.0761620417160698,0.158222298546161,0.282331257313823,0.642303610388948
"gene-LOC134725495|LOC134725495",154.684866891255,0.0962947974662979,0.0977176136331335,0.218894454155242,0.572161539995442
"gene-LOC134725496|LOC134725496",60.8705492151768,0.10932048328286,0.113277994040203,0.191670912869802,0.535797477381602
"gene-LOC134725499|LOC134725499",11.1290467608163,0.0364933983839802,0.152219778213009,0.493970946451792,NA
"gene-LOC134725503|LOC134725503",58.4397131887828,0.060883255863764,0.171657396068254,0.0628062745196635,0.296792261639656
"gene-LOC134725505|LOC134725505",23.1404615139086,0.0713440388363714,0.175344148768884,0.0911011585654423,0.368548537600011
"gene-LOC134725512|LOC134725512",84.9311696682142,-0.251385840267027,0.182613701635772,0.0269772300068169,0.184739290219223
"gene-LOC134725518|LOC134725518",19.2354725234744,0.0409220355728244,0.141498179111949,0.556429942931401,0.84222969086445
"gene-LOC134725521|LOC134725521",54.7067145884215,-0.0317284683719216,0.107957395678603,0.687877495992305,0.906613082139324
"gene-LOC134725523|LOC134725523",9.24544077497855,0.0085332645507126,0.132223257941277,0.905358902699968,NA
"gene-LOC134725525|LOC134725525",30.6610242765222,-0.0571772281108514,0.150051817521205,0.395207050647607,0.738010564562593
"gene-LOC134725527|LOC134725527",39.7541844988739,0.37408502180266,0.186290972632496,0.0043544654719645,0.0704988071886869
"gene-LOC134725528|LOC134725528",48.7907369455865,0.48117358043312,0.216811068604445,0.00183255268312287,0.0482370272375729
"gene-LOC134725529|LOC134725529",344.598704377006,-0.316348794391273,0.193273023109931,0.0107755741634954,0.104756692586241
"gene-LOC134725530|LOC134725530",237.511000711875,0.164501565081476,0.0901079688087085,0.0307301210591599,0.198731848880049
"gene-LOC134725532|LOC134725532",1223.23926361777,0.234176978790624,0.120945883246098,0.0127189128735799,0.115907689563238
"gene-LOC134725534|LOC134725534",24.7159816747224,-0.0513667011384218,0.143217720065105,0.473531565676345,0.795503607539599
"gene-LOC134725535|LOC134725535",9.16176984771475,0.00229704301019309,0.154825799360823,0.932920619756967,NA
"gene-LOC134725537|LOC134725537",1857.84040627159,0.229991434650472,0.0840239706537455,0.0018061387710437,0.0477390206288314
"gene-LOC134725539|LOC134725539",9.58907305145564,0.00906300368448539,0.154177510741958,0.778543241254382,NA
"gene-LOC134725540|LOC134725540",22.7974628047152,0.0139521291730476,0.121653589579335,0.860223390278491,0.961781291431668
"gene-LOC134725541|LOC134725541",10.2057294240442,0.0296859986804697,0.158333285188781,0.329562179392619,NA
"gene-LOC134725543|LOC134725543",92.5353156283744,-0.338151627282413,0.128658861383872,0.00124552804272654,0.0376019603420288
"gene-LOC134725544|LOC134725544",36.0857647634542,-0.0431151424246046,0.132098699144144,0.571327884861818,0.848751066729252
"gene-LOC134725546|LOC134725546",57.997499948906,0.00603221564766696,0.120178969130942,0.937178266060726,0.98821810210343
"gene-LOC134725551|LOC134725551",226.154397897852,-0.195377620548838,0.105483387808889,0.0212204617128258,0.160873972730988
"gene-LOC134725552|LOC134725552",369.819474940052,0.093722974976327,0.123366645658043,0.264861130406317,0.620966286598542
"gene-LOC134725553|LOC134725553",45.9848937626398,0.140637909026326,0.143884591163444,0.129772015675778,0.443242755954268
"gene-LOC134725558|LOC134725558",25.2008977448296,-0.0101804302775514,0.149674421036651,0.831119508265694,0.95105951595356
"gene-LOC134725559|LOC134725559",48.8522122257203,0.0971718679407048,0.116751304639637,0.247537367092311,0.604142922750199
"gene-LOC134725564|LOC134725564",9.76866509394594,-0.0240707991402564,0.145289520733006,0.686258519936866,NA
"gene-LOC134725565|LOC134725565",41.4567348450771,0.0595909933761006,0.112196875895584,0.463843668691975,0.788757119478879
"gene-LOC134725566|LOC134725566",19.7669491909622,0.163795850993948,0.199187555346848,0.086450511383393,0.356530361309765
"gene-LOC134725567|LOC134725567",60.0135018065251,0.00841126993001106,0.10513962201448,0.916364295106527,0.98134698001751
"gene-LOC134725568|LOC134725568",12.263108954221,0.0277363961003424,0.140363343446064,0.679752953896433,0.904508036633192
"gene-LOC134725572|LOC134725572",57.1480495192024,0.0488205594425527,0.132921570861346,0.529261859829124,0.826070259422782
"gene-LOC134725573|LOC134725573",9.42414503837875,-0.00579225503418694,0.150183507649014,0.892692248697211,NA
"gene-LOC134725581|LOC134725581",9.55389740048817,-0.0112523285262499,0.151273844497487,0.792361268017999,NA
"gene-LOC134725584|LOC134725584",18.720074624949,0.367233083868741,0.357366433877091,0.0155950256034109,0.132561395401305
"gene-LOC134725585|LOC134725585",9.45728058968507,-0.0493343605622076,0.146441327960454,0.466312160285442,NA
"gene-LOC134725587|LOC134725587",75.356490502974,-0.012451844857034,0.10212563749495,0.872184468463045,0.966991510133865
"gene-LOC134725588|LOC134725588",84.3092617020654,0.272727157761094,0.161993466855469,0.0149740385199662,0.129072564779681
"gene-LOC134725589|LOC134725589",12.8782162977489,0.136194668738128,0.173552686122383,0.133188215695824,0.448656231614172
"gene-LOC134725590|LOC134725590",16.6757243260161,0.335747705782321,0.464065283798968,0.0174213587148337,0.1434352723358
"gene-LOC134725593|LOC134725593",1844.39524697594,0.0532340017997635,0.0699406373960444,0.412439571888452,0.751713897833888
"gene-LOC134725606|LOC134725606",26.5655806112046,-0.0560845841641204,0.158961426659712,0.316281654829638,0.674042870948409
"gene-LOC134725607|LOC134725607",10.6707170916428,0.275928058472334,0.349489499593258,0.0262273627910529,NA
"gene-LOC134725611|LOC134725611",44.5871654296192,1.47405552605475,0.406949162315063,1.19712274077269e-05,0.00231080965415819
"gene-LOC134725612|LOC134725612",8.90584001298993,0.0130907015226492,0.151776934047908,0.75672510412414,NA
"gene-LOC134725614|LOC134725614",8.68983807729567,0.0079978415356932,0.146811168955934,0.881935028195507,NA
"gene-LOC134725617|LOC134725617",208.429796199848,0.0553709418171238,0.12739261942304,0.49118682701656,0.80309550515798
"gene-LOC134725623|LOC134725623",93.8891992815652,0.000445733604186099,0.11229743821218,0.996372068980428,0.999206831011038
"gene-LOC134725624|LOC134725624",140.252041021733,0.00860973177907058,0.0984301150988458,0.907591830061839,0.979801992959191
"gene-LOC134725626|LOC134725626",33.1625885702956,0.0263491566181717,0.123431257698749,0.735540626294949,0.921921372263905
"gene-LOC134725629|LOC134725629",18.7789165598325,-0.102451354326509,0.154363171973904,0.223506412927365,0.57613816735644
"gene-LOC134725630|LOC134725630",70.2449823529065,0.112258760435912,0.0974599560878763,0.153081294124243,0.482782197818958
"gene-LOC134725632|LOC134725632",698.218850153698,0.0844833176945594,0.121419615154615,0.314002854932139,0.673240722288025
"gene-LOC134725633|LOC134725633",43.9900026468456,0.100542681169411,0.116699364112834,0.234045171326534,0.588345596428579
"gene-LOC134725634|LOC134725634",8.86953627969414,-0.0454141718090173,0.152006286734593,0.443405655320343,NA
"gene-LOC134725635|LOC134725635",15.044719699688,0.0272213473378131,0.157031697117734,0.411478481093808,0.751036654603884
"gene-LOC134725636|LOC134725636",16.2465933386448,0.00984324191894585,0.14489038533289,0.864548933510034,0.963852569152898
"gene-LOC134725639|LOC134725639",11.5798679804391,0.0294676740152127,0.144635068520229,0.637670970127904,0.884031080141884
"gene-LOC134725643|LOC134725643",53.109304716574,0.0352073628183468,0.135804678255817,0.624811843006011,0.876730116023762
"gene-LOC134725644|LOC134725644",60.7792775470467,0.109231304223921,0.125098993948658,0.207782646076167,0.557529677971855
"gene-LOC134725651|LOC134725651",550.996545739877,0.22620879914092,0.102338770913223,0.00753646470859761,0.0865798093816016
"gene-LOC134725654|LOC134725654",83.5556102119863,-0.147060708115428,0.154227536523891,0.118710746821858,0.426501667938656
"gene-LOC134725656|LOC134725656",22.0570636947254,0.1666222099104,0.256007979562051,0.0464305712076465,0.251570009868032
"gene-LOC134725659|LOC134725659",90.5541047439178,-0.520069537233622,0.221519239515912,0.00120225195446661,0.0371764317958851
"gene-LOC134725661|LOC134725661",133.447326081823,0.0280949133674058,0.113832490526355,0.722826304064125,0.918664055811524
"gene-LOC134725662|LOC134725662",10.3410662026229,0.00706354607792002,0.143204086000241,0.9045507009064,NA
"gene-LOC134725663|LOC134725663",63.2102812903715,-0.063023047989736,0.152476418115787,0.356258367475412,0.708293040820393
"gene-LOC134725665|LOC134725665",23.907433528982,-0.176902396656165,0.175651940717152,0.078174923072289,0.338297730958207
"gene-LOC134725666|LOC134725666",9.82042647849949,-0.028615346326723,0.158768960999774,0.286241591007797,NA
"gene-LOC134725667|LOC134725667",14.5600552535603,-0.0440709023652256,0.155694335381017,0.400614576035411,0.742699315874728
"gene-LOC134725669|LOC134725669",15.1505395934585,0.0156021699769047,0.142373921444727,0.805806540472256,0.943390491234749
"gene-LOC134725671|LOC134725671",168.913371046268,-0.203685420543499,0.132296508184781,0.0336170741539726,0.207903652777481
"gene-LOC134725672|LOC134725672",11.9327655384482,-0.215311601554575,0.31934037839017,0.0323359896100517,0.203603925307352
"gene-LOC134725673|LOC134725673",25.0143214690477,0.05883298905563,0.121206771592363,0.470284474716271,0.794197270398369
"gene-LOC134725679|LOC134725679",42.2583509207986,-0.0347482402106057,0.145760159556858,0.579683637826429,0.853346792274595
"gene-LOC134725682|LOC134725682",59.6090736391402,-0.260468054956656,0.14327025536727,0.0128224678609817,0.11603193618497
"gene-LOC134725683|LOC134725683",77.854094461114,0.0136148466938245,0.138130657790837,0.838880806606585,0.953438709245635
"gene-LOC134725684|LOC134725684",17.5013148870624,-0.0292818675827932,0.131764410516802,0.692492787134387,0.908204508399908
"gene-LOC134725685|LOC134725685",15.4807150538997,0.0281013182179833,0.155681333958225,0.461094230001892,0.787692415357913
"gene-LOC134725686|LOC134725686",15.8996086059431,-0.0791693684902899,0.164646860386598,0.239903770029027,0.594899857894625
"gene-LOC134725687|LOC134725687",77.5993723936213,-0.0696972909944708,0.131767245349058,0.392095894645204,0.737205091171767
"gene-LOC134725701|LOC134725701",35.086519433978,0.000311585425622026,0.15646261731533,0.994221272845991,0.998424958925537
"gene-LOC134725702|LOC134725702",35.0514514183402,0.208854468551563,0.19241798534099,0.052092316778719,0.270435689662303
"gene-LOC134725705|LOC134725705",27.0791269769407,0.400922765242542,0.429391373910067,0.0134776418399941,0.120073536392675
"gene-LOC134725706|LOC134725706",22.2357550595557,0.0279354647612627,0.123881019590312,0.721849444408535,0.918664055811524
"gene-LOC134725707|LOC134725707",10.4674439593128,-0.20368055716625,0.274617296416273,0.0435758511135076,NA
"gene-LOC134725708|LOC134725708",142.122734416317,-0.358205394712534,0.167266822914976,0.00328728432965529,0.0652248647548925
"gene-LOC134725709|LOC134725709",9.314617484601,0.00197498493916956,0.152430357534023,0.958586806522283,NA
"gene-LOC134725716|LOC134725716",9.30117910970636,0.124409841811944,0.198773098809569,0.102572188949285,NA
"gene-LOC134725718|LOC134725718",7.3273359937294,0.01173049443649,0.155013021104274,0.690879545217337,NA
"gene-LOC134725727|LOC134725727",12.2211937814872,0.0367849068321677,0.140628528081651,0.597917096797018,0.862149186281969
"gene-LOC134725729|LOC134725729",8.11953738026528,0.0116165834704746,0.156323560315744,0.594409736054813,NA
"gene-LOC134725734|LOC134725734",18.1959980675999,0.716366551636542,0.921229866391118,0.00659675184785254,0.0804387906102802
"gene-LOC134725735|LOC134725735",90.1737932375271,0.0627506196028888,0.122781436477992,0.444983301536051,0.780078735931532
"gene-LOC134725739|LOC134725739",43.9621749436231,-0.0221324222311244,0.116673200158936,0.779728120321223,0.934851896564312
"gene-LOC134725740|LOC134725740",11.978621790802,0.00202853313078522,0.153819914978221,0.95122741957846,0.993195169444879
"gene-LOC134725742|LOC134725742",15.0518981933584,0.0384094773232437,0.157638568936782,0.366732435160729,0.715274222894624
"gene-LOC134725745|LOC134725745",184.371260222921,0.0276478365289915,0.126089592624396,0.719450550824954,0.918664055811524
"gene-LOC134725746|LOC134725746",23.1920899482946,-0.905563890787237,0.299083139824054,0.559523725323624,0.843752874016389
"gene-LOC134725747|LOC134725747",29.2733601485765,-0.0102013913715433,0.127044507646607,0.890353789139779,0.97499632745752
"gene-LOC134725749|LOC134725749",365.226475532731,-0.238853854349072,0.102970154872287,0.00505276696115211,0.0733169146754874
"gene-LOC134725750|LOC134725750",32.303697759633,-0.0185179590161423,0.124923823236023,0.808420812705726,0.944489987490306
"gene-LOC134725752|LOC134725752",26.5478839206931,0.0170173084631663,0.125080740570458,0.822644632153014,0.948153298297698
"gene-LOC134725753|LOC134725753",77.1632496242698,-0.0195153795460716,0.129801720353121,0.793110986744316,0.93946448995995
"gene-LOC134725755|LOC134725755",82.5540211168356,0.157034338585589,0.11165588699685,0.0690313054132737,0.313481764039442
"gene-LOC134725756|LOC134725756",52.7019695726003,-0.144902910338472,0.158174123017126,0.121872032106926,0.432745277440794
"gene-LOC134725758|LOC134725758",98.6174189228237,0.181230165346659,0.231139883666084,0.062127846250833,0.295120916369641
"gene-LOC134725759|LOC134725759",8.3571313913066,0.00334758103711592,0.154617077813952,0.908678164923445,NA
"gene-LOC134725761|LOC134725761",10.2990301491873,0.0109602482309728,0.138453539425235,0.873025335106085,NA
"gene-LOC134725762|LOC134725762",50.8418469245136,0.120477375400835,0.177909919938061,0.147896380411084,0.473417056893773
"gene-LOC134725763|LOC134725763",10.6169864469071,-0.00429584339292835,0.140587821776922,0.942799127270877,NA
"gene-LOC134725764|LOC134725764",8.4815062735787,0.0164527718429626,0.151945674448836,0.702245329173248,NA
"gene-LOC134725766|LOC134725766",648.096883179586,-0.244381415259954,0.158491000114646,0.0227972768973233,0.166627122312211
"gene-LOC134725769|LOC134725769",14.6393059176963,0.00778082378682146,0.150338343605445,0.863754011092314,0.963592478223825
"gene-LOC134725770|LOC134725770",12.1666499748515,0.0682023384064314,0.14090479335426,0.381464271784426,0.728395506974459
"gene-LOC134725779|LOC134725779",18.143080785353,0.00261575185637777,0.149534662672642,0.95674776697441,0.993195169444879
"gene-LOC134725780|LOC134725780",25.0202298972817,-0.0225637574288303,0.155799526078334,0.499292947713589,0.80632202571024
"gene-LOC134725783|LOC134725783",343.463074149035,-0.024847120679835,0.153341950719311,0.562444609265316,0.844329547247998
"gene-LOC134725785|LOC134725785",72.9309422962772,-0.0680103914003337,0.138800455154962,0.389748168969396,0.735395686118203
"gene-LOC134725788|LOC134725788",34.521322669611,0.109120839657162,0.182288057146289,0.145607473176165,0.470344626841873
"gene-LOC134725789|LOC134725789",12.7851453095458,-0.00607993598112075,0.14979371418073,0.892674828869756,0.975254009504506
"gene-LOC134725790|LOC134725790",109.608411384238,0.0236127183461202,0.122997891732818,0.762088580660706,0.929269574810241
"gene-LOC134725791|LOC134725791",36.1554382571487,0.0414515554598863,0.124922963805736,0.600530646408233,0.863909187532614
"gene-LOC134725792|LOC134725792",12.3780894055886,0.111315322277629,0.156952160116711,0.195871598861145,0.539663531464313
"gene-LOC134725793|LOC134725793",224.04652003462,0.0483169433275939,0.0998447994554469,0.524331132985866,0.823062916983727
"gene-LOC134725794|LOC134725794",30.2827459609332,-0.0264907442118077,0.137301367912428,0.702619181668922,0.91221852127004
"gene-LOC134725797|LOC134725797",17.5546743886398,0.0772002208221939,0.163065881420484,0.25014384712736,0.606092166679834
"gene-LOC134725798|LOC134725798",22.8912810384467,0.053158032121054,0.126292712386597,0.510369365828848,0.811331686633469
"gene-LOC134725801|LOC134725801",54.0507339505408,0.0268565420728457,0.0879655365263958,0.713419625436707,0.916780918707247
"gene-LOC134725802|LOC134725802",23.029958159277,0.031323816215033,0.136625978733701,0.659514930037197,0.894421762750398
"gene-LOC134725805|LOC134725805",9.97580389763993,0.0114042771197539,0.151919009980211,0.782003663462399,NA
"gene-LOC134725806|LOC134725806",11.2264143544276,0.0484583412290337,0.160460511495218,0.289968720457499,NA
"gene-LOC134725811|LOC134725811",10.4149023177834,0.0333895067922233,0.147626460010784,0.576762655044101,NA
"gene-LOC134725814|LOC134725814",15.4895813017653,-0.138734577347419,0.193288744755767,0.107883784310676,0.408816005983941
"gene-LOC134725815|LOC134725815",23.5826305506916,-0.129675246654266,0.161500499267263,0.150641448115169,0.478119593668972
"gene-LOC134725816|LOC134725816",22.4199423668787,0.0457826840949285,0.144184057286727,0.508290383899146,0.809857365041912
"gene-LOC134725817|LOC134725817",14.3319671864261,-0.0215469985669736,0.146065501430478,0.709570397865571,0.915528344015331
"gene-LOC134725822|LOC134725822",8.22677158049445,0.0598921627606465,0.163297412868027,0.250006606611294,NA
"gene-LOC134725823|LOC134725823",55.12927556682,0.0822348768424917,0.12774232429915,0.326552210876163,0.682916592314866
"gene-LOC134725824|LOC134725824",79.328314163319,-0.0937774752227636,0.109987734818847,0.254465632813942,0.61027215997359
"gene-LOC134725827|LOC134725827",25.6975309965681,-0.136718854843404,0.164620513020842,0.135341150458764,0.452083444374582
"gene-LOC134725828|LOC134725828",42.8393339137684,0.120062747360093,0.131798556003047,0.176272434688512,0.51792223660785
"gene-LOC134725829|LOC134725829",51.5659868724286,0.10225610079896,0.127385944208778,0.236065791421609,0.590452995904287
"gene-LOC134725830|LOC134725830",2611.16291232148,-0.00710805546494122,0.112103624565528,0.918673685361744,0.982131130710269
"gene-LOC134725833|LOC134725833",114.054020777844,0.186605511511478,0.112991830358292,0.0340443849285776,0.209680482847941
"gene-LOC134725835|LOC134725835",151.204192995734,-0.175473033281366,0.155555814381878,0.0742132250730766,0.328229062596981
"gene-LOC134725836|LOC134725836",16.9701435834949,0.204749330348652,0.204488307634968,0.0566322830106706,0.282275150843483
"gene-LOC134725837|LOC134725837",15.5123844171222,-0.100354885037472,0.155932761614704,0.224758421564275,0.576837689510246
"gene-LOC134725840|LOC134725840",42.559623359014,0.283386690304389,0.163470095097093,0.0125853937183264,0.114855240667248
"gene-LOC134725841|LOC134725841",16.0272263283803,0.448920860801279,0.510622531924988,0.994717781440437,0.998554363918753
"gene-LOC134725842|LOC134725842",144.760871958754,0.106108392018622,0.195402198167479,0.0819654760959698,0.346451806244654
"gene-LOC134725843|LOC134725843",928.602834744539,0.0207430429462865,0.100980354450727,0.796193150113696,0.940432109442656
"gene-LOC134725846|LOC134725846",53.8090941850366,-0.00767848201141493,0.145482079097563,0.889593481996707,0.974834075403238
"gene-LOC134725847|LOC134725847",1224.70289257168,0.155142907255364,0.0896895064811106,0.0401888052658019,0.233349151543136
"gene-LOC134725848|LOC134725848",10.2814647640233,-0.0446224561044686,0.148178217514927,0.48711027514235,NA
"gene-LOC134725853|LOC134725853",8.71474121823104,0.00934479189099895,0.148205517552874,0.855499783161218,NA
"gene-LOC134725854|LOC134725854",30.2823029859133,0.0351325287196461,0.143142725002496,0.596804920440272,0.861916670851489
"gene-LOC134725858|LOC134725858",23.7285463583846,0.234581648122471,0.199275199115669,0.0374312741411978,0.222962634237567
"gene-LOC134725859|LOC134725859",9.59393649498494,0.0634495523308204,0.172845860086999,0.0621617621199214,NA
"gene-LOC134725867|LOC134725867",83.5503420020593,0.157482366834674,0.154006267208041,0.100277397105105,0.390444388483812
"gene-LOC134725869|LOC134725869",30.7322211088747,0.0489691723931738,0.150240451438252,0.445759277675161,0.780078735931532
"gene-LOC134725870|LOC134725870",86.7550240082206,-0.0188877383940764,0.095451503854383,0.803940064207627,0.943228489187407
"gene-LOC134725872|LOC134725872",15.5169299276186,0.101760141035495,0.174081567157903,0.174592674374955,0.514410423574681
"gene-LOC134725873|LOC134725873",38.4859772229289,-0.106403020244626,0.131048952220538,0.221470940221142,0.574651686032046
"gene-LOC134725874|LOC134725874",13.9166638604571,0.0636531210999099,0.16391540809101,0.246386042960562,0.602543836285028
"gene-LOC134725875|LOC134725875",22.1919905343891,-0.00222369733122992,0.153222194331621,0.946062171894108,0.992150296257638
"gene-LOC134725876|LOC134725876",26.2157317735097,-0.0358048433777858,0.133793077194642,0.628515045292203,0.878733733018258
"gene-LOC134725878|LOC134725878",61.9663170072895,-1.14291450719569,0.27972141389654,2.00754894873005e-06,0.000852539120227361
"gene-LOC134725881|LOC134725881",16.631030327848,0.0226671448458303,0.139033440818708,0.739827574480091,0.922809345788751
"gene-LOC134725888|LOC134725888",103.955965773739,-0.23825326664145,0.113341645444682,0.00869725450230745,0.092955555670635
"gene-LOC134725889|LOC134725889",8.39333585873279,0.130246385979238,0.211899637420444,0.0765418169106886,NA
"gene-LOC134725890|LOC134725890",8.0083734394971,0.061140837654384,0.150573846488658,0.378885861313205,NA
"gene-LOC134725891|LOC134725891",97.6592457465416,0.313015368790157,0.194793377003268,0.0124249208192225,0.113972768913161
"gene-LOC134725894|LOC134725894",27.62969787496,-0.00464168693432154,0.152209049196963,0.903057185797238,0.978311951280341
"gene-LOC134725898|LOC134725898",111.69044532729,0.223737534661735,0.105129193785696,0.00934757814436493,0.0961939786423338
"gene-LOC134725899|LOC134725899",29.2283467997766,0.0319883968035053,0.119683275140545,0.685921641247884,0.906163867140951
"gene-LOC134725900|LOC134725900",27.8980848057872,0.0988951313909959,0.160397114038938,0.216910585032339,0.569546754598516
"gene-LOC134725902|LOC134725902",5.84397141875808,-0.00408991365323341,0.155693440530496,0.847834057725008,NA
"gene-LOC134725903|LOC134725903",40.2884554121313,-0.032011784739172,0.122475327712079,0.683239271287128,0.905487482548216
"gene-LOC134725904|LOC134725904",2831.69571996168,-0.0453632051076952,0.142647708783705,0.532246787001106,0.827169848041837
"gene-LOC134725905|LOC134725905",258.135172710046,-0.0365079376084477,0.132611192326785,0.63828753274534,0.884175562004032
"gene-LOC134725906|LOC134725906",980.48869312211,-0.203636639050348,0.218338663276823,0.0579384539263488,0.285877576693138
"gene-LOC134725909|LOC134725909",139.189253485987,-0.119577828443025,0.122019632392327,0.166967851930639,0.503436484078935
"gene-LOC134725910|LOC134725910",39.7361061385468,0.0335871146831788,0.12873310512569,0.661802224622815,0.895681865095324
"gene-LOC134725911|LOC134725911",63.6271811183379,-0.0779218830916314,0.11116860488105,0.341439966245643,0.696873143289187
"gene-LOC134725913|LOC134725913",9.64690352575439,0.0331209874741604,0.15485345578394,0.465263052744584,NA
"gene-LOC134725915|LOC134725915",21.6973918669978,0.0233207270656074,0.147709251749104,0.673416198707329,0.902706478486045
"gene-LOC134725924|LOC134725924",128.724421844439,0.299206229892137,0.179536232517005,0.0124216868310719,0.113972768913161
"gene-LOC134725927|LOC134725927",19.5314972437611,0.229395510355275,0.261332609080507,0.040826321010105,0.235142395686278
"gene-LOC134725928|LOC134725928",34.6109795997057,-0.00377459200402426,0.136374447046426,0.954301773244962,0.993195169444879
"gene-LOC134725931|LOC134725931",51.7919038825566,0.0193031633633257,0.121351553187992,0.804945882696358,0.943228489187407
"gene-LOC134725932|LOC134725932",108.027211807608,0.038760035476141,0.102098949279601,0.620065249978665,0.874433394368849
"gene-LOC134725934|LOC134725934",29.6575396957279,0.0270315710896556,0.142644171055789,0.674786009325041,0.902757154397979
"gene-LOC134725935|LOC134725935",488.90380137876,-0.0361355984994213,0.10730314038662,0.647319140091953,0.888724022796429
"gene-LOC134725937|LOC134725937",106.81595459926,0.030144551195463,0.123881152348086,0.698763448696972,0.910869208354091
"gene-LOC134725938|LOC134725938",19.6690203272931,0.0131537851626403,0.153570918869256,0.732404226170244,0.921581278529676
"gene-LOC134725942|LOC134725942",16.5492492532333,0.0205607673198667,0.133007043492611,0.778918632515307,0.934190330939891
"gene-LOC134725949|LOC134725949",917.917940887773,0.0729804221329299,0.114305297521152,0.381203974918309,0.728116737700039
"gene-LOC134725951|LOC134725951",15.185177273328,-0.0894077248374215,0.18135518672437,0.118244921242645,0.425959919721591
"gene-LOC134725955|LOC134725955",23.7785966204208,0.0785229683678036,0.15923875340227,0.272877652203715,0.631178425069443
"gene-LOC134725956|LOC134725956",250.23857355318,0.315825587625494,0.106061729373829,0.000453323860417344,0.0238650660401527
"gene-LOC134725959|LOC134725959",166.611183936549,-0.0791469494849841,0.110571472013076,0.332497892619231,0.687442900351996
"gene-LOC134725961|LOC134725961",18.4328984941022,0.0252155610334411,0.133829555089324,0.727383676254786,0.919346388108242
"gene-LOC134725962|LOC134725962",25.8287405464191,0.123749474129788,0.160479185772271,0.162554362323327,0.497344518731792
"gene-LOC134725964|LOC134725964",12.9195675609229,-0.0344764054811665,0.156809082612121,0.395992970938021,0.738645746669163
"gene-LOC134725965|LOC134725965",13.5673166457356,-0.082275594097109,0.158371713728424,0.265226113465077,0.621593209261421
"gene-LOC134725966|LOC134725966",461.750155390336,-0.1246304397566,0.122801846439829,0.153916333591208,0.484154626420314
"gene-LOC134725967|LOC134725967",8.44601896691637,-0.0108130800274331,0.148048905015882,0.83166972464409,NA
"gene-LOC134725968|LOC134725968",11.6761623774396,-0.0189804309369012,0.153166444878611,0.637695889050542,0.884031080141884
"gene-LOC134725975|LOC134725975",19.9281387475806,0.0426874192758503,0.126553594311787,0.585797189817612,0.856837680628746
"gene-LOC134725978|LOC134725978",10.6105383655653,0.0121783134884558,0.150472252527037,0.789541473519974,NA
"gene-LOC134725980|LOC134725980",12.1382915060455,0.0269335727806942,0.13492004831157,0.70885417522916,0.915345853681279
"gene-LOC134725981|LOC134725981",60.1709680590309,0.468195683673693,0.190017710772551,0.00106526693067809,0.0346211752470381
"gene-LOC134725982|LOC134725982",53.7685573695179,0.653686973919558,0.185685924262561,2.64945325934094e-05,0.00431128172844669
"gene-LOC134725983|LOC134725983",11.3878999548678,-0.00466144661506074,0.153825009488689,0.882617823286125,0.972712030161352
"gene-LOC134725988|LOC134725988",31.2569406627332,-0.14601039358622,0.183434472193621,0.111818288027531,0.414309251935563
"gene-LOC134725998|LOC134725998",13.0830156243559,0.0504193323566781,0.16485278266377,0.162038858637965,0.496960774927222
"gene-LOC134726002|LOC134726002",17.6563684249999,-0.224902549268304,0.229033831770987,0.042783164082748,0.239524389560431
"gene-LOC134726005|LOC134726005",173.920038273074,0.0488377012327368,0.113624467193758,0.548906889504011,0.836442377350525
"gene-LOC134726008|LOC134726008",10.8347529084429,0.00631110451310898,0.153238845707501,0.859338595513061,NA
"gene-LOC134726022|LOC134726022",8.3924128742695,0.0128708308129657,0.155047934762686,0.66485758748327,NA
"gene-LOC134726025|LOC134726025",428.714537068771,-0.0352777988715776,0.134054371535134,0.632491597201785,0.880863556910875
"gene-LOC134726026|LOC134726026",48.6862504268525,0.0245154383345418,0.122416158467986,0.752168080394119,0.925609926541445
"gene-LOC134726027|LOC134726027",12.6006754042084,0.00995278092036357,0.147501584419448,0.849962374473719,0.957503125573181
"gene-LOC134726028|LOC134726028",33.6369898769749,-0.0837225856461221,0.118262195322518,0.31537726443788,0.673954755701071
"gene-LOC134726033|LOC134726033",9.73435340422312,-0.0689088948983033,0.161953768906111,0.267679934462603,NA
"gene-LOC134726038|LOC134726038",23.0842274149628,-0.0241187334236228,0.152764969225583,0.584179787323922,0.855908475114225
"gene-LOC134726039|LOC134726039",8.85856391560572,0.0194512571140594,0.138031298650022,0.774160043548776,NA
"gene-LOC134726040|LOC134726040",59.72567785574,-0.0369541526889977,0.1141339936668,0.645098233885233,0.887853510977293
"gene-LOC134726041|LOC134726041",19.3206843084946,0.0509051716106493,0.154019849458866,0.396155598034862,0.738681985040695
"gene-LOC134726042|LOC134726042",60.2439896472917,-0.0149575434328289,0.0935782241375733,0.842593358287794,0.955002779630383
"gene-LOC134726043|LOC134726043",70.556898230518,0.223247727201608,0.107666825579717,0.0103874737799206,0.102427566529557
"gene-LOC134726044|LOC134726044",26.0790252302572,-0.0296720594372333,0.133699975811404,0.683741400702405,0.905487482548216
"gene-LOC134726048|LOC134726048",58.069472967842,0.0431947485248081,0.104795390293259,0.58543706296625,0.856704362760168
"gene-LOC134726049|LOC134726049",15.5301657383728,0.0338240758465931,0.153116836285198,0.500153858335754,0.80632202571024
"gene-LOC134726051|LOC134726051",13.6896233584179,0.0407008529893156,0.140889245519053,0.559918190839384,0.843752874016389
"gene-LOC134726052|LOC134726052",51.624201590568,-0.090735099781088,0.155824610779478,0.251874079769548,0.607741624292433
"gene-LOC134726074|LOC134726074",25.187537031482,0.0096023414466556,0.156899298602978,0.150543885433661,0.478048130714069
"gene-LOC134726092|LOC134726092",15.0842421785531,-0.0313799116511807,0.151464546352555,0.543077748782917,0.833706332298924
"gene-LOC134726098|LOC134726098",471.712283432192,0.0252089349503037,0.156103684910946,0.467933048322385,0.792037101176881
"gene-LOC134726108|LOC134726108",27.1072585485629,-0.0145101611499251,0.148327326939178,0.777090063502677,0.934005335233767
"gene-LOC134726119|LOC134726119",33.423024940685,0.0360832455009981,0.123725209593258,0.647477543786099,0.888724022796429
"gene-LOC134726133|LOC134726133",247.787825444364,0.244190334292294,0.166530765108175,0.0258493767453315,0.179760403785766
"gene-LOC134726209|LOC134726209",50.7084337075171,0.0111591668313602,0.141042539121776,0.858159306871277,0.960703983735472
"gene-LOC134726230|LOC134726230",119.337312509904,-0.03410402959041,0.156745771605069,0.395927126088428,0.738645746669163
"gene-LOC134726292|LOC134726292",11.4928976731317,-0.0152168454400177,0.15502893928058,0.623257320693895,0.87641261210157
"gene-LOC134726293|LOC134726293",18.231711468861,-0.145977209486634,0.197515096617643,0.101160354503703,0.392931209831355
"gene-LOC134726295|LOC134726295",14.9912331584446,0.0289098022299487,0.148879597708407,0.5982026856156,0.862310728076798
"gene-LOC134726315|LOC134726315",40.9341462557411,-0.0644476951369155,0.125585622221049,0.429070833396196,0.766026123524038
"gene-LOC134726332|LOC134726332",42.9333421200546,-0.00535784395677748,0.13579974725952,0.938178669656341,0.988596772254934
"gene-LOC134726342",17.8432459788362,-0.0454078645267523,0.158634205903411,0.331061574584011,0.686328062567856
"gene-LOC134726344|LOC134726344",7.90456125352642,-0.0280321903983034,0.158311912166379,0.317671558394673,NA
"gene-LOC134726369|LOC134726369",186.081874292316,-0.0157418434345875,0.152119333060257,0.715804462255989,0.917921047062424
"gene-LOC134726382|LOC134726382",39.7229701966341,0.247311233623249,0.362534444992222,0.0271331706210644,0.185153430726031
"gene-LOC134726423|LOC134726423",19.5653207014957,0.0142893676941809,0.151099440966036,0.747568387262227,0.923580623736145
"gene-LOC134726436|LOC134726436",33.9686366857912,-0.0128762946898868,0.142202347082408,0.831124113503782,0.95105951595356
"gene-LOC134726487|LOC134726487",21.3809597196146,0.0111583021749851,0.137898894132741,0.868925952504329,0.965641716233876
"gene-LOC134726508|LOC134726508",30.1991434035969,-0.00285475150218626,0.12464773695429,0.96924969706936,0.995073589829788
"gene-LOC134726510|LOC134726510",111.91048200053,0.625605020909213,0.19281646373815,7.44717562807265e-05,0.00749456293308481
"gene-LOC134726515|LOC134726515",8.5232173922165,-0.00888033935184502,0.155049778506834,0.757326611933518,NA
"gene-LOC134726516|LOC134726516",58.7164104267975,-0.429223417704034,0.271603909933067,0.00691785003614865,0.0817564095181204
"gene-LOC134726530|LOC134726530",29.9189306687462,-0.244295131181252,0.377364445317947,0.0252179086070613,0.17781675015316
"gene-LOC134726546|LOC134726546",49.5430911132203,-0.423593721571498,0.174638109987457,0.00136601504933691,0.039879126918182
"gene-LOC134726554|LOC134726554",16.1099023117833,-0.0476760580327885,0.145626682233443,0.483333579705179,0.797844258383848
"gene-LOC134726590|LOC134726590",49.4233336833237,0.000991011821847606,0.138853453495463,0.988962755675659,0.99704656962612
"gene-LOC134726597|LOC134726597",13.7135197441541,0.0277732627421061,0.150496582603287,0.595793707321602,0.861916670851489
"gene-LOC134726621|LOC134726621",42.9186061468266,0.0337438469743779,0.136536345327604,0.640397587933021,0.88431229896669
"gene-LOC134726622|LOC134726622",550.687960042334,-0.111309391598763,0.0904009101120728,0.133671356566354,0.449237352146792
"gene-LOC134726624|LOC134726624",7.20087747994604,0.00751769277905733,0.144887439012678,0.895943805368391,NA
"gene-LOC134726625|LOC134726625",11.0178681106339,-0.0521082248953,0.167672733240648,0.0705819972714334,NA
"gene-LOC134726646|LOC134726646",31.4102957285967,0.0127758928825589,0.138625019256745,0.849687947841194,0.957503125573181
"gene-LOC134726680|LOC134726680",14.7963419789164,-0.00291587741627185,0.153074706120089,0.929486597208089,0.985655006528305
"gene-LOC134726688|LOC134726688",49.5250330099757,0.264502966095474,0.249037318464917,0.0299768030059656,0.19622775989803
"gene-LOC134726692|LOC134726692",103.493175673759,0.0728225237673846,0.108827783505721,0.371677002736493,0.719883740034722
"gene-LOC134726697|LOC134726697",29.9934214632515,-0.404276186031775,0.313965086199338,0.0109653602651826,0.105237484462859
"gene-LOC134726737|LOC134726737",10.4527346569301,0.279801591755929,0.681323379436974,0.0126615723495366,NA
"gene-LOC134726750|LOC134726750",10.4736363576581,-0.0261029731384342,0.15914931689334,0.203818837932559,NA
"gene-LOC134726754|LOC134726754",15.657009632703,-0.0373730524869564,0.161605247972271,0.159280553295174,0.492293607224774
"gene-LOC134726756|LOC134726756",12.1835993816347,0.0731084107553831,0.165772558287026,0.231273799798432,0.584840851415647
"gene-LOC134726773|LOC134726773",1280.05536157496,-0.0528031025876177,0.150801176182603,0.41712657536508,0.756576390966846
"gene-LOC134726811|LOC134726811",16.4609206985958,0.0143489543791506,0.146672436044381,0.793751630292693,0.93946448995995
"gene-LOC134726839|LOC134726839",24.2689190978706,0.0796233906042518,0.160678457562207,0.261685305067918,0.619589905759705
"gene-LOC134726844|LOC134726844",63.9614972216631,-0.00784258565257261,0.155150385282598,0.76318176901074,0.929712730655654
"gene-LOC134726863|LOC134726863",12.6225094822221,0.0431068558466164,0.159321205043756,0.314577648012357,0.673678049934761
"gene-LOC134726866|LOC134726866",17.5831028761417,-0.231246359253134,0.38814083673894,0.0228098666650311,0.166627122312211
"gene-LOC134726902|LOC134726902",13.9752594517209,0.0365854177617686,0.136236366587323,0.616417893287772,0.872145629579647
"gene-LOC134726918|LOC134726918",11.7555274216579,-0.0650257320416982,0.150432601155553,0.362599937461318,0.712857211332275
"gene-LOC134726966|LOC134726966",214.11872618955,-0.0637641752599633,0.167489172501684,0.184425097548968,0.525909211514751
"gene-LOC134726996|LOC134726996",7.95321062217163,0.0287686669219137,0.155752114889526,0.463146500726607,NA
"gene-LOC134727008|LOC134727008",12.9679198919183,0.00312178193983909,0.154078125389783,0.922691522434258,0.983116205832622
"gene-LOC134727011|LOC134727011",36.3191194227003,0.00842621395324134,0.152879723269285,0.825109276687749,0.949240760791216
"gene-LOC134727016|LOC134727016",120.150978169746,-0.0224291325728957,0.157912528681183,0.326340260575983,0.682916592314866
"gene-LOC134727048|LOC134727048",67.1300840431011,0.11481192315747,0.211904140986023,0.0368528798219235,0.220839928942288
"gene-LOC134727052|LOC134727052",29.1528443703674,-0.0546687389949617,0.12318626648763,0.497699959936629,0.80632202571024
"gene-LOC134727056|LOC134727056",76.2527050737856,0.0291468964953568,0.159238331550722,0.247240731812053,0.603650234435713
"gene-LOC134727118|LOC134727118",40.6092101093789,-0.0364775326943133,0.162175713310572,0.0915432356795482,0.369519859837125
"gene-LOC134727134|LOC134727134",34.6096014936739,0.0231654358181656,0.128222762270776,0.761916219983386,0.929269574810241
"gene-LOC134727140|LOC134727140",6.09233275849773,-0.0105445891801701,0.15489782500467,0.716536806676317,NA
"gene-LOC134727141|LOC134727141",11.017519270904,0.104601259686816,0.181498891518234,0.146349349507656,NA
"gene-LOC134727182|LOC134727182",12.4117423780492,0.0265065529679529,0.157975149509894,0.344246584752952,0.698842664313587
"gene-LOC134727189|LOC134727189",44.4091556830592,0.075050470161645,0.135978252527562,0.35569918390736,0.708266823834134
"gene-LOC134727205|LOC134727205",23.2390343696474,0.123959346295625,0.179797524879838,0.142078462448172,0.465521783067376
"gene-LOC134727219|LOC134727219",14.2099723170077,-0.0497667451904126,0.139110841358719,0.500791359469252,0.80632202571024
"gene-LOC134727231|LOC134727231",12.8553206974297,0.0696398690015479,0.158322210912922,0.297156788796501,0.659083824733185
"gene-LOC134727246|LOC134727246",237.375184644891,0.0721880925132751,0.143690699303847,0.358935792062874,0.71006863212438
"gene-LOC134727248|LOC134727248",13.1829041154916,-0.036572693549521,0.15213356349902,0.494762773546458,0.805221989650214
"gene-LOC134727280|LOC134727280",166.384646275713,-0.0500832250971567,0.141138526450965,0.490484195393376,0.802358583630151
"gene-LOC134727295|LOC134727295",3454.43335039554,-0.0608992841531042,0.157826600243161,0.323398732834193,0.680124401425659
"gene-LOC134727306|LOC134727306",311.097502579108,-0.367318962119757,0.133214732144944,0.000678103256637412,0.028066569221501
"gene-LOC134727307|LOC134727307",283.168658279221,-0.3386515181467,0.131311261984992,0.00131993606233238,0.0390831868650093
"gene-LOC134727308|LOC134727308",201.594954223497,-0.399834074038276,0.194120776404443,0.00320784036171077,0.0644506893595178
"gene-LOC134727324|LOC134727324",29.3155466062104,0.0736841551350374,0.150124458065715,0.329029665771803,0.684493458839446
"gene-LOC134727360|LOC134727360",12.4986281035994,0.0264108401248194,0.144901022050924,0.671578803265868,0.902451523506895
"gene-LOC134727401|LOC134727401",9.21138283039414,0.0328509799155512,0.138178774353244,0.642809877816771,NA
"gene-LOC134727408|LOC134727408",188.062450060483,0.00357833686601137,0.155283923472347,0.841569825109776,0.954388425485005
"gene-LOC134727424|LOC134727424",11.3670630618365,0.0334408904173241,0.154162465812365,0.477469040555453,0.796791709893797
"gene-LOC134727425|LOC134727425",9.95109606798354,0.0473608346863168,0.143418656554536,0.498113933981024,NA
"gene-LOC134727448|LOC134727448",258.196532598278,-0.0214668075268834,0.15562035365853,0.518094230666395,0.817170843526227
"gene-LOC134727461|LOC134727461",22.424604156386,0.00601556258384441,0.152178350975562,0.887426774289066,0.974639405555405
"gene-LOC134727479|LOC134727479",24.3558740663376,-0.00667204737790157,0.12914014383578,0.924817347569373,0.983116205832622
"gene-LOC134727484|LOC134727484",12.2965874198345,-0.013159796595632,0.13526930067527,0.848802911069404,0.957503125573181
"gene-LOC134727494|LOC134727494",70.6563461216706,0.206200264236538,0.181383830547539,0.0524286931289726,0.270895597978174
"gene-LOC134727534|LOC134727534",400.192722577253,0.0199312700450933,0.156619172371893,0.470957442382187,0.795022709617561
"gene-LOC134727594|LOC134727594",33.7001318680315,0.0264182345607857,0.106977822319054,0.737872668180374,0.922644850023034
"gene-LOC134727603|LOC134727603",15.7611234557442,0.360697685693276,0.293109771466186,0.0140701040242424,0.124113393529942
"gene-LOC134727611|LOC134727611",19.2414983627411,0.370621601248491,0.286760465198416,0.0130173862446763,0.116954513933129
"gene-LOC134727618|LOC134727618",89.1103286447702,0.427152706085643,0.320126712015132,0.00927962418842742,0.0956492007771564
"gene-LOC134727640|LOC134727640",36.5052260310111,0.274537595875043,0.171160759625346,0.0167034597087282,0.138543018677862
"gene-LOC134727662|LOC134727662",78.7936772011748,0.0983229978728937,0.10187567418134,0.218502072048347,0.571839851663094
"gene-LOC134727680|LOC134727680",11.6620915324844,-0.0858458869975269,0.159582710253791,0.250986075603108,0.607304390918123
"gene-LOC134727718|LOC134727718",41.9008769771152,0.513451677839006,0.266525656462668,0.00301891216200862,0.0630507228589998
"gene-LOC134727813|LOC134727813",20.7999856666372,-0.00195493320973677,0.155024864030837,0.935946026304096,0.987871402907623
"gene-LOC134727817|LOC134727817",9.07189509177736,0.0446691572049969,0.15946776289406,0.312392424902552,NA
"gene-LOC134727819|LOC134727819",65.6432908653094,-0.0283215372073006,0.159692646484227,0.170421491558103,0.508796613162854
"gene-LOC134727820|LOC134727820",9.38198166374996,0.0571120327710222,0.171269740724833,0.0230610576848445,NA
"gene-LOC134727826|LOC134727826",66.6838029885852,0.149801142867574,0.231290185096224,0.0619011238065811,0.295120916369641
"gene-LOC134727885|LOC134727885",4013.6918779106,-0.0528694406781553,0.150775810111947,0.409543333631779,0.749549529041683
"gene-LOC134727893|LOC134727893",15.2844127898457,0.0261642160923969,0.140597513758966,0.694120066464825,0.908287761581951
"gene-LOC134727934|LOC134727934",29.5170625969494,-0.0590777307409872,0.135625877598874,0.449354634672125,0.781041759539082
"gene-LOC134727976|LOC134727976",14.8147571907987,-0.00205027775652956,0.149628040879163,0.96298518360138,0.994069245097814
"gene-LOC134727986|LOC134727986",116.24356448436,0.0910144415005121,0.0924809897660809,0.228848859658499,0.580783759372367
"gene-LOC134728051|LOC134728051",15.9341816910019,0.175847833853687,0.23253362541206,0.0640400585350071,0.300500593788775
"gene-LOC134728058|LOC134728058",8.78169366119299,-0.0202773290982024,0.155726639758274,0.520637615047482,NA
"gene-LOC134728078|LOC134728078",7.70473376581795,0.0247124804460216,0.157297660156575,0.400832702938033,NA
"gene-LOC134728080|LOC134728080",9.39070481233678,0.0160357495554583,0.154730804076927,0.623682602301551,NA
"gene-LOC134728086|LOC134728086",80.2511912038124,0.0122186080079502,0.0843535221338213,0.864745835486639,0.963852569152898
"gene-LOC134728087|LOC134728087",21.8761804644074,0.00358837313775158,0.119070720642154,0.964768658891726,0.994590768269994
"gene-LOC134728091|LOC134728091",10.4129340183058,0.0852097217298734,0.172509996401944,0.181717902825667,NA
"gene-LOC134728103|LOC134728103",9.42996651952926,-0.00851938392538613,0.149547257170654,0.84763183283831,NA
"gene-LOC134728104|LOC134728104",9.61535042383216,0.0811436502577205,0.172052893790399,0.179085485186074,NA
"gene-LOC134728106|LOC134728106",10.6431022507923,0.0675944516982911,0.160482643234007,0.286021867435877,NA
"gene-LOC134728128|LOC134728128",35.5976068789202,0.178574181690003,0.20747772331031,0.0740501883119921,0.328024825832677
"gene-LOC134728129|LOC134728129",73.8994890028662,0.0329342871920386,0.144250383131412,0.610804048260155,0.868487006119908
"gene-LOC134728130|LOC134728130",196.803107279415,0.0334924301711561,0.134810731853462,0.628665093432357,0.878733733018258
"gene-LOC134728134|LOC134728134",142.689261696316,0.177826732013156,0.140431589578851,0.0644458430170771,0.300902861459047
"gene-LOC134728137|LOC134728137",113.914889236734,-0.171816643522525,0.179023791525877,0.0838346685155431,0.350641390967833
"gene-LOC134728138|LOC134728138",83.1403615345815,0.0187507337152328,0.105956958400129,0.81033477113014,0.944730052361585
"gene-LOC134728139|LOC134728139",12.1567433038731,0.0727639077348925,0.16149526887299,0.267398060316473,0.624088227246792
"gene-LOC134728140|LOC134728140",13.5104256752302,0.0398309417642781,0.157636377326866,0.363420528209928,0.712857211332275
"gene-LOC134728141|LOC134728141",7.75508285610772,-0.0114575854966246,0.144260806059175,0.843785719881799,NA
"gene-LOC134728147|LOC134728147",33.3621343708839,0.120581878460905,0.179975916033672,0.145202735754931,0.469990562377494
"gene-LOC134728151|LOC134728151",16.9377782001103,-0.0149133173219819,0.145064219116624,0.79353671500357,0.93946448995995
"gene-LOC134728153|LOC134728153",32.2830176368735,0.124963310766032,0.149656901238137,0.165620479314498,0.50142702149874
"gene-LOC134728156|LOC134728156",40.1082348306633,0.418718011819432,0.146226037661401,0.000420752076811433,0.022713480756685
"gene-LOC134728164|LOC134728164",27.3947942436661,-0.0671379460363708,0.170061770969343,0.153773771982724,0.484056686172792
"gene-LOC134728169|LOC134728169",37.0895242394597,0.126215004851458,0.201088092114062,0.0972038717941781,0.38271160091435
"gene-LOC134728170|LOC134728170",34.6371824776284,0.108341159070559,0.197355330280042,0.0791547681423853,0.340226634997972
"gene-LOC134728171|LOC134728171",51.5638033133682,-0.0356589548023253,0.149581170044872,0.535003891917295,0.827781100683305
"gene-LOC134728177|LOC134728177",8.98649785797633,0.0271946456123652,0.146776546220277,0.643105944573202,NA
"gene-LOC134728179|LOC134728179",56.691161796313,0.0608711506395739,0.123298090133398,0.455985929284725,0.784737034279983
"gene-LOC134728187|LOC134728187",9.37045008392748,0.0182377950073426,0.14870137442022,0.726149992642235,NA
"gene-LOC134728189|LOC134728189",19.0619656089992,0.0237404883795755,0.131432327128955,0.746377965223678,0.923580623736145
"gene-LOC134728194|LOC134728194",8.14093537297043,0.185360415622145,0.273151492277929,0.0428793825985818,NA
"gene-LOC134728198|LOC134728198",221.872403682137,-0.0368945786309912,0.152916817661002,0.483730877943642,0.797844258383848
"gene-LOC134728203|LOC134728203",84.5627516207736,0.052047620705904,0.134252707298586,0.500471383668534,0.80632202571024
"gene-LOC134728209|LOC134728209",36.8717600405531,0.0336316714979097,0.128372009452476,0.659794013055592,0.894421762750398
"gene-LOC134728211|LOC134728211",25.6924376230794,0.467289133862949,0.198126655011572,0.00139586288189767,0.0402336948311682
"gene-LOC134728213|LOC134728213",24.8876754960827,0.143582135912201,0.216178731153567,0.0788422870286239,0.339348715583551
"gene-LOC134728214|LOC134728214",231.721114233897,-0.0213031650320209,0.0848510609128614,0.76637232622875,0.931106564576986
"gene-LOC134728216|LOC134728216",25.2544095039953,0.0095682305590829,0.147790520559862,0.855304881734155,0.959544222727469
"gene-LOC134728218|LOC134728218",14.0236013910717,0.0430808470704839,0.128131217583179,0.583658455475384,0.855674191341356
"gene-LOC134728220|LOC134728220",17.0470025384072,0.059423031486514,0.150419550786959,0.389632065098982,0.735394445831263
"gene-LOC134728229|LOC134728229",20.2360133194614,0.0576606520597653,0.166927995613102,0.162356568556408,0.497216991203999
"gene-LOC134728235|LOC134728235",10.3428393408206,-0.0773891636699566,0.171585820279965,0.175534072916448,NA
"gene-LOC134728237|LOC134728237",11.7562041961842,0.0277466412381946,0.153999476060926,0.52521264486809,0.823680707292071
"gene-LOC134728247|LOC134728247",52.1606008422449,0.124358335996043,0.142982058802764,0.168083325404467,0.504992479825894
"gene-LOC134728254|LOC134728254",31.7632259948071,0.0584821240920239,0.128322017776755,0.471458549595004,0.795126015599728
"gene-LOC134728256|LOC134728256",589.834929370235,-0.0436238269661307,0.129829013206663,0.57159950921413,0.848751066729252
"gene-LOC134728257|LOC134728257",51.771411235655,-0.040191880169598,0.126977094365579,0.605623532418852,0.865997779642735
"gene-LOC134728262|LOC134728262",11.0303825679362,-0.0255022545045946,0.14831128571351,0.642210813498785,NA
"gene-LOC134728265|LOC134728265",48.4180504665947,-0.115935394960235,0.155310975531901,0.184033546234346,0.525456606684349
"gene-LOC134728267|LOC134728267",12.0142620011594,-0.0374588635804862,0.153455139822317,0.463292917329484,0.788644909070043
"gene-LOC134728274|LOC134728274",13.1606634188525,0.000692771503683315,0.144802548903705,0.993121339092023,0.99821209892745
"gene-LOC134728276|LOC134728276",27.6731263282466,-0.0314505451594635,0.1501480551392,0.561938231466415,0.844253162553628
"gene-LOC134728279|LOC134728279",47.7457420249132,-0.00640648484166006,0.156542974765379,0.672112594587067,0.902451523506895
"gene-LOC134728281|LOC134728281",251.125036251434,-0.017037035014059,0.106265353510208,0.829854917105435,0.950922076265807
"gene-LOC134728292|LOC134728292",183.780206804989,0.882823379473272,0.256104768044149,2.77492230559363e-05,0.00431128172844669
"gene-LOC134728293|LOC134728293",11.3152902911833,0.0286446362693892,0.139540310287338,0.674405919218734,0.902757154397979
"gene-LOC134728296|LOC134728296",9.38978461158622,0.105888048985248,0.200842602758955,0.0525080741596794,NA
"gene-LOC134728298|LOC134728298",86.7759827852443,0.0704374130326828,0.110433542448401,0.384490514260184,0.732179278363182
"gene-LOC134728316|LOC134728316",31.1994577156234,-0.0203369772190228,0.132266753718645,0.778670561942992,0.934111389750821
"gene-LOC134728322|LOC134728322",12.0109590669933,0.165186237592869,0.224183111808711,0.0701951872302112,0.316186760389478
"gene-LOC134728327|LOC134728327",11.1205829580092,0.0328708192273926,0.153237112344302,0.497797284613121,NA
"gene-LOC134728338|LOC134728338",14.5991897951546,0.0342327428370846,0.158443845124258,0.332989528642823,0.688225004365256
"gene-LOC134728339|LOC134728339",30.0346727841824,0.147050721118991,0.192647216011475,0.104927781549043,0.401676663742432
"gene-LOC134728340|LOC134728340",12.5465861748093,0.0325299989031409,0.150711554029561,0.548377392713252,0.836442377350525
"gene-LOC134728344|LOC134728344",59.3929767489638,0.0690796135648313,0.142190958156961,0.375088731401733,0.722408606877637
"gene-LOC134728347|LOC134728347",39.7830977858947,0.0225103451090606,0.138235445693841,0.745086458302952,0.923385357857939
"gene-LOC134728351|LOC134728351",10.3788199884066,0.0048434743298458,0.144571912116509,0.933276519090095,NA
"gene-LOC134728352|LOC134728352",96.678419786899,-0.129719507562405,0.0864416617550538,0.0764467920546484,0.333995929621475
